#VRML V2.0 utf8
WorldInfo {
  title "/home/atait/.config/kicad/scripting/plugins/kicad-sandwiches/examples/three-board-example/kisandwich-out/three-board-example-sandwich_LOW.wrl - Generated by Pcbnew"
}
Transform {
  scale 2.54 2.54 2.54
  children [
Transform {
  translation 61.5256 -29.4823 0.314961
  scale 1 1 1
  children [
    Inline {
      url "shapes3D/SOIC-8_3.9x4.9mm_P1.27mm.wrl"
    } ]
  }
Transform {
  children [
    Group {
      children [
        Shape {
          appearance Appearance {
            material Material {
              diffuseColor 0.07 0.3 0.12
              specularColor 0.01 0.03 0.01
              emissiveColor 0 0 0
              ambientIntensity 0.8
              transparency 0
              shininess 0.02
            }
          }
          geometry IndexedFaceSet {
            solid TRUE
            coord Coordinate {
              point [
88.66266 -23.691803 0.310039, 88.780016 -23.769237 0.310039,
88.887339 -23.860068 0.310039, 88.983107 -23.963009 0.310039,
89.065963 -24.076601 0.310039, 89.134733 -24.199235 0.310039,
89.188443 -24.329172 0.310039, 89.226331 -24.464571 0.310039,
89.24786 -24.603513 0.310039, 89.252726 -24.744029 0.310039,
89.240858 -24.884128 0.310039, 89.212426 -25.021823 0.310039,
89.167832 -25.155164 0.310039, 89.107708 -25.28226 0.310039,
89.032907 -25.401311 0.310039, 88.944398 -25.510953 0.310039,
88.706876 -25.758265 0.310039, 88.456998 -25.993089 0.310039,
88.195423 -26.214806 0.310039, 87.922835 -26.422835 0.310039,
87.814966 -26.511067 0.310039, 87.718241 -26.611391 0.310039,
87.634007 -26.722411 0.310039, 87.563437 -26.842579 0.310039,
87.507512 -26.970223 0.310039, 87.467012 -27.103566 0.310039,
87.4425 -27.240752 0.310039, 87.434252 -27.379528 0.310039,
87.434252 -28.647638 0.310039, 87.426237 -28.759697 0.310039,
87.402357 -28.869474 0.310039, 87.363096 -28.974736 0.310039,
87.309255 -29.073339 0.310039, 87.241929 -29.163276 0.310039,
87.162489 -29.242716 0.310039, 87.072552 -29.310042 0.310039,
86.973949 -29.363883 0.310039, 86.868687 -29.403144 0.310039,
86.758909 -29.427025 0.310039, 86.64685 -29.435039 0.310039,
81.35315 -29.435039 0.310039, 81.241091 -29.427025 0.310039,
81.131313 -29.403144 0.310039, 81.026051 -29.363883 0.310039,
80.927448 -29.310042 0.310039, 80.837511 -29.242716 0.310039,
80.758071 -29.163276 0.310039, 80.690745 -29.073339 0.310039,
80.636904 -28.974736 0.310039, 80.597643 -28.869474 0.310039,
80.573763 -28.759697 0.310039, 80.565748 -28.647638 0.310039,
80.565748 -27.379528 0.310039, 80.557526 -27.240404 0.310039,
80.532973 -27.103219 0.310039, 80.492432 -26.96988 0.310039,
80.436468 -26.842244 0.310039, 80.365858 -26.722089 0.310039,
80.281587 -26.611088 0.310039, 80.184828 -26.510786 0.310039,
80.077011 -26.422537 0.310039, 79.804439 -26.2145 0.310039,
79.542879 -25.992776 0.310039, 79.293018 -25.757948 0.310039,
79.05543 -25.510585 0.310039, 78.967017 -25.401257 0.310039,
78.892222 -25.282197 0.310039, 78.832107 -25.155093 0.310039,
78.787522 -25.021745 0.310039, 78.759099 -24.884044 0.310039,
78.747242 -24.743941 0.310039, 78.752118 -24.603422 0.310039,
78.773658 -24.464478 0.310039, 78.811557 -24.329078 0.310039,
78.865278 -24.199142 0.310039, 78.934059 -24.07651 0.310039,
79.016926 -23.962921 0.310039, 79.112704 -23.859984 0.310039,
79.220037 -23.769159 0.310039, 79.337402 -23.691732 0.310039,
80.950394 -22.76063 0.310039, 81.016702 -22.712501 0.310039,
81.071612 -22.651689 0.310039, 81.112746 -22.580828 0.310039,
81.138321 -22.502988 0.310039, 81.147231 -22.42154 0.310039,
81.139089 -22.340011 0.310039, 81.114324 -22.262156 0.310039,
81.032243 -22.05479 0.310039, 80.965042 -21.842135 0.310039,
80.913057 -21.625257 0.310039, 80.87655 -21.405245 0.310039,
80.855704 -21.183202 0.310039, 80.850622 -20.960239 0.310039,
80.861331 -20.737476 0.310039, 80.887776 -20.516029 0.310039,
80.929826 -20.297008 0.310039, 80.98727 -20.081513 0.310039,
81.059818 -19.870622 0.310039, 81.147108 -19.665394 0.310039,
81.248702 -19.466857 0.310039, 81.364091 -19.276008 0.310039,
81.492696 -19.093802 0.310039, 81.633872 -18.921154 0.310039,
81.786911 -18.758928 0.310039, 81.951047 -18.607939 0.310039,
82.125455 -18.468944 0.310039, 82.309263 -18.342639 0.310039,
82.501547 -18.229657 0.310039, 82.701344 -18.130565 0.310039,
82.907653 -18.045861 0.310039, 83.119438 -17.975967 0.310039,
83.335639 -17.921236 0.310039, 83.55517 -17.881941 0.310039,
83.776931 -17.85828 0.310039, 83.999812 -17.850371 0.310039,
84.222693 -17.858254 0.310039, 84.444457 -17.881888 0.310039,
84.663993 -17.921157 0.310039, 84.8802 -17.975862 0.310039,
85.091994 -18.04573 0.310039, 85.298313 -18.13041 0.310039,
85.498122 -18.229478 0.310039, 85.69042 -18.342437 0.310039,
85.874242 -18.46872 0.310039, 86.048667 -18.607694 0.310039,
86.212821 -18.758664 0.310039, 86.36588 -18.920871 0.310039,
86.507076 -19.093502 0.310039, 86.635703 -19.275693 0.310039,
86.751114 -19.466529 0.310039, 86.852732 -19.665053 0.310039,
86.940047 -19.87027 0.310039, 87.01262 -20.081152 0.310039,
87.070089 -20.296641 0.310039, 87.112166 -20.515657 0.310039,
87.138638 -20.7371 0.310039, 87.149373 -20.959862 0.310039,
87.144319 -21.182826 0.310039, 87.123498 -21.404872 0.310039,
87.087018 -21.624889 0.310039, 87.035059 -21.841772 0.310039,
86.967883 -22.054435 0.310039, 86.885827 -22.261811 0.310039,
86.860959 -22.339876 0.310039, 86.852788 -22.421398 0.310039,
86.861668 -22.502845 0.310039, 86.887214 -22.58069 0.310039,
86.92832 -22.651562 0.310039, 86.983205 -22.712391 0.310039,
87.049606 -22.76063 0.310039, 57.086614 -13.779528 0.310039,
57.086614 -35.728346 0.310039, 92.5 -35.728346 0.310039,
92.5 -13.779528 0.310039, 62.716535 -32.185039 0.310039,
62.755906 -32.116848 0.310039, 62.834646 -32.116848 0.310039,
62.874016 -32.185039 0.310039, 62.834646 -32.25323 0.310039,
62.755906 -32.25323 0.310039, 70.866142 -31.496063 0.310039,
70.866142 -27.559055 0.310039, 75.787402 -27.559055 0.310039,
75.787402 -31.496063 0.310039, 67.959008 -28.093168 0.310039,
67.867763 -28.093168 0.310039, 67.793944 -28.039535 0.310039,
67.765748 -27.952756 0.310039, 67.793944 -27.865977 0.310039,
67.867763 -27.812344 0.310039, 67.959008 -27.812344 0.310039,
68.032827 -27.865977 0.310039, 68.061024 -27.952756 0.310039,
68.032827 -28.039535 0.310039, 67.962598 -34.645669 0.310039,
67.990795 -34.55889 0.310039, 68.064614 -34.505257 0.310039,
68.155859 -34.505257 0.310039, 68.229678 -34.55889 0.310039,
68.257874 -34.645669 0.310039, 68.229678 -34.732449 0.310039,
68.155859 -34.786081 0.310039, 68.064614 -34.786081 0.310039,
67.990795 -34.732449 0.310039, 65.009843 -32.185039 0.310039,
65.038039 -32.09826 0.310039, 65.111858 -32.044627 0.310039,
65.203103 -32.044627 0.310039, 65.276922 -32.09826 0.310039,
65.305118 -32.185039 0.310039, 65.276922 -32.271819 0.310039,
65.203103 -32.325451 0.310039, 65.111858 -32.325451 0.310039,
65.038039 -32.271819 0.310039, 64.88189 -34.645669 0.310039,
64.92126 -34.577478 0.310039, 65. -34.577478 0.310039,
65.03937 -34.645669 0.310039, 65. -34.71386 0.310039,
64.92126 -34.71386 0.310039, 63.602362 -32.185039 0.310039,
63.641732 -32.116848 0.310039, 63.720472 -32.116848 0.310039,
63.759843 -32.185039 0.310039, 63.720472 -32.25323 0.310039,
63.641732 -32.25323 0.310039, 63.63189 -34.645669 0.310039,
63.660086 -34.55889 0.310039, 63.733905 -34.505257 0.310039,
63.82515 -34.505257 0.310039, 63.898969 -34.55889 0.310039,
63.927165 -34.645669 0.310039, 63.898969 -34.732449 0.310039,
63.82515 -34.786081 0.310039, 63.733905 -34.786081 0.310039,
63.660086 -34.732449 0.310039, 65.994094 -34.645669 0.310039,
66.022291 -34.55889 0.310039, 66.09611 -34.505257 0.310039,
66.187355 -34.505257 0.310039, 66.261174 -34.55889 0.310039,
66.28937 -34.645669 0.310039, 66.261174 -34.732449 0.310039,
66.187355 -34.786081 0.310039, 66.09611 -34.786081 0.310039,
66.022291 -34.732449 0.310039, 88.66266 -23.691803 -0.310039,
88.780016 -23.769237 -0.310039, 88.887339 -23.860068 -0.310039,
88.983107 -23.963009 -0.310039, 89.065963 -24.076601 -0.310039,
89.134733 -24.199235 -0.310039, 89.188443 -24.329172 -0.310039,
89.226331 -24.464571 -0.310039, 89.24786 -24.603513 -0.310039,
89.252726 -24.744029 -0.310039, 89.240858 -24.884128 -0.310039,
89.212426 -25.021823 -0.310039, 89.167832 -25.155164 -0.310039,
89.107708 -25.28226 -0.310039, 89.032907 -25.401311 -0.310039,
88.944398 -25.510953 -0.310039, 88.706876 -25.758265 -0.310039,
88.456998 -25.993089 -0.310039, 88.195423 -26.214806 -0.310039,
87.922835 -26.422835 -0.310039, 87.814966 -26.511067 -0.310039,
87.718241 -26.611391 -0.310039, 87.634007 -26.722411 -0.310039,
87.563437 -26.842579 -0.310039, 87.507512 -26.970223 -0.310039,
87.467012 -27.103566 -0.310039, 87.4425 -27.240752 -0.310039,
87.434252 -27.379528 -0.310039, 87.434252 -28.647638 -0.310039,
87.426237 -28.759697 -0.310039, 87.402357 -28.869474 -0.310039,
87.363096 -28.974736 -0.310039, 87.309255 -29.073339 -0.310039,
87.241929 -29.163276 -0.310039, 87.162489 -29.242716 -0.310039,
87.072552 -29.310042 -0.310039, 86.973949 -29.363883 -0.310039,
86.868687 -29.403144 -0.310039, 86.758909 -29.427025 -0.310039,
86.64685 -29.435039 -0.310039, 81.35315 -29.435039 -0.310039,
81.241091 -29.427025 -0.310039, 81.131313 -29.403144 -0.310039,
81.026051 -29.363883 -0.310039, 80.927448 -29.310042 -0.310039,
80.837511 -29.242716 -0.310039, 80.758071 -29.163276 -0.310039,
80.690745 -29.073339 -0.310039, 80.636904 -28.974736 -0.310039,
80.597643 -28.869474 -0.310039, 80.573763 -28.759697 -0.310039,
80.565748 -28.647638 -0.310039, 80.565748 -27.379528 -0.310039,
80.557526 -27.240404 -0.310039, 80.532973 -27.103219 -0.310039,
80.492432 -26.96988 -0.310039, 80.436468 -26.842244 -0.310039,
80.365858 -26.722089 -0.310039, 80.281587 -26.611088 -0.310039,
80.184828 -26.510786 -0.310039, 80.077011 -26.422537 -0.310039,
79.804439 -26.2145 -0.310039, 79.542879 -25.992776 -0.310039,
79.293018 -25.757948 -0.310039, 79.05543 -25.510585 -0.310039,
78.967017 -25.401257 -0.310039, 78.892222 -25.282197 -0.310039,
78.832107 -25.155093 -0.310039, 78.787522 -25.021745 -0.310039,
78.759099 -24.884044 -0.310039, 78.747242 -24.743941 -0.310039,
78.752118 -24.603422 -0.310039, 78.773658 -24.464478 -0.310039,
78.811557 -24.329078 -0.310039, 78.865278 -24.199142 -0.310039,
78.934059 -24.07651 -0.310039, 79.016926 -23.962921 -0.310039,
79.112704 -23.859984 -0.310039, 79.220037 -23.769159 -0.310039,
79.337402 -23.691732 -0.310039, 80.950394 -22.76063 -0.310039,
81.016702 -22.712501 -0.310039, 81.071612 -22.651689 -0.310039,
81.112746 -22.580828 -0.310039, 81.138321 -22.502988 -0.310039,
81.147231 -22.42154 -0.310039, 81.139089 -22.340011 -0.310039,
81.114324 -22.262156 -0.310039, 81.032243 -22.05479 -0.310039,
80.965042 -21.842135 -0.310039, 80.913057 -21.625257 -0.310039,
80.87655 -21.405245 -0.310039, 80.855704 -21.183202 -0.310039,
80.850622 -20.960239 -0.310039, 80.861331 -20.737476 -0.310039,
80.887776 -20.516029 -0.310039, 80.929826 -20.297008 -0.310039,
80.98727 -20.081513 -0.310039, 81.059818 -19.870622 -0.310039,
81.147108 -19.665394 -0.310039, 81.248702 -19.466857 -0.310039,
81.364091 -19.276008 -0.310039, 81.492696 -19.093802 -0.310039,
81.633872 -18.921154 -0.310039, 81.786911 -18.758928 -0.310039,
81.951047 -18.607939 -0.310039, 82.125455 -18.468944 -0.310039,
82.309263 -18.342639 -0.310039, 82.501547 -18.229657 -0.310039,
82.701344 -18.130565 -0.310039, 82.907653 -18.045861 -0.310039,
83.119438 -17.975967 -0.310039, 83.335639 -17.921236 -0.310039,
83.55517 -17.881941 -0.310039, 83.776931 -17.85828 -0.310039,
83.999812 -17.850371 -0.310039, 84.222693 -17.858254 -0.310039,
84.444457 -17.881888 -0.310039, 84.663993 -17.921157 -0.310039,
84.8802 -17.975862 -0.310039, 85.091994 -18.04573 -0.310039,
85.298313 -18.13041 -0.310039, 85.498122 -18.229478 -0.310039,
85.69042 -18.342437 -0.310039, 85.874242 -18.46872 -0.310039,
86.048667 -18.607694 -0.310039, 86.212821 -18.758664 -0.310039,
86.36588 -18.920871 -0.310039, 86.507076 -19.093502 -0.310039,
86.635703 -19.275693 -0.310039, 86.751114 -19.466529 -0.310039,
86.852732 -19.665053 -0.310039, 86.940047 -19.87027 -0.310039,
87.01262 -20.081152 -0.310039, 87.070089 -20.296641 -0.310039,
87.112166 -20.515657 -0.310039, 87.138638 -20.7371 -0.310039,
87.149373 -20.959862 -0.310039, 87.144319 -21.182826 -0.310039,
87.123498 -21.404872 -0.310039, 87.087018 -21.624889 -0.310039,
87.035059 -21.841772 -0.310039, 86.967883 -22.054435 -0.310039,
86.885827 -22.261811 -0.310039, 86.860959 -22.339876 -0.310039,
86.852788 -22.421398 -0.310039, 86.861668 -22.502845 -0.310039,
86.887214 -22.58069 -0.310039, 86.92832 -22.651562 -0.310039,
86.983205 -22.712391 -0.310039, 87.049606 -22.76063 -0.310039,
57.086614 -13.779528 -0.310039, 57.086614 -35.728346 -0.310039,
92.5 -35.728346 -0.310039, 92.5 -13.779528 -0.310039,
62.716535 -32.185039 -0.310039, 62.755906 -32.116848 -0.310039,
62.834646 -32.116848 -0.310039, 62.874016 -32.185039 -0.310039,
62.834646 -32.25323 -0.310039, 62.755906 -32.25323 -0.310039,
70.866142 -31.496063 -0.310039, 70.866142 -27.559055 -0.310039,
75.787402 -27.559055 -0.310039, 75.787402 -31.496063 -0.310039,
67.959008 -28.093168 -0.310039, 67.867763 -28.093168 -0.310039,
67.793944 -28.039535 -0.310039, 67.765748 -27.952756 -0.310039,
67.793944 -27.865977 -0.310039, 67.867763 -27.812344 -0.310039,
67.959008 -27.812344 -0.310039, 68.032827 -27.865977 -0.310039,
68.061024 -27.952756 -0.310039, 68.032827 -28.039535 -0.310039,
67.962598 -34.645669 -0.310039, 67.990795 -34.55889 -0.310039,
68.064614 -34.505257 -0.310039, 68.155859 -34.505257 -0.310039,
68.229678 -34.55889 -0.310039, 68.257874 -34.645669 -0.310039,
68.229678 -34.732449 -0.310039, 68.155859 -34.786081 -0.310039,
68.064614 -34.786081 -0.310039, 67.990795 -34.732449 -0.310039,
65.009843 -32.185039 -0.310039, 65.038039 -32.09826 -0.310039,
65.111858 -32.044627 -0.310039, 65.203103 -32.044627 -0.310039,
65.276922 -32.09826 -0.310039, 65.305118 -32.185039 -0.310039,
65.276922 -32.271819 -0.310039, 65.203103 -32.325451 -0.310039,
65.111858 -32.325451 -0.310039, 65.038039 -32.271819 -0.310039,
64.88189 -34.645669 -0.310039, 64.92126 -34.577478 -0.310039,
65. -34.577478 -0.310039, 65.03937 -34.645669 -0.310039,
65. -34.71386 -0.310039, 64.92126 -34.71386 -0.310039,
63.602362 -32.185039 -0.310039, 63.641732 -32.116848 -0.310039,
63.720472 -32.116848 -0.310039, 63.759843 -32.185039 -0.310039,
63.720472 -32.25323 -0.310039, 63.641732 -32.25323 -0.310039,
63.63189 -34.645669 -0.310039, 63.660086 -34.55889 -0.310039,
63.733905 -34.505257 -0.310039, 63.82515 -34.505257 -0.310039,
63.898969 -34.55889 -0.310039, 63.927165 -34.645669 -0.310039,
63.898969 -34.732449 -0.310039, 63.82515 -34.786081 -0.310039,
63.733905 -34.786081 -0.310039, 63.660086 -34.732449 -0.310039,
65.994094 -34.645669 -0.310039, 66.022291 -34.55889 -0.310039,
66.09611 -34.505257 -0.310039, 66.187355 -34.505257 -0.310039,
66.261174 -34.55889 -0.310039, 66.28937 -34.645669 -0.310039,
66.261174 -34.732449 -0.310039, 66.187355 -34.786081 -0.310039,
66.09611 -34.786081 -0.310039, 66.022291 -34.732449 -0.310039
              ]
            }
            coordIndex [
51, 52, 53, -1, 51, 53, 54, -1, 51, 54, 55, -1, 51, 55, 56, -1,
51, 56, 50, -1, 153, 154, 9, -1, 153, 9, 10, -1, 153, 10, 11, -1,
153, 11, 12, -1, 153, 12, 13, -1, 153, 13, 14, -1, 153, 14, 15, -1,
153, 15, 16, -1, 153, 16, 17, -1, 153, 17, 18, -1, 153, 18, 19, -1,
153, 19, 20, -1, 153, 20, 21, -1, 153, 21, 22, -1, 153, 22, 23, -1,
153, 23, 24, -1, 153, 24, 25, -1, 153, 25, 26, -1, 153, 26, 27, -1,
153, 27, 28, -1, 153, 28, 29, -1, 153, 29, 30, -1, 153, 30, 31, -1,
153, 31, 32, -1, 153, 32, 33, -1, 153, 33, 34, -1, 153, 34, 35, -1,
153, 35, 36, -1, 153, 36, 37, -1, 153, 37, 38, -1, 153, 38, 39, -1,
153, 39, 40, -1, 153, 40, 41, -1, 153, 41, 42, -1, 153, 42, 43, -1,
153, 43, 44, -1, 153, 44, 163, -1, 153, 163, 164, -1, 153, 164, 161, -1,
153, 161, 180, -1, 153, 180, 181, -1, 153, 181, 182, -1, 153, 182, 183, -1,
153, 183, 223, -1, 153, 223, 224, -1, 153, 224, 225, -1, 153, 225, 213, -1,
153, 213, 214, -1, 153, 214, 215, -1, 153, 215, 152, -1, 154, 151, 109, -1,
154, 109, 110, -1, 154, 110, 111, -1, 154, 111, 112, -1, 154, 112, 113, -1,
154, 113, 114, -1, 154, 114, 115, -1, 154, 115, 116, -1, 154, 116, 117, -1,
154, 117, 118, -1, 154, 118, 119, -1, 154, 119, 120, -1, 154, 120, 121, -1,
154, 121, 122, -1, 154, 122, 123, -1, 154, 123, 124, -1, 154, 124, 125, -1,
154, 125, 126, -1, 154, 126, 127, -1, 154, 127, 128, -1, 154, 128, 129, -1,
154, 129, 130, -1, 154, 130, 131, -1, 154, 131, 132, -1, 154, 132, 133, -1,
154, 133, 134, -1, 154, 134, 135, -1, 154, 135, 136, -1, 154, 136, 137, -1,
154, 137, 0, -1, 154, 0, 1, -1, 154, 1, 2, -1, 154, 2, 3, -1,
154, 3, 4, -1, 154, 4, 5, -1, 154, 5, 6, -1, 154, 6, 7, -1,
154, 7, 8, -1, 154, 8, 9, -1, 79, 80, 92, -1, 79, 92, 93, -1,
79, 93, 94, -1, 79, 94, 95, -1, 79, 95, 96, -1, 79, 96, 97, -1,
79, 97, 98, -1, 79, 98, 99, -1, 79, 99, 78, -1, 99, 100, 163, -1,
99, 163, 74, -1, 99, 74, 75, -1, 99, 75, 76, -1, 99, 76, 77, -1,
99, 77, 78, -1, 163, 44, 45, -1, 163, 45, 46, -1, 163, 46, 47, -1,
163, 47, 48, -1, 163, 48, 67, -1, 163, 67, 68, -1, 163, 68, 69, -1,
163, 69, 70, -1, 163, 70, 71, -1, 163, 71, 72, -1, 163, 72, 73, -1,
163, 73, 74, -1, 101, 102, 162, -1, 101, 162, 163, -1, 101, 163, 100, -1,
162, 102, 103, -1, 162, 103, 104, -1, 162, 104, 105, -1, 162, 105, 173, -1,
162, 173, 177, -1, 162, 177, 178, -1, 162, 178, 179, -1, 162, 179, 180, -1,
162, 180, 161, -1, 171, 172, 107, -1, 107, 172, 173, -1, 107, 173, 106, -1,
106, 173, 105, -1, 171, 107, 170, -1, 170, 107, 151, -1, 170, 151, 169, -1,
169, 151, 156, -1, 169, 156, 157, -1, 168, 169, 190, -1, 168, 190, 217, -1,
168, 217, 218, -1, 168, 218, 219, -1, 168, 219, 220, -1, 168, 220, 221, -1,
168, 221, 222, -1, 168, 222, 175, -1, 168, 175, 167, -1, 169, 157, 158, -1,
169, 158, 202, -1, 169, 202, 203, -1, 169, 203, 204, -1, 169, 204, 186, -1,
169, 186, 187, -1, 169, 187, 188, -1, 169, 188, 189, -1, 169, 189, 190, -1,
185, 186, 212, -1, 185, 212, 195, -1, 185, 195, 196, -1, 185, 196, 197, -1,
185, 197, 198, -1, 185, 198, 194, -1, 202, 158, 201, -1, 201, 158, 207, -1,
201, 207, 206, -1, 206, 207, 208, -1, 206, 208, 205, -1, 205, 208, 209, -1,
205, 209, 204, -1, 204, 209, 210, -1, 204, 210, 186, -1, 186, 210, 211, -1,
186, 211, 212, -1, 155, 156, 151, -1, 155, 151, 152, -1, 155, 152, 216, -1,
155, 216, 160, -1, 108, 109, 151, -1, 108, 151, 107, -1, 50, 56, 57, -1,
50, 57, 58, -1, 50, 58, 59, -1, 50, 59, 60, -1, 50, 60, 61, -1,
50, 61, 49, -1, 61, 62, 49, -1, 49, 62, 63, -1, 49, 63, 48, -1,
48, 63, 64, -1, 48, 64, 65, -1, 66, 67, 48, -1, 66, 48, 65, -1,
175, 176, 174, -1, 175, 174, 165, -1, 175, 165, 166, -1, 175, 166, 167, -1,
222, 223, 183, -1, 222, 183, 184, -1, 222, 184, 175, -1, 194, 198, 193, -1,
193, 198, 226, -1, 193, 226, 192, -1, 192, 226, 217, -1, 192, 217, 191, -1,
191, 217, 190, -1, 225, 226, 198, -1, 225, 198, 199, -1, 225, 199, 200, -1,
225, 200, 213, -1, 212, 213, 200, -1, 212, 200, 195, -1, 159, 160, 216, -1,
159, 216, 207, -1, 159, 207, 158, -1, 0, 137, 138, -1, 0, 138, 139, -1,
0, 139, 140, -1, 0, 140, 150, -1, 147, 148, 142, -1, 142, 148, 149, -1,
142, 149, 141, -1, 141, 149, 150, -1, 141, 150, 140, -1, 143, 144, 146, -1,
143, 146, 147, -1, 143, 147, 142, -1, 82, 83, 87, -1, 87, 83, 84, -1,
87, 84, 86, -1, 86, 84, 85, -1, 90, 80, 89, -1, 89, 80, 81, -1,
89, 81, 88, -1, 88, 81, 82, -1, 88, 82, 87, -1, 91, 92, 80, -1,
91, 80, 90, -1, 174, 176, 177, -1, 174, 177, 173, -1, 146, 144, 145, -1,
216, 152, 215, -1, 279, 278, 280, -1, 280, 278, 281, -1, 281, 278, 282, -1,
282, 278, 283, -1, 283, 278, 277, -1, 381, 380, 236, -1, 236, 380, 237, -1,
237, 380, 238, -1, 238, 380, 239, -1, 239, 380, 240, -1, 240, 380, 241, -1,
241, 380, 242, -1, 242, 380, 243, -1, 243, 380, 244, -1, 244, 380, 245, -1,
245, 380, 246, -1, 246, 380, 247, -1, 247, 380, 248, -1, 248, 380, 249, -1,
249, 380, 250, -1, 250, 380, 251, -1, 251, 380, 252, -1, 252, 380, 253, -1,
253, 380, 254, -1, 254, 380, 255, -1, 255, 380, 256, -1, 256, 380, 257, -1,
257, 380, 258, -1, 258, 380, 259, -1, 259, 380, 260, -1, 260, 380, 261, -1,
261, 380, 262, -1, 262, 380, 263, -1, 263, 380, 264, -1, 264, 380, 265, -1,
265, 380, 266, -1, 266, 380, 267, -1, 267, 380, 268, -1, 268, 380, 269, -1,
269, 380, 270, -1, 270, 380, 271, -1, 271, 380, 390, -1, 390, 380, 391, -1,
391, 380, 388, -1, 388, 380, 407, -1, 407, 380, 408, -1, 408, 380, 409, -1,
409, 380, 410, -1, 410, 380, 450, -1, 450, 380, 451, -1, 451, 380, 452, -1,
452, 380, 440, -1, 440, 380, 441, -1, 441, 380, 442, -1, 442, 380, 379, -1,
378, 381, 336, -1, 336, 381, 337, -1, 337, 381, 338, -1, 338, 381, 339, -1,
339, 381, 340, -1, 340, 381, 341, -1, 341, 381, 342, -1, 342, 381, 343, -1,
343, 381, 344, -1, 344, 381, 345, -1, 345, 381, 346, -1, 346, 381, 347, -1,
347, 381, 348, -1, 348, 381, 349, -1, 349, 381, 350, -1, 350, 381, 351, -1,
351, 381, 352, -1, 352, 381, 353, -1, 353, 381, 354, -1, 354, 381, 355, -1,
355, 381, 356, -1, 356, 381, 357, -1, 357, 381, 358, -1, 358, 381, 359, -1,
359, 381, 360, -1, 360, 381, 361, -1, 361, 381, 362, -1, 362, 381, 363, -1,
363, 381, 364, -1, 364, 381, 227, -1, 227, 381, 228, -1, 228, 381, 229, -1,
229, 381, 230, -1, 230, 381, 231, -1, 231, 381, 232, -1, 232, 381, 233, -1,
233, 381, 234, -1, 234, 381, 235, -1, 235, 381, 236, -1, 307, 306, 319, -1,
319, 306, 320, -1, 320, 306, 321, -1, 321, 306, 322, -1, 322, 306, 323, -1,
323, 306, 324, -1, 324, 306, 325, -1, 325, 306, 326, -1, 326, 306, 305, -1,
327, 326, 390, -1, 390, 326, 301, -1, 301, 326, 302, -1, 302, 326, 303, -1,
303, 326, 304, -1, 304, 326, 305, -1, 271, 390, 272, -1, 272, 390, 273, -1,
273, 390, 274, -1, 274, 390, 275, -1, 275, 390, 294, -1, 294, 390, 295, -1,
295, 390, 296, -1, 296, 390, 297, -1, 297, 390, 298, -1, 298, 390, 299, -1,
299, 390, 300, -1, 300, 390, 301, -1, 329, 328, 389, -1, 389, 328, 390, -1,
390, 328, 327, -1, 329, 389, 330, -1, 330, 389, 331, -1, 331, 389, 332, -1,
332, 389, 400, -1, 400, 389, 404, -1, 404, 389, 405, -1, 405, 389, 406, -1,
406, 389, 407, -1, 407, 389, 388, -1, 399, 398, 334, -1, 399, 334, 400, -1,
400, 334, 333, -1, 400, 333, 332, -1, 334, 398, 397, -1, 334, 397, 378, -1,
378, 397, 396, -1, 378, 396, 383, -1, 383, 396, 384, -1, 396, 395, 417, -1,
417, 395, 444, -1, 444, 395, 445, -1, 445, 395, 446, -1, 446, 395, 447, -1,
447, 395, 448, -1, 448, 395, 449, -1, 449, 395, 402, -1, 402, 395, 394, -1,
384, 396, 385, -1, 385, 396, 429, -1, 429, 396, 430, -1, 430, 396, 431, -1,
431, 396, 413, -1, 413, 396, 414, -1, 414, 396, 415, -1, 415, 396, 416, -1,
416, 396, 417, -1, 413, 412, 439, -1, 439, 412, 422, -1, 422, 412, 423, -1,
423, 412, 424, -1, 424, 412, 425, -1, 425, 412, 421, -1, 385, 429, 428, -1,
385, 428, 434, -1, 434, 428, 433, -1, 434, 433, 435, -1, 435, 433, 432, -1,
435, 432, 436, -1, 436, 432, 431, -1, 436, 431, 437, -1, 437, 431, 413, -1,
437, 413, 438, -1, 438, 413, 439, -1, 383, 382, 378, -1, 378, 382, 379, -1,
379, 382, 443, -1, 443, 382, 387, -1, 336, 335, 378, -1, 378, 335, 334, -1,
283, 277, 284, -1, 284, 277, 285, -1, 285, 277, 286, -1, 286, 277, 287, -1,
287, 277, 288, -1, 288, 277, 276, -1, 289, 288, 276, -1, 289, 276, 290, -1,
290, 276, 275, -1, 290, 275, 291, -1, 291, 275, 292, -1, 294, 293, 275, -1,
275, 293, 292, -1, 403, 402, 401, -1, 401, 402, 392, -1, 392, 402, 393, -1,
393, 402, 394, -1, 450, 449, 410, -1, 410, 449, 411, -1, 411, 449, 402, -1,
425, 421, 420, -1, 425, 420, 453, -1, 453, 420, 419, -1, 453, 419, 444, -1,
444, 419, 418, -1, 444, 418, 417, -1, 453, 452, 425, -1, 425, 452, 426, -1,
426, 452, 427, -1, 427, 452, 440, -1, 440, 439, 427, -1, 427, 439, 422, -1,
387, 386, 443, -1, 443, 386, 434, -1, 434, 386, 385, -1, 364, 227, 365, -1,
365, 227, 366, -1, 366, 227, 367, -1, 367, 227, 377, -1, 375, 374, 369, -1,
375, 369, 376, -1, 376, 369, 368, -1, 376, 368, 377, -1, 377, 368, 367, -1,
371, 370, 373, -1, 373, 370, 374, -1, 374, 370, 369, -1, 310, 309, 314, -1,
310, 314, 311, -1, 311, 314, 313, -1, 311, 313, 312, -1, 307, 317, 316, -1,
307, 316, 308, -1, 308, 316, 315, -1, 308, 315, 309, -1, 309, 315, 314, -1,
319, 318, 307, -1, 307, 318, 317, -1, 403, 401, 404, -1, 404, 401, 400, -1,
371, 373, 372, -1, 379, 443, 442, -1,
1, 0, 228, -1, 228, 0, 227, -1, 2, 1, 229, -1, 229, 1, 228, -1,
3, 2, 230, -1, 230, 2, 229, -1, 4, 3, 231, -1, 231, 3, 230, -1,
5, 4, 232, -1, 232, 4, 231, -1, 6, 5, 233, -1, 233, 5, 232, -1,
7, 6, 234, -1, 234, 6, 233, -1, 8, 7, 235, -1, 235, 7, 234, -1,
9, 8, 236, -1, 236, 8, 235, -1, 10, 9, 237, -1, 237, 9, 236, -1,
11, 10, 238, -1, 238, 10, 237, -1, 12, 11, 239, -1, 239, 11, 238, -1,
13, 12, 240, -1, 240, 12, 239, -1, 14, 13, 241, -1, 241, 13, 240, -1,
15, 14, 242, -1, 242, 14, 241, -1, 16, 15, 243, -1, 243, 15, 242, -1,
17, 16, 244, -1, 244, 16, 243, -1, 18, 17, 245, -1, 245, 17, 244, -1,
19, 18, 246, -1, 246, 18, 245, -1, 20, 19, 247, -1, 247, 19, 246, -1,
21, 20, 248, -1, 248, 20, 247, -1, 22, 21, 249, -1, 249, 21, 248, -1,
23, 22, 250, -1, 250, 22, 249, -1, 24, 23, 251, -1, 251, 23, 250, -1,
25, 24, 252, -1, 252, 24, 251, -1, 26, 25, 253, -1, 253, 25, 252, -1,
27, 26, 254, -1, 254, 26, 253, -1, 28, 27, 255, -1, 255, 27, 254, -1,
29, 28, 256, -1, 256, 28, 255, -1, 30, 29, 257, -1, 257, 29, 256, -1,
31, 30, 258, -1, 258, 30, 257, -1, 32, 31, 259, -1, 259, 31, 258, -1,
33, 32, 260, -1, 260, 32, 259, -1, 34, 33, 261, -1, 261, 33, 260, -1,
35, 34, 262, -1, 262, 34, 261, -1, 36, 35, 263, -1, 263, 35, 262, -1,
37, 36, 264, -1, 264, 36, 263, -1, 38, 37, 265, -1, 265, 37, 264, -1,
39, 38, 266, -1, 266, 38, 265, -1, 40, 39, 267, -1, 267, 39, 266, -1,
41, 40, 268, -1, 268, 40, 267, -1, 42, 41, 269, -1, 269, 41, 268, -1,
43, 42, 270, -1, 270, 42, 269, -1, 44, 43, 271, -1, 271, 43, 270, -1,
45, 44, 272, -1, 272, 44, 271, -1, 46, 45, 273, -1, 273, 45, 272, -1,
47, 46, 274, -1, 274, 46, 273, -1, 48, 47, 275, -1, 275, 47, 274, -1,
49, 48, 276, -1, 276, 48, 275, -1, 50, 49, 277, -1, 277, 49, 276, -1,
51, 50, 278, -1, 278, 50, 277, -1, 52, 51, 279, -1, 279, 51, 278, -1,
53, 52, 280, -1, 280, 52, 279, -1, 54, 53, 281, -1, 281, 53, 280, -1,
55, 54, 282, -1, 282, 54, 281, -1, 56, 55, 283, -1, 283, 55, 282, -1,
57, 56, 284, -1, 284, 56, 283, -1, 58, 57, 285, -1, 285, 57, 284, -1,
59, 58, 286, -1, 286, 58, 285, -1, 60, 59, 287, -1, 287, 59, 286, -1,
61, 60, 288, -1, 288, 60, 287, -1, 62, 61, 289, -1, 289, 61, 288, -1,
63, 62, 290, -1, 290, 62, 289, -1, 64, 63, 291, -1, 291, 63, 290, -1,
65, 64, 292, -1, 292, 64, 291, -1, 66, 65, 293, -1, 293, 65, 292, -1,
67, 66, 294, -1, 294, 66, 293, -1, 68, 67, 295, -1, 295, 67, 294, -1,
69, 68, 296, -1, 296, 68, 295, -1, 70, 69, 297, -1, 297, 69, 296, -1,
71, 70, 298, -1, 298, 70, 297, -1, 72, 71, 299, -1, 299, 71, 298, -1,
73, 72, 300, -1, 300, 72, 299, -1, 74, 73, 301, -1, 301, 73, 300, -1,
75, 74, 302, -1, 302, 74, 301, -1, 76, 75, 303, -1, 303, 75, 302, -1,
77, 76, 304, -1, 304, 76, 303, -1, 78, 77, 305, -1, 305, 77, 304, -1,
79, 78, 306, -1, 306, 78, 305, -1, 80, 79, 307, -1, 307, 79, 306, -1,
81, 80, 308, -1, 308, 80, 307, -1, 82, 81, 309, -1, 309, 81, 308, -1,
83, 82, 310, -1, 310, 82, 309, -1, 84, 83, 311, -1, 311, 83, 310, -1,
85, 84, 312, -1, 312, 84, 311, -1, 86, 85, 313, -1, 313, 85, 312, -1,
87, 86, 314, -1, 314, 86, 313, -1, 88, 87, 315, -1, 315, 87, 314, -1,
89, 88, 316, -1, 316, 88, 315, -1, 90, 89, 317, -1, 317, 89, 316, -1,
91, 90, 318, -1, 318, 90, 317, -1, 92, 91, 319, -1, 319, 91, 318, -1,
93, 92, 320, -1, 320, 92, 319, -1, 94, 93, 321, -1, 321, 93, 320, -1,
95, 94, 322, -1, 322, 94, 321, -1, 96, 95, 323, -1, 323, 95, 322, -1,
97, 96, 324, -1, 324, 96, 323, -1, 98, 97, 325, -1, 325, 97, 324, -1,
99, 98, 326, -1, 326, 98, 325, -1, 100, 99, 327, -1, 327, 99, 326, -1,
101, 100, 328, -1, 328, 100, 327, -1, 102, 101, 329, -1, 329, 101, 328, -1,
103, 102, 330, -1, 330, 102, 329, -1, 104, 103, 331, -1, 331, 103, 330, -1,
105, 104, 332, -1, 332, 104, 331, -1, 106, 105, 333, -1, 333, 105, 332, -1,
107, 106, 334, -1, 334, 106, 333, -1, 108, 107, 335, -1, 335, 107, 334, -1,
109, 108, 336, -1, 336, 108, 335, -1, 110, 109, 337, -1, 337, 109, 336, -1,
111, 110, 338, -1, 338, 110, 337, -1, 112, 111, 339, -1, 339, 111, 338, -1,
113, 112, 340, -1, 340, 112, 339, -1, 114, 113, 341, -1, 341, 113, 340, -1,
115, 114, 342, -1, 342, 114, 341, -1, 116, 115, 343, -1, 343, 115, 342, -1,
117, 116, 344, -1, 344, 116, 343, -1, 118, 117, 345, -1, 345, 117, 344, -1,
119, 118, 346, -1, 346, 118, 345, -1, 120, 119, 347, -1, 347, 119, 346, -1,
121, 120, 348, -1, 348, 120, 347, -1, 122, 121, 349, -1, 349, 121, 348, -1,
123, 122, 350, -1, 350, 122, 349, -1, 124, 123, 351, -1, 351, 123, 350, -1,
125, 124, 352, -1, 352, 124, 351, -1, 126, 125, 353, -1, 353, 125, 352, -1,
127, 126, 354, -1, 354, 126, 353, -1, 128, 127, 355, -1, 355, 127, 354, -1,
129, 128, 356, -1, 356, 128, 355, -1, 130, 129, 357, -1, 357, 129, 356, -1,
131, 130, 358, -1, 358, 130, 357, -1, 132, 131, 359, -1, 359, 131, 358, -1,
133, 132, 360, -1, 360, 132, 359, -1, 134, 133, 361, -1, 361, 133, 360, -1,
135, 134, 362, -1, 362, 134, 361, -1, 136, 135, 363, -1, 363, 135, 362, -1,
137, 136, 364, -1, 364, 136, 363, -1, 138, 137, 365, -1, 365, 137, 364, -1,
139, 138, 366, -1, 366, 138, 365, -1, 140, 139, 367, -1, 367, 139, 366, -1,
141, 140, 368, -1, 368, 140, 367, -1, 142, 141, 369, -1, 369, 141, 368, -1,
143, 142, 370, -1, 370, 142, 369, -1, 144, 143, 371, -1, 371, 143, 370, -1,
145, 144, 372, -1, 372, 144, 371, -1, 146, 145, 373, -1, 373, 145, 372, -1,
147, 146, 374, -1, 374, 146, 373, -1, 148, 147, 375, -1, 375, 147, 374, -1,
149, 148, 376, -1, 376, 148, 375, -1, 150, 149, 377, -1, 377, 149, 376, -1,
0, 150, 227, -1, 227, 150, 377, -1, 152, 151, 379, -1, 379, 151, 378, -1, 153, 152, 380, -1, 380, 152, 379, -1, 154, 153, 381, -1, 381, 153, 380, -1,
151, 154, 378, -1, 378, 154, 381, -1, 156, 155, 383, -1, 383, 155, 382, -1, 157, 156, 384, -1, 384, 156, 383, -1, 158, 157, 385, -1, 385, 157, 384, -1,
159, 158, 386, -1, 386, 158, 385, -1, 160, 159, 387, -1, 387, 159, 386, -1,
155, 160, 382, -1, 382, 160, 387, -1, 162, 161, 389, -1, 389, 161, 388, -1, 163, 162, 390, -1, 390, 162, 389, -1, 164, 163, 391, -1, 391, 163, 390, -1,
161, 164, 388, -1, 388, 164, 391, -1, 166, 165, 393, -1, 393, 165, 392, -1, 167, 166, 394, -1, 394, 166, 393, -1, 168, 167, 395, -1, 395, 167, 394, -1,
169, 168, 396, -1, 396, 168, 395, -1, 170, 169, 397, -1, 397, 169, 396, -1,
171, 170, 398, -1, 398, 170, 397, -1, 172, 171, 399, -1, 399, 171, 398, -1,
173, 172, 400, -1, 400, 172, 399, -1, 174, 173, 401, -1, 401, 173, 400, -1,
165, 174, 392, -1, 392, 174, 401, -1, 176, 175, 403, -1, 403, 175, 402, -1, 177, 176, 404, -1, 404, 176, 403, -1, 178, 177, 405, -1, 405, 177, 404, -1,
179, 178, 406, -1, 406, 178, 405, -1, 180, 179, 407, -1, 407, 179, 406, -1,
181, 180, 408, -1, 408, 180, 407, -1, 182, 181, 409, -1, 409, 181, 408, -1,
183, 182, 410, -1, 410, 182, 409, -1, 184, 183, 411, -1, 411, 183, 410, -1,
175, 184, 402, -1, 402, 184, 411, -1, 186, 185, 413, -1, 413, 185, 412, -1, 187, 186, 414, -1, 414, 186, 413, -1, 188, 187, 415, -1, 415, 187, 414, -1,
189, 188, 416, -1, 416, 188, 415, -1, 190, 189, 417, -1, 417, 189, 416, -1,
191, 190, 418, -1, 418, 190, 417, -1, 192, 191, 419, -1, 419, 191, 418, -1,
193, 192, 420, -1, 420, 192, 419, -1, 194, 193, 421, -1, 421, 193, 420, -1,
185, 194, 412, -1, 412, 194, 421, -1, 196, 195, 423, -1, 423, 195, 422, -1, 197, 196, 424, -1, 424, 196, 423, -1, 198, 197, 425, -1, 425, 197, 424, -1,
199, 198, 426, -1, 426, 198, 425, -1, 200, 199, 427, -1, 427, 199, 426, -1,
195, 200, 422, -1, 422, 200, 427, -1, 202, 201, 429, -1, 429, 201, 428, -1, 203, 202, 430, -1, 430, 202, 429, -1, 204, 203, 431, -1, 431, 203, 430, -1,
205, 204, 432, -1, 432, 204, 431, -1, 206, 205, 433, -1, 433, 205, 432, -1,
201, 206, 428, -1, 428, 206, 433, -1, 208, 207, 435, -1, 435, 207, 434, -1, 209, 208, 436, -1, 436, 208, 435, -1, 210, 209, 437, -1, 437, 209, 436, -1,
211, 210, 438, -1, 438, 210, 437, -1, 212, 211, 439, -1, 439, 211, 438, -1,
213, 212, 440, -1, 440, 212, 439, -1, 214, 213, 441, -1, 441, 213, 440, -1,
215, 214, 442, -1, 442, 214, 441, -1, 216, 215, 443, -1, 443, 215, 442, -1,
207, 216, 434, -1, 434, 216, 443, -1, 218, 217, 445, -1, 445, 217, 444, -1, 219, 218, 446, -1, 446, 218, 445, -1, 220, 219, 447, -1, 447, 219, 446, -1,
221, 220, 448, -1, 448, 220, 447, -1, 222, 221, 449, -1, 449, 221, 448, -1,
223, 222, 450, -1, 450, 222, 449, -1, 224, 223, 451, -1, 451, 223, 450, -1,
225, 224, 452, -1, 452, 224, 451, -1, 226, 225, 453, -1, 453, 225, 452, -1,
217, 226, 444, -1, 444, 226, 453, -1
            ]
          }
        }
      ]
    }
  ]
}
Transform {
  children [
    Group {
      children [
        Shape {
          appearance Appearance {
            material Material {
              diffuseColor 0.08 0.5 0.1
              specularColor 0.01 0.05 0.01
              emissiveColor 0 0 0
              ambientIntensity 0.8
              transparency 0
              shininess 0.02
            }
          }
          geometry IndexedFaceSet {
            solid TRUE
            coord Coordinate {
              point [
67.744092 -27.601213 0.314961, 67.733275 -27.623671 0.314961,
67.538335 -27.73622 0.314961, 67.538335 -28.169291 0.314961,
67.594705 -28.201837 0.314961, 64.940246 -30.856299 0.314961,
62.126685 -30.8563 0.314961, 60.967869 -29.697485 0.314961,
60.94952 -29.692568 0.314961, 60.933071 -29.683071 0.314961,
60.551181 -29.683071 0.314961, 60.508562 -29.707677 0.314961,
60.508562 -29.75689 0.314961, 60.551181 -29.781496 0.314961,
60.912687 -29.781496 0.314961, 62.071501 -30.94031 0.314961,
62.089847 -30.945226 0.314961, 62.106299 -30.954724 0.314961,
64.96063 -30.954724 0.314961, 64.977078 -30.945226 0.314961,
64.995428 -30.94031 0.314961, 67.682951 -28.252786 0.314961,
67.733275 -28.28184 0.314961, 67.744092 -28.304299 0.314961,
67.819435 -28.364383 0.314961, 67.913386 -28.385827 0.314961,
68.007337 -28.364383 0.314961, 68.08268 -28.304299 0.314961,
68.093495 -28.28184 0.314961, 68.288436 -28.169291 0.314961,
68.288436 -27.73622 0.314961, 68.093495 -27.623671 0.314961,
68.08268 -27.601213 0.314961, 68.007337 -27.541129 0.314961,
67.913386 -27.519685 0.314961, 67.819435 -27.541129 0.314961,
67.765748 -27.952756 0.314961, 67.793944 -27.865977 0.314961,
67.867763 -27.812344 0.314961, 67.959008 -27.812344 0.314961,
68.032827 -27.865977 0.314961, 68.061024 -27.952756 0.314961,
68.032827 -28.039535 0.314961, 67.959008 -28.093168 0.314961,
67.867763 -28.093168 0.314961, 67.793944 -28.039535 0.314961,
62.667871 -32.092475 0.314961, 62.653786 -32.135827 0.314961,
61.875987 -32.135826 0.314961, 60.08858 -30.348418 0.314961,
60.088579 -29.380625 0.314961, 60.187709 -29.281497 0.314961,
60.551181 -29.281496 0.314961, 60.5938 -29.25689 0.314961,
60.5938 -29.207677 0.314961, 60.551181 -29.183071 0.314961,
60.167323 -29.183071 0.314961, 60.150871 -29.192568 0.314961,
60.132524 -29.197485 0.314961, 60.004568 -29.325442 0.314961,
59.999649 -29.343789 0.314961, 59.990154 -29.36024 0.314961,
59.990154 -30.368802 0.314961, 59.999649 -30.385252 0.314961,
60.004568 -30.403601 0.314961, 61.820805 -32.219838 0.314961,
61.839151 -32.224753 0.314961, 61.855603 -32.234252 0.314961,
62.653786 -32.234252 0.314961, 62.667871 -32.277604 0.314961,
62.746611 -32.334812 0.314961, 62.84394 -32.334812 0.314961,
62.92268 -32.277604 0.314961, 62.952756 -32.185039 0.314961,
62.92268 -32.092475 0.314961, 62.84394 -32.035267 0.314961,
62.746611 -32.035267 0.314961, 62.716535 -32.185039 0.314961,
62.755906 -32.116848 0.314961, 62.834646 -32.116848 0.314961,
62.874016 -32.185039 0.314961, 62.834646 -32.25323 0.314961,
62.755906 -32.25323 0.314961, 64.988186 -31.833496 0.314961,
64.97737 -31.855954 0.314961, 64.78243 -31.968504 0.314961,
64.78243 -32.135827 0.314961, 63.822593 -32.135827 0.314961,
63.808507 -32.092475 0.314961, 63.729766 -32.035267 0.314961,
63.632438 -32.035267 0.314961, 63.553698 -32.092475 0.314961,
63.523622 -32.185039 0.314961, 63.553698 -32.277604 0.314961,
63.632438 -32.334812 0.314961, 63.729766 -32.334812 0.314961,
63.808507 -32.277604 0.314961, 63.822593 -32.234252 0.314961,
64.782431 -32.234253 0.314961, 64.78243 -32.401575 0.314961,
64.97737 -32.514123 0.314961, 64.988186 -32.536582 0.314961,
65.063529 -32.596666 0.314961, 65.15748 -32.61811 0.314961,
65.251432 -32.596666 0.314961, 65.326775 -32.536582 0.314961,
65.337589 -32.514123 0.314961, 65.532531 -32.401575 0.314961,
65.532531 -31.968504 0.314961, 65.337589 -31.855954 0.314961,
65.326775 -31.833496 0.314961, 65.251432 -31.773412 0.314961,
65.15748 -31.751969 0.314961, 65.063529 -31.773412 0.314961,
65.009843 -32.185039 0.314961, 65.038039 -32.09826 0.314961,
65.111858 -32.044627 0.314961, 65.203103 -32.044627 0.314961,
65.276922 -32.09826 0.314961, 65.305118 -32.185039 0.314961,
65.276922 -32.271819 0.314961, 65.203103 -32.325451 0.314961,
65.111858 -32.325451 0.314961, 65.038039 -32.271819 0.314961,
63.602362 -32.185039 0.314961, 63.641732 -32.116848 0.314961,
63.720472 -32.116848 0.314961, 63.759843 -32.185039 0.314961,
63.720472 -32.25323 0.314961, 63.641732 -32.25323 0.314961,
65.972438 -34.294126 0.314961, 65.961622 -34.316584 0.314961,
65.766682 -34.429134 0.314961, 65.766682 -34.862205 0.314961,
65.961622 -34.974753 0.314961, 65.972438 -34.997212 0.314961,
66.047781 -35.057296 0.314961, 66.141732 -35.07874 0.314961,
66.235683 -35.057296 0.314961, 66.311027 -34.997212 0.314961,
66.321841 -34.974753 0.314961, 66.516783 -34.862205 0.314961,
66.516783 -34.429134 0.314961, 66.321841 -34.316584 0.314961,
66.311027 -34.294126 0.314961, 66.235683 -34.234042 0.314961,
66.141732 -34.212598 0.314961, 66.047781 -34.234042 0.314961,
65.994094 -34.645669 0.314961, 66.022291 -34.55889 0.314961,
66.09611 -34.505257 0.314961, 66.187355 -34.505257 0.314961,
66.261174 -34.55889 0.314961, 66.28937 -34.645669 0.314961,
66.261174 -34.732449 0.314961, 66.187355 -34.786081 0.314961,
66.09611 -34.786081 0.314961, 66.022291 -34.732449 0.314961,
67.962598 -34.645669 0.314961, 67.990795 -34.55889 0.314961,
68.064614 -34.505257 0.314961, 68.155859 -34.505257 0.314961,
68.229678 -34.55889 0.314961, 68.257874 -34.645669 0.314961,
68.229678 -34.732449 0.314961, 68.155859 -34.786081 0.314961,
68.064614 -34.786081 0.314961, 67.990795 -34.732449 0.314961,
64.833226 -34.553105 0.314961, 64.80315 -34.645669 0.314961,
64.833226 -34.738234 0.314961, 64.911966 -34.795442 0.314961,
65.009294 -34.795442 0.314961, 65.088034 -34.738234 0.314961,
65.11811 -34.645669 0.314961, 65.088034 -34.553105 0.314961,
65.009843 -34.496295 0.314961, 65.009843 -33.51378 0.314961,
66.908751 -33.51378 0.314961, 67.791556 -34.396587 0.314961,
67.735186 -34.429134 0.314961, 67.735186 -34.862205 0.314961,
67.930126 -34.974753 0.314961, 67.940942 -34.997212 0.314961,
68.016285 -35.057296 0.314961, 68.110236 -35.07874 0.314961,
68.204187 -35.057296 0.314961, 68.27953 -34.997212 0.314961,
68.290345 -34.974753 0.314961, 68.485287 -34.862205 0.314961,
68.485287 -34.429134 0.314961, 68.290345 -34.316584 0.314961,
68.27953 -34.294126 0.314961, 68.204187 -34.234042 0.314961,
68.110236 -34.212598 0.314961, 68.016285 -34.234042 0.314961,
67.940942 -34.294126 0.314961, 67.930125 -34.316584 0.314961,
67.879803 -34.345639 0.314961, 66.963932 -33.429768 0.314961,
66.945582 -33.424851 0.314961, 66.929134 -33.415354 0.314961,
64.96063 -33.415354 0.314961, 61.437708 -33.415355 0.314961,
59.498033 -31.475679 0.314961, 59.498031 -29.471172 0.314961,
60.187708 -28.781496 0.314961, 60.551181 -28.781496 0.314961,
60.5938 -28.75689 0.314961, 60.5938 -28.707677 0.314961,
60.551181 -28.683071 0.314961, 60.167323 -28.683071 0.314961,
60.150871 -28.692568 0.314961, 60.132524 -28.697485 0.314961,
59.41402 -29.415989 0.314961, 59.409102 -29.434336 0.314961,
59.399606 -29.450787 0.314961, 59.399606 -31.496063 0.314961,
59.409102 -31.512513 0.314961, 59.41402 -31.530862 0.314961,
61.382524 -33.499365 0.314961, 61.400871 -33.504281 0.314961,
61.417323 -33.51378 0.314961, 64.911416 -33.513779 0.314961,
64.911417 -34.496295 0.314961, 64.88189 -34.645669 0.314961,
64.92126 -34.577478 0.314961, 65. -34.577478 0.314961,
65.03937 -34.645669 0.314961, 65. -34.71386 0.314961,
64.92126 -34.71386 0.314961, 63.610233 -34.294126 0.314961,
63.599417 -34.316584 0.314961, 63.404477 -34.429134 0.314961,
63.404477 -34.862205 0.314961, 63.599417 -34.974753 0.314961,
63.610233 -34.997212 0.314961, 63.685576 -35.057296 0.314961,
63.779528 -35.07874 0.314961, 63.873479 -35.057296 0.314961,
63.948822 -34.997212 0.314961, 63.959636 -34.974753 0.314961,
64.154578 -34.862205 0.314961, 64.154578 -34.429134 0.314961,
63.959636 -34.316584 0.314961, 63.948822 -34.294126 0.314961,
63.873479 -34.234042 0.314961, 63.779528 -34.212598 0.314961,
63.685576 -34.234042 0.314961, 63.63189 -34.645669 0.314961,
63.660086 -34.55889 0.314961, 63.733905 -34.505257 0.314961,
63.82515 -34.505257 0.314961, 63.898969 -34.55889 0.314961,
63.927165 -34.645669 0.314961, 63.898969 -34.732449 0.314961,
63.82515 -34.786081 0.314961, 63.733905 -34.786081 0.314961,
63.660086 -34.732449 0.314961
              ]
            }
            coordIndex [
4, 5, 18, -1, 4, 18, 19, -1, 4, 19, 20, -1, 4, 20, 21, -1,
4, 21, 1, -1, 4, 1, 2, -1, 4, 2, 3, -1, 6, 7, 15, -1,
6, 15, 16, -1, 6, 16, 17, -1, 6, 17, 18, -1, 6, 18, 5, -1,
7, 8, 15, -1, 15, 8, 9, -1, 15, 9, 14, -1, 14, 9, 10, -1,
14, 10, 13, -1, 13, 10, 11, -1, 13, 11, 12, -1, 41, 27, 32, -1,
32, 27, 28, -1, 32, 28, 31, -1, 31, 28, 29, -1, 31, 29, 30, -1,
36, 37, 35, -1, 35, 37, 38, -1, 35, 38, 34, -1, 34, 38, 39, -1,
34, 39, 33, -1, 33, 39, 40, -1, 33, 40, 32, -1, 32, 40, 41, -1,
21, 22, 1, -1, 1, 22, 23, -1, 1, 23, 0, -1, 0, 23, 36, -1,
0, 36, 35, -1, 45, 24, 44, -1, 44, 24, 25, -1, 44, 25, 43, -1,
43, 25, 26, -1, 43, 26, 42, -1, 42, 26, 27, -1, 42, 27, 41, -1,
36, 23, 24, -1, 36, 24, 45, -1, 55, 56, 51, -1, 55, 51, 52, -1,
55, 52, 53, -1, 55, 53, 54, -1, 56, 57, 51, -1, 51, 57, 58, -1,
51, 58, 50, -1, 50, 58, 59, -1, 50, 59, 49, -1, 49, 59, 64, -1,
49, 64, 65, -1, 78, 79, 75, -1, 75, 79, 80, -1, 75, 80, 74, -1,
74, 80, 72, -1, 74, 72, 73, -1, 69, 70, 46, -1, 46, 70, 77, -1,
46, 77, 76, -1, 76, 77, 78, -1, 76, 78, 75, -1, 71, 72, 80, -1,
71, 80, 81, -1, 71, 81, 82, -1, 71, 82, 70, -1, 68, 69, 46, -1,
68, 46, 47, -1, 68, 47, 48, -1, 68, 48, 67, -1, 48, 49, 65, -1,
48, 65, 66, -1, 48, 66, 67, -1, 60, 61, 63, -1, 60, 63, 64, -1,
60, 64, 59, -1, 119, 105, 110, -1, 110, 105, 106, -1, 110, 106, 109, -1,
109, 106, 107, -1, 109, 107, 108, -1, 114, 115, 113, -1, 113, 115, 116, -1,
113, 116, 112, -1, 112, 116, 117, -1, 112, 117, 111, -1, 111, 117, 118, -1,
111, 118, 110, -1, 110, 118, 119, -1, 98, 100, 84, -1, 84, 100, 101, -1,
84, 101, 83, -1, 83, 101, 114, -1, 83, 114, 113, -1, 123, 102, 122, -1,
122, 102, 103, -1, 122, 103, 121, -1, 121, 103, 104, -1, 121, 104, 120, -1,
120, 104, 105, -1, 120, 105, 119, -1, 114, 101, 102, -1, 114, 102, 123, -1,
84, 86, 98, -1, 98, 86, 87, -1, 98, 87, 97, -1, 97, 87, 88, -1,
97, 88, 96, -1, 96, 88, 127, -1, 96, 127, 95, -1, 95, 127, 128, -1,
95, 128, 129, -1, 89, 90, 125, -1, 89, 125, 126, -1, 89, 126, 127, -1,
89, 127, 88, -1, 124, 125, 90, -1, 124, 90, 91, -1, 124, 91, 94, -1,
124, 94, 129, -1, 91, 92, 93, -1, 91, 93, 94, -1, 153, 139, 144, -1,
144, 139, 140, -1, 144, 140, 143, -1, 143, 140, 141, -1, 143, 141, 142, -1,
148, 149, 147, -1, 147, 149, 150, -1, 147, 150, 146, -1, 146, 150, 151, -1,
146, 151, 145, -1, 145, 151, 152, -1, 145, 152, 144, -1, 144, 152, 153, -1,
132, 134, 131, -1, 131, 134, 135, -1, 131, 135, 130, -1, 130, 135, 148, -1,
130, 148, 147, -1, 157, 136, 156, -1, 156, 136, 137, -1, 156, 137, 155, -1,
155, 137, 138, -1, 155, 138, 154, -1, 154, 138, 139, -1, 154, 139, 153, -1,
148, 135, 136, -1, 148, 136, 157, -1, 163, 187, 192, -1, 192, 187, 188, -1,
192, 188, 191, -1, 191, 188, 189, -1, 191, 189, 190, -1, 158, 159, 195, -1,
195, 159, 160, -1, 195, 160, 194, -1, 194, 160, 161, -1, 194, 161, 193, -1,
193, 161, 162, -1, 193, 162, 192, -1, 192, 162, 163, -1, 158, 195, 196, -1,
158, 196, 183, -1, 158, 183, 184, -1, 158, 184, 167, -1, 167, 184, 166, -1,
166, 184, 185, -1, 166, 185, 165, -1, 165, 185, 186, -1, 165, 186, 164, -1,
164, 186, 187, -1, 164, 187, 163, -1, 182, 183, 196, -1, 182, 196, 197, -1,
182, 197, 198, -1, 182, 198, 179, -1, 182, 179, 180, -1, 182, 180, 181, -1,
210, 211, 206, -1, 210, 206, 207, -1, 210, 207, 208, -1, 210, 208, 209, -1,
211, 212, 206, -1, 206, 212, 213, -1, 206, 213, 205, -1, 205, 213, 214, -1,
205, 214, 204, -1, 204, 214, 219, -1, 204, 219, 220, -1, 179, 198, 199, -1,
179, 199, 200, -1, 179, 200, 201, -1, 179, 201, 178, -1, 177, 178, 201, -1,
177, 201, 202, -1, 177, 202, 227, -1, 177, 227, 176, -1, 170, 171, 168, -1,
168, 171, 225, -1, 168, 225, 224, -1, 224, 225, 226, -1, 224, 226, 202, -1,
202, 226, 227, -1, 221, 222, 203, -1, 203, 222, 223, -1, 203, 223, 202, -1,
202, 223, 224, -1, 203, 204, 220, -1, 203, 220, 221, -1, 215, 216, 218, -1,
215, 218, 219, -1, 215, 219, 214, -1, 174, 175, 173, -1, 173, 175, 228, -1,
173, 228, 172, -1, 172, 228, 229, -1, 172, 229, 230, -1, 176, 227, 228, -1,
176, 228, 175, -1, 230, 225, 171, -1, 230, 171, 172, -1, 254, 240, 245, -1,
245, 240, 241, -1, 245, 241, 244, -1, 244, 241, 242, -1, 244, 242, 243, -1,
249, 250, 248, -1, 248, 250, 251, -1, 248, 251, 247, -1, 247, 251, 252, -1,
247, 252, 246, -1, 246, 252, 253, -1, 246, 253, 245, -1, 245, 253, 254, -1,
233, 235, 232, -1, 232, 235, 236, -1, 232, 236, 231, -1, 231, 236, 249, -1,
231, 249, 248, -1, 258, 237, 257, -1, 257, 237, 238, -1, 257, 238, 256, -1,
256, 238, 239, -1, 256, 239, 255, -1, 255, 239, 240, -1, 255, 240, 254, -1,
249, 236, 237, -1, 249, 237, 258, -1, 235, 233, 234, -1, 170, 168, 169, -1,
218, 216, 217, -1, 134, 132, 133, -1, 129, 94, 95, -1, 100, 98, 99, -1,
86, 84, 85, -1, 63, 61, 62, -1, 77, 70, 82, -1
            ]
          }
        }
      ]
    }
  ]
}
Transform {
  children [
    Group {
      children [
        Shape {
          appearance Appearance {
            material Material {
              diffuseColor 0.749 0.756 0.761
              specularColor 0.749 0.756 0.761
              emissiveColor 0 0 0
              ambientIntensity 0.8
              transparency 0
              shininess 0.8
            }
          }
          geometry IndexedFaceSet {
            solid TRUE
            coord Coordinate {
              point [
62.883858 -28.673228 0.319882, 62.882724 -28.661707 0.319882,
62.879363 -28.650629 0.319882, 62.873906 -28.640419 0.319882,
62.866561 -28.63147 0.319882, 62.857613 -28.624126 0.319882,
62.847403 -28.618669 0.319882, 62.836324 -28.615308 0.319882,
62.824803 -28.614173 0.319882, 62.175197 -28.614173 0.319882,
62.163676 -28.615308 0.319882, 62.152597 -28.618669 0.319882,
62.142387 -28.624126 0.319882, 62.133439 -28.63147 0.319882,
62.126094 -28.640419 0.319882, 62.120637 -28.650629 0.319882,
62.117276 -28.661707 0.319882, 62.116142 -28.673228 0.319882,
62.116142 -28.791339 0.319882, 62.117276 -28.80286 0.319882,
62.120637 -28.813938 0.319882, 62.126094 -28.824148 0.319882,
62.133439 -28.833097 0.319882, 62.142387 -28.840441 0.319882,
62.152597 -28.845898 0.319882, 62.163676 -28.849259 0.319882,
62.175197 -28.850394 0.319882, 62.824803 -28.850394 0.319882,
62.836324 -28.849259 0.319882, 62.847403 -28.845898 0.319882,
62.857613 -28.840441 0.319882, 62.866561 -28.833097 0.319882,
62.873906 -28.824148 0.319882, 62.879363 -28.813938 0.319882,
62.882724 -28.80286 0.319882, 62.883858 -28.791339 0.319882,
62.883858 -29.173228 0.319882, 62.882724 -29.161707 0.319882,
62.879363 -29.150629 0.319882, 62.873906 -29.140419 0.319882,
62.866561 -29.13147 0.319882, 62.857613 -29.124126 0.319882,
62.847403 -29.118669 0.319882, 62.836324 -29.115308 0.319882,
62.824803 -29.114173 0.319882, 62.175197 -29.114173 0.319882,
62.163676 -29.115308 0.319882, 62.152597 -29.118669 0.319882,
62.142387 -29.124126 0.319882, 62.133439 -29.13147 0.319882,
62.126094 -29.140419 0.319882, 62.120637 -29.150629 0.319882,
62.117276 -29.161707 0.319882, 62.116142 -29.173228 0.319882,
62.116142 -29.291339 0.319882, 62.117276 -29.30286 0.319882,
62.120637 -29.313938 0.319882, 62.126094 -29.324148 0.319882,
62.133439 -29.333097 0.319882, 62.142387 -29.340441 0.319882,
62.152597 -29.345898 0.319882, 62.163676 -29.349259 0.319882,
62.175197 -29.350394 0.319882, 62.824803 -29.350394 0.319882,
62.836324 -29.349259 0.319882, 62.847403 -29.345898 0.319882,
62.857613 -29.340441 0.319882, 62.866561 -29.333097 0.319882,
62.873906 -29.324148 0.319882, 62.879363 -29.313938 0.319882,
62.882724 -29.30286 0.319882, 62.883858 -29.291339 0.319882,
62.883858 -29.673228 0.319882, 62.882724 -29.661707 0.319882,
62.879363 -29.650629 0.319882, 62.873906 -29.640419 0.319882,
62.866561 -29.63147 0.319882, 62.857613 -29.624126 0.319882,
62.847403 -29.618669 0.319882, 62.836324 -29.615308 0.319882,
62.824803 -29.614173 0.319882, 62.175197 -29.614173 0.319882,
62.163676 -29.615308 0.319882, 62.152597 -29.618669 0.319882,
62.142387 -29.624126 0.319882, 62.133439 -29.63147 0.319882,
62.126094 -29.640419 0.319882, 62.120637 -29.650629 0.319882,
62.117276 -29.661707 0.319882, 62.116142 -29.673228 0.319882,
62.116142 -29.791339 0.319882, 62.117276 -29.80286 0.319882,
62.120637 -29.813938 0.319882, 62.126094 -29.824148 0.319882,
62.133439 -29.833097 0.319882, 62.142387 -29.840441 0.319882,
62.152597 -29.845898 0.319882, 62.163676 -29.849259 0.319882,
62.175197 -29.850394 0.319882, 62.824803 -29.850394 0.319882,
62.836324 -29.849259 0.319882, 62.847403 -29.845898 0.319882,
62.857613 -29.840441 0.319882, 62.866561 -29.833097 0.319882,
62.873906 -29.824148 0.319882, 62.879363 -29.813938 0.319882,
62.882724 -29.80286 0.319882, 62.883858 -29.791339 0.319882,
62.883858 -30.173228 0.319882, 62.882724 -30.161707 0.319882,
62.879363 -30.150629 0.319882, 62.873906 -30.140419 0.319882,
62.866561 -30.13147 0.319882, 62.857613 -30.124126 0.319882,
62.847403 -30.118669 0.319882, 62.836324 -30.115308 0.319882,
62.824803 -30.114173 0.319882, 62.175197 -30.114173 0.319882,
62.163676 -30.115308 0.319882, 62.152597 -30.118669 0.319882,
62.142387 -30.124126 0.319882, 62.133439 -30.13147 0.319882,
62.126094 -30.140419 0.319882, 62.120637 -30.150629 0.319882,
62.117276 -30.161707 0.319882, 62.116142 -30.173228 0.319882,
62.116142 -30.291339 0.319882, 62.117276 -30.30286 0.319882,
62.120637 -30.313938 0.319882, 62.126094 -30.324148 0.319882,
62.133439 -30.333097 0.319882, 62.142387 -30.340441 0.319882,
62.152597 -30.345898 0.319882, 62.163676 -30.349259 0.319882,
62.175197 -30.350394 0.319882, 62.824803 -30.350394 0.319882,
62.836324 -30.349259 0.319882, 62.847403 -30.345898 0.319882,
62.857613 -30.340441 0.319882, 62.866561 -30.333097 0.319882,
62.873906 -30.324148 0.319882, 62.879363 -30.313938 0.319882,
62.882724 -30.30286 0.319882, 62.883858 -30.291339 0.319882,
60.935039 -30.173228 0.319882, 60.933905 -30.161707 0.319882,
60.930544 -30.150629 0.319882, 60.925087 -30.140419 0.319882,
60.917743 -30.13147 0.319882, 60.908794 -30.124126 0.319882,
60.898584 -30.118669 0.319882, 60.887506 -30.115308 0.319882,
60.875984 -30.114173 0.319882, 60.226378 -30.114173 0.319882,
60.214857 -30.115308 0.319882, 60.203778 -30.118669 0.319882,
60.193569 -30.124126 0.319882, 60.18462 -30.13147 0.319882,
60.177276 -30.140419 0.319882, 60.171818 -30.150629 0.319882,
60.168457 -30.161707 0.319882, 60.167323 -30.173228 0.319882,
60.167323 -30.291339 0.319882, 60.168457 -30.30286 0.319882,
60.171818 -30.313938 0.319882, 60.177276 -30.324148 0.319882,
60.18462 -30.333097 0.319882, 60.193569 -30.340441 0.319882,
60.203778 -30.345898 0.319882, 60.214857 -30.349259 0.319882,
60.226378 -30.350394 0.319882, 60.875984 -30.350394 0.319882,
60.887506 -30.349259 0.319882, 60.898584 -30.345898 0.319882,
60.908794 -30.340441 0.319882, 60.917743 -30.333097 0.319882,
60.925087 -30.324148 0.319882, 60.930544 -30.313938 0.319882,
60.933905 -30.30286 0.319882, 60.935039 -30.291339 0.319882,
60.935039 -29.673228 0.319882, 60.933905 -29.661707 0.319882,
60.930544 -29.650629 0.319882, 60.925087 -29.640419 0.319882,
60.917743 -29.63147 0.319882, 60.908794 -29.624126 0.319882,
60.898584 -29.618669 0.319882, 60.887506 -29.615308 0.319882,
60.875984 -29.614173 0.319882, 60.226378 -29.614173 0.319882,
60.214857 -29.615308 0.319882, 60.203778 -29.618669 0.319882,
60.193569 -29.624126 0.319882, 60.18462 -29.63147 0.319882,
60.177276 -29.640419 0.319882, 60.171818 -29.650629 0.319882,
60.168457 -29.661707 0.319882, 60.167323 -29.673228 0.319882,
60.167323 -29.791339 0.319882, 60.168457 -29.80286 0.319882,
60.171818 -29.813938 0.319882, 60.177276 -29.824148 0.319882,
60.18462 -29.833097 0.319882, 60.193569 -29.840441 0.319882,
60.203778 -29.845898 0.319882, 60.214857 -29.849259 0.319882,
60.226378 -29.850394 0.319882, 60.875984 -29.850394 0.319882,
60.887506 -29.849259 0.319882, 60.898584 -29.845898 0.319882,
60.908794 -29.840441 0.319882, 60.917743 -29.833097 0.319882,
60.925087 -29.824148 0.319882, 60.930544 -29.813938 0.319882,
60.933905 -29.80286 0.319882, 60.935039 -29.791339 0.319882,
60.935039 -29.173228 0.319882, 60.933905 -29.161707 0.319882,
60.930544 -29.150629 0.319882, 60.925087 -29.140419 0.319882,
60.917743 -29.13147 0.319882, 60.908794 -29.124126 0.319882,
60.898584 -29.118669 0.319882, 60.887506 -29.115308 0.319882,
60.875984 -29.114173 0.319882, 60.226378 -29.114173 0.319882,
60.214857 -29.115308 0.319882, 60.203778 -29.118669 0.319882,
60.193569 -29.124126 0.319882, 60.18462 -29.13147 0.319882,
60.177276 -29.140419 0.319882, 60.171818 -29.150629 0.319882,
60.168457 -29.161707 0.319882, 60.167323 -29.173228 0.319882,
60.167323 -29.291339 0.319882, 60.168457 -29.30286 0.319882,
60.171818 -29.313938 0.319882, 60.177276 -29.324148 0.319882,
60.18462 -29.333097 0.319882, 60.193569 -29.340441 0.319882,
60.203778 -29.345898 0.319882, 60.214857 -29.349259 0.319882,
60.226378 -29.350394 0.319882, 60.875984 -29.350394 0.319882,
60.887506 -29.349259 0.319882, 60.898584 -29.345898 0.319882,
60.908794 -29.340441 0.319882, 60.917743 -29.333097 0.319882,
60.925087 -29.324148 0.319882, 60.930544 -29.313938 0.319882,
60.933905 -29.30286 0.319882, 60.935039 -29.291339 0.319882,
60.935039 -28.673228 0.319882, 60.933905 -28.661707 0.319882,
60.930544 -28.650629 0.319882, 60.925087 -28.640419 0.319882,
60.917743 -28.63147 0.319882, 60.908794 -28.624126 0.319882,
60.898584 -28.618669 0.319882, 60.887506 -28.615308 0.319882,
60.875984 -28.614173 0.319882, 60.226378 -28.614173 0.319882,
60.214857 -28.615308 0.319882, 60.203778 -28.618669 0.319882,
60.193569 -28.624126 0.319882, 60.18462 -28.63147 0.319882,
60.177276 -28.640419 0.319882, 60.171818 -28.650629 0.319882,
60.168457 -28.661707 0.319882, 60.167323 -28.673228 0.319882,
60.167323 -28.791339 0.319882, 60.168457 -28.80286 0.319882,
60.171818 -28.813938 0.319882, 60.177276 -28.824148 0.319882,
60.18462 -28.833097 0.319882, 60.193569 -28.840441 0.319882,
60.203778 -28.845898 0.319882, 60.214857 -28.849259 0.319882,
60.226378 -28.850394 0.319882, 60.875984 -28.850394 0.319882,
60.887506 -28.849259 0.319882, 60.898584 -28.845898 0.319882,
60.908794 -28.840441 0.319882, 60.917743 -28.833097 0.319882,
60.925087 -28.824148 0.319882, 60.930544 -28.813938 0.319882,
60.933905 -28.80286 0.319882, 60.935039 -28.791339 0.319882
              ]
            }
            coordIndex [
17, 19, 16, -1, 16, 19, 20, -1, 16, 20, 15, -1, 15, 20, 21, -1,
15, 21, 14, -1, 14, 21, 22, -1, 14, 22, 13, -1, 13, 22, 23, -1,
13, 23, 12, -1, 12, 23, 24, -1, 12, 24, 11, -1, 11, 24, 25, -1,
11, 25, 10, -1, 10, 25, 26, -1, 10, 26, 9, -1, 9, 26, 27, -1,
9, 27, 8, -1, 8, 27, 28, -1, 8, 28, 7, -1, 7, 28, 29, -1,
7, 29, 6, -1, 6, 29, 30, -1, 6, 30, 5, -1, 5, 30, 31, -1,
5, 31, 4, -1, 4, 31, 32, -1, 4, 32, 3, -1, 3, 32, 33, -1,
3, 33, 2, -1, 2, 33, 34, -1, 2, 34, 1, -1, 1, 34, 35, -1,
1, 35, 0, -1, 53, 55, 52, -1, 52, 55, 56, -1, 52, 56, 51, -1,
51, 56, 57, -1, 51, 57, 50, -1, 50, 57, 58, -1, 50, 58, 49, -1,
49, 58, 59, -1, 49, 59, 48, -1, 48, 59, 60, -1, 48, 60, 47, -1,
47, 60, 61, -1, 47, 61, 46, -1, 46, 61, 62, -1, 46, 62, 45, -1,
45, 62, 63, -1, 45, 63, 44, -1, 44, 63, 64, -1, 44, 64, 43, -1,
43, 64, 65, -1, 43, 65, 42, -1, 42, 65, 66, -1, 42, 66, 41, -1,
41, 66, 67, -1, 41, 67, 40, -1, 40, 67, 68, -1, 40, 68, 39, -1,
39, 68, 69, -1, 39, 69, 38, -1, 38, 69, 70, -1, 38, 70, 37, -1,
37, 70, 71, -1, 37, 71, 36, -1, 89, 91, 88, -1, 88, 91, 92, -1,
88, 92, 87, -1, 87, 92, 93, -1, 87, 93, 86, -1, 86, 93, 94, -1,
86, 94, 85, -1, 85, 94, 95, -1, 85, 95, 84, -1, 84, 95, 96, -1,
84, 96, 83, -1, 83, 96, 97, -1, 83, 97, 82, -1, 82, 97, 98, -1,
82, 98, 81, -1, 81, 98, 99, -1, 81, 99, 80, -1, 80, 99, 100, -1,
80, 100, 79, -1, 79, 100, 101, -1, 79, 101, 78, -1, 78, 101, 102, -1,
78, 102, 77, -1, 77, 102, 103, -1, 77, 103, 76, -1, 76, 103, 104, -1,
76, 104, 75, -1, 75, 104, 105, -1, 75, 105, 74, -1, 74, 105, 106, -1,
74, 106, 73, -1, 73, 106, 107, -1, 73, 107, 72, -1, 125, 127, 124, -1,
124, 127, 128, -1, 124, 128, 123, -1, 123, 128, 129, -1, 123, 129, 122, -1,
122, 129, 130, -1, 122, 130, 121, -1, 121, 130, 131, -1, 121, 131, 120, -1,
120, 131, 132, -1, 120, 132, 119, -1, 119, 132, 133, -1, 119, 133, 118, -1,
118, 133, 134, -1, 118, 134, 117, -1, 117, 134, 135, -1, 117, 135, 116, -1,
116, 135, 136, -1, 116, 136, 115, -1, 115, 136, 137, -1, 115, 137, 114, -1,
114, 137, 138, -1, 114, 138, 113, -1, 113, 138, 139, -1, 113, 139, 112, -1,
112, 139, 140, -1, 112, 140, 111, -1, 111, 140, 141, -1, 111, 141, 110, -1,
110, 141, 142, -1, 110, 142, 109, -1, 109, 142, 143, -1, 109, 143, 108, -1,
161, 163, 160, -1, 160, 163, 164, -1, 160, 164, 159, -1, 159, 164, 165, -1,
159, 165, 158, -1, 158, 165, 166, -1, 158, 166, 157, -1, 157, 166, 167, -1,
157, 167, 156, -1, 156, 167, 168, -1, 156, 168, 155, -1, 155, 168, 169, -1,
155, 169, 154, -1, 154, 169, 170, -1, 154, 170, 153, -1, 153, 170, 171, -1,
153, 171, 152, -1, 152, 171, 172, -1, 152, 172, 151, -1, 151, 172, 173, -1,
151, 173, 150, -1, 150, 173, 174, -1, 150, 174, 149, -1, 149, 174, 175, -1,
149, 175, 148, -1, 148, 175, 176, -1, 148, 176, 147, -1, 147, 176, 177, -1,
147, 177, 146, -1, 146, 177, 178, -1, 146, 178, 145, -1, 145, 178, 179, -1,
145, 179, 144, -1, 197, 199, 196, -1, 196, 199, 200, -1, 196, 200, 195, -1,
195, 200, 201, -1, 195, 201, 194, -1, 194, 201, 202, -1, 194, 202, 193, -1,
193, 202, 203, -1, 193, 203, 192, -1, 192, 203, 204, -1, 192, 204, 191, -1,
191, 204, 205, -1, 191, 205, 190, -1, 190, 205, 206, -1, 190, 206, 189, -1,
189, 206, 207, -1, 189, 207, 188, -1, 188, 207, 208, -1, 188, 208, 187, -1,
187, 208, 209, -1, 187, 209, 186, -1, 186, 209, 210, -1, 186, 210, 185, -1,
185, 210, 211, -1, 185, 211, 184, -1, 184, 211, 212, -1, 184, 212, 183, -1,
183, 212, 213, -1, 183, 213, 182, -1, 182, 213, 214, -1, 182, 214, 181, -1,
181, 214, 215, -1, 181, 215, 180, -1, 233, 235, 232, -1, 232, 235, 236, -1,
232, 236, 231, -1, 231, 236, 237, -1, 231, 237, 230, -1, 230, 237, 238, -1,
230, 238, 229, -1, 229, 238, 239, -1, 229, 239, 228, -1, 228, 239, 240, -1,
228, 240, 227, -1, 227, 240, 241, -1, 227, 241, 226, -1, 226, 241, 242, -1,
226, 242, 225, -1, 225, 242, 243, -1, 225, 243, 224, -1, 224, 243, 244, -1,
224, 244, 223, -1, 223, 244, 245, -1, 223, 245, 222, -1, 222, 245, 246, -1,
222, 246, 221, -1, 221, 246, 247, -1, 221, 247, 220, -1, 220, 247, 248, -1,
220, 248, 219, -1, 219, 248, 249, -1, 219, 249, 218, -1, 218, 249, 250, -1,
218, 250, 217, -1, 217, 250, 251, -1, 217, 251, 216, -1, 269, 271, 268, -1,
268, 271, 272, -1, 268, 272, 267, -1, 267, 272, 273, -1, 267, 273, 266, -1,
266, 273, 274, -1, 266, 274, 265, -1, 265, 274, 275, -1, 265, 275, 264, -1,
264, 275, 276, -1, 264, 276, 263, -1, 263, 276, 277, -1, 263, 277, 262, -1,
262, 277, 278, -1, 262, 278, 261, -1, 261, 278, 279, -1, 261, 279, 260, -1,
260, 279, 280, -1, 260, 280, 259, -1, 259, 280, 281, -1, 259, 281, 258, -1,
258, 281, 282, -1, 258, 282, 257, -1, 257, 282, 283, -1, 257, 283, 256, -1,
256, 283, 284, -1, 256, 284, 255, -1, 255, 284, 285, -1, 255, 285, 254, -1,
254, 285, 286, -1, 254, 286, 253, -1, 253, 286, 287, -1, 253, 287, 252, -1,
271, 269, 270, -1, 235, 233, 234, -1, 199, 197, 198, -1, 163, 161, 162, -1,
127, 125, 126, -1, 91, 89, 90, -1, 55, 53, 54, -1, 19, 17, 18, -1
            ]
          }
        }
      ]
    }
  ]
}
Transform {
  children [
    Group {
      children [
        Shape {
          appearance Appearance {
            material Material {
              diffuseColor 0.08 0.5 0.1
              specularColor 0.01 0.05 0.01
              emissiveColor 0 0 0
              ambientIntensity 0.8
              transparency 0
              shininess 0.02
            }
          }
          geometry IndexedFaceSet {
            solid TRUE
            coord Coordinate {
              point [
87.003369 -32.789961 -0.314961, 86.993956 -32.598361 -0.314961,
86.965809 -32.408606 -0.314961, 86.919198 -32.222524 -0.314961,
86.854572 -32.041906 -0.314961, 86.772553 -31.868493 -0.314961,
86.673932 -31.703954 -0.314961, 86.559659 -31.549873 -0.314961,
86.430833 -31.407736 -0.314961, 86.288695 -31.27891 -0.314961,
86.134615 -31.164636 -0.314961, 85.970076 -31.066015 -0.314961,
85.796663 -30.983997 -0.314961, 85.616045 -30.919371 -0.314961,
85.429963 -30.87276 -0.314961, 85.240208 -30.844612 -0.314961,
85.048608 -30.8352 -0.314961, 84.857008 -30.844612 -0.314961,
84.667253 -30.87276 -0.314961, 84.481171 -30.919371 -0.314961,
84.300553 -30.983997 -0.314961, 84.12714 -31.066015 -0.314961,
83.962601 -31.164636 -0.314961, 83.80852 -31.27891 -0.314961,
83.666383 -31.407736 -0.314961, 83.537557 -31.549873 -0.314961,
83.423283 -31.703954 -0.314961, 83.324663 -31.868493 -0.314961,
83.242644 -32.041906 -0.314961, 83.178018 -32.222524 -0.314961,
83.131407 -32.408606 -0.314961, 83.103259 -32.598361 -0.314961,
83.093847 -32.789961 -0.314961, 83.103259 -32.981561 -0.314961,
83.131407 -33.171316 -0.314961, 83.178018 -33.357398 -0.314961,
83.242644 -33.538015 -0.314961, 83.324663 -33.711429 -0.314961,
83.423283 -33.875968 -0.314961, 83.537557 -34.030048 -0.314961,
83.666383 -34.172185 -0.314961, 83.80852 -34.301011 -0.314961,
83.962601 -34.415285 -0.314961, 84.12714 -34.513906 -0.314961,
84.300553 -34.595924 -0.314961, 84.481171 -34.66055 -0.314961,
84.667253 -34.707161 -0.314961, 84.857008 -34.735309 -0.314961,
85.048608 -34.744722 -0.314961, 85.240208 -34.735309 -0.314961,
85.429963 -34.707161 -0.314961, 85.616045 -34.66055 -0.314961,
85.796663 -34.595924 -0.314961, 85.970076 -34.513906 -0.314961,
86.134615 -34.415285 -0.314961, 86.288695 -34.301011 -0.314961,
86.430833 -34.172185 -0.314961, 86.559659 -34.030048 -0.314961,
86.673932 -33.875968 -0.314961, 86.772553 -33.711429 -0.314961,
86.854572 -33.538015 -0.314961, 86.919198 -33.357398 -0.314961,
86.965809 -33.171316 -0.314961, 86.993956 -32.981561 -0.314961,
67.758366 -27.952756 -0.314961, 67.787972 -28.043874 -0.314961,
67.865482 -28.100188 -0.314961, 67.96129 -28.100188 -0.314961,
68.038799 -28.043874 -0.314961, 68.068406 -27.952756 -0.314961,
68.038799 -27.861638 -0.314961, 67.96129 -27.805323 -0.314961,
67.865482 -27.805323 -0.314961, 67.787972 -27.861638 -0.314961,
67.765748 -27.952756 -0.314961, 67.793944 -27.865977 -0.314961,
67.867763 -27.812344 -0.314961, 67.959008 -27.812344 -0.314961,
68.032827 -27.865977 -0.314961, 68.061024 -27.952756 -0.314961,
68.032827 -28.039535 -0.314961, 67.959008 -28.093168 -0.314961,
67.867763 -28.093168 -0.314961, 67.793944 -28.039535 -0.314961,
63.553698 -32.092475 -0.314961, 63.539611 -32.135826 -0.314961,
62.936766 -32.135827 -0.314961, 62.92268 -32.092475 -0.314961,
62.84394 -32.035267 -0.314961, 62.746611 -32.035267 -0.314961,
62.667871 -32.092475 -0.314961, 62.637795 -32.185039 -0.314961,
62.667871 -32.277604 -0.314961, 62.746611 -32.334812 -0.314961,
62.84394 -32.334812 -0.314961, 62.92268 -32.277604 -0.314961,
62.936766 -32.234252 -0.314961, 63.539611 -32.234251 -0.314961,
63.553698 -32.277604 -0.314961, 63.632438 -32.334812 -0.314961,
63.729766 -32.334812 -0.314961, 63.808507 -32.277604 -0.314961,
63.838583 -32.185039 -0.314961, 63.808507 -32.092475 -0.314961,
63.729766 -32.035267 -0.314961, 63.632438 -32.035267 -0.314961,
63.602362 -32.185039 -0.314961, 63.641732 -32.116848 -0.314961,
63.720472 -32.116848 -0.314961, 63.759843 -32.185039 -0.314961,
63.720472 -32.25323 -0.314961, 63.641732 -32.25323 -0.314961,
62.716535 -32.185039 -0.314961, 62.755906 -32.116848 -0.314961,
62.834646 -32.116848 -0.314961, 62.874016 -32.185039 -0.314961,
62.834646 -32.25323 -0.314961, 62.755906 -32.25323 -0.314961,
65.002461 -32.185039 -0.314961, 65.032067 -32.276158 -0.314961,
65.109577 -32.332472 -0.314961, 65.205384 -32.332472 -0.314961,
65.282894 -32.276158 -0.314961, 65.3125 -32.185039 -0.314961,
65.282894 -32.093921 -0.314961, 65.205384 -32.037607 -0.314961,
65.109577 -32.037607 -0.314961, 65.032067 -32.093921 -0.314961,
65.009843 -32.185039 -0.314961, 65.038039 -32.09826 -0.314961,
65.111858 -32.044627 -0.314961, 65.203103 -32.044627 -0.314961,
65.276922 -32.09826 -0.314961, 65.305118 -32.185039 -0.314961,
65.276922 -32.271819 -0.314961, 65.203103 -32.325451 -0.314961,
65.111858 -32.325451 -0.314961, 65.038039 -32.271819 -0.314961,
65.994094 -34.645669 -0.314961, 66.022291 -34.55889 -0.314961,
66.09611 -34.505257 -0.314961, 66.187355 -34.505257 -0.314961,
66.261174 -34.55889 -0.314961, 66.28937 -34.645669 -0.314961,
66.261174 -34.732449 -0.314961, 66.187355 -34.786081 -0.314961,
66.09611 -34.786081 -0.314961, 66.022291 -34.732449 -0.314961,
67.955217 -34.645669 -0.314961, 67.984823 -34.736788 -0.314961,
68.062333 -34.793102 -0.314961, 68.15814 -34.793102 -0.314961,
68.23565 -34.736788 -0.314961, 68.265256 -34.645669 -0.314961,
68.23565 -34.554551 -0.314961, 68.15814 -34.498237 -0.314961,
68.062333 -34.498237 -0.314961, 67.984823 -34.554551 -0.314961,
67.962598 -34.645669 -0.314961, 67.990795 -34.55889 -0.314961,
68.064614 -34.505257 -0.314961, 68.155859 -34.505257 -0.314961,
68.229678 -34.55889 -0.314961, 68.257874 -34.645669 -0.314961,
68.229678 -34.732449 -0.314961, 68.155859 -34.786081 -0.314961,
68.064614 -34.786081 -0.314961, 67.990795 -34.732449 -0.314961,
64.88189 -34.645669 -0.314961, 64.92126 -34.577478 -0.314961,
65. -34.577478 -0.314961, 65.03937 -34.645669 -0.314961,
65. -34.71386 -0.314961, 64.92126 -34.71386 -0.314961,
63.624508 -34.645669 -0.314961, 63.654114 -34.736788 -0.314961,
63.731624 -34.793102 -0.314961, 63.827431 -34.793102 -0.314961,
63.904941 -34.736788 -0.314961, 63.918557 -34.694882 -0.314961,
64.81914 -34.694882 -0.314961, 64.833226 -34.738234 -0.314961,
64.911966 -34.795442 -0.314961, 65.009294 -34.795442 -0.314961,
65.088034 -34.738234 -0.314961, 65.102121 -34.694882 -0.314961,
66.002702 -34.694882 -0.314961, 66.016319 -34.736788 -0.314961,
66.093829 -34.793102 -0.314961, 66.189636 -34.793102 -0.314961,
66.267146 -34.736788 -0.314961, 66.296752 -34.645669 -0.314961,
66.267146 -34.554551 -0.314961, 66.189636 -34.498237 -0.314961,
66.093829 -34.498237 -0.314961, 66.016319 -34.554551 -0.314961,
66.002702 -34.596456 -0.314961, 65.102121 -34.596457 -0.314961,
65.088034 -34.553105 -0.314961, 65.009294 -34.495897 -0.314961,
64.911966 -34.495897 -0.314961, 64.833226 -34.553105 -0.314961,
64.81914 -34.596457 -0.314961, 63.918557 -34.596457 -0.314961,
63.904941 -34.554551 -0.314961, 63.827431 -34.498237 -0.314961,
63.731624 -34.498237 -0.314961, 63.654114 -34.554551 -0.314961,
63.63189 -34.645669 -0.314961, 63.660086 -34.55889 -0.314961,
63.733905 -34.505257 -0.314961, 63.82515 -34.505257 -0.314961,
63.898969 -34.55889 -0.314961, 63.927165 -34.645669 -0.314961,
63.898969 -34.732449 -0.314961, 63.82515 -34.786081 -0.314961,
63.733905 -34.786081 -0.314961, 63.660086 -34.732449 -0.314961
              ]
            }
            coordIndex [
69, 68, 79, -1, 69, 79, 70, -1, 70, 79, 78, -1, 70, 78, 71, -1,
71, 78, 77, -1, 71, 77, 76, -1, 74, 64, 73, -1, 74, 73, 75, -1,
75, 73, 72, -1, 75, 72, 76, -1, 76, 72, 71, -1, 81, 80, 67, -1,
67, 80, 68, -1, 68, 80, 79, -1, 65, 74, 83, -1, 65, 83, 66, -1,
66, 83, 82, -1, 66, 82, 67, -1, 67, 82, 81, -1, 108, 107, 104, -1,
108, 104, 109, -1, 109, 104, 103, -1, 109, 103, 101, -1, 101, 103, 102, -1,
99, 98, 84, -1, 99, 84, 106, -1, 106, 84, 105, -1, 106, 105, 107, -1,
107, 105, 104, -1, 101, 100, 109, -1, 109, 100, 110, -1, 110, 100, 111, -1,
111, 100, 99, -1, 94, 116, 115, -1, 94, 115, 95, -1, 95, 115, 87, -1,
95, 87, 96, -1, 96, 87, 86, -1, 96, 86, 97, -1, 97, 86, 85, -1,
97, 85, 98, -1, 98, 85, 84, -1, 89, 88, 113, -1, 113, 88, 114, -1,
114, 88, 115, -1, 115, 88, 87, -1, 113, 112, 89, -1, 89, 112, 90, -1,
90, 112, 93, -1, 93, 112, 117, -1, 93, 117, 94, -1, 94, 117, 116, -1,
91, 90, 92, -1, 92, 90, 93, -1, 33, 32, 31, -1, 33, 31, 34, -1,
34, 31, 30, -1, 34, 30, 35, -1, 35, 30, 29, -1, 35, 29, 36, -1,
36, 29, 28, -1, 36, 28, 37, -1, 37, 28, 27, -1, 37, 27, 38, -1,
38, 27, 26, -1, 38, 26, 39, -1, 39, 26, 25, -1, 39, 25, 40, -1,
40, 25, 24, -1, 40, 24, 41, -1, 41, 24, 23, -1, 41, 23, 42, -1,
42, 23, 22, -1, 42, 22, 43, -1, 43, 22, 21, -1, 43, 21, 44, -1,
44, 21, 20, -1, 44, 20, 45, -1, 45, 20, 19, -1, 45, 19, 46, -1,
46, 19, 18, -1, 46, 18, 47, -1, 47, 18, 17, -1, 47, 17, 48, -1,
48, 17, 16, -1, 48, 16, 49, -1, 49, 16, 15, -1, 49, 15, 50, -1,
50, 15, 14, -1, 50, 14, 51, -1, 51, 14, 13, -1, 51, 13, 52, -1,
52, 13, 12, -1, 52, 12, 53, -1, 53, 12, 11, -1, 53, 11, 54, -1,
54, 11, 10, -1, 54, 10, 55, -1, 55, 10, 9, -1, 55, 9, 56, -1,
56, 9, 8, -1, 56, 8, 57, -1, 57, 8, 7, -1, 57, 7, 58, -1,
58, 7, 6, -1, 58, 6, 59, -1, 59, 6, 5, -1, 59, 5, 60, -1,
60, 5, 4, -1, 60, 4, 61, -1, 61, 4, 3, -1, 61, 3, 62, -1,
62, 3, 2, -1, 62, 2, 63, -1, 63, 2, 1, -1, 63, 1, 0, -1,
123, 122, 133, -1, 123, 133, 124, -1, 124, 133, 132, -1, 124, 132, 125, -1,
125, 132, 131, -1, 125, 131, 130, -1, 128, 118, 127, -1, 128, 127, 129, -1,
129, 127, 126, -1, 129, 126, 130, -1, 130, 126, 125, -1, 135, 134, 121, -1,
121, 134, 122, -1, 122, 134, 133, -1, 119, 128, 137, -1, 119, 137, 120, -1,
120, 137, 136, -1, 120, 136, 121, -1, 121, 136, 135, -1, 191, 190, 143, -1,
191, 143, 192, -1, 192, 143, 142, -1, 192, 142, 193, -1, 193, 142, 141, -1,
193, 141, 140, -1, 195, 194, 139, -1, 139, 194, 140, -1, 140, 194, 193, -1,
186, 185, 197, -1, 186, 197, 138, -1, 138, 197, 196, -1, 138, 196, 139, -1,
139, 196, 195, -1, 145, 144, 189, -1, 189, 144, 190, -1, 190, 144, 143, -1,
187, 186, 147, -1, 187, 147, 188, -1, 188, 147, 146, -1, 188, 146, 189, -1,
189, 146, 145, -1, 183, 172, 171, -1, 183, 171, 184, -1, 184, 171, 198, -1,
184, 198, 185, -1, 185, 198, 197, -1, 200, 199, 169, -1, 169, 199, 170, -1,
170, 199, 171, -1, 171, 199, 198, -1, 169, 168, 200, -1, 200, 168, 201, -1,
201, 168, 182, -1, 182, 168, 173, -1, 153, 152, 163, -1, 153, 163, 154, -1,
154, 163, 162, -1, 154, 162, 155, -1, 155, 162, 161, -1, 155, 161, 160, -1,
158, 148, 157, -1, 158, 157, 159, -1, 159, 157, 156, -1, 159, 156, 160, -1,
160, 156, 155, -1, 165, 164, 151, -1, 151, 164, 152, -1, 152, 164, 163, -1,
149, 158, 167, -1, 149, 167, 150, -1, 150, 167, 166, -1, 150, 166, 151, -1,
151, 166, 165, -1, 182, 173, 183, -1, 183, 173, 172, -1, 179, 178, 213, -1,
179, 213, 180, -1, 180, 213, 202, -1, 180, 202, 181, -1, 181, 202, 201, -1,
181, 201, 182, -1, 211, 210, 205, -1, 211, 205, 212, -1, 212, 205, 204, -1,
212, 204, 213, -1, 213, 204, 203, -1, 213, 203, 202, -1, 208, 174, 207, -1,
208, 207, 209, -1, 209, 207, 206, -1, 209, 206, 210, -1, 210, 206, 205, -1,
215, 214, 177, -1, 177, 214, 178, -1, 178, 214, 213, -1, 175, 208, 217, -1,
175, 217, 176, -1, 176, 217, 216, -1, 176, 216, 177, -1, 177, 216, 215, -1,
208, 175, 174, -1, 158, 149, 148, -1, 186, 138, 147, -1, 128, 119, 118, -1,
99, 106, 111, -1, 74, 65, 64, -1
            ]
          }
        }
      ]
    }
  ]
}
Transform {
  children [
    Group {
      children [
        Shape {
          appearance Appearance {
            material Material {
              diffuseColor 0.749 0.756 0.761
              specularColor 0.749 0.756 0.761
              emissiveColor 0 0 0
              ambientIntensity 0.8
              transparency 0
              shininess 0.8
            }
          }
          geometry IndexedFaceSet {
            solid TRUE
            coord Coordinate {
              point [

              ]
            }
            coordIndex [

            ]
          }
        }
      ]
    }
  ]
}
Transform {
  children [
    Group {
      children [
        Shape {
          appearance Appearance {
            material Material {
              diffuseColor 0.749 0.756 0.761
              specularColor 0.749 0.756 0.761
              emissiveColor 0 0 0
              ambientIntensity 0.8
              transparency 0
              shininess 0.8
            }
          }
          geometry IndexedFaceSet {
            solid TRUE
            coord Coordinate {
              point [

              ]
            }
            coordIndex [

            ]
          }
        }
      ]
    }
  ]
}
Transform {
  children [
    Group {
      children [
        Shape {
          appearance Appearance {
            material Material {
              diffuseColor 0.9 0.9 0.9
              specularColor 0.1 0.1 0.1
              emissiveColor 0 0 0
              ambientIntensity 0.9
              transparency 0
              shininess 0.02
            }
          }
          geometry IndexedFaceSet {
            solid TRUE
            coord Coordinate {
              point [
61.210864 -27.902531 0.334646, 61.1961 -27.928102 0.334646,
61.1961 -28.246813 0.334646, 61.199642 -28.252947 0.334646,
61.199218 -28.260018 0.334646, 61.217965 -28.297513 0.334646,
61.222186 -28.3003 0.334646, 61.223496 -28.305187 0.334646,
61.242244 -28.323935 0.334646, 61.24713 -28.325244 0.334646,
61.249918 -28.329466 0.334646, 61.287413 -28.348213 0.334646,
61.294484 -28.347789 0.334646, 61.300619 -28.351331 0.334646,
61.375609 -28.351331 0.334646, 61.381743 -28.347789 0.334646,
61.388814 -28.348213 0.334646, 61.426309 -28.329466 0.334646,
61.429096 -28.325244 0.334646, 61.433983 -28.323935 0.334646,
61.452731 -28.305187 0.334646, 61.45404 -28.3003 0.334646,
61.458262 -28.297513 0.334646, 61.47701 -28.260018 0.334646,
61.476585 -28.252947 0.334646, 61.480127 -28.246813 0.334646,
61.480127 -27.928102 0.334646, 61.465363 -27.902531 0.334646,
61.435836 -27.902531 0.334646, 61.421072 -27.928102 0.334646,
61.421073 -28.239843 0.334646, 61.407585 -28.266817 0.334646,
61.395613 -28.278788 0.334646, 61.368638 -28.292276 0.334646,
61.30759 -28.292276 0.334646, 61.280614 -28.278788 0.334646,
61.268643 -28.266817 0.334646, 61.255156 -28.239842 0.334646,
61.255156 -27.928102 0.334646, 61.240392 -27.902531 0.334646,
61.707246 -27.911723 0.334646, 61.671371 -27.965533 0.334646,
61.639333 -27.997574 0.334646, 61.606124 -28.014178 0.334646,
61.589854 -28.038819 0.334646, 61.603059 -28.06523 0.334646,
61.632534 -28.066999 0.334646, 61.670029 -28.048251 0.334646,
61.672816 -28.044029 0.334646, 61.677703 -28.04272 0.334646,
61.702286 -28.018136 0.334646, 61.702287 -28.292276 0.334646,
61.619329 -28.292276 0.334646, 61.593757 -28.307039 0.334646,
61.593757 -28.336567 0.334646, 61.619329 -28.351331 0.334646,
61.8443 -28.351331 0.334646, 61.869872 -28.336567 0.334646,
61.869872 -28.307039 0.334646, 61.8443 -28.292276 0.334646,
61.761342 -28.292275 0.334646, 61.761342 -27.928102 0.334646,
61.757833 -27.922022 0.334646, 61.758283 -27.915015 0.334646,
61.750973 -27.910141 0.334646, 61.746578 -27.902531 0.334646,
61.739558 -27.902531 0.334646, 61.733715 -27.898636 0.334646,
61.725839 -27.902531 0.334646, 61.717051 -27.902531 0.334646,
61.713542 -27.908612 0.334646, 62.314958 -28.461909 0.334646,
62.293307 -28.449409 0.334646, 61.525591 -28.449409 0.334646,
60.167323 -28.449409 0.334646, 60.145672 -28.461909 0.334646,
60.145672 -28.486909 0.334646, 60.167323 -28.499409 0.334646,
61.525591 -28.499409 0.334646, 62.293307 -28.499409 0.334646,
62.314958 -28.486909 0.334646, 62.314958 -30.477657 0.334646,
62.293307 -30.465157 0.334646, 61.525591 -30.465157 0.334646,
60.757874 -30.465157 0.334646, 60.736223 -30.477657 0.334646,
60.736223 -30.502657 0.334646, 60.757874 -30.515157 0.334646,
61.525591 -30.515157 0.334646, 62.293307 -30.515157 0.334646,
62.314958 -30.502657 0.334646
              ]
            }
            coordIndex [
24, 25, 26, -1, 24, 26, 27, -1, 24, 27, 22, -1, 24, 22, 23, -1,
18, 19, 28, -1, 28, 19, 20, -1, 28, 20, 27, -1, 27, 20, 21, -1,
27, 21, 22, -1, 17, 18, 28, -1, 17, 28, 30, -1, 17, 30, 31, -1,
17, 31, 32, -1, 17, 32, 16, -1, 1, 3, 0, -1, 0, 3, 5, -1,
0, 5, 39, -1, 39, 5, 6, -1, 39, 6, 7, -1, 32, 33, 14, -1,
32, 14, 15, -1, 32, 15, 16, -1, 34, 35, 11, -1, 34, 11, 12, -1,
34, 12, 13, -1, 34, 13, 14, -1, 34, 14, 33, -1, 8, 9, 38, -1,
38, 9, 10, -1, 38, 10, 37, -1, 37, 10, 11, -1, 37, 11, 36, -1,
36, 11, 35, -1, 39, 7, 8, -1, 39, 8, 38, -1, 64, 65, 60, -1,
64, 60, 62, -1, 64, 62, 63, -1, 49, 50, 40, -1, 40, 50, 51, -1,
40, 51, 60, -1, 60, 51, 56, -1, 60, 56, 59, -1, 59, 56, 57, -1,
59, 57, 58, -1, 60, 65, 66, -1, 60, 66, 67, -1, 60, 67, 68, -1,
60, 68, 69, -1, 60, 69, 70, -1, 60, 70, 40, -1, 52, 53, 55, -1,
52, 55, 56, -1, 52, 56, 51, -1, 44, 45, 43, -1, 43, 45, 46, -1,
43, 46, 42, -1, 42, 46, 47, -1, 42, 47, 41, -1, 41, 47, 48, -1,
41, 48, 40, -1, 40, 48, 49, -1, 75, 77, 74, -1, 74, 77, 78, -1,
74, 78, 73, -1, 73, 78, 79, -1, 73, 79, 72, -1, 72, 79, 80, -1,
72, 80, 71, -1, 85, 87, 84, -1, 84, 87, 88, -1, 84, 88, 83, -1,
83, 88, 89, -1, 83, 89, 82, -1, 82, 89, 90, -1, 82, 90, 81, -1,
87, 85, 86, -1, 77, 75, 76, -1, 55, 53, 54, -1, 61, 62, 60, -1,
5, 3, 4, -1, 3, 1, 2, -1, 30, 28, 29, -1
            ]
          }
        }
      ]
    }
  ]
}
Transform {
  children [
    Group {
      children [
        Shape {
          appearance Appearance {
            material Material {
              diffuseColor 0.9 0.9 0.9
              specularColor 0.1 0.1 0.1
              emissiveColor 0 0 0
              ambientIntensity 0.9
              transparency 0
              shininess 0.02
            }
          }
          geometry IndexedFaceSet {
            solid TRUE
            coord Coordinate {
              point [
76.951161 -27.162951 -0.334646, 76.96465 -27.135976 -0.334646,
76.976621 -27.124005 -0.334646, 77.003596 -27.110517 -0.334646,
77.045896 -27.110517 -0.334646, 77.072872 -27.124005 -0.334646,
77.084844 -27.135976 -0.334646, 77.098331 -27.162951 -0.334646,
77.098332 -27.261496 -0.334646, 77.084844 -27.28847 -0.334646,
77.072872 -27.300442 -0.334646, 77.045896 -27.313929 -0.334646,
77.003596 -27.313929 -0.334646, 76.976621 -27.300442 -0.334646,
76.96465 -27.28847 -0.334646, 76.951161 -27.261495 -0.334646,
77.135521 -27.10528 -0.334646, 77.131299 -27.102492 -0.334646,
77.12999 -27.097606 -0.334646, 77.111243 -27.078858 -0.334646,
77.106355 -27.077549 -0.334646, 77.103569 -27.073327 -0.334646,
77.066073 -27.05458 -0.334646, 77.059003 -27.055004 -0.334646,
77.052868 -27.051462 -0.334646, 76.996625 -27.051462 -0.334646,
76.990491 -27.055004 -0.334646, 76.98342 -27.05458 -0.334646,
76.945925 -27.073327 -0.334646, 76.943137 -27.077549 -0.334646,
76.938251 -27.078858 -0.334646, 76.919503 -27.097606 -0.334646,
76.918193 -27.102492 -0.334646, 76.913972 -27.10528 -0.334646,
76.895224 -27.142775 -0.334646, 76.895649 -27.149846 -0.334646,
76.892107 -27.15598 -0.334646, 76.892107 -27.268466 -0.334646,
76.895649 -27.274601 -0.334646, 76.895224 -27.281671 -0.334646,
76.913972 -27.319167 -0.334646, 76.918193 -27.321954 -0.334646,
76.919503 -27.326841 -0.334646, 76.938251 -27.345588 -0.334646,
76.943137 -27.346897 -0.334646, 76.945925 -27.351119 -0.334646,
76.98342 -27.369867 -0.334646, 76.990491 -27.369443 -0.334646,
76.996625 -27.372984 -0.334646, 77.052868 -27.372984 -0.334646,
77.059003 -27.369443 -0.334646, 77.066073 -27.369867 -0.334646,
77.103569 -27.351119 -0.334646, 77.106355 -27.346897 -0.334646,
77.111243 -27.345588 -0.334646, 77.12999 -27.326841 -0.334646,
77.131299 -27.321954 -0.334646, 77.135521 -27.319167 -0.334646,
77.154269 -27.281671 -0.334646, 77.153845 -27.274601 -0.334646,
77.157386 -27.268466 -0.334646, 77.157386 -27.15598 -0.334646,
77.153845 -27.149846 -0.334646, 77.154269 -27.142775 -0.334646,
77.307367 -27.031717 -0.334646, 77.320855 -27.004742 -0.334646,
77.332828 -26.992772 -0.334646, 77.359801 -26.979283 -0.334646,
77.473284 -26.979283 -0.334646, 77.473284 -27.126453 -0.334646,
77.359801 -27.126453 -0.334646, 77.332826 -27.112965 -0.334646,
77.320855 -27.100994 -0.334646, 77.307367 -27.074019 -0.334646,
77.270178 -27.13169 -0.334646, 77.274398 -27.134477 -0.334646,
77.275709 -27.139364 -0.334646, 77.294456 -27.158112 -0.334646,
77.299342 -27.159421 -0.334646, 77.30213 -27.163643 -0.334646,
77.339626 -27.182391 -0.334646, 77.346696 -27.181966 -0.334646,
77.352831 -27.185508 -0.334646, 77.473285 -27.185508 -0.334646,
77.473284 -27.343457 -0.334646, 77.488048 -27.369028 -0.334646,
77.517576 -27.369028 -0.334646, 77.532339 -27.343457 -0.334646,
77.532339 -26.949756 -0.334646, 77.528386 -26.942905 -0.334646,
77.528383 -26.934992 -0.334646, 77.521534 -26.931037 -0.334646,
77.517576 -26.924184 -0.334646, 77.509666 -26.924185 -0.334646,
77.502812 -26.920228 -0.334646, 77.352831 -26.920228 -0.334646,
77.346698 -26.923771 -0.334646, 77.339625 -26.923346 -0.334646,
77.30213 -26.942094 -0.334646, 77.299342 -26.946315 -0.334646,
77.294456 -26.947625 -0.334646, 77.275709 -26.966372 -0.334646,
77.274398 -26.971259 -0.334646, 77.270178 -26.974046 -0.334646,
77.25143 -27.011542 -0.334646, 77.251854 -27.018612 -0.334646,
77.248313 -27.024747 -0.334646, 77.248313 -27.08099 -0.334646,
77.251854 -27.087124 -0.334646, 77.25143 -27.094195 -0.334646,
76.718607 -27.238429 -0.334646, 76.723378 -27.243202 -0.334646,
76.723378 -27.343457 -0.334646, 76.738142 -27.369028 -0.334646,
76.767669 -27.369028 -0.334646, 76.782433 -27.343457 -0.334646,
76.782433 -26.949756 -0.334646, 76.767669 -26.924184 -0.334646,
76.738142 -26.924184 -0.334646, 76.723378 -26.949756 -0.334646,
76.723377 -27.159685 -0.334646, 76.623804 -27.060111 -0.334646,
76.595282 -27.052468 -0.334646, 76.574403 -27.073347 -0.334646,
76.582045 -27.101869 -0.334646, 76.676422 -27.196246 -0.334646,
76.579302 -27.32574 -0.334646, 76.57577 -27.355056 -0.334646,
76.599392 -27.372772 -0.334646, 76.626546 -27.361173 -0.334646,
76.47587 -26.955267 -0.334646, 76.473823 -26.947625 -0.334646,
76.455075 -26.928877 -0.334646, 76.451045 -26.927797 -0.334646,
76.448959 -26.924184 -0.334646, 76.444789 -26.924185 -0.334646,
76.441838 -26.921234 -0.334646, 76.434196 -26.923282 -0.334646,
76.426554 -26.921234 -0.334646, 76.423604 -26.924184 -0.334646,
76.419432 -26.924184 -0.334646, 76.417348 -26.927798 -0.334646,
76.413316 -26.928877 -0.334646, 76.394569 -26.947625 -0.334646,
76.392521 -26.955267 -0.334646, 76.386927 -26.960862 -0.334646,
76.388974 -26.968504 -0.334646, 76.386927 -26.976147 -0.334646,
76.392521 -26.981741 -0.334646, 76.394569 -26.989383 -0.334646,
76.413317 -27.008131 -0.334646, 76.417347 -27.009211 -0.334646,
76.419432 -27.012823 -0.334646, 76.423605 -27.012824 -0.334646,
76.426553 -27.015773 -0.334646, 76.434197 -27.013726 -0.334646,
76.441838 -27.015773 -0.334646, 76.444789 -27.012824 -0.334646,
76.448959 -27.012823 -0.334646, 76.451047 -27.009211 -0.334646,
76.455075 -27.008131 -0.334646, 76.473822 -26.989383 -0.334646,
76.475868 -26.98174 -0.334646, 76.481465 -26.976147 -0.334646,
76.479417 -26.968504 -0.334646, 76.481465 -26.960862 -0.334646,
76.463723 -27.08099 -0.334646, 76.448959 -27.055418 -0.334646,
76.419432 -27.055418 -0.334646, 76.404668 -27.08099 -0.334646,
76.404668 -27.343457 -0.334646, 76.419432 -27.369028 -0.334646,
76.448959 -27.369028 -0.334646, 76.463723 -27.343457 -0.334646,
76.063226 -27.369028 -0.334646, 76.092754 -27.369028 -0.334646,
76.107518 -27.343457 -0.334646, 76.107518 -27.144203 -0.334646,
76.118747 -27.121746 -0.334646, 76.141204 -27.110517 -0.334646,
76.183504 -27.110517 -0.334646, 76.21048 -27.124005 -0.334646,
76.21719 -27.130715 -0.334646, 76.217191 -27.343457 -0.334646,
76.231955 -27.369028 -0.334646, 76.261483 -27.369028 -0.334646,
76.276246 -27.343457 -0.334646, 76.276246 -27.08099 -0.334646,
76.261483 -27.055418 -0.334646, 76.231955 -27.055418 -0.334646,
76.225997 -27.065738 -0.334646, 76.203681 -27.05458 -0.334646,
76.19661 -27.055004 -0.334646, 76.190476 -27.051462 -0.334646,
76.134233 -27.051462 -0.334646, 76.128099 -27.055004 -0.334646,
76.121028 -27.05458 -0.334646, 76.083533 -27.073327 -0.334646,
76.078281 -27.081281 -0.334646, 76.070328 -27.086532 -0.334646,
76.05158 -27.124028 -0.334646, 76.052004 -27.131098 -0.334646,
76.048463 -27.137233 -0.334646, 76.048463 -27.343457 -0.334646,
75.076396 -27.162951 -0.334646, 75.089884 -27.135976 -0.334646,
75.101855 -27.124005 -0.334646, 75.12883 -27.110517 -0.334646,
75.171131 -27.110517 -0.334646, 75.198108 -27.124005 -0.334646,
75.210078 -27.135976 -0.334646, 75.223566 -27.162951 -0.334646,
75.223566 -27.261496 -0.334646, 75.210078 -27.28847 -0.334646,
75.198108 -27.300442 -0.334646, 75.171131 -27.313929 -0.334646,
75.12883 -27.313929 -0.334646, 75.101855 -27.300442 -0.334646,
75.089884 -27.28847 -0.334646, 75.076396 -27.261495 -0.334646,
75.260756 -27.10528 -0.334646, 75.256534 -27.102492 -0.334646,
75.255225 -27.097606 -0.334646, 75.236477 -27.078858 -0.334646,
75.231588 -27.077548 -0.334646, 75.228803 -27.073327 -0.334646,
75.191307 -27.054579 -0.334646, 75.184236 -27.055003 -0.334646,
75.178102 -27.051462 -0.334646, 75.121859 -27.051462 -0.334646,
75.115725 -27.055004 -0.334646, 75.108654 -27.05458 -0.334646,
75.071159 -27.073327 -0.334646, 75.068371 -27.077549 -0.334646,
75.063485 -27.078858 -0.334646, 75.044737 -27.097606 -0.334646,
75.043427 -27.102492 -0.334646, 75.039206 -27.10528 -0.334646,
75.020459 -27.142775 -0.334646, 75.020883 -27.149846 -0.334646,
75.017341 -27.15598 -0.334646, 75.017341 -27.268466 -0.334646,
75.020883 -27.274601 -0.334646, 75.020459 -27.281671 -0.334646,
75.039206 -27.319167 -0.334646, 75.043427 -27.321954 -0.334646,
75.044737 -27.326841 -0.334646, 75.063485 -27.345588 -0.334646,
75.068371 -27.346897 -0.334646, 75.071159 -27.351119 -0.334646,
75.108654 -27.369867 -0.334646, 75.115725 -27.369443 -0.334646,
75.121859 -27.372984 -0.334646, 75.178102 -27.372984 -0.334646,
75.184236 -27.369442 -0.334646, 75.191307 -27.369867 -0.334646,
75.228803 -27.351119 -0.334646, 75.231588 -27.346897 -0.334646,
75.236477 -27.345588 -0.334646, 75.255225 -27.326841 -0.334646,
75.256534 -27.321954 -0.334646, 75.260756 -27.319167 -0.334646,
75.279504 -27.281671 -0.334646, 75.279079 -27.274601 -0.334646,
75.282621 -27.268466 -0.334646, 75.282621 -27.15598 -0.334646,
75.279079 -27.149846 -0.334646, 75.279504 -27.142775 -0.334646,
75.884971 -27.351119 -0.334646, 75.887757 -27.346897 -0.334646,
75.892645 -27.345588 -0.334646, 75.911393 -27.326841 -0.334646,
75.912701 -27.321954 -0.334646, 75.916924 -27.319167 -0.334646,
75.935671 -27.281671 -0.334646, 75.935247 -27.274601 -0.334646,
75.938789 -27.268466 -0.334646, 75.938789 -27.15598 -0.334646,
75.935247 -27.149846 -0.334646, 75.935671 -27.142775 -0.334646,
75.916924 -27.10528 -0.334646, 75.912701 -27.102492 -0.334646,
75.911393 -27.097606 -0.334646, 75.892645 -27.078858 -0.334646,
75.887757 -27.077549 -0.334646, 75.884971 -27.073327 -0.334646,
75.847476 -27.05458 -0.334646, 75.840405 -27.055004 -0.334646,
75.83427 -27.051462 -0.334646, 75.75928 -27.051462 -0.334646,
75.753145 -27.055004 -0.334646, 75.746075 -27.05458 -0.334646,
75.738306 -27.058463 -0.334646, 75.736548 -27.055418 -0.334646,
75.707021 -27.055418 -0.334646, 75.692257 -27.08099 -0.334646,
75.692257 -27.3997 -0.334646, 75.695799 -27.405834 -0.334646,
75.695374 -27.412905 -0.334646, 75.714122 -27.4504 -0.334646,
75.718343 -27.453187 -0.334646, 75.719653 -27.458074 -0.334646,
75.738401 -27.476822 -0.334646, 75.743287 -27.478131 -0.334646,
75.746075 -27.482353 -0.334646, 75.78357 -27.501101 -0.334646,
75.790641 -27.500676 -0.334646, 75.796775 -27.504218 -0.334646,
75.853018 -27.504218 -0.334646, 75.859153 -27.500676 -0.334646,
75.866223 -27.501101 -0.334646, 75.903719 -27.482353 -0.334646,
75.919988 -27.457712 -0.334646, 75.906783 -27.431302 -0.334646,
75.877308 -27.429533 -0.334646, 75.846046 -27.445163 -0.334646,
75.803746 -27.445163 -0.334646, 75.776771 -27.431676 -0.334646,
75.7648 -27.419704 -0.334646, 75.751313 -27.39273 -0.334646,
75.751314 -27.369553 -0.334646, 75.753145 -27.369443 -0.334646,
75.75928 -27.372984 -0.334646, 75.83427 -27.372984 -0.334646,
75.840405 -27.369443 -0.334646, 75.847476 -27.369867 -0.334646,
75.879734 -27.261496 -0.334646, 75.866246 -27.28847 -0.334646,
75.854275 -27.300442 -0.334646, 75.8273 -27.313929 -0.334646,
75.766251 -27.313929 -0.334646, 75.751311 -27.30646 -0.334646,
75.751313 -27.117987 -0.334646, 75.766251 -27.110518 -0.334646,
75.8273 -27.110517 -0.334646, 75.854275 -27.124005 -0.334646,
75.866246 -27.135976 -0.334646, 75.879734 -27.162951 -0.334646,
74.892904 -27.055418 -0.334646, 74.863376 -27.055418 -0.334646,
74.848613 -27.08099 -0.334646, 74.848614 -27.280244 -0.334646,
74.837385 -27.302701 -0.334646, 74.814926 -27.313929 -0.334646,
74.772626 -27.31393 -0.334646, 74.745649 -27.300442 -0.334646,
74.73894 -27.293731 -0.334646, 74.738939 -27.08099 -0.334646,
74.724175 -27.055418 -0.334646, 74.694647 -27.055418 -0.334646,
74.679883 -27.08099 -0.334646, 74.679883 -27.343457 -0.334646,
74.694647 -27.369028 -0.334646, 74.724175 -27.369028 -0.334646,
74.730133 -27.358709 -0.334646, 74.752449 -27.369867 -0.334646,
74.75952 -27.369443 -0.334646, 74.765654 -27.372984 -0.334646,
74.821897 -27.372984 -0.334646, 74.828032 -27.369443 -0.334646,
74.835102 -27.369867 -0.334646, 74.872598 -27.351119 -0.334646,
74.877849 -27.343166 -0.334646, 74.885803 -27.337914 -0.334646,
74.90455 -27.300419 -0.334646, 74.904126 -27.293348 -0.334646,
74.907668 -27.287214 -0.334646, 74.907668 -27.08099 -0.334646,
74.536698 -26.924184 -0.334646, 74.507171 -26.924184 -0.334646,
74.492407 -26.949756 -0.334646, 74.492408 -27.051463 -0.334646,
74.428196 -27.051462 -0.334646, 74.402625 -27.066226 -0.334646,
74.402625 -27.095754 -0.334646, 74.428196 -27.110517 -0.334646,
74.492407 -27.110517 -0.334646, 74.492408 -27.280244 -0.334646,
74.481179 -27.302701 -0.334646, 74.45872 -27.313929 -0.334646,
74.428196 -27.313929 -0.334646, 74.402625 -27.328693 -0.334646,
74.402625 -27.35822 -0.334646, 74.428196 -27.372984 -0.334646,
74.465692 -27.372984 -0.334646, 74.471826 -27.369443 -0.334646,
74.478897 -27.369867 -0.334646, 74.516392 -27.351119 -0.334646,
74.521644 -27.343166 -0.334646, 74.529597 -27.337914 -0.334646,
74.548345 -27.300419 -0.334646, 74.54792 -27.293348 -0.334646,
74.551462 -27.287214 -0.334646, 74.551461 -27.110517 -0.334646,
74.578178 -27.110517 -0.334646, 74.603749 -27.095754 -0.334646,
74.603749 -27.066226 -0.334646, 74.578178 -27.051462 -0.334646,
74.551461 -27.051462 -0.334646, 74.551462 -26.949756 -0.334646,
74.011764 -26.924184 -0.334646, 73.982236 -26.924184 -0.334646,
73.967472 -26.949756 -0.334646, 73.967474 -27.051463 -0.334646,
73.903262 -27.051462 -0.334646, 73.87769 -27.066226 -0.334646,
73.87769 -27.095754 -0.334646, 73.903262 -27.110517 -0.334646,
73.967473 -27.110517 -0.334646, 73.967474 -27.280244 -0.334646,
73.956245 -27.302701 -0.334646, 73.933785 -27.313929 -0.334646,
73.903262 -27.313929 -0.334646, 73.87769 -27.328693 -0.334646,
73.87769 -27.35822 -0.334646, 73.903262 -27.372984 -0.334646,
73.940757 -27.372984 -0.334646, 73.946892 -27.369443 -0.334646,
73.953962 -27.369867 -0.334646, 73.991457 -27.351119 -0.334646,
73.996709 -27.343166 -0.334646, 74.004663 -27.337914 -0.334646,
74.02341 -27.300419 -0.334646, 74.022986 -27.293348 -0.334646,
74.026528 -27.287214 -0.334646, 74.026527 -27.110517 -0.334646,
74.053243 -27.110517 -0.334646, 74.078815 -27.095754 -0.334646,
74.078815 -27.066226 -0.334646, 74.053243 -27.051462 -0.334646,
74.026526 -27.051462 -0.334646, 74.026528 -26.949756 -0.334646,
73.588535 -27.369028 -0.334646, 73.618063 -27.369028 -0.334646,
73.632827 -27.343457 -0.334646, 73.632825 -27.144203 -0.334646,
73.644055 -27.121746 -0.334646, 73.666512 -27.110517 -0.334646,
73.708814 -27.110517 -0.334646, 73.73579 -27.124005 -0.334646,
73.742501 -27.130716 -0.334646, 73.742501 -27.343457 -0.334646,
73.757265 -27.369028 -0.334646, 73.786792 -27.369028 -0.334646,
73.801556 -27.343457 -0.334646, 73.801556 -26.949756 -0.334646,
73.786792 -26.924184 -0.334646, 73.757265 -26.924184 -0.334646,
73.742501 -26.949756 -0.334646, 73.742501 -27.061335 -0.334646,
73.728991 -27.05458 -0.334646, 73.72192 -27.055004 -0.334646,
73.715785 -27.051462 -0.334646, 73.659543 -27.051462 -0.334646,
73.653408 -27.055004 -0.334646, 73.646337 -27.05458 -0.334646,
73.608842 -27.073327 -0.334646, 73.603591 -27.081281 -0.334646,
73.595637 -27.086532 -0.334646, 73.576889 -27.124027 -0.334646,
73.577316 -27.131099 -0.334646, 73.573772 -27.137233 -0.334646,
73.573772 -27.343457 -0.334646, 73.276622 -27.144203 -0.334646,
73.287851 -27.121746 -0.334646, 73.310309 -27.110518 -0.334646,
73.371357 -27.110517 -0.334646, 73.393815 -27.121746 -0.334646,
73.405042 -27.144203 -0.334646, 73.405042 -27.176205 -0.334646,
73.276623 -27.150522 -0.334646, 73.227053 -27.191158 -0.334646,
73.23233 -27.2003 -0.334646, 73.237454 -27.2003 -0.334646,
73.241303 -27.203682 -0.334646, 73.405044 -27.23643 -0.334646,
73.405043 -27.280243 -0.334646, 73.393815 -27.302701 -0.334646,
73.371357 -27.313929 -0.334646, 73.310308 -27.313929 -0.334646,
73.279047 -27.298299 -0.334646, 73.249572 -27.300068 -0.334646,
73.236367 -27.326478 -0.334646, 73.252637 -27.351119 -0.334646,
73.290132 -27.369867 -0.334646, 73.297203 -27.369443 -0.334646,
73.303337 -27.372984 -0.334646, 73.378328 -27.372984 -0.334646,
73.384462 -27.369443 -0.334646, 73.391533 -27.369867 -0.334646,
73.429028 -27.351119 -0.334646, 73.434279 -27.343166 -0.334646,
73.442233 -27.337914 -0.334646, 73.460981 -27.300419 -0.334646,
73.460556 -27.293348 -0.334646, 73.464098 -27.287214 -0.334646,
73.464098 -27.137233 -0.334646, 73.460556 -27.131098 -0.334646,
73.460981 -27.124028 -0.334646, 73.442233 -27.086532 -0.334646,
73.434279 -27.081281 -0.334646, 73.429028 -27.073327 -0.334646,
73.391533 -27.05458 -0.334646, 73.384462 -27.055004 -0.334646,
73.378328 -27.051462 -0.334646, 73.303337 -27.051462 -0.334646,
73.297203 -27.055004 -0.334646, 73.290132 -27.05458 -0.334646,
73.252637 -27.073327 -0.334646, 73.247385 -27.081281 -0.334646,
73.239431 -27.086532 -0.334646, 73.220684 -27.124028 -0.334646,
73.221108 -27.131098 -0.334646, 73.217567 -27.137233 -0.334646,
73.217567 -27.174728 -0.334646, 73.220129 -27.179165 -0.334646,
73.219124 -27.18419 -0.334646, 72.748876 -27.117987 -0.334646,
72.748873 -27.306459 -0.334646, 72.733936 -27.313929 -0.334646,
72.672888 -27.31393 -0.334646, 72.645912 -27.300442 -0.334646,
72.633941 -27.28847 -0.334646, 72.620453 -27.261495 -0.334646,
72.620453 -27.162951 -0.334646, 72.633941 -27.135976 -0.334646,
72.645912 -27.124005 -0.334646, 72.672888 -27.110518 -0.334646,
72.733936 -27.110517 -0.334646, 72.748875 -27.054894 -0.334646,
72.747042 -27.055004 -0.334646, 72.740907 -27.051462 -0.334646,
72.665917 -27.051462 -0.334646, 72.659782 -27.055004 -0.334646,
72.652711 -27.05458 -0.334646, 72.615216 -27.073327 -0.334646,
72.612428 -27.077549 -0.334646, 72.607542 -27.078858 -0.334646,
72.588794 -27.097606 -0.334646, 72.587484 -27.102492 -0.334646,
72.583263 -27.10528 -0.334646, 72.564516 -27.142775 -0.334646,
72.56494 -27.149846 -0.334646, 72.561398 -27.15598 -0.334646,
72.561398 -27.268466 -0.334646, 72.56494 -27.274601 -0.334646,
72.564516 -27.281671 -0.334646, 72.583263 -27.319167 -0.334646,
72.587484 -27.321954 -0.334646, 72.588794 -27.326841 -0.334646,
72.607542 -27.345588 -0.334646, 72.612428 -27.346897 -0.334646,
72.615216 -27.351119 -0.334646, 72.652711 -27.369867 -0.334646,
72.659782 -27.369443 -0.334646, 72.665917 -27.372984 -0.334646,
72.740907 -27.372984 -0.334646, 72.747042 -27.369443 -0.334646,
72.754112 -27.369867 -0.334646, 72.761879 -27.365982 -0.334646,
72.763639 -27.369028 -0.334646, 72.793166 -27.369028 -0.334646,
72.80793 -27.343457 -0.334646, 72.80793 -26.949756 -0.334646,
72.793166 -26.924184 -0.334646, 72.763639 -26.924184 -0.334646,
72.748875 -26.949756 -0.334646, 72.264247 -27.162951 -0.334646,
72.277735 -27.135976 -0.334646, 72.289707 -27.124005 -0.334646,
72.316682 -27.110517 -0.334646, 72.358982 -27.110517 -0.334646,
72.385958 -27.124005 -0.334646, 72.397931 -27.135977 -0.334646,
72.411416 -27.162951 -0.334646, 72.411417 -27.261496 -0.334646,
72.397931 -27.288471 -0.334646, 72.385958 -27.300442 -0.334646,
72.358982 -27.313929 -0.334646, 72.316682 -27.313929 -0.334646,
72.289707 -27.300442 -0.334646, 72.277735 -27.28847 -0.334646,
72.264247 -27.261495 -0.334646, 72.448607 -27.10528 -0.334646,
72.444385 -27.102492 -0.334646, 72.443076 -27.097606 -0.334646,
72.424328 -27.078858 -0.334646, 72.419441 -27.077549 -0.334646,
72.416654 -27.073327 -0.334646, 72.379159 -27.05458 -0.334646,
72.372088 -27.055004 -0.334646, 72.365954 -27.051462 -0.334646,
72.309711 -27.051462 -0.334646, 72.303577 -27.055004 -0.334646,
72.296506 -27.05458 -0.334646, 72.259011 -27.073327 -0.334646,
72.256223 -27.077549 -0.334646, 72.251337 -27.078858 -0.334646,
72.232589 -27.097606 -0.334646, 72.231279 -27.102492 -0.334646,
72.227058 -27.10528 -0.334646, 72.20831 -27.142775 -0.334646,
72.208735 -27.149846 -0.334646, 72.205193 -27.15598 -0.334646,
72.205193 -27.268466 -0.334646, 72.208735 -27.274601 -0.334646,
72.20831 -27.281671 -0.334646, 72.227058 -27.319167 -0.334646,
72.231279 -27.321954 -0.334646, 72.232589 -27.326841 -0.334646,
72.251337 -27.345588 -0.334646, 72.256223 -27.346897 -0.334646,
72.259011 -27.351119 -0.334646, 72.296506 -27.369867 -0.334646,
72.303577 -27.369443 -0.334646, 72.309711 -27.372984 -0.334646,
72.365954 -27.372984 -0.334646, 72.372088 -27.369443 -0.334646,
72.379159 -27.369867 -0.334646, 72.416654 -27.351119 -0.334646,
72.419441 -27.346897 -0.334646, 72.424328 -27.345588 -0.334646,
72.443076 -27.326841 -0.334646, 72.444385 -27.321954 -0.334646,
72.448607 -27.319167 -0.334646, 72.467355 -27.281671 -0.334646,
72.466933 -27.274601 -0.334646, 72.470472 -27.268466 -0.334646,
72.470472 -27.15598 -0.334646, 72.466933 -27.149847 -0.334646,
72.467355 -27.142775 -0.334646, 72.080756 -26.924184 -0.334646,
72.051228 -26.924184 -0.334646, 72.036464 -26.949756 -0.334646,
72.036465 -27.051463 -0.334646, 71.972253 -27.051462 -0.334646,
71.946682 -27.066226 -0.334646, 71.946682 -27.095754 -0.334646,
71.972253 -27.110517 -0.334646, 72.036464 -27.110517 -0.334646,
72.036465 -27.280244 -0.334646, 72.025237 -27.302701 -0.334646,
72.002777 -27.313929 -0.334646, 71.972253 -27.313929 -0.334646,
71.946682 -27.328693 -0.334646, 71.946682 -27.35822 -0.334646,
71.972253 -27.372984 -0.334646, 72.009748 -27.372984 -0.334646,
72.015882 -27.369442 -0.334646, 72.022953 -27.369867 -0.334646,
72.060449 -27.351119 -0.334646, 72.065698 -27.343165 -0.334646,
72.073654 -27.337914 -0.334646, 72.092402 -27.300419 -0.334646,
72.091978 -27.293348 -0.334646, 72.095519 -27.287214 -0.334646,
72.095518 -27.110517 -0.334646, 72.122235 -27.110517 -0.334646,
72.147806 -27.095754 -0.334646, 72.147806 -27.066226 -0.334646,
72.122235 -27.051462 -0.334646, 72.095518 -27.051462 -0.334646,
72.095519 -26.949756 -0.334646, 71.855783 -26.924184 -0.334646,
71.826256 -26.924184 -0.334646, 71.811492 -26.949756 -0.334646,
71.811493 -27.051463 -0.334646, 71.747281 -27.051462 -0.334646,
71.72171 -27.066226 -0.334646, 71.72171 -27.095754 -0.334646,
71.747281 -27.110517 -0.334646, 71.811492 -27.110517 -0.334646,
71.811493 -27.280244 -0.334646, 71.800264 -27.302701 -0.334646,
71.777805 -27.313929 -0.334646, 71.747281 -27.313929 -0.334646,
71.72171 -27.328693 -0.334646, 71.72171 -27.35822 -0.334646,
71.747281 -27.372984 -0.334646, 71.784777 -27.372984 -0.334646,
71.790911 -27.369443 -0.334646, 71.797982 -27.369867 -0.334646,
71.835477 -27.351119 -0.334646, 71.840729 -27.343166 -0.334646,
71.848682 -27.337914 -0.334646, 71.86743 -27.300419 -0.334646,
71.867006 -27.293348 -0.334646, 71.870547 -27.287214 -0.334646,
71.870546 -27.110517 -0.334646, 71.897263 -27.110517 -0.334646,
71.922834 -27.095754 -0.334646, 71.922834 -27.066226 -0.334646,
71.897263 -27.051462 -0.334646, 71.870546 -27.051462 -0.334646,
71.870547 -26.949756 -0.334646, 71.458098 -27.162951 -0.334646,
71.471586 -27.135976 -0.334646, 71.483557 -27.124005 -0.334646,
71.510533 -27.110517 -0.334646, 71.552833 -27.110517 -0.334646,
71.579809 -27.124005 -0.334646, 71.59178 -27.135976 -0.334646,
71.605268 -27.162951 -0.334646, 71.605268 -27.261496 -0.334646,
71.59178 -27.28847 -0.334646, 71.579809 -27.300442 -0.334646,
71.552833 -27.313929 -0.334646, 71.510533 -27.313929 -0.334646,
71.483557 -27.300442 -0.334646, 71.471586 -27.28847 -0.334646,
71.458098 -27.261495 -0.334646, 71.642458 -27.10528 -0.334646,
71.638236 -27.102492 -0.334646, 71.636927 -27.097606 -0.334646,
71.618179 -27.078858 -0.334646, 71.613291 -27.077549 -0.334646,
71.610505 -27.073327 -0.334646, 71.57301 -27.05458 -0.334646,
71.565939 -27.055004 -0.334646, 71.559805 -27.051462 -0.334646,
71.503562 -27.051462 -0.334646, 71.497427 -27.055004 -0.334646,
71.490357 -27.05458 -0.334646, 71.452861 -27.073327 -0.334646,
71.450073 -27.077549 -0.334646, 71.445187 -27.078858 -0.334646,
71.42644 -27.097606 -0.334646, 71.425129 -27.102492 -0.334646,
71.420909 -27.10528 -0.334646, 71.402161 -27.142775 -0.334646,
71.402585 -27.149846 -0.334646, 71.399044 -27.15598 -0.334646,
71.399044 -27.268466 -0.334646, 71.402585 -27.274601 -0.334646,
71.402161 -27.281671 -0.334646, 71.420909 -27.319167 -0.334646,
71.425129 -27.321954 -0.334646, 71.42644 -27.326841 -0.334646,
71.445187 -27.345588 -0.334646, 71.450073 -27.346897 -0.334646,
71.452861 -27.351119 -0.334646, 71.490357 -27.369867 -0.334646,
71.497427 -27.369443 -0.334646, 71.503562 -27.372984 -0.334646,
71.559805 -27.372984 -0.334646, 71.565939 -27.369443 -0.334646,
71.57301 -27.369867 -0.334646, 71.610505 -27.351119 -0.334646,
71.613291 -27.346897 -0.334646, 71.618179 -27.345588 -0.334646,
71.636927 -27.326841 -0.334646, 71.638236 -27.321954 -0.334646,
71.642458 -27.319167 -0.334646, 71.661206 -27.281671 -0.334646,
71.660781 -27.274601 -0.334646, 71.664323 -27.268466 -0.334646,
71.664323 -27.15598 -0.334646, 71.660781 -27.149846 -0.334646,
71.661206 -27.142775 -0.334646, 71.07635 -27.369028 -0.334646,
71.105877 -27.369028 -0.334646, 71.120641 -27.343457 -0.334646,
71.120641 -27.144203 -0.334646, 71.131871 -27.121746 -0.334646,
71.154327 -27.110517 -0.334646, 71.196628 -27.110517 -0.334646,
71.223604 -27.124005 -0.334646, 71.230315 -27.130716 -0.334646,
71.230315 -27.343457 -0.334646, 71.245079 -27.369028 -0.334646,
71.274606 -27.369028 -0.334646, 71.28937 -27.343457 -0.334646,
71.28937 -27.08099 -0.334646, 71.274606 -27.055418 -0.334646,
71.245079 -27.055418 -0.334646, 71.23912 -27.065737 -0.334646,
71.216804 -27.05458 -0.334646, 71.209734 -27.055004 -0.334646,
71.203599 -27.051462 -0.334646, 71.147356 -27.051462 -0.334646,
71.141222 -27.055004 -0.334646, 71.134151 -27.05458 -0.334646,
71.096656 -27.073327 -0.334646, 71.091404 -27.081281 -0.334646,
71.091114 -27.081473 -0.334646, 71.090822 -27.081281 -0.334646,
71.085571 -27.073327 -0.334646, 71.048076 -27.05458 -0.334646,
71.041005 -27.055004 -0.334646, 71.03487 -27.051462 -0.334646,
70.978628 -27.051462 -0.334646, 70.972493 -27.055004 -0.334646,
70.965422 -27.05458 -0.334646, 70.927927 -27.073327 -0.334646,
70.922676 -27.081281 -0.334646, 70.914722 -27.086532 -0.334646,
70.895974 -27.124028 -0.334646, 70.896399 -27.131098 -0.334646,
70.892857 -27.137233 -0.334646, 70.892857 -27.343457 -0.334646,
70.907621 -27.369028 -0.334646, 70.937148 -27.369028 -0.334646,
70.951912 -27.343457 -0.334646, 70.951912 -27.144203 -0.334646,
70.963142 -27.121746 -0.334646, 70.985598 -27.110517 -0.334646,
71.027899 -27.110517 -0.334646, 71.050358 -27.121746 -0.334646,
71.061587 -27.144204 -0.334646, 71.061586 -27.343457 -0.334646
              ]
            }
            coordIndex [
53, 52, 21, -1, 21, 52, 8, -1, 8, 52, 9, -1, 9, 52, 10, -1,
10, 52, 51, -1, 11, 10, 49, -1, 49, 10, 50, -1, 50, 10, 51, -1,
13, 12, 46, -1, 46, 12, 47, -1, 47, 12, 48, -1, 48, 12, 49, -1,
49, 12, 11, -1, 14, 13, 46, -1, 14, 46, 15, -1, 15, 46, 45, -1,
15, 45, 28, -1, 28, 45, 29, -1, 1, 0, 27, -1, 27, 0, 28, -1,
28, 0, 15, -1, 43, 42, 30, -1, 43, 30, 44, -1, 44, 30, 29, -1,
44, 29, 45, -1, 31, 30, 42, -1, 31, 42, 32, -1, 32, 42, 41, -1,
32, 41, 33, -1, 33, 41, 40, -1, 33, 40, 35, -1, 35, 40, 38, -1,
35, 38, 36, -1, 36, 38, 37, -1, 17, 16, 57, -1, 57, 16, 58, -1,
58, 16, 59, -1, 59, 16, 62, -1, 62, 16, 63, -1, 59, 62, 60, -1,
60, 62, 61, -1, 101, 100, 76, -1, 101, 76, 102, -1, 102, 76, 75, -1,
102, 75, 103, -1, 103, 75, 74, -1, 103, 74, 105, -1, 105, 74, 108, -1,
105, 108, 106, -1, 106, 108, 107, -1, 88, 87, 89, -1, 89, 87, 91, -1,
91, 87, 92, -1, 92, 87, 86, -1, 93, 92, 86, -1, 93, 86, 94, -1,
94, 86, 85, -1, 94, 85, 83, -1, 83, 85, 84, -1, 82, 81, 70, -1,
82, 70, 83, -1, 83, 70, 69, -1, 83, 69, 94, -1, 94, 69, 68, -1,
94, 68, 67, -1, 94, 67, 95, -1, 95, 67, 96, -1, 96, 67, 97, -1,
97, 67, 66, -1, 79, 78, 98, -1, 79, 98, 64, -1, 64, 98, 97, -1,
64, 97, 65, -1, 65, 97, 66, -1, 77, 76, 100, -1, 77, 100, 78, -1,
78, 100, 99, -1, 78, 99, 98, -1, 81, 80, 70, -1, 70, 80, 71, -1,
71, 80, 72, -1, 72, 80, 73, -1, 73, 80, 79, -1, 55, 54, 18, -1,
55, 18, 56, -1, 56, 18, 17, -1, 56, 17, 57, -1, 20, 19, 53, -1,
53, 19, 54, -1, 54, 19, 18, -1, 22, 21, 5, -1, 5, 21, 6, -1,
6, 21, 7, -1, 7, 21, 8, -1, 4, 3, 24, -1, 4, 24, 5, -1,
5, 24, 23, -1, 5, 23, 22, -1, 24, 3, 25, -1, 25, 3, 26, -1,
26, 3, 27, -1, 27, 3, 2, -1, 113, 111, 118, -1, 113, 118, 114, -1,
114, 118, 117, -1, 114, 117, 115, -1, 115, 117, 116, -1, 129, 128, 125, -1,
129, 125, 110, -1, 110, 125, 120, -1, 110, 120, 111, -1, 111, 120, 119, -1,
111, 119, 118, -1, 124, 123, 122, -1, 124, 122, 125, -1, 125, 122, 121, -1,
125, 121, 120, -1, 127, 126, 128, -1, 128, 126, 125, -1, 160, 159, 132, -1,
160, 132, 161, -1, 161, 132, 131, -1, 161, 131, 162, -1, 162, 131, 130, -1,
162, 130, 164, -1, 164, 130, 165, -1, 158, 157, 134, -1, 158, 134, 159, -1,
159, 134, 133, -1, 159, 133, 132, -1, 155, 137, 136, -1, 155, 136, 156, -1,
156, 136, 135, -1, 156, 135, 157, -1, 157, 135, 134, -1, 139, 138, 153, -1,
153, 138, 154, -1, 154, 138, 155, -1, 155, 138, 137, -1, 151, 150, 141, -1,
151, 141, 152, -1, 152, 141, 140, -1, 152, 140, 153, -1, 153, 140, 139, -1,
146, 145, 144, -1, 146, 144, 148, -1, 148, 144, 143, -1, 148, 143, 149, -1,
149, 143, 142, -1, 149, 142, 150, -1, 150, 142, 141, -1, 171, 169, 168, -1,
171, 168, 172, -1, 172, 168, 167, -1, 172, 167, 173, -1, 173, 167, 166, -1,
183, 182, 190, -1, 183, 190, 184, -1, 184, 190, 189, -1, 184, 189, 185, -1,
185, 189, 188, -1, 185, 188, 186, -1, 186, 188, 187, -1, 182, 181, 190, -1,
190, 181, 191, -1, 191, 181, 192, -1, 192, 181, 193, -1, 193, 181, 180, -1,
180, 179, 193, -1, 193, 179, 194, -1, 194, 179, 195, -1, 195, 179, 196, -1,
196, 179, 178, -1, 196, 178, 177, -1, 196, 177, 197, -1, 197, 177, 175, -1,
197, 175, 198, -1, 198, 175, 199, -1, 175, 174, 199, -1, 199, 174, 201, -1,
201, 174, 202, -1, 202, 174, 203, -1, 223, 222, 258, -1, 223, 258, 224, -1,
224, 258, 257, -1, 224, 257, 225, -1, 225, 257, 256, -1, 225, 256, 212, -1,
212, 256, 213, -1, 215, 214, 253, -1, 253, 214, 254, -1, 254, 214, 255, -1,
255, 214, 256, -1, 256, 214, 213, -1, 217, 216, 250, -1, 250, 216, 251, -1,
251, 216, 252, -1, 252, 216, 253, -1, 253, 216, 215, -1, 218, 217, 250, -1,
218, 250, 219, -1, 219, 250, 249, -1, 219, 249, 232, -1, 232, 249, 233, -1,
205, 204, 231, -1, 231, 204, 232, -1, 232, 204, 219, -1, 247, 246, 234, -1,
247, 234, 248, -1, 248, 234, 233, -1, 248, 233, 249, -1, 235, 234, 246, -1,
235, 246, 236, -1, 236, 246, 245, -1, 236, 245, 237, -1, 237, 245, 244, -1,
237, 244, 239, -1, 239, 244, 242, -1, 239, 242, 240, -1, 240, 242, 241, -1,
221, 220, 261, -1, 261, 220, 262, -1, 262, 220, 263, -1, 263, 220, 266, -1,
266, 220, 267, -1, 263, 266, 264, -1, 264, 266, 265, -1, 283, 282, 270, -1,
283, 270, 284, -1, 284, 270, 269, -1, 284, 269, 285, -1, 285, 269, 268, -1,
285, 268, 326, -1, 326, 268, 327, -1, 329, 328, 323, -1, 323, 328, 324, -1,
324, 328, 325, -1, 325, 328, 268, -1, 268, 328, 327, -1, 331, 330, 320, -1,
320, 330, 321, -1, 321, 330, 322, -1, 322, 330, 323, -1, 323, 330, 329, -1,
291, 290, 332, -1, 291, 332, 304, -1, 304, 332, 331, -1, 304, 331, 319, -1,
319, 331, 320, -1, 281, 280, 273, -1, 273, 280, 274, -1, 274, 280, 275, -1,
275, 280, 278, -1, 278, 280, 279, -1, 275, 278, 276, -1, 276, 278, 277, -1,
271, 270, 282, -1, 271, 282, 272, -1, 272, 282, 281, -1, 272, 281, 273, -1,
286, 285, 335, -1, 335, 285, 336, -1, 336, 285, 337, -1, 337, 285, 326, -1,
334, 333, 288, -1, 334, 288, 335, -1, 335, 288, 287, -1, 335, 287, 286, -1,
288, 333, 289, -1, 289, 333, 290, -1, 290, 333, 332, -1, 292, 291, 302, -1,
302, 291, 303, -1, 303, 291, 304, -1, 294, 293, 299, -1, 299, 293, 300, -1,
300, 293, 301, -1, 301, 293, 302, -1, 302, 293, 292, -1, 298, 297, 299, -1,
299, 297, 294, -1, 294, 297, 295, -1, 295, 297, 296, -1, 310, 309, 314, -1,
310, 314, 311, -1, 311, 314, 313, -1, 311, 313, 312, -1, 309, 308, 314, -1,
314, 308, 315, -1, 315, 308, 316, -1, 316, 308, 307, -1, 317, 316, 305, -1,
305, 316, 306, -1, 306, 316, 307, -1, 317, 305, 318, -1, 318, 305, 319, -1,
319, 305, 304, -1, 259, 258, 222, -1, 259, 222, 260, -1, 260, 222, 221, -1,
260, 221, 261, -1, 226, 225, 209, -1, 209, 225, 210, -1, 210, 225, 211, -1,
211, 225, 212, -1, 208, 207, 228, -1, 208, 228, 209, -1, 209, 228, 227, -1,
209, 227, 226, -1, 228, 207, 229, -1, 229, 207, 230, -1, 230, 207, 231, -1,
231, 207, 206, -1, 366, 365, 367, -1, 367, 365, 338, -1, 338, 365, 363, -1,
363, 365, 364, -1, 341, 340, 339, -1, 341, 339, 361, -1, 361, 339, 338, -1,
361, 338, 362, -1, 362, 338, 363, -1, 343, 342, 358, -1, 358, 342, 359, -1,
359, 342, 360, -1, 360, 342, 361, -1, 361, 342, 341, -1, 345, 344, 355, -1,
355, 344, 356, -1, 356, 344, 357, -1, 357, 344, 358, -1, 358, 344, 343, -1,
347, 346, 354, -1, 354, 346, 355, -1, 355, 346, 345, -1, 352, 350, 349, -1,
352, 349, 353, -1, 353, 349, 348, -1, 353, 348, 354, -1, 354, 348, 347, -1,
424, 423, 425, -1, 425, 423, 430, -1, 430, 423, 431, -1, 431, 423, 400, -1,
400, 423, 421, -1, 421, 423, 422, -1, 430, 429, 425, -1, 425, 429, 426, -1,
426, 429, 427, -1, 427, 429, 428, -1, 392, 391, 393, -1, 393, 391, 398, -1,
398, 391, 399, -1, 399, 391, 368, -1, 368, 391, 389, -1, 389, 391, 390, -1,
398, 397, 393, -1, 393, 397, 394, -1, 394, 397, 395, -1, 395, 397, 396, -1,
375, 373, 372, -1, 375, 372, 376, -1, 376, 372, 371, -1, 376, 371, 377, -1,
377, 371, 369, -1, 377, 369, 387, -1, 387, 369, 368, -1, 387, 368, 388, -1,
388, 368, 389, -1, 379, 378, 384, -1, 384, 378, 385, -1, 385, 378, 386, -1,
386, 378, 387, -1, 387, 378, 377, -1, 381, 380, 383, -1, 383, 380, 384, -1,
384, 380, 379, -1, 407, 405, 404, -1, 407, 404, 408, -1, 408, 404, 403, -1,
408, 403, 409, -1, 409, 403, 401, -1, 409, 401, 419, -1, 419, 401, 400, -1,
419, 400, 420, -1, 420, 400, 421, -1, 411, 410, 416, -1, 416, 410, 417, -1,
417, 410, 418, -1, 418, 410, 419, -1, 419, 410, 409, -1, 413, 412, 415, -1,
415, 412, 416, -1, 416, 412, 411, -1, 440, 439, 449, -1, 440, 449, 441, -1,
441, 449, 448, -1, 441, 448, 442, -1, 442, 448, 447, -1, 442, 447, 443, -1,
443, 447, 446, -1, 443, 446, 444, -1, 444, 446, 445, -1, 449, 439, 450, -1,
450, 439, 451, -1, 451, 439, 452, -1, 452, 439, 438, -1, 438, 437, 452, -1,
452, 437, 453, -1, 453, 437, 454, -1, 454, 437, 455, -1, 455, 437, 436, -1,
455, 436, 435, -1, 455, 435, 456, -1, 456, 435, 433, -1, 456, 433, 457, -1,
457, 433, 458, -1, 433, 432, 458, -1, 458, 432, 460, -1, 460, 432, 461, -1,
461, 432, 462, -1, 499, 493, 492, -1, 499, 492, 500, -1, 500, 492, 491, -1,
500, 491, 501, -1, 501, 491, 490, -1, 501, 490, 475, -1, 475, 490, 476, -1,
478, 477, 487, -1, 487, 477, 488, -1, 488, 477, 489, -1, 489, 477, 490, -1,
490, 477, 476, -1, 480, 479, 484, -1, 484, 479, 485, -1, 485, 479, 486, -1,
486, 479, 487, -1, 487, 479, 478, -1, 484, 483, 480, -1, 480, 483, 481, -1,
481, 483, 482, -1, 475, 469, 468, -1, 475, 468, 501, -1, 501, 468, 467, -1,
501, 467, 502, -1, 502, 467, 503, -1, 463, 470, 508, -1, 508, 470, 509, -1,
509, 470, 474, -1, 474, 470, 475, -1, 475, 470, 469, -1, 511, 510, 512, -1,
512, 510, 471, -1, 471, 510, 472, -1, 472, 510, 473, -1, 473, 510, 474, -1,
474, 510, 509, -1, 560, 559, 565, -1, 560, 565, 561, -1, 561, 565, 564, -1,
561, 564, 562, -1, 562, 564, 563, -1, 566, 565, 529, -1, 529, 565, 517, -1,
517, 565, 558, -1, 558, 565, 559, -1, 519, 518, 556, -1, 556, 518, 557, -1,
557, 518, 558, -1, 558, 518, 517, -1, 521, 520, 553, -1, 553, 520, 554, -1,
554, 520, 555, -1, 555, 520, 556, -1, 556, 520, 519, -1, 522, 521, 553, -1,
522, 553, 523, -1, 523, 553, 552, -1, 523, 552, 535, -1, 535, 552, 536, -1,
525, 524, 534, -1, 534, 524, 535, -1, 535, 524, 523, -1, 550, 549, 537, -1,
550, 537, 551, -1, 551, 537, 536, -1, 551, 536, 552, -1, 539, 538, 548, -1,
548, 538, 549, -1, 549, 538, 537, -1, 545, 543, 542, -1, 545, 542, 547, -1,
547, 542, 540, -1, 547, 540, 548, -1, 548, 540, 539, -1, 528, 527, 531, -1,
528, 531, 517, -1, 517, 531, 530, -1, 517, 530, 529, -1, 531, 527, 532, -1,
532, 527, 533, -1, 533, 527, 534, -1, 534, 527, 526, -1, 498, 497, 499, -1,
499, 497, 494, -1, 494, 497, 495, -1, 495, 497, 496, -1, 505, 504, 465, -1,
465, 504, 466, -1, 466, 504, 467, -1, 467, 504, 503, -1, 464, 463, 507, -1,
464, 507, 465, -1, 465, 507, 506, -1, 465, 506, 505, -1, 516, 515, 471, -1,
471, 515, 512, -1, 512, 515, 513, -1, 513, 515, 514, -1, 586, 585, 621, -1,
586, 621, 587, -1, 587, 621, 620, -1, 587, 620, 588, -1, 588, 620, 619, -1,
588, 619, 575, -1, 575, 619, 576, -1, 578, 577, 616, -1, 616, 577, 617, -1,
617, 577, 618, -1, 618, 577, 619, -1, 619, 577, 576, -1, 580, 579, 613, -1,
613, 579, 614, -1, 614, 579, 615, -1, 615, 579, 616, -1, 616, 579, 578, -1,
581, 580, 613, -1, 581, 613, 582, -1, 582, 613, 612, -1, 582, 612, 595, -1,
595, 612, 596, -1, 568, 567, 594, -1, 594, 567, 595, -1, 595, 567, 582, -1,
610, 609, 597, -1, 610, 597, 611, -1, 611, 597, 596, -1, 611, 596, 612, -1,
599, 598, 608, -1, 608, 598, 609, -1, 609, 598, 597, -1, 605, 603, 602, -1,
605, 602, 607, -1, 607, 602, 600, -1, 607, 600, 608, -1, 608, 600, 599, -1,
584, 583, 624, -1, 624, 583, 625, -1, 625, 583, 626, -1, 626, 583, 629, -1,
629, 583, 630, -1, 626, 629, 627, -1, 627, 629, 628, -1, 622, 621, 585, -1,
622, 585, 623, -1, 623, 585, 584, -1, 623, 584, 624, -1, 589, 588, 572, -1,
572, 588, 573, -1, 573, 588, 574, -1, 574, 588, 575, -1, 571, 570, 591, -1,
571, 591, 572, -1, 572, 591, 590, -1, 572, 590, 589, -1, 591, 570, 592, -1,
592, 570, 593, -1, 593, 570, 594, -1, 594, 570, 569, -1, 655, 654, 656, -1,
656, 654, 661, -1, 661, 654, 662, -1, 662, 654, 631, -1, 631, 654, 652, -1,
652, 654, 653, -1, 661, 660, 656, -1, 656, 660, 657, -1, 657, 660, 658, -1,
658, 660, 659, -1, 634, 633, 632, -1, 634, 632, 650, -1, 650, 632, 631, -1,
650, 631, 651, -1, 651, 631, 652, -1, 649, 648, 641, -1, 649, 641, 650, -1,
650, 641, 640, -1, 650, 640, 634, -1, 634, 640, 639, -1, 634, 639, 635, -1,
635, 639, 638, -1, 635, 638, 636, -1, 636, 638, 637, -1, 648, 647, 641, -1,
641, 647, 642, -1, 642, 647, 643, -1, 643, 647, 646, -1, 645, 644, 646, -1,
646, 644, 643, -1, 687, 686, 688, -1, 688, 686, 693, -1, 693, 686, 694, -1,
694, 686, 663, -1, 663, 686, 684, -1, 684, 686, 685, -1, 693, 692, 688, -1,
688, 692, 689, -1, 689, 692, 690, -1, 690, 692, 691, -1, 670, 668, 667, -1,
670, 667, 671, -1, 671, 667, 666, -1, 671, 666, 672, -1, 672, 666, 664, -1,
672, 664, 682, -1, 682, 664, 663, -1, 682, 663, 683, -1, 683, 663, 684, -1,
674, 673, 679, -1, 679, 673, 680, -1, 680, 673, 681, -1, 681, 673, 682, -1,
682, 673, 672, -1, 676, 675, 678, -1, 678, 675, 679, -1, 679, 675, 674, -1,
748, 747, 716, -1, 716, 747, 703, -1, 703, 747, 704, -1, 704, 747, 705, -1,
705, 747, 746, -1, 706, 705, 744, -1, 744, 705, 745, -1, 745, 705, 746, -1,
708, 707, 741, -1, 741, 707, 742, -1, 742, 707, 743, -1, 743, 707, 744, -1,
744, 707, 706, -1, 709, 708, 741, -1, 709, 741, 710, -1, 710, 741, 740, -1,
710, 740, 723, -1, 723, 740, 724, -1, 696, 695, 722, -1, 722, 695, 723, -1,
723, 695, 710, -1, 738, 737, 725, -1, 738, 725, 739, -1, 739, 725, 724, -1,
739, 724, 740, -1, 726, 725, 737, -1, 726, 737, 727, -1, 727, 737, 736, -1,
727, 736, 728, -1, 728, 736, 735, -1, 728, 735, 730, -1, 730, 735, 733, -1,
730, 733, 731, -1, 731, 733, 732, -1, 712, 711, 752, -1, 752, 711, 753, -1,
753, 711, 754, -1, 754, 711, 757, -1, 757, 711, 758, -1, 754, 757, 755, -1,
755, 757, 756, -1, 750, 749, 713, -1, 750, 713, 751, -1, 751, 713, 712, -1,
751, 712, 752, -1, 715, 714, 748, -1, 748, 714, 749, -1, 749, 714, 713, -1,
717, 716, 700, -1, 700, 716, 701, -1, 701, 716, 702, -1, 702, 716, 703, -1,
699, 698, 719, -1, 699, 719, 700, -1, 700, 719, 718, -1, 700, 718, 717, -1,
719, 698, 720, -1, 720, 698, 721, -1, 721, 698, 722, -1, 722, 698, 697, -1,
767, 766, 775, -1, 767, 775, 769, -1, 769, 775, 774, -1, 769, 774, 770, -1,
770, 774, 773, -1, 770, 773, 771, -1, 771, 773, 772, -1, 775, 766, 776, -1,
776, 766, 777, -1, 777, 766, 778, -1, 778, 766, 765, -1, 765, 764, 778, -1,
778, 764, 779, -1, 779, 764, 780, -1, 780, 764, 781, -1, 781, 764, 763, -1,
781, 763, 762, -1, 781, 762, 782, -1, 782, 762, 760, -1, 782, 760, 783, -1,
783, 760, 784, -1, 785, 784, 760, -1, 785, 760, 786, -1, 786, 760, 759, -1,
786, 759, 808, -1, 808, 759, 809, -1, 808, 807, 786, -1, 786, 807, 787, -1,
787, 807, 788, -1, 788, 807, 789, -1, 789, 807, 806, -1, 806, 805, 789, -1,
789, 805, 790, -1, 790, 805, 791, -1, 791, 805, 792, -1, 792, 805, 804, -1,
792, 804, 803, -1, 792, 803, 793, -1, 793, 803, 801, -1, 793, 801, 794, -1,
794, 801, 795, -1, 801, 800, 795, -1, 795, 800, 797, -1, 797, 800, 798, -1,
798, 800, 799, -1, 803, 802, 801, -1, 762, 761, 760, -1, 767, 769, 768, -1,
795, 797, 796, -1, 733, 735, 734, -1, 696, 722, 697, -1, 748, 716, 715, -1,
728, 730, 729, -1, 668, 670, 669, -1, 664, 666, 665, -1, 676, 678, 677, -1,
605, 607, 606, -1, 603, 605, 604, -1, 568, 594, 569, -1, 600, 602, 601, -1,
545, 547, 546, -1, 543, 545, 544, -1, 507, 463, 508, -1, 493, 499, 494, -1,
525, 534, 526, -1, 540, 542, 541, -1, 435, 434, 433, -1, 458, 460, 459, -1,
405, 407, 406, -1, 401, 403, 402, -1, 413, 415, 414, -1, 373, 375, 374, -1,
369, 371, 370, -1, 381, 383, 382, -1, 350, 352, 351, -1, 242, 244, 243, -1,
205, 231, 206, -1, 237, 239, 238, -1, 177, 176, 175, -1, 199, 201, 200, -1,
169, 171, 170, -1, 146, 148, 147, -1, 162, 164, 163, -1, 111, 113, 112, -1,
38, 40, 39, -1, 1, 27, 2, -1, 53, 21, 20, -1, 108, 74, 109, -1,
73, 79, 64, -1, 103, 105, 104, -1, 89, 91, 90, -1, 33, 35, 34, -1
            ]
          }
        }
      ]
    }
  ]
}
]
}
