#VRML V2.0 utf8
WorldInfo {
  title "/home/atait/.config/kicad/scripting/plugins/kicad-sandwiches/examples/three-board-example/kisandwich-out/three-board-example-sandwich_TOP.wrl - Generated by Pcbnew"
}
Transform {
  scale 2.54 2.54 2.54
  children [
Transform {
  rotation 1 0 0 3.1416
  translation 73.0315 -29.8228 -0.314961
  scale 1 1 1
  children [
    Inline {
      url "shapes3D/SOIC-8_3.9x4.9mm_P1.27mm.wrl"
    } ]
  }
Transform {
  children [
    Group {
      children [
        Shape {
          appearance Appearance {
            material Material {
              diffuseColor 0.07 0.3 0.12
              specularColor 0.01 0.03 0.01
              emissiveColor 0 0 0
              ambientIntensity 0.8
              transparency 0
              shininess 0.02
            }
          }
          geometry IndexedFaceSet {
            solid TRUE
            coord Coordinate {
              point [
57.086614 -13.779528 0.310039, 57.086614 -35.728346 0.310039,
92.5 -35.728346 0.310039, 92.5 -13.779528 0.310039,
86.597899 -32.789961 0.310039, 86.590439 -32.941818 0.310039,
86.56813 -33.092212 0.310039, 86.531187 -33.239696 0.310039,
86.479966 -33.382848 0.310039, 86.414961 -33.520291 0.310039,
86.336796 -33.6507 0.310039, 86.246226 -33.77282 0.310039,
86.144122 -33.885475 0.310039, 86.031468 -33.987579 0.310039,
85.909348 -34.078149 0.310039, 85.778939 -34.156313 0.310039,
85.641496 -34.221319 0.310039, 85.498343 -34.272539 0.310039,
85.350859 -34.309482 0.310039, 85.200465 -34.331791 0.310039,
85.048608 -34.339252 0.310039, 84.896751 -34.331791 0.310039,
84.746356 -34.309482 0.310039, 84.598872 -34.272539 0.310039,
84.45572 -34.221319 0.310039, 84.318277 -34.156313 0.310039,
84.187868 -34.078149 0.310039, 84.065748 -33.987579 0.310039,
83.953094 -33.885475 0.310039, 83.85099 -33.77282 0.310039,
83.76042 -33.6507 0.310039, 83.682255 -33.520291 0.310039,
83.61725 -33.382848 0.310039, 83.566029 -33.239696 0.310039,
83.529086 -33.092212 0.310039, 83.506777 -32.941818 0.310039,
83.499317 -32.789961 0.310039, 83.506777 -32.638104 0.310039,
83.529086 -32.487709 0.310039, 83.566029 -32.340225 0.310039,
83.61725 -32.197073 0.310039, 83.682255 -32.05963 0.310039,
83.76042 -31.929221 0.310039, 83.85099 -31.807101 0.310039,
83.953094 -31.694446 0.310039, 84.065748 -31.592343 0.310039,
84.187868 -31.501772 0.310039, 84.318277 -31.423608 0.310039,
84.45572 -31.358602 0.310039, 84.598872 -31.307382 0.310039,
84.746356 -31.270439 0.310039, 84.896751 -31.24813 0.310039,
85.048608 -31.24067 0.310039, 85.200465 -31.24813 0.310039,
85.350859 -31.270439 0.310039, 85.498343 -31.307382 0.310039,
85.641496 -31.358602 0.310039, 85.778939 -31.423608 0.310039,
85.909348 -31.501772 0.310039, 86.031468 -31.592343 0.310039,
86.144122 -31.694446 0.310039, 86.246226 -31.807101 0.310039,
86.336796 -31.929221 0.310039, 86.414961 -32.05963 0.310039,
86.479966 -32.197073 0.310039, 86.531187 -32.340225 0.310039,
86.56813 -32.487709 0.310039, 86.590439 -32.638104 0.310039,
76.561148 -20.944183 0.310039, 76.576958 -20.833575 0.310039,
76.608267 -20.726319 0.310039, 76.654444 -20.624575 0.310039,
76.714559 -20.530393 0.310039, 76.787402 -20.445669 0.310039,
80.08622 -17.118898 0.310039, 80.295872 -16.918326 0.310039,
80.515759 -16.729087 0.310039, 80.745298 -16.551681 0.310039,
80.983854 -16.386596 0.310039, 81.230765 -16.234293 0.310039,
81.485348 -16.095191 0.310039, 81.746897 -15.969677 0.310039,
82.014687 -15.858098 0.310039, 82.287977 -15.760763 0.310039,
82.56601 -15.677942 0.310039, 82.848016 -15.609865 0.310039,
83.133212 -15.556719 0.310039, 83.42081 -15.518653 0.310039,
83.710013 -15.495771 0.310039, 84.000018 -15.488138 0.310039,
84.290024 -15.495773 0.310039, 84.579226 -15.518657 0.310039,
84.866824 -15.556725 0.310039, 85.15202 -15.609872 0.310039,
85.434025 -15.677952 0.310039, 85.712057 -15.760774 0.310039,
85.985347 -15.858111 0.310039, 86.253137 -15.969692 0.310039,
86.514684 -16.095207 0.310039, 86.769266 -16.234311 0.310039,
87.016176 -16.386617 0.310039, 87.254731 -16.551702 0.310039,
87.484269 -16.729111 0.310039, 87.704155 -16.91835 0.310039,
87.91378 -17.118898 0.310039, 91.212598 -20.445669 0.310039,
91.285381 -20.530313 0.310039, 91.345508 -20.624488 0.310039,
91.391698 -20.726226 0.310039, 91.423021 -20.833478 0.310039,
91.438845 -20.944084 0.310039, 91.438852 -21.055817 0.310039,
91.423042 -21.166425 0.310039, 91.391733 -21.273681 0.310039,
91.345556 -21.375425 0.310039, 91.285441 -21.469607 0.310039,
91.212598 -21.554331 0.310039, 87.91378 -24.881102 0.310039,
87.704059 -25.081736 0.310039, 87.484171 -25.270969 0.310039,
87.254631 -25.44837 0.310039, 87.016076 -25.613449 0.310039,
86.769165 -25.765748 0.310039, 86.514583 -25.904844 0.310039,
86.253036 -26.030353 0.310039, 85.985247 -26.141928 0.310039,
85.711959 -26.239258 0.310039, 85.433928 -26.322074 0.310039,
85.151925 -26.390148 0.310039, 84.866731 -26.44329 0.310039,
84.579136 -26.481353 0.310039, 84.289937 -26.504231 0.310039,
83.999934 -26.511862 0.310039, 83.709931 -26.504224 0.310039,
83.420733 -26.481339 0.310039, 83.133139 -26.443269 0.310039,
82.847946 -26.39012 0.310039, 82.565944 -26.32204 0.310039,
82.287915 -26.239217 0.310039, 82.01463 -26.14188 0.310039,
81.746843 -26.030299 0.310039, 81.485299 -25.904784 0.310039,
81.23072 -25.765681 0.310039, 80.983813 -25.613377 0.310039,
80.745262 -25.448292 0.310039, 80.515726 -25.270885 0.310039,
80.295843 -25.081647 0.310039, 80.08622 -24.881102 0.310039,
76.787402 -21.554331 0.310039, 76.714619 -21.469687 0.310039,
76.654492 -21.375512 0.310039, 76.608302 -21.273774 0.310039,
76.576979 -21.166522 0.310039, 76.561155 -21.055916 0.310039,
72.334646 -15.248031 0.310039, 72.334646 -26.074803 0.310039,
61.507874 -26.074803 0.310039, 61.507874 -15.248031 0.310039,
74.527559 -32.283465 0.310039, 74.566929 -32.215274 0.310039,
74.645669 -32.215274 0.310039, 74.685039 -32.283465 0.310039,
74.645669 -32.351656 0.310039, 74.566929 -32.351656 0.310039,
68.061024 -27.952756 0.310039, 68.032827 -28.039535 0.310039,
67.959008 -28.093168 0.310039, 67.867763 -28.093168 0.310039,
67.793944 -28.039535 0.310039, 67.765748 -27.952756 0.310039,
67.793944 -27.865977 0.310039, 67.867763 -27.812344 0.310039,
67.959008 -27.812344 0.310039, 68.032827 -27.865977 0.310039,
68.75 -29.92126 0.310039, 68.778196 -29.834481 0.310039,
68.852015 -29.780848 0.310039, 68.94326 -29.780848 0.310039,
69.017079 -29.834481 0.310039, 69.045276 -29.92126 0.310039,
69.017079 -30.008039 0.310039, 68.94326 -30.061672 0.310039,
68.852015 -30.061672 0.310039, 68.778196 -30.008039 0.310039,
57.086614 -13.779528 -0.310039, 57.086614 -35.728346 -0.310039,
92.5 -35.728346 -0.310039, 92.5 -13.779528 -0.310039,
86.597899 -32.789961 -0.310039, 86.590439 -32.941818 -0.310039,
86.56813 -33.092212 -0.310039, 86.531187 -33.239696 -0.310039,
86.479966 -33.382848 -0.310039, 86.414961 -33.520291 -0.310039,
86.336796 -33.6507 -0.310039, 86.246226 -33.77282 -0.310039,
86.144122 -33.885475 -0.310039, 86.031468 -33.987579 -0.310039,
85.909348 -34.078149 -0.310039, 85.778939 -34.156313 -0.310039,
85.641496 -34.221319 -0.310039, 85.498343 -34.272539 -0.310039,
85.350859 -34.309482 -0.310039, 85.200465 -34.331791 -0.310039,
85.048608 -34.339252 -0.310039, 84.896751 -34.331791 -0.310039,
84.746356 -34.309482 -0.310039, 84.598872 -34.272539 -0.310039,
84.45572 -34.221319 -0.310039, 84.318277 -34.156313 -0.310039,
84.187868 -34.078149 -0.310039, 84.065748 -33.987579 -0.310039,
83.953094 -33.885475 -0.310039, 83.85099 -33.77282 -0.310039,
83.76042 -33.6507 -0.310039, 83.682255 -33.520291 -0.310039,
83.61725 -33.382848 -0.310039, 83.566029 -33.239696 -0.310039,
83.529086 -33.092212 -0.310039, 83.506777 -32.941818 -0.310039,
83.499317 -32.789961 -0.310039, 83.506777 -32.638104 -0.310039,
83.529086 -32.487709 -0.310039, 83.566029 -32.340225 -0.310039,
83.61725 -32.197073 -0.310039, 83.682255 -32.05963 -0.310039,
83.76042 -31.929221 -0.310039, 83.85099 -31.807101 -0.310039,
83.953094 -31.694446 -0.310039, 84.065748 -31.592343 -0.310039,
84.187868 -31.501772 -0.310039, 84.318277 -31.423608 -0.310039,
84.45572 -31.358602 -0.310039, 84.598872 -31.307382 -0.310039,
84.746356 -31.270439 -0.310039, 84.896751 -31.24813 -0.310039,
85.048608 -31.24067 -0.310039, 85.200465 -31.24813 -0.310039,
85.350859 -31.270439 -0.310039, 85.498343 -31.307382 -0.310039,
85.641496 -31.358602 -0.310039, 85.778939 -31.423608 -0.310039,
85.909348 -31.501772 -0.310039, 86.031468 -31.592343 -0.310039,
86.144122 -31.694446 -0.310039, 86.246226 -31.807101 -0.310039,
86.336796 -31.929221 -0.310039, 86.414961 -32.05963 -0.310039,
86.479966 -32.197073 -0.310039, 86.531187 -32.340225 -0.310039,
86.56813 -32.487709 -0.310039, 86.590439 -32.638104 -0.310039,
76.561148 -20.944183 -0.310039, 76.576958 -20.833575 -0.310039,
76.608267 -20.726319 -0.310039, 76.654444 -20.624575 -0.310039,
76.714559 -20.530393 -0.310039, 76.787402 -20.445669 -0.310039,
80.08622 -17.118898 -0.310039, 80.295872 -16.918326 -0.310039,
80.515759 -16.729087 -0.310039, 80.745298 -16.551681 -0.310039,
80.983854 -16.386596 -0.310039, 81.230765 -16.234293 -0.310039,
81.485348 -16.095191 -0.310039, 81.746897 -15.969677 -0.310039,
82.014687 -15.858098 -0.310039, 82.287977 -15.760763 -0.310039,
82.56601 -15.677942 -0.310039, 82.848016 -15.609865 -0.310039,
83.133212 -15.556719 -0.310039, 83.42081 -15.518653 -0.310039,
83.710013 -15.495771 -0.310039, 84.000018 -15.488138 -0.310039,
84.290024 -15.495773 -0.310039, 84.579226 -15.518657 -0.310039,
84.866824 -15.556725 -0.310039, 85.15202 -15.609872 -0.310039,
85.434025 -15.677952 -0.310039, 85.712057 -15.760774 -0.310039,
85.985347 -15.858111 -0.310039, 86.253137 -15.969692 -0.310039,
86.514684 -16.095207 -0.310039, 86.769266 -16.234311 -0.310039,
87.016176 -16.386617 -0.310039, 87.254731 -16.551702 -0.310039,
87.484269 -16.729111 -0.310039, 87.704155 -16.91835 -0.310039,
87.91378 -17.118898 -0.310039, 91.212598 -20.445669 -0.310039,
91.285381 -20.530313 -0.310039, 91.345508 -20.624488 -0.310039,
91.391698 -20.726226 -0.310039, 91.423021 -20.833478 -0.310039,
91.438845 -20.944084 -0.310039, 91.438852 -21.055817 -0.310039,
91.423042 -21.166425 -0.310039, 91.391733 -21.273681 -0.310039,
91.345556 -21.375425 -0.310039, 91.285441 -21.469607 -0.310039,
91.212598 -21.554331 -0.310039, 87.91378 -24.881102 -0.310039,
87.704059 -25.081736 -0.310039, 87.484171 -25.270969 -0.310039,
87.254631 -25.44837 -0.310039, 87.016076 -25.613449 -0.310039,
86.769165 -25.765748 -0.310039, 86.514583 -25.904844 -0.310039,
86.253036 -26.030353 -0.310039, 85.985247 -26.141928 -0.310039,
85.711959 -26.239258 -0.310039, 85.433928 -26.322074 -0.310039,
85.151925 -26.390148 -0.310039, 84.866731 -26.44329 -0.310039,
84.579136 -26.481353 -0.310039, 84.289937 -26.504231 -0.310039,
83.999934 -26.511862 -0.310039, 83.709931 -26.504224 -0.310039,
83.420733 -26.481339 -0.310039, 83.133139 -26.443269 -0.310039,
82.847946 -26.39012 -0.310039, 82.565944 -26.32204 -0.310039,
82.287915 -26.239217 -0.310039, 82.01463 -26.14188 -0.310039,
81.746843 -26.030299 -0.310039, 81.485299 -25.904784 -0.310039,
81.23072 -25.765681 -0.310039, 80.983813 -25.613377 -0.310039,
80.745262 -25.448292 -0.310039, 80.515726 -25.270885 -0.310039,
80.295843 -25.081647 -0.310039, 80.08622 -24.881102 -0.310039,
76.787402 -21.554331 -0.310039, 76.714619 -21.469687 -0.310039,
76.654492 -21.375512 -0.310039, 76.608302 -21.273774 -0.310039,
76.576979 -21.166522 -0.310039, 76.561155 -21.055916 -0.310039,
72.334646 -15.248031 -0.310039, 72.334646 -26.074803 -0.310039,
61.507874 -26.074803 -0.310039, 61.507874 -15.248031 -0.310039,
74.527559 -32.283465 -0.310039, 74.566929 -32.215274 -0.310039,
74.645669 -32.215274 -0.310039, 74.685039 -32.283465 -0.310039,
74.645669 -32.351656 -0.310039, 74.566929 -32.351656 -0.310039,
68.061024 -27.952756 -0.310039, 68.032827 -28.039535 -0.310039,
67.959008 -28.093168 -0.310039, 67.867763 -28.093168 -0.310039,
67.793944 -28.039535 -0.310039, 67.765748 -27.952756 -0.310039,
67.793944 -27.865977 -0.310039, 67.867763 -27.812344 -0.310039,
67.959008 -27.812344 -0.310039, 68.032827 -27.865977 -0.310039,
68.75 -29.92126 -0.310039, 68.778196 -29.834481 -0.310039,
68.852015 -29.780848 -0.310039, 68.94326 -29.780848 -0.310039,
69.017079 -29.834481 -0.310039, 69.045276 -29.92126 -0.310039,
69.017079 -30.008039 -0.310039, 68.94326 -30.061672 -0.310039,
68.852015 -30.061672 -0.310039, 68.778196 -30.008039 -0.310039
              ]
            }
            coordIndex [
122, 123, 65, -1, 122, 65, 66, -1, 122, 66, 67, -1, 122, 67, 4, -1,
122, 4, 2, -1, 122, 2, 121, -1, 123, 124, 62, -1, 123, 62, 63, -1,
123, 63, 64, -1, 123, 64, 65, -1, 124, 125, 59, -1, 124, 59, 60, -1,
124, 60, 61, -1, 124, 61, 62, -1, 55, 56, 126, -1, 126, 56, 57, -1,
126, 57, 125, -1, 125, 57, 58, -1, 125, 58, 59, -1, 127, 128, 53, -1,
127, 53, 54, -1, 127, 54, 55, -1, 127, 55, 126, -1, 49, 50, 129, -1,
129, 50, 51, -1, 129, 51, 128, -1, 128, 51, 52, -1, 128, 52, 53, -1,
130, 131, 47, -1, 130, 47, 48, -1, 130, 48, 49, -1, 130, 49, 129, -1,
43, 44, 132, -1, 132, 44, 45, -1, 132, 45, 131, -1, 131, 45, 46, -1,
131, 46, 47, -1, 40, 41, 133, -1, 133, 41, 42, -1, 133, 42, 132, -1,
132, 42, 43, -1, 133, 134, 36, -1, 133, 36, 37, -1, 133, 37, 38, -1,
133, 38, 39, -1, 133, 39, 40, -1, 3, 0, 157, -1, 3, 157, 154, -1,
3, 154, 85, -1, 3, 85, 86, -1, 3, 86, 87, -1, 3, 87, 88, -1,
3, 88, 89, -1, 3, 89, 90, -1, 3, 90, 91, -1, 3, 91, 92, -1,
3, 92, 93, -1, 3, 93, 94, -1, 3, 94, 95, -1, 3, 95, 96, -1,
3, 96, 97, -1, 3, 97, 98, -1, 3, 98, 99, -1, 3, 99, 100, -1,
3, 100, 101, -1, 3, 101, 102, -1, 3, 102, 103, -1, 3, 103, 104, -1,
3, 104, 105, -1, 3, 105, 106, -1, 3, 106, 107, -1, 3, 107, 108, -1,
3, 108, 109, -1, 3, 109, 110, -1, 3, 110, 111, -1, 3, 111, 2, -1,
161, 162, 22, -1, 161, 22, 23, -1, 161, 23, 24, -1, 161, 24, 25, -1,
161, 25, 26, -1, 161, 26, 27, -1, 161, 27, 28, -1, 161, 28, 29, -1,
161, 29, 30, -1, 161, 30, 31, -1, 161, 31, 150, -1, 161, 150, 151, -1,
161, 151, 152, -1, 161, 152, 153, -1, 161, 153, 68, -1, 161, 68, 69, -1,
161, 69, 160, -1, 69, 70, 154, -1, 69, 154, 158, -1, 69, 158, 159, -1,
69, 159, 160, -1, 154, 70, 71, -1, 154, 71, 72, -1, 154, 72, 73, -1,
154, 73, 74, -1, 154, 74, 75, -1, 154, 75, 76, -1, 154, 76, 77, -1,
154, 77, 78, -1, 154, 78, 79, -1, 154, 79, 80, -1, 154, 80, 81, -1,
154, 81, 82, -1, 154, 82, 83, -1, 154, 83, 84, -1, 154, 84, 85, -1,
156, 157, 0, -1, 156, 0, 1, -1, 156, 1, 182, -1, 156, 182, 183, -1,
156, 183, 168, -1, 156, 168, 169, -1, 156, 169, 170, -1, 156, 170, 171, -1,
156, 171, 155, -1, 2, 111, 112, -1, 2, 112, 113, -1, 2, 113, 114, -1,
2, 114, 115, -1, 2, 115, 116, -1, 2, 116, 117, -1, 2, 117, 118, -1,
2, 118, 119, -1, 2, 119, 120, -1, 2, 120, 121, -1, 2, 4, 5, -1,
2, 5, 6, -1, 2, 6, 7, -1, 2, 7, 8, -1, 2, 8, 9, -1,
2, 9, 10, -1, 2, 10, 11, -1, 2, 11, 12, -1, 2, 12, 13, -1,
2, 13, 14, -1, 2, 14, 15, -1, 2, 15, 16, -1, 2, 16, 17, -1,
2, 17, 18, -1, 2, 18, 19, -1, 2, 19, 20, -1, 2, 20, 21, -1,
2, 21, 22, -1, 2, 22, 1, -1, 135, 136, 35, -1, 135, 35, 36, -1,
135, 36, 134, -1, 136, 137, 35, -1, 35, 137, 138, -1, 35, 138, 34, -1,
34, 138, 139, -1, 34, 139, 140, -1, 33, 34, 140, -1, 33, 140, 141, -1,
33, 141, 142, -1, 33, 142, 143, -1, 33, 143, 144, -1, 33, 144, 32, -1,
32, 144, 145, -1, 32, 145, 146, -1, 32, 146, 147, -1, 32, 147, 148, -1,
32, 148, 31, -1, 149, 150, 31, -1, 149, 31, 148, -1, 163, 158, 179, -1,
163, 179, 180, -1, 163, 180, 181, -1, 163, 181, 182, -1, 163, 182, 1, -1,
163, 1, 22, -1, 163, 22, 162, -1, 155, 171, 172, -1, 155, 172, 173, -1,
155, 173, 164, -1, 155, 164, 175, -1, 155, 175, 176, -1, 155, 176, 177, -1,
155, 177, 178, -1, 155, 178, 179, -1, 155, 179, 158, -1, 155, 158, 154, -1,
183, 174, 164, -1, 183, 164, 165, -1, 183, 165, 166, -1, 183, 166, 167, -1,
183, 167, 168, -1, 175, 164, 174, -1, 307, 306, 249, -1, 249, 306, 250, -1,
250, 306, 251, -1, 251, 306, 188, -1, 188, 306, 186, -1, 186, 306, 305, -1,
308, 307, 246, -1, 246, 307, 247, -1, 247, 307, 248, -1, 248, 307, 249, -1,
309, 308, 243, -1, 243, 308, 244, -1, 244, 308, 245, -1, 245, 308, 246, -1,
240, 239, 310, -1, 240, 310, 241, -1, 241, 310, 309, -1, 241, 309, 242, -1,
242, 309, 243, -1, 312, 311, 237, -1, 237, 311, 238, -1, 238, 311, 239, -1,
239, 311, 310, -1, 234, 233, 313, -1, 234, 313, 235, -1, 235, 313, 312, -1,
235, 312, 236, -1, 236, 312, 237, -1, 315, 314, 231, -1, 231, 314, 232, -1,
232, 314, 233, -1, 233, 314, 313, -1, 228, 227, 316, -1, 228, 316, 229, -1,
229, 316, 315, -1, 229, 315, 230, -1, 230, 315, 231, -1, 225, 224, 317, -1,
225, 317, 226, -1, 226, 317, 316, -1, 226, 316, 227, -1, 318, 317, 220, -1,
220, 317, 221, -1, 221, 317, 222, -1, 222, 317, 223, -1, 223, 317, 224, -1,
184, 187, 341, -1, 341, 187, 338, -1, 338, 187, 269, -1, 269, 187, 270, -1,
270, 187, 271, -1, 271, 187, 272, -1, 272, 187, 273, -1, 273, 187, 274, -1,
274, 187, 275, -1, 275, 187, 276, -1, 276, 187, 277, -1, 277, 187, 278, -1,
278, 187, 279, -1, 279, 187, 280, -1, 280, 187, 281, -1, 281, 187, 282, -1,
282, 187, 283, -1, 283, 187, 284, -1, 284, 187, 285, -1, 285, 187, 286, -1,
286, 187, 287, -1, 287, 187, 288, -1, 288, 187, 289, -1, 289, 187, 290, -1,
290, 187, 291, -1, 291, 187, 292, -1, 292, 187, 293, -1, 293, 187, 294, -1,
294, 187, 295, -1, 295, 187, 186, -1, 346, 345, 206, -1, 206, 345, 207, -1,
207, 345, 208, -1, 208, 345, 209, -1, 209, 345, 210, -1, 210, 345, 211, -1,
211, 345, 212, -1, 212, 345, 213, -1, 213, 345, 214, -1, 214, 345, 215, -1,
215, 345, 334, -1, 334, 345, 335, -1, 335, 345, 336, -1, 336, 345, 337, -1,
337, 345, 252, -1, 252, 345, 253, -1, 253, 345, 344, -1, 254, 253, 338, -1,
338, 253, 342, -1, 342, 253, 343, -1, 343, 253, 344, -1, 254, 338, 255, -1,
255, 338, 256, -1, 256, 338, 257, -1, 257, 338, 258, -1, 258, 338, 259, -1,
259, 338, 260, -1, 260, 338, 261, -1, 261, 338, 262, -1, 262, 338, 263, -1,
263, 338, 264, -1, 264, 338, 265, -1, 265, 338, 266, -1, 266, 338, 267, -1,
267, 338, 268, -1, 268, 338, 269, -1, 341, 340, 184, -1, 184, 340, 185, -1,
185, 340, 366, -1, 366, 340, 367, -1, 367, 340, 352, -1, 352, 340, 353, -1,
353, 340, 354, -1, 354, 340, 355, -1, 355, 340, 339, -1, 295, 186, 296, -1,
296, 186, 297, -1, 297, 186, 298, -1, 298, 186, 299, -1, 299, 186, 300, -1,
300, 186, 301, -1, 301, 186, 302, -1, 302, 186, 303, -1, 303, 186, 304, -1,
304, 186, 305, -1, 188, 186, 189, -1, 189, 186, 190, -1, 190, 186, 191, -1,
191, 186, 192, -1, 192, 186, 193, -1, 193, 186, 194, -1, 194, 186, 195, -1,
195, 186, 196, -1, 196, 186, 197, -1, 197, 186, 198, -1, 198, 186, 199, -1,
199, 186, 200, -1, 200, 186, 201, -1, 201, 186, 202, -1, 202, 186, 203, -1,
203, 186, 204, -1, 204, 186, 205, -1, 205, 186, 206, -1, 206, 186, 185, -1,
320, 319, 219, -1, 219, 319, 220, -1, 220, 319, 318, -1, 321, 320, 219, -1,
321, 219, 322, -1, 322, 219, 218, -1, 322, 218, 323, -1, 323, 218, 324, -1,
218, 217, 324, -1, 324, 217, 325, -1, 325, 217, 326, -1, 326, 217, 327, -1,
327, 217, 328, -1, 328, 217, 216, -1, 328, 216, 329, -1, 329, 216, 330, -1,
330, 216, 331, -1, 331, 216, 332, -1, 332, 216, 215, -1, 334, 333, 215, -1,
215, 333, 332, -1, 342, 347, 363, -1, 363, 347, 364, -1, 364, 347, 365, -1,
365, 347, 366, -1, 366, 347, 185, -1, 185, 347, 206, -1, 206, 347, 346, -1,
355, 339, 356, -1, 356, 339, 357, -1, 357, 339, 348, -1, 348, 339, 359, -1,
359, 339, 360, -1, 360, 339, 361, -1, 361, 339, 362, -1, 362, 339, 363, -1,
363, 339, 342, -1, 342, 339, 338, -1, 358, 367, 348, -1, 348, 367, 349, -1,
349, 367, 350, -1, 350, 367, 351, -1, 351, 367, 352, -1, 348, 359, 358, -1,
1, 0, 185, -1, 185, 0, 184, -1, 2, 1, 186, -1, 186, 1, 185, -1,
3, 2, 187, -1, 187, 2, 186, -1, 0, 3, 184, -1, 184, 3, 187, -1,
5, 4, 189, -1, 189, 4, 188, -1, 6, 5, 190, -1, 190, 5, 189, -1,
7, 6, 191, -1, 191, 6, 190, -1, 8, 7, 192, -1, 192, 7, 191, -1,
9, 8, 193, -1, 193, 8, 192, -1, 10, 9, 194, -1, 194, 9, 193, -1,
11, 10, 195, -1, 195, 10, 194, -1, 12, 11, 196, -1, 196, 11, 195, -1,
13, 12, 197, -1, 197, 12, 196, -1, 14, 13, 198, -1, 198, 13, 197, -1,
15, 14, 199, -1, 199, 14, 198, -1, 16, 15, 200, -1, 200, 15, 199, -1,
17, 16, 201, -1, 201, 16, 200, -1, 18, 17, 202, -1, 202, 17, 201, -1,
19, 18, 203, -1, 203, 18, 202, -1, 20, 19, 204, -1, 204, 19, 203, -1,
21, 20, 205, -1, 205, 20, 204, -1, 22, 21, 206, -1, 206, 21, 205, -1,
23, 22, 207, -1, 207, 22, 206, -1, 24, 23, 208, -1, 208, 23, 207, -1,
25, 24, 209, -1, 209, 24, 208, -1, 26, 25, 210, -1, 210, 25, 209, -1,
27, 26, 211, -1, 211, 26, 210, -1, 28, 27, 212, -1, 212, 27, 211, -1,
29, 28, 213, -1, 213, 28, 212, -1, 30, 29, 214, -1, 214, 29, 213, -1,
31, 30, 215, -1, 215, 30, 214, -1, 32, 31, 216, -1, 216, 31, 215, -1,
33, 32, 217, -1, 217, 32, 216, -1, 34, 33, 218, -1, 218, 33, 217, -1,
35, 34, 219, -1, 219, 34, 218, -1, 36, 35, 220, -1, 220, 35, 219, -1,
37, 36, 221, -1, 221, 36, 220, -1, 38, 37, 222, -1, 222, 37, 221, -1,
39, 38, 223, -1, 223, 38, 222, -1, 40, 39, 224, -1, 224, 39, 223, -1,
41, 40, 225, -1, 225, 40, 224, -1, 42, 41, 226, -1, 226, 41, 225, -1,
43, 42, 227, -1, 227, 42, 226, -1, 44, 43, 228, -1, 228, 43, 227, -1,
45, 44, 229, -1, 229, 44, 228, -1, 46, 45, 230, -1, 230, 45, 229, -1,
47, 46, 231, -1, 231, 46, 230, -1, 48, 47, 232, -1, 232, 47, 231, -1,
49, 48, 233, -1, 233, 48, 232, -1, 50, 49, 234, -1, 234, 49, 233, -1,
51, 50, 235, -1, 235, 50, 234, -1, 52, 51, 236, -1, 236, 51, 235, -1,
53, 52, 237, -1, 237, 52, 236, -1, 54, 53, 238, -1, 238, 53, 237, -1,
55, 54, 239, -1, 239, 54, 238, -1, 56, 55, 240, -1, 240, 55, 239, -1,
57, 56, 241, -1, 241, 56, 240, -1, 58, 57, 242, -1, 242, 57, 241, -1,
59, 58, 243, -1, 243, 58, 242, -1, 60, 59, 244, -1, 244, 59, 243, -1,
61, 60, 245, -1, 245, 60, 244, -1, 62, 61, 246, -1, 246, 61, 245, -1,
63, 62, 247, -1, 247, 62, 246, -1, 64, 63, 248, -1, 248, 63, 247, -1,
65, 64, 249, -1, 249, 64, 248, -1, 66, 65, 250, -1, 250, 65, 249, -1,
67, 66, 251, -1, 251, 66, 250, -1, 4, 67, 188, -1, 188, 67, 251, -1,
69, 68, 253, -1, 253, 68, 252, -1, 70, 69, 254, -1, 254, 69, 253, -1,
71, 70, 255, -1, 255, 70, 254, -1, 72, 71, 256, -1, 256, 71, 255, -1,
73, 72, 257, -1, 257, 72, 256, -1, 74, 73, 258, -1, 258, 73, 257, -1,
75, 74, 259, -1, 259, 74, 258, -1, 76, 75, 260, -1, 260, 75, 259, -1,
77, 76, 261, -1, 261, 76, 260, -1, 78, 77, 262, -1, 262, 77, 261, -1,
79, 78, 263, -1, 263, 78, 262, -1, 80, 79, 264, -1, 264, 79, 263, -1,
81, 80, 265, -1, 265, 80, 264, -1, 82, 81, 266, -1, 266, 81, 265, -1,
83, 82, 267, -1, 267, 82, 266, -1, 84, 83, 268, -1, 268, 83, 267, -1,
85, 84, 269, -1, 269, 84, 268, -1, 86, 85, 270, -1, 270, 85, 269, -1,
87, 86, 271, -1, 271, 86, 270, -1, 88, 87, 272, -1, 272, 87, 271, -1,
89, 88, 273, -1, 273, 88, 272, -1, 90, 89, 274, -1, 274, 89, 273, -1,
91, 90, 275, -1, 275, 90, 274, -1, 92, 91, 276, -1, 276, 91, 275, -1,
93, 92, 277, -1, 277, 92, 276, -1, 94, 93, 278, -1, 278, 93, 277, -1,
95, 94, 279, -1, 279, 94, 278, -1, 96, 95, 280, -1, 280, 95, 279, -1,
97, 96, 281, -1, 281, 96, 280, -1, 98, 97, 282, -1, 282, 97, 281, -1,
99, 98, 283, -1, 283, 98, 282, -1, 100, 99, 284, -1, 284, 99, 283, -1,
101, 100, 285, -1, 285, 100, 284, -1, 102, 101, 286, -1, 286, 101, 285, -1,
103, 102, 287, -1, 287, 102, 286, -1, 104, 103, 288, -1, 288, 103, 287, -1,
105, 104, 289, -1, 289, 104, 288, -1, 106, 105, 290, -1, 290, 105, 289, -1,
107, 106, 291, -1, 291, 106, 290, -1, 108, 107, 292, -1, 292, 107, 291, -1,
109, 108, 293, -1, 293, 108, 292, -1, 110, 109, 294, -1, 294, 109, 293, -1,
111, 110, 295, -1, 295, 110, 294, -1, 112, 111, 296, -1, 296, 111, 295, -1,
113, 112, 297, -1, 297, 112, 296, -1, 114, 113, 298, -1, 298, 113, 297, -1,
115, 114, 299, -1, 299, 114, 298, -1, 116, 115, 300, -1, 300, 115, 299, -1,
117, 116, 301, -1, 301, 116, 300, -1, 118, 117, 302, -1, 302, 117, 301, -1,
119, 118, 303, -1, 303, 118, 302, -1, 120, 119, 304, -1, 304, 119, 303, -1,
121, 120, 305, -1, 305, 120, 304, -1, 122, 121, 306, -1, 306, 121, 305, -1,
123, 122, 307, -1, 307, 122, 306, -1, 124, 123, 308, -1, 308, 123, 307, -1,
125, 124, 309, -1, 309, 124, 308, -1, 126, 125, 310, -1, 310, 125, 309, -1,
127, 126, 311, -1, 311, 126, 310, -1, 128, 127, 312, -1, 312, 127, 311, -1,
129, 128, 313, -1, 313, 128, 312, -1, 130, 129, 314, -1, 314, 129, 313, -1,
131, 130, 315, -1, 315, 130, 314, -1, 132, 131, 316, -1, 316, 131, 315, -1,
133, 132, 317, -1, 317, 132, 316, -1, 134, 133, 318, -1, 318, 133, 317, -1,
135, 134, 319, -1, 319, 134, 318, -1, 136, 135, 320, -1, 320, 135, 319, -1,
137, 136, 321, -1, 321, 136, 320, -1, 138, 137, 322, -1, 322, 137, 321, -1,
139, 138, 323, -1, 323, 138, 322, -1, 140, 139, 324, -1, 324, 139, 323, -1,
141, 140, 325, -1, 325, 140, 324, -1, 142, 141, 326, -1, 326, 141, 325, -1,
143, 142, 327, -1, 327, 142, 326, -1, 144, 143, 328, -1, 328, 143, 327, -1,
145, 144, 329, -1, 329, 144, 328, -1, 146, 145, 330, -1, 330, 145, 329, -1,
147, 146, 331, -1, 331, 146, 330, -1, 148, 147, 332, -1, 332, 147, 331, -1,
149, 148, 333, -1, 333, 148, 332, -1, 150, 149, 334, -1, 334, 149, 333, -1,
151, 150, 335, -1, 335, 150, 334, -1, 152, 151, 336, -1, 336, 151, 335, -1,
153, 152, 337, -1, 337, 152, 336, -1, 68, 153, 252, -1, 252, 153, 337, -1,
155, 154, 339, -1, 339, 154, 338, -1, 156, 155, 340, -1, 340, 155, 339, -1,
157, 156, 341, -1, 341, 156, 340, -1, 154, 157, 338, -1, 338, 157, 341, -1,
159, 158, 343, -1, 343, 158, 342, -1, 160, 159, 344, -1, 344, 159, 343, -1,
161, 160, 345, -1, 345, 160, 344, -1, 162, 161, 346, -1, 346, 161, 345, -1,
163, 162, 347, -1, 347, 162, 346, -1, 158, 163, 342, -1, 342, 163, 347, -1,
165, 164, 349, -1, 349, 164, 348, -1, 166, 165, 350, -1, 350, 165, 349, -1,
167, 166, 351, -1, 351, 166, 350, -1, 168, 167, 352, -1, 352, 167, 351, -1,
169, 168, 353, -1, 353, 168, 352, -1, 170, 169, 354, -1, 354, 169, 353, -1,
171, 170, 355, -1, 355, 170, 354, -1, 172, 171, 356, -1, 356, 171, 355, -1,
173, 172, 357, -1, 357, 172, 356, -1, 164, 173, 348, -1, 348, 173, 357, -1,
175, 174, 359, -1, 359, 174, 358, -1, 176, 175, 360, -1, 360, 175, 359, -1,
177, 176, 361, -1, 361, 176, 360, -1, 178, 177, 362, -1, 362, 177, 361, -1,
179, 178, 363, -1, 363, 178, 362, -1, 180, 179, 364, -1, 364, 179, 363, -1,
181, 180, 365, -1, 365, 180, 364, -1, 182, 181, 366, -1, 366, 181, 365, -1,
183, 182, 367, -1, 367, 182, 366, -1, 174, 183, 358, -1, 358, 183, 367, -1
            ]
          }
        }
      ]
    }
  ]
}
Transform {
  children [
    Group {
      children [
        Shape {
          appearance Appearance {
            material Material {
              diffuseColor 0.08 0.5 0.1
              specularColor 0.01 0.05 0.01
              emissiveColor 0 0 0
              ambientIntensity 0.8
              transparency 0
              shininess 0.02
            }
          }
          geometry IndexedFaceSet {
            solid TRUE
            coord Coordinate {
              point [
83.480689 -32.789961 0.314961, 83.48824 -32.636278 0.314961,
83.510817 -32.484075 0.314961, 83.548205 -32.334818 0.314961,
83.60004 -32.189944 0.314961, 83.665826 -32.050849 0.314961,
83.744932 -31.918872 0.314961, 83.836591 -31.795283 0.314961,
83.939923 -31.681275 0.314961, 84.053931 -31.577943 0.314961,
84.177519 -31.486284 0.314961, 84.309496 -31.40718 0.314961,
84.448591 -31.341393 0.314961, 84.593465 -31.289556 0.314961,
84.742724 -31.25217 0.314961, 84.894926 -31.229592 0.314961,
85.048608 -31.222042 0.314961, 85.202292 -31.229592 0.314961,
85.354495 -31.252169 0.314961, 85.503752 -31.289557 0.314961,
85.648624 -31.341392 0.314961, 85.787718 -31.407179 0.314961,
85.919697 -31.486284 0.314961, 86.043286 -31.577943 0.314961,
86.157295 -31.681275 0.314961, 86.260626 -31.795283 0.314961,
86.352285 -31.918872 0.314961, 86.431389 -32.050849 0.314961,
86.497176 -32.189944 0.314961, 86.549013 -32.334818 0.314961,
86.586402 -32.484076 0.314961, 86.608978 -32.636278 0.314961,
86.616526 -32.78996 0.314961, 86.608978 -32.943644 0.314961,
86.586402 -33.095847 0.314961, 86.549013 -33.245104 0.314961,
86.497176 -33.389977 0.314961, 86.431389 -33.529072 0.314961,
86.352285 -33.661049 0.314961, 86.260626 -33.784638 0.314961,
86.157295 -33.898647 0.314961, 86.043286 -34.001978 0.314961,
85.919697 -34.093637 0.314961, 85.787718 -34.172741 0.314961,
85.648624 -34.238529 0.314961, 85.503752 -34.290366 0.314961,
85.354495 -34.327753 0.314961, 85.202292 -34.35033 0.314961,
85.048608 -34.35788 0.314961, 84.894926 -34.35033 0.314961,
84.742724 -34.327753 0.314961, 84.593465 -34.290365 0.314961,
84.448591 -34.238529 0.314961, 84.309496 -34.172742 0.314961,
84.177519 -34.093637 0.314961, 84.053931 -34.001978 0.314961,
83.939923 -33.898647 0.314961, 83.836591 -33.784638 0.314961,
83.744932 -33.66105 0.314961, 83.665826 -33.529072 0.314961,
83.60004 -33.389977 0.314961, 83.548205 -33.245104 0.314961,
83.510817 -33.095847 0.314961, 83.48824 -32.943644 0.314961,
86.929392 -32.789961 0.314961, 86.931488 -32.782233 0.314961,
86.923179 -32.613096 0.314961, 86.920335 -32.605612 0.314961,
86.921664 -32.597716 0.314961, 86.896817 -32.430208 0.314961,
86.89325 -32.423038 0.314961, 86.893802 -32.41505 0.314961,
86.852655 -32.250784 0.314961, 86.848402 -32.243997 0.314961,
86.848169 -32.235995 0.314961, 86.791119 -32.076553 0.314961,
86.786224 -32.070216 0.314961, 86.785205 -32.062275 0.314961,
86.712802 -31.909192 0.314961, 86.70731 -31.903366 0.314961,
86.705517 -31.895562 0.314961, 86.618458 -31.750313 0.314961,
86.612419 -31.745053 0.314961, 86.609872 -31.737464 0.314961,
86.508996 -31.601447 0.314961, 86.502472 -31.596805 0.314961,
86.499192 -31.589501 0.314961, 86.385469 -31.464027 0.314961,
86.378525 -31.460047 0.314961, 86.374541 -31.453099 0.314961,
86.249068 -31.339377 0.314961, 86.241763 -31.336096 0.314961,
86.237121 -31.329573 0.314961, 86.101105 -31.228696 0.314961,
86.093512 -31.226146 0.314961, 86.088255 -31.22011 0.314961,
85.943006 -31.133051 0.314961, 85.935203 -31.131259 0.314961,
85.929377 -31.125766 0.314961, 85.776294 -31.053363 0.314961,
85.768351 -31.052344 0.314961, 85.762016 -31.047449 0.314961,
85.602574 -30.9904 0.314961, 85.594568 -30.990163 0.314961,
85.587785 -30.985914 0.314961, 85.423518 -30.944767 0.314961,
85.415528 -30.945316 0.314961, 85.40836 -30.941752 0.314961,
85.240852 -30.916905 0.314961, 85.232958 -30.918235 0.314961,
85.225473 -30.91539 0.314961, 85.056335 -30.90708 0.314961,
85.04861 -30.909179 0.314961, 85.04088 -30.90708 0.314961,
84.871743 -30.91539 0.314961, 84.86426 -30.918235 0.314961,
84.856364 -30.916905 0.314961, 84.688855 -30.941752 0.314961,
84.681684 -30.945316 0.314961, 84.673697 -30.944767 0.314961,
84.509431 -30.985914 0.314961, 84.502644 -30.990163 0.314961,
84.494642 -30.9904 0.314961, 84.3352 -31.047449 0.314961,
84.328863 -31.052344 0.314961, 84.320922 -31.053363 0.314961,
84.167839 -31.125766 0.314961, 84.162013 -31.131259 0.314961,
84.15421 -31.133051 0.314961, 84.008961 -31.22011 0.314961,
84.003699 -31.226146 0.314961, 83.996111 -31.228696 0.314961,
83.860095 -31.329573 0.314961, 83.855452 -31.336096 0.314961,
83.848148 -31.339377 0.314961, 83.722675 -31.453099 0.314961,
83.718696 -31.460047 0.314961, 83.711746 -31.464027 0.314961,
83.598024 -31.589501 0.314961, 83.594743 -31.596805 0.314961,
83.58822 -31.601447 0.314961, 83.487343 -31.737464 0.314961,
83.484792 -31.745053 0.314961, 83.478758 -31.750313 0.314961,
83.391699 -31.895562 0.314961, 83.389906 -31.903366 0.314961,
83.384413 -31.909192 0.314961, 83.312011 -32.062275 0.314961,
83.310991 -32.070216 0.314961, 83.306096 -32.076553 0.314961,
83.249047 -32.235995 0.314961, 83.24881 -32.243997 0.314961,
83.244561 -32.250784 0.314961, 83.203414 -32.41505 0.314961,
83.203962 -32.423038 0.314961, 83.200399 -32.430208 0.314961,
83.175552 -32.597716 0.314961, 83.176883 -32.605612 0.314961,
83.174037 -32.613096 0.314961, 83.165728 -32.782233 0.314961,
83.167827 -32.789961 0.314961, 83.165728 -32.797688 0.314961,
83.174037 -32.966825 0.314961, 83.176883 -32.97431 0.314961,
83.175552 -32.982205 0.314961, 83.200399 -33.149713 0.314961,
83.203962 -33.156882 0.314961, 83.203414 -33.164871 0.314961,
83.244561 -33.329138 0.314961, 83.24881 -33.335922 0.314961,
83.249047 -33.343926 0.314961, 83.306096 -33.503368 0.314961,
83.310991 -33.509705 0.314961, 83.312011 -33.517647 0.314961,
83.384413 -33.670729 0.314961, 83.389906 -33.676555 0.314961,
83.391699 -33.684359 0.314961, 83.478758 -33.829608 0.314961,
83.484792 -33.834866 0.314961, 83.487343 -33.842457 0.314961,
83.58822 -33.978474 0.314961, 83.594743 -33.983116 0.314961,
83.598024 -33.99042 0.314961, 83.711746 -34.115894 0.314961,
83.718696 -34.119876 0.314961, 83.722675 -34.126822 0.314961,
83.848148 -34.240545 0.314961, 83.855452 -34.243825 0.314961,
83.860095 -34.250349 0.314961, 83.996111 -34.351225 0.314961,
84.003699 -34.353773 0.314961, 84.008961 -34.359811 0.314961,
84.15421 -34.44687 0.314961, 84.162013 -34.448663 0.314961,
84.167839 -34.454155 0.314961, 84.320922 -34.526558 0.314961,
84.328863 -34.527577 0.314961, 84.3352 -34.532472 0.314961,
84.494642 -34.589521 0.314961, 84.502644 -34.589756 0.314961,
84.509431 -34.594007 0.314961, 84.673697 -34.635154 0.314961,
84.681684 -34.634604 0.314961, 84.688855 -34.638169 0.314961,
84.856364 -34.663017 0.314961, 84.86426 -34.661687 0.314961,
84.871743 -34.664531 0.314961, 85.04088 -34.672841 0.314961,
85.04861 -34.670744 0.314961, 85.056335 -34.672841 0.314961,
85.225473 -34.664531 0.314961, 85.232958 -34.661687 0.314961,
85.240852 -34.663017 0.314961, 85.40836 -34.638169 0.314961,
85.415528 -34.634604 0.314961, 85.423518 -34.635154 0.314961,
85.587785 -34.594007 0.314961, 85.594568 -34.589756 0.314961,
85.602574 -34.589521 0.314961, 85.762016 -34.532472 0.314961,
85.768351 -34.527577 0.314961, 85.776294 -34.526558 0.314961,
85.929377 -34.454155 0.314961, 85.935203 -34.448663 0.314961,
85.943006 -34.44687 0.314961, 86.088255 -34.359811 0.314961,
86.093512 -34.353773 0.314961, 86.101105 -34.351225 0.314961,
86.237121 -34.250349 0.314961, 86.241763 -34.243825 0.314961,
86.249068 -34.240545 0.314961, 86.374541 -34.126822 0.314961,
86.378525 -34.119876 0.314961, 86.385469 -34.115894 0.314961,
86.499192 -33.99042 0.314961, 86.502472 -33.983116 0.314961,
86.508996 -33.978474 0.314961, 86.609872 -33.842457 0.314961,
86.612419 -33.834866 0.314961, 86.618458 -33.829608 0.314961,
86.705517 -33.684359 0.314961, 86.70731 -33.676555 0.314961,
86.712802 -33.670729 0.314961, 86.785205 -33.517647 0.314961,
86.786224 -33.509705 0.314961, 86.791119 -33.503368 0.314961,
86.848169 -33.343926 0.314961, 86.848402 -33.335922 0.314961,
86.852655 -33.329138 0.314961, 86.893802 -33.164871 0.314961,
86.89325 -33.156882 0.314961, 86.896817 -33.149713 0.314961,
86.921664 -32.982205 0.314961, 86.920335 -32.97431 0.314961,
86.923179 -32.966825 0.314961, 86.931488 -32.797688 0.314961,
67.758366 -27.952756 0.314961, 67.787972 -28.043874 0.314961,
67.865482 -28.100188 0.314961, 67.96129 -28.100188 0.314961,
68.038799 -28.043874 0.314961, 68.068406 -27.952756 0.314961,
68.038799 -27.861638 0.314961, 67.96129 -27.805323 0.314961,
67.865482 -27.805323 0.314961, 67.787972 -27.861638 0.314961,
67.765748 -27.952756 0.314961, 67.793944 -27.865977 0.314961,
67.867763 -27.812344 0.314961, 67.959008 -27.812344 0.314961,
68.032827 -27.865977 0.314961, 68.061024 -27.952756 0.314961,
68.032827 -28.039535 0.314961, 67.959008 -28.093168 0.314961,
67.867763 -28.093168 0.314961, 67.793944 -28.039535 0.314961,
68.742618 -29.92126 0.314961, 68.772224 -30.012378 0.314961,
68.849734 -30.068692 0.314961, 68.945542 -30.068692 0.314961,
69.023051 -30.012378 0.314961, 69.052657 -29.92126 0.314961,
69.023051 -29.830142 0.314961, 68.945542 -29.773827 0.314961,
68.849734 -29.773827 0.314961, 68.772224 -29.830142 0.314961,
68.75 -29.92126 0.314961, 68.778196 -29.834481 0.314961,
68.852015 -29.780848 0.314961, 68.94326 -29.780848 0.314961,
69.017079 -29.834481 0.314961, 69.045276 -29.92126 0.314961,
69.017079 -30.008039 0.314961, 68.94326 -30.061672 0.314961,
68.852015 -30.061672 0.314961, 68.778196 -30.008039 0.314961,
74.478895 -32.1909 0.314961, 74.448819 -32.283465 0.314961,
74.478895 -32.376029 0.314961, 74.557635 -32.433237 0.314961,
74.654963 -32.433237 0.314961, 74.733703 -32.376029 0.314961,
74.74779 -32.332677 0.314961, 76.476378 -32.332677 0.314961,
76.518997 -32.308071 0.314961, 76.518997 -32.258858 0.314961,
76.476378 -32.234252 0.314961, 74.74779 -32.234252 0.314961,
74.733703 -32.1909 0.314961, 74.654963 -32.133692 0.314961,
74.557635 -32.133692 0.314961, 74.527559 -32.283465 0.314961,
74.566929 -32.215274 0.314961, 74.645669 -32.215274 0.314961,
74.685039 -32.283465 0.314961, 74.645669 -32.351656 0.314961,
74.566929 -32.351656 0.314961
              ]
            }
            coordIndex [
237, 238, 32, -1, 32, 238, 239, -1, 32, 239, 81, -1, 81, 239, 240, -1,
81, 240, 80, -1, 80, 240, 241, -1, 80, 241, 79, -1, 79, 241, 242, -1,
79, 242, 78, -1, 78, 242, 243, -1, 78, 243, 77, -1, 77, 243, 244, -1,
77, 244, 76, -1, 76, 244, 245, -1, 76, 245, 75, -1, 75, 245, 74, -1,
237, 32, 33, -1, 237, 33, 34, -1, 237, 34, 35, -1, 237, 35, 236, -1,
35, 36, 234, -1, 35, 234, 235, -1, 35, 235, 236, -1, 37, 38, 231, -1,
37, 231, 232, -1, 37, 232, 233, -1, 37, 233, 234, -1, 37, 234, 36, -1,
39, 40, 228, -1, 39, 228, 229, -1, 39, 229, 230, -1, 39, 230, 231, -1,
39, 231, 38, -1, 40, 41, 225, -1, 40, 225, 226, -1, 40, 226, 227, -1,
40, 227, 228, -1, 41, 42, 222, -1, 41, 222, 223, -1, 41, 223, 224, -1,
41, 224, 225, -1, 43, 44, 219, -1, 43, 219, 220, -1, 43, 220, 221, -1,
43, 221, 222, -1, 43, 222, 42, -1, 44, 45, 216, -1, 44, 216, 217, -1,
44, 217, 218, -1, 44, 218, 219, -1, 45, 46, 213, -1, 45, 213, 214, -1,
45, 214, 215, -1, 45, 215, 216, -1, 46, 47, 210, -1, 46, 210, 211, -1,
46, 211, 212, -1, 46, 212, 213, -1, 205, 206, 49, -1, 49, 206, 207, -1,
49, 207, 48, -1, 48, 207, 208, -1, 48, 208, 47, -1, 47, 208, 209, -1,
47, 209, 210, -1, 202, 203, 50, -1, 50, 203, 204, -1, 50, 204, 49, -1,
49, 204, 205, -1, 199, 200, 51, -1, 51, 200, 201, -1, 51, 201, 50, -1,
50, 201, 202, -1, 196, 197, 52, -1, 52, 197, 198, -1, 52, 198, 51, -1,
51, 198, 199, -1, 195, 196, 52, -1, 195, 52, 53, -1, 195, 53, 54, -1,
195, 54, 194, -1, 190, 191, 55, -1, 55, 191, 192, -1, 55, 192, 54, -1,
54, 192, 193, -1, 54, 193, 194, -1, 187, 188, 56, -1, 56, 188, 189, -1,
56, 189, 55, -1, 55, 189, 190, -1, 186, 187, 56, -1, 186, 56, 57, -1,
186, 57, 58, -1, 186, 58, 185, -1, 58, 59, 183, -1, 58, 183, 184, -1,
58, 184, 185, -1, 60, 61, 180, -1, 60, 180, 181, -1, 60, 181, 182, -1,
60, 182, 183, -1, 60, 183, 59, -1, 178, 179, 63, -1, 63, 179, 180, -1,
63, 180, 62, -1, 62, 180, 61, -1, 0, 1, 142, -1, 0, 142, 143, -1,
0, 143, 177, -1, 0, 177, 178, -1, 0, 178, 63, -1, 170, 171, 149, -1,
149, 171, 172, -1, 149, 172, 148, -1, 148, 172, 173, -1, 148, 173, 147, -1,
147, 173, 174, -1, 147, 174, 146, -1, 146, 174, 175, -1, 146, 175, 145, -1,
145, 175, 176, -1, 145, 176, 144, -1, 144, 176, 177, -1, 144, 177, 143, -1,
149, 150, 170, -1, 170, 150, 151, -1, 170, 151, 169, -1, 169, 151, 152, -1,
169, 152, 168, -1, 168, 152, 166, -1, 168, 166, 167, -1, 156, 157, 155, -1,
155, 157, 165, -1, 155, 165, 154, -1, 154, 165, 166, -1, 154, 166, 152, -1,
260, 261, 271, -1, 271, 261, 262, -1, 271, 262, 270, -1, 270, 262, 263, -1,
270, 263, 269, -1, 269, 263, 268, -1, 256, 266, 265, -1, 265, 266, 267, -1,
265, 267, 264, -1, 264, 267, 268, -1, 264, 268, 263, -1, 272, 273, 259, -1,
272, 259, 260, -1, 272, 260, 271, -1, 266, 257, 275, -1, 275, 257, 258, -1,
275, 258, 274, -1, 274, 258, 259, -1, 274, 259, 273, -1, 66, 67, 253, -1,
253, 67, 69, -1, 253, 69, 251, -1, 251, 69, 70, -1, 251, 70, 250, -1,
250, 70, 72, -1, 250, 72, 248, -1, 248, 72, 73, -1, 248, 73, 247, -1,
247, 73, 74, -1, 247, 74, 246, -1, 246, 74, 245, -1, 66, 253, 254, -1,
66, 254, 64, -1, 66, 64, 65, -1, 30, 31, 83, -1, 83, 31, 32, -1,
83, 32, 82, -1, 82, 32, 81, -1, 29, 30, 83, -1, 29, 83, 84, -1,
29, 84, 85, -1, 29, 85, 86, -1, 29, 86, 28, -1, 27, 28, 86, -1,
27, 86, 87, -1, 27, 87, 88, -1, 27, 88, 89, -1, 27, 89, 26, -1,
25, 26, 89, -1, 25, 89, 90, -1, 25, 90, 91, -1, 25, 91, 92, -1,
25, 92, 24, -1, 24, 92, 93, -1, 24, 93, 94, -1, 24, 94, 95, -1,
24, 95, 23, -1, 23, 95, 96, -1, 23, 96, 97, -1, 23, 97, 98, -1,
23, 98, 22, -1, 21, 22, 98, -1, 21, 98, 99, -1, 21, 99, 100, -1,
21, 100, 101, -1, 21, 101, 20, -1, 20, 101, 102, -1, 20, 102, 103, -1,
20, 103, 104, -1, 20, 104, 19, -1, 19, 104, 105, -1, 19, 105, 106, -1,
19, 106, 107, -1, 19, 107, 18, -1, 18, 107, 108, -1, 18, 108, 109, -1,
18, 109, 110, -1, 18, 110, 17, -1, 110, 111, 17, -1, 17, 111, 112, -1,
17, 112, 16, -1, 16, 112, 113, -1, 16, 113, 15, -1, 15, 113, 114, -1,
15, 114, 115, -1, 116, 117, 14, -1, 116, 14, 15, -1, 116, 15, 115, -1,
117, 118, 14, -1, 14, 118, 119, -1, 14, 119, 13, -1, 13, 119, 120, -1,
13, 120, 121, -1, 122, 123, 12, -1, 122, 12, 13, -1, 122, 13, 121, -1,
10, 11, 125, -1, 125, 11, 12, -1, 125, 12, 124, -1, 124, 12, 123, -1,
10, 125, 126, -1, 10, 126, 127, -1, 10, 127, 128, -1, 10, 128, 9, -1,
9, 128, 129, -1, 9, 129, 130, -1, 9, 130, 131, -1, 9, 131, 8, -1,
8, 131, 132, -1, 8, 132, 133, -1, 8, 133, 134, -1, 8, 134, 7, -1,
6, 7, 134, -1, 6, 134, 135, -1, 6, 135, 136, -1, 6, 136, 137, -1,
6, 137, 5, -1, 4, 5, 137, -1, 4, 137, 138, -1, 4, 138, 139, -1,
4, 139, 140, -1, 4, 140, 3, -1, 140, 141, 1, -1, 140, 1, 2, -1,
140, 2, 3, -1, 165, 157, 163, -1, 163, 157, 158, -1, 163, 158, 162, -1,
162, 158, 160, -1, 162, 160, 161, -1, 280, 281, 291, -1, 291, 281, 282, -1,
291, 282, 290, -1, 290, 282, 283, -1, 290, 283, 289, -1, 289, 283, 288, -1,
276, 286, 285, -1, 285, 286, 287, -1, 285, 287, 284, -1, 284, 287, 288, -1,
284, 288, 283, -1, 292, 293, 279, -1, 292, 279, 280, -1, 292, 280, 291, -1,
286, 277, 295, -1, 295, 277, 278, -1, 295, 278, 294, -1, 294, 278, 279, -1,
294, 279, 293, -1, 315, 300, 314, -1, 314, 300, 301, -1, 314, 301, 308, -1,
308, 301, 302, -1, 308, 302, 307, -1, 307, 302, 303, -1, 307, 303, 306, -1,
306, 303, 304, -1, 306, 304, 305, -1, 309, 310, 312, -1, 309, 312, 313, -1,
309, 313, 314, -1, 309, 314, 308, -1, 311, 312, 310, -1, 311, 310, 296, -1,
311, 296, 299, -1, 311, 299, 316, -1, 316, 299, 300, -1, 316, 300, 315, -1,
296, 297, 298, -1, 296, 298, 299, -1, 277, 286, 276, -1, 165, 163, 164, -1,
160, 158, 159, -1, 142, 1, 141, -1, 250, 248, 249, -1, 253, 251, 252, -1,
255, 64, 254, -1, 68, 69, 67, -1, 72, 70, 71, -1, 257, 266, 256, -1,
154, 152, 153, -1
            ]
          }
        }
      ]
    }
  ]
}
Transform {
  children [
    Group {
      children [
        Shape {
          appearance Appearance {
            material Material {
              diffuseColor 0.749 0.756 0.761
              specularColor 0.749 0.756 0.761
              emissiveColor 0 0 0
              ambientIntensity 0.8
              transparency 0
              shininess 0.8
            }
          }
          geometry IndexedFaceSet {
            solid TRUE
            coord Coordinate {
              point [

              ]
            }
            coordIndex [

            ]
          }
        }
      ]
    }
  ]
}
Transform {
  children [
    Group {
      children [
        Shape {
          appearance Appearance {
            material Material {
              diffuseColor 0.08 0.5 0.1
              specularColor 0.01 0.05 0.01
              emissiveColor 0 0 0
              ambientIntensity 0.8
              transparency 0
              shininess 0.02
            }
          }
          geometry IndexedFaceSet {
            solid TRUE
            coord Coordinate {
              point [
74.733703 -32.376029 -0.314961, 74.76378 -32.283465 -0.314961,
74.733703 -32.1909 -0.314961, 74.654963 -32.133692 -0.314961,
74.557635 -32.133692 -0.314961, 74.539382 -32.146951 -0.314961,
74.055118 -31.662686 -0.314961, 74.055118 -30.572835 -0.314961,
74.030512 -30.530215 -0.314961, 73.981299 -30.530215 -0.314961,
73.956693 -30.572835 -0.314961, 73.956693 -31.683071 -0.314961,
73.966188 -31.69952 -0.314961, 73.971107 -31.717869 -0.314961,
74.470372 -32.217134 -0.314961, 74.448819 -32.283465 -0.314961,
74.478895 -32.376029 -0.314961, 74.557635 -32.433237 -0.314961,
74.654963 -32.433237 -0.314961, 74.685039 -32.283465 -0.314961,
74.645669 -32.351656 -0.314961, 74.566929 -32.351656 -0.314961,
74.527559 -32.283465 -0.314961, 74.566929 -32.215274 -0.314961,
74.645669 -32.215274 -0.314961, 67.744092 -27.601213 -0.314961,
67.733275 -27.623671 -0.314961, 67.538335 -27.73622 -0.314961,
67.538335 -28.169291 -0.314961, 67.733275 -28.28184 -0.314961,
67.744092 -28.304299 -0.314961, 67.819435 -28.364383 -0.314961,
67.913386 -28.385827 -0.314961, 68.007337 -28.364383 -0.314961,
68.08268 -28.304299 -0.314961, 68.093495 -28.28184 -0.314961,
68.288436 -28.169291 -0.314961, 68.288436 -28.001968 -0.314961,
72.865443 -28.001969 -0.314961, 73.971107 -29.107633 -0.314961,
74.018643 -29.12037 -0.314961, 74.053441 -29.085572 -0.314961,
74.040704 -29.038036 -0.314961, 72.920625 -27.917957 -0.314961,
72.902275 -27.91304 -0.314961, 72.885827 -27.903543 -0.314961,
68.288435 -27.903543 -0.314961, 68.288436 -27.73622 -0.314961,
68.093495 -27.623671 -0.314961, 68.08268 -27.601213 -0.314961,
68.007337 -27.541129 -0.314961, 67.913386 -27.519685 -0.314961,
67.819435 -27.541129 -0.314961, 67.765748 -27.952756 -0.314961,
67.793944 -27.865977 -0.314961, 67.867763 -27.812344 -0.314961,
67.959008 -27.812344 -0.314961, 68.032827 -27.865977 -0.314961,
68.061024 -27.952756 -0.314961, 68.032827 -28.039535 -0.314961,
67.959008 -28.093168 -0.314961, 67.867763 -28.093168 -0.314961,
67.793944 -28.039535 -0.314961, 68.728344 -29.569717 -0.314961,
68.717527 -29.592175 -0.314961, 68.522587 -29.704724 -0.314961,
68.522587 -30.137795 -0.314961, 68.717527 -30.250344 -0.314961,
68.728344 -30.272803 -0.314961, 68.803687 -30.332887 -0.314961,
68.897638 -30.354331 -0.314961, 68.991589 -30.332887 -0.314961,
69.066932 -30.272803 -0.314961, 69.077747 -30.250344 -0.314961,
69.128073 -30.221291 -0.314961, 69.514414 -30.607633 -0.314961,
69.53276 -30.612549 -0.314961, 69.549213 -30.622047 -0.314961,
72.057087 -30.622047 -0.314961, 72.099706 -30.597441 -0.314961,
72.099706 -30.548228 -0.314961, 72.057087 -30.523622 -0.314961,
69.569598 -30.523622 -0.314961, 69.216319 -30.170342 -0.314961,
69.272688 -30.137795 -0.314961, 69.272688 -29.704724 -0.314961,
69.077746 -29.592175 -0.314961, 69.066932 -29.569717 -0.314961,
68.991589 -29.509633 -0.314961, 68.897638 -29.488189 -0.314961,
68.803687 -29.509633 -0.314961, 68.75 -29.92126 -0.314961,
68.778196 -29.834481 -0.314961, 68.852015 -29.780848 -0.314961,
68.94326 -29.780848 -0.314961, 69.017079 -29.834481 -0.314961,
69.045276 -29.92126 -0.314961, 69.017079 -30.008039 -0.314961,
68.94326 -30.061672 -0.314961, 68.852015 -30.061672 -0.314961,
68.778196 -30.008039 -0.314961
              ]
            }
            coordIndex [
49, 48, 35, -1, 35, 48, 36, -1, 36, 48, 46, -1, 46, 48, 47, -1,
43, 42, 39, -1, 39, 42, 40, -1, 40, 42, 41, -1, 38, 37, 45, -1,
38, 45, 39, -1, 39, 45, 44, -1, 39, 44, 43, -1, 45, 37, 46, -1,
46, 37, 36, -1, 7, 6, 8, -1, 8, 6, 9, -1, 9, 6, 13, -1,
13, 6, 14, -1, 14, 6, 5, -1, 24, 23, 3, -1, 24, 3, 19, -1,
19, 3, 2, -1, 19, 2, 0, -1, 0, 2, 1, -1, 4, 3, 23, -1,
4, 23, 5, -1, 5, 23, 22, -1, 5, 22, 16, -1, 16, 22, 17, -1,
15, 14, 16, -1, 16, 14, 5, -1, 13, 12, 9, -1, 9, 12, 10, -1,
10, 12, 11, -1, 0, 18, 19, -1, 19, 18, 20, -1, 20, 18, 21, -1,
21, 18, 17, -1, 50, 49, 57, -1, 57, 49, 58, -1, 58, 49, 34, -1,
34, 49, 35, -1, 54, 53, 52, -1, 54, 52, 55, -1, 55, 52, 51, -1,
55, 51, 56, -1, 56, 51, 50, -1, 56, 50, 57, -1, 29, 27, 26, -1,
29, 26, 30, -1, 30, 26, 25, -1, 30, 25, 53, -1, 53, 25, 52, -1,
31, 62, 61, -1, 31, 61, 32, -1, 32, 61, 60, -1, 32, 60, 33, -1,
33, 60, 59, -1, 33, 59, 34, -1, 34, 59, 58, -1, 30, 53, 31, -1,
31, 53, 62, -1, 86, 85, 73, -1, 73, 85, 74, -1, 74, 85, 83, -1,
83, 85, 84, -1, 88, 87, 95, -1, 95, 87, 96, -1, 96, 87, 72, -1,
72, 87, 73, -1, 73, 87, 86, -1, 92, 91, 90, -1, 92, 90, 93, -1,
93, 90, 89, -1, 93, 89, 94, -1, 94, 89, 88, -1, 94, 88, 95, -1,
67, 65, 64, -1, 67, 64, 68, -1, 68, 64, 63, -1, 68, 63, 91, -1,
91, 63, 90, -1, 77, 76, 82, -1, 77, 82, 78, -1, 78, 82, 81, -1,
78, 81, 79, -1, 79, 81, 80, -1, 76, 75, 82, -1, 82, 75, 83, -1,
83, 75, 74, -1, 69, 100, 99, -1, 69, 99, 70, -1, 70, 99, 98, -1,
70, 98, 71, -1, 71, 98, 97, -1, 71, 97, 72, -1, 72, 97, 96, -1,
68, 91, 69, -1, 69, 91, 100, -1, 65, 67, 66, -1, 27, 29, 28, -1,
17, 22, 21, -1
            ]
          }
        }
      ]
    }
  ]
}
Transform {
  children [
    Group {
      children [
        Shape {
          appearance Appearance {
            material Material {
              diffuseColor 0.749 0.756 0.761
              specularColor 0.749 0.756 0.761
              emissiveColor 0 0 0
              ambientIntensity 0.8
              transparency 0
              shininess 0.8
            }
          }
          geometry IndexedFaceSet {
            solid TRUE
            coord Coordinate {
              point [
74.389764 -30.51378 -0.319882, 74.388629 -30.502258 -0.319882,
74.385269 -30.49118 -0.319882, 74.379811 -30.48097 -0.319882,
74.372467 -30.472021 -0.319882, 74.363518 -30.464677 -0.319882,
74.353308 -30.45922 -0.319882, 74.34223 -30.455859 -0.319882,
74.330709 -30.454724 -0.319882, 73.681102 -30.454724 -0.319882,
73.669581 -30.455859 -0.319882, 73.658503 -30.45922 -0.319882,
73.648293 -30.464677 -0.319882, 73.639344 -30.472021 -0.319882,
73.632 -30.48097 -0.319882, 73.626543 -30.49118 -0.319882,
73.623182 -30.502258 -0.319882, 73.622047 -30.51378 -0.319882,
73.622047 -30.63189 -0.319882, 73.623182 -30.643411 -0.319882,
73.626543 -30.654489 -0.319882, 73.632 -30.664699 -0.319882,
73.639344 -30.673648 -0.319882, 73.648293 -30.680992 -0.319882,
73.658503 -30.68645 -0.319882, 73.669581 -30.68981 -0.319882,
73.681102 -30.690945 -0.319882, 74.330709 -30.690945 -0.319882,
74.34223 -30.68981 -0.319882, 74.353308 -30.68645 -0.319882,
74.363518 -30.680992 -0.319882, 74.372467 -30.673648 -0.319882,
74.379811 -30.664699 -0.319882, 74.385269 -30.654489 -0.319882,
74.388629 -30.643411 -0.319882, 74.389764 -30.63189 -0.319882,
74.389764 -30.01378 -0.319882, 74.388629 -30.002258 -0.319882,
74.385269 -29.99118 -0.319882, 74.379811 -29.98097 -0.319882,
74.372467 -29.972021 -0.319882, 74.363518 -29.964677 -0.319882,
74.353308 -29.95922 -0.319882, 74.34223 -29.955859 -0.319882,
74.330709 -29.954724 -0.319882, 73.681102 -29.954724 -0.319882,
73.669581 -29.955859 -0.319882, 73.658503 -29.95922 -0.319882,
73.648293 -29.964677 -0.319882, 73.639344 -29.972021 -0.319882,
73.632 -29.98097 -0.319882, 73.626543 -29.99118 -0.319882,
73.623182 -30.002258 -0.319882, 73.622047 -30.01378 -0.319882,
73.622047 -30.13189 -0.319882, 73.623182 -30.143411 -0.319882,
73.626543 -30.154489 -0.319882, 73.632 -30.164699 -0.319882,
73.639344 -30.173648 -0.319882, 73.648293 -30.180992 -0.319882,
73.658503 -30.18645 -0.319882, 73.669581 -30.18981 -0.319882,
73.681102 -30.190945 -0.319882, 74.330709 -30.190945 -0.319882,
74.34223 -30.18981 -0.319882, 74.353308 -30.18645 -0.319882,
74.363518 -30.180992 -0.319882, 74.372467 -30.173648 -0.319882,
74.379811 -30.164699 -0.319882, 74.385269 -30.154489 -0.319882,
74.388629 -30.143411 -0.319882, 74.389764 -30.13189 -0.319882,
74.389764 -29.51378 -0.319882, 74.388629 -29.502258 -0.319882,
74.385269 -29.49118 -0.319882, 74.379811 -29.48097 -0.319882,
74.372467 -29.472021 -0.319882, 74.363518 -29.464677 -0.319882,
74.353308 -29.45922 -0.319882, 74.34223 -29.455859 -0.319882,
74.330709 -29.454724 -0.319882, 73.681102 -29.454724 -0.319882,
73.669581 -29.455859 -0.319882, 73.658503 -29.45922 -0.319882,
73.648293 -29.464677 -0.319882, 73.639344 -29.472021 -0.319882,
73.632 -29.48097 -0.319882, 73.626543 -29.49118 -0.319882,
73.623182 -29.502258 -0.319882, 73.622047 -29.51378 -0.319882,
73.622047 -29.63189 -0.319882, 73.623182 -29.643411 -0.319882,
73.626543 -29.654489 -0.319882, 73.632 -29.664699 -0.319882,
73.639344 -29.673648 -0.319882, 73.648293 -29.680992 -0.319882,
73.658503 -29.68645 -0.319882, 73.669581 -29.68981 -0.319882,
73.681102 -29.690945 -0.319882, 74.330709 -29.690945 -0.319882,
74.34223 -29.68981 -0.319882, 74.353308 -29.68645 -0.319882,
74.363518 -29.680992 -0.319882, 74.372467 -29.673648 -0.319882,
74.379811 -29.664699 -0.319882, 74.385269 -29.654489 -0.319882,
74.388629 -29.643411 -0.319882, 74.389764 -29.63189 -0.319882,
74.389764 -29.01378 -0.319882, 74.388629 -29.002258 -0.319882,
74.385269 -28.99118 -0.319882, 74.379811 -28.98097 -0.319882,
74.372467 -28.972021 -0.319882, 74.363518 -28.964677 -0.319882,
74.353308 -28.95922 -0.319882, 74.34223 -28.955859 -0.319882,
74.330709 -28.954724 -0.319882, 73.681102 -28.954724 -0.319882,
73.669581 -28.955859 -0.319882, 73.658503 -28.95922 -0.319882,
73.648293 -28.964677 -0.319882, 73.639344 -28.972021 -0.319882,
73.632 -28.98097 -0.319882, 73.626543 -28.99118 -0.319882,
73.623182 -29.002258 -0.319882, 73.622047 -29.01378 -0.319882,
73.622047 -29.13189 -0.319882, 73.623182 -29.143411 -0.319882,
73.626543 -29.154489 -0.319882, 73.632 -29.164699 -0.319882,
73.639344 -29.173648 -0.319882, 73.648293 -29.180992 -0.319882,
73.658503 -29.18645 -0.319882, 73.669581 -29.18981 -0.319882,
73.681102 -29.190945 -0.319882, 74.330709 -29.190945 -0.319882,
74.34223 -29.18981 -0.319882, 74.353308 -29.18645 -0.319882,
74.363518 -29.180992 -0.319882, 74.372467 -29.173648 -0.319882,
74.379811 -29.164699 -0.319882, 74.385269 -29.154489 -0.319882,
74.388629 -29.143411 -0.319882, 74.389764 -29.13189 -0.319882,
72.440945 -29.01378 -0.319882, 72.43981 -29.002258 -0.319882,
72.43645 -28.99118 -0.319882, 72.430992 -28.98097 -0.319882,
72.423648 -28.972021 -0.319882, 72.414699 -28.964677 -0.319882,
72.404489 -28.95922 -0.319882, 72.393411 -28.955859 -0.319882,
72.38189 -28.954724 -0.319882, 71.732283 -28.954724 -0.319882,
71.720762 -28.955859 -0.319882, 71.709684 -28.95922 -0.319882,
71.699474 -28.964677 -0.319882, 71.690525 -28.972021 -0.319882,
71.683181 -28.98097 -0.319882, 71.677724 -28.99118 -0.319882,
71.674363 -29.002258 -0.319882, 71.673228 -29.01378 -0.319882,
71.673228 -29.13189 -0.319882, 71.674363 -29.143411 -0.319882,
71.677724 -29.154489 -0.319882, 71.683181 -29.164699 -0.319882,
71.690525 -29.173648 -0.319882, 71.699474 -29.180992 -0.319882,
71.709684 -29.18645 -0.319882, 71.720762 -29.18981 -0.319882,
71.732283 -29.190945 -0.319882, 72.38189 -29.190945 -0.319882,
72.393411 -29.18981 -0.319882, 72.404489 -29.18645 -0.319882,
72.414699 -29.180992 -0.319882, 72.423648 -29.173648 -0.319882,
72.430992 -29.164699 -0.319882, 72.43645 -29.154489 -0.319882,
72.43981 -29.143411 -0.319882, 72.440945 -29.13189 -0.319882,
72.440945 -29.51378 -0.319882, 72.43981 -29.502258 -0.319882,
72.43645 -29.49118 -0.319882, 72.430992 -29.48097 -0.319882,
72.423648 -29.472021 -0.319882, 72.414699 -29.464677 -0.319882,
72.404489 -29.45922 -0.319882, 72.393411 -29.455859 -0.319882,
72.38189 -29.454724 -0.319882, 71.732283 -29.454724 -0.319882,
71.720762 -29.455859 -0.319882, 71.709684 -29.45922 -0.319882,
71.699474 -29.464677 -0.319882, 71.690525 -29.472021 -0.319882,
71.683181 -29.48097 -0.319882, 71.677724 -29.49118 -0.319882,
71.674363 -29.502258 -0.319882, 71.673228 -29.51378 -0.319882,
71.673228 -29.63189 -0.319882, 71.674363 -29.643411 -0.319882,
71.677724 -29.654489 -0.319882, 71.683181 -29.664699 -0.319882,
71.690525 -29.673648 -0.319882, 71.699474 -29.680992 -0.319882,
71.709684 -29.68645 -0.319882, 71.720762 -29.68981 -0.319882,
71.732283 -29.690945 -0.319882, 72.38189 -29.690945 -0.319882,
72.393411 -29.68981 -0.319882, 72.404489 -29.68645 -0.319882,
72.414699 -29.680992 -0.319882, 72.423648 -29.673648 -0.319882,
72.430992 -29.664699 -0.319882, 72.43645 -29.654489 -0.319882,
72.43981 -29.643411 -0.319882, 72.440945 -29.63189 -0.319882,
72.440945 -30.01378 -0.319882, 72.43981 -30.002258 -0.319882,
72.43645 -29.99118 -0.319882, 72.430992 -29.98097 -0.319882,
72.423648 -29.972021 -0.319882, 72.414699 -29.964677 -0.319882,
72.404489 -29.95922 -0.319882, 72.393411 -29.955859 -0.319882,
72.38189 -29.954724 -0.319882, 71.732283 -29.954724 -0.319882,
71.720762 -29.955859 -0.319882, 71.709684 -29.95922 -0.319882,
71.699474 -29.964677 -0.319882, 71.690525 -29.972021 -0.319882,
71.683181 -29.98097 -0.319882, 71.677724 -29.99118 -0.319882,
71.674363 -30.002258 -0.319882, 71.673228 -30.01378 -0.319882,
71.673228 -30.13189 -0.319882, 71.674363 -30.143411 -0.319882,
71.677724 -30.154489 -0.319882, 71.683181 -30.164699 -0.319882,
71.690525 -30.173648 -0.319882, 71.699474 -30.180992 -0.319882,
71.709684 -30.18645 -0.319882, 71.720762 -30.18981 -0.319882,
71.732283 -30.190945 -0.319882, 72.38189 -30.190945 -0.319882,
72.393411 -30.18981 -0.319882, 72.404489 -30.18645 -0.319882,
72.414699 -30.180992 -0.319882, 72.423648 -30.173648 -0.319882,
72.430992 -30.164699 -0.319882, 72.43645 -30.154489 -0.319882,
72.43981 -30.143411 -0.319882, 72.440945 -30.13189 -0.319882,
72.440945 -30.51378 -0.319882, 72.43981 -30.502258 -0.319882,
72.43645 -30.49118 -0.319882, 72.430992 -30.48097 -0.319882,
72.423648 -30.472021 -0.319882, 72.414699 -30.464677 -0.319882,
72.404489 -30.45922 -0.319882, 72.393411 -30.455859 -0.319882,
72.38189 -30.454724 -0.319882, 71.732283 -30.454724 -0.319882,
71.720762 -30.455859 -0.319882, 71.709684 -30.45922 -0.319882,
71.699474 -30.464677 -0.319882, 71.690525 -30.472021 -0.319882,
71.683181 -30.48097 -0.319882, 71.677724 -30.49118 -0.319882,
71.674363 -30.502258 -0.319882, 71.673228 -30.51378 -0.319882,
71.673228 -30.63189 -0.319882, 71.674363 -30.643411 -0.319882,
71.677724 -30.654489 -0.319882, 71.683181 -30.664699 -0.319882,
71.690525 -30.673648 -0.319882, 71.699474 -30.680992 -0.319882,
71.709684 -30.68645 -0.319882, 71.720762 -30.68981 -0.319882,
71.732283 -30.690945 -0.319882, 72.38189 -30.690945 -0.319882,
72.393411 -30.68981 -0.319882, 72.404489 -30.68645 -0.319882,
72.414699 -30.680992 -0.319882, 72.423648 -30.673648 -0.319882,
72.430992 -30.664699 -0.319882, 72.43645 -30.654489 -0.319882,
72.43981 -30.643411 -0.319882, 72.440945 -30.63189 -0.319882
              ]
            }
            coordIndex [
19, 17, 16, -1, 19, 16, 20, -1, 20, 16, 15, -1, 20, 15, 21, -1,
21, 15, 14, -1, 21, 14, 22, -1, 22, 14, 13, -1, 22, 13, 23, -1,
23, 13, 12, -1, 23, 12, 24, -1, 24, 12, 11, -1, 24, 11, 25, -1,
25, 11, 10, -1, 25, 10, 26, -1, 26, 10, 9, -1, 26, 9, 27, -1,
27, 9, 8, -1, 27, 8, 28, -1, 28, 8, 7, -1, 28, 7, 29, -1,
29, 7, 6, -1, 29, 6, 30, -1, 30, 6, 5, -1, 30, 5, 31, -1,
31, 5, 4, -1, 31, 4, 32, -1, 32, 4, 3, -1, 32, 3, 33, -1,
33, 3, 2, -1, 33, 2, 34, -1, 34, 2, 1, -1, 34, 1, 35, -1,
35, 1, 0, -1, 55, 53, 52, -1, 55, 52, 56, -1, 56, 52, 51, -1,
56, 51, 57, -1, 57, 51, 50, -1, 57, 50, 58, -1, 58, 50, 49, -1,
58, 49, 59, -1, 59, 49, 48, -1, 59, 48, 60, -1, 60, 48, 47, -1,
60, 47, 61, -1, 61, 47, 46, -1, 61, 46, 62, -1, 62, 46, 45, -1,
62, 45, 63, -1, 63, 45, 44, -1, 63, 44, 64, -1, 64, 44, 43, -1,
64, 43, 65, -1, 65, 43, 42, -1, 65, 42, 66, -1, 66, 42, 41, -1,
66, 41, 67, -1, 67, 41, 40, -1, 67, 40, 68, -1, 68, 40, 39, -1,
68, 39, 69, -1, 69, 39, 38, -1, 69, 38, 70, -1, 70, 38, 37, -1,
70, 37, 71, -1, 71, 37, 36, -1, 91, 89, 88, -1, 91, 88, 92, -1,
92, 88, 87, -1, 92, 87, 93, -1, 93, 87, 86, -1, 93, 86, 94, -1,
94, 86, 85, -1, 94, 85, 95, -1, 95, 85, 84, -1, 95, 84, 96, -1,
96, 84, 83, -1, 96, 83, 97, -1, 97, 83, 82, -1, 97, 82, 98, -1,
98, 82, 81, -1, 98, 81, 99, -1, 99, 81, 80, -1, 99, 80, 100, -1,
100, 80, 79, -1, 100, 79, 101, -1, 101, 79, 78, -1, 101, 78, 102, -1,
102, 78, 77, -1, 102, 77, 103, -1, 103, 77, 76, -1, 103, 76, 104, -1,
104, 76, 75, -1, 104, 75, 105, -1, 105, 75, 74, -1, 105, 74, 106, -1,
106, 74, 73, -1, 106, 73, 107, -1, 107, 73, 72, -1, 127, 125, 124, -1,
127, 124, 128, -1, 128, 124, 123, -1, 128, 123, 129, -1, 129, 123, 122, -1,
129, 122, 130, -1, 130, 122, 121, -1, 130, 121, 131, -1, 131, 121, 120, -1,
131, 120, 132, -1, 132, 120, 119, -1, 132, 119, 133, -1, 133, 119, 118, -1,
133, 118, 134, -1, 134, 118, 117, -1, 134, 117, 135, -1, 135, 117, 116, -1,
135, 116, 136, -1, 136, 116, 115, -1, 136, 115, 137, -1, 137, 115, 114, -1,
137, 114, 138, -1, 138, 114, 113, -1, 138, 113, 139, -1, 139, 113, 112, -1,
139, 112, 140, -1, 140, 112, 111, -1, 140, 111, 141, -1, 141, 111, 110, -1,
141, 110, 142, -1, 142, 110, 109, -1, 142, 109, 143, -1, 143, 109, 108, -1,
163, 161, 160, -1, 163, 160, 164, -1, 164, 160, 159, -1, 164, 159, 165, -1,
165, 159, 158, -1, 165, 158, 166, -1, 166, 158, 157, -1, 166, 157, 167, -1,
167, 157, 156, -1, 167, 156, 168, -1, 168, 156, 155, -1, 168, 155, 169, -1,
169, 155, 154, -1, 169, 154, 170, -1, 170, 154, 153, -1, 170, 153, 171, -1,
171, 153, 152, -1, 171, 152, 172, -1, 172, 152, 151, -1, 172, 151, 173, -1,
173, 151, 150, -1, 173, 150, 174, -1, 174, 150, 149, -1, 174, 149, 175, -1,
175, 149, 148, -1, 175, 148, 176, -1, 176, 148, 147, -1, 176, 147, 177, -1,
177, 147, 146, -1, 177, 146, 178, -1, 178, 146, 145, -1, 178, 145, 179, -1,
179, 145, 144, -1, 199, 197, 196, -1, 199, 196, 200, -1, 200, 196, 195, -1,
200, 195, 201, -1, 201, 195, 194, -1, 201, 194, 202, -1, 202, 194, 193, -1,
202, 193, 203, -1, 203, 193, 192, -1, 203, 192, 204, -1, 204, 192, 191, -1,
204, 191, 205, -1, 205, 191, 190, -1, 205, 190, 206, -1, 206, 190, 189, -1,
206, 189, 207, -1, 207, 189, 188, -1, 207, 188, 208, -1, 208, 188, 187, -1,
208, 187, 209, -1, 209, 187, 186, -1, 209, 186, 210, -1, 210, 186, 185, -1,
210, 185, 211, -1, 211, 185, 184, -1, 211, 184, 212, -1, 212, 184, 183, -1,
212, 183, 213, -1, 213, 183, 182, -1, 213, 182, 214, -1, 214, 182, 181, -1,
214, 181, 215, -1, 215, 181, 180, -1, 235, 233, 232, -1, 235, 232, 236, -1,
236, 232, 231, -1, 236, 231, 237, -1, 237, 231, 230, -1, 237, 230, 238, -1,
238, 230, 229, -1, 238, 229, 239, -1, 239, 229, 228, -1, 239, 228, 240, -1,
240, 228, 227, -1, 240, 227, 241, -1, 241, 227, 226, -1, 241, 226, 242, -1,
242, 226, 225, -1, 242, 225, 243, -1, 243, 225, 224, -1, 243, 224, 244, -1,
244, 224, 223, -1, 244, 223, 245, -1, 245, 223, 222, -1, 245, 222, 246, -1,
246, 222, 221, -1, 246, 221, 247, -1, 247, 221, 220, -1, 247, 220, 248, -1,
248, 220, 219, -1, 248, 219, 249, -1, 249, 219, 218, -1, 249, 218, 250, -1,
250, 218, 217, -1, 250, 217, 251, -1, 251, 217, 216, -1, 271, 269, 268, -1,
271, 268, 272, -1, 272, 268, 267, -1, 272, 267, 273, -1, 273, 267, 266, -1,
273, 266, 274, -1, 274, 266, 265, -1, 274, 265, 275, -1, 275, 265, 264, -1,
275, 264, 276, -1, 276, 264, 263, -1, 276, 263, 277, -1, 277, 263, 262, -1,
277, 262, 278, -1, 278, 262, 261, -1, 278, 261, 279, -1, 279, 261, 260, -1,
279, 260, 280, -1, 280, 260, 259, -1, 280, 259, 281, -1, 281, 259, 258, -1,
281, 258, 282, -1, 282, 258, 257, -1, 282, 257, 283, -1, 283, 257, 256, -1,
283, 256, 284, -1, 284, 256, 255, -1, 284, 255, 285, -1, 285, 255, 254, -1,
285, 254, 286, -1, 286, 254, 253, -1, 286, 253, 287, -1, 287, 253, 252, -1,
269, 271, 270, -1, 233, 235, 234, -1, 197, 199, 198, -1, 161, 163, 162, -1,
125, 127, 126, -1, 89, 91, 90, -1, 53, 55, 54, -1, 17, 19, 18, -1
            ]
          }
        }
      ]
    }
  ]
}
Transform {
  children [
    Group {
      children [
        Shape {
          appearance Appearance {
            material Material {
              diffuseColor 0.749 0.756 0.761
              specularColor 0.749 0.756 0.761
              emissiveColor 0 0 0
              ambientIntensity 0.8
              transparency 0
              shininess 0.8
            }
          }
          geometry IndexedFaceSet {
            solid TRUE
            coord Coordinate {
              point [

              ]
            }
            coordIndex [

            ]
          }
        }
      ]
    }
  ]
}
Transform {
  children [
    Group {
      children [
        Shape {
          appearance Appearance {
            material Material {
              diffuseColor 0.9 0.9 0.9
              specularColor 0.1 0.1 0.1
              emissiveColor 0 0 0
              ambientIntensity 0.9
              transparency 0
              shininess 0.02
            }
          }
          geometry IndexedFaceSet {
            solid TRUE
            coord Coordinate {
              point [
78.29176 -34.203674 0.334646, 78.321288 -34.203674 0.334646,
78.336052 -34.178102 0.334646, 78.336052 -33.971878 0.334646,
78.33251 -33.965744 0.334646, 78.332934 -33.958673 0.334646,
78.314187 -33.921178 0.334646, 78.306233 -33.915926 0.334646,
78.300982 -33.907973 0.334646, 78.263486 -33.889225 0.334646,
78.256416 -33.88965 0.334646, 78.250281 -33.886108 0.334646,
78.194038 -33.886108 0.334646, 78.187904 -33.88965 0.334646,
78.180833 -33.889225 0.334646, 78.167323 -33.89598 0.334646,
78.167323 -33.784402 0.334646, 78.152559 -33.75883 0.334646,
78.123031 -33.75883 0.334646, 78.108268 -33.784402 0.334646,
78.108268 -34.178102 0.334646, 78.123031 -34.203674 0.334646,
78.152559 -34.203674 0.334646, 78.167323 -34.178102 0.334646,
78.167324 -33.965362 0.334646, 78.174033 -33.95865 0.334646,
78.201009 -33.945163 0.334646, 78.243309 -33.945162 0.334646,
78.265769 -33.956392 0.334646, 78.276998 -33.978849 0.334646,
78.276996 -34.178102 0.334646, 78.504779 -33.997596 0.334646,
78.518268 -33.970622 0.334646, 78.530238 -33.95865 0.334646,
78.557215 -33.945163 0.334646, 78.599515 -33.945163 0.334646,
78.626491 -33.95865 0.334646, 78.638462 -33.970622 0.334646,
78.65195 -33.997597 0.334646, 78.65195 -34.096141 0.334646,
78.638462 -34.123116 0.334646, 78.626491 -34.135087 0.334646,
78.599515 -34.148574 0.334646, 78.557215 -34.148575 0.334646,
78.530238 -34.135087 0.334646, 78.518268 -34.123116 0.334646,
78.50478 -34.096141 0.334646, 78.68914 -33.939926 0.334646,
78.684917 -33.937138 0.334646, 78.683609 -33.932252 0.334646,
78.664861 -33.913504 0.334646, 78.659973 -33.912194 0.334646,
78.657187 -33.907973 0.334646, 78.619692 -33.889225 0.334646,
78.612621 -33.88965 0.334646, 78.606487 -33.886108 0.334646,
78.550244 -33.886108 0.334646, 78.544108 -33.889649 0.334646,
78.537039 -33.889225 0.334646, 78.499543 -33.907973 0.334646,
78.496756 -33.912195 0.334646, 78.491869 -33.913504 0.334646,
78.473121 -33.932252 0.334646, 78.471811 -33.937138 0.334646,
78.46759 -33.939926 0.334646, 78.448843 -33.977421 0.334646,
78.449267 -33.984492 0.334646, 78.445725 -33.990626 0.334646,
78.445725 -34.103112 0.334646, 78.449267 -34.109246 0.334646,
78.448843 -34.116317 0.334646, 78.46759 -34.153812 0.334646,
78.471811 -34.156599 0.334646, 78.473121 -34.161486 0.334646,
78.491869 -34.180234 0.334646, 78.496756 -34.181543 0.334646,
78.499543 -34.185765 0.334646, 78.537039 -34.204513 0.334646,
78.544108 -34.204088 0.334646, 78.550244 -34.20763 0.334646,
78.606487 -34.20763 0.334646, 78.612621 -34.204088 0.334646,
78.619692 -34.204513 0.334646, 78.657187 -34.185765 0.334646,
78.659973 -34.181543 0.334646, 78.664861 -34.180234 0.334646,
78.683609 -34.161486 0.334646, 78.684917 -34.156599 0.334646,
78.68914 -34.153812 0.334646, 78.707887 -34.116317 0.334646,
78.707463 -34.109246 0.334646, 78.711005 -34.103112 0.334646,
78.711005 -33.990626 0.334646, 78.707463 -33.984492 0.334646,
78.707887 -33.977421 0.334646, 78.86497 -33.75883 0.334646,
78.835442 -33.75883 0.334646, 78.820678 -33.784402 0.334646,
78.820678 -34.121859 0.334646, 78.82422 -34.127994 0.334646,
78.823796 -34.135065 0.334646, 78.842543 -34.17256 0.334646,
78.850497 -34.177811 0.334646, 78.855748 -34.185765 0.334646,
78.893244 -34.204513 0.334646, 78.922718 -34.202743 0.334646,
78.935923 -34.176333 0.334646, 78.919654 -34.151692 0.334646,
78.890963 -34.137347 0.334646, 78.879733 -34.114889 0.334646,
78.879733 -33.784402 0.334646, 79.067209 -33.978848 0.334646,
79.07844 -33.956392 0.334646, 79.100898 -33.945164 0.334646,
79.161945 -33.945163 0.334646, 79.184404 -33.956392 0.334646,
79.195631 -33.978849 0.334646, 79.195632 -33.985167 0.334646,
79.067211 -34.010851 0.334646, 79.011697 -33.965744 0.334646,
79.008155 -33.971878 0.334646, 79.008155 -34.121859 0.334646,
79.011697 -34.127994 0.334646, 79.011272 -34.135065 0.334646,
79.03002 -34.17256 0.334646, 79.037974 -34.177811 0.334646,
79.043225 -34.185765 0.334646, 79.08072 -34.204513 0.334646,
79.087791 -34.204088 0.334646, 79.093926 -34.20763 0.334646,
79.168916 -34.20763 0.334646, 79.175051 -34.204088 0.334646,
79.182121 -34.204513 0.334646, 79.219617 -34.185765 0.334646,
79.235886 -34.161124 0.334646, 79.222681 -34.134714 0.334646,
79.193206 -34.132944 0.334646, 79.161945 -34.148575 0.334646,
79.100898 -34.148575 0.334646, 79.07844 -34.137347 0.334646,
79.067209 -34.114888 0.334646, 79.067211 -34.071076 0.334646,
79.23095 -34.038328 0.334646, 79.234799 -34.034945 0.334646,
79.239923 -34.034945 0.334646, 79.245201 -34.025804 0.334646,
79.25313 -34.018836 0.334646, 79.252125 -34.013811 0.334646,
79.254687 -34.009374 0.334646, 79.254687 -33.971878 0.334646,
79.251145 -33.965744 0.334646, 79.251569 -33.958673 0.334646,
79.232822 -33.921178 0.334646, 79.224868 -33.915926 0.334646,
79.219617 -33.907973 0.334646, 79.182121 -33.889225 0.334646,
79.175051 -33.88965 0.334646, 79.168916 -33.886108 0.334646,
79.093926 -33.886108 0.334646, 79.087791 -33.88965 0.334646,
79.08072 -33.889225 0.334646, 79.043225 -33.907973 0.334646,
79.037974 -33.915926 0.334646, 79.03002 -33.921178 0.334646,
79.011272 -33.958673 0.334646, 79.735526 -33.789913 0.334646,
79.733478 -33.78227 0.334646, 79.71473 -33.763522 0.334646,
79.710701 -33.762443 0.334646, 79.708614 -33.75883 0.334646,
79.704443 -33.75883 0.334646, 79.701492 -33.75588 0.334646,
79.69385 -33.757928 0.334646, 79.686208 -33.75588 0.334646,
79.683259 -33.75883 0.334646, 79.679087 -33.75883 0.334646,
79.677001 -33.762443 0.334646, 79.672971 -33.763523 0.334646,
79.654223 -33.782271 0.334646, 79.652176 -33.789913 0.334646,
79.646581 -33.795507 0.334646, 79.648629 -33.80315 0.334646,
79.646581 -33.810792 0.334646, 79.652176 -33.816387 0.334646,
79.654224 -33.824029 0.334646, 79.672971 -33.842776 0.334646,
79.676999 -33.843855 0.334646, 79.679087 -33.847469 0.334646,
79.683258 -33.847469 0.334646, 79.686208 -33.850419 0.334646,
79.69385 -33.848371 0.334646, 79.701493 -33.850419 0.334646,
79.704441 -33.847468 0.334646, 79.708614 -33.847469 0.334646,
79.710699 -33.843856 0.334646, 79.714729 -33.842777 0.334646,
79.733477 -33.824029 0.334646, 79.735525 -33.816387 0.334646,
79.74112 -33.810792 0.334646, 79.739075 -33.803151 0.334646,
79.74112 -33.795508 0.334646, 79.723378 -33.915635 0.334646,
79.708614 -33.890064 0.334646, 79.679087 -33.890064 0.334646,
79.664323 -33.915635 0.334646, 79.664323 -34.178102 0.334646,
79.679087 -34.203674 0.334646, 79.708614 -34.203674 0.334646,
79.723378 -34.178102 0.334646, 79.902049 -33.900383 0.334646,
79.896091 -33.890064 0.334646, 79.866563 -33.890064 0.334646,
79.8518 -33.915635 0.334646, 79.8518 -34.178102 0.334646,
79.866563 -34.203674 0.334646, 79.896091 -34.203674 0.334646,
79.910855 -34.178102 0.334646, 79.910854 -33.965361 0.334646,
79.917565 -33.95865 0.334646, 79.944541 -33.945163 0.334646,
79.986841 -33.945162 0.334646, 80.009301 -33.956392 0.334646,
80.02053 -33.978849 0.334646, 80.020528 -34.178102 0.334646,
80.035292 -34.203674 0.334646, 80.06482 -34.203674 0.334646,
80.079583 -34.178102 0.334646, 80.079583 -33.971878 0.334646,
80.076042 -33.965744 0.334646, 80.076466 -33.958673 0.334646,
80.057719 -33.921178 0.334646, 80.049765 -33.915926 0.334646,
80.044513 -33.907973 0.334646, 80.007018 -33.889225 0.334646,
79.999947 -33.88965 0.334646, 79.993813 -33.886108 0.334646,
79.93757 -33.886108 0.334646, 79.931436 -33.88965 0.334646,
79.924365 -33.889225 0.334646, 80.252296 -33.75883 0.334646,
80.222769 -33.75883 0.334646, 80.208005 -33.784402 0.334646,
80.208006 -33.886108 0.334646, 80.18129 -33.886108 0.334646,
80.155718 -33.900872 0.334646, 80.155718 -33.930399 0.334646,
80.18129 -33.945163 0.334646, 80.208006 -33.945163 0.334646,
80.208005 -34.121859 0.334646, 80.211547 -34.127994 0.334646,
80.211122 -34.135065 0.334646, 80.22987 -34.17256 0.334646,
80.237824 -34.177811 0.334646, 80.243075 -34.185765 0.334646,
80.28057 -34.204513 0.334646, 80.287641 -34.204088 0.334646,
80.293776 -34.20763 0.334646, 80.331271 -34.20763 0.334646,
80.356842 -34.192866 0.334646, 80.356842 -34.163339 0.334646,
80.331271 -34.148575 0.334646, 80.300746 -34.148575 0.334646,
80.27829 -34.137347 0.334646, 80.26706 -34.114889 0.334646,
80.267059 -33.945163 0.334646, 80.331271 -33.945163 0.334646,
80.356842 -33.930399 0.334646, 80.356842 -33.900872 0.334646,
80.331271 -33.886108 0.334646, 80.26706 -33.886108 0.334646,
80.26706 -33.784402 0.334646, 80.657644 -33.939926 0.334646,
80.653421 -33.937138 0.334646, 80.652113 -33.932252 0.334646,
80.633365 -33.913504 0.334646, 80.628477 -33.912194 0.334646,
80.625691 -33.907973 0.334646, 80.588196 -33.889225 0.334646,
80.581125 -33.88965 0.334646, 80.574991 -33.886108 0.334646,
80.518748 -33.886108 0.334646, 80.512612 -33.889649 0.334646,
80.505543 -33.889225 0.334646, 80.468047 -33.907973 0.334646,
80.46526 -33.912195 0.334646, 80.460373 -33.913504 0.334646,
80.441625 -33.932252 0.334646, 80.440315 -33.937138 0.334646,
80.436094 -33.939926 0.334646, 80.417346 -33.977421 0.334646,
80.417771 -33.984492 0.334646, 80.414229 -33.990626 0.334646,
80.414229 -34.103112 0.334646, 80.417771 -34.109246 0.334646,
80.417346 -34.116317 0.334646, 80.436094 -34.153812 0.334646,
80.440315 -34.156599 0.334646, 80.441625 -34.161486 0.334646,
80.460373 -34.180234 0.334646, 80.46526 -34.181543 0.334646,
80.468047 -34.185765 0.334646, 80.505543 -34.204513 0.334646,
80.512612 -34.204088 0.334646, 80.518748 -34.20763 0.334646,
80.574991 -34.20763 0.334646, 80.581125 -34.204088 0.334646,
80.588196 -34.204513 0.334646, 80.625691 -34.185765 0.334646,
80.628477 -34.181543 0.334646, 80.633365 -34.180234 0.334646,
80.652113 -34.161486 0.334646, 80.653421 -34.156599 0.334646,
80.657644 -34.153812 0.334646, 80.676391 -34.116317 0.334646,
80.675967 -34.109246 0.334646, 80.679509 -34.103112 0.334646,
80.679509 -33.990626 0.334646, 80.675967 -33.984492 0.334646,
80.676391 -33.977421 0.334646, 80.473283 -33.997596 0.334646,
80.486772 -33.970622 0.334646, 80.498742 -33.95865 0.334646,
80.525719 -33.945163 0.334646, 80.568019 -33.945163 0.334646,
80.594995 -33.95865 0.334646, 80.606966 -33.970622 0.334646,
80.620454 -33.997597 0.334646, 80.620454 -34.096141 0.334646,
80.606966 -34.123116 0.334646, 80.594995 -34.135087 0.334646,
80.568019 -34.148574 0.334646, 80.525719 -34.148575 0.334646,
80.498742 -34.135087 0.334646, 80.486772 -34.123116 0.334646,
80.473284 -34.096141 0.334646, 81.148199 -34.141105 0.334646,
81.1482 -33.952632 0.334646, 81.163139 -33.945163 0.334646,
81.224188 -33.945163 0.334646, 81.251163 -33.958651 0.334646,
81.263134 -33.970622 0.334646, 81.276621 -33.997596 0.334646,
81.276621 -34.096141 0.334646, 81.263134 -34.123116 0.334646,
81.251163 -34.135088 0.334646, 81.224187 -34.148575 0.334646,
81.163139 -34.148575 0.334646, 81.1482 -34.204198 0.334646,
81.150033 -34.204088 0.334646, 81.156168 -34.20763 0.334646,
81.231158 -34.20763 0.334646, 81.237293 -34.204088 0.334646,
81.244363 -34.204513 0.334646, 81.281859 -34.185765 0.334646,
81.284647 -34.181544 0.334646, 81.289532 -34.180234 0.334646,
81.30828 -34.161486 0.334646, 81.30959 -34.1566 0.334646,
81.313812 -34.153812 0.334646, 81.332559 -34.116317 0.334646,
81.332135 -34.109246 0.334646, 81.335677 -34.103112 0.334646,
81.335677 -33.990626 0.334646, 81.332135 -33.984492 0.334646,
81.332559 -33.977421 0.334646, 81.313812 -33.939926 0.334646,
81.30959 -33.937138 0.334646, 81.30828 -33.932251 0.334646,
81.289532 -33.913504 0.334646, 81.284647 -33.912195 0.334646,
81.281859 -33.907973 0.334646, 81.244363 -33.889225 0.334646,
81.237293 -33.88965 0.334646, 81.231158 -33.886108 0.334646,
81.156168 -33.886108 0.334646, 81.150033 -33.88965 0.334646,
81.142963 -33.889225 0.334646, 81.135194 -33.893109 0.334646,
81.133436 -33.890064 0.334646, 81.103909 -33.890064 0.334646,
81.089145 -33.915635 0.334646, 81.089145 -34.309336 0.334646,
81.103909 -34.334908 0.334646, 81.133436 -34.334908 0.334646,
81.1482 -34.309336 0.334646, 81.670017 -33.939926 0.334646,
81.665794 -33.937138 0.334646, 81.664486 -33.932252 0.334646,
81.645738 -33.913504 0.334646, 81.64085 -33.912194 0.334646,
81.638064 -33.907973 0.334646, 81.600569 -33.889225 0.334646,
81.593498 -33.88965 0.334646, 81.587364 -33.886108 0.334646,
81.531121 -33.886108 0.334646, 81.524986 -33.88965 0.334646,
81.517916 -33.889225 0.334646, 81.48042 -33.907973 0.334646,
81.477632 -33.912194 0.334646, 81.472746 -33.913504 0.334646,
81.453999 -33.932252 0.334646, 81.452688 -33.937138 0.334646,
81.448468 -33.939926 0.334646, 81.42972 -33.977421 0.334646,
81.430144 -33.984492 0.334646, 81.426603 -33.990626 0.334646,
81.426603 -34.103112 0.334646, 81.430144 -34.109246 0.334646,
81.42972 -34.116317 0.334646, 81.448468 -34.153812 0.334646,
81.452688 -34.156599 0.334646, 81.453999 -34.161486 0.334646,
81.472746 -34.180234 0.334646, 81.477632 -34.181543 0.334646,
81.48042 -34.185765 0.334646, 81.517916 -34.204513 0.334646,
81.524986 -34.204088 0.334646, 81.531121 -34.20763 0.334646,
81.587364 -34.20763 0.334646, 81.593498 -34.204088 0.334646,
81.600569 -34.204513 0.334646, 81.638064 -34.185765 0.334646,
81.64085 -34.181543 0.334646, 81.645738 -34.180234 0.334646,
81.664486 -34.161486 0.334646, 81.665794 -34.156599 0.334646,
81.670017 -34.153812 0.334646, 81.688765 -34.116317 0.334646,
81.68834 -34.109246 0.334646, 81.691882 -34.103112 0.334646,
81.691882 -33.990626 0.334646, 81.68834 -33.984492 0.334646,
81.688765 -33.977421 0.334646, 81.485657 -33.997596 0.334646,
81.499145 -33.970622 0.334646, 81.511117 -33.95865 0.334646,
81.538092 -33.945163 0.334646, 81.580392 -33.945162 0.334646,
81.607368 -33.95865 0.334646, 81.619339 -33.970622 0.334646,
81.632827 -33.997597 0.334646, 81.632827 -34.096141 0.334646,
81.619339 -34.123116 0.334646, 81.607368 -34.135087 0.334646,
81.580392 -34.148574 0.334646, 81.538092 -34.148575 0.334646,
81.511117 -34.135087 0.334646, 81.499145 -34.123116 0.334646,
81.485657 -34.096141 0.334646, 81.804673 -34.153812 0.334646,
81.808894 -34.156599 0.334646, 81.810204 -34.161486 0.334646,
81.828952 -34.180234 0.334646, 81.833838 -34.181543 0.334646,
81.836626 -34.185765 0.334646, 81.874121 -34.204513 0.334646,
81.881192 -34.204088 0.334646, 81.887326 -34.20763 0.334646,
81.962317 -34.20763 0.334646, 81.968451 -34.204088 0.334646,
81.975522 -34.204513 0.334646, 82.013017 -34.185765 0.334646,
82.029287 -34.161124 0.334646, 82.016082 -34.134714 0.334646,
81.986607 -34.132944 0.334646, 81.955346 -34.148575 0.334646,
81.894298 -34.148575 0.334646, 81.867322 -34.135087 0.334646,
81.855351 -34.123116 0.334646, 81.841863 -34.096141 0.334646,
81.841862 -33.997596 0.334646, 81.855351 -33.970622 0.334646,
81.867322 -33.95865 0.334646, 81.894298 -33.945164 0.334646,
81.955346 -33.945163 0.334646, 81.986607 -33.960793 0.334646,
82.016082 -33.959024 0.334646, 82.029287 -33.932614 0.334646,
82.013017 -33.907973 0.334646, 81.975522 -33.889225 0.334646,
81.968451 -33.88965 0.334646, 81.962317 -33.886108 0.334646,
81.887326 -33.886108 0.334646, 81.881192 -33.88965 0.334646,
81.874121 -33.889225 0.334646, 81.836626 -33.907973 0.334646,
81.833838 -33.912194 0.334646, 81.828952 -33.913504 0.334646,
81.810204 -33.932252 0.334646, 81.808894 -33.937138 0.334646,
81.804673 -33.939926 0.334646, 81.785926 -33.977421 0.334646,
81.78635 -33.984492 0.334646, 81.782808 -33.990626 0.334646,
81.782808 -34.103112 0.334646, 81.78635 -34.109246 0.334646,
81.785926 -34.116317 0.334646, 82.49803 -33.978848 0.334646,
82.509261 -33.956392 0.334646, 82.531719 -33.945164 0.334646,
82.592767 -33.945163 0.334646, 82.615225 -33.956392 0.334646,
82.626452 -33.978849 0.334646, 82.626453 -33.985167 0.334646,
82.498032 -34.010851 0.334646, 82.442518 -33.965744 0.334646,
82.438976 -33.971878 0.334646, 82.438976 -34.121859 0.334646,
82.442518 -34.127994 0.334646, 82.442094 -34.135065 0.334646,
82.460841 -34.17256 0.334646, 82.468795 -34.177811 0.334646,
82.474046 -34.185765 0.334646, 82.511542 -34.204513 0.334646,
82.518612 -34.204088 0.334646, 82.524747 -34.20763 0.334646,
82.599737 -34.20763 0.334646, 82.605872 -34.204088 0.334646,
82.612943 -34.204513 0.334646, 82.650438 -34.185765 0.334646,
82.666707 -34.161124 0.334646, 82.653502 -34.134714 0.334646,
82.624028 -34.132944 0.334646, 82.592767 -34.148575 0.334646,
82.531719 -34.148575 0.334646, 82.509261 -34.137347 0.334646,
82.49803 -34.114888 0.334646, 82.498032 -34.071076 0.334646,
82.661771 -34.038328 0.334646, 82.66562 -34.034945 0.334646,
82.670744 -34.034945 0.334646, 82.676022 -34.025804 0.334646,
82.683951 -34.018836 0.334646, 82.682946 -34.013811 0.334646,
82.685508 -34.009374 0.334646, 82.685508 -33.971878 0.334646,
82.681966 -33.965744 0.334646, 82.682391 -33.958673 0.334646,
82.663643 -33.921178 0.334646, 82.655689 -33.915926 0.334646,
82.650438 -33.907973 0.334646, 82.612943 -33.889225 0.334646,
82.605872 -33.88965 0.334646, 82.599737 -33.886108 0.334646,
82.524747 -33.886108 0.334646, 82.518612 -33.88965 0.334646,
82.511542 -33.889225 0.334646, 82.474046 -33.907973 0.334646,
82.468795 -33.915926 0.334646, 82.460841 -33.921178 0.334646,
82.442094 -33.958673 0.334646, 82.839473 -33.75883 0.334646,
82.809945 -33.75883 0.334646, 82.795181 -33.784402 0.334646,
82.795183 -33.886109 0.334646, 82.768466 -33.886108 0.334646,
82.742895 -33.900872 0.334646, 82.742895 -33.930399 0.334646,
82.768466 -33.945163 0.334646, 82.795183 -33.945163 0.334646,
82.795181 -34.121859 0.334646, 82.798723 -34.127994 0.334646,
82.798299 -34.135065 0.334646, 82.817046 -34.17256 0.334646,
82.824998 -34.17781 0.334646, 82.830252 -34.185765 0.334646,
82.867747 -34.204513 0.334646, 82.874817 -34.204088 0.334646,
82.880952 -34.20763 0.334646, 82.918448 -34.20763 0.334646,
82.944019 -34.192866 0.334646, 82.944019 -34.163339 0.334646,
82.918448 -34.148575 0.334646, 82.887921 -34.148574 0.334646,
82.865465 -34.137346 0.334646, 82.854237 -34.114889 0.334646,
82.854236 -33.945163 0.334646, 82.918448 -33.945163 0.334646,
82.944019 -33.930399 0.334646, 82.944019 -33.900872 0.334646,
82.918448 -33.886108 0.334646, 82.854237 -33.886108 0.334646,
82.854237 -33.784402 0.334646, 82.245025 -34.030893 0.334646,
82.339402 -33.936515 0.334646, 82.347044 -33.907993 0.334646,
82.326165 -33.887114 0.334646, 82.297643 -33.894756 0.334646,
82.198068 -33.99433 0.334646, 82.198069 -33.784402 0.334646,
82.183305 -33.75883 0.334646, 82.153778 -33.75883 0.334646,
82.139014 -33.784402 0.334646, 82.139014 -34.178102 0.334646,
82.153778 -34.203674 0.334646, 82.183305 -34.203674 0.334646,
82.198069 -34.178102 0.334646, 82.198069 -34.077847 0.334646,
82.202844 -34.073075 0.334646, 82.2949 -34.195819 0.334646,
82.322054 -34.207418 0.334646, 82.345676 -34.189701 0.334646,
82.342144 -34.160386 0.334646, 68.786557 -34.461971 0.334646,
68.786559 -34.273499 0.334646, 68.801497 -34.26603 0.334646,
68.862545 -34.266029 0.334646, 68.88952 -34.279517 0.334646,
68.901492 -34.291488 0.334646, 68.914979 -34.318463 0.334646,
68.91498 -34.417008 0.334646, 68.901492 -34.443982 0.334646,
68.88952 -34.455954 0.334646, 68.862545 -34.469441 0.334646,
68.801497 -34.469441 0.334646, 68.78132 -34.525379 0.334646,
68.788391 -34.524954 0.334646, 68.794526 -34.528496 0.334646,
68.869516 -34.528496 0.334646, 68.875651 -34.524954 0.334646,
68.882721 -34.525379 0.334646, 68.920217 -34.506631 0.334646,
68.923003 -34.502409 0.334646, 68.927891 -34.5011 0.334646,
68.946638 -34.482352 0.334646, 68.947947 -34.477465 0.334646,
68.952169 -34.474678 0.334646, 68.970917 -34.437183 0.334646,
68.970493 -34.430112 0.334646, 68.974034 -34.423978 0.334646,
68.974034 -34.311492 0.334646, 68.970493 -34.305358 0.334646,
68.970917 -34.298287 0.334646, 68.952169 -34.260792 0.334646,
68.947947 -34.258004 0.334646, 68.946638 -34.253118 0.334646,
68.927891 -34.23437 0.334646, 68.923003 -34.23306 0.334646,
68.920217 -34.228839 0.334646, 68.882721 -34.210091 0.334646,
68.875651 -34.210516 0.334646, 68.869516 -34.206974 0.334646,
68.794526 -34.206974 0.334646, 68.788391 -34.210516 0.334646,
68.786558 -34.210406 0.334646, 68.786558 -34.105268 0.334646,
68.771794 -34.079696 0.334646, 68.742267 -34.079696 0.334646,
68.727503 -34.105268 0.334646, 68.727503 -34.498969 0.334646,
68.742267 -34.52454 0.334646, 68.771794 -34.52454 0.334646,
68.773552 -34.521494 0.334646, 70.340893 -34.246433 0.334646,
70.33559 -34.217385 0.334646, 70.307783 -34.207454 0.334646,
70.285279 -34.22657 0.334646, 70.219346 -34.411176 0.334646,
70.153416 -34.22657 0.334646, 70.130912 -34.207454 0.334646,
70.103105 -34.217385 0.334646, 70.097802 -34.246433 0.334646,
70.19154 -34.5089 0.334646, 70.195831 -34.512545 0.334646,
70.196843 -34.518085 0.334646, 70.206351 -34.521481 0.334646,
70.214044 -34.528016 0.334646, 70.219347 -34.526122 0.334646,
70.22465 -34.528016 0.334646, 70.232345 -34.521481 0.334646,
70.241852 -34.518085 0.334646, 70.242863 -34.512545 0.334646,
70.247155 -34.5089 0.334646, 70.734434 -14.94926 0.334646,
70.740392 -14.959579 0.334646, 70.769919 -14.959579 0.334646,
70.784683 -14.934008 0.334646, 70.784683 -14.671541 0.334646,
70.769919 -14.645969 0.334646, 70.740392 -14.645969 0.334646,
70.725628 -14.671541 0.334646, 70.725628 -14.884282 0.334646,
70.718917 -14.890993 0.334646, 70.691941 -14.90448 0.334646,
70.649641 -14.904481 0.334646, 70.627184 -14.893252 0.334646,
70.615954 -14.870794 0.334646, 70.615954 -14.671541 0.334646,
70.60119 -14.645969 0.334646, 70.571663 -14.645969 0.334646,
70.556899 -14.671541 0.334646, 70.556899 -14.877765 0.334646,
70.560441 -14.883899 0.334646, 70.560016 -14.89097 0.334646,
70.578764 -14.928465 0.334646, 70.586717 -14.933717 0.334646,
70.591969 -14.94167 0.334646, 70.629464 -14.960418 0.334646,
70.636535 -14.959994 0.334646, 70.642669 -14.963535 0.334646,
70.698913 -14.963535 0.334646, 70.705047 -14.959994 0.334646,
70.712118 -14.960418 0.334646, 70.957396 -14.514735 0.334646,
70.927868 -14.514735 0.334646, 70.913104 -14.540307 0.334646,
70.913105 -14.642014 0.334646, 70.886389 -14.642013 0.334646,
70.860817 -14.656777 0.334646, 70.860817 -14.686305 0.334646,
70.886389 -14.701069 0.334646, 70.913105 -14.701069 0.334646,
70.913104 -14.877765 0.334646, 70.916646 -14.883899 0.334646,
70.916222 -14.89097 0.334646, 70.934969 -14.928465 0.334646,
70.942923 -14.933717 0.334646, 70.948174 -14.94167 0.334646,
70.98567 -14.960418 0.334646, 70.99274 -14.959994 0.334646,
70.998875 -14.963535 0.334646, 71.03637 -14.963535 0.334646,
71.061942 -14.948772 0.334646, 71.061942 -14.919244 0.334646,
71.03637 -14.90448 0.334646, 71.005845 -14.90448 0.334646,
70.983389 -14.893252 0.334646, 70.972159 -14.870794 0.334646,
70.972159 -14.701068 0.334646, 71.03637 -14.701069 0.334646,
71.061942 -14.686305 0.334646, 71.061942 -14.656777 0.334646,
71.03637 -14.642013 0.334646, 70.972159 -14.642013 0.334646,
70.972159 -14.540307 0.334646, 71.48233 -14.514735 0.334646,
71.452803 -14.514735 0.334646, 71.438039 -14.540307 0.334646,
71.43804 -14.642014 0.334646, 71.411323 -14.642013 0.334646,
71.385752 -14.656777 0.334646, 71.385752 -14.686305 0.334646,
71.411323 -14.701069 0.334646, 71.43804 -14.701069 0.334646,
71.438039 -14.877765 0.334646, 71.441581 -14.883899 0.334646,
71.441156 -14.89097 0.334646, 71.459904 -14.928465 0.334646,
71.467858 -14.933717 0.334646, 71.473109 -14.94167 0.334646,
71.510604 -14.960418 0.334646, 71.517675 -14.959994 0.334646,
71.523809 -14.963535 0.334646, 71.561305 -14.963535 0.334646,
71.586876 -14.948772 0.334646, 71.586876 -14.919244 0.334646,
71.561305 -14.90448 0.334646, 71.53078 -14.90448 0.334646,
71.508324 -14.893252 0.334646, 71.497094 -14.870794 0.334646,
71.497093 -14.701068 0.334646, 71.561305 -14.701069 0.334646,
71.586876 -14.686305 0.334646, 71.586876 -14.656777 0.334646,
71.561305 -14.642013 0.334646, 71.497094 -14.642013 0.334646,
71.497094 -14.540307 0.334646, 68.983713 -35.011799 0.334646,
68.991667 -35.01705 0.334646, 68.996918 -35.025004 0.334646,
69.034414 -35.043752 0.334646, 69.041484 -35.043327 0.334646,
69.047619 -35.046869 0.334646, 69.096891 -35.046869 0.334646,
69.119349 -35.058098 0.334646, 69.130578 -35.080555 0.334646,
69.130577 -35.085361 0.334646, 69.11935 -35.107819 0.334646,
69.096891 -35.119047 0.334646, 69.035842 -35.119047 0.334646,
69.004581 -35.103417 0.334646, 68.975107 -35.105186 0.334646,
68.961901 -35.131596 0.334646, 68.978171 -35.156237 0.334646,
69.015666 -35.174985 0.334646, 69.022737 -35.174561 0.334646,
69.028871 -35.178102 0.334646, 69.103862 -35.178102 0.334646,
69.109996 -35.174561 0.334646, 69.117067 -35.174985 0.334646,
69.154562 -35.156237 0.334646, 69.159814 -35.148284 0.334646,
69.167767 -35.143032 0.334646, 69.186515 -35.105537 0.334646,
69.18609 -35.098466 0.334646, 69.189632 -35.092332 0.334646,
69.189632 -35.073584 0.334646, 69.18609 -35.06745 0.334646,
69.186515 -35.060379 0.334646, 69.167767 -35.022884 0.334646,
69.159814 -35.017632 0.334646, 69.154562 -35.009679 0.334646,
69.117067 -34.990931 0.334646, 69.109996 -34.991355 0.334646,
69.103862 -34.987814 0.334646, 69.05459 -34.987814 0.334646,
69.032133 -34.976586 0.334646, 69.020902 -34.954127 0.334646,
69.020902 -34.949321 0.334646, 69.032133 -34.926864 0.334646,
69.05459 -34.915636 0.334646, 69.09689 -34.915635 0.334646,
69.128152 -34.931266 0.334646, 69.157626 -34.929497 0.334646,
69.170832 -34.903086 0.334646, 69.154562 -34.878445 0.334646,
69.117067 -34.859698 0.334646, 69.109996 -34.860122 0.334646,
69.103862 -34.85658 0.334646, 69.047619 -34.85658 0.334646,
69.041484 -34.860122 0.334646, 69.034414 -34.859698 0.334646,
68.996918 -34.878445 0.334646, 68.991667 -34.886399 0.334646,
68.983713 -34.89165 0.334646, 68.964966 -34.929146 0.334646,
68.96539 -34.936216 0.334646, 68.961848 -34.942351 0.334646,
68.961848 -34.961098 0.334646, 68.96539 -34.967233 0.334646,
68.964966 -34.974304 0.334646, 69.339613 -35.061807 0.334646,
69.350843 -35.03935 0.334646, 69.3733 -35.028121 0.334646,
69.460067 -35.028121 0.334646, 69.466202 -35.02458 0.334646,
69.468035 -35.024689 0.334646, 69.468034 -35.111577 0.334646,
69.453097 -35.119047 0.334646, 69.3733 -35.119047 0.334646,
69.350843 -35.107819 0.334646, 69.339613 -35.085361 0.334646,
69.473272 -35.174985 0.334646, 69.481039 -35.1711 0.334646,
69.482799 -35.174146 0.334646, 69.512326 -35.174146 0.334646,
69.52709 -35.148575 0.334646, 69.52709 -34.942351 0.334646,
69.523548 -34.936216 0.334646, 69.523973 -34.929146 0.334646,
69.505225 -34.89165 0.334646, 69.497272 -34.886399 0.334646,
69.49202 -34.878445 0.334646, 69.454525 -34.859698 0.334646,
69.447454 -34.860122 0.334646, 69.44132 -34.85658 0.334646,
69.366329 -34.85658 0.334646, 69.360195 -34.860122 0.334646,
69.353124 -34.859698 0.334646, 69.315629 -34.878445 0.334646,
69.299359 -34.903086 0.334646, 69.312564 -34.929497 0.334646,
69.342039 -34.931266 0.334646, 69.3733 -34.915636 0.334646,
69.434349 -34.915635 0.334646, 69.456807 -34.926865 0.334646,
69.468035 -34.949321 0.334646, 69.468036 -34.961597 0.334646,
69.453096 -34.969066 0.334646, 69.366329 -34.969066 0.334646,
69.360195 -34.972608 0.334646, 69.353124 -34.972183 0.334646,
69.315629 -34.990931 0.334646, 69.310377 -34.998885 0.334646,
69.302424 -35.004136 0.334646, 69.283676 -35.041631 0.334646,
69.2841 -35.048702 0.334646, 69.280559 -35.054837 0.334646,
69.280559 -35.092332 0.334646, 69.2841 -35.098466 0.334646,
69.283676 -35.105537 0.334646, 69.302424 -35.143032 0.334646,
69.310377 -35.148284 0.334646, 69.315629 -35.156237 0.334646,
69.353124 -35.174985 0.334646, 69.360195 -35.174561 0.334646,
69.366329 -35.178102 0.334646, 69.460067 -35.178102 0.334646,
69.466202 -35.174561 0.334646, 69.472723 -32.963566 0.334646,
69.457784 -32.971035 0.334646, 69.371016 -32.971035 0.334646,
69.364881 -32.974576 0.334646, 69.357811 -32.974152 0.334646,
69.320315 -32.9929 0.334646, 69.315064 -33.000853 0.334646,
69.30711 -33.006105 0.334646, 69.288363 -33.0436 0.334646,
69.288787 -33.050671 0.334646, 69.285245 -33.056805 0.334646,
69.285245 -33.0943 0.334646, 69.288787 -33.100435 0.334646,
69.288363 -33.107506 0.334646, 69.30711 -33.145001 0.334646,
69.315064 -33.150252 0.334646, 69.320315 -33.158206 0.334646,
69.357811 -33.176954 0.334646, 69.364881 -33.176529 0.334646,
69.371016 -33.180071 0.334646, 69.464754 -33.180071 0.334646,
69.470889 -33.176529 0.334646, 69.477959 -33.176954 0.334646,
69.485726 -33.173069 0.334646, 69.487486 -33.176115 0.334646,
69.517013 -33.176115 0.334646, 69.531777 -33.150543 0.334646,
69.531777 -32.944319 0.334646, 69.528235 -32.938185 0.334646,
69.52866 -32.931114 0.334646, 69.509912 -32.893619 0.334646,
69.501959 -32.888367 0.334646, 69.496707 -32.880414 0.334646,
69.459212 -32.861666 0.334646, 69.452141 -32.862091 0.334646,
69.446007 -32.858549 0.334646, 69.371016 -32.858549 0.334646,
69.364881 -32.862091 0.334646, 69.357811 -32.861666 0.334646,
69.320315 -32.880414 0.334646, 69.304046 -32.905055 0.334646,
69.317251 -32.931465 0.334646, 69.346726 -32.933234 0.334646,
69.377986 -32.917604 0.334646, 69.439036 -32.917604 0.334646,
69.461494 -32.928833 0.334646, 69.472722 -32.95129 0.334646,
69.472722 -33.026658 0.334646, 69.472721 -33.113546 0.334646,
69.457784 -33.121016 0.334646, 69.377988 -33.121017 0.334646,
69.35553 -33.109788 0.334646, 69.344299 -33.087329 0.334646,
69.344299 -33.063775 0.334646, 69.35553 -33.041319 0.334646,
69.377988 -33.030091 0.334646, 69.464754 -33.03009 0.334646,
69.470889 -33.026548 0.334646, 69.817678 -34.4122 0.334646,
69.828908 -34.389744 0.334646, 69.851366 -34.378516 0.334646,
69.938133 -34.378515 0.334646, 69.944267 -34.374973 0.334646,
69.9461 -34.375083 0.334646, 69.946099 -34.461971 0.334646,
69.931162 -34.469441 0.334646, 69.851366 -34.469442 0.334646,
69.828908 -34.458213 0.334646, 69.817678 -34.435755 0.334646,
69.951338 -34.525379 0.334646, 69.959104 -34.521494 0.334646,
69.960864 -34.52454 0.334646, 69.990392 -34.52454 0.334646,
70.005156 -34.498969 0.334646, 70.005156 -34.292744 0.334646,
70.001614 -34.28661 0.334646, 70.002038 -34.279539 0.334646,
69.983291 -34.242044 0.334646, 69.975337 -34.236793 0.334646,
69.970085 -34.228839 0.334646, 69.93259 -34.210091 0.334646,
69.925519 -34.210516 0.334646, 69.919385 -34.206974 0.334646,
69.844394 -34.206974 0.334646, 69.83826 -34.210516 0.334646,
69.831189 -34.210091 0.334646, 69.793694 -34.228839 0.334646,
69.777424 -34.25348 0.334646, 69.790629 -34.27989 0.334646,
69.820104 -34.281659 0.334646, 69.851365 -34.266029 0.334646,
69.912414 -34.266029 0.334646, 69.934873 -34.277258 0.334646,
69.9461 -34.299715 0.334646, 69.946102 -34.311991 0.334646,
69.931163 -34.31946 0.334646, 69.844394 -34.31946 0.334646,
69.83826 -34.323002 0.334646, 69.831189 -34.322577 0.334646,
69.793694 -34.341325 0.334646, 69.788442 -34.349278 0.334646,
69.780489 -34.35453 0.334646, 69.761741 -34.392025 0.334646,
69.762165 -34.399096 0.334646, 69.758624 -34.40523 0.334646,
69.758624 -34.442726 0.334646, 69.762165 -34.44886 0.334646,
69.761741 -34.455931 0.334646, 69.780489 -34.493426 0.334646,
69.788442 -34.498677 0.334646, 69.793694 -34.506631 0.334646,
69.831189 -34.525379 0.334646, 69.83826 -34.524954 0.334646,
69.844394 -34.528496 0.334646, 69.938133 -34.528496 0.334646,
69.944267 -34.524954 0.334646, 70.220752 -34.949321 0.334646,
70.231983 -34.926864 0.334646, 70.254441 -34.915636 0.334646,
70.315489 -34.915635 0.334646, 70.337947 -34.926865 0.334646,
70.349174 -34.949321 0.334646, 70.349175 -34.95564 0.334646,
70.220754 -34.981324 0.334646, 70.16524 -34.936216 0.334646,
70.161698 -34.942351 0.334646, 70.161698 -35.092332 0.334646,
70.16524 -35.098466 0.334646, 70.164816 -35.105537 0.334646,
70.183563 -35.143032 0.334646, 70.191517 -35.148284 0.334646,
70.196768 -35.156237 0.334646, 70.234264 -35.174985 0.334646,
70.241334 -35.174561 0.334646, 70.247469 -35.178102 0.334646,
70.322459 -35.178102 0.334646, 70.328594 -35.174561 0.334646,
70.335665 -35.174985 0.334646, 70.37316 -35.156237 0.334646,
70.389429 -35.131596 0.334646, 70.376224 -35.105186 0.334646,
70.34675 -35.103417 0.334646, 70.315489 -35.119047 0.334646,
70.254441 -35.119048 0.334646, 70.231983 -35.107819 0.334646,
70.220752 -35.085361 0.334646, 70.220754 -35.041548 0.334646,
70.384493 -35.0088 0.334646, 70.388342 -35.005418 0.334646,
70.393466 -35.005418 0.334646, 70.398744 -34.996276 0.334646,
70.406673 -34.989308 0.334646, 70.405668 -34.984284 0.334646,
70.40823 -34.979846 0.334646, 70.40823 -34.942351 0.334646,
70.404688 -34.936216 0.334646, 70.405113 -34.929146 0.334646,
70.386365 -34.89165 0.334646, 70.378411 -34.886399 0.334646,
70.37316 -34.878445 0.334646, 70.335665 -34.859698 0.334646,
70.328594 -34.860122 0.334646, 70.322459 -34.85658 0.334646,
70.247469 -34.85658 0.334646, 70.241334 -34.860122 0.334646,
70.234264 -34.859698 0.334646, 70.196768 -34.878445 0.334646,
70.191517 -34.886399 0.334646, 70.183563 -34.89165 0.334646,
70.164816 -34.929146 0.334646, 70.473845 -34.299714 0.334646,
70.485076 -34.277258 0.334646, 70.507534 -34.26603 0.334646,
70.568582 -34.266029 0.334646, 70.591041 -34.277258 0.334646,
70.602268 -34.299715 0.334646, 70.602269 -34.306033 0.334646,
70.473848 -34.331718 0.334646, 70.418333 -34.28661 0.334646,
70.414792 -34.292744 0.334646, 70.414792 -34.442726 0.334646,
70.418333 -34.44886 0.334646, 70.417909 -34.455931 0.334646,
70.436657 -34.493426 0.334646, 70.44461 -34.498677 0.334646,
70.449862 -34.506631 0.334646, 70.487357 -34.525379 0.334646,
70.494428 -34.524954 0.334646, 70.500562 -34.528496 0.334646,
70.575553 -34.528496 0.334646, 70.581687 -34.524954 0.334646,
70.588758 -34.525379 0.334646, 70.626253 -34.506631 0.334646,
70.642523 -34.48199 0.334646, 70.629317 -34.45558 0.334646,
70.599843 -34.453811 0.334646, 70.568582 -34.469441 0.334646,
70.507534 -34.469442 0.334646, 70.485076 -34.458213 0.334646,
70.473846 -34.435755 0.334646, 70.473847 -34.391942 0.334646,
70.637587 -34.359194 0.334646, 70.641435 -34.355811 0.334646,
70.646559 -34.355811 0.334646, 70.651837 -34.34667 0.334646,
70.659766 -34.339702 0.334646, 70.658761 -34.334677 0.334646,
70.661323 -34.33024 0.334646, 70.661323 -34.292744 0.334646,
70.657782 -34.28661 0.334646, 70.658206 -34.279539 0.334646,
70.639458 -34.242044 0.334646, 70.631505 -34.236793 0.334646,
70.626253 -34.228839 0.334646, 70.588758 -34.210091 0.334646,
70.581687 -34.210516 0.334646, 70.575553 -34.206974 0.334646,
70.500562 -34.206974 0.334646, 70.494428 -34.210516 0.334646,
70.487357 -34.210091 0.334646, 70.449862 -34.228839 0.334646,
70.44461 -34.236793 0.334646, 70.436657 -34.242044 0.334646,
70.417909 -34.279539 0.334646, 69.705761 -34.870856 0.334646,
69.699803 -34.860536 0.334646, 69.670276 -34.860536 0.334646,
69.655512 -34.886108 0.334646, 69.655512 -35.148575 0.334646,
69.670276 -35.174146 0.334646, 69.699803 -35.174146 0.334646,
69.714567 -35.148575 0.334646, 69.714566 -34.935834 0.334646,
69.721277 -34.929123 0.334646, 69.748253 -34.915636 0.334646,
69.790554 -34.915635 0.334646, 69.813013 -34.926865 0.334646,
69.824242 -34.949322 0.334646, 69.824241 -35.148575 0.334646,
69.839004 -35.174146 0.334646, 69.868532 -35.174146 0.334646,
69.883296 -35.148575 0.334646, 69.883296 -34.949321 0.334646,
69.894525 -34.926865 0.334646, 69.916982 -34.915636 0.334646,
69.959282 -34.915635 0.334646, 69.981742 -34.926865 0.334646,
69.99297 -34.949322 0.334646, 69.992969 -35.148575 0.334646,
70.007733 -35.174146 0.334646, 70.037261 -35.174146 0.334646,
70.052024 -35.148575 0.334646, 70.052024 -34.942351 0.334646,
70.048483 -34.936216 0.334646, 70.048907 -34.929146 0.334646,
70.030159 -34.89165 0.334646, 70.022206 -34.886399 0.334646,
70.016954 -34.878445 0.334646, 69.979459 -34.859698 0.334646,
69.972388 -34.860122 0.334646, 69.966254 -34.85658 0.334646,
69.910011 -34.85658 0.334646, 69.903877 -34.860122 0.334646,
69.896806 -34.859698 0.334646, 69.859311 -34.878445 0.334646,
69.854059 -34.886399 0.334646, 69.853769 -34.886592 0.334646,
69.853477 -34.886399 0.334646, 69.848226 -34.878445 0.334646,
69.81073 -34.859698 0.334646, 69.80366 -34.860122 0.334646,
69.797525 -34.85658 0.334646, 69.741282 -34.85658 0.334646,
69.735148 -34.860122 0.334646, 69.728077 -34.859698 0.334646,
70.241 -14.753502 0.334646, 70.254488 -14.726527 0.334646,
70.266459 -14.714556 0.334646, 70.293435 -14.701069 0.334646,
70.335736 -14.701068 0.334646, 70.362711 -14.714556 0.334646,
70.374683 -14.726527 0.334646, 70.38817 -14.753502 0.334646,
70.38817 -14.852047 0.334646, 70.374683 -14.879022 0.334646,
70.362711 -14.890993 0.334646, 70.335736 -14.90448 0.334646,
70.293435 -14.90448 0.334646, 70.266459 -14.890993 0.334646,
70.254488 -14.879022 0.334646, 70.241 -14.852047 0.334646,
70.42536 -14.695831 0.334646, 70.421138 -14.693044 0.334646,
70.419829 -14.688157 0.334646, 70.401081 -14.669409 0.334646,
70.396194 -14.6681 0.334646, 70.393407 -14.663878 0.334646,
70.355912 -14.645131 0.334646, 70.348842 -14.645555 0.334646,
70.342707 -14.642013 0.334646, 70.286464 -14.642013 0.334646,
70.280329 -14.645555 0.334646, 70.273259 -14.645131 0.334646,
70.235763 -14.663878 0.334646, 70.232976 -14.6681 0.334646,
70.228089 -14.669409 0.334646, 70.209342 -14.688157 0.334646,
70.208031 -14.693043 0.334646, 70.203811 -14.695831 0.334646,
70.185063 -14.733326 0.334646, 70.185487 -14.740397 0.334646,
70.181946 -14.746531 0.334646, 70.181946 -14.859017 0.334646,
70.185487 -14.865152 0.334646, 70.185063 -14.872222 0.334646,
70.203811 -14.909718 0.334646, 70.208031 -14.912505 0.334646,
70.209342 -14.917392 0.334646, 70.228089 -14.936139 0.334646,
70.232976 -14.937449 0.334646, 70.235763 -14.941671 0.334646,
70.273259 -14.960418 0.334646, 70.280329 -14.959994 0.334646,
70.286464 -14.963535 0.334646, 70.342707 -14.963535 0.334646,
70.348842 -14.959994 0.334646, 70.355912 -14.960418 0.334646,
70.393407 -14.94167 0.334646, 70.396194 -14.937449 0.334646,
70.401081 -14.936139 0.334646, 70.419829 -14.917392 0.334646,
70.421138 -14.912505 0.334646, 70.42536 -14.909718 0.334646,
70.444108 -14.872222 0.334646, 70.443683 -14.865152 0.334646,
70.447225 -14.859017 0.334646, 70.447225 -14.746531 0.334646,
70.443683 -14.740397 0.334646, 70.444108 -14.733326 0.334646,
63.139131 -32.920029 0.334646, 63.143352 -32.922816 0.334646,
63.144663 -32.927703 0.334646, 63.16341 -32.946451 0.334646,
63.168296 -32.94776 0.334646, 63.171084 -32.951982 0.334646,
63.20858 -32.97073 0.334646, 63.212094 -32.970519 0.334646,
63.214623 -32.972965 0.334646, 63.286469 -32.990927 0.334646,
63.316779 -33.006081 0.334646, 63.328751 -33.018053 0.334646,
63.342238 -33.045028 0.334646, 63.342238 -33.068582 0.334646,
63.328751 -33.095557 0.334646, 63.31678 -33.107528 0.334646,
63.289805 -33.121016 0.334646, 63.207827 -33.121015 0.334646,
63.156132 -33.103783 0.334646, 63.127203 -33.109703 0.334646,
63.117866 -33.137715 0.334646, 63.137457 -33.159808 0.334646,
63.1937 -33.178556 0.334646, 63.198655 -33.177541 0.334646,
63.203037 -33.180071 0.334646, 63.296775 -33.180071 0.334646,
63.30291 -33.176529 0.334646, 63.30998 -33.176954 0.334646,
63.347476 -33.158206 0.334646, 63.350262 -33.153984 0.334646,
63.35515 -33.152675 0.334646, 63.373897 -33.133927 0.334646,
63.375206 -33.12904 0.334646, 63.379428 -33.126253 0.334646,
63.398176 -33.088758 0.334646, 63.397752 -33.081687 0.334646,
63.401293 -33.075553 0.334646, 63.401293 -33.038057 0.334646,
63.397752 -33.031923 0.334646, 63.398176 -33.024852 0.334646,
63.379428 -32.987357 0.334646, 63.375206 -32.984569 0.334646,
63.373897 -32.979683 0.334646, 63.35515 -32.960935 0.334646,
63.350262 -32.959626 0.334646, 63.347476 -32.955404 0.334646,
63.30998 -32.936657 0.334646, 63.306468 -32.936868 0.334646,
63.303937 -32.934421 0.334646, 63.23209 -32.916459 0.334646,
63.20178 -32.901304 0.334646, 63.189809 -32.889333 0.334646,
63.176321 -32.862358 0.334646, 63.176321 -32.838803 0.334646,
63.189809 -32.811829 0.334646, 63.201782 -32.799859 0.334646,
63.228755 -32.78637 0.334646, 63.310731 -32.78637 0.334646,
63.362428 -32.803603 0.334646, 63.391356 -32.797683 0.334646,
63.400694 -32.769671 0.334646, 63.381103 -32.747578 0.334646,
63.32486 -32.72883 0.334646, 63.319904 -32.729844 0.334646,
63.315523 -32.727315 0.334646, 63.221785 -32.727315 0.334646,
63.215652 -32.730858 0.334646, 63.208579 -32.730432 0.334646,
63.171084 -32.74918 0.334646, 63.168296 -32.753402 0.334646,
63.16341 -32.754711 0.334646, 63.144663 -32.773459 0.334646,
63.143352 -32.778345 0.334646, 63.139131 -32.781133 0.334646,
63.120384 -32.818628 0.334646, 63.120808 -32.825699 0.334646,
63.117267 -32.831833 0.334646, 63.117267 -32.869329 0.334646,
63.120808 -32.875463 0.334646, 63.120384 -32.882534 0.334646,
63.551274 -32.970037 0.334646, 63.564762 -32.943063 0.334646,
63.576733 -32.931091 0.334646, 63.603709 -32.917604 0.334646,
63.646009 -32.917603 0.334646, 63.672985 -32.931091 0.334646,
63.684956 -32.943063 0.334646, 63.698444 -32.970038 0.334646,
63.698444 -33.068582 0.334646, 63.684956 -33.095557 0.334646,
63.672985 -33.107528 0.334646, 63.646009 -33.121015 0.334646,
63.603709 -33.121016 0.334646, 63.576733 -33.107528 0.334646,
63.564762 -33.095557 0.334646, 63.551274 -33.068582 0.334646,
64.148011 -14.734754 0.334646, 64.159242 -14.712297 0.334646,
64.1817 -14.701069 0.334646, 64.242748 -14.701068 0.334646,
64.265206 -14.712297 0.334646, 64.276434 -14.734754 0.334646,
64.276434 -14.741072 0.334646, 64.148013 -14.766757 0.334646,
64.092499 -14.721649 0.334646, 64.088957 -14.727784 0.334646,
64.088957 -14.877765 0.334646, 64.092499 -14.883899 0.334646,
64.092075 -14.89097 0.334646, 64.110822 -14.928465 0.334646,
64.118776 -14.933717 0.334646, 64.124028 -14.94167 0.334646,
64.161523 -14.960418 0.334646, 64.168594 -14.959994 0.334646,
64.174728 -14.963535 0.334646, 64.249719 -14.963535 0.334646,
64.255853 -14.959994 0.334646, 64.262924 -14.960418 0.334646,
64.300419 -14.94167 0.334646, 64.316688 -14.917029 0.334646,
64.303483 -14.890619 0.334646, 64.274009 -14.88885 0.334646,
64.242748 -14.90448 0.334646, 64.1817 -14.904481 0.334646,
64.159242 -14.893252 0.334646, 64.148012 -14.870794 0.334646,
64.148013 -14.826981 0.334646, 64.311752 -14.794233 0.334646,
64.315601 -14.790851 0.334646, 64.320725 -14.790851 0.334646,
64.326003 -14.781709 0.334646, 64.333932 -14.774741 0.334646,
64.332927 -14.769717 0.334646, 64.335489 -14.765279 0.334646,
64.335489 -14.727784 0.334646, 64.331947 -14.721649 0.334646,
64.332372 -14.714579 0.334646, 64.313624 -14.677083 0.334646,
64.30567 -14.671832 0.334646, 64.300419 -14.663878 0.334646,
64.262924 -14.645131 0.334646, 64.255853 -14.645555 0.334646,
64.249719 -14.642013 0.334646, 64.174728 -14.642013 0.334646,
64.168594 -14.645555 0.334646, 64.161523 -14.645131 0.334646,
64.124028 -14.663878 0.334646, 64.118776 -14.671832 0.334646,
64.110822 -14.677083 0.334646, 64.092075 -14.714579 0.334646,
63.917422 -32.872824 0.334646, 63.911464 -32.862505 0.334646,
63.881937 -32.862505 0.334646, 63.867173 -32.888076 0.334646,
63.867173 -33.150543 0.334646, 63.881937 -33.176115 0.334646,
63.911464 -33.176115 0.334646, 63.926228 -33.150543 0.334646,
63.926227 -32.937802 0.334646, 63.932938 -32.931091 0.334646,
63.959914 -32.917604 0.334646, 64.002215 -32.917603 0.334646,
64.024674 -32.928833 0.334646, 64.035903 -32.95129 0.334646,
64.035902 -33.150543 0.334646, 64.050665 -33.176115 0.334646,
64.080193 -33.176115 0.334646, 64.094957 -33.150543 0.334646,
64.094957 -32.95129 0.334646, 64.106186 -32.928833 0.334646,
64.128643 -32.917604 0.334646, 64.170944 -32.917603 0.334646,
64.193403 -32.928833 0.334646, 64.204631 -32.95129 0.334646,
64.20463 -33.150543 0.334646, 64.219394 -33.176115 0.334646,
64.248922 -33.176115 0.334646, 64.263685 -33.150543 0.334646,
64.263685 -32.944319 0.334646, 64.260144 -32.938185 0.334646,
64.260568 -32.931114 0.334646, 64.24182 -32.893619 0.334646,
64.233867 -32.888367 0.334646, 64.228615 -32.880414 0.334646,
64.19112 -32.861666 0.334646, 64.184049 -32.862091 0.334646,
64.177915 -32.858549 0.334646, 64.121672 -32.858549 0.334646,
64.115538 -32.862091 0.334646, 64.108467 -32.861666 0.334646,
64.070972 -32.880414 0.334646, 64.06572 -32.888367 0.334646,
64.06543 -32.88856 0.334646, 64.065138 -32.888367 0.334646,
64.059887 -32.880414 0.334646, 64.022391 -32.861666 0.334646,
64.015321 -32.862091 0.334646, 64.009186 -32.858549 0.334646,
63.952943 -32.858549 0.334646, 63.946809 -32.862091 0.334646,
63.939738 -32.861666 0.334646, 64.432413 -32.951289 0.334646,
64.443644 -32.928833 0.334646, 64.466102 -32.917605 0.334646,
64.52715 -32.917604 0.334646, 64.549608 -32.928833 0.334646,
64.560835 -32.95129 0.334646, 64.560836 -32.957608 0.334646,
64.432415 -32.983292 0.334646, 64.376901 -32.938185 0.334646,
64.373359 -32.944319 0.334646, 64.373359 -33.0943 0.334646,
64.376901 -33.100435 0.334646, 64.376477 -33.107506 0.334646,
64.395224 -33.145001 0.334646, 64.403178 -33.150252 0.334646,
64.40843 -33.158206 0.334646, 64.445925 -33.176954 0.334646,
64.452995 -33.176529 0.334646, 64.45913 -33.180071 0.334646,
64.53412 -33.180071 0.334646, 64.540255 -33.176529 0.334646,
64.547326 -33.176954 0.334646, 64.584821 -33.158206 0.334646,
64.60109 -33.133565 0.334646, 64.587885 -33.107155 0.334646,
64.558411 -33.105385 0.334646, 64.52715 -33.121016 0.334646,
64.466102 -33.121016 0.334646, 64.443644 -33.109788 0.334646,
64.432413 -33.087329 0.334646, 64.432415 -33.043517 0.334646,
64.596154 -33.010769 0.334646, 64.600003 -33.007386 0.334646,
64.605127 -33.007386 0.334646, 64.610405 -32.998245 0.334646,
64.618334 -32.991277 0.334646, 64.617329 -32.986252 0.334646,
64.619891 -32.981815 0.334646, 64.619891 -32.944319 0.334646,
64.616349 -32.938185 0.334646, 64.616774 -32.931114 0.334646,
64.598026 -32.893619 0.334646, 64.590072 -32.888367 0.334646,
64.584821 -32.880414 0.334646, 64.547326 -32.861666 0.334646,
64.540255 -32.862091 0.334646, 64.53412 -32.858549 0.334646,
64.45913 -32.858549 0.334646, 64.452995 -32.862091 0.334646,
64.445925 -32.861666 0.334646, 64.40843 -32.880414 0.334646,
64.403178 -32.888367 0.334646, 64.395224 -32.893619 0.334646,
64.376477 -32.931114 0.334646, 65.349914 -32.896188 0.334646,
65.342743 -32.867545 0.334646, 65.314351 -32.859433 0.334646,
65.293131 -32.879965 0.334646, 65.24187 -33.059382 0.334646,
65.198957 -32.952101 0.334646, 65.195393 -32.949297 0.334646,
65.194746 -32.944807 0.334646, 65.184458 -32.940692 0.334646,
65.175752 -32.933841 0.334646, 65.171542 -32.935526 0.334646,
65.16733 -32.933841 0.334646, 65.158622 -32.940692 0.334646,
65.148336 -32.944807 0.334646, 65.147689 -32.949296 0.334646,
65.144125 -32.952101 0.334646, 65.101215 -33.059382 0.334646,
65.049951 -32.879964 0.334646, 65.02873 -32.859433 0.334646,
65.000339 -32.867545 0.334646, 64.993168 -32.896188 0.334646,
65.068159 -33.158655 0.334646, 65.072486 -33.162842 0.334646,
65.073346 -33.168803 0.334646, 65.082384 -33.172418 0.334646,
65.08938 -33.179187 0.334646, 65.095169 -33.177532 0.334646,
65.100761 -33.179769 0.334646, 65.108411 -33.173749 0.334646,
65.117771 -33.171075 0.334646, 65.119233 -33.165233 0.334646,
65.123966 -33.16151 0.334646, 65.171541 -33.042572 0.334646,
65.219116 -33.16151 0.334646, 65.223848 -33.165233 0.334646,
65.225311 -33.171075 0.334646, 65.234671 -33.173749 0.334646,
65.242321 -33.179769 0.334646, 65.247912 -33.177533 0.334646,
65.253702 -33.179187 0.334646, 65.260698 -33.172418 0.334646,
65.269736 -33.168803 0.334646, 65.270595 -33.162842 0.334646,
65.274923 -33.158655 0.334646, 65.513178 -32.762354 0.334646,
65.511131 -32.754712 0.334646, 65.492383 -32.735964 0.334646,
65.488353 -32.734884 0.334646, 65.486267 -32.731271 0.334646,
65.482097 -32.731272 0.334646, 65.479146 -32.728321 0.334646,
65.471503 -32.730369 0.334646, 65.463862 -32.728321 0.334646,
65.460912 -32.731271 0.334646, 65.45674 -32.731271 0.334646,
65.454655 -32.734885 0.334646, 65.450624 -32.735964 0.334646,
65.431877 -32.754712 0.334646, 65.429829 -32.762354 0.334646,
65.424234 -32.767948 0.334646, 65.426282 -32.775591 0.334646,
65.424235 -32.783233 0.334646, 65.429829 -32.788828 0.334646,
65.431877 -32.79647 0.334646, 65.450624 -32.815217 0.334646,
65.454655 -32.816297 0.334646, 65.45674 -32.81991 0.334646,
65.460912 -32.81991 0.334646, 65.463861 -32.82286 0.334646,
65.471505 -32.820812 0.334646, 65.479146 -32.82286 0.334646,
65.482097 -32.81991 0.334646, 65.486267 -32.81991 0.334646,
65.488354 -32.816298 0.334646, 65.492383 -32.815217 0.334646,
65.51113 -32.79647 0.334646, 65.513176 -32.788827 0.334646,
65.518773 -32.783233 0.334646, 65.516724 -32.775591 0.334646,
65.518773 -32.767948 0.334646, 65.501031 -32.888076 0.334646,
65.486267 -32.862505 0.334646, 65.45674 -32.862505 0.334646,
65.441976 -32.888076 0.334646, 65.441976 -33.150543 0.334646,
65.45674 -33.176115 0.334646, 65.486267 -33.176115 0.334646,
65.501031 -33.150543 0.334646, 65.6839 -32.880098 0.334646,
65.673744 -32.862505 0.334646, 65.644216 -32.862505 0.334646,
65.629452 -32.888076 0.334646, 65.629452 -33.150543 0.334646,
65.644216 -33.176115 0.334646, 65.673744 -33.176115 0.334646,
65.688507 -33.150543 0.334646, 65.688507 -32.970037 0.334646,
65.701995 -32.943063 0.334646, 65.713966 -32.931091 0.334646,
65.740941 -32.917604 0.334646, 65.771466 -32.917604 0.334646,
65.797037 -32.90284 0.334646, 65.797037 -32.873313 0.334646,
65.771466 -32.858549 0.334646, 65.73397 -32.858549 0.334646,
65.727836 -32.862091 0.334646, 65.720765 -32.861666 0.334646,
65.913478 -32.951289 0.334646, 65.924709 -32.928833 0.334646,
65.947167 -32.917605 0.334646, 66.008215 -32.917604 0.334646,
66.030673 -32.928833 0.334646, 66.0419 -32.95129 0.334646,
66.041901 -32.957608 0.334646, 65.91348 -32.983292 0.334646,
65.857966 -32.938185 0.334646, 65.854424 -32.944319 0.334646,
65.854424 -33.0943 0.334646, 65.857966 -33.100435 0.334646,
65.857542 -33.107506 0.334646, 65.876289 -33.145001 0.334646,
65.884243 -33.150252 0.334646, 65.889494 -33.158206 0.334646,
65.92699 -33.176954 0.334646, 65.93406 -33.176529 0.334646,
65.940195 -33.180071 0.334646, 66.015185 -33.180071 0.334646,
66.02132 -33.176529 0.334646, 66.028391 -33.176954 0.334646,
66.065886 -33.158206 0.334646, 66.082155 -33.133565 0.334646,
66.06895 -33.107155 0.334646, 66.039476 -33.105385 0.334646,
66.008215 -33.121016 0.334646, 65.947167 -33.121016 0.334646,
65.924709 -33.109788 0.334646, 65.913478 -33.087329 0.334646,
65.91348 -33.043517 0.334646, 66.077219 -33.010769 0.334646,
66.081068 -33.007386 0.334646, 66.086192 -33.007386 0.334646,
66.09147 -32.998245 0.334646, 66.099399 -32.991277 0.334646,
66.098394 -32.986252 0.334646, 66.100956 -32.981815 0.334646,
66.100956 -32.944319 0.334646, 66.097414 -32.938185 0.334646,
66.097839 -32.931114 0.334646, 66.079091 -32.893619 0.334646,
66.071137 -32.888367 0.334646, 66.065886 -32.880414 0.334646,
66.028391 -32.861666 0.334646, 66.02132 -32.862091 0.334646,
66.015185 -32.858549 0.334646, 65.940195 -32.858549 0.334646,
65.93406 -32.862091 0.334646, 65.92699 -32.861666 0.334646,
65.889494 -32.880414 0.334646, 65.884243 -32.888367 0.334646,
65.876289 -32.893619 0.334646, 65.857542 -32.931114 0.334646,
65.852549 -27.077708 0.334646, 65.935508 -27.077709 0.334646,
65.961079 -27.062945 0.334646, 65.961079 -27.033417 0.334646,
65.935508 -27.018654 0.334646, 65.710536 -27.018654 0.334646,
65.684964 -27.033417 0.334646, 65.684964 -27.062945 0.334646,
65.710536 -27.077709 0.334646, 65.793494 -27.077708 0.334646,
65.793494 -27.441882 0.334646, 65.808258 -27.467454 0.334646,
65.837786 -27.467454 0.334646, 65.85255 -27.441882 0.334646,
66.814674 -27.457134 0.334646, 66.820631 -27.467454 0.334646,
66.850159 -27.467454 0.334646, 66.864923 -27.441882 0.334646,
66.864923 -27.179415 0.334646, 66.850159 -27.153843 0.334646,
66.820631 -27.153843 0.334646, 66.805868 -27.179415 0.334646,
66.805868 -27.392156 0.334646, 66.799157 -27.398867 0.334646,
66.772181 -27.412354 0.334646, 66.72988 -27.412354 0.334646,
66.707424 -27.401126 0.334646, 66.696194 -27.378668 0.334646,
66.696194 -27.179415 0.334646, 66.68143 -27.153843 0.334646,
66.651903 -27.153843 0.334646, 66.637139 -27.179415 0.334646,
66.637139 -27.385639 0.334646, 66.640681 -27.391773 0.334646,
66.640256 -27.398844 0.334646, 66.659004 -27.436339 0.334646,
66.666958 -27.441591 0.334646, 66.672209 -27.449545 0.334646,
66.709704 -27.468292 0.334646, 66.716775 -27.467868 0.334646,
66.722909 -27.471409 0.334646, 66.779152 -27.471409 0.334646,
66.785287 -27.467868 0.334646, 66.792357 -27.468292 0.334646,
66.550899 -32.970037 0.334646, 66.564387 -32.943063 0.334646,
66.576358 -32.931091 0.334646, 66.603334 -32.917605 0.334646,
66.645634 -32.917603 0.334646, 66.67261 -32.931091 0.334646,
66.684581 -32.943063 0.334646, 66.698069 -32.970038 0.334646,
66.698069 -33.068582 0.334646, 66.684581 -33.095557 0.334646,
66.67261 -33.107528 0.334646, 66.645634 -33.121015 0.334646,
66.603334 -33.121016 0.334646, 66.576358 -33.107528 0.334646,
66.564387 -33.095557 0.334646, 66.550899 -33.068582 0.334646,
67.545322 -14.889689 0.334646, 67.515795 -14.889689 0.334646,
67.501031 -14.91526 0.334646, 67.50103 -14.927037 0.334646,
67.487544 -14.954013 0.334646, 67.472184 -14.969372 0.334646,
67.464541 -14.997893 0.334646, 67.48542 -15.018773 0.334646,
67.513942 -15.011131 0.334646, 67.53269 -14.992383 0.334646,
67.533998 -14.987496 0.334646, 67.538221 -14.984709 0.334646,
67.556969 -14.947213 0.334646, 67.556544 -14.940142 0.334646,
67.560086 -14.934008 0.334646, 67.560086 -14.91526 0.334646,
67.573215 -32.872824 0.334646, 67.567257 -32.862505 0.334646,
67.53773 -32.862505 0.334646, 67.522966 -32.888076 0.334646,
67.522966 -33.150543 0.334646, 67.53773 -33.176115 0.334646,
67.567257 -33.176115 0.334646, 67.582021 -33.150543 0.334646,
67.58202 -32.937802 0.334646, 67.588731 -32.931091 0.334646,
67.615707 -32.917604 0.334646, 67.658008 -32.917603 0.334646,
67.680467 -32.928833 0.334646, 67.691696 -32.95129 0.334646,
67.691694 -33.150543 0.334646, 67.706458 -33.176115 0.334646,
67.735986 -33.176115 0.334646, 67.75075 -33.150543 0.334646,
67.75075 -32.95129 0.334646, 67.761979 -32.928833 0.334646,
67.784437 -32.917605 0.334646, 67.826737 -32.917603 0.334646,
67.849196 -32.928833 0.334646, 67.860425 -32.95129 0.334646,
67.860424 -33.150543 0.334646, 67.875187 -33.176115 0.334646,
67.904715 -33.176115 0.334646, 67.919479 -33.150543 0.334646,
67.919479 -32.944319 0.334646, 67.915937 -32.938185 0.334646,
67.916361 -32.931114 0.334646, 67.897614 -32.893619 0.334646,
67.88966 -32.888367 0.334646, 67.884409 -32.880414 0.334646,
67.846913 -32.861666 0.334646, 67.839843 -32.862091 0.334646,
67.833708 -32.858549 0.334646, 67.777465 -32.858549 0.334646,
67.771331 -32.862091 0.334646, 67.76426 -32.861666 0.334646,
67.726765 -32.880414 0.334646, 67.721513 -32.888367 0.334646,
67.721223 -32.88856 0.334646, 67.720931 -32.888367 0.334646,
67.71568 -32.880414 0.334646, 67.678184 -32.861666 0.334646,
67.671114 -32.862091 0.334646, 67.664979 -32.858549 0.334646,
67.608736 -32.858549 0.334646, 67.602602 -32.862091 0.334646,
67.595531 -32.861666 0.334646, 68.119102 -32.762354 0.334646,
68.117055 -32.754712 0.334646, 68.098307 -32.735964 0.334646,
68.094277 -32.734884 0.334646, 68.092191 -32.731271 0.334646,
68.088021 -32.731272 0.334646, 68.08507 -32.728321 0.334646,
68.077427 -32.730369 0.334646, 68.069786 -32.728321 0.334646,
68.066836 -32.731271 0.334646, 68.062664 -32.731271 0.334646,
68.060579 -32.734885 0.334646, 68.056548 -32.735964 0.334646,
68.037801 -32.754712 0.334646, 68.035753 -32.762354 0.334646,
68.030158 -32.767948 0.334646, 68.032206 -32.775591 0.334646,
68.030159 -32.783233 0.334646, 68.035753 -32.788828 0.334646,
68.037801 -32.79647 0.334646, 68.056548 -32.815217 0.334646,
68.060579 -32.816297 0.334646, 68.062664 -32.81991 0.334646,
68.066836 -32.81991 0.334646, 68.069785 -32.82286 0.334646,
68.077429 -32.820812 0.334646, 68.08507 -32.82286 0.334646,
68.088021 -32.81991 0.334646, 68.092191 -32.81991 0.334646,
68.094278 -32.816298 0.334646, 68.098307 -32.815217 0.334646,
68.117054 -32.79647 0.334646, 68.1191 -32.788827 0.334646,
68.124697 -32.783233 0.334646, 68.122648 -32.775591 0.334646,
68.124697 -32.767948 0.334646, 68.106955 -32.888076 0.334646,
68.092191 -32.862505 0.334646, 68.062664 -32.862505 0.334646,
68.0479 -32.888076 0.334646, 68.0479 -33.150543 0.334646,
68.062664 -33.176115 0.334646, 68.092191 -33.176115 0.334646,
68.106955 -33.150543 0.334646, 68.420977 -27.404885 0.334646,
68.420979 -27.216412 0.334646, 68.435917 -27.208943 0.334646,
68.496966 -27.208942 0.334646, 68.523941 -27.22243 0.334646,
68.535913 -27.234401 0.334646, 68.5494 -27.261376 0.334646,
68.5494 -27.359921 0.334646, 68.535913 -27.386896 0.334646,
68.523941 -27.398867 0.334646, 68.496966 -27.412354 0.334646,
68.435917 -27.412354 0.334646, 68.420978 -27.467978 0.334646,
68.422812 -27.467868 0.334646, 68.428946 -27.471409 0.334646,
68.503937 -27.471409 0.334646, 68.510071 -27.467868 0.334646,
68.517142 -27.468292 0.334646, 68.554637 -27.449545 0.334646,
68.557424 -27.445322 0.334646, 68.562311 -27.444013 0.334646,
68.581059 -27.425266 0.334646, 68.582368 -27.420379 0.334646,
68.58659 -27.417592 0.334646, 68.605338 -27.380096 0.334646,
68.604913 -27.373026 0.334646, 68.608455 -27.366891 0.334646,
68.608455 -27.254406 0.334646, 68.604913 -27.248271 0.334646,
68.605338 -27.2412 0.334646, 68.58659 -27.203705 0.334646,
68.582368 -27.200917 0.334646, 68.581059 -27.196031 0.334646,
68.562311 -27.177283 0.334646, 68.557424 -27.175974 0.334646,
68.554637 -27.171752 0.334646, 68.517142 -27.153005 0.334646,
68.510071 -27.153429 0.334646, 68.503937 -27.149887 0.334646,
68.428946 -27.149887 0.334646, 68.422812 -27.153429 0.334646,
68.415741 -27.153005 0.334646, 68.407972 -27.156889 0.334646,
68.406215 -27.153843 0.334646, 68.376687 -27.153843 0.334646,
68.361923 -27.179415 0.334646, 68.361923 -27.573116 0.334646,
68.376687 -27.598687 0.334646, 68.406215 -27.598687 0.334646,
68.420978 -27.573116 0.334646, 68.650636 -33.113546 0.334646,
68.650638 -32.925073 0.334646, 68.665577 -32.917604 0.334646,
68.726625 -32.917604 0.334646, 68.7536 -32.931091 0.334646,
68.765571 -32.943063 0.334646, 68.779059 -32.970038 0.334646,
68.779059 -33.068582 0.334646, 68.765571 -33.095557 0.334646,
68.7536 -33.107528 0.334646, 68.726625 -33.121016 0.334646,
68.665576 -33.121016 0.334646, 68.6454 -33.176954 0.334646,
68.652471 -33.176529 0.334646, 68.658605 -33.180071 0.334646,
68.733596 -33.180071 0.334646, 68.73973 -33.176529 0.334646,
68.746801 -33.176954 0.334646, 68.784296 -33.158206 0.334646,
68.787082 -33.153984 0.334646, 68.79197 -33.152675 0.334646,
68.810718 -33.133927 0.334646, 68.812026 -33.12904 0.334646,
68.816249 -33.126253 0.334646, 68.834996 -33.088758 0.334646,
68.834572 -33.081687 0.334646, 68.838114 -33.075553 0.334646,
68.838114 -32.963067 0.334646, 68.834572 -32.956933 0.334646,
68.834996 -32.949862 0.334646, 68.816249 -32.912367 0.334646,
68.812026 -32.909579 0.334646, 68.810718 -32.904693 0.334646,
68.79197 -32.885945 0.334646, 68.787082 -32.884635 0.334646,
68.784296 -32.880414 0.334646, 68.746801 -32.861666 0.334646,
68.73973 -32.862091 0.334646, 68.733596 -32.858549 0.334646,
68.658605 -32.858549 0.334646, 68.652471 -32.862091 0.334646,
68.650638 -32.861981 0.334646, 68.650637 -32.756843 0.334646,
68.635874 -32.731271 0.334646, 68.606346 -32.731271 0.334646,
68.591582 -32.756843 0.334646, 68.591582 -33.150543 0.334646,
68.606346 -33.176115 0.334646, 68.635874 -33.176115 0.334646,
68.637631 -33.173069 0.334646, 68.404106 -32.925073 0.334646,
68.404104 -33.113546 0.334646, 68.389167 -33.121016 0.334646,
68.328119 -33.121016 0.334646, 68.301143 -33.107528 0.334646,
68.289172 -33.095557 0.334646, 68.275684 -33.068582 0.334646,
68.275683 -32.970037 0.334646, 68.289172 -32.943063 0.334646,
68.301143 -32.931091 0.334646, 68.328119 -32.917605 0.334646,
68.389167 -32.917604 0.334646, 68.404106 -32.861981 0.334646,
68.402272 -32.862091 0.334646, 68.396138 -32.858549 0.334646,
68.321147 -32.858549 0.334646, 68.315013 -32.862091 0.334646,
68.307942 -32.861666 0.334646, 68.270447 -32.880414 0.334646,
68.267659 -32.884635 0.334646, 68.262773 -32.885945 0.334646,
68.244025 -32.904693 0.334646, 68.242715 -32.909579 0.334646,
68.238494 -32.912367 0.334646, 68.219746 -32.949862 0.334646,
68.220171 -32.956933 0.334646, 68.216629 -32.963067 0.334646,
68.216629 -33.075553 0.334646, 68.220171 -33.081687 0.334646,
68.219746 -33.088758 0.334646, 68.238494 -33.126253 0.334646,
68.242715 -33.12904 0.334646, 68.244025 -33.133927 0.334646,
68.262773 -33.152675 0.334646, 68.267659 -33.153984 0.334646,
68.270447 -33.158206 0.334646, 68.307942 -33.176954 0.334646,
68.315013 -33.176529 0.334646, 68.321147 -33.180071 0.334646,
68.396138 -33.180071 0.334646, 68.402272 -33.176529 0.334646,
68.409343 -33.176954 0.334646, 68.417109 -33.173069 0.334646,
68.418869 -33.176115 0.334646, 68.448397 -33.176115 0.334646,
68.463161 -33.150543 0.334646, 68.463161 -32.756843 0.334646,
68.448397 -32.731271 0.334646, 68.418869 -32.731271 0.334646,
68.404106 -32.756843 0.334646, 68.988094 -32.970037 0.334646,
69.001581 -32.943062 0.334646, 69.013552 -32.93109 0.334646,
69.040528 -32.917603 0.334646, 69.08283 -32.917603 0.334646,
69.109805 -32.931091 0.334646, 69.121777 -32.943063 0.334646,
69.135264 -32.970038 0.334646, 69.135265 -33.068582 0.334646,
69.121777 -33.095557 0.334646, 69.109805 -33.107528 0.334646,
69.08283 -33.121015 0.334646, 69.040528 -33.121015 0.334646,
69.013552 -33.107527 0.334646, 69.001581 -33.095556 0.334646,
68.988094 -33.068582 0.334646, 69.714646 -32.880098 0.334646,
69.70449 -32.862505 0.334646, 69.674962 -32.862505 0.334646,
69.660198 -32.888076 0.334646, 69.660198 -33.150543 0.334646,
69.674962 -33.176115 0.334646, 69.70449 -33.176115 0.334646,
69.719254 -33.150543 0.334646, 69.719253 -32.970037 0.334646,
69.732741 -32.943063 0.334646, 69.744712 -32.931091 0.334646,
69.771688 -32.917604 0.334646, 69.802212 -32.917604 0.334646,
69.827784 -32.90284 0.334646, 69.827784 -32.873313 0.334646,
69.802212 -32.858549 0.334646, 69.764717 -32.858549 0.334646,
69.758582 -32.862091 0.334646, 69.751511 -32.861666 0.334646,
69.938988 -32.880414 0.334646, 69.9362 -32.884635 0.334646,
69.931314 -32.885945 0.334646, 69.912567 -32.904693 0.334646,
69.911256 -32.909579 0.334646, 69.907035 -32.912367 0.334646,
69.888288 -32.949862 0.334646, 69.888712 -32.956933 0.334646,
69.88517 -32.963067 0.334646, 69.88517 -33.075553 0.334646,
69.888712 -33.081687 0.334646, 69.888288 -33.088758 0.334646,
69.907035 -33.126253 0.334646, 69.911256 -33.12904 0.334646,
69.912567 -33.133927 0.334646, 69.931314 -33.152675 0.334646,
69.9362 -33.153984 0.334646, 69.938988 -33.158206 0.334646,
69.976483 -33.176954 0.334646, 69.983554 -33.176529 0.334646,
69.989689 -33.180071 0.334646, 70.064679 -33.180071 0.334646,
70.070814 -33.176529 0.334646, 70.077884 -33.176954 0.334646,
70.085651 -33.173069 0.334646, 70.087411 -33.176115 0.334646,
70.116938 -33.176115 0.334646, 70.131702 -33.150543 0.334646,
70.131702 -32.756843 0.334646, 70.116938 -32.731271 0.334646,
70.087411 -32.731271 0.334646, 70.072647 -32.756843 0.334646,
70.072647 -32.861981 0.334646, 70.070814 -32.862091 0.334646,
70.064679 -32.858549 0.334646, 69.989689 -32.858549 0.334646,
69.983554 -32.862091 0.334646, 69.976483 -32.861666 0.334646,
69.944225 -32.970037 0.334646, 69.957713 -32.943063 0.334646,
69.969684 -32.931091 0.334646, 69.99666 -32.917605 0.334646,
70.057708 -32.917604 0.334646, 70.072648 -32.925073 0.334646,
70.072646 -33.113546 0.334646, 70.057708 -33.121016 0.334646,
69.99666 -33.121016 0.334646, 69.969684 -33.107528 0.334646,
69.957713 -33.095557 0.334646, 69.944225 -33.068582 0.334646,
66.220707 -27.467454 0.334646, 66.250234 -27.467454 0.334646,
66.264998 -27.441882 0.334646, 66.264998 -27.235658 0.334646,
66.261456 -27.229523 0.334646, 66.261881 -27.222453 0.334646,
66.243133 -27.184957 0.334646, 66.235179 -27.179706 0.334646,
66.229928 -27.171752 0.334646, 66.192433 -27.153005 0.334646,
66.185362 -27.153429 0.334646, 66.179228 -27.149887 0.334646,
66.122984 -27.149887 0.334646, 66.11685 -27.153429 0.334646,
66.109779 -27.153005 0.334646, 66.096269 -27.15976 0.334646,
66.096269 -27.048181 0.334646, 66.081505 -27.022609 0.334646,
66.051978 -27.022609 0.334646, 66.037214 -27.048181 0.334646,
66.037214 -27.441882 0.334646, 66.051978 -27.467454 0.334646,
66.081505 -27.467454 0.334646, 66.096269 -27.441882 0.334646,
66.09627 -27.229141 0.334646, 66.10298 -27.22243 0.334646,
66.129956 -27.208943 0.334646, 66.172256 -27.208942 0.334646,
66.194715 -27.220171 0.334646, 66.205944 -27.242629 0.334646,
66.205943 -27.441882 0.334646, 66.447867 -27.171436 0.334646,
66.437711 -27.153843 0.334646, 66.408183 -27.153843 0.334646,
66.393419 -27.179415 0.334646, 66.393419 -27.441882 0.334646,
66.408183 -27.467454 0.334646, 66.437711 -27.467454 0.334646,
66.452474 -27.441882 0.334646, 66.452474 -27.261376 0.334646,
66.465962 -27.234401 0.334646, 66.477933 -27.22243 0.334646,
66.504908 -27.208943 0.334646, 66.535433 -27.208943 0.334646,
66.561005 -27.194179 0.334646, 66.561005 -27.164651 0.334646,
66.535433 -27.149887 0.334646, 66.497937 -27.149887 0.334646,
66.491803 -27.153429 0.334646, 66.484732 -27.153005 0.334646,
66.735259 -32.912367 0.334646, 66.731037 -32.909579 0.334646,
66.729728 -32.904693 0.334646, 66.71098 -32.885945 0.334646,
66.706093 -32.884635 0.334646, 66.703306 -32.880414 0.334646,
66.665811 -32.861666 0.334646, 66.65874 -32.862091 0.334646,
66.652606 -32.858549 0.334646, 66.596363 -32.858549 0.334646,
66.590228 -32.862091 0.334646, 66.583157 -32.861666 0.334646,
66.545662 -32.880414 0.334646, 66.542874 -32.884635 0.334646,
66.537988 -32.885945 0.334646, 66.519241 -32.904693 0.334646,
66.51793 -32.909579 0.334646, 66.513709 -32.912367 0.334646,
66.494962 -32.949862 0.334646, 66.495386 -32.956933 0.334646,
66.491844 -32.963067 0.334646, 66.491844 -33.075553 0.334646,
66.495386 -33.081687 0.334646, 66.494962 -33.088758 0.334646,
66.513709 -33.126253 0.334646, 66.51793 -33.12904 0.334646,
66.519241 -33.133927 0.334646, 66.537988 -33.152675 0.334646,
66.542874 -33.153984 0.334646, 66.545662 -33.158206 0.334646,
66.583157 -33.176954 0.334646, 66.590228 -33.176529 0.334646,
66.596363 -33.180071 0.334646, 66.652606 -33.180071 0.334646,
66.65874 -33.176529 0.334646, 66.665811 -33.176954 0.334646,
66.703306 -33.158206 0.334646, 66.706093 -33.153984 0.334646,
66.71098 -33.152675 0.334646, 66.729728 -33.133927 0.334646,
66.731037 -33.12904 0.334646, 66.735259 -33.126253 0.334646,
66.754007 -33.088758 0.334646, 66.753582 -33.081687 0.334646,
66.757124 -33.075553 0.334646, 66.757124 -32.963067 0.334646,
66.753582 -32.956933 0.334646, 66.754007 -32.949862 0.334646,
66.694884 -14.810123 0.334646, 66.694883 -14.897011 0.334646,
66.679943 -14.90448 0.334646, 66.600146 -14.90448 0.334646,
66.57769 -14.893252 0.334646, 66.566459 -14.870794 0.334646,
66.566459 -14.84724 0.334646, 66.57769 -14.824783 0.334646,
66.600146 -14.813554 0.334646, 66.686914 -14.813554 0.334646,
66.693047 -14.810012 0.334646, 66.694883 -14.74703 0.334646,
66.679944 -14.754499 0.334646, 66.593176 -14.754499 0.334646,
66.587041 -14.758041 0.334646, 66.57997 -14.757617 0.334646,
66.542475 -14.776364 0.334646, 66.537224 -14.784318 0.334646,
66.52927 -14.789569 0.334646, 66.510522 -14.827065 0.334646,
66.510947 -14.834135 0.334646, 66.507405 -14.84027 0.334646,
66.507405 -14.877765 0.334646, 66.510947 -14.883899 0.334646,
66.510522 -14.89097 0.334646, 66.52927 -14.928465 0.334646,
66.537224 -14.933717 0.334646, 66.542475 -14.94167 0.334646,
66.57997 -14.960418 0.334646, 66.587041 -14.959994 0.334646,
66.593176 -14.963535 0.334646, 66.686914 -14.963535 0.334646,
66.693047 -14.959994 0.334646, 66.700119 -14.960418 0.334646,
66.707887 -14.956534 0.334646, 66.709646 -14.959579 0.334646,
66.739173 -14.959579 0.334646, 66.753937 -14.934008 0.334646,
66.753937 -14.727784 0.334646, 66.750397 -14.72165 0.334646,
66.75082 -14.714579 0.334646, 66.732072 -14.677083 0.334646,
66.724118 -14.671832 0.334646, 66.718867 -14.663878 0.334646,
66.681371 -14.645131 0.334646, 66.674301 -14.645555 0.334646,
66.668166 -14.642013 0.334646, 66.593176 -14.642013 0.334646,
66.587041 -14.645555 0.334646, 66.57997 -14.645131 0.334646,
66.542475 -14.663878 0.334646, 66.526206 -14.688519 0.334646,
66.539411 -14.71493 0.334646, 66.568885 -14.716699 0.334646,
66.600146 -14.701069 0.334646, 66.661195 -14.701068 0.334646,
66.683651 -14.712297 0.334646, 66.694882 -14.734754 0.334646,
67.462035 -27.317997 0.334646, 67.462034 -27.404885 0.334646,
67.447098 -27.412354 0.334646, 67.367299 -27.412354 0.334646,
67.344843 -27.401125 0.334646, 67.333614 -27.378668 0.334646,
67.333614 -27.355114 0.334646, 67.344842 -27.332657 0.334646,
67.367299 -27.321428 0.334646, 67.454068 -27.321428 0.334646,
67.460203 -27.317887 0.334646, 67.693804 -27.022609 0.334646,
67.664276 -27.022609 0.334646, 67.649512 -27.048181 0.334646,
67.649512 -27.385639 0.334646, 67.653054 -27.391773 0.334646,
67.65263 -27.398844 0.334646, 67.671377 -27.436339 0.334646,
67.679329 -27.44159 0.334646, 67.684582 -27.449545 0.334646,
67.722078 -27.468292 0.334646, 67.751553 -27.466523 0.334646,
67.764758 -27.440113 0.334646, 67.748488 -27.415472 0.334646,
67.719796 -27.401126 0.334646, 67.708567 -27.378668 0.334646,
67.708567 -27.048181 0.334646, 67.900028 -27.022609 0.334646,
67.8705 -27.022609 0.334646, 67.855737 -27.048181 0.334646,
67.855737 -27.385639 0.334646, 67.859278 -27.391773 0.334646,
67.858854 -27.398844 0.334646, 67.877602 -27.436339 0.334646,
67.885555 -27.441591 0.334646, 67.890807 -27.449545 0.334646,
67.928302 -27.468292 0.334646, 67.957776 -27.466523 0.334646,
67.970982 -27.440113 0.334646, 67.954712 -27.415472 0.334646,
67.926021 -27.401126 0.334646, 67.914792 -27.378668 0.334646,
67.914792 -27.048181 0.334646, 69.172454 -32.912367 0.334646,
69.168232 -32.909579 0.334646, 69.166923 -32.904693 0.334646,
69.148176 -32.885945 0.334646, 69.143288 -32.884635 0.334646,
69.140502 -32.880414 0.334646, 69.103006 -32.861666 0.334646,
69.095936 -32.862091 0.334646, 69.089801 -32.858549 0.334646,
69.033558 -32.858549 0.334646, 69.027424 -32.862091 0.334646,
69.020353 -32.861666 0.334646, 68.982858 -32.880414 0.334646,
68.980072 -32.884636 0.334646, 68.975184 -32.885945 0.334646,
68.956436 -32.904692 0.334646, 68.955127 -32.909579 0.334646,
68.950905 -32.912367 0.334646, 68.932157 -32.949862 0.334646,
68.932581 -32.956933 0.334646, 68.92904 -32.963067 0.334646,
68.92904 -33.075553 0.334646, 68.932581 -33.081687 0.334646,
68.932157 -33.088758 0.334646, 68.950905 -33.126253 0.334646,
68.955127 -33.129041 0.334646, 68.956436 -33.133927 0.334646,
68.975184 -33.152675 0.334646, 68.980072 -33.153985 0.334646,
68.982858 -33.158206 0.334646, 69.020353 -33.176954 0.334646,
69.027424 -33.176529 0.334646, 69.033558 -33.180071 0.334646,
69.089801 -33.180071 0.334646, 69.095936 -33.176529 0.334646,
69.103006 -33.176954 0.334646, 69.140502 -33.158206 0.334646,
69.143288 -33.153984 0.334646, 69.148176 -33.152675 0.334646,
69.166923 -33.133927 0.334646, 69.168232 -33.12904 0.334646,
69.172454 -33.126253 0.334646, 69.191202 -33.088758 0.334646,
69.190778 -33.081687 0.334646, 69.194319 -33.075553 0.334646,
69.194319 -32.963067 0.334646, 69.190778 -32.956933 0.334646,
69.191202 -32.949862 0.334646, 69.124014 -34.299714 0.334646,
69.135245 -34.277258 0.334646, 69.157703 -34.26603 0.334646,
69.218751 -34.266029 0.334646, 69.241209 -34.277258 0.334646,
69.252437 -34.299715 0.334646, 69.252437 -34.306033 0.334646,
69.124016 -34.331718 0.334646, 69.068502 -34.28661 0.334646,
69.064961 -34.292744 0.334646, 69.064961 -34.442726 0.334646,
69.068502 -34.44886 0.334646, 69.068078 -34.455931 0.334646,
69.086826 -34.493426 0.334646, 69.094779 -34.498677 0.334646,
69.100031 -34.506631 0.334646, 69.137526 -34.525379 0.334646,
69.144597 -34.524954 0.334646, 69.150731 -34.528496 0.334646,
69.225722 -34.528496 0.334646, 69.231856 -34.524954 0.334646,
69.238927 -34.525379 0.334646, 69.276422 -34.506631 0.334646,
69.292691 -34.48199 0.334646, 69.279486 -34.45558 0.334646,
69.250012 -34.453811 0.334646, 69.218751 -34.469441 0.334646,
69.157703 -34.469442 0.334646, 69.135245 -34.458213 0.334646,
69.124015 -34.435755 0.334646, 69.124016 -34.391942 0.334646,
69.287755 -34.359194 0.334646, 69.291604 -34.355811 0.334646,
69.296728 -34.355811 0.334646, 69.302006 -34.34667 0.334646,
69.309935 -34.339702 0.334646, 69.30893 -34.334677 0.334646,
69.311492 -34.33024 0.334646, 69.311492 -34.292744 0.334646,
69.30795 -34.28661 0.334646, 69.308375 -34.279539 0.334646,
69.289627 -34.242044 0.334646, 69.281674 -34.236793 0.334646,
69.276422 -34.228839 0.334646, 69.238927 -34.210091 0.334646,
69.231856 -34.210516 0.334646, 69.225722 -34.206974 0.334646,
69.150731 -34.206974 0.334646, 69.144597 -34.210516 0.334646,
69.137526 -34.210091 0.334646, 69.100031 -34.228839 0.334646,
69.094779 -34.236793 0.334646, 69.086826 -34.242044 0.334646,
69.068078 -34.279539 0.334646, 68.88686 -27.317998 0.334646,
68.886859 -27.404886 0.334646, 68.871919 -27.412354 0.334646,
68.792122 -27.412354 0.334646, 68.769666 -27.401126 0.334646,
68.758435 -27.378668 0.334646, 68.758435 -27.355114 0.334646,
68.769666 -27.332657 0.334646, 68.792122 -27.321428 0.334646,
68.87889 -27.321428 0.334646, 68.885023 -27.317886 0.334646,
68.886859 -27.254904 0.334646, 68.87192 -27.262373 0.334646,
68.785152 -27.262373 0.334646, 68.779017 -27.265915 0.334646,
68.771946 -27.265491 0.334646, 68.734451 -27.284238 0.334646,
68.7292 -27.292192 0.334646, 68.721246 -27.297443 0.334646,
68.702498 -27.334939 0.334646, 68.702923 -27.342009 0.334646,
68.699381 -27.348144 0.334646, 68.699381 -27.385639 0.334646,
68.702923 -27.391773 0.334646, 68.702498 -27.398844 0.334646,
68.721246 -27.436339 0.334646, 68.7292 -27.441591 0.334646,
68.734451 -27.449545 0.334646, 68.771946 -27.468292 0.334646,
68.779017 -27.467868 0.334646, 68.785152 -27.471409 0.334646,
68.87889 -27.471409 0.334646, 68.885023 -27.467867 0.334646,
68.892095 -27.468292 0.334646, 68.899863 -27.464408 0.334646,
68.901622 -27.467454 0.334646, 68.931149 -27.467454 0.334646,
68.945913 -27.441882 0.334646, 68.945913 -27.235658 0.334646,
68.942371 -27.229523 0.334646, 68.942796 -27.222453 0.334646,
68.924048 -27.184957 0.334646, 68.916092 -27.179705 0.334646,
68.910843 -27.171752 0.334646, 68.873347 -27.153005 0.334646,
68.866275 -27.153429 0.334646, 68.860142 -27.149887 0.334646,
68.785152 -27.149887 0.334646, 68.779017 -27.153429 0.334646,
68.771946 -27.153005 0.334646, 68.734451 -27.171752 0.334646,
68.718182 -27.196393 0.334646, 68.731387 -27.222804 0.334646,
68.760861 -27.224573 0.334646, 68.792122 -27.208943 0.334646,
68.853172 -27.208943 0.334646, 68.87563 -27.220172 0.334646,
68.886857 -27.242628 0.334646, 69.109404 -27.171752 0.334646,
69.106616 -27.175974 0.334646, 69.10173 -27.177283 0.334646,
69.082983 -27.196031 0.334646, 69.081672 -27.200917 0.334646,
69.077452 -27.203705 0.334646, 69.058704 -27.2412 0.334646,
69.059128 -27.248271 0.334646, 69.055587 -27.254406 0.334646,
69.055587 -27.366891 0.334646, 69.059128 -27.373026 0.334646,
69.058704 -27.380096 0.334646, 69.077452 -27.417592 0.334646,
69.081672 -27.420379 0.334646, 69.082983 -27.425266 0.334646,
69.10173 -27.444013 0.334646, 69.106616 -27.445323 0.334646,
69.109404 -27.449545 0.334646, 69.1469 -27.468292 0.334646,
69.15397 -27.467868 0.334646, 69.160105 -27.471409 0.334646,
69.235095 -27.471409 0.334646, 69.24123 -27.467868 0.334646,
69.2483 -27.468292 0.334646, 69.256067 -27.464407 0.334646,
69.257827 -27.467454 0.334646, 69.287354 -27.467454 0.334646,
69.302118 -27.441882 0.334646, 69.302118 -27.048181 0.334646,
69.287354 -27.022609 0.334646, 69.257827 -27.022609 0.334646,
69.243063 -27.048181 0.334646, 69.243063 -27.153319 0.334646,
69.24123 -27.153429 0.334646, 69.235095 -27.149887 0.334646,
69.160105 -27.149887 0.334646, 69.15397 -27.153429 0.334646,
69.1469 -27.153005 0.334646, 69.114641 -27.261376 0.334646,
69.128129 -27.234401 0.334646, 69.1401 -27.22243 0.334646,
69.167077 -27.208943 0.334646, 69.228125 -27.208942 0.334646,
69.243064 -27.216412 0.334646, 69.243062 -27.404885 0.334646,
69.228125 -27.412354 0.334646, 69.167077 -27.412355 0.334646,
69.1401 -27.398867 0.334646, 69.128129 -27.386896 0.334646,
69.114641 -27.359921 0.334646, 60.789372 -14.810123 0.334646,
60.789371 -14.897011 0.334646, 60.774432 -14.90448 0.334646,
60.694634 -14.90448 0.334646, 60.672178 -14.893252 0.334646,
60.660948 -14.870794 0.334646, 60.660947 -14.84724 0.334646,
60.672178 -14.824783 0.334646, 60.694634 -14.813554 0.334646,
60.781402 -14.813554 0.334646, 60.787535 -14.810012 0.334646,
60.789371 -14.74703 0.334646, 60.774432 -14.754499 0.334646,
60.687664 -14.754499 0.334646, 60.681529 -14.758041 0.334646,
60.674459 -14.757617 0.334646, 60.636963 -14.776364 0.334646,
60.631712 -14.784318 0.334646, 60.623758 -14.789569 0.334646,
60.605011 -14.827065 0.334646, 60.605435 -14.834135 0.334646,
60.601893 -14.84027 0.334646, 60.601893 -14.877765 0.334646,
60.605435 -14.883899 0.334646, 60.605011 -14.89097 0.334646,
60.623758 -14.928465 0.334646, 60.631712 -14.933717 0.334646,
60.636963 -14.94167 0.334646, 60.674459 -14.960418 0.334646,
60.681529 -14.959994 0.334646, 60.687664 -14.963535 0.334646,
60.781402 -14.963535 0.334646, 60.787535 -14.959994 0.334646,
60.794607 -14.960418 0.334646, 60.802375 -14.956534 0.334646,
60.804134 -14.959579 0.334646, 60.833661 -14.959579 0.334646,
60.848425 -14.934008 0.334646, 60.848425 -14.727784 0.334646,
60.844885 -14.72165 0.334646, 60.845308 -14.714579 0.334646,
60.82656 -14.677083 0.334646, 60.818606 -14.671832 0.334646,
60.813355 -14.663878 0.334646, 60.775859 -14.645131 0.334646,
60.768789 -14.645555 0.334646, 60.762654 -14.642013 0.334646,
60.687664 -14.642013 0.334646, 60.681529 -14.645555 0.334646,
60.674459 -14.645131 0.334646, 60.636963 -14.663878 0.334646,
60.620694 -14.688519 0.334646, 60.633899 -14.71493 0.334646,
60.663374 -14.716699 0.334646, 60.694635 -14.701069 0.334646,
60.755684 -14.701068 0.334646, 60.77814 -14.712297 0.334646,
60.78937 -14.734754 0.334646, 61.232559 -29.524063 0.334646,
61.238517 -29.534383 0.334646, 61.268044 -29.534383 0.334646,
61.282808 -29.508811 0.334646, 61.282808 -29.246344 0.334646,
61.268044 -29.220772 0.334646, 61.238517 -29.220772 0.334646,
61.223753 -29.246344 0.334646, 61.223753 -29.459085 0.334646,
61.217042 -29.465796 0.334646, 61.190066 -29.479283 0.334646,
61.147766 -29.479284 0.334646, 61.125308 -29.468055 0.334646,
61.114079 -29.445598 0.334646, 61.114079 -29.246344 0.334646,
61.099315 -29.220772 0.334646, 61.069788 -29.220772 0.334646,
61.055024 -29.246344 0.334646, 61.055024 -29.452568 0.334646,
61.058566 -29.458703 0.334646, 61.058141 -29.465773 0.334646,
61.076889 -29.503269 0.334646, 61.084841 -29.508519 0.334646,
61.090094 -29.516474 0.334646, 61.12759 -29.535221 0.334646,
61.13466 -29.534796 0.334646, 61.140795 -29.538339 0.334646,
61.197038 -29.538339 0.334646, 61.203172 -29.534797 0.334646,
61.210243 -29.535221 0.334646, 61.0359 -14.897011 0.334646,
61.035902 -14.708538 0.334646, 61.050841 -14.701069 0.334646,
61.111889 -14.701068 0.334646, 61.138864 -14.714556 0.334646,
61.150835 -14.726527 0.334646, 61.164323 -14.753502 0.334646,
61.164323 -14.852047 0.334646, 61.150835 -14.879022 0.334646,
61.138864 -14.890993 0.334646, 61.111889 -14.90448 0.334646,
61.05084 -14.90448 0.334646, 61.035902 -14.960104 0.334646,
61.037735 -14.959994 0.334646, 61.043869 -14.963535 0.334646,
61.11886 -14.963535 0.334646, 61.124994 -14.959994 0.334646,
61.132065 -14.960418 0.334646, 61.16956 -14.94167 0.334646,
61.172347 -14.937449 0.334646, 61.177234 -14.936139 0.334646,
61.195982 -14.917392 0.334646, 61.197291 -14.912505 0.334646,
61.201513 -14.909718 0.334646, 61.220261 -14.872222 0.334646,
61.219836 -14.865152 0.334646, 61.223378 -14.859017 0.334646,
61.223378 -14.746531 0.334646, 61.219836 -14.740397 0.334646,
61.220261 -14.733326 0.334646, 61.201513 -14.695831 0.334646,
61.197291 -14.693044 0.334646, 61.195982 -14.688157 0.334646,
61.177234 -14.669409 0.334646, 61.172347 -14.6681 0.334646,
61.16956 -14.663878 0.334646, 61.132065 -14.645131 0.334646,
61.124994 -14.645555 0.334646, 61.11886 -14.642013 0.334646,
61.043869 -14.642013 0.334646, 61.037735 -14.645555 0.334646,
61.030664 -14.645131 0.334646, 61.022896 -14.649015 0.334646,
61.021138 -14.645969 0.334646, 60.99161 -14.645969 0.334646,
60.976846 -14.671541 0.334646, 60.976846 -15.065242 0.334646,
60.99161 -15.090813 0.334646, 61.021138 -15.090813 0.334646,
61.035902 -15.065242 0.334646, 61.516544 -14.959579 0.334646,
61.546072 -14.959579 0.334646, 61.560836 -14.934008 0.334646,
61.560836 -14.727784 0.334646, 61.557294 -14.721649 0.334646,
61.557719 -14.714579 0.334646, 61.538971 -14.677083 0.334646,
61.531017 -14.671832 0.334646, 61.525766 -14.663878 0.334646,
61.48827 -14.645131 0.334646, 61.4812 -14.645555 0.334646,
61.475065 -14.642013 0.334646, 61.418822 -14.642013 0.334646,
61.412688 -14.645555 0.334646, 61.405617 -14.645131 0.334646,
61.392107 -14.651886 0.334646, 61.392107 -14.540307 0.334646,
61.377343 -14.514735 0.334646, 61.347816 -14.514735 0.334646,
61.333052 -14.540307 0.334646, 61.333052 -14.934008 0.334646,
61.347816 -14.959579 0.334646, 61.377343 -14.959579 0.334646,
61.392107 -14.934008 0.334646, 61.392108 -14.721267 0.334646,
61.398818 -14.714556 0.334646, 61.425793 -14.701069 0.334646,
61.468094 -14.701068 0.334646, 61.490553 -14.712297 0.334646,
61.501782 -14.734755 0.334646, 61.501781 -14.934008 0.334646,
61.76046 -14.545818 0.334646, 61.758412 -14.538176 0.334646,
61.739664 -14.519428 0.334646, 61.735635 -14.518348 0.334646,
61.733549 -14.514735 0.334646, 61.729378 -14.514736 0.334646,
61.726427 -14.511786 0.334646, 61.718785 -14.513833 0.334646,
61.711143 -14.511786 0.334646, 61.708193 -14.514735 0.334646,
61.704021 -14.514735 0.334646, 61.701937 -14.518349 0.334646,
61.697906 -14.519428 0.334646, 61.679158 -14.538176 0.334646,
61.67711 -14.545818 0.334646, 61.671516 -14.551413 0.334646,
61.673564 -14.559055 0.334646, 61.671516 -14.566698 0.334646,
61.677111 -14.572292 0.334646, 61.679158 -14.579934 0.334646,
61.697906 -14.598682 0.334646, 61.701936 -14.599762 0.334646,
61.704021 -14.603374 0.334646, 61.708194 -14.603375 0.334646,
61.711143 -14.606324 0.334646, 61.718786 -14.604277 0.334646,
61.726427 -14.606324 0.334646, 61.729378 -14.603375 0.334646,
61.733549 -14.603374 0.334646, 61.735636 -14.599762 0.334646,
61.739664 -14.598682 0.334646, 61.758412 -14.579934 0.334646,
61.760458 -14.572292 0.334646, 61.766054 -14.566698 0.334646,
61.764006 -14.559055 0.334646, 61.766054 -14.551413 0.334646,
61.748313 -14.671541 0.334646, 61.733549 -14.645969 0.334646,
61.704021 -14.645969 0.334646, 61.689257 -14.671541 0.334646,
61.689257 -14.934008 0.334646, 61.704021 -14.959579 0.334646,
61.733549 -14.959579 0.334646, 61.748313 -14.934008 0.334646,
61.879851 -14.909718 0.334646, 61.884072 -14.912505 0.334646,
61.885382 -14.917392 0.334646, 61.90413 -14.936139 0.334646,
61.909016 -14.937449 0.334646, 61.911804 -14.94167 0.334646,
61.949299 -14.960418 0.334646, 61.95637 -14.959994 0.334646,
61.962504 -14.963535 0.334646, 62.037495 -14.963535 0.334646,
62.04363 -14.959994 0.334646, 62.0507 -14.960418 0.334646,
62.088196 -14.94167 0.334646, 62.104465 -14.917029 0.334646,
62.09126 -14.890619 0.334646, 62.061785 -14.88885 0.334646,
62.030525 -14.90448 0.334646, 61.969476 -14.904481 0.334646,
61.9425 -14.890993 0.334646, 61.930529 -14.879022 0.334646,
61.917041 -14.852047 0.334646, 61.917041 -14.753502 0.334646,
61.930529 -14.726527 0.334646, 61.9425 -14.714556 0.334646,
61.969476 -14.701069 0.334646, 62.030525 -14.701068 0.334646,
62.061785 -14.716699 0.334646, 62.09126 -14.71493 0.334646,
62.104465 -14.688519 0.334646, 62.088196 -14.663878 0.334646,
62.0507 -14.645131 0.334646, 62.04363 -14.645555 0.334646,
62.037495 -14.642013 0.334646, 61.962504 -14.642013 0.334646,
61.95637 -14.645555 0.334646, 61.949299 -14.645131 0.334646,
61.911804 -14.663878 0.334646, 61.909016 -14.6681 0.334646,
61.90413 -14.669409 0.334646, 61.885382 -14.688157 0.334646,
61.884072 -14.693043 0.334646, 61.879851 -14.695831 0.334646,
61.861104 -14.733326 0.334646, 61.861528 -14.740397 0.334646,
61.857986 -14.746531 0.334646, 61.857986 -14.859017 0.334646,
61.861528 -14.865152 0.334646, 61.861104 -14.872222 0.334646,
62.554461 -14.753502 0.334646, 62.567949 -14.726527 0.334646,
62.57992 -14.714556 0.334646, 62.606896 -14.701069 0.334646,
62.649196 -14.701068 0.334646, 62.676172 -14.714556 0.334646,
62.688143 -14.726527 0.334646, 62.701631 -14.753502 0.334646,
62.701631 -14.852047 0.334646, 62.688143 -14.879022 0.334646,
62.676172 -14.890993 0.334646, 62.649196 -14.90448 0.334646,
62.606896 -14.90448 0.334646, 62.57992 -14.890993 0.334646,
62.567949 -14.879022 0.334646, 62.554461 -14.852047 0.334646,
62.738821 -14.695831 0.334646, 62.734599 -14.693044 0.334646,
62.73329 -14.688157 0.334646, 62.714542 -14.669409 0.334646,
62.709655 -14.6681 0.334646, 62.706868 -14.663878 0.334646,
62.669373 -14.645131 0.334646, 62.662302 -14.645555 0.334646,
62.656168 -14.642013 0.334646, 62.599925 -14.642013 0.334646,
62.59379 -14.645555 0.334646, 62.58672 -14.645131 0.334646,
62.549224 -14.663878 0.334646, 62.546436 -14.6681 0.334646,
62.54155 -14.669409 0.334646, 62.522803 -14.688157 0.334646,
62.521492 -14.693043 0.334646, 62.517272 -14.695831 0.334646,
62.498524 -14.733326 0.334646, 62.498948 -14.740397 0.334646,
62.495407 -14.746531 0.334646, 62.495407 -14.859017 0.334646,
62.498948 -14.865152 0.334646, 62.498524 -14.872222 0.334646,
62.517272 -14.909718 0.334646, 62.521492 -14.912505 0.334646,
62.522803 -14.917392 0.334646, 62.54155 -14.936139 0.334646,
62.546436 -14.937449 0.334646, 62.549224 -14.94167 0.334646,
62.58672 -14.960418 0.334646, 62.59379 -14.959994 0.334646,
62.599925 -14.963535 0.334646, 62.656168 -14.963535 0.334646,
62.662302 -14.959994 0.334646, 62.669373 -14.960418 0.334646,
62.706868 -14.94167 0.334646, 62.709655 -14.937449 0.334646,
62.714542 -14.936139 0.334646, 62.73329 -14.917392 0.334646,
62.734599 -14.912505 0.334646, 62.738821 -14.909718 0.334646,
62.757569 -14.872222 0.334646, 62.757144 -14.865152 0.334646,
62.760686 -14.859017 0.334646, 62.760686 -14.746531 0.334646,
62.757144 -14.740397 0.334646, 62.757569 -14.733326 0.334646,
63.570819 -14.514735 0.334646, 63.541291 -14.514735 0.334646,
63.526528 -14.540307 0.334646, 63.526529 -14.642014 0.334646,
63.499812 -14.642013 0.334646, 63.474241 -14.656777 0.334646,
63.474241 -14.686305 0.334646, 63.499812 -14.701069 0.334646,
63.526529 -14.701069 0.334646, 63.526528 -14.877765 0.334646,
63.530071 -14.8839 0.334646, 63.529645 -14.89097 0.334646,
63.548393 -14.928466 0.334646, 63.556347 -14.933717 0.334646,
63.561598 -14.94167 0.334646, 63.599093 -14.960418 0.334646,
63.606164 -14.959994 0.334646, 63.612298 -14.963535 0.334646,
63.649794 -14.963535 0.334646, 63.675365 -14.948772 0.334646,
63.675365 -14.919244 0.334646, 63.649794 -14.90448 0.334646,
63.619268 -14.90448 0.334646, 63.596811 -14.893251 0.334646,
63.585581 -14.870794 0.334646, 63.585583 -14.701068 0.334646,
63.649794 -14.701069 0.334646, 63.675365 -14.686305 0.334646,
63.675365 -14.656777 0.334646, 63.649794 -14.642013 0.334646,
63.585583 -14.642013 0.334646, 63.585583 -14.540307 0.334646,
62.920609 -14.656289 0.334646, 62.914651 -14.645969 0.334646,
62.885124 -14.645969 0.334646, 62.87036 -14.671541 0.334646,
62.87036 -14.934008 0.334646, 62.885124 -14.959579 0.334646,
62.914651 -14.959579 0.334646, 62.929415 -14.934008 0.334646,
62.929414 -14.721267 0.334646, 62.936125 -14.714556 0.334646,
62.963101 -14.701069 0.334646, 63.005402 -14.701068 0.334646,
63.027861 -14.712297 0.334646, 63.03909 -14.734755 0.334646,
63.039089 -14.934008 0.334646, 63.053852 -14.959579 0.334646,
63.08338 -14.959579 0.334646, 63.098144 -14.934008 0.334646,
63.098144 -14.727784 0.334646, 63.094602 -14.721649 0.334646,
63.095026 -14.714579 0.334646, 63.076279 -14.677083 0.334646,
63.068325 -14.671832 0.334646, 63.063074 -14.663878 0.334646,
63.025578 -14.645131 0.334646, 63.018508 -14.645555 0.334646,
63.012373 -14.642013 0.334646, 62.95613 -14.642013 0.334646,
62.949996 -14.645555 0.334646, 62.942925 -14.645131 0.334646,
63.934992 -14.959579 0.334646, 63.96452 -14.959579 0.334646,
63.979283 -14.934008 0.334646, 63.979283 -14.727784 0.334646,
63.975742 -14.721649 0.334646, 63.976166 -14.714579 0.334646,
63.957419 -14.677083 0.334646, 63.949465 -14.671832 0.334646,
63.944213 -14.663878 0.334646, 63.906718 -14.645131 0.334646,
63.899647 -14.645555 0.334646, 63.893513 -14.642013 0.334646,
63.83727 -14.642013 0.334646, 63.831136 -14.645555 0.334646,
63.824065 -14.645131 0.334646, 63.810555 -14.651886 0.334646,
63.810555 -14.540307 0.334646, 63.795791 -14.514735 0.334646,
63.766263 -14.514735 0.334646, 63.7515 -14.540307 0.334646,
63.7515 -14.934008 0.334646, 63.766263 -14.959579 0.334646,
63.795791 -14.959579 0.334646, 63.810555 -14.934008 0.334646,
63.810556 -14.721267 0.334646, 63.817265 -14.714556 0.334646,
63.844241 -14.701069 0.334646, 63.886542 -14.701068 0.334646,
63.909001 -14.712297 0.334646, 63.920229 -14.734755 0.334646,
63.920228 -14.934008 0.334646, 64.795375 -14.656289 0.334646,
64.789417 -14.645969 0.334646, 64.759889 -14.645969 0.334646,
64.745126 -14.671541 0.334646, 64.745126 -14.934008 0.334646,
64.759889 -14.959579 0.334646, 64.789417 -14.959579 0.334646,
64.804181 -14.934008 0.334646, 64.80418 -14.721267 0.334646,
64.810891 -14.714556 0.334646, 64.837867 -14.701069 0.334646,
64.880168 -14.701068 0.334646, 64.902627 -14.712297 0.334646,
64.913855 -14.734755 0.334646, 64.913854 -14.934008 0.334646,
64.928618 -14.959579 0.334646, 64.958146 -14.959579 0.334646,
64.972909 -14.934008 0.334646, 64.972909 -14.734754 0.334646,
64.984139 -14.712297 0.334646, 65.006596 -14.701069 0.334646,
65.048896 -14.701068 0.334646, 65.071355 -14.712297 0.334646,
65.082584 -14.734755 0.334646, 65.082583 -14.934008 0.334646,
65.097347 -14.959579 0.334646, 65.126874 -14.959579 0.334646,
65.141638 -14.934008 0.334646, 65.141638 -14.727784 0.334646,
65.138096 -14.721649 0.334646, 65.138521 -14.714579 0.334646,
65.119773 -14.677083 0.334646, 65.11182 -14.671832 0.334646,
65.106568 -14.663878 0.334646, 65.069073 -14.645131 0.334646,
65.062002 -14.645555 0.334646, 65.055868 -14.642013 0.334646,
64.999625 -14.642013 0.334646, 64.99349 -14.645555 0.334646,
64.98642 -14.645131 0.334646, 64.948924 -14.663878 0.334646,
64.943673 -14.671832 0.334646, 64.943383 -14.672024 0.334646,
64.94309 -14.671832 0.334646, 64.937839 -14.663878 0.334646,
64.900344 -14.645131 0.334646, 64.893273 -14.645555 0.334646,
64.887139 -14.642013 0.334646, 64.830896 -14.642013 0.334646,
64.824762 -14.645555 0.334646, 64.817691 -14.645131 0.334646,
65.341262 -14.545818 0.334646, 65.339214 -14.538176 0.334646,
65.320467 -14.519428 0.334646, 65.316437 -14.518348 0.334646,
65.314351 -14.514735 0.334646, 65.310181 -14.514736 0.334646,
65.307229 -14.511786 0.334646, 65.299587 -14.513833 0.334646,
65.291945 -14.511786 0.334646, 65.288996 -14.514735 0.334646,
65.284824 -14.514735 0.334646, 65.282739 -14.518349 0.334646,
65.278708 -14.519428 0.334646, 65.25996 -14.538176 0.334646,
65.257913 -14.545818 0.334646, 65.252318 -14.551413 0.334646,
65.254366 -14.559055 0.334646, 65.252318 -14.566698 0.334646,
65.257913 -14.572292 0.334646, 65.259961 -14.579934 0.334646,
65.278708 -14.598682 0.334646, 65.282739 -14.599762 0.334646,
65.284824 -14.603374 0.334646, 65.288996 -14.603375 0.334646,
65.291945 -14.606324 0.334646, 65.299588 -14.604277 0.334646,
65.30723 -14.606324 0.334646, 65.310181 -14.603375 0.334646,
65.314351 -14.603374 0.334646, 65.316438 -14.599762 0.334646,
65.320467 -14.598682 0.334646, 65.339214 -14.579934 0.334646,
65.34126 -14.572292 0.334646, 65.346856 -14.566698 0.334646,
65.344808 -14.559055 0.334646, 65.346856 -14.551413 0.334646,
65.329115 -14.671541 0.334646, 65.314351 -14.645969 0.334646,
65.284824 -14.645969 0.334646, 65.27006 -14.671541 0.334646,
65.27006 -14.934008 0.334646, 65.284824 -14.959579 0.334646,
65.314351 -14.959579 0.334646, 65.329115 -14.934008 0.334646,
65.492606 -14.663878 0.334646, 65.489819 -14.6681 0.334646,
65.484932 -14.669409 0.334646, 65.466185 -14.688157 0.334646,
65.464874 -14.693043 0.334646, 65.460654 -14.695831 0.334646,
65.441906 -14.733326 0.334646, 65.44233 -14.740397 0.334646,
65.438789 -14.746531 0.334646, 65.438789 -14.859017 0.334646,
65.44233 -14.865152 0.334646, 65.441906 -14.872222 0.334646,
65.460654 -14.909718 0.334646, 65.464874 -14.912505 0.334646,
65.466185 -14.917392 0.334646, 65.484932 -14.936139 0.334646,
65.489819 -14.937449 0.334646, 65.492606 -14.941671 0.334646,
65.530102 -14.960418 0.334646, 65.537172 -14.959994 0.334646,
65.543307 -14.963535 0.334646, 65.618298 -14.963535 0.334646,
65.624432 -14.959994 0.334646, 65.631503 -14.960418 0.334646,
65.639269 -14.956534 0.334646, 65.641029 -14.959579 0.334646,
65.670557 -14.959579 0.334646, 65.68532 -14.934008 0.334646,
65.68532 -14.540307 0.334646, 65.670557 -14.514735 0.334646,
65.641029 -14.514735 0.334646, 65.626265 -14.540307 0.334646,
65.626266 -14.645445 0.334646, 65.624432 -14.645555 0.334646,
65.618298 -14.642013 0.334646, 65.543307 -14.642013 0.334646,
65.537172 -14.645555 0.334646, 65.530102 -14.645131 0.334646,
65.497843 -14.753502 0.334646, 65.511331 -14.726527 0.334646,
65.523302 -14.714556 0.334646, 65.550277 -14.701068 0.334646,
65.611327 -14.701069 0.334646, 65.626266 -14.708538 0.334646,
65.626264 -14.897011 0.334646, 65.611327 -14.90448 0.334646,
65.550277 -14.90448 0.334646, 65.523302 -14.890993 0.334646,
65.511331 -14.879022 0.334646, 65.497843 -14.852047 0.334646,
65.872796 -14.897011 0.334646, 65.872798 -14.708538 0.334646,
65.887736 -14.701069 0.334646, 65.948785 -14.701068 0.334646,
65.97576 -14.714556 0.334646, 65.987731 -14.726527 0.334646,
66.001219 -14.753502 0.334646, 66.001219 -14.852047 0.334646,
65.987731 -14.879022 0.334646, 65.97576 -14.890993 0.334646,
65.948785 -14.90448 0.334646, 65.887735 -14.90448 0.334646,
65.867559 -14.960418 0.334646, 65.87463 -14.959994 0.334646,
65.880765 -14.963535 0.334646, 65.955756 -14.963535 0.334646,
65.96189 -14.959994 0.334646, 65.968961 -14.960418 0.334646,
66.006456 -14.94167 0.334646, 66.009242 -14.937449 0.334646,
66.01413 -14.936139 0.334646, 66.032878 -14.917392 0.334646,
66.034186 -14.912505 0.334646, 66.038409 -14.909718 0.334646,
66.057156 -14.872222 0.334646, 66.056732 -14.865152 0.334646,
66.060274 -14.859017 0.334646, 66.060274 -14.746531 0.334646,
66.056732 -14.740397 0.334646, 66.057156 -14.733326 0.334646,
66.038409 -14.695831 0.334646, 66.034186 -14.693044 0.334646,
66.032878 -14.688157 0.334646, 66.01413 -14.669409 0.334646,
66.009242 -14.6681 0.334646, 66.006456 -14.663878 0.334646,
65.968961 -14.645131 0.334646, 65.96189 -14.645555 0.334646,
65.955756 -14.642013 0.334646, 65.880765 -14.642013 0.334646,
65.87463 -14.645555 0.334646, 65.872797 -14.645445 0.334646,
65.872797 -14.540307 0.334646, 65.858033 -14.514735 0.334646,
65.828506 -14.514735 0.334646, 65.813742 -14.540307 0.334646,
65.813742 -14.934008 0.334646, 65.828506 -14.959579 0.334646,
65.858033 -14.959579 0.334646, 65.859791 -14.956534 0.334646,
66.210254 -14.753502 0.334646, 66.223742 -14.726527 0.334646,
66.235713 -14.714556 0.334646, 66.262688 -14.701069 0.334646,
66.30499 -14.701068 0.334646, 66.331966 -14.714556 0.334646,
66.343936 -14.726527 0.334646, 66.357424 -14.753502 0.334646,
66.357424 -14.852047 0.334646, 66.343936 -14.879022 0.334646,
66.331966 -14.890993 0.334646, 66.30499 -14.90448 0.334646,
66.262688 -14.90448 0.334646, 66.235713 -14.890993 0.334646,
66.223742 -14.879022 0.334646, 66.210254 -14.852047 0.334646,
66.394614 -14.695831 0.334646, 66.390392 -14.693044 0.334646,
66.389083 -14.688157 0.334646, 66.370335 -14.669409 0.334646,
66.365447 -14.6681 0.334646, 66.362661 -14.663878 0.334646,
66.325166 -14.645131 0.334646, 66.318094 -14.645555 0.334646,
66.311961 -14.642013 0.334646, 66.255718 -14.642013 0.334646,
66.249583 -14.645555 0.334646, 66.242513 -14.645131 0.334646,
66.205017 -14.663878 0.334646, 66.202229 -14.6681 0.334646,
66.197343 -14.669409 0.334646, 66.178596 -14.688157 0.334646,
66.177285 -14.693043 0.334646, 66.173065 -14.695831 0.334646,
66.154317 -14.733326 0.334646, 66.154741 -14.740397 0.334646,
66.1512 -14.746531 0.334646, 66.1512 -14.859017 0.334646,
66.154741 -14.865152 0.334646, 66.154317 -14.872222 0.334646,
66.173065 -14.909718 0.334646, 66.177285 -14.912505 0.334646,
66.178596 -14.917392 0.334646, 66.197343 -14.936139 0.334646,
66.202229 -14.937449 0.334646, 66.205017 -14.94167 0.334646,
66.242513 -14.960418 0.334646, 66.249583 -14.959994 0.334646,
66.255718 -14.963535 0.334646, 66.311961 -14.963535 0.334646,
66.318094 -14.959994 0.334646, 66.325166 -14.960418 0.334646,
66.362661 -14.941671 0.334646, 66.365447 -14.937448 0.334646,
66.370335 -14.936139 0.334646, 66.389083 -14.917392 0.334646,
66.390392 -14.912505 0.334646, 66.394614 -14.909718 0.334646,
66.413362 -14.872222 0.334646, 66.412937 -14.865152 0.334646,
66.416479 -14.859017 0.334646, 66.416479 -14.746531 0.334646,
66.412937 -14.740397 0.334646, 66.413362 -14.733326 0.334646,
66.936806 -14.663563 0.334646, 66.92665 -14.645969 0.334646,
66.897122 -14.645969 0.334646, 66.882358 -14.671541 0.334646,
66.882358 -14.934008 0.334646, 66.897122 -14.959579 0.334646,
66.92665 -14.959579 0.334646, 66.941413 -14.934008 0.334646,
66.941413 -14.753502 0.334646, 66.954901 -14.726527 0.334646,
66.966872 -14.714556 0.334646, 66.993847 -14.701069 0.334646,
67.024372 -14.701069 0.334646, 67.049943 -14.686305 0.334646,
67.049943 -14.656777 0.334646, 67.024372 -14.642013 0.334646,
66.986876 -14.642013 0.334646, 66.980742 -14.645555 0.334646,
66.973671 -14.645131 0.334646, 66.917047 -32.872824 0.334646,
66.911089 -32.862505 0.334646, 66.881561 -32.862505 0.334646,
66.866798 -32.888076 0.334646, 66.866798 -33.150543 0.334646,
66.881561 -33.176115 0.334646, 66.911089 -33.176115 0.334646,
66.925853 -33.150543 0.334646, 66.925852 -32.937802 0.334646,
66.932563 -32.931091 0.334646, 66.959539 -32.917604 0.334646,
67.00184 -32.917604 0.334646, 67.024299 -32.928833 0.334646,
67.035527 -32.95129 0.334646, 67.035527 -33.150543 0.334646,
67.050291 -33.176115 0.334646, 67.079818 -33.176115 0.334646,
67.094582 -33.150543 0.334646, 67.094582 -32.944319 0.334646,
67.09104 -32.938185 0.334646, 67.091465 -32.931114 0.334646,
67.072717 -32.893619 0.334646, 67.064761 -32.888366 0.334646,
67.059512 -32.880414 0.334646, 67.022016 -32.861666 0.334646,
67.014944 -32.86209 0.334646, 67.008811 -32.858549 0.334646,
66.952568 -32.858549 0.334646, 66.946434 -32.862091 0.334646,
66.939363 -32.861666 0.334646, 67.467273 -27.468292 0.334646,
67.47504 -27.464407 0.334646, 67.4768 -27.467454 0.334646,
67.506327 -27.467454 0.334646, 67.521091 -27.441882 0.334646,
67.521091 -27.235658 0.334646, 67.517549 -27.229523 0.334646,
67.517974 -27.222453 0.334646, 67.499226 -27.184957 0.334646,
67.491272 -27.179706 0.334646, 67.486021 -27.171752 0.334646,
67.448526 -27.153005 0.334646, 67.441455 -27.153429 0.334646,
67.43532 -27.149887 0.334646, 67.36033 -27.149887 0.334646,
67.354195 -27.153429 0.334646, 67.347125 -27.153005 0.334646,
67.30963 -27.171752 0.334646, 67.29336 -27.196393 0.334646,
67.306565 -27.222804 0.334646, 67.33604 -27.224573 0.334646,
67.367301 -27.208943 0.334646, 67.42835 -27.208942 0.334646,
67.450808 -27.220172 0.334646, 67.462036 -27.242628 0.334646,
67.462037 -27.254904 0.334646, 67.447097 -27.262373 0.334646,
67.36033 -27.262373 0.334646, 67.354195 -27.265915 0.334646,
67.347125 -27.265491 0.334646, 67.30963 -27.284238 0.334646,
67.304378 -27.292192 0.334646, 67.296425 -27.297443 0.334646,
67.277676 -27.334938 0.334646, 67.278103 -27.34201 0.334646,
67.274559 -27.348144 0.334646, 67.274559 -27.385639 0.334646,
67.278103 -27.391774 0.334646, 67.277676 -27.398844 0.334646,
67.296425 -27.43634 0.334646, 67.304378 -27.441591 0.334646,
67.30963 -27.449545 0.334646, 67.347125 -27.468292 0.334646,
67.354195 -27.467868 0.334646, 67.36033 -27.471409 0.334646,
67.454068 -27.471409 0.334646, 67.460203 -27.467868 0.334646,
67.161148 -14.663878 0.334646, 67.15836 -14.6681 0.334646,
67.153474 -14.669409 0.334646, 67.134726 -14.688157 0.334646,
67.133416 -14.693043 0.334646, 67.129195 -14.695831 0.334646,
67.110448 -14.733326 0.334646, 67.110872 -14.740397 0.334646,
67.10733 -14.746531 0.334646, 67.10733 -14.859017 0.334646,
67.110872 -14.865152 0.334646, 67.110448 -14.872222 0.334646,
67.129195 -14.909718 0.334646, 67.133416 -14.912505 0.334646,
67.134726 -14.917392 0.334646, 67.153474 -14.936139 0.334646,
67.15836 -14.937449 0.334646, 67.161148 -14.94167 0.334646,
67.198643 -14.960418 0.334646, 67.205714 -14.959994 0.334646,
67.211848 -14.963535 0.334646, 67.286839 -14.963535 0.334646,
67.292973 -14.959994 0.334646, 67.300044 -14.960418 0.334646,
67.307811 -14.956534 0.334646, 67.30957 -14.959579 0.334646,
67.339098 -14.959579 0.334646, 67.353862 -14.934008 0.334646,
67.353862 -14.540307 0.334646, 67.339098 -14.514735 0.334646,
67.30957 -14.514735 0.334646, 67.294807 -14.540307 0.334646,
67.294807 -14.645445 0.334646, 67.292973 -14.645555 0.334646,
67.286839 -14.642013 0.334646, 67.211848 -14.642013 0.334646,
67.205714 -14.645555 0.334646, 67.198643 -14.645131 0.334646,
67.166385 -14.753502 0.334646, 67.179873 -14.726527 0.334646,
67.191844 -14.714556 0.334646, 67.21882 -14.701069 0.334646,
67.279868 -14.701068 0.334646, 67.294807 -14.708538 0.334646,
67.294805 -14.897011 0.334646, 67.279868 -14.90448 0.334646,
67.21882 -14.904481 0.334646, 67.191844 -14.890993 0.334646,
67.179873 -14.879022 0.334646, 67.166385 -14.852047 0.334646,
68.028776 -14.897011 0.334646, 68.028778 -14.708538 0.334646,
68.043717 -14.701069 0.334646, 68.104765 -14.701068 0.334646,
68.13174 -14.714556 0.334646, 68.143711 -14.726527 0.334646,
68.157199 -14.753502 0.334646, 68.157199 -14.852047 0.334646,
68.143711 -14.879022 0.334646, 68.13174 -14.890993 0.334646,
68.104765 -14.90448 0.334646, 68.043716 -14.90448 0.334646,
68.028778 -14.960104 0.334646, 68.030611 -14.959994 0.334646,
68.036745 -14.963535 0.334646, 68.111736 -14.963535 0.334646,
68.11787 -14.959994 0.334646, 68.124941 -14.960418 0.334646,
68.162436 -14.94167 0.334646, 68.165223 -14.937449 0.334646,
68.17011 -14.936139 0.334646, 68.188858 -14.917392 0.334646,
68.190167 -14.912505 0.334646, 68.194389 -14.909718 0.334646,
68.213137 -14.872222 0.334646, 68.212712 -14.865152 0.334646,
68.216254 -14.859017 0.334646, 68.216254 -14.746531 0.334646,
68.212712 -14.740397 0.334646, 68.213137 -14.733326 0.334646,
68.194389 -14.695831 0.334646, 68.190167 -14.693044 0.334646,
68.188858 -14.688157 0.334646, 68.17011 -14.669409 0.334646,
68.165223 -14.6681 0.334646, 68.162436 -14.663878 0.334646,
68.124941 -14.645131 0.334646, 68.11787 -14.645555 0.334646,
68.111736 -14.642013 0.334646, 68.036745 -14.642013 0.334646,
68.030611 -14.645555 0.334646, 68.02354 -14.645131 0.334646,
68.015772 -14.649015 0.334646, 68.014014 -14.645969 0.334646,
67.984486 -14.645969 0.334646, 67.969722 -14.671541 0.334646,
67.969722 -15.065242 0.334646, 67.984486 -15.090813 0.334646,
68.014014 -15.090813 0.334646, 68.028778 -15.065242 0.334646,
68.366235 -14.753502 0.334646, 68.379723 -14.726527 0.334646,
68.391694 -14.714556 0.334646, 68.418669 -14.701069 0.334646,
68.46097 -14.701068 0.334646, 68.487946 -14.714556 0.334646,
68.499917 -14.726527 0.334646, 68.513405 -14.753502 0.334646,
68.513405 -14.852047 0.334646, 68.499917 -14.879022 0.334646,
68.487946 -14.890993 0.334646, 68.46097 -14.90448 0.334646,
68.418669 -14.90448 0.334646, 68.391694 -14.890993 0.334646,
68.379723 -14.879022 0.334646, 68.366235 -14.852047 0.334646,
68.550595 -14.695831 0.334646, 68.546372 -14.693044 0.334646,
68.545063 -14.688157 0.334646, 68.526316 -14.669409 0.334646,
68.521428 -14.6681 0.334646, 68.518642 -14.663878 0.334646,
68.481146 -14.645131 0.334646, 68.474076 -14.645555 0.334646,
68.467941 -14.642013 0.334646, 68.411698 -14.642013 0.334646,
68.405564 -14.645555 0.334646, 68.398493 -14.645131 0.334646,
68.360998 -14.663878 0.334646, 68.35821 -14.6681 0.334646,
68.353324 -14.669409 0.334646, 68.334576 -14.688157 0.334646,
68.333266 -14.693043 0.334646, 68.329045 -14.695831 0.334646,
68.310298 -14.733326 0.334646, 68.310722 -14.740397 0.334646,
68.30718 -14.746531 0.334646, 68.30718 -14.859017 0.334646,
68.310722 -14.865152 0.334646, 68.310298 -14.872222 0.334646,
68.329045 -14.909718 0.334646, 68.333266 -14.912505 0.334646,
68.334576 -14.917392 0.334646, 68.353324 -14.936139 0.334646,
68.35821 -14.937449 0.334646, 68.360998 -14.94167 0.334646,
68.398493 -14.960418 0.334646, 68.405564 -14.959994 0.334646,
68.411698 -14.963535 0.334646, 68.467941 -14.963535 0.334646,
68.474076 -14.959994 0.334646, 68.481146 -14.960418 0.334646,
68.518642 -14.94167 0.334646, 68.521428 -14.937449 0.334646,
68.526316 -14.936139 0.334646, 68.545063 -14.917392 0.334646,
68.546372 -14.912505 0.334646, 68.550595 -14.909718 0.334646,
68.569342 -14.872222 0.334646, 68.568918 -14.865152 0.334646,
68.572459 -14.859017 0.334646, 68.572459 -14.746531 0.334646,
68.568918 -14.740397 0.334646, 68.569342 -14.733326 0.334646,
68.788145 -14.786798 0.334646, 68.882521 -14.69242 0.334646,
68.890164 -14.663899 0.334646, 68.869284 -14.64302 0.334646,
68.840763 -14.650662 0.334646, 68.741188 -14.750236 0.334646,
68.741189 -14.540307 0.334646, 68.726425 -14.514735 0.334646,
68.696897 -14.514735 0.334646, 68.682133 -14.540307 0.334646,
68.682133 -14.934008 0.334646, 68.696897 -14.959579 0.334646,
68.726425 -14.959579 0.334646, 68.741189 -14.934008 0.334646,
68.741189 -14.833753 0.334646, 68.745963 -14.82898 0.334646,
68.83802 -14.951724 0.334646, 68.865174 -14.963323 0.334646,
68.888796 -14.945607 0.334646, 68.885264 -14.916291 0.334646,
69.072045 -14.545818 0.334646, 69.069998 -14.538176 0.334646,
69.05125 -14.519428 0.334646, 69.047221 -14.518348 0.334646,
69.045135 -14.514735 0.334646, 69.040964 -14.514736 0.334646,
69.038013 -14.511786 0.334646, 69.030371 -14.513833 0.334646,
69.022729 -14.511786 0.334646, 69.019779 -14.514735 0.334646,
69.015607 -14.514735 0.334646, 69.013523 -14.518349 0.334646,
69.009492 -14.519428 0.334646, 68.990744 -14.538176 0.334646,
68.988696 -14.545818 0.334646, 68.983102 -14.551413 0.334646,
68.98515 -14.559055 0.334646, 68.983102 -14.566698 0.334646,
68.988696 -14.572292 0.334646, 68.990744 -14.579934 0.334646,
69.009492 -14.598682 0.334646, 69.013522 -14.599762 0.334646,
69.015607 -14.603374 0.334646, 69.01978 -14.603375 0.334646,
69.022729 -14.606324 0.334646, 69.030372 -14.604277 0.334646,
69.038013 -14.606324 0.334646, 69.040964 -14.603375 0.334646,
69.045135 -14.603374 0.334646, 69.047222 -14.599762 0.334646,
69.05125 -14.598682 0.334646, 69.069998 -14.579934 0.334646,
69.072043 -14.572292 0.334646, 69.07764 -14.566698 0.334646,
69.075592 -14.559055 0.334646, 69.07764 -14.551413 0.334646,
69.059898 -14.671541 0.334646, 69.045135 -14.645969 0.334646,
69.015607 -14.645969 0.334646, 69.000843 -14.671541 0.334646,
69.000843 -14.934008 0.334646, 69.015607 -14.959579 0.334646,
69.045135 -14.959579 0.334646, 69.059898 -14.934008 0.334646,
69.238569 -14.656289 0.334646, 69.232611 -14.645969 0.334646,
69.203084 -14.645969 0.334646, 69.18832 -14.671541 0.334646,
69.18832 -14.934008 0.334646, 69.203084 -14.959579 0.334646,
69.232611 -14.959579 0.334646, 69.247375 -14.934008 0.334646,
69.247375 -14.721267 0.334646, 69.254086 -14.714556 0.334646,
69.281061 -14.701069 0.334646, 69.323362 -14.701068 0.334646,
69.345821 -14.712297 0.334646, 69.35705 -14.734755 0.334646,
69.357049 -14.934008 0.334646, 69.371813 -14.959579 0.334646,
69.40134 -14.959579 0.334646, 69.416104 -14.934008 0.334646,
69.416104 -14.727784 0.334646, 69.412562 -14.721649 0.334646,
69.412987 -14.714579 0.334646, 69.394239 -14.677083 0.334646,
69.386285 -14.671832 0.334646, 69.381034 -14.663878 0.334646,
69.343539 -14.645131 0.334646, 69.336468 -14.645555 0.334646,
69.330333 -14.642013 0.334646, 69.274091 -14.642013 0.334646,
69.267956 -14.645555 0.334646, 69.260885 -14.645131 0.334646,
69.713256 -14.960104 0.334646, 69.713256 -14.983281 0.334646,
69.699767 -15.010256 0.334646, 69.687796 -15.022227 0.334646,
69.66082 -15.035714 0.334646, 69.618518 -15.035714 0.334646,
69.587258 -15.020084 0.334646, 69.557784 -15.021853 0.334646,
69.544579 -15.048263 0.334646, 69.560848 -15.072904 0.334646,
69.598343 -15.091652 0.334646, 69.605414 -15.091228 0.334646,
69.611548 -15.094769 0.334646, 69.667791 -15.094769 0.334646,
69.673926 -15.091228 0.334646, 69.680996 -15.091652 0.334646,
69.718492 -15.072904 0.334646, 69.721278 -15.068682 0.334646,
69.726166 -15.067373 0.334646, 69.744913 -15.048626 0.334646,
69.746222 -15.043739 0.334646, 69.750445 -15.040952 0.334646,
69.769192 -15.003456 0.334646, 69.768768 -14.996386 0.334646,
69.772309 -14.990251 0.334646, 69.772309 -14.671541 0.334646,
69.757546 -14.645969 0.334646, 69.728018 -14.645969 0.334646,
69.726258 -14.649014 0.334646, 69.718492 -14.645131 0.334646,
69.711421 -14.645555 0.334646, 69.705287 -14.642013 0.334646,
69.630296 -14.642013 0.334646, 69.624162 -14.645555 0.334646,
69.617091 -14.645131 0.334646, 69.579596 -14.663878 0.334646,
69.576808 -14.6681 0.334646, 69.571922 -14.669409 0.334646,
69.553174 -14.688157 0.334646, 69.551864 -14.693043 0.334646,
69.547643 -14.695831 0.334646, 69.528895 -14.733326 0.334646,
69.52932 -14.740397 0.334646, 69.525778 -14.746531 0.334646,
69.525778 -14.859017 0.334646, 69.52932 -14.865152 0.334646,
69.528895 -14.872222 0.334646, 69.547643 -14.909718 0.334646,
69.551864 -14.912505 0.334646, 69.553174 -14.917392 0.334646,
69.571922 -14.936139 0.334646, 69.576808 -14.937449 0.334646,
69.579596 -14.94167 0.334646, 69.617091 -14.960418 0.334646,
69.624162 -14.959994 0.334646, 69.630296 -14.963535 0.334646,
69.705287 -14.963535 0.334646, 69.711421 -14.959994 0.334646,
69.713255 -14.708538 0.334646, 69.713253 -14.897011 0.334646,
69.698316 -14.90448 0.334646, 69.637268 -14.904481 0.334646,
69.610292 -14.890993 0.334646, 69.59832 -14.879022 0.334646,
69.584832 -14.852047 0.334646, 69.584832 -14.753502 0.334646,
69.59832 -14.726527 0.334646, 69.610292 -14.714556 0.334646,
69.637268 -14.701069 0.334646, 69.698316 -14.701068 0.334646,
69.604659 -34.52454 0.334646, 69.634186 -34.52454 0.334646,
69.64895 -34.498969 0.334646, 69.64895 -34.292744 0.334646,
69.645408 -34.28661 0.334646, 69.645833 -34.279539 0.334646,
69.627085 -34.242044 0.334646, 69.619131 -34.236793 0.334646,
69.61388 -34.228839 0.334646, 69.576385 -34.210091 0.334646,
69.569314 -34.210516 0.334646, 69.56318 -34.206974 0.334646,
69.506937 -34.206974 0.334646, 69.500801 -34.210515 0.334646,
69.493732 -34.210091 0.334646, 69.48022 -34.216846 0.334646,
69.480221 -34.105268 0.334646, 69.465457 -34.079696 0.334646,
69.43593 -34.079696 0.334646, 69.421166 -34.105268 0.334646,
69.421166 -34.498969 0.334646, 69.43593 -34.52454 0.334646,
69.465457 -34.52454 0.334646, 69.480221 -34.498969 0.334646,
69.480222 -34.286228 0.334646, 69.486932 -34.279517 0.334646,
69.513908 -34.26603 0.334646, 69.556208 -34.266029 0.334646,
69.578667 -34.277258 0.334646, 69.589896 -34.299716 0.334646,
69.589895 -34.498969 0.334646, 71.887255 -14.72165 0.334646,
71.887677 -14.714579 0.334646, 71.868929 -14.677083 0.334646,
71.860976 -14.671832 0.334646, 71.855724 -14.663878 0.334646,
71.818229 -14.645131 0.334646, 71.811158 -14.645555 0.334646,
71.805024 -14.642013 0.334646, 71.748781 -14.642013 0.334646,
71.742647 -14.645555 0.334646, 71.735576 -14.645131 0.334646,
71.722066 -14.651886 0.334646, 71.722066 -14.540307 0.334646,
71.707302 -14.514735 0.334646, 71.677774 -14.514735 0.334646,
71.663011 -14.540307 0.334646, 71.663011 -14.934008 0.334646,
71.677774 -14.959579 0.334646, 71.707302 -14.959579 0.334646,
71.722066 -14.934008 0.334646, 71.722067 -14.721267 0.334646,
71.728776 -14.714556 0.334646, 71.755752 -14.701069 0.334646,
71.798052 -14.701068 0.334646, 71.820509 -14.712297 0.334646,
71.831739 -14.734754 0.334646, 71.83174 -14.934008 0.334646,
71.846504 -14.959579 0.334646, 71.876031 -14.959579 0.334646,
71.890795 -14.934008 0.334646, 71.890795 -14.727784 0.334646,
72.059522 -14.734754 0.334646, 72.070753 -14.712297 0.334646,
72.093211 -14.701069 0.334646, 72.154259 -14.701068 0.334646,
72.176717 -14.712297 0.334646, 72.187944 -14.734754 0.334646,
72.187945 -14.741072 0.334646, 72.059524 -14.766757 0.334646,
72.00401 -14.721649 0.334646, 72.000469 -14.727784 0.334646,
72.000469 -14.877765 0.334646, 72.00401 -14.883899 0.334646,
72.003586 -14.89097 0.334646, 72.022333 -14.928465 0.334646,
72.030287 -14.933717 0.334646, 72.035539 -14.94167 0.334646,
72.073034 -14.960418 0.334646, 72.080105 -14.959994 0.334646,
72.086239 -14.963535 0.334646, 72.16123 -14.963535 0.334646,
72.167364 -14.959994 0.334646, 72.174435 -14.960418 0.334646,
72.21193 -14.94167 0.334646, 72.228199 -14.917029 0.334646,
72.214994 -14.890619 0.334646, 72.18552 -14.88885 0.334646,
72.154259 -14.90448 0.334646, 72.093211 -14.904481 0.334646,
72.070753 -14.893252 0.334646, 72.059522 -14.870794 0.334646,
72.059524 -14.826981 0.334646, 72.223263 -14.794233 0.334646,
72.227112 -14.790851 0.334646, 72.232236 -14.790851 0.334646,
72.237514 -14.781709 0.334646, 72.245443 -14.774741 0.334646,
72.244438 -14.769717 0.334646, 72.247 -14.765279 0.334646,
72.247 -14.727784 0.334646, 72.243458 -14.721649 0.334646,
72.243883 -14.714579 0.334646, 72.225135 -14.677083 0.334646,
72.217181 -14.671832 0.334646, 72.21193 -14.663878 0.334646,
72.174435 -14.645131 0.334646, 72.167364 -14.645555 0.334646,
72.16123 -14.642013 0.334646, 72.086239 -14.642013 0.334646,
72.080105 -14.645555 0.334646, 72.073034 -14.645131 0.334646,
72.035539 -14.663878 0.334646, 72.030287 -14.671832 0.334646,
72.022333 -14.677083 0.334646, 72.003586 -14.714579 0.334646,
72.700928 -14.514735 0.334646, 72.6714 -14.514735 0.334646,
72.656637 -14.540307 0.334646, 72.656638 -14.642014 0.334646,
72.629921 -14.642013 0.334646, 72.604349 -14.656777 0.334646,
72.604349 -14.686305 0.334646, 72.629921 -14.701069 0.334646,
72.656638 -14.701069 0.334646, 72.656637 -14.877765 0.334646,
72.660178 -14.883899 0.334646, 72.659754 -14.89097 0.334646,
72.678502 -14.928465 0.334646, 72.686455 -14.933717 0.334646,
72.691707 -14.94167 0.334646, 72.729202 -14.960418 0.334646,
72.736273 -14.959994 0.334646, 72.742407 -14.963535 0.334646,
72.779902 -14.963535 0.334646, 72.805474 -14.948772 0.334646,
72.805474 -14.919244 0.334646, 72.779902 -14.90448 0.334646,
72.749378 -14.90448 0.334646, 72.726921 -14.893252 0.334646,
72.715692 -14.870794 0.334646, 72.715691 -14.701068 0.334646,
72.779902 -14.701069 0.334646, 72.805474 -14.686305 0.334646,
72.805474 -14.656777 0.334646, 72.779902 -14.642013 0.334646,
72.715692 -14.642013 0.334646, 72.715692 -14.540307 0.334646,
72.921915 -14.753502 0.334646, 72.935403 -14.726527 0.334646,
72.947374 -14.714556 0.334646, 72.97435 -14.701069 0.334646,
73.016651 -14.701068 0.334646, 73.043628 -14.714556 0.334646,
73.055597 -14.726527 0.334646, 73.069085 -14.753502 0.334646,
73.069085 -14.852047 0.334646, 73.055597 -14.879022 0.334646,
73.043628 -14.890993 0.334646, 73.016651 -14.90448 0.334646,
72.97435 -14.90448 0.334646, 72.947374 -14.890993 0.334646,
72.935403 -14.879022 0.334646, 72.921915 -14.852047 0.334646,
73.106275 -14.695831 0.334646, 73.102053 -14.693044 0.334646,
73.100744 -14.688157 0.334646, 73.081996 -14.669409 0.334646,
73.077108 -14.6681 0.334646, 73.074322 -14.663878 0.334646,
73.036827 -14.645131 0.334646, 73.029755 -14.645555 0.334646,
73.023622 -14.642013 0.334646, 72.967379 -14.642013 0.334646,
72.961244 -14.645555 0.334646, 72.954174 -14.645131 0.334646,
72.916678 -14.663878 0.334646, 72.91389 -14.6681 0.334646,
72.909004 -14.669409 0.334646, 72.890257 -14.688157 0.334646,
72.888946 -14.693043 0.334646, 72.884726 -14.695831 0.334646,
72.865978 -14.733326 0.334646, 72.866402 -14.740397 0.334646,
72.862861 -14.746531 0.334646, 72.862861 -14.859017 0.334646,
72.866402 -14.865152 0.334646, 72.865978 -14.872222 0.334646,
72.884726 -14.909718 0.334646, 72.888946 -14.912505 0.334646,
72.890257 -14.917392 0.334646, 72.909004 -14.936139 0.334646,
72.91389 -14.937449 0.334646, 72.916678 -14.94167 0.334646,
72.954174 -14.960418 0.334646, 72.961244 -14.959994 0.334646,
72.967379 -14.963535 0.334646, 73.023622 -14.963535 0.334646,
73.029755 -14.959994 0.334646, 73.036827 -14.960418 0.334646,
73.074322 -14.941671 0.334646, 73.077108 -14.937448 0.334646,
73.081996 -14.936139 0.334646, 73.100744 -14.917392 0.334646,
73.102053 -14.912505 0.334646, 73.106275 -14.909718 0.334646,
73.125023 -14.872222 0.334646, 73.124598 -14.865152 0.334646,
73.12814 -14.859017 0.334646, 73.12814 -14.746531 0.334646,
73.124598 -14.740397 0.334646, 73.125023 -14.733326 0.334646,
73.296868 -14.897011 0.334646, 73.296869 -14.708538 0.334646,
73.311808 -14.701069 0.334646, 73.372856 -14.701068 0.334646,
73.399832 -14.714556 0.334646, 73.411803 -14.726527 0.334646,
73.42529 -14.753502 0.334646, 73.42529 -14.852047 0.334646,
73.411803 -14.879022 0.334646, 73.399832 -14.890993 0.334646,
73.372856 -14.90448 0.334646, 73.311808 -14.90448 0.334646,
73.296869 -14.960104 0.334646, 73.298702 -14.959994 0.334646,
73.304837 -14.963535 0.334646, 73.379827 -14.963535 0.334646,
73.385962 -14.959994 0.334646, 73.393032 -14.960418 0.334646,
73.430528 -14.94167 0.334646, 73.433316 -14.937449 0.334646,
73.438201 -14.93614 0.334646, 73.456949 -14.917392 0.334646,
73.458259 -14.912505 0.334646, 73.462481 -14.909718 0.334646,
73.481228 -14.872222 0.334646, 73.480804 -14.865152 0.334646,
73.484346 -14.859017 0.334646, 73.484346 -14.746531 0.334646,
73.480804 -14.740397 0.334646, 73.481228 -14.733326 0.334646,
73.462481 -14.695831 0.334646, 73.458259 -14.693044 0.334646,
73.456949 -14.688157 0.334646, 73.438201 -14.669409 0.334646,
73.433316 -14.6681 0.334646, 73.430528 -14.663878 0.334646,
73.393032 -14.645131 0.334646, 73.385962 -14.645555 0.334646,
73.379827 -14.642013 0.334646, 73.304837 -14.642013 0.334646,
73.298702 -14.645555 0.334646, 73.291631 -14.645131 0.334646,
73.283863 -14.649015 0.334646, 73.282105 -14.645969 0.334646,
73.252578 -14.645969 0.334646, 73.237814 -14.671541 0.334646,
73.237814 -15.065242 0.334646, 73.252578 -15.090813 0.334646,
73.282105 -15.090813 0.334646, 73.296869 -15.065242 0.334646,
59.12371 -29.139401 0.334646, 59.119488 -29.136613 0.334646,
59.118179 -29.131727 0.334646, 59.099431 -29.112979 0.334646,
59.094544 -29.111669 0.334646, 59.091758 -29.107448 0.334646,
59.054262 -29.0887 0.334646, 59.047193 -29.089125 0.334646,
59.041057 -29.085583 0.334646, 58.909824 -29.085583 0.334646,
58.902974 -29.08954 0.334646, 58.89506 -29.089539 0.334646,
58.891106 -29.096392 0.334646, 58.884252 -29.100346 0.334646,
58.884254 -29.108259 0.334646, 58.880296 -29.11511 0.334646,
58.880296 -29.508811 0.334646, 58.884254 -29.515664 0.334646,
58.884252 -29.523575 0.334646, 58.891106 -29.527532 0.334646,
58.89506 -29.534383 0.334646, 58.902974 -29.534384 0.334646,
58.909824 -29.538339 0.334646, 59.059805 -29.538339 0.334646,
59.065939 -29.534797 0.334646, 59.07301 -29.535221 0.334646,
59.110505 -29.516474 0.334646, 59.113292 -29.512251 0.334646,
59.118179 -29.510943 0.334646, 59.136927 -29.492195 0.334646,
59.138236 -29.487308 0.334646, 59.142458 -29.484521 0.334646,
59.161206 -29.447026 0.334646, 59.160781 -29.439955 0.334646,
59.164323 -29.43382 0.334646, 59.164323 -29.377578 0.334646,
59.160781 -29.371443 0.334646, 59.161206 -29.364372 0.334646,
59.142458 -29.326877 0.334646, 59.138236 -29.324089 0.334646,
59.136927 -29.319203 0.334646, 59.118179 -29.300456 0.334646,
59.111336 -29.298622 0.334646, 59.108606 -29.295543 0.334646,
59.118179 -29.285971 0.334646, 59.119488 -29.281084 0.334646,
59.12371 -29.278297 0.334646, 59.142458 -29.240802 0.334646,
59.142033 -29.233731 0.334646, 59.145575 -29.227596 0.334646,
59.145575 -29.190101 0.334646, 59.142033 -29.183967 0.334646,
59.142458 -29.176896 0.334646, 59.451532 -29.524063 0.334646,
59.457489 -29.534383 0.334646, 59.487017 -29.534383 0.334646,
59.501781 -29.508811 0.334646, 59.501781 -29.246344 0.334646,
59.487017 -29.220772 0.334646, 59.457489 -29.220772 0.334646,
59.442726 -29.246344 0.334646, 59.442726 -29.459085 0.334646,
59.436015 -29.465796 0.334646, 59.409039 -29.479283 0.334646,
59.366738 -29.479284 0.334646, 59.344281 -29.468055 0.334646,
59.333052 -29.445598 0.334646, 59.333052 -29.246344 0.334646,
59.318288 -29.220772 0.334646, 59.288761 -29.220772 0.334646,
59.273997 -29.246344 0.334646, 59.273997 -29.452568 0.334646,
59.277539 -29.458703 0.334646, 59.277114 -29.465773 0.334646,
59.295862 -29.503269 0.334646, 59.303815 -29.50852 0.334646,
59.309067 -29.516474 0.334646, 59.346562 -29.535221 0.334646,
59.353633 -29.534797 0.334646, 59.359767 -29.538339 0.334646,
59.41601 -29.538339 0.334646, 59.422145 -29.534797 0.334646,
59.429215 -29.535221 0.334646, 58.939351 -29.273059 0.334646,
58.939353 -29.144638 0.334646, 59.034086 -29.144637 0.334646,
59.061062 -29.158126 0.334646, 59.073033 -29.170097 0.334646,
59.08652 -29.197072 0.334646, 59.08652 -29.220626 0.334646,
59.073033 -29.247601 0.334646, 59.061061 -29.259572 0.334646,
59.034087 -29.27306 0.334646, 59.105268 -29.42685 0.334646,
59.09178 -29.453825 0.334646, 59.079809 -29.465796 0.334646,
59.052833 -29.479283 0.334646, 58.939351 -29.479283 0.334646,
58.939352 -29.332115 0.334646, 59.036265 -29.332114 0.334646,
59.08135 -29.347143 0.334646, 59.09178 -29.357573 0.334646,
59.105268 -29.384548 0.334646, 59.684651 -29.238366 0.334646,
59.674494 -29.220772 0.334646, 59.644966 -29.220772 0.334646,
59.630202 -29.246344 0.334646, 59.630202 -29.508811 0.334646,
59.644966 -29.534383 0.334646, 59.674494 -29.534383 0.334646,
59.689257 -29.508811 0.334646, 59.689257 -29.328305 0.334646,
59.702745 -29.30133 0.334646, 59.714716 -29.289359 0.334646,
59.741691 -29.275872 0.334646, 59.772216 -29.275872 0.334646,
59.797787 -29.261108 0.334646, 59.797787 -29.23158 0.334646,
59.772216 -29.216817 0.334646, 59.73472 -29.216817 0.334646,
59.728586 -29.220358 0.334646, 59.721515 -29.219934 0.334646,
59.945124 -29.120621 0.334646, 59.943076 -29.112979 0.334646,
59.924329 -29.094231 0.334646, 59.920299 -29.093152 0.334646,
59.918213 -29.089539 0.334646, 59.914042 -29.089539 0.334646,
59.911091 -29.086589 0.334646, 59.903449 -29.088636 0.334646,
59.895807 -29.086589 0.334646, 59.892857 -29.089539 0.334646,
59.888685 -29.089539 0.334646, 59.886601 -29.093152 0.334646,
59.88257 -29.094231 0.334646, 59.863822 -29.112979 0.334646,
59.861775 -29.120622 0.334646, 59.85618 -29.126216 0.334646,
59.858228 -29.133858 0.334646, 59.85618 -29.141501 0.334646,
59.861775 -29.147095 0.334646, 59.863822 -29.154737 0.334646,
59.88257 -29.173485 0.334646, 59.8866 -29.174565 0.334646,
59.888685 -29.178178 0.334646, 59.892858 -29.178178 0.334646,
59.895807 -29.181127 0.334646, 59.90345 -29.17908 0.334646,
59.911092 -29.181127 0.334646, 59.914042 -29.178178 0.334646,
59.918213 -29.178178 0.334646, 59.9203 -29.174565 0.334646,
59.924328 -29.173485 0.334646, 59.943076 -29.154737 0.334646,
59.945122 -29.147094 0.334646, 59.950718 -29.141501 0.334646,
59.94867 -29.133858 0.334646, 59.950718 -29.126216 0.334646,
60.010617 -14.575671 0.334646, 60.009307 -14.580557 0.334646,
60.005086 -14.583345 0.334646, 59.986338 -14.62084 0.334646,
59.98655 -14.624354 0.334646, 59.984102 -14.626884 0.334646,
59.965354 -14.701875 0.334646, 59.966432 -14.705642 0.334646,
59.964473 -14.709036 0.334646, 59.964473 -14.765279 0.334646,
59.966432 -14.768673 0.334646, 59.965354 -14.772441 0.334646,
59.984102 -14.847431 0.334646, 59.98655 -14.849962 0.334646,
59.986338 -14.853475 0.334646, 60.005086 -14.89097 0.334646,
60.009307 -14.893757 0.334646, 60.010617 -14.898644 0.334646,
60.048112 -14.936139 0.334646, 60.054954 -14.937973 0.334646,
60.059654 -14.943273 0.334646, 60.115897 -14.96202 0.334646,
60.120852 -14.961006 0.334646, 60.125234 -14.963535 0.334646,
60.16273 -14.963535 0.334646, 60.16711 -14.961006 0.334646,
60.172067 -14.96202 0.334646, 60.22831 -14.943273 0.334646,
60.23301 -14.937973 0.334646, 60.239852 -14.936139 0.334646,
60.258599 -14.917392 0.334646, 60.261547 -14.906382 0.334646,
60.267248 -14.896513 0.334646, 60.267248 -14.765279 0.334646,
60.263294 -14.758428 0.334646, 60.263292 -14.750515 0.334646,
60.256442 -14.74656 0.334646, 60.252484 -14.739708 0.334646,
60.244574 -14.739708 0.334646, 60.23772 -14.735752 0.334646,
60.16273 -14.735752 0.334646, 60.137158 -14.750515 0.334646,
60.137158 -14.780043 0.334646, 60.16273 -14.794807 0.334646,
60.208194 -14.794807 0.334646, 60.208193 -14.884282 0.334646,
60.203022 -14.889452 0.334646, 60.157937 -14.90448 0.334646,
60.130025 -14.90448 0.334646, 60.084941 -14.889452 0.334646,
60.055762 -14.860274 0.334646, 60.040607 -14.829963 0.334646,
60.023528 -14.761644 0.334646, 60.023527 -14.712671 0.334646,
60.040607 -14.644352 0.334646, 60.055762 -14.614041 0.334646,
60.084941 -14.584863 0.334646, 60.130025 -14.569834 0.334646,
60.174506 -14.569835 0.334646, 60.205767 -14.585465 0.334646,
60.235242 -14.583696 0.334646, 60.248447 -14.557286 0.334646,
60.232178 -14.532645 0.334646, 60.194683 -14.513897 0.334646,
60.187613 -14.514322 0.334646, 60.181477 -14.51078 0.334646,
60.125234 -14.51078 0.334646, 60.120853 -14.513309 0.334646,
60.115897 -14.512295 0.334646, 60.059654 -14.531043 0.334646,
60.054954 -14.536343 0.334646, 60.048112 -14.538176 0.334646,
60.101705 -29.309557 0.334646, 60.112935 -29.287101 0.334646,
60.135393 -29.275872 0.334646, 60.196441 -29.275872 0.334646,
60.218899 -29.287101 0.334646, 60.230127 -29.309557 0.334646,
60.230128 -29.315876 0.334646, 60.101706 -29.34156 0.334646,
60.046193 -29.296453 0.334646, 60.042651 -29.302587 0.334646,
60.042651 -29.452568 0.334646, 60.046193 -29.458703 0.334646,
60.045768 -29.465773 0.334646, 60.064516 -29.503269 0.334646,
60.072469 -29.50852 0.334646, 60.077721 -29.516474 0.334646,
60.115216 -29.535221 0.334646, 60.122287 -29.534797 0.334646,
60.128421 -29.538339 0.334646, 60.203412 -29.538339 0.334646,
60.209546 -29.534797 0.334646, 60.216617 -29.535221 0.334646,
60.254112 -29.516474 0.334646, 60.270382 -29.491833 0.334646,
60.257176 -29.465422 0.334646, 60.227702 -29.463653 0.334646,
60.196441 -29.479283 0.334646, 60.135393 -29.479284 0.334646,
60.112935 -29.468055 0.334646, 60.101705 -29.445597 0.334646,
60.101706 -29.401785 0.334646, 60.265446 -29.369036 0.334646,
60.269294 -29.365654 0.334646, 60.274419 -29.365654 0.334646,
60.279696 -29.356512 0.334646, 60.287625 -29.349544 0.334646,
60.28662 -29.34452 0.334646, 60.289182 -29.340082 0.334646,
60.289182 -29.302587 0.334646, 60.285641 -29.296453 0.334646,
60.286065 -29.289382 0.334646, 60.267317 -29.251887 0.334646,
60.259364 -29.246635 0.334646, 60.254112 -29.238681 0.334646,
60.216617 -29.219934 0.334646, 60.209546 -29.220358 0.334646,
60.203412 -29.216817 0.334646, 60.128421 -29.216817 0.334646,
60.122287 -29.220358 0.334646, 60.115216 -29.219934 0.334646,
60.077721 -29.238681 0.334646, 60.072469 -29.246635 0.334646,
60.064516 -29.251887 0.334646, 60.045768 -29.289382 0.334646,
60.544507 -14.656777 0.334646, 60.518935 -14.642013 0.334646,
60.48144 -14.642013 0.334646, 60.475305 -14.645555 0.334646,
60.468235 -14.645131 0.334646, 60.43137 -14.663563 0.334646,
60.421213 -14.645969 0.334646, 60.391685 -14.645969 0.334646,
60.376921 -14.671541 0.334646, 60.376921 -14.934008 0.334646,
60.391685 -14.959579 0.334646, 60.421213 -14.959579 0.334646,
60.435976 -14.934008 0.334646, 60.435976 -14.753502 0.334646,
60.449465 -14.726527 0.334646, 60.461436 -14.714556 0.334646,
60.48841 -14.701069 0.334646, 60.518935 -14.701069 0.334646,
60.544507 -14.686305 0.334646, 59.932977 -29.246344 0.334646,
59.918213 -29.220772 0.334646, 59.888685 -29.220772 0.334646,
59.873922 -29.246344 0.334646, 59.873922 -29.508811 0.334646,
59.888685 -29.534383 0.334646, 59.918213 -29.534383 0.334646,
59.932977 -29.508811 0.334646, 60.433926 -29.238681 0.334646,
60.431138 -29.242903 0.334646, 60.426252 -29.244213 0.334646,
60.407505 -29.26296 0.334646, 60.406194 -29.267846 0.334646,
60.401974 -29.270634 0.334646, 60.383226 -29.30813 0.334646,
60.38365 -29.3152 0.334646, 60.380109 -29.321335 0.334646,
60.380109 -29.43382 0.334646, 60.38365 -29.439955 0.334646,
60.383226 -29.447026 0.334646, 60.401974 -29.484521 0.334646,
60.406194 -29.487308 0.334646, 60.407505 -29.492195 0.334646,
60.426252 -29.510943 0.334646, 60.431138 -29.512252 0.334646,
60.433926 -29.516474 0.334646, 60.471422 -29.535221 0.334646,
60.478492 -29.534797 0.334646, 60.484627 -29.538339 0.334646,
60.559617 -29.538339 0.334646, 60.565752 -29.534797 0.334646,
60.572822 -29.535221 0.334646, 60.580589 -29.531337 0.334646,
60.582349 -29.534383 0.334646, 60.611876 -29.534383 0.334646,
60.62664 -29.508811 0.334646, 60.62664 -29.11511 0.334646,
60.611876 -29.089539 0.334646, 60.582349 -29.089539 0.334646,
60.567585 -29.11511 0.334646, 60.567585 -29.220248 0.334646,
60.565752 -29.220358 0.334646, 60.559617 -29.216817 0.334646,
60.484627 -29.216817 0.334646, 60.478492 -29.220358 0.334646,
60.471422 -29.219934 0.334646, 60.439163 -29.328305 0.334646,
60.452651 -29.30133 0.334646, 60.464622 -29.289359 0.334646,
60.491598 -29.275872 0.334646, 60.552647 -29.275872 0.334646,
60.567586 -29.283341 0.334646, 60.567584 -29.471814 0.334646,
60.552647 -29.479283 0.334646, 60.491598 -29.479284 0.334646,
60.464622 -29.465796 0.334646, 60.452651 -29.453825 0.334646,
60.439163 -29.42685 0.334646, 61.461479 -29.231092 0.334646,
61.455521 -29.220772 0.334646, 61.425993 -29.220772 0.334646,
61.41123 -29.246344 0.334646, 61.41123 -29.508811 0.334646,
61.425993 -29.534383 0.334646, 61.455521 -29.534383 0.334646,
61.470285 -29.508811 0.334646, 61.470284 -29.29607 0.334646,
61.476995 -29.289359 0.334646, 61.503972 -29.275872 0.334646,
61.546272 -29.275871 0.334646, 61.568731 -29.287101 0.334646,
61.57996 -29.309558 0.334646, 61.579959 -29.508811 0.334646,
61.594722 -29.534383 0.334646, 61.62425 -29.534383 0.334646,
61.639014 -29.508811 0.334646, 61.639014 -29.302587 0.334646,
61.635472 -29.296453 0.334646, 61.635896 -29.289382 0.334646,
61.617149 -29.251887 0.334646, 61.609195 -29.246635 0.334646,
61.603944 -29.238681 0.334646, 61.566448 -29.219934 0.334646,
61.559378 -29.220358 0.334646, 61.553243 -29.216817 0.334646,
61.497 -29.216817 0.334646, 61.490866 -29.220358 0.334646,
61.483795 -29.219934 0.334646, 61.802505 -29.238681 0.334646,
61.799717 -29.242903 0.334646, 61.794831 -29.244213 0.334646,
61.776083 -29.26296 0.334646, 61.774773 -29.267846 0.334646,
61.770552 -29.270634 0.334646, 61.751805 -29.30813 0.334646,
61.752229 -29.3152 0.334646, 61.748687 -29.321335 0.334646,
61.748687 -29.43382 0.334646, 61.752229 -29.439955 0.334646,
61.751805 -29.447026 0.334646, 61.770552 -29.484521 0.334646,
61.774773 -29.487308 0.334646, 61.776083 -29.492195 0.334646,
61.794831 -29.510943 0.334646, 61.799717 -29.512252 0.334646,
61.802505 -29.516474 0.334646, 61.84 -29.535221 0.334646,
61.847071 -29.534797 0.334646, 61.853206 -29.538339 0.334646,
61.928196 -29.538339 0.334646, 61.934331 -29.534797 0.334646,
61.941402 -29.535221 0.334646, 61.949168 -29.531337 0.334646,
61.950928 -29.534383 0.334646, 61.980456 -29.534383 0.334646,
61.995219 -29.508811 0.334646, 61.995219 -29.11511 0.334646,
61.980456 -29.089539 0.334646, 61.950928 -29.089539 0.334646,
61.936164 -29.11511 0.334646, 61.936164 -29.220248 0.334646,
61.934331 -29.220358 0.334646, 61.928196 -29.216817 0.334646,
61.853206 -29.216817 0.334646, 61.847071 -29.220358 0.334646,
61.84 -29.219934 0.334646, 61.807742 -29.328305 0.334646,
61.82123 -29.30133 0.334646, 61.833201 -29.289359 0.334646,
61.860177 -29.275872 0.334646, 61.921226 -29.275872 0.334646,
61.936165 -29.283341 0.334646, 61.936163 -29.471814 0.334646,
61.921226 -29.479283 0.334646, 61.860177 -29.479284 0.334646,
61.833201 -29.465796 0.334646, 61.82123 -29.453825 0.334646,
61.807742 -29.42685 0.334646, 62.163947 -29.341559 0.334646,
62.163948 -29.309558 0.334646, 62.175178 -29.287101 0.334646,
62.197635 -29.275872 0.334646, 62.258684 -29.275872 0.334646,
62.281142 -29.287101 0.334646, 62.292369 -29.309557 0.334646,
62.29237 -29.315876 0.334646, 62.108435 -29.296453 0.334646,
62.104893 -29.302587 0.334646, 62.104893 -29.452568 0.334646,
62.108435 -29.458703 0.334646, 62.10801 -29.465773 0.334646,
62.126758 -29.503269 0.334646, 62.134712 -29.50852 0.334646,
62.139963 -29.516474 0.334646, 62.177458 -29.535221 0.334646,
62.184529 -29.534797 0.334646, 62.190663 -29.538339 0.334646,
62.265654 -29.538339 0.334646, 62.271787 -29.534796 0.334646,
62.278859 -29.535221 0.334646, 62.316355 -29.516474 0.334646,
62.332624 -29.491833 0.334646, 62.319419 -29.465422 0.334646,
62.289945 -29.463653 0.334646, 62.258684 -29.479284 0.334646,
62.197635 -29.479284 0.334646, 62.175177 -29.468055 0.334646,
62.163947 -29.445597 0.334646, 62.163947 -29.401784 0.334646,
62.327688 -29.369036 0.334646, 62.331538 -29.365654 0.334646,
62.336661 -29.365654 0.334646, 62.341939 -29.356513 0.334646,
62.349868 -29.349544 0.334646, 62.348863 -29.34452 0.334646,
62.351425 -29.340082 0.334646, 62.351425 -29.302587 0.334646,
62.347883 -29.296453 0.334646, 62.348307 -29.289382 0.334646,
62.32956 -29.251887 0.334646, 62.321604 -29.246634 0.334646,
62.316355 -29.238681 0.334646, 62.278859 -29.219934 0.334646,
62.271787 -29.220358 0.334646, 62.265654 -29.216817 0.334646,
62.190663 -29.216817 0.334646, 62.184529 -29.220358 0.334646,
62.177458 -29.219934 0.334646, 62.139963 -29.238681 0.334646,
62.134712 -29.246635 0.334646, 62.126758 -29.251887 0.334646,
62.10801 -29.289382 0.334646, 62.515547 -29.238366 0.334646,
62.50539 -29.220772 0.334646, 62.475862 -29.220772 0.334646,
62.461098 -29.246344 0.334646, 62.461098 -29.508811 0.334646,
62.475862 -29.534383 0.334646, 62.50539 -29.534383 0.334646,
62.520154 -29.508811 0.334646, 62.520153 -29.328305 0.334646,
62.533641 -29.30133 0.334646, 62.545612 -29.289359 0.334646,
62.572587 -29.275872 0.334646, 62.603112 -29.275872 0.334646,
62.628683 -29.261108 0.334646, 62.628683 -29.23158 0.334646,
62.603112 -29.216817 0.334646, 62.565617 -29.216817 0.334646,
62.559482 -29.220358 0.334646, 62.552411 -29.219934 0.334646,
63.401292 -29.341559 0.334646, 63.401294 -29.309558 0.334646,
63.412523 -29.287101 0.334646, 63.43498 -29.275872 0.334646,
63.496029 -29.275872 0.334646, 63.518487 -29.287101 0.334646,
63.529714 -29.309557 0.334646, 63.529715 -29.315875 0.334646,
63.34578 -29.296453 0.334646, 63.342238 -29.302587 0.334646,
63.342238 -29.452568 0.334646, 63.34578 -29.458703 0.334646,
63.345355 -29.465773 0.334646, 63.364103 -29.503269 0.334646,
63.372057 -29.50852 0.334646, 63.377308 -29.516474 0.334646,
63.414804 -29.535221 0.334646, 63.421874 -29.534797 0.334646,
63.428009 -29.538339 0.334646, 63.503 -29.538339 0.334646,
63.509134 -29.534797 0.334646, 63.516205 -29.535221 0.334646,
63.5537 -29.516474 0.334646, 63.569969 -29.491833 0.334646,
63.556764 -29.465422 0.334646, 63.52729 -29.463653 0.334646,
63.496029 -29.479283 0.334646, 63.43498 -29.479284 0.334646,
63.412523 -29.468055 0.334646, 63.401292 -29.445597 0.334646,
63.401292 -29.401784 0.334646, 63.565033 -29.369036 0.334646,
63.568883 -29.365654 0.334646, 63.574006 -29.365654 0.334646,
63.579284 -29.356513 0.334646, 63.587213 -29.349544 0.334646,
63.586209 -29.34452 0.334646, 63.58877 -29.340082 0.334646,
63.58877 -29.302587 0.334646, 63.585228 -29.296453 0.334646,
63.585653 -29.289382 0.334646, 63.566905 -29.251887 0.334646,
63.558951 -29.246635 0.334646, 63.5537 -29.238681 0.334646,
63.516205 -29.219934 0.334646, 63.509134 -29.220358 0.334646,
63.503 -29.216817 0.334646, 63.428009 -29.216817 0.334646,
63.421874 -29.220358 0.334646, 63.414804 -29.219934 0.334646,
63.377308 -29.238681 0.334646, 63.372057 -29.246635 0.334646,
63.364103 -29.251887 0.334646, 63.345355 -29.289382 0.334646,
63.735634 -32.912367 0.334646, 63.731412 -32.909579 0.334646,
63.730103 -32.904693 0.334646, 63.711355 -32.885945 0.334646,
63.706468 -32.884635 0.334646, 63.703681 -32.880414 0.334646,
63.666186 -32.861666 0.334646, 63.659115 -32.862091 0.334646,
63.652981 -32.858549 0.334646, 63.596738 -32.858549 0.334646,
63.590603 -32.862091 0.334646, 63.583533 -32.861666 0.334646,
63.546037 -32.880414 0.334646, 63.543249 -32.884635 0.334646,
63.538363 -32.885945 0.334646, 63.519616 -32.904693 0.334646,
63.518305 -32.909579 0.334646, 63.514085 -32.912367 0.334646,
63.495337 -32.949862 0.334646, 63.495761 -32.956933 0.334646,
63.49222 -32.963067 0.334646, 63.49222 -33.075553 0.334646,
63.495761 -33.081687 0.334646, 63.495337 -33.088758 0.334646,
63.514085 -33.126253 0.334646, 63.518305 -33.12904 0.334646,
63.519616 -33.133927 0.334646, 63.538363 -33.152675 0.334646,
63.543249 -33.153984 0.334646, 63.546037 -33.158206 0.334646,
63.583533 -33.176954 0.334646, 63.590603 -33.176529 0.334646,
63.596738 -33.180071 0.334646, 63.652981 -33.180071 0.334646,
63.659115 -33.176529 0.334646, 63.666186 -33.176954 0.334646,
63.703681 -33.158206 0.334646, 63.706468 -33.153984 0.334646,
63.711355 -33.152675 0.334646, 63.730103 -33.133927 0.334646,
63.731412 -33.12904 0.334646, 63.735634 -33.126253 0.334646,
63.754382 -33.088758 0.334646, 63.753957 -33.081687 0.334646,
63.757499 -33.075553 0.334646, 63.757499 -32.963067 0.334646,
63.753957 -32.956933 0.334646, 63.754382 -32.949862 0.334646,
63.188273 -29.534383 0.334646, 63.217801 -29.534383 0.334646,
63.232565 -29.508811 0.334646, 63.232565 -29.302587 0.334646,
63.229023 -29.296453 0.334646, 63.229447 -29.289382 0.334646,
63.2107 -29.251887 0.334646, 63.202746 -29.246635 0.334646,
63.197494 -29.238681 0.334646, 63.159999 -29.219934 0.334646,
63.152929 -29.220358 0.334646, 63.146794 -29.216817 0.334646,
63.090551 -29.216817 0.334646, 63.084416 -29.220358 0.334646,
63.077346 -29.219934 0.334646, 63.063835 -29.226689 0.334646,
63.063835 -29.11511 0.334646, 63.049072 -29.089539 0.334646,
63.019544 -29.089539 0.334646, 63.00478 -29.11511 0.334646,
63.00478 -29.508811 0.334646, 63.019544 -29.534383 0.334646,
63.049072 -29.534383 0.334646, 63.063835 -29.508811 0.334646,
63.063836 -29.296071 0.334646, 63.070547 -29.289359 0.334646,
63.097522 -29.275872 0.334646, 63.139823 -29.275871 0.334646,
63.162282 -29.287101 0.334646, 63.17351 -29.309558 0.334646,
63.173509 -29.508811 0.334646, 63.752892 -29.238366 0.334646,
63.742735 -29.220772 0.334646, 63.713207 -29.220772 0.334646,
63.698444 -29.246344 0.334646, 63.698444 -29.508811 0.334646,
63.713207 -29.534383 0.334646, 63.742735 -29.534383 0.334646,
63.757499 -29.508811 0.334646, 63.757498 -29.328305 0.334646,
63.770986 -29.30133 0.334646, 63.782957 -29.289359 0.334646,
63.809932 -29.275872 0.334646, 63.840457 -29.275872 0.334646,
63.866029 -29.261108 0.334646, 63.866029 -29.23158 0.334646,
63.840457 -29.216817 0.334646, 63.802962 -29.216817 0.334646,
63.796827 -29.220358 0.334646, 63.789757 -29.219934 0.334646,
63.982469 -29.309557 0.334646, 63.9937 -29.287101 0.334646,
64.016158 -29.275872 0.334646, 64.077206 -29.275872 0.334646,
64.099664 -29.287101 0.334646, 64.110892 -29.309557 0.334646,
64.110893 -29.315876 0.334646, 63.982471 -29.34156 0.334646,
63.926957 -29.296453 0.334646, 63.923416 -29.302587 0.334646,
63.923416 -29.452568 0.334646, 63.926957 -29.458703 0.334646,
63.926533 -29.465773 0.334646, 63.945281 -29.503269 0.334646,
63.953234 -29.50852 0.334646, 63.958486 -29.516474 0.334646,
63.995981 -29.535221 0.334646, 64.003052 -29.534797 0.334646,
64.009186 -29.538339 0.334646, 64.084177 -29.538339 0.334646,
64.090311 -29.534797 0.334646, 64.097382 -29.535221 0.334646,
64.134877 -29.516474 0.334646, 64.151147 -29.491833 0.334646,
64.137941 -29.465422 0.334646, 64.108467 -29.463653 0.334646,
64.077206 -29.479283 0.334646, 64.016158 -29.479284 0.334646,
63.9937 -29.468055 0.334646, 63.98247 -29.445597 0.334646,
63.982471 -29.401785 0.334646, 64.146211 -29.369036 0.334646,
64.150059 -29.365654 0.334646, 64.155183 -29.365654 0.334646,
64.160461 -29.356512 0.334646, 64.16839 -29.349544 0.334646,
64.167385 -29.34452 0.334646, 64.169947 -29.340082 0.334646,
64.169947 -29.302587 0.334646, 64.166406 -29.296453 0.334646,
64.16683 -29.289382 0.334646, 64.148082 -29.251887 0.334646,
64.140129 -29.246635 0.334646, 64.134877 -29.238681 0.334646,
64.097382 -29.219934 0.334646, 64.090311 -29.220358 0.334646,
64.084177 -29.216817 0.334646, 64.009186 -29.216817 0.334646,
64.003052 -29.220358 0.334646, 63.995981 -29.219934 0.334646,
63.958486 -29.238681 0.334646, 63.953234 -29.246635 0.334646,
63.945281 -29.251887 0.334646, 63.926533 -29.289382 0.334646
              ]
            }
            coordIndex [
4, 5, 6, -1, 4, 6, 1, -1, 4, 1, 2, -1, 4, 2, 3, -1,
6, 7, 1, -1, 1, 7, 8, -1, 1, 8, 0, -1, 0, 8, 29, -1,
0, 29, 30, -1, 28, 29, 8, -1, 28, 8, 9, -1, 28, 9, 10, -1,
28, 10, 11, -1, 28, 11, 27, -1, 26, 27, 11, -1, 26, 11, 12, -1,
26, 12, 13, -1, 26, 13, 14, -1, 26, 14, 25, -1, 25, 14, 24, -1,
24, 14, 15, -1, 24, 15, 23, -1, 23, 15, 16, -1, 23, 16, 17, -1,
23, 17, 22, -1, 22, 17, 18, -1, 22, 18, 21, -1, 21, 18, 19, -1,
21, 19, 20, -1, 49, 50, 85, -1, 85, 50, 51, -1, 85, 51, 84, -1,
84, 51, 52, -1, 84, 52, 83, -1, 83, 52, 39, -1, 83, 39, 40, -1,
41, 42, 80, -1, 41, 80, 81, -1, 41, 81, 82, -1, 41, 82, 83, -1,
41, 83, 40, -1, 43, 44, 77, -1, 43, 77, 78, -1, 43, 78, 79, -1,
43, 79, 80, -1, 43, 80, 42, -1, 44, 45, 77, -1, 77, 45, 46, -1,
77, 46, 76, -1, 76, 46, 59, -1, 76, 59, 60, -1, 31, 32, 58, -1,
31, 58, 59, -1, 31, 59, 46, -1, 76, 60, 75, -1, 75, 60, 61, -1,
75, 61, 74, -1, 74, 61, 62, -1, 74, 62, 73, -1, 73, 62, 63, -1,
73, 63, 72, -1, 72, 63, 64, -1, 72, 64, 71, -1, 71, 64, 66, -1,
71, 66, 69, -1, 69, 66, 67, -1, 69, 67, 68, -1, 47, 48, 87, -1,
47, 87, 88, -1, 47, 88, 89, -1, 47, 89, 90, -1, 47, 90, 93, -1,
47, 93, 94, -1, 93, 90, 91, -1, 93, 91, 92, -1, 86, 87, 48, -1,
86, 48, 49, -1, 86, 49, 85, -1, 52, 53, 36, -1, 52, 36, 37, -1,
52, 37, 38, -1, 52, 38, 39, -1, 34, 35, 55, -1, 55, 35, 36, -1,
55, 36, 54, -1, 54, 36, 53, -1, 34, 55, 56, -1, 34, 56, 57, -1,
34, 57, 58, -1, 34, 58, 33, -1, 95, 96, 101, -1, 95, 101, 102, -1,
95, 102, 103, -1, 95, 103, 109, -1, 95, 109, 110, -1, 115, 116, 154, -1,
154, 116, 117, -1, 154, 117, 142, -1, 142, 117, 118, -1, 142, 118, 141, -1,
141, 118, 140, -1, 115, 154, 155, -1, 115, 155, 156, -1, 115, 156, 157, -1,
115, 157, 114, -1, 113, 114, 157, -1, 113, 157, 158, -1, 113, 158, 159, -1,
113, 159, 160, -1, 113, 160, 112, -1, 112, 160, 111, -1, 111, 160, 161, -1,
111, 161, 126, -1, 126, 161, 162, -1, 126, 162, 125, -1, 125, 162, 163, -1,
125, 163, 124, -1, 124, 163, 119, -1, 124, 119, 122, -1, 122, 119, 120, -1,
122, 120, 121, -1, 148, 149, 147, -1, 147, 149, 150, -1, 147, 150, 145, -1,
145, 150, 151, -1, 145, 151, 144, -1, 144, 151, 143, -1, 152, 153, 142, -1,
152, 142, 143, -1, 152, 143, 151, -1, 140, 118, 111, -1, 140, 111, 126, -1,
140, 126, 127, -1, 140, 127, 139, -1, 180, 181, 179, -1, 179, 181, 183, -1,
179, 183, 178, -1, 178, 183, 184, -1, 178, 184, 177, -1, 177, 184, 185, -1,
177, 185, 176, -1, 176, 185, 186, -1, 176, 186, 187, -1, 131, 132, 136, -1,
136, 132, 133, -1, 136, 133, 135, -1, 135, 133, 134, -1, 130, 131, 136, -1,
130, 136, 137, -1, 130, 137, 138, -1, 130, 138, 129, -1, 138, 139, 127, -1,
138, 127, 128, -1, 138, 128, 129, -1, 107, 108, 104, -1, 107, 104, 105, -1,
107, 105, 106, -1, 109, 103, 104, -1, 109, 104, 108, -1, 99, 100, 101, -1,
99, 101, 96, -1, 99, 96, 97, -1, 99, 97, 98, -1, 165, 166, 197, -1,
165, 197, 198, -1, 165, 198, 199, -1, 165, 199, 200, -1, 191, 192, 170, -1,
170, 192, 193, -1, 170, 193, 169, -1, 169, 193, 194, -1, 169, 194, 168, -1,
168, 194, 195, -1, 168, 195, 167, -1, 167, 195, 196, -1, 167, 196, 166, -1,
166, 196, 197, -1, 171, 172, 190, -1, 171, 190, 191, -1, 171, 191, 170, -1,
176, 187, 175, -1, 175, 187, 188, -1, 175, 188, 174, -1, 174, 188, 189, -1,
174, 189, 173, -1, 173, 189, 190, -1, 173, 190, 172, -1, 204, 206, 203, -1,
203, 206, 207, -1, 203, 207, 202, -1, 202, 207, 208, -1, 202, 208, 201, -1,
228, 229, 230, -1, 228, 230, 225, -1, 228, 225, 226, -1, 228, 226, 227, -1,
230, 231, 225, -1, 225, 231, 232, -1, 225, 232, 224, -1, 224, 232, 222, -1,
224, 222, 223, -1, 221, 222, 232, -1, 221, 232, 233, -1, 221, 233, 234, -1,
221, 234, 235, -1, 221, 235, 220, -1, 219, 220, 235, -1, 219, 235, 236, -1,
219, 236, 237, -1, 219, 237, 238, -1, 219, 238, 218, -1, 218, 238, 217, -1,
217, 238, 209, -1, 217, 209, 216, -1, 216, 209, 210, -1, 216, 210, 215, -1,
215, 210, 211, -1, 215, 211, 214, -1, 214, 211, 212, -1, 214, 212, 213, -1,
270, 264, 269, -1, 269, 264, 265, -1, 269, 265, 268, -1, 268, 265, 266, -1,
268, 266, 267, -1, 239, 240, 251, -1, 239, 251, 252, -1, 239, 252, 253, -1,
239, 253, 263, -1, 239, 263, 264, -1, 239, 264, 270, -1, 255, 256, 261, -1,
261, 256, 257, -1, 261, 257, 260, -1, 260, 257, 258, -1, 260, 258, 259, -1,
254, 255, 261, -1, 254, 261, 262, -1, 254, 262, 263, -1, 254, 263, 253, -1,
251, 240, 249, -1, 249, 240, 242, -1, 249, 242, 247, -1, 247, 242, 243, -1,
247, 243, 246, -1, 246, 243, 244, -1, 246, 244, 245, -1, 271, 272, 312, -1,
271, 312, 313, -1, 271, 313, 314, -1, 271, 314, 317, -1, 271, 317, 318, -1,
317, 314, 315, -1, 317, 315, 316, -1, 365, 366, 358, -1, 365, 358, 359, -1,
365, 359, 360, -1, 365, 360, 363, -1, 365, 363, 364, -1, 363, 360, 361, -1,
363, 361, 362, -1, 366, 367, 356, -1, 366, 356, 357, -1, 366, 357, 358, -1,
353, 354, 369, -1, 369, 354, 355, -1, 369, 355, 368, -1, 368, 355, 356, -1,
368, 356, 367, -1, 370, 371, 339, -1, 370, 339, 340, -1, 370, 340, 341, -1,
370, 341, 342, -1, 370, 342, 353, -1, 370, 353, 369, -1, 351, 352, 344, -1,
344, 352, 353, -1, 344, 353, 343, -1, 343, 353, 342, -1, 350, 351, 344, -1,
350, 344, 345, -1, 350, 345, 346, -1, 350, 346, 349, -1, 376, 384, 335, -1,
335, 384, 347, -1, 335, 347, 346, -1, 346, 347, 348, -1, 346, 348, 349, -1,
309, 310, 273, -1, 273, 310, 311, -1, 273, 311, 272, -1, 272, 311, 312, -1,
326, 327, 276, -1, 276, 327, 307, -1, 276, 307, 275, -1, 275, 307, 308, -1,
275, 308, 274, -1, 274, 308, 309, -1, 274, 309, 273, -1, 305, 306, 329, -1,
329, 306, 307, -1, 329, 307, 328, -1, 328, 307, 327, -1, 304, 305, 329, -1,
304, 329, 330, -1, 304, 330, 331, -1, 304, 331, 303, -1, 331, 332, 301, -1,
331, 301, 302, -1, 331, 302, 303, -1, 332, 333, 301, -1, 301, 333, 334, -1,
301, 334, 300, -1, 300, 334, 283, -1, 300, 283, 284, -1, 319, 320, 282, -1,
319, 282, 283, -1, 319, 283, 334, -1, 297, 298, 285, -1, 285, 298, 299, -1,
285, 299, 284, -1, 284, 299, 300, -1, 285, 286, 297, -1, 297, 286, 287, -1,
297, 287, 296, -1, 296, 287, 288, -1, 296, 288, 295, -1, 295, 288, 290, -1,
295, 290, 293, -1, 293, 290, 291, -1, 293, 291, 292, -1, 276, 277, 324, -1,
276, 324, 325, -1, 276, 325, 326, -1, 322, 323, 279, -1, 279, 323, 324, -1,
279, 324, 278, -1, 278, 324, 277, -1, 322, 279, 280, -1, 322, 280, 281, -1,
322, 281, 282, -1, 322, 282, 321, -1, 376, 377, 384, -1, 384, 377, 378, -1,
384, 378, 383, -1, 383, 378, 379, -1, 383, 379, 382, -1, 382, 379, 380, -1,
382, 380, 381, -1, 337, 338, 373, -1, 373, 338, 339, -1, 373, 339, 372, -1,
372, 339, 371, -1, 373, 374, 337, -1, 337, 374, 375, -1, 337, 375, 336, -1,
336, 375, 376, -1, 336, 376, 335, -1, 385, 386, 425, -1, 385, 425, 426, -1,
385, 426, 427, -1, 385, 427, 428, -1, 385, 428, 431, -1, 385, 431, 432, -1,
431, 428, 429, -1, 431, 429, 430, -1, 425, 386, 424, -1, 424, 386, 387, -1,
424, 387, 423, -1, 423, 387, 388, -1, 423, 388, 389, -1, 423, 389, 422, -1,
422, 389, 390, -1, 422, 390, 421, -1, 421, 390, 441, -1, 421, 441, 442, -1,
390, 391, 438, -1, 390, 438, 439, -1, 390, 439, 440, -1, 390, 440, 441, -1,
436, 437, 393, -1, 393, 437, 438, -1, 393, 438, 392, -1, 392, 438, 391, -1,
436, 393, 394, -1, 436, 394, 395, -1, 436, 395, 396, -1, 436, 396, 435, -1,
405, 407, 404, -1, 404, 407, 409, -1, 404, 409, 402, -1, 402, 409, 410, -1,
402, 410, 401, -1, 401, 410, 411, -1, 401, 411, 400, -1, 400, 411, 412, -1,
400, 412, 399, -1, 399, 412, 413, -1, 399, 413, 398, -1, 398, 413, 414, -1,
398, 414, 397, -1, 397, 414, 433, -1, 397, 433, 396, -1, 396, 433, 434, -1,
396, 434, 435, -1, 443, 444, 418, -1, 443, 418, 419, -1, 443, 419, 420, -1,
443, 420, 421, -1, 443, 421, 442, -1, 445, 446, 415, -1, 445, 415, 416, -1,
445, 416, 417, -1, 445, 417, 418, -1, 445, 418, 444, -1, 433, 414, 448, -1,
448, 414, 415, -1, 448, 415, 447, -1, 447, 415, 446, -1, 478, 479, 475, -1,
478, 475, 476, -1, 478, 476, 477, -1, 473, 474, 481, -1, 481, 474, 475, -1,
481, 475, 480, -1, 480, 475, 479, -1, 473, 481, 482, -1, 473, 482, 483, -1,
473, 483, 484, -1, 473, 484, 472, -1, 454, 469, 485, -1, 485, 469, 470, -1,
485, 470, 484, -1, 484, 470, 471, -1, 484, 471, 472, -1, 459, 460, 464, -1,
464, 460, 461, -1, 464, 461, 463, -1, 463, 461, 462, -1, 458, 459, 464, -1,
458, 464, 465, -1, 458, 465, 466, -1, 458, 466, 457, -1, 466, 467, 455, -1,
466, 455, 456, -1, 466, 456, 457, -1, 455, 467, 468, -1, 455, 468, 469, -1,
455, 469, 454, -1, 451, 452, 487, -1, 487, 452, 453, -1, 487, 453, 486, -1,
486, 453, 454, -1, 486, 454, 485, -1, 488, 489, 450, -1, 488, 450, 451, -1,
488, 451, 487, -1, 493, 495, 492, -1, 492, 495, 449, -1, 492, 449, 490, -1,
490, 449, 450, -1, 490, 450, 489, -1, 501, 502, 540, -1, 540, 502, 503, -1,
540, 503, 528, -1, 528, 503, 504, -1, 528, 504, 527, -1, 527, 504, 526, -1,
501, 540, 541, -1, 501, 541, 542, -1, 501, 542, 543, -1, 501, 543, 500, -1,
499, 500, 543, -1, 499, 543, 544, -1, 499, 544, 545, -1, 499, 545, 546, -1,
499, 546, 498, -1, 498, 546, 497, -1, 497, 546, 547, -1, 497, 547, 526, -1,
526, 547, 512, -1, 526, 512, 513, -1, 534, 535, 533, -1, 533, 535, 536, -1,
533, 536, 531, -1, 531, 536, 537, -1, 531, 537, 530, -1, 530, 537, 529, -1,
538, 539, 528, -1, 538, 528, 529, -1, 538, 529, 537, -1, 582, 576, 581, -1,
581, 576, 577, -1, 581, 577, 580, -1, 580, 577, 578, -1, 580, 578, 579, -1,
551, 552, 563, -1, 551, 563, 564, -1, 551, 564, 565, -1, 551, 565, 575, -1,
551, 575, 576, -1, 551, 576, 582, -1, 567, 568, 573, -1, 573, 568, 569, -1,
573, 569, 572, -1, 572, 569, 570, -1, 572, 570, 571, -1, 566, 567, 573, -1,
566, 573, 574, -1, 566, 574, 575, -1, 566, 575, 565, -1, 563, 552, 561, -1,
561, 552, 554, -1, 561, 554, 559, -1, 559, 554, 555, -1, 559, 555, 558, -1,
558, 555, 556, -1, 558, 556, 557, -1, 517, 518, 522, -1, 522, 518, 519, -1,
522, 519, 521, -1, 521, 519, 520, -1, 516, 517, 522, -1, 516, 522, 523, -1,
516, 523, 524, -1, 516, 524, 515, -1, 524, 525, 513, -1, 524, 513, 514, -1,
524, 514, 515, -1, 506, 508, 505, -1, 505, 508, 510, -1, 505, 510, 549, -1,
549, 510, 511, -1, 549, 511, 548, -1, 548, 511, 512, -1, 548, 512, 547, -1,
590, 591, 595, -1, 590, 595, 596, -1, 590, 596, 588, -1, 590, 588, 589, -1,
585, 586, 584, -1, 584, 586, 587, -1, 584, 587, 583, -1, 583, 587, 598, -1,
583, 598, 599, -1, 597, 598, 587, -1, 597, 587, 588, -1, 597, 588, 596, -1,
594, 595, 591, -1, 594, 591, 592, -1, 594, 592, 593, -1, 602, 583, 599, -1,
602, 599, 600, -1, 602, 600, 601, -1, 635, 636, 623, -1, 623, 636, 637, -1,
623, 637, 622, -1, 622, 637, 638, -1, 622, 638, 621, -1, 621, 638, 610, -1,
621, 610, 611, -1, 612, 613, 618, -1, 612, 618, 619, -1, 612, 619, 620, -1,
612, 620, 621, -1, 612, 621, 611, -1, 614, 603, 616, -1, 614, 616, 617, -1,
614, 617, 618, -1, 614, 618, 613, -1, 616, 603, 615, -1, 615, 603, 645, -1,
615, 645, 652, -1, 652, 645, 646, -1, 652, 646, 651, -1, 651, 646, 647, -1,
651, 647, 650, -1, 650, 647, 648, -1, 650, 648, 649, -1, 671, 672, 656, -1,
656, 672, 653, -1, 656, 653, 655, -1, 655, 653, 654, -1, 656, 657, 667, -1,
656, 667, 668, -1, 656, 668, 669, -1, 656, 669, 670, -1, 656, 670, 671, -1,
657, 658, 662, -1, 657, 662, 663, -1, 657, 663, 664, -1, 657, 664, 665, -1,
657, 665, 666, -1, 657, 666, 667, -1, 662, 658, 659, -1, 662, 659, 660, -1,
662, 660, 661, -1, 688, 689, 694, -1, 688, 694, 695, -1, 688, 695, 696, -1,
688, 696, 686, -1, 688, 686, 687, -1, 673, 674, 679, -1, 679, 674, 675, -1,
679, 675, 678, -1, 678, 675, 676, -1, 678, 676, 677, -1, 701, 702, 682, -1,
682, 702, 673, -1, 682, 673, 681, -1, 681, 673, 679, -1, 681, 679, 680, -1,
700, 701, 682, -1, 700, 682, 683, -1, 700, 683, 684, -1, 700, 684, 699, -1,
684, 685, 697, -1, 684, 697, 698, -1, 684, 698, 699, -1, 686, 696, 697, -1,
686, 697, 685, -1, 692, 693, 694, -1, 692, 694, 689, -1, 692, 689, 690, -1,
692, 690, 691, -1, 815, 816, 812, -1, 815, 812, 813, -1, 815, 813, 814, -1,
810, 811, 818, -1, 818, 811, 812, -1, 818, 812, 817, -1, 817, 812, 816, -1,
810, 818, 819, -1, 810, 819, 820, -1, 810, 820, 821, -1, 810, 821, 809, -1,
805, 806, 770, -1, 770, 806, 807, -1, 770, 807, 822, -1, 822, 807, 808, -1,
822, 808, 821, -1, 821, 808, 809, -1, 799, 800, 792, -1, 799, 792, 793, -1,
799, 793, 794, -1, 799, 794, 797, -1, 799, 797, 798, -1, 797, 794, 795, -1,
797, 795, 796, -1, 792, 800, 791, -1, 791, 800, 801, -1, 791, 801, 790, -1,
790, 801, 775, -1, 790, 775, 776, -1, 774, 775, 801, -1, 774, 801, 802, -1,
774, 802, 803, -1, 774, 803, 804, -1, 774, 804, 773, -1, 805, 770, 771, -1,
805, 771, 772, -1, 805, 772, 773, -1, 805, 773, 804, -1, 770, 822, 769, -1,
769, 822, 823, -1, 769, 823, 768, -1, 768, 823, 824, -1, 768, 824, 767, -1,
767, 824, 826, -1, 767, 826, 829, -1, 829, 826, 827, -1, 829, 827, 828, -1,
777, 778, 787, -1, 777, 787, 788, -1, 777, 788, 789, -1, 777, 789, 790, -1,
777, 790, 776, -1, 779, 780, 784, -1, 779, 784, 785, -1, 779, 785, 786, -1,
779, 786, 787, -1, 779, 787, 778, -1, 783, 784, 780, -1, 783, 780, 781, -1,
783, 781, 782, -1, 1142, 1143, 1144, -1, 1142, 1144, 1139, -1, 1142, 1139, 1140, -1,
1142, 1140, 1141, -1, 1144, 1145, 1139, -1, 1139, 1145, 1146, -1, 1139, 1146, 1138, -1,
1138, 1146, 1136, -1, 1138, 1136, 1137, -1, 1135, 1136, 1146, -1, 1135, 1146, 1147, -1,
1135, 1147, 1148, -1, 1135, 1148, 1149, -1, 1135, 1149, 1134, -1, 1133, 1134, 1149, -1,
1133, 1149, 1150, -1, 1133, 1150, 1151, -1, 1133, 1151, 1152, -1, 1133, 1152, 1132, -1,
1132, 1152, 1131, -1, 1131, 1152, 1153, -1, 1131, 1153, 1129, -1, 1129, 1153, 1154, -1,
1129, 1154, 1155, -1, 1155, 1156, 1129, -1, 1129, 1156, 1157, -1, 1129, 1157, 1128, -1,
1128, 1157, 1126, -1, 1128, 1126, 1127, -1, 1125, 1126, 1157, -1, 1125, 1157, 1158, -1,
1125, 1158, 1159, -1, 1125, 1159, 1160, -1, 1125, 1160, 1124, -1, 1123, 1124, 1160, -1,
1123, 1160, 1161, -1, 1123, 1161, 1162, -1, 1123, 1162, 1163, -1, 1123, 1163, 1122, -1,
1122, 1163, 1121, -1, 1121, 1163, 1113, -1, 1121, 1113, 1120, -1, 1120, 1113, 1114, -1,
1120, 1114, 1119, -1, 1119, 1114, 1115, -1, 1119, 1115, 1118, -1, 1118, 1115, 1116, -1,
1118, 1116, 1117, -1, 3533, 3535, 3532, -1, 3532, 3535, 3537, -1, 3532, 3537, 3530, -1,
3530, 3537, 3538, -1, 3530, 3538, 3529, -1, 3529, 3538, 3539, -1, 3529, 3539, 3528, -1,
3528, 3539, 3540, -1, 3528, 3540, 3527, -1, 3527, 3540, 3541, -1, 3527, 3541, 3526, -1,
3526, 3541, 3542, -1, 3526, 3542, 3525, -1, 3525, 3542, 3554, -1, 3525, 3554, 3555, -1,
872, 873, 882, -1, 882, 873, 874, -1, 882, 874, 881, -1, 881, 874, 876, -1,
881, 876, 879, -1, 879, 876, 877, -1, 879, 877, 878, -1, 867, 868, 834, -1,
867, 834, 835, -1, 867, 835, 836, -1, 867, 836, 842, -1, 867, 842, 852, -1,
867, 852, 866, -1, 833, 834, 868, -1, 833, 868, 869, -1, 833, 869, 870, -1,
833, 870, 871, -1, 833, 871, 832, -1, 839, 840, 884, -1, 884, 840, 841, -1,
884, 841, 883, -1, 883, 841, 831, -1, 883, 831, 871, -1, 871, 831, 832, -1,
872, 882, 883, -1, 872, 883, 871, -1, 848, 849, 850, -1, 848, 850, 845, -1,
848, 845, 846, -1, 848, 846, 847, -1, 843, 844, 852, -1, 852, 844, 845, -1,
852, 845, 851, -1, 851, 845, 850, -1, 865, 866, 852, -1, 865, 852, 853, -1,
865, 853, 854, -1, 865, 854, 855, -1, 865, 855, 864, -1, 863, 864, 855, -1,
863, 855, 856, -1, 863, 856, 857, -1, 863, 857, 858, -1, 863, 858, 862, -1,
859, 860, 861, -1, 859, 861, 862, -1, 859, 862, 858, -1, 837, 838, 887, -1,
837, 887, 888, -1, 837, 888, 842, -1, 837, 842, 836, -1, 839, 884, 885, -1,
839, 885, 886, -1, 839, 886, 887, -1, 839, 887, 838, -1, 894, 895, 904, -1,
904, 895, 896, -1, 904, 896, 903, -1, 903, 896, 898, -1, 903, 898, 901, -1,
901, 898, 899, -1, 901, 899, 900, -1, 889, 890, 945, -1, 889, 945, 946, -1,
889, 946, 936, -1, 889, 936, 911, -1, 889, 911, 921, -1, 889, 921, 935, -1,
944, 945, 890, -1, 944, 890, 891, -1, 944, 891, 892, -1, 944, 892, 893, -1,
944, 893, 943, -1, 939, 940, 906, -1, 906, 940, 941, -1, 906, 941, 905, -1,
905, 941, 942, -1, 905, 942, 893, -1, 893, 942, 943, -1, 894, 904, 905, -1,
894, 905, 893, -1, 917, 918, 919, -1, 917, 919, 914, -1, 917, 914, 915, -1,
917, 915, 916, -1, 912, 913, 921, -1, 921, 913, 914, -1, 921, 914, 920, -1,
920, 914, 919, -1, 934, 935, 921, -1, 934, 921, 922, -1, 934, 922, 923, -1,
934, 923, 924, -1, 934, 924, 933, -1, 932, 933, 924, -1, 932, 924, 925, -1,
932, 925, 926, -1, 932, 926, 927, -1, 932, 927, 931, -1, 928, 929, 930, -1,
928, 930, 931, -1, 928, 931, 927, -1, 937, 938, 909, -1, 937, 909, 910, -1,
937, 910, 911, -1, 937, 911, 936, -1, 939, 906, 907, -1, 939, 907, 908, -1,
939, 908, 909, -1, 939, 909, 938, -1, 987, 988, 999, -1, 999, 988, 989, -1,
999, 989, 998, -1, 998, 989, 990, -1, 998, 990, 997, -1, 997, 990, 992, -1,
997, 992, 995, -1, 995, 992, 993, -1, 995, 993, 994, -1, 983, 984, 950, -1,
983, 950, 951, -1, 983, 951, 952, -1, 983, 952, 958, -1, 983, 958, 968, -1,
983, 968, 982, -1, 949, 950, 984, -1, 949, 984, 985, -1, 949, 985, 986, -1,
949, 986, 987, -1, 949, 987, 948, -1, 955, 956, 1000, -1, 1000, 956, 957, -1,
1000, 957, 999, -1, 999, 957, 947, -1, 999, 947, 987, -1, 987, 947, 948, -1,
964, 965, 966, -1, 964, 966, 961, -1, 964, 961, 962, -1, 964, 962, 963, -1,
959, 960, 968, -1, 968, 960, 961, -1, 968, 961, 967, -1, 967, 961, 966, -1,
981, 982, 968, -1, 981, 968, 969, -1, 981, 969, 970, -1, 981, 970, 971, -1,
981, 971, 980, -1, 979, 980, 971, -1, 979, 971, 972, -1, 979, 972, 973, -1,
979, 973, 974, -1, 979, 974, 978, -1, 975, 976, 977, -1, 975, 977, 978, -1,
975, 978, 974, -1, 953, 954, 1003, -1, 953, 1003, 1004, -1, 953, 1004, 958, -1,
953, 958, 952, -1, 955, 1000, 1001, -1, 955, 1001, 1002, -1, 955, 1002, 1003, -1,
955, 1003, 954, -1, 1009, 1010, 1048, -1, 1048, 1010, 1011, -1, 1048, 1011, 1036, -1,
1036, 1011, 1012, -1, 1036, 1012, 1035, -1, 1035, 1012, 1034, -1, 1009, 1048, 1049, -1,
1009, 1049, 1050, -1, 1009, 1050, 1051, -1, 1009, 1051, 1008, -1, 1007, 1008, 1051, -1,
1007, 1051, 1052, -1, 1007, 1052, 1053, -1, 1007, 1053, 1054, -1, 1007, 1054, 1006, -1,
1006, 1054, 1005, -1, 1005, 1054, 1055, -1, 1005, 1055, 1034, -1, 1034, 1055, 1020, -1,
1034, 1020, 1021, -1, 1042, 1043, 1041, -1, 1041, 1043, 1044, -1, 1041, 1044, 1039, -1,
1039, 1044, 1045, -1, 1039, 1045, 1038, -1, 1038, 1045, 1037, -1, 1046, 1047, 1036, -1,
1046, 1036, 1037, -1, 1046, 1037, 1045, -1, 1025, 1026, 1030, -1, 1030, 1026, 1027, -1,
1030, 1027, 1029, -1, 1029, 1027, 1028, -1, 1024, 1025, 1030, -1, 1024, 1030, 1031, -1,
1024, 1031, 1032, -1, 1024, 1032, 1023, -1, 1032, 1033, 1021, -1, 1032, 1021, 1022, -1,
1032, 1022, 1023, -1, 1014, 1016, 1013, -1, 1013, 1016, 1018, -1, 1013, 1018, 1057, -1,
1057, 1018, 1019, -1, 1057, 1019, 1056, -1, 1056, 1019, 1020, -1, 1056, 1020, 1055, -1,
1180, 1181, 1220, -1, 1180, 1220, 1221, -1, 1180, 1221, 1222, -1, 1180, 1222, 1223, -1,
1180, 1223, 1226, -1, 1180, 1226, 1227, -1, 1226, 1223, 1224, -1, 1226, 1224, 1225, -1,
1063, 1064, 1102, -1, 1102, 1064, 1065, -1, 1102, 1065, 1090, -1, 1090, 1065, 1066, -1,
1090, 1066, 1089, -1, 1089, 1066, 1088, -1, 1063, 1102, 1103, -1, 1063, 1103, 1104, -1,
1063, 1104, 1105, -1, 1063, 1105, 1062, -1, 1061, 1062, 1105, -1, 1061, 1105, 1106, -1,
1061, 1106, 1107, -1, 1061, 1107, 1108, -1, 1061, 1108, 1060, -1, 1060, 1108, 1059, -1,
1059, 1108, 1109, -1, 1059, 1109, 1088, -1, 1088, 1109, 1074, -1, 1088, 1074, 1075, -1,
1096, 1097, 1095, -1, 1095, 1097, 1098, -1, 1095, 1098, 1093, -1, 1093, 1098, 1099, -1,
1093, 1099, 1092, -1, 1092, 1099, 1091, -1, 1100, 1101, 1090, -1, 1100, 1090, 1091, -1,
1100, 1091, 1099, -1, 734, 728, 733, -1, 733, 728, 729, -1, 733, 729, 732, -1,
732, 729, 730, -1, 732, 730, 731, -1, 703, 704, 715, -1, 703, 715, 716, -1,
703, 716, 717, -1, 703, 717, 727, -1, 703, 727, 728, -1, 703, 728, 734, -1,
766, 760, 765, -1, 765, 760, 761, -1, 765, 761, 764, -1, 764, 761, 762, -1,
764, 762, 763, -1, 735, 736, 747, -1, 735, 747, 748, -1, 735, 748, 749, -1,
735, 749, 759, -1, 735, 759, 760, -1, 735, 760, 766, -1, 751, 752, 757, -1,
757, 752, 753, -1, 757, 753, 756, -1, 756, 753, 754, -1, 756, 754, 755, -1,
750, 751, 757, -1, 750, 757, 758, -1, 750, 758, 759, -1, 750, 759, 749, -1,
747, 736, 745, -1, 745, 736, 738, -1, 745, 738, 743, -1, 743, 738, 739, -1,
743, 739, 742, -1, 742, 739, 740, -1, 742, 740, 741, -1, 719, 720, 725, -1,
725, 720, 721, -1, 725, 721, 724, -1, 724, 721, 722, -1, 724, 722, 723, -1,
718, 719, 725, -1, 718, 725, 726, -1, 718, 726, 727, -1, 718, 727, 717, -1,
715, 704, 713, -1, 713, 704, 706, -1, 713, 706, 711, -1, 711, 706, 707, -1,
711, 707, 710, -1, 710, 707, 708, -1, 710, 708, 709, -1, 1079, 1080, 1084, -1,
1084, 1080, 1081, -1, 1084, 1081, 1083, -1, 1083, 1081, 1082, -1, 1078, 1079, 1084, -1,
1078, 1084, 1085, -1, 1078, 1085, 1086, -1, 1078, 1086, 1077, -1, 1086, 1087, 1075, -1,
1086, 1075, 1076, -1, 1086, 1076, 1077, -1, 1068, 1070, 1067, -1, 1067, 1070, 1072, -1,
1067, 1072, 1111, -1, 1111, 1072, 1073, -1, 1111, 1073, 1110, -1, 1110, 1073, 1074, -1,
1110, 1074, 1109, -1, 1219, 1220, 1181, -1, 1219, 1181, 1182, -1, 1219, 1182, 1183, -1,
1219, 1183, 1218, -1, 1172, 1216, 1185, -1, 1185, 1216, 1217, -1, 1185, 1217, 1184, -1,
1184, 1217, 1218, -1, 1184, 1218, 1183, -1, 1185, 1186, 1169, -1, 1185, 1169, 1170, -1,
1185, 1170, 1171, -1, 1185, 1171, 1172, -1, 1167, 1168, 1188, -1, 1188, 1168, 1169, -1,
1188, 1169, 1187, -1, 1187, 1169, 1186, -1, 1167, 1188, 1189, -1, 1167, 1189, 1190, -1,
1167, 1190, 1191, -1, 1167, 1191, 1166, -1, 1209, 1179, 1192, -1, 1192, 1179, 1164, -1,
1192, 1164, 1191, -1, 1191, 1164, 1165, -1, 1191, 1165, 1166, -1, 1214, 1215, 1174, -1,
1174, 1215, 1216, -1, 1174, 1216, 1173, -1, 1173, 1216, 1172, -1, 1213, 1214, 1174, -1,
1213, 1174, 1175, -1, 1213, 1175, 1176, -1, 1213, 1176, 1212, -1, 1176, 1177, 1210, -1,
1176, 1210, 1211, -1, 1176, 1211, 1212, -1, 1210, 1177, 1178, -1, 1210, 1178, 1179, -1,
1210, 1179, 1209, -1, 1209, 1192, 1208, -1, 1208, 1192, 1193, -1, 1208, 1193, 1207, -1,
1207, 1193, 1194, -1, 1207, 1194, 1195, -1, 1207, 1195, 1206, -1, 1206, 1195, 1196, -1,
1206, 1196, 1205, -1, 1205, 1196, 1197, -1, 1205, 1197, 1204, -1, 1204, 1197, 1199, -1,
1204, 1199, 1202, -1, 1202, 1199, 1200, -1, 1202, 1200, 1201, -1, 1298, 1299, 1230, -1,
1230, 1299, 1300, -1, 1230, 1300, 1229, -1, 1229, 1300, 1301, -1, 1229, 1301, 1228, -1,
1228, 1301, 1303, -1, 1228, 1303, 1306, -1, 1306, 1303, 1304, -1, 1306, 1304, 1305, -1,
1289, 1290, 1286, -1, 1289, 1286, 1287, -1, 1289, 1287, 1288, -1, 1284, 1285, 1292, -1,
1292, 1285, 1286, -1, 1292, 1286, 1291, -1, 1291, 1286, 1290, -1, 1284, 1292, 1293, -1,
1284, 1293, 1294, -1, 1284, 1294, 1295, -1, 1284, 1295, 1283, -1, 1232, 1233, 1296, -1,
1296, 1233, 1281, -1, 1296, 1281, 1295, -1, 1295, 1281, 1282, -1, 1295, 1282, 1283, -1,
1297, 1298, 1231, -1, 1297, 1231, 1232, -1, 1297, 1232, 1296, -1, 1270, 1271, 1258, -1,
1258, 1271, 1272, -1, 1258, 1272, 1257, -1, 1257, 1272, 1273, -1, 1257, 1273, 1256, -1,
1256, 1273, 1241, -1, 1256, 1241, 1242, -1, 1243, 1244, 1253, -1, 1243, 1253, 1254, -1,
1243, 1254, 1255, -1, 1243, 1255, 1256, -1, 1243, 1256, 1242, -1, 1245, 1246, 1250, -1,
1245, 1250, 1251, -1, 1245, 1251, 1252, -1, 1245, 1252, 1253, -1, 1245, 1253, 1244, -1,
1249, 1250, 1246, -1, 1249, 1246, 1247, -1, 1249, 1247, 1248, -1, 1328, 1329, 1367, -1,
1367, 1329, 1330, -1, 1367, 1330, 1355, -1, 1355, 1330, 1331, -1, 1355, 1331, 1354, -1,
1354, 1331, 1353, -1, 1328, 1367, 1368, -1, 1328, 1368, 1369, -1, 1328, 1369, 1370, -1,
1328, 1370, 1327, -1, 1326, 1327, 1370, -1, 1326, 1370, 1371, -1, 1326, 1371, 1372, -1,
1326, 1372, 1373, -1, 1326, 1373, 1325, -1, 1325, 1373, 1324, -1, 1324, 1373, 1374, -1,
1324, 1374, 1353, -1, 1353, 1374, 1339, -1, 1353, 1339, 1340, -1, 1361, 1362, 1360, -1,
1360, 1362, 1363, -1, 1360, 1363, 1358, -1, 1358, 1363, 1364, -1, 1358, 1364, 1357, -1,
1357, 1364, 1356, -1, 1365, 1366, 1355, -1, 1365, 1355, 1356, -1, 1365, 1356, 1364, -1,
1344, 1345, 1349, -1, 1349, 1345, 1346, -1, 1349, 1346, 1348, -1, 1348, 1346, 1347, -1,
1343, 1344, 1349, -1, 1343, 1349, 1350, -1, 1343, 1350, 1351, -1, 1343, 1351, 1342, -1,
1351, 1352, 1340, -1, 1351, 1340, 1341, -1, 1351, 1341, 1342, -1, 1333, 1335, 1332, -1,
1332, 1335, 1337, -1, 1332, 1337, 1376, -1, 1376, 1337, 1338, -1, 1376, 1338, 1375, -1,
1375, 1338, 1339, -1, 1375, 1339, 1374, -1, 1407, 1408, 1409, -1, 1407, 1409, 1404, -1,
1407, 1404, 1405, -1, 1407, 1405, 1406, -1, 1409, 1410, 1404, -1, 1404, 1410, 1411, -1,
1404, 1411, 1403, -1, 1403, 1411, 1401, -1, 1403, 1401, 1402, -1, 1400, 1401, 1411, -1,
1400, 1411, 1412, -1, 1400, 1412, 1413, -1, 1400, 1413, 1414, -1, 1400, 1414, 1399, -1,
1398, 1399, 1414, -1, 1398, 1414, 1415, -1, 1398, 1415, 1416, -1, 1398, 1416, 1417, -1,
1398, 1417, 1397, -1, 1397, 1417, 1396, -1, 1396, 1417, 1418, -1, 1396, 1418, 1394, -1,
1394, 1418, 1419, -1, 1394, 1419, 1420, -1, 1420, 1421, 1394, -1, 1394, 1421, 1422, -1,
1394, 1422, 1393, -1, 1393, 1422, 1391, -1, 1393, 1391, 1392, -1, 1390, 1391, 1422, -1,
1390, 1422, 1423, -1, 1390, 1423, 1424, -1, 1390, 1424, 1425, -1, 1390, 1425, 1389, -1,
1388, 1389, 1425, -1, 1388, 1425, 1426, -1, 1388, 1426, 1427, -1, 1388, 1427, 1428, -1,
1388, 1428, 1387, -1, 1387, 1428, 1386, -1, 1386, 1428, 1378, -1, 1386, 1378, 1385, -1,
1385, 1378, 1379, -1, 1385, 1379, 1384, -1, 1384, 1379, 1380, -1, 1384, 1380, 1383, -1,
1383, 1380, 1381, -1, 1383, 1381, 1382, -1, 4492, 4493, 4531, -1, 4531, 4493, 4494, -1,
4531, 4494, 4519, -1, 4519, 4494, 4495, -1, 4519, 4495, 4518, -1, 4518, 4495, 4517, -1,
4492, 4531, 4532, -1, 4492, 4532, 4533, -1, 4492, 4533, 4534, -1, 4492, 4534, 4491, -1,
4490, 4491, 4534, -1, 4490, 4534, 4535, -1, 4490, 4535, 4536, -1, 4490, 4536, 4537, -1,
4490, 4537, 4489, -1, 4489, 4537, 4488, -1, 4488, 4537, 4538, -1, 4488, 4538, 4517, -1,
4517, 4538, 4503, -1, 4517, 4503, 4504, -1, 4525, 4526, 4524, -1, 4524, 4526, 4527, -1,
4524, 4527, 4522, -1, 4522, 4527, 4528, -1, 4522, 4528, 4521, -1, 4521, 4528, 4520, -1,
4529, 4530, 4519, -1, 4529, 4519, 4520, -1, 4529, 4520, 4528, -1, 4508, 4509, 4513, -1,
4513, 4509, 4510, -1, 4513, 4510, 4512, -1, 4512, 4510, 4511, -1, 4507, 4508, 4513, -1,
4507, 4513, 4514, -1, 4507, 4514, 4515, -1, 4507, 4515, 4506, -1, 4515, 4516, 4504, -1,
4515, 4504, 4505, -1, 4515, 4505, 4506, -1, 4497, 4499, 4496, -1, 4496, 4499, 4501, -1,
4496, 4501, 4540, -1, 4540, 4501, 4502, -1, 4540, 4502, 4539, -1, 4539, 4502, 4503, -1,
4539, 4503, 4538, -1, 1433, 1434, 1472, -1, 1472, 1434, 1435, -1, 1472, 1435, 1460, -1,
1460, 1435, 1436, -1, 1460, 1436, 1459, -1, 1459, 1436, 1458, -1, 1433, 1472, 1473, -1,
1433, 1473, 1474, -1, 1433, 1474, 1475, -1, 1433, 1475, 1432, -1, 1431, 1432, 1475, -1,
1431, 1475, 1476, -1, 1431, 1476, 1477, -1, 1431, 1477, 1478, -1, 1431, 1478, 1430, -1,
1429, 1430, 1478, -1, 1429, 1478, 1479, -1, 1429, 1479, 1444, -1, 1429, 1444, 1458, -1,
1429, 1458, 1436, -1, 1443, 1444, 1479, -1, 1443, 1479, 1480, -1, 1443, 1480, 1481, -1,
1443, 1481, 1442, -1, 1437, 1438, 1440, -1, 1437, 1440, 1442, -1, 1437, 1442, 1481, -1,
1437, 1481, 1482, -1, 1466, 1467, 1465, -1, 1465, 1467, 1468, -1, 1465, 1468, 1463, -1,
1463, 1468, 1469, -1, 1463, 1469, 1462, -1, 1462, 1469, 1461, -1, 1470, 1471, 1460, -1,
1470, 1460, 1461, -1, 1470, 1461, 1469, -1, 2906, 2907, 2908, -1, 2906, 2908, 2903, -1,
2906, 2903, 2904, -1, 2906, 2904, 2905, -1, 2908, 2909, 2903, -1, 2903, 2909, 2910, -1,
2903, 2910, 2902, -1, 2902, 2910, 2900, -1, 2902, 2900, 2901, -1, 2899, 2900, 2910, -1,
2899, 2910, 2911, -1, 2899, 2911, 2912, -1, 2899, 2912, 2913, -1, 2899, 2913, 2898, -1,
2897, 2898, 2913, -1, 2897, 2913, 2914, -1, 2897, 2914, 2915, -1, 2897, 2915, 2916, -1,
2897, 2916, 2896, -1, 2896, 2916, 2895, -1, 2895, 2916, 2917, -1, 2895, 2917, 2893, -1,
2893, 2917, 2918, -1, 2893, 2918, 2919, -1, 2919, 2920, 2893, -1, 2893, 2920, 2921, -1,
2893, 2921, 2892, -1, 2892, 2921, 2890, -1, 2892, 2890, 2891, -1, 2889, 2890, 2921, -1,
2889, 2921, 2922, -1, 2889, 2922, 2923, -1, 2889, 2923, 2924, -1, 2889, 2924, 2888, -1,
2887, 2888, 2924, -1, 2887, 2924, 2925, -1, 2887, 2925, 2926, -1, 2887, 2926, 2927, -1,
2887, 2927, 2886, -1, 2886, 2927, 2885, -1, 2885, 2927, 2877, -1, 2885, 2877, 2884, -1,
2884, 2877, 2878, -1, 2884, 2878, 2883, -1, 2883, 2878, 2879, -1, 2883, 2879, 2882, -1,
2882, 2879, 2880, -1, 2882, 2880, 2881, -1, 1449, 1450, 1454, -1, 1454, 1450, 1451, -1,
1454, 1451, 1453, -1, 1453, 1451, 1452, -1, 1448, 1449, 1454, -1, 1448, 1454, 1455, -1,
1448, 1455, 1456, -1, 1448, 1456, 1447, -1, 1456, 1457, 1445, -1, 1456, 1445, 1446, -1,
1456, 1446, 1447, -1, 1458, 1444, 1445, -1, 1458, 1445, 1457, -1, 1525, 1526, 1486, -1,
1486, 1526, 1483, -1, 1486, 1483, 1485, -1, 1485, 1483, 1484, -1, 1486, 1487, 1520, -1,
1486, 1520, 1521, -1, 1486, 1521, 1522, -1, 1486, 1522, 1523, -1, 1486, 1523, 1524, -1,
1486, 1524, 1525, -1, 1487, 1488, 1516, -1, 1487, 1516, 1517, -1, 1487, 1517, 1518, -1,
1487, 1518, 1519, -1, 1487, 1519, 1520, -1, 1516, 1488, 1489, -1, 1516, 1489, 1490, -1,
1516, 1490, 1491, -1, 1516, 1491, 1492, -1, 1516, 1492, 1493, -1, 1516, 1493, 1515, -1,
1515, 1493, 1494, -1, 1515, 1494, 1495, -1, 1515, 1495, 1496, -1, 1515, 1496, 1497, -1,
1515, 1497, 1498, -1, 1515, 1498, 1514, -1, 1498, 1499, 1511, -1, 1498, 1511, 1512, -1,
1498, 1512, 1513, -1, 1498, 1513, 1514, -1, 1499, 1500, 1504, -1, 1499, 1504, 1505, -1,
1499, 1505, 1506, -1, 1499, 1506, 1507, -1, 1499, 1507, 1508, -1, 1499, 1508, 1509, -1,
1499, 1509, 1510, -1, 1499, 1510, 1511, -1, 1504, 1500, 1501, -1, 1504, 1501, 1502, -1,
1504, 1502, 1503, -1, 1556, 1557, 1529, -1, 1529, 1557, 1558, -1, 1529, 1558, 1528, -1,
1528, 1558, 1559, -1, 1528, 1559, 1527, -1, 1527, 1559, 1561, -1, 1527, 1561, 1562, -1,
1554, 1555, 1531, -1, 1531, 1555, 1556, -1, 1531, 1556, 1530, -1, 1530, 1556, 1529, -1,
1534, 1552, 1533, -1, 1533, 1552, 1553, -1, 1533, 1553, 1532, -1, 1532, 1553, 1554, -1,
1532, 1554, 1531, -1, 1535, 1536, 1550, -1, 1535, 1550, 1551, -1, 1535, 1551, 1552, -1,
1535, 1552, 1534, -1, 1547, 1548, 1538, -1, 1538, 1548, 1549, -1, 1538, 1549, 1537, -1,
1537, 1549, 1550, -1, 1537, 1550, 1536, -1, 1542, 1543, 1541, -1, 1541, 1543, 1545, -1,
1541, 1545, 1540, -1, 1540, 1545, 1546, -1, 1540, 1546, 1539, -1, 1539, 1546, 1547, -1,
1539, 1547, 1538, -1, 1566, 1568, 1565, -1, 1565, 1568, 1569, -1, 1565, 1569, 1564, -1,
1564, 1569, 1570, -1, 1564, 1570, 1563, -1, 1586, 1587, 1582, -1, 1586, 1582, 1583, -1,
1586, 1583, 1584, -1, 1586, 1584, 1585, -1, 1580, 1581, 1589, -1, 1589, 1581, 1582, -1,
1589, 1582, 1588, -1, 1588, 1582, 1587, -1, 1580, 1589, 1579, -1, 1579, 1589, 1571, -1,
1579, 1571, 1578, -1, 1578, 1571, 1572, -1, 1578, 1572, 1577, -1, 1577, 1572, 1573, -1,
1577, 1573, 1576, -1, 1576, 1573, 1574, -1, 1576, 1574, 1575, -1, 1640, 1641, 1604, -1,
1604, 1641, 1642, -1, 1604, 1642, 1603, -1, 1603, 1642, 1598, -1, 1603, 1598, 1601, -1,
1601, 1598, 1599, -1, 1601, 1599, 1600, -1, 1648, 1649, 1653, -1, 1648, 1653, 1644, -1,
1648, 1644, 1645, -1, 1648, 1645, 1646, -1, 1648, 1646, 1647, -1, 1644, 1653, 1654, -1,
1644, 1654, 1655, -1, 1644, 1655, 1656, -1, 1644, 1656, 1657, -1, 1652, 1653, 1649, -1,
1652, 1649, 1650, -1, 1652, 1650, 1651, -1, 1594, 1595, 1633, -1, 1633, 1595, 1596, -1,
1633, 1596, 1621, -1, 1621, 1596, 1597, -1, 1621, 1597, 1620, -1, 1620, 1597, 1619, -1,
1594, 1633, 1634, -1, 1594, 1634, 1635, -1, 1594, 1635, 1636, -1, 1594, 1636, 1593, -1,
1592, 1593, 1636, -1, 1592, 1636, 1637, -1, 1592, 1637, 1638, -1, 1592, 1638, 1639, -1,
1592, 1639, 1591, -1, 1590, 1591, 1639, -1, 1590, 1639, 1640, -1, 1590, 1640, 1605, -1,
1590, 1605, 1619, -1, 1590, 1619, 1597, -1, 1627, 1628, 1626, -1, 1626, 1628, 1629, -1,
1626, 1629, 1624, -1, 1624, 1629, 1630, -1, 1624, 1630, 1623, -1, 1623, 1630, 1622, -1,
1631, 1632, 1621, -1, 1631, 1621, 1622, -1, 1631, 1622, 1630, -1, 3052, 3053, 3044, -1,
3052, 3044, 3045, -1, 3052, 3045, 3046, -1, 3052, 3046, 3047, -1, 3052, 3047, 3050, -1,
3052, 3050, 3051, -1, 3050, 3047, 3048, -1, 3050, 3048, 3049, -1, 3088, 3089, 3128, -1,
3088, 3128, 3129, -1, 3088, 3129, 3130, -1, 3088, 3130, 3131, -1, 3088, 3131, 3134, -1,
3088, 3134, 3135, -1, 3134, 3131, 3132, -1, 3134, 3132, 3133, -1, 2096, 2097, 2092, -1,
2096, 2092, 2093, -1, 2096, 2093, 2094, -1, 2096, 2094, 2095, -1, 2090, 2091, 2099, -1,
2099, 2091, 2092, -1, 2099, 2092, 2098, -1, 2098, 2092, 2097, -1, 2090, 2099, 2089, -1,
2089, 2099, 2081, -1, 2089, 2081, 2088, -1, 2088, 2081, 2082, -1, 2088, 2082, 2087, -1,
2087, 2082, 2083, -1, 2087, 2083, 2086, -1, 2086, 2083, 2084, -1, 2086, 2084, 2085, -1,
3127, 3128, 3089, -1, 3127, 3089, 3090, -1, 3127, 3090, 3091, -1, 3127, 3091, 3126, -1,
3080, 3124, 3093, -1, 3093, 3124, 3125, -1, 3093, 3125, 3092, -1, 3092, 3125, 3126, -1,
3092, 3126, 3091, -1, 3093, 3094, 3077, -1, 3093, 3077, 3078, -1, 3093, 3078, 3079, -1,
3093, 3079, 3080, -1, 3075, 3076, 3096, -1, 3096, 3076, 3077, -1, 3096, 3077, 3095, -1,
3095, 3077, 3094, -1, 3075, 3096, 3097, -1, 3075, 3097, 3098, -1, 3075, 3098, 3099, -1,
3075, 3099, 3074, -1, 3117, 3087, 3100, -1, 3100, 3087, 3072, -1, 3100, 3072, 3099, -1,
3099, 3072, 3073, -1, 3099, 3073, 3074, -1, 3043, 3044, 3053, -1, 3043, 3053, 3054, -1,
3043, 3054, 3055, -1, 3043, 3055, 3042, -1, 3029, 3040, 3057, -1, 3057, 3040, 3041, -1,
3057, 3041, 3056, -1, 3056, 3041, 3042, -1, 3056, 3042, 3055, -1, 3057, 3058, 3026, -1,
3057, 3026, 3027, -1, 3057, 3027, 3028, -1, 3057, 3028, 3029, -1, 3024, 3025, 3060, -1,
3060, 3025, 3026, -1, 3060, 3026, 3059, -1, 3059, 3026, 3058, -1, 3071, 3034, 3064, -1,
3064, 3034, 3022, -1, 3064, 3022, 3063, -1, 3063, 3022, 3023, -1, 3063, 3023, 3062, -1,
3062, 3023, 3024, -1, 3062, 3024, 3061, -1, 3061, 3024, 3060, -1, 3067, 3069, 3066, -1,
3066, 3069, 3070, -1, 3066, 3070, 3065, -1, 3065, 3070, 3071, -1, 3065, 3071, 3064, -1,
1610, 1611, 1615, -1, 1615, 1611, 1612, -1, 1615, 1612, 1614, -1, 1614, 1612, 1613, -1,
1609, 1610, 1615, -1, 1609, 1615, 1616, -1, 1609, 1616, 1617, -1, 1609, 1617, 1608, -1,
1617, 1618, 1606, -1, 1617, 1606, 1607, -1, 1617, 1607, 1608, -1, 1619, 1605, 1606, -1,
1619, 1606, 1618, -1, 1673, 1674, 1679, -1, 1673, 1679, 1680, -1, 1673, 1680, 1681, -1,
1673, 1681, 1671, -1, 1673, 1671, 1672, -1, 1658, 1659, 1664, -1, 1664, 1659, 1660, -1,
1664, 1660, 1663, -1, 1663, 1660, 1661, -1, 1663, 1661, 1662, -1, 1686, 1687, 1667, -1,
1667, 1687, 1658, -1, 1667, 1658, 1666, -1, 1666, 1658, 1664, -1, 1666, 1664, 1665, -1,
1685, 1686, 1667, -1, 1685, 1667, 1668, -1, 1685, 1668, 1669, -1, 1685, 1669, 1684, -1,
1669, 1670, 1682, -1, 1669, 1682, 1683, -1, 1669, 1683, 1684, -1, 1671, 1681, 1682, -1,
1671, 1682, 1670, -1, 1677, 1678, 1679, -1, 1677, 1679, 1674, -1, 1677, 1674, 1675, -1,
1677, 1675, 1676, -1, 1715, 1716, 1704, -1, 1704, 1716, 1717, -1, 1704, 1717, 1719, -1,
1719, 1717, 1718, -1, 1749, 1750, 1751, -1, 1749, 1751, 1746, -1, 1749, 1746, 1747, -1,
1749, 1747, 1748, -1, 1751, 1752, 1746, -1, 1746, 1752, 1753, -1, 1746, 1753, 1745, -1,
1745, 1753, 1743, -1, 1745, 1743, 1744, -1, 1742, 1743, 1753, -1, 1742, 1753, 1754, -1,
1742, 1754, 1755, -1, 1742, 1755, 1756, -1, 1742, 1756, 1741, -1, 1740, 1741, 1756, -1,
1740, 1756, 1757, -1, 1740, 1757, 1758, -1, 1740, 1758, 1759, -1, 1740, 1759, 1739, -1,
1739, 1759, 1738, -1, 1738, 1759, 1760, -1, 1738, 1760, 1736, -1, 1736, 1760, 1761, -1,
1736, 1761, 1762, -1, 1762, 1763, 1736, -1, 1736, 1763, 1764, -1, 1736, 1764, 1735, -1,
1735, 1764, 1733, -1, 1735, 1733, 1734, -1, 1732, 1733, 1764, -1, 1732, 1764, 1765, -1,
1732, 1765, 1766, -1, 1732, 1766, 1767, -1, 1732, 1767, 1731, -1, 1730, 1731, 1767, -1,
1730, 1767, 1768, -1, 1730, 1768, 1769, -1, 1730, 1769, 1770, -1, 1730, 1770, 1729, -1,
1729, 1770, 1728, -1, 1728, 1770, 1720, -1, 1728, 1720, 1727, -1, 1727, 1720, 1721, -1,
1727, 1721, 1726, -1, 1726, 1721, 1722, -1, 1726, 1722, 1725, -1, 1725, 1722, 1723, -1,
1725, 1723, 1724, -1, 1706, 1712, 1705, -1, 1705, 1712, 1713, -1, 1705, 1713, 1704, -1,
1704, 1713, 1714, -1, 1704, 1714, 1715, -1, 1706, 1707, 1712, -1, 1712, 1707, 1708, -1,
1712, 1708, 1711, -1, 1711, 1708, 1709, -1, 1711, 1709, 1710, -1, 1786, 1787, 1785, -1,
1785, 1787, 1789, -1, 1785, 1789, 1784, -1, 1784, 1789, 1790, -1, 1784, 1790, 1783, -1,
1783, 1790, 1791, -1, 1783, 1791, 1782, -1, 1782, 1791, 1792, -1, 1782, 1792, 1793, -1,
1800, 1801, 1773, -1, 1773, 1801, 1802, -1, 1773, 1802, 1772, -1, 1772, 1802, 1803, -1,
1772, 1803, 1771, -1, 1771, 1803, 1805, -1, 1771, 1805, 1806, -1, 3312, 3313, 3305, -1,
3312, 3305, 3306, -1, 3312, 3306, 3307, -1, 3312, 3307, 3310, -1, 3312, 3310, 3311, -1,
3310, 3307, 3308, -1, 3310, 3308, 3309, -1, 3313, 3314, 3303, -1, 3313, 3303, 3304, -1,
3313, 3304, 3305, -1, 3289, 3300, 3317, -1, 3317, 3300, 3301, -1, 3317, 3301, 3316, -1,
3316, 3301, 3302, -1, 3316, 3302, 3315, -1, 3315, 3302, 3303, -1, 3315, 3303, 3314, -1,
3317, 3318, 3286, -1, 3317, 3286, 3287, -1, 3317, 3287, 3288, -1, 3317, 3288, 3289, -1,
3284, 3285, 3320, -1, 3320, 3285, 3286, -1, 3320, 3286, 3319, -1, 3319, 3286, 3318, -1,
3320, 3321, 3284, -1, 3284, 3321, 3322, -1, 3284, 3322, 3283, -1, 3283, 3322, 3323, -1,
3283, 3323, 3282, -1, 3282, 3323, 3331, -1, 3282, 3331, 3294, -1, 1798, 1799, 1775, -1,
1775, 1799, 1800, -1, 1775, 1800, 1774, -1, 1774, 1800, 1773, -1, 1778, 1796, 1777, -1,
1777, 1796, 1797, -1, 1777, 1797, 1776, -1, 1776, 1797, 1798, -1, 1776, 1798, 1775, -1,
1779, 1780, 1794, -1, 1779, 1794, 1795, -1, 1779, 1795, 1796, -1, 1779, 1796, 1778, -1,
1781, 1782, 1793, -1, 1781, 1793, 1794, -1, 1781, 1794, 1780, -1, 1810, 1812, 1809, -1,
1809, 1812, 1813, -1, 1809, 1813, 1808, -1, 1808, 1813, 1814, -1, 1808, 1814, 1807, -1,
1853, 1854, 1817, -1, 1817, 1854, 1855, -1, 1817, 1855, 1816, -1, 1816, 1855, 1856, -1,
1816, 1856, 1815, -1, 1815, 1856, 1864, -1, 1815, 1864, 1827, -1, 1856, 1857, 1864, -1,
1864, 1857, 1858, -1, 1864, 1858, 1863, -1, 1863, 1858, 1859, -1, 1863, 1859, 1862, -1,
1862, 1859, 1860, -1, 1862, 1860, 1861, -1, 1846, 1847, 1836, -1, 1836, 1847, 1848, -1,
1836, 1848, 1835, -1, 1835, 1848, 1849, -1, 1835, 1849, 1834, -1, 1834, 1849, 1850, -1,
1834, 1850, 1833, -1, 1833, 1850, 1822, -1, 1833, 1822, 1823, -1, 1824, 1825, 1830, -1,
1824, 1830, 1831, -1, 1824, 1831, 1832, -1, 1824, 1832, 1833, -1, 1824, 1833, 1823, -1,
1826, 1815, 1827, -1, 1826, 1827, 1828, -1, 1826, 1828, 1829, -1, 1826, 1829, 1830, -1,
1826, 1830, 1825, -1, 1883, 1884, 1900, -1, 1883, 1900, 1872, -1, 1883, 1872, 1873, -1,
1883, 1873, 1874, -1, 1883, 1874, 1882, -1, 1874, 1875, 1880, -1, 1874, 1880, 1881, -1,
1874, 1881, 1882, -1, 1876, 1865, 1878, -1, 1876, 1878, 1879, -1, 1876, 1879, 1880, -1,
1876, 1880, 1875, -1, 1878, 1865, 1877, -1, 1877, 1865, 1907, -1, 1877, 1907, 1914, -1,
1914, 1907, 1908, -1, 1914, 1908, 1913, -1, 1913, 1908, 1909, -1, 1913, 1909, 1912, -1,
1912, 1909, 1910, -1, 1912, 1910, 1911, -1, 1936, 1937, 1946, -1, 1946, 1937, 1938, -1,
1946, 1938, 1945, -1, 1945, 1938, 1940, -1, 1945, 1940, 1943, -1, 1943, 1940, 1941, -1,
1943, 1941, 1942, -1, 1957, 1958, 1963, -1, 1963, 1958, 1959, -1, 1963, 1959, 1962, -1,
1962, 1959, 1960, -1, 1962, 1960, 1961, -1, 1963, 1964, 1927, -1, 1963, 1927, 1915, -1,
1963, 1915, 1956, -1, 1963, 1956, 1957, -1, 1916, 1917, 1954, -1, 1916, 1954, 1955, -1,
1916, 1955, 1956, -1, 1916, 1956, 1915, -1, 1918, 1919, 1951, -1, 1918, 1951, 1952, -1,
1918, 1952, 1953, -1, 1918, 1953, 1954, -1, 1918, 1954, 1917, -1, 1932, 1933, 1922, -1,
1922, 1933, 1950, -1, 1922, 1950, 1921, -1, 1921, 1950, 1951, -1, 1921, 1951, 1920, -1,
1920, 1951, 1919, -1, 1925, 1926, 1929, -1, 1929, 1926, 1915, -1, 1929, 1915, 1928, -1,
1928, 1915, 1927, -1, 1925, 1929, 1930, -1, 1925, 1930, 1931, -1, 1925, 1931, 1932, -1,
1925, 1932, 1924, -1, 1932, 1922, 1923, -1, 1932, 1923, 1924, -1, 1947, 1948, 1935, -1,
1935, 1948, 1949, -1, 1935, 1949, 1934, -1, 1934, 1949, 1950, -1, 1934, 1950, 1933, -1,
1936, 1946, 1947, -1, 1936, 1947, 1935, -1, 2285, 2286, 2254, -1, 2285, 2254, 1973, -1,
2285, 1973, 1974, -1, 2285, 1974, 1975, -1, 2285, 1975, 2284, -1, 1975, 1976, 2282, -1,
1975, 2282, 2283, -1, 1975, 2283, 2284, -1, 1977, 1978, 2279, -1, 1977, 2279, 2280, -1,
1977, 2280, 2281, -1, 1977, 2281, 2282, -1, 1977, 2282, 1976, -1, 1978, 1979, 2279, -1,
2279, 1979, 1980, -1, 2279, 1980, 2278, -1, 2278, 1980, 2261, -1, 2278, 2261, 2262, -1,
1965, 1966, 2260, -1, 1965, 2260, 2261, -1, 1965, 2261, 1980, -1, 2262, 2263, 2276, -1,
2262, 2276, 2277, -1, 2262, 2277, 2278, -1, 2269, 2271, 2268, -1, 2268, 2271, 2273, -1,
2268, 2273, 2266, -1, 2266, 2273, 2274, -1, 2266, 2274, 2265, -1, 2265, 2274, 2275, -1,
2265, 2275, 2264, -1, 2264, 2275, 2276, -1, 2264, 2276, 2263, -1, 1996, 1997, 1992, -1,
1996, 1992, 1993, -1, 1996, 1993, 1994, -1, 1996, 1994, 1995, -1, 1990, 1991, 1999, -1,
1999, 1991, 1992, -1, 1999, 1992, 1998, -1, 1998, 1992, 1997, -1, 1990, 1999, 1989, -1,
1989, 1999, 1981, -1, 1989, 1981, 1988, -1, 1988, 1981, 1982, -1, 1988, 1982, 1987, -1,
1987, 1982, 1983, -1, 1987, 1983, 1986, -1, 1986, 1983, 1984, -1, 1986, 1984, 1985, -1,
3513, 3514, 3515, -1, 3513, 3515, 3516, -1, 3513, 3516, 3511, -1, 3513, 3511, 3512, -1,
3516, 3517, 3509, -1, 3516, 3509, 3510, -1, 3516, 3510, 3511, -1, 3518, 3519, 3506, -1,
3518, 3506, 3507, -1, 3518, 3507, 3508, -1, 3518, 3508, 3509, -1, 3518, 3509, 3517, -1,
3490, 3491, 3506, -1, 3490, 3506, 3519, -1, 3490, 3519, 3548, -1, 3490, 3548, 3549, -1,
3490, 3549, 3547, -1, 3504, 3505, 3493, -1, 3493, 3505, 3506, -1, 3493, 3506, 3492, -1,
3492, 3506, 3491, -1, 3503, 3504, 3493, -1, 3503, 3493, 3494, -1, 3503, 3494, 3495, -1,
3503, 3495, 3502, -1, 3497, 3499, 3496, -1, 3496, 3499, 3500, -1, 3496, 3500, 3495, -1,
3495, 3500, 3501, -1, 3495, 3501, 3502, -1, 2003, 2004, 2013, -1, 2013, 2004, 2005, -1,
2013, 2005, 2012, -1, 2012, 2005, 2007, -1, 2012, 2007, 2010, -1, 2010, 2007, 2008, -1,
2010, 2008, 2009, -1, 2024, 2025, 2030, -1, 2030, 2025, 2026, -1, 2030, 2026, 2029, -1,
2029, 2026, 2027, -1, 2029, 2027, 2028, -1, 2030, 2031, 2032, -1, 2030, 2032, 2043, -1,
2030, 2043, 2023, -1, 2030, 2023, 2024, -1, 2044, 2045, 2021, -1, 2044, 2021, 2022, -1,
2044, 2022, 2023, -1, 2044, 2023, 2043, -1, 2046, 2047, 2018, -1, 2046, 2018, 2019, -1,
2046, 2019, 2020, -1, 2046, 2020, 2021, -1, 2046, 2021, 2045, -1, 2047, 2048, 2018, -1,
2018, 2048, 2049, -1, 2018, 2049, 2017, -1, 2017, 2049, 2000, -1, 2017, 2000, 2001, -1,
2038, 2039, 2037, -1, 2038, 2037, 2000, -1, 2038, 2000, 2049, -1, 2014, 2015, 2002, -1,
2002, 2015, 2016, -1, 2002, 2016, 2001, -1, 2001, 2016, 2017, -1, 2003, 2013, 2014, -1,
2003, 2014, 2002, -1, 2041, 2042, 2034, -1, 2034, 2042, 2043, -1, 2034, 2043, 2033, -1,
2033, 2043, 2032, -1, 2041, 2034, 2035, -1, 2041, 2035, 2036, -1, 2041, 2036, 2037, -1,
2041, 2037, 2040, -1, 2054, 2055, 2056, -1, 2054, 2056, 2051, -1, 2054, 2051, 2052, -1,
2054, 2052, 2053, -1, 2056, 2057, 2051, -1, 2051, 2057, 2058, -1, 2051, 2058, 2050, -1,
2050, 2058, 2079, -1, 2050, 2079, 2080, -1, 2078, 2079, 2058, -1, 2078, 2058, 2059, -1,
2078, 2059, 2060, -1, 2078, 2060, 2061, -1, 2078, 2061, 2077, -1, 2076, 2077, 2061, -1,
2076, 2061, 2062, -1, 2076, 2062, 2063, -1, 2076, 2063, 2064, -1, 2076, 2064, 2075, -1,
2075, 2064, 2074, -1, 2074, 2064, 2065, -1, 2074, 2065, 2073, -1, 2073, 2065, 2066, -1,
2073, 2066, 2067, -1, 2073, 2067, 2072, -1, 2072, 2067, 2068, -1, 2072, 2068, 2071, -1,
2071, 2068, 2069, -1, 2071, 2069, 2070, -1, 2100, 2101, 2140, -1, 2100, 2140, 2141, -1,
2100, 2141, 2142, -1, 2100, 2142, 2143, -1, 2100, 2143, 2146, -1, 2100, 2146, 2147, -1,
2146, 2143, 2144, -1, 2146, 2144, 2145, -1, 2140, 2101, 2139, -1, 2139, 2101, 2102, -1,
2139, 2102, 2138, -1, 2138, 2102, 2103, -1, 2138, 2103, 2104, -1, 2138, 2104, 2137, -1,
2137, 2104, 2105, -1, 2137, 2105, 2136, -1, 2136, 2105, 1696, -1, 2136, 1696, 1697, -1,
2105, 2106, 1693, -1, 2105, 1693, 1694, -1, 2105, 1694, 1695, -1, 2105, 1695, 1696, -1,
1691, 1692, 2108, -1, 2108, 1692, 1693, -1, 2108, 1693, 2107, -1, 2107, 1693, 2106, -1,
1691, 2108, 2109, -1, 1691, 2109, 2110, -1, 1691, 2110, 2111, -1, 1691, 2111, 1690, -1,
2128, 2129, 2112, -1, 2112, 2129, 1688, -1, 2112, 1688, 2111, -1, 2111, 1688, 1689, -1,
2111, 1689, 1690, -1, 2112, 2113, 2128, -1, 2128, 2113, 2114, -1, 2128, 2114, 2127, -1,
2127, 2114, 2115, -1, 2127, 2115, 2126, -1, 2126, 2115, 2116, -1, 2126, 2116, 2125, -1,
2125, 2116, 2117, -1, 2125, 2117, 2124, -1, 2124, 2117, 2119, -1, 2124, 2119, 2122, -1,
2122, 2119, 2120, -1, 2122, 2120, 2121, -1, 1698, 1699, 2133, -1, 1698, 2133, 2134, -1,
1698, 2134, 2135, -1, 1698, 2135, 2136, -1, 1698, 2136, 1697, -1, 1700, 1701, 2130, -1,
1700, 2130, 2131, -1, 1700, 2131, 2132, -1, 1700, 2132, 2133, -1, 1700, 2133, 1699, -1,
1688, 2129, 1703, -1, 1703, 2129, 2130, -1, 1703, 2130, 1702, -1, 1702, 2130, 1701, -1,
2187, 2188, 2189, -1, 2187, 2189, 2184, -1, 2187, 2184, 2185, -1, 2187, 2185, 2186, -1,
2182, 2183, 2191, -1, 2191, 2183, 2184, -1, 2191, 2184, 2190, -1, 2190, 2184, 2189, -1,
2191, 2192, 2204, -1, 2191, 2204, 2205, -1, 2191, 2205, 2159, -1, 2191, 2159, 2148, -1,
2191, 2148, 2181, -1, 2191, 2181, 2182, -1, 2202, 2203, 2194, -1, 2194, 2203, 2204, -1,
2194, 2204, 2193, -1, 2193, 2204, 2192, -1, 2202, 2194, 2195, -1, 2202, 2195, 2196, -1,
2202, 2196, 2197, -1, 2202, 2197, 2201, -1, 2198, 2199, 2200, -1, 2198, 2200, 2201, -1,
2198, 2201, 2197, -1, 2149, 2150, 2179, -1, 2149, 2179, 2180, -1, 2149, 2180, 2181, -1,
2149, 2181, 2148, -1, 2151, 2152, 2176, -1, 2151, 2176, 2177, -1, 2151, 2177, 2178, -1,
2151, 2178, 2179, -1, 2151, 2179, 2150, -1, 2152, 2153, 2176, -1, 2176, 2153, 2164, -1,
2176, 2164, 2175, -1, 2175, 2164, 2165, -1, 2175, 2165, 2174, -1, 2174, 2165, 2166, -1,
2174, 2166, 2173, -1, 2173, 2166, 2168, -1, 2173, 2168, 2171, -1, 2171, 2168, 2169, -1,
2171, 2169, 2170, -1, 2154, 2155, 2163, -1, 2154, 2163, 2164, -1, 2154, 2164, 2153, -1,
2161, 2156, 2160, -1, 2160, 2156, 2157, -1, 2160, 2157, 2159, -1, 2159, 2157, 2158, -1,
2159, 2158, 2148, -1, 2156, 2161, 2162, -1, 2156, 2162, 2163, -1, 2156, 2163, 2155, -1,
3210, 3211, 2215, -1, 3210, 2215, 2216, -1, 3210, 2216, 2206, -1, 3210, 2206, 3185, -1,
3210, 3185, 3195, -1, 3210, 3195, 3209, -1, 2214, 2215, 3211, -1, 2214, 3211, 3212, -1,
2214, 3212, 3213, -1, 2214, 3213, 3214, -1, 2214, 3214, 2213, -1, 2209, 2210, 3227, -1,
3227, 2210, 2211, -1, 3227, 2211, 3215, -1, 3215, 2211, 2212, -1, 3215, 2212, 3214, -1,
3214, 2212, 2213, -1, 3191, 3192, 3193, -1, 3191, 3193, 3188, -1, 3191, 3188, 3189, -1,
3191, 3189, 3190, -1, 3186, 3187, 3195, -1, 3195, 3187, 3188, -1, 3195, 3188, 3194, -1,
3194, 3188, 3193, -1, 3208, 3209, 3195, -1, 3208, 3195, 3196, -1, 3208, 3196, 3197, -1,
3208, 3197, 3198, -1, 3208, 3198, 3207, -1, 3206, 3207, 3198, -1, 3206, 3198, 3199, -1,
3206, 3199, 3200, -1, 3206, 3200, 3201, -1, 3206, 3201, 3205, -1, 3202, 3203, 3204, -1,
3202, 3204, 3205, -1, 3202, 3205, 3201, -1, 2207, 2208, 3230, -1, 2207, 3230, 3231, -1,
2207, 3231, 3185, -1, 2207, 3185, 2206, -1, 2209, 3227, 3228, -1, 2209, 3228, 3229, -1,
2209, 3229, 3230, -1, 2209, 3230, 2208, -1, 3227, 3215, 3226, -1, 3226, 3215, 3216, -1,
3226, 3216, 3225, -1, 3225, 3216, 3217, -1, 3225, 3217, 3224, -1, 3224, 3217, 3219, -1,
3224, 3219, 3222, -1, 3222, 3219, 3220, -1, 3222, 3220, 3221, -1, 2217, 2218, 2223, -1,
2217, 2223, 2224, -1, 2217, 2224, 2225, -1, 2217, 2225, 2231, -1, 2217, 2231, 2232, -1,
2229, 2230, 2226, -1, 2229, 2226, 2227, -1, 2229, 2227, 2228, -1, 2231, 2225, 2226, -1,
2231, 2226, 2230, -1, 2221, 2222, 2223, -1, 2221, 2223, 2218, -1, 2221, 2218, 2219, -1,
2221, 2219, 2220, -1, 2233, 2234, 2239, -1, 2233, 2239, 2240, -1, 2233, 2240, 2241, -1,
2233, 2241, 2247, -1, 2233, 2247, 2248, -1, 2245, 2246, 2242, -1, 2245, 2242, 2243, -1,
2245, 2243, 2244, -1, 2247, 2241, 2242, -1, 2247, 2242, 2246, -1, 2237, 2238, 2239, -1,
2237, 2239, 2234, -1, 2237, 2234, 2235, -1, 2237, 2235, 2236, -1, 2301, 2302, 2340, -1,
2340, 2302, 2303, -1, 2340, 2303, 2328, -1, 2328, 2303, 2304, -1, 2328, 2304, 2327, -1,
2327, 2304, 2326, -1, 2301, 2340, 2341, -1, 2301, 2341, 2342, -1, 2301, 2342, 2343, -1,
2301, 2343, 2300, -1, 2299, 2300, 2343, -1, 2299, 2343, 2344, -1, 2299, 2344, 2345, -1,
2299, 2345, 2346, -1, 2299, 2346, 2298, -1, 2298, 2346, 2297, -1, 2297, 2346, 2347, -1,
2297, 2347, 2326, -1, 2326, 2347, 2312, -1, 2326, 2312, 2313, -1, 2334, 2335, 2333, -1,
2333, 2335, 2336, -1, 2333, 2336, 2331, -1, 2331, 2336, 2337, -1, 2331, 2337, 2330, -1,
2330, 2337, 2329, -1, 2338, 2339, 2328, -1, 2338, 2328, 2329, -1, 2338, 2329, 2337, -1,
2317, 2318, 2322, -1, 2322, 2318, 2319, -1, 2322, 2319, 2321, -1, 2321, 2319, 2320, -1,
2316, 2317, 2322, -1, 2316, 2322, 2323, -1, 2316, 2323, 2324, -1, 2316, 2324, 2315, -1,
2324, 2325, 2313, -1, 2324, 2313, 2314, -1, 2324, 2314, 2315, -1, 2306, 2308, 2305, -1,
2305, 2308, 2310, -1, 2305, 2310, 2349, -1, 2349, 2310, 2311, -1, 2349, 2311, 2348, -1,
2348, 2311, 2312, -1, 2348, 2312, 2347, -1, 2390, 2391, 2392, -1, 2390, 2392, 2387, -1,
2390, 2387, 2388, -1, 2390, 2388, 2389, -1, 2385, 2386, 2394, -1, 2394, 2386, 2387, -1,
2394, 2387, 2393, -1, 2393, 2387, 2392, -1, 2394, 2395, 2407, -1, 2394, 2407, 2408, -1,
2394, 2408, 2362, -1, 2394, 2362, 2351, -1, 2394, 2351, 2384, -1, 2394, 2384, 2385, -1,
2405, 2406, 2397, -1, 2397, 2406, 2407, -1, 2397, 2407, 2396, -1, 2396, 2407, 2395, -1,
2405, 2397, 2398, -1, 2405, 2398, 2399, -1, 2405, 2399, 2400, -1, 2405, 2400, 2404, -1,
2401, 2402, 2403, -1, 2401, 2403, 2404, -1, 2401, 2404, 2400, -1, 2352, 2353, 2382, -1,
2352, 2382, 2383, -1, 2352, 2383, 2384, -1, 2352, 2384, 2351, -1, 2354, 2355, 2379, -1,
2354, 2379, 2380, -1, 2354, 2380, 2381, -1, 2354, 2381, 2382, -1, 2354, 2382, 2353, -1,
2355, 2356, 2379, -1, 2379, 2356, 2367, -1, 2379, 2367, 2378, -1, 2378, 2367, 2368, -1,
2378, 2368, 2377, -1, 2377, 2368, 2369, -1, 2377, 2369, 2376, -1, 2376, 2369, 2371, -1,
2376, 2371, 2374, -1, 2374, 2371, 2372, -1, 2374, 2372, 2373, -1, 2357, 2358, 2366, -1,
2357, 2366, 2367, -1, 2357, 2367, 2356, -1, 2364, 2359, 2363, -1, 2363, 2359, 2360, -1,
2363, 2360, 2362, -1, 2362, 2360, 2361, -1, 2362, 2361, 2351, -1, 2359, 2364, 2365, -1,
2359, 2365, 2366, -1, 2359, 2366, 2358, -1, 2410, 2411, 2424, -1, 2424, 2411, 2412, -1,
2424, 2412, 2423, -1, 2423, 2412, 2413, -1, 2423, 2413, 2422, -1, 2422, 2413, 2414, -1,
2422, 2414, 2421, -1, 2421, 2414, 2416, -1, 2421, 2416, 2419, -1, 2419, 2416, 2417, -1,
2419, 2417, 2418, -1, 2433, 2434, 2439, -1, 2439, 2434, 2435, -1, 2439, 2435, 2438, -1,
2438, 2435, 2436, -1, 2438, 2436, 2437, -1, 2439, 2440, 2441, -1, 2439, 2441, 2452, -1,
2439, 2452, 2432, -1, 2439, 2432, 2433, -1, 2453, 2454, 2430, -1, 2453, 2430, 2431, -1,
2453, 2431, 2432, -1, 2453, 2432, 2452, -1, 2455, 2456, 2427, -1, 2455, 2427, 2428, -1,
2455, 2428, 2429, -1, 2455, 2429, 2430, -1, 2455, 2430, 2454, -1, 2456, 2457, 2427, -1,
2427, 2457, 2458, -1, 2427, 2458, 2426, -1, 2426, 2458, 2409, -1, 2426, 2409, 2410, -1,
2447, 2448, 2446, -1, 2447, 2446, 2409, -1, 2447, 2409, 2458, -1, 2410, 2424, 2425, -1,
2410, 2425, 2426, -1, 2450, 2451, 2443, -1, 2443, 2451, 2452, -1, 2443, 2452, 2442, -1,
2442, 2452, 2441, -1, 2450, 2443, 2444, -1, 2450, 2444, 2445, -1, 2450, 2445, 2446, -1,
2450, 2446, 2449, -1, 2498, 2499, 2500, -1, 2498, 2500, 2495, -1, 2498, 2495, 2496, -1,
2498, 2496, 2497, -1, 2493, 2494, 2502, -1, 2502, 2494, 2495, -1, 2502, 2495, 2501, -1,
2501, 2495, 2500, -1, 2502, 2503, 2515, -1, 2502, 2515, 2516, -1, 2502, 2516, 2470, -1,
2502, 2470, 2459, -1, 2502, 2459, 2492, -1, 2502, 2492, 2493, -1, 2513, 2514, 2505, -1,
2505, 2514, 2515, -1, 2505, 2515, 2504, -1, 2504, 2515, 2503, -1, 2513, 2505, 2506, -1,
2513, 2506, 2507, -1, 2513, 2507, 2508, -1, 2513, 2508, 2512, -1, 2509, 2510, 2511, -1,
2509, 2511, 2512, -1, 2509, 2512, 2508, -1, 2460, 2461, 2490, -1, 2460, 2490, 2491, -1,
2460, 2491, 2492, -1, 2460, 2492, 2459, -1, 2462, 2463, 2487, -1, 2462, 2487, 2488, -1,
2462, 2488, 2489, -1, 2462, 2489, 2490, -1, 2462, 2490, 2461, -1, 2463, 2464, 2487, -1,
2487, 2464, 2475, -1, 2487, 2475, 2486, -1, 2486, 2475, 2476, -1, 2486, 2476, 2485, -1,
2485, 2476, 2477, -1, 2485, 2477, 2484, -1, 2484, 2477, 2479, -1, 2484, 2479, 2482, -1,
2482, 2479, 2480, -1, 2482, 2480, 2481, -1, 2465, 2466, 2474, -1, 2465, 2474, 2475, -1,
2465, 2475, 2464, -1, 2472, 2467, 2471, -1, 2471, 2467, 2468, -1, 2471, 2468, 2470, -1,
2470, 2468, 2469, -1, 2470, 2469, 2459, -1, 2467, 2472, 2473, -1, 2467, 2473, 2474, -1,
2467, 2474, 2466, -1, 2532, 2533, 2538, -1, 2532, 2538, 2539, -1, 2532, 2539, 2540, -1,
2532, 2540, 2530, -1, 2532, 2530, 2531, -1, 2577, 2578, 2570, -1, 2577, 2570, 2571, -1,
2577, 2571, 2572, -1, 2577, 2572, 2575, -1, 2577, 2575, 2576, -1, 2575, 2572, 2573, -1,
2575, 2573, 2574, -1, 2643, 2644, 2642, -1, 2642, 2644, 2646, -1, 2642, 2646, 2641, -1,
2641, 2646, 2647, -1, 2641, 2647, 2640, -1, 2640, 2647, 2648, -1, 2640, 2648, 2639, -1,
2639, 2648, 2649, -1, 2639, 2649, 2650, -1, 2601, 2602, 2603, -1, 2601, 2603, 2598, -1,
2601, 2598, 2599, -1, 2601, 2599, 2600, -1, 2603, 2604, 2598, -1, 2598, 2604, 2605, -1,
2598, 2605, 2597, -1, 2597, 2605, 2626, -1, 2597, 2626, 2627, -1, 2625, 2626, 2605, -1,
2625, 2605, 2606, -1, 2625, 2606, 2607, -1, 2625, 2607, 2608, -1, 2625, 2608, 2624, -1,
2623, 2624, 2608, -1, 2623, 2608, 2609, -1, 2623, 2609, 2610, -1, 2623, 2610, 2611, -1,
2623, 2611, 2622, -1, 2622, 2611, 2621, -1, 2621, 2611, 2612, -1, 2621, 2612, 2620, -1,
2620, 2612, 2613, -1, 2620, 2613, 2614, -1, 2620, 2614, 2619, -1, 2619, 2614, 2615, -1,
2619, 2615, 2618, -1, 2618, 2615, 2616, -1, 2618, 2616, 2617, -1, 2517, 2518, 2523, -1,
2523, 2518, 2519, -1, 2523, 2519, 2522, -1, 2522, 2519, 2520, -1, 2522, 2520, 2521, -1,
2545, 2546, 2526, -1, 2526, 2546, 2517, -1, 2526, 2517, 2525, -1, 2525, 2517, 2523, -1,
2525, 2523, 2524, -1, 2544, 2545, 2526, -1, 2544, 2526, 2527, -1, 2544, 2527, 2528, -1,
2544, 2528, 2543, -1, 2528, 2529, 2541, -1, 2528, 2541, 2542, -1, 2528, 2542, 2543, -1,
2530, 2540, 2541, -1, 2530, 2541, 2529, -1, 2536, 2537, 2538, -1, 2536, 2538, 2533, -1,
2536, 2533, 2534, -1, 2536, 2534, 2535, -1, 2570, 2578, 2569, -1, 2569, 2578, 2579, -1,
2569, 2579, 2568, -1, 2568, 2579, 2580, -1, 2568, 2580, 2567, -1, 2567, 2580, 2581, -1,
2567, 2581, 2566, -1, 2566, 2581, 2582, -1, 2566, 2582, 2565, -1, 2565, 2582, 2554, -1,
2565, 2554, 2555, -1, 2582, 2583, 2551, -1, 2582, 2551, 2552, -1, 2582, 2552, 2553, -1,
2582, 2553, 2554, -1, 2549, 2550, 2585, -1, 2585, 2550, 2551, -1, 2585, 2551, 2584, -1,
2584, 2551, 2583, -1, 2585, 2586, 2549, -1, 2549, 2586, 2587, -1, 2549, 2587, 2548, -1,
2548, 2587, 2588, -1, 2548, 2588, 2547, -1, 2547, 2588, 2596, -1, 2547, 2596, 2559, -1,
2588, 2589, 2596, -1, 2596, 2589, 2590, -1, 2596, 2590, 2595, -1, 2595, 2590, 2591, -1,
2595, 2591, 2594, -1, 2594, 2591, 2592, -1, 2594, 2592, 2593, -1, 2556, 2557, 2562, -1,
2556, 2562, 2563, -1, 2556, 2563, 2564, -1, 2556, 2564, 2565, -1, 2556, 2565, 2555, -1,
2558, 2547, 2559, -1, 2558, 2559, 2560, -1, 2558, 2560, 2561, -1, 2558, 2561, 2562, -1,
2558, 2562, 2557, -1, 2667, 2669, 2666, -1, 2666, 2669, 2670, -1, 2666, 2670, 2665, -1,
2665, 2670, 2671, -1, 2665, 2671, 2664, -1, 2701, 2702, 2698, -1, 2701, 2698, 2699, -1,
2701, 2699, 2700, -1, 2696, 2697, 2704, -1, 2704, 2697, 2698, -1, 2704, 2698, 2703, -1,
2703, 2698, 2702, -1, 2696, 2704, 2705, -1, 2696, 2705, 2706, -1, 2696, 2706, 2707, -1,
2696, 2707, 2695, -1, 2677, 2692, 2708, -1, 2708, 2692, 2693, -1, 2708, 2693, 2707, -1,
2707, 2693, 2694, -1, 2707, 2694, 2695, -1, 2682, 2683, 2687, -1, 2687, 2683, 2684, -1,
2687, 2684, 2686, -1, 2686, 2684, 2685, -1, 2681, 2682, 2687, -1, 2681, 2687, 2688, -1,
2681, 2688, 2689, -1, 2681, 2689, 2680, -1, 2689, 2690, 2678, -1, 2689, 2678, 2679, -1,
2689, 2679, 2680, -1, 2678, 2690, 2691, -1, 2678, 2691, 2692, -1, 2678, 2692, 2677, -1,
2716, 2718, 2715, -1, 2715, 2718, 2672, -1, 2715, 2672, 2713, -1, 2713, 2672, 2673, -1,
2713, 2673, 2712, -1, 2712, 2673, 2674, -1, 2712, 2674, 2711, -1, 2711, 2674, 2675, -1,
2711, 2675, 2710, -1, 2710, 2675, 2676, -1, 2710, 2676, 2709, -1, 2709, 2676, 2677, -1,
2709, 2677, 2708, -1, 2778, 2736, 2777, -1, 2777, 2736, 2737, -1, 2777, 2737, 2776, -1,
2776, 2737, 2738, -1, 2776, 2738, 2775, -1, 2775, 2738, 2739, -1, 2775, 2739, 2774, -1,
2774, 2739, 2740, -1, 2774, 2740, 2773, -1, 2773, 2740, 2741, -1, 2773, 2741, 2772, -1,
2772, 2741, 2728, -1, 2772, 2728, 2729, -1, 2730, 2731, 2769, -1, 2730, 2769, 2770, -1,
2730, 2770, 2771, -1, 2730, 2771, 2772, -1, 2730, 2772, 2729, -1, 2732, 2733, 2766, -1,
2732, 2766, 2767, -1, 2732, 2767, 2768, -1, 2732, 2768, 2769, -1, 2732, 2769, 2731, -1,
2733, 2734, 2766, -1, 2766, 2734, 2735, -1, 2766, 2735, 2765, -1, 2765, 2735, 2748, -1,
2765, 2748, 2749, -1, 2720, 2721, 2747, -1, 2720, 2747, 2748, -1, 2720, 2748, 2735, -1,
2765, 2749, 2764, -1, 2764, 2749, 2750, -1, 2764, 2750, 2763, -1, 2763, 2750, 2751, -1,
2763, 2751, 2762, -1, 2762, 2751, 2752, -1, 2762, 2752, 2761, -1, 2761, 2752, 2753, -1,
2761, 2753, 2760, -1, 2760, 2753, 2755, -1, 2760, 2755, 2758, -1, 2758, 2755, 2756, -1,
2758, 2756, 2757, -1, 2797, 2798, 2784, -1, 2784, 2798, 2808, -1, 2784, 2808, 2815, -1,
2815, 2808, 2809, -1, 2815, 2809, 2814, -1, 2814, 2809, 2810, -1, 2814, 2810, 2813, -1,
2813, 2810, 2811, -1, 2813, 2811, 2812, -1, 4484, 4485, 4480, -1, 4484, 4480, 4481, -1,
4484, 4481, 4482, -1, 4484, 4482, 4483, -1, 4478, 4479, 4487, -1, 4487, 4479, 4480, -1,
4487, 4480, 4486, -1, 4486, 4480, 4485, -1, 4478, 4487, 4477, -1, 4477, 4487, 4469, -1,
4477, 4469, 4476, -1, 4476, 4469, 4470, -1, 4476, 4470, 4475, -1, 4475, 4470, 4471, -1,
4475, 4471, 4474, -1, 4474, 4471, 4472, -1, 4474, 4472, 4473, -1, 4390, 4391, 4430, -1,
4390, 4430, 4431, -1, 4390, 4431, 4432, -1, 4390, 4432, 4433, -1, 4390, 4433, 4436, -1,
4390, 4436, 4437, -1, 4436, 4433, 4434, -1, 4436, 4434, 4435, -1, 4430, 4391, 4429, -1,
4429, 4391, 4392, -1, 4429, 4392, 4428, -1, 4428, 4392, 4393, -1, 4428, 4393, 4394, -1,
4428, 4394, 4427, -1, 4427, 4394, 4395, -1, 4427, 4395, 4426, -1, 4426, 4395, 1316, -1,
4426, 1316, 1317, -1, 4395, 4396, 1313, -1, 4395, 1313, 1314, -1, 4395, 1314, 1315, -1,
4395, 1315, 1316, -1, 1311, 1312, 4398, -1, 4398, 1312, 1313, -1, 4398, 1313, 4397, -1,
4397, 1313, 4396, -1, 1311, 4398, 4399, -1, 1311, 4399, 4400, -1, 1311, 4400, 4401, -1,
1311, 4401, 1310, -1, 4418, 4419, 4402, -1, 4402, 4419, 1308, -1, 4402, 1308, 4401, -1,
4401, 1308, 1309, -1, 4401, 1309, 1310, -1, 4402, 4403, 4418, -1, 4418, 4403, 4404, -1,
4418, 4404, 4417, -1, 4417, 4404, 4405, -1, 4417, 4405, 4416, -1, 4416, 4405, 4406, -1,
4416, 4406, 4415, -1, 4415, 4406, 4407, -1, 4415, 4407, 4414, -1, 4414, 4407, 4409, -1,
4414, 4409, 4412, -1, 4412, 4409, 4410, -1, 4412, 4410, 4411, -1, 2800, 2801, 2806, -1,
2806, 2801, 2802, -1, 2806, 2802, 2805, -1, 2805, 2802, 2803, -1, 2805, 2803, 2804, -1,
2799, 2800, 2806, -1, 2799, 2806, 2807, -1, 2799, 2807, 2808, -1, 2799, 2808, 2798, -1,
2797, 2784, 2796, -1, 2796, 2784, 2785, -1, 2796, 2785, 2794, -1, 2794, 2785, 2787, -1,
2794, 2787, 2792, -1, 2792, 2787, 2788, -1, 2792, 2788, 2791, -1, 2791, 2788, 2789, -1,
2791, 2789, 2790, -1, 2835, 2836, 2837, -1, 2835, 2837, 2832, -1, 2835, 2832, 2833, -1,
2835, 2833, 2834, -1, 2837, 2838, 2832, -1, 2832, 2838, 2839, -1, 2832, 2839, 2831, -1,
2831, 2839, 2829, -1, 2831, 2829, 2830, -1, 2828, 2829, 2839, -1, 2828, 2839, 2840, -1,
2828, 2840, 2841, -1, 2828, 2841, 2842, -1, 2828, 2842, 2827, -1, 2826, 2827, 2842, -1,
2826, 2842, 2843, -1, 2826, 2843, 2844, -1, 2826, 2844, 2845, -1, 2826, 2845, 2825, -1,
2825, 2845, 2824, -1, 2824, 2845, 2816, -1, 2824, 2816, 2823, -1, 2823, 2816, 2817, -1,
2823, 2817, 2822, -1, 2822, 2817, 2818, -1, 2822, 2818, 2821, -1, 2821, 2818, 2819, -1,
2821, 2819, 2820, -1, 1268, 1269, 1261, -1, 1268, 1261, 1262, -1, 1268, 1262, 1263, -1,
1268, 1263, 1266, -1, 1268, 1266, 1267, -1, 1266, 1263, 1264, -1, 1266, 1264, 1265, -1,
4368, 4369, 4376, -1, 4376, 4369, 4370, -1, 4376, 4370, 4375, -1, 4375, 4370, 4372, -1,
4375, 4372, 4374, -1, 4374, 4372, 4373, -1, 1269, 1270, 1259, -1, 1269, 1259, 1260, -1,
1269, 1260, 1261, -1, 1273, 1274, 1238, -1, 1273, 1238, 1239, -1, 1273, 1239, 1240, -1,
1273, 1240, 1241, -1, 1235, 1236, 1277, -1, 1277, 1236, 1237, -1, 1277, 1237, 1276, -1,
1276, 1237, 1238, -1, 1276, 1238, 1275, -1, 1275, 1238, 1274, -1, 1234, 1235, 1277, -1,
1234, 1277, 1278, -1, 1234, 1278, 1279, -1, 1234, 1279, 1280, -1, 1234, 1280, 1233, -1,
2850, 2851, 2852, -1, 2850, 2852, 2847, -1, 2850, 2847, 2848, -1, 2850, 2848, 2849, -1,
2852, 2853, 2847, -1, 2847, 2853, 2854, -1, 2847, 2854, 2846, -1, 2846, 2854, 2875, -1,
2846, 2875, 2876, -1, 2874, 2875, 2854, -1, 2874, 2854, 2855, -1, 2874, 2855, 2856, -1,
2874, 2856, 2857, -1, 2874, 2857, 2873, -1, 2872, 2873, 2857, -1, 2872, 2857, 2858, -1,
2872, 2858, 2859, -1, 2872, 2859, 2860, -1, 2872, 2860, 2871, -1, 2871, 2860, 2870, -1,
2870, 2860, 2861, -1, 2870, 2861, 2869, -1, 2869, 2861, 2862, -1, 2869, 2862, 2863, -1,
2869, 2863, 2868, -1, 2868, 2863, 2864, -1, 2868, 2864, 2867, -1, 2867, 2864, 2865, -1,
2867, 2865, 2866, -1, 2943, 2944, 2942, -1, 2942, 2944, 2946, -1, 2942, 2946, 2941, -1,
2941, 2946, 2947, -1, 2941, 2947, 2940, -1, 2940, 2947, 2948, -1, 2940, 2948, 2939, -1,
2939, 2948, 2949, -1, 2939, 2949, 2950, -1, 2957, 2958, 2930, -1, 2930, 2958, 2959, -1,
2930, 2959, 2929, -1, 2929, 2959, 2960, -1, 2929, 2960, 2928, -1, 2928, 2960, 2962, -1,
2928, 2962, 2963, -1, 2955, 2956, 2932, -1, 2932, 2956, 2957, -1, 2932, 2957, 2931, -1,
2931, 2957, 2930, -1, 2935, 2953, 2934, -1, 2934, 2953, 2954, -1, 2934, 2954, 2933, -1,
2933, 2954, 2955, -1, 2933, 2955, 2932, -1, 2936, 2937, 2951, -1, 2936, 2951, 2952, -1,
2936, 2952, 2953, -1, 2936, 2953, 2935, -1, 2938, 2939, 2950, -1, 2938, 2950, 2951, -1,
2938, 2951, 2937, -1, 2967, 2969, 2966, -1, 2966, 2969, 2970, -1, 2966, 2970, 2965, -1,
2965, 2970, 2971, -1, 2965, 2971, 2964, -1, 2980, 2982, 2979, -1, 2979, 2982, 2984, -1,
2979, 2984, 2977, -1, 2977, 2984, 2985, -1, 2977, 2985, 2976, -1, 2976, 2985, 2986, -1,
2976, 2986, 2975, -1, 2975, 2986, 2987, -1, 2975, 2987, 2974, -1, 2974, 2987, 2988, -1,
2974, 2988, 2973, -1, 2973, 2988, 2989, -1, 2973, 2989, 2972, -1, 2972, 2989, 3021, -1,
2972, 3021, 3010, -1, 2996, 2997, 3002, -1, 3002, 2997, 2998, -1, 3002, 2998, 3001, -1,
3001, 2998, 2999, -1, 3001, 2999, 3000, -1, 3002, 3003, 3004, -1, 3002, 3004, 3015, -1,
3002, 3015, 2995, -1, 3002, 2995, 2996, -1, 3016, 3017, 2993, -1, 3016, 2993, 2994, -1,
3016, 2994, 2995, -1, 3016, 2995, 3015, -1, 3018, 3019, 2990, -1, 3018, 2990, 2991, -1,
3018, 2991, 2992, -1, 3018, 2992, 2993, -1, 3018, 2993, 3017, -1, 2990, 3019, 3020, -1,
2990, 3020, 3021, -1, 2990, 3021, 2989, -1, 3013, 3014, 3006, -1, 3006, 3014, 3015, -1,
3006, 3015, 3005, -1, 3005, 3015, 3004, -1, 3013, 3006, 3007, -1, 3013, 3007, 3008, -1,
3013, 3008, 3009, -1, 3013, 3009, 3012, -1, 3009, 2972, 3010, -1, 3009, 3010, 3011, -1,
3009, 3011, 3012, -1, 3038, 3039, 3031, -1, 3031, 3039, 3040, -1, 3031, 3040, 3030, -1,
3030, 3040, 3029, -1, 3037, 3038, 3031, -1, 3037, 3031, 3032, -1, 3037, 3032, 3033, -1,
3037, 3033, 3036, -1, 3035, 3036, 3033, -1, 3035, 3033, 3022, -1, 3035, 3022, 3034, -1,
3122, 3123, 3082, -1, 3082, 3123, 3124, -1, 3082, 3124, 3081, -1, 3081, 3124, 3080, -1,
3121, 3122, 3082, -1, 3121, 3082, 3083, -1, 3121, 3083, 3084, -1, 3121, 3084, 3120, -1,
3084, 3085, 3118, -1, 3084, 3118, 3119, -1, 3084, 3119, 3120, -1, 3118, 3085, 3086, -1,
3118, 3086, 3087, -1, 3118, 3087, 3117, -1, 3101, 3102, 3115, -1, 3101, 3115, 3116, -1,
3101, 3116, 3117, -1, 3101, 3117, 3100, -1, 3108, 3110, 3107, -1, 3107, 3110, 3112, -1,
3107, 3112, 3105, -1, 3105, 3112, 3113, -1, 3105, 3113, 3104, -1, 3104, 3113, 3114, -1,
3104, 3114, 3103, -1, 3103, 3114, 3115, -1, 3103, 3115, 3102, -1, 3151, 3152, 3147, -1,
3151, 3147, 3148, -1, 3151, 3148, 3149, -1, 3151, 3149, 3150, -1, 3145, 3146, 3154, -1,
3154, 3146, 3147, -1, 3154, 3147, 3153, -1, 3153, 3147, 3152, -1, 3145, 3154, 3144, -1,
3144, 3154, 3136, -1, 3144, 3136, 3143, -1, 3143, 3136, 3137, -1, 3143, 3137, 3142, -1,
3142, 3137, 3138, -1, 3142, 3138, 3141, -1, 3141, 3138, 3139, -1, 3141, 3139, 3140, -1,
3233, 3234, 3247, -1, 3247, 3234, 3235, -1, 3247, 3235, 3246, -1, 3246, 3235, 3236, -1,
3246, 3236, 3245, -1, 3245, 3236, 3237, -1, 3245, 3237, 3244, -1, 3244, 3237, 3239, -1,
3244, 3239, 3242, -1, 3242, 3239, 3240, -1, 3242, 3240, 3241, -1, 3174, 3175, 3176, -1,
3174, 3176, 3171, -1, 3174, 3171, 3172, -1, 3174, 3172, 3173, -1, 3176, 3177, 3171, -1,
3171, 3177, 3178, -1, 3171, 3178, 3170, -1, 3170, 3178, 3168, -1, 3170, 3168, 3169, -1,
3167, 3168, 3178, -1, 3167, 3178, 3179, -1, 3167, 3179, 3180, -1, 3167, 3180, 3181, -1,
3167, 3181, 3166, -1, 3165, 3166, 3181, -1, 3165, 3181, 3182, -1, 3165, 3182, 3183, -1,
3165, 3183, 3184, -1, 3165, 3184, 3164, -1, 3164, 3184, 3163, -1, 3163, 3184, 3155, -1,
3163, 3155, 3162, -1, 3162, 3155, 3156, -1, 3162, 3156, 3161, -1, 3161, 3156, 3157, -1,
3161, 3157, 3160, -1, 3160, 3157, 3158, -1, 3160, 3158, 3159, -1, 3256, 3257, 3262, -1,
3262, 3257, 3258, -1, 3262, 3258, 3261, -1, 3261, 3258, 3259, -1, 3261, 3259, 3260, -1,
3262, 3263, 3264, -1, 3262, 3264, 3275, -1, 3262, 3275, 3255, -1, 3262, 3255, 3256, -1,
3276, 3277, 3253, -1, 3276, 3253, 3254, -1, 3276, 3254, 3255, -1, 3276, 3255, 3275, -1,
3278, 3279, 3250, -1, 3278, 3250, 3251, -1, 3278, 3251, 3252, -1, 3278, 3252, 3253, -1,
3278, 3253, 3277, -1, 3279, 3280, 3250, -1, 3250, 3280, 3281, -1, 3250, 3281, 3249, -1,
3249, 3281, 3232, -1, 3249, 3232, 3233, -1, 3270, 3271, 3269, -1, 3270, 3269, 3232, -1,
3270, 3232, 3281, -1, 3233, 3247, 3248, -1, 3233, 3248, 3249, -1, 3273, 3274, 3266, -1,
3266, 3274, 3275, -1, 3266, 3275, 3265, -1, 3265, 3275, 3264, -1, 3273, 3266, 3267, -1,
3273, 3267, 3268, -1, 3273, 3268, 3269, -1, 3273, 3269, 3272, -1, 3323, 3324, 3331, -1,
3331, 3324, 3325, -1, 3331, 3325, 3330, -1, 3330, 3325, 3326, -1, 3330, 3326, 3329, -1,
3329, 3326, 3327, -1, 3329, 3327, 3328, -1, 3298, 3299, 3291, -1, 3291, 3299, 3300, -1,
3291, 3300, 3290, -1, 3290, 3300, 3289, -1, 3297, 3298, 3291, -1, 3297, 3291, 3292, -1,
3297, 3292, 3293, -1, 3297, 3293, 3296, -1, 3293, 3282, 3294, -1, 3293, 3294, 3295, -1,
3293, 3295, 3296, -1, 3349, 3350, 3387, -1, 3387, 3350, 3351, -1, 3387, 3351, 3386, -1,
3386, 3351, 3352, -1, 3386, 3352, 3385, -1, 3385, 3352, 3353, -1, 3385, 3353, 3384, -1,
3384, 3353, 3340, -1, 3384, 3340, 3341, -1, 3342, 3343, 3381, -1, 3342, 3381, 3382, -1,
3342, 3382, 3383, -1, 3342, 3383, 3384, -1, 3342, 3384, 3341, -1, 3344, 3345, 3378, -1,
3344, 3378, 3379, -1, 3344, 3379, 3380, -1, 3344, 3380, 3381, -1, 3344, 3381, 3343, -1,
3345, 3346, 3378, -1, 3378, 3346, 3347, -1, 3378, 3347, 3377, -1, 3377, 3347, 3360, -1,
3377, 3360, 3361, -1, 3332, 3333, 3359, -1, 3332, 3359, 3360, -1, 3332, 3360, 3347, -1,
3361, 3362, 3375, -1, 3361, 3375, 3376, -1, 3361, 3376, 3377, -1, 3368, 3370, 3367, -1,
3367, 3370, 3372, -1, 3367, 3372, 3365, -1, 3365, 3372, 3373, -1, 3365, 3373, 3364, -1,
3364, 3373, 3374, -1, 3364, 3374, 3363, -1, 3363, 3374, 3375, -1, 3363, 3375, 3362, -1,
3348, 3349, 3388, -1, 3348, 3388, 3389, -1, 3348, 3389, 3390, -1, 3348, 3390, 3391, -1,
3348, 3391, 3394, -1, 3348, 3394, 3395, -1, 3394, 3391, 3392, -1, 3394, 3392, 3393, -1,
1845, 1846, 1837, -1, 1845, 1837, 1838, -1, 1845, 1838, 1839, -1, 1845, 1839, 1840, -1,
1845, 1840, 1843, -1, 1845, 1843, 1844, -1, 1843, 1840, 1841, -1, 1843, 1841, 1842, -1,
1895, 1896, 1887, -1, 1895, 1887, 1888, -1, 1895, 1888, 1889, -1, 1895, 1889, 1890, -1,
1895, 1890, 1893, -1, 1895, 1893, 1894, -1, 1893, 1890, 1891, -1, 1893, 1891, 1892, -1,
633, 634, 626, -1, 633, 626, 627, -1, 633, 627, 628, -1, 633, 628, 631, -1,
633, 631, 632, -1, 631, 628, 629, -1, 631, 629, 630, -1, 2249, 2250, 2290, -1,
2249, 2290, 2291, -1, 2249, 2291, 2292, -1, 2249, 2292, 2295, -1, 2249, 2295, 2296, -1,
2295, 2292, 2293, -1, 2295, 2293, 2294, -1, 2287, 2288, 2251, -1, 2251, 2288, 2289, -1,
2251, 2289, 2250, -1, 2250, 2289, 2290, -1, 2252, 2253, 2286, -1, 2252, 2286, 2287, -1,
2252, 2287, 2251, -1, 2254, 2255, 1970, -1, 2254, 1970, 1971, -1, 2254, 1971, 1972, -1,
2254, 1972, 1973, -1, 1968, 1969, 2257, -1, 2257, 1969, 1970, -1, 2257, 1970, 2256, -1,
2256, 1970, 2255, -1, 1968, 2257, 2258, -1, 1968, 2258, 2259, -1, 1968, 2259, 2260, -1,
1968, 2260, 1967, -1, 634, 635, 624, -1, 634, 624, 625, -1, 634, 625, 626, -1,
638, 639, 607, -1, 638, 607, 608, -1, 638, 608, 609, -1, 638, 609, 610, -1,
605, 606, 641, -1, 641, 606, 607, -1, 641, 607, 640, -1, 640, 607, 639, -1,
645, 603, 644, -1, 644, 603, 604, -1, 644, 604, 643, -1, 643, 604, 605, -1,
643, 605, 642, -1, 642, 605, 641, -1, 1887, 1896, 1886, -1, 1886, 1896, 1897, -1,
1886, 1897, 1885, -1, 1885, 1897, 1898, -1, 1885, 1898, 1884, -1, 1884, 1898, 1899, -1,
1884, 1899, 1900, -1, 1900, 1901, 1869, -1, 1900, 1869, 1870, -1, 1900, 1870, 1871, -1,
1900, 1871, 1872, -1, 1867, 1868, 1903, -1, 1903, 1868, 1869, -1, 1903, 1869, 1902, -1,
1902, 1869, 1901, -1, 1907, 1865, 1906, -1, 1906, 1865, 1866, -1, 1906, 1866, 1905, -1,
1905, 1866, 1867, -1, 1905, 1867, 1904, -1, 1904, 1867, 1903, -1, 1850, 1851, 1819, -1,
1850, 1819, 1820, -1, 1850, 1820, 1821, -1, 1850, 1821, 1822, -1, 1817, 1818, 1853, -1,
1853, 1818, 1819, -1, 1853, 1819, 1852, -1, 1852, 1819, 1851, -1, 3353, 3354, 3337, -1,
3353, 3337, 3338, -1, 3353, 3338, 3339, -1, 3353, 3339, 3340, -1, 3335, 3336, 3356, -1,
3356, 3336, 3337, -1, 3356, 3337, 3355, -1, 3355, 3337, 3354, -1, 3335, 3356, 3357, -1,
3335, 3357, 3358, -1, 3335, 3358, 3359, -1, 3335, 3359, 3334, -1, 3403, 3404, 3408, -1,
3403, 3408, 3409, -1, 3403, 3409, 3401, -1, 3403, 3401, 3402, -1, 3398, 3399, 3397, -1,
3397, 3399, 3400, -1, 3397, 3400, 3396, -1, 3396, 3400, 3411, -1, 3396, 3411, 3412, -1,
3410, 3411, 3400, -1, 3410, 3400, 3401, -1, 3410, 3401, 3409, -1, 3407, 3408, 3404, -1,
3407, 3404, 3405, -1, 3407, 3405, 3406, -1, 3415, 3396, 3412, -1, 3415, 3412, 3413, -1,
3415, 3413, 3414, -1, 3431, 3432, 3430, -1, 3430, 3432, 3434, -1, 3430, 3434, 3429, -1,
3429, 3434, 3435, -1, 3429, 3435, 3428, -1, 3428, 3435, 3436, -1, 3428, 3436, 3427, -1,
3427, 3436, 3437, -1, 3427, 3437, 3438, -1, 3445, 3446, 3418, -1, 3418, 3446, 3447, -1,
3418, 3447, 3417, -1, 3417, 3447, 3448, -1, 3417, 3448, 3416, -1, 3416, 3448, 3450, -1,
3416, 3450, 3451, -1, 3443, 3444, 3420, -1, 3420, 3444, 3445, -1, 3420, 3445, 3419, -1,
3419, 3445, 3418, -1, 3423, 3441, 3422, -1, 3422, 3441, 3442, -1, 3422, 3442, 3421, -1,
3421, 3442, 3443, -1, 3421, 3443, 3420, -1, 3424, 3425, 3439, -1, 3424, 3439, 3440, -1,
3424, 3440, 3441, -1, 3424, 3441, 3423, -1, 3426, 3427, 3438, -1, 3426, 3438, 3439, -1,
3426, 3439, 3425, -1, 3455, 3457, 3454, -1, 3454, 3457, 3458, -1, 3454, 3458, 3453, -1,
3453, 3458, 3459, -1, 3453, 3459, 3452, -1, 3479, 3480, 3481, -1, 3479, 3481, 3476, -1,
3479, 3476, 3477, -1, 3479, 3477, 3478, -1, 3481, 3482, 3476, -1, 3476, 3482, 3483, -1,
3476, 3483, 3475, -1, 3475, 3483, 3473, -1, 3475, 3473, 3474, -1, 3472, 3473, 3483, -1,
3472, 3483, 3484, -1, 3472, 3484, 3485, -1, 3472, 3485, 3486, -1, 3472, 3486, 3471, -1,
3470, 3471, 3486, -1, 3470, 3486, 3487, -1, 3470, 3487, 3488, -1, 3470, 3488, 3489, -1,
3470, 3489, 3469, -1, 3469, 3489, 3468, -1, 3468, 3489, 3460, -1, 3468, 3460, 3467, -1,
3467, 3460, 3461, -1, 3467, 3461, 3466, -1, 3466, 3461, 3462, -1, 3466, 3462, 3465, -1,
3465, 3462, 3463, -1, 3465, 3463, 3464, -1, 3558, 3559, 3521, -1, 3521, 3559, 3548, -1,
3521, 3548, 3520, -1, 3520, 3548, 3519, -1, 3558, 3521, 3522, -1, 3558, 3522, 3523, -1,
3558, 3523, 3524, -1, 3558, 3524, 3557, -1, 3524, 3525, 3555, -1, 3524, 3555, 3556, -1,
3524, 3556, 3557, -1, 3546, 3547, 3549, -1, 3546, 3549, 3550, -1, 3546, 3550, 3551, -1,
3546, 3551, 3545, -1, 3551, 3552, 3543, -1, 3551, 3543, 3544, -1, 3551, 3544, 3545, -1,
3543, 3552, 3553, -1, 3543, 3553, 3554, -1, 3543, 3554, 3542, -1, 3577, 3578, 3582, -1,
3577, 3582, 3583, -1, 3577, 3583, 3575, -1, 3577, 3575, 3576, -1, 3564, 3565, 3566, -1,
3564, 3566, 3561, -1, 3564, 3561, 3562, -1, 3564, 3562, 3563, -1, 3566, 3567, 3561, -1,
3561, 3567, 3568, -1, 3561, 3568, 3560, -1, 3560, 3568, 3589, -1, 3560, 3589, 3590, -1,
3588, 3589, 3568, -1, 3588, 3568, 3569, -1, 3588, 3569, 3570, -1, 3588, 3570, 3571, -1,
3588, 3571, 3587, -1, 3586, 3587, 3571, -1, 3586, 3571, 3572, -1, 3586, 3572, 3573, -1,
3586, 3573, 3574, -1, 3586, 3574, 3585, -1, 3584, 3585, 3574, -1, 3584, 3574, 3575, -1,
3584, 3575, 3583, -1, 3581, 3582, 3578, -1, 3581, 3578, 3579, -1, 3581, 3579, 3580, -1,
3591, 3592, 3593, -1, 3591, 3593, 3619, -1, 3591, 3619, 3620, -1, 3591, 3620, 3621, -1,
3617, 3618, 3595, -1, 3595, 3618, 3619, -1, 3595, 3619, 3594, -1, 3594, 3619, 3593, -1,
3595, 3596, 3615, -1, 3595, 3615, 3616, -1, 3595, 3616, 3617, -1, 3613, 3614, 3598, -1,
3598, 3614, 3615, -1, 3598, 3615, 3597, -1, 3597, 3615, 3596, -1, 3613, 3598, 3599, -1,
3613, 3599, 3600, -1, 3613, 3600, 3601, -1, 3613, 3601, 3612, -1, 3612, 3601, 3611, -1,
3611, 3601, 3602, -1, 3611, 3602, 3610, -1, 3610, 3602, 3603, -1, 3610, 3603, 3604, -1,
3610, 3604, 3609, -1, 3609, 3604, 3605, -1, 3609, 3605, 3608, -1, 3608, 3605, 3606, -1,
3608, 3606, 3607, -1, 3626, 3627, 3665, -1, 3665, 3627, 3628, -1, 3665, 3628, 3653, -1,
3653, 3628, 3629, -1, 3653, 3629, 3652, -1, 3652, 3629, 3651, -1, 3626, 3665, 3666, -1,
3626, 3666, 3667, -1, 3626, 3667, 3668, -1, 3626, 3668, 3625, -1, 3624, 3625, 3668, -1,
3624, 3668, 3669, -1, 3624, 3669, 3670, -1, 3624, 3670, 3671, -1, 3624, 3671, 3623, -1,
3623, 3671, 3622, -1, 3622, 3671, 3672, -1, 3622, 3672, 3651, -1, 3651, 3672, 3637, -1,
3651, 3637, 3638, -1, 3659, 3660, 3658, -1, 3658, 3660, 3661, -1, 3658, 3661, 3656, -1,
3656, 3661, 3662, -1, 3656, 3662, 3655, -1, 3655, 3662, 3654, -1, 3663, 3664, 3653, -1,
3663, 3653, 3654, -1, 3663, 3654, 3662, -1, 3707, 3701, 3706, -1, 3706, 3701, 3702, -1,
3706, 3702, 3705, -1, 3705, 3702, 3703, -1, 3705, 3703, 3704, -1, 3676, 3677, 3688, -1,
3676, 3688, 3689, -1, 3676, 3689, 3690, -1, 3676, 3690, 3700, -1, 3676, 3700, 3701, -1,
3676, 3701, 3707, -1, 3692, 3693, 3698, -1, 3698, 3693, 3694, -1, 3698, 3694, 3697, -1,
3697, 3694, 3695, -1, 3697, 3695, 3696, -1, 3691, 3692, 3698, -1, 3691, 3698, 3699, -1,
3691, 3699, 3700, -1, 3691, 3700, 3690, -1, 3688, 3677, 3686, -1, 3686, 3677, 3679, -1,
3686, 3679, 3684, -1, 3684, 3679, 3680, -1, 3684, 3680, 3683, -1, 3683, 3680, 3681, -1,
3683, 3681, 3682, -1, 3642, 3643, 3647, -1, 3647, 3643, 3644, -1, 3647, 3644, 3646, -1,
3646, 3644, 3645, -1, 3641, 3642, 3647, -1, 3641, 3647, 3648, -1, 3641, 3648, 3649, -1,
3641, 3649, 3640, -1, 3649, 3650, 3638, -1, 3649, 3638, 3639, -1, 3649, 3639, 3640, -1,
3631, 3633, 3630, -1, 3630, 3633, 3635, -1, 3630, 3635, 3674, -1, 3674, 3635, 3636, -1,
3674, 3636, 3673, -1, 3673, 3636, 3637, -1, 3673, 3637, 3672, -1, 3766, 3724, 3765, -1,
3765, 3724, 3725, -1, 3765, 3725, 3764, -1, 3764, 3725, 3726, -1, 3764, 3726, 3763, -1,
3763, 3726, 3727, -1, 3763, 3727, 3762, -1, 3762, 3727, 3728, -1, 3762, 3728, 3761, -1,
3761, 3728, 3729, -1, 3761, 3729, 3760, -1, 3760, 3729, 3716, -1, 3760, 3716, 3717, -1,
3718, 3719, 3757, -1, 3718, 3757, 3758, -1, 3718, 3758, 3759, -1, 3718, 3759, 3760, -1,
3718, 3760, 3717, -1, 3720, 3721, 3754, -1, 3720, 3754, 3755, -1, 3720, 3755, 3756, -1,
3720, 3756, 3757, -1, 3720, 3757, 3719, -1, 3721, 3722, 3754, -1, 3754, 3722, 3723, -1,
3754, 3723, 3753, -1, 3753, 3723, 3736, -1, 3753, 3736, 3752, -1, 3752, 3736, 3737, -1,
3752, 3737, 3751, -1, 3751, 3737, 3738, -1, 3751, 3738, 3739, -1, 3708, 3709, 3735, -1,
3708, 3735, 3736, -1, 3708, 3736, 3723, -1, 3751, 3739, 3750, -1, 3750, 3739, 3740, -1,
3750, 3740, 3749, -1, 3749, 3740, 3741, -1, 3749, 3741, 3748, -1, 3748, 3741, 3743, -1,
3748, 3743, 3746, -1, 3746, 3743, 3744, -1, 3746, 3744, 3745, -1, 3770, 3771, 3724, -1,
3770, 3724, 3767, -1, 3770, 3767, 3768, -1, 3770, 3768, 3769, -1, 3729, 3730, 3713, -1,
3729, 3713, 3714, -1, 3729, 3714, 3715, -1, 3729, 3715, 3716, -1, 3711, 3712, 3732, -1,
3732, 3712, 3713, -1, 3732, 3713, 3731, -1, 3731, 3713, 3730, -1, 3711, 3732, 3733, -1,
3711, 3733, 3734, -1, 3711, 3734, 3735, -1, 3711, 3735, 3710, -1, 3810, 3811, 3774, -1,
3774, 3811, 3812, -1, 3774, 3812, 3773, -1, 3773, 3812, 3813, -1, 3773, 3813, 3772, -1,
3772, 3813, 3821, -1, 3772, 3821, 3784, -1, 3813, 3814, 3821, -1, 3821, 3814, 3815, -1,
3821, 3815, 3820, -1, 3820, 3815, 3816, -1, 3820, 3816, 3819, -1, 3819, 3816, 3817, -1,
3819, 3817, 3818, -1, 3796, 3802, 3795, -1, 3795, 3802, 3803, -1, 3795, 3803, 3794, -1,
3794, 3803, 3804, -1, 3794, 3804, 3793, -1, 3793, 3804, 3805, -1, 3793, 3805, 3792, -1,
3792, 3805, 3806, -1, 3792, 3806, 3791, -1, 3791, 3806, 3807, -1, 3791, 3807, 3790, -1,
3790, 3807, 3779, -1, 3790, 3779, 3780, -1, 3781, 3782, 3787, -1, 3781, 3787, 3788, -1,
3781, 3788, 3789, -1, 3781, 3789, 3790, -1, 3781, 3790, 3780, -1, 3783, 3772, 3784, -1,
3783, 3784, 3785, -1, 3783, 3785, 3786, -1, 3783, 3786, 3787, -1, 3783, 3787, 3782, -1,
3800, 3801, 3802, -1, 3800, 3802, 3797, -1, 3800, 3797, 3798, -1, 3800, 3798, 3799, -1,
3807, 3808, 3776, -1, 3807, 3776, 3777, -1, 3807, 3777, 3778, -1, 3807, 3778, 3779, -1,
3774, 3775, 3810, -1, 3810, 3775, 3776, -1, 3810, 3776, 3809, -1, 3809, 3776, 3808, -1,
3822, 3823, 3867, -1, 3822, 3867, 3868, -1, 3822, 3868, 3869, -1, 3822, 3869, 3870, -1,
3822, 3870, 3873, -1, 3822, 3873, 3874, -1, 3873, 3870, 3871, -1, 3873, 3871, 3872, -1,
3860, 3861, 3852, -1, 3860, 3852, 3853, -1, 3860, 3853, 3854, -1, 3860, 3854, 3855, -1,
3860, 3855, 3858, -1, 3860, 3858, 3859, -1, 3858, 3855, 3856, -1, 3858, 3856, 3857, -1,
3890, 3891, 3896, -1, 3890, 3896, 3897, -1, 3890, 3897, 3898, -1, 3890, 3898, 3888, -1,
3890, 3888, 3889, -1, 3875, 3876, 3881, -1, 3881, 3876, 3877, -1, 3881, 3877, 3880, -1,
3880, 3877, 3878, -1, 3880, 3878, 3879, -1, 3903, 3904, 3884, -1, 3884, 3904, 3875, -1,
3884, 3875, 3883, -1, 3883, 3875, 3881, -1, 3883, 3881, 3882, -1, 3902, 3903, 3884, -1,
3902, 3884, 3885, -1, 3902, 3885, 3886, -1, 3902, 3886, 3901, -1, 3886, 3887, 3899, -1,
3886, 3899, 3900, -1, 3886, 3900, 3901, -1, 3888, 3898, 3899, -1, 3888, 3899, 3887, -1,
3894, 3895, 3896, -1, 3894, 3896, 3891, -1, 3894, 3891, 3892, -1, 3894, 3892, 3893, -1,
3849, 3850, 3863, -1, 3863, 3850, 3851, -1, 3863, 3851, 3862, -1, 3862, 3851, 3852, -1,
3862, 3852, 3861, -1, 3924, 3915, 3865, -1, 3865, 3915, 3848, -1, 3865, 3848, 3864, -1,
3864, 3848, 3849, -1, 3864, 3849, 3863, -1, 3846, 3847, 3917, -1, 3917, 3847, 3848, -1,
3917, 3848, 3916, -1, 3916, 3848, 3915, -1, 3845, 3846, 3917, -1, 3845, 3917, 3918, -1,
3845, 3918, 3919, -1, 3845, 3919, 3844, -1, 3911, 3912, 3922, -1, 3922, 3912, 3913, -1,
3922, 3913, 3921, -1, 3921, 3913, 3914, -1, 3921, 3914, 3920, -1, 3920, 3914, 3905, -1,
3920, 3905, 3919, -1, 3919, 3905, 3831, -1, 3919, 3831, 3844, -1, 3844, 3831, 3832, -1,
3844, 3832, 3843, -1, 3843, 3832, 3833, -1, 3843, 3833, 3842, -1, 3842, 3833, 3834, -1,
3842, 3834, 3841, -1, 3841, 3834, 3836, -1, 3841, 3836, 3839, -1, 3839, 3836, 3837, -1,
3839, 3837, 3838, -1, 3824, 3825, 3865, -1, 3824, 3865, 3866, -1, 3824, 3866, 3867, -1,
3824, 3867, 3823, -1, 3909, 3910, 3827, -1, 3827, 3910, 3923, -1, 3827, 3923, 3826, -1,
3826, 3923, 3924, -1, 3826, 3924, 3825, -1, 3825, 3924, 3865, -1, 3911, 3922, 3923, -1,
3911, 3923, 3910, -1, 3908, 3909, 3827, -1, 3908, 3827, 3828, -1, 3908, 3828, 3829, -1,
3908, 3829, 3830, -1, 3908, 3830, 3907, -1, 3906, 3907, 3830, -1, 3906, 3830, 3831, -1,
3906, 3831, 3905, -1, 3940, 3941, 3936, -1, 3940, 3936, 3937, -1, 3940, 3937, 3938, -1,
3940, 3938, 3939, -1, 3934, 3935, 3943, -1, 3943, 3935, 3936, -1, 3943, 3936, 3942, -1,
3942, 3936, 3941, -1, 3934, 3943, 3933, -1, 3933, 3943, 3925, -1, 3933, 3925, 3932, -1,
3932, 3925, 3926, -1, 3932, 3926, 3931, -1, 3931, 3926, 3927, -1, 3931, 3927, 3930, -1,
3930, 3927, 3928, -1, 3930, 3928, 3929, -1, 3959, 3960, 3958, -1, 3958, 3960, 3962, -1,
3958, 3962, 3957, -1, 3957, 3962, 3963, -1, 3957, 3963, 3956, -1, 3956, 3963, 3964, -1,
3956, 3964, 3955, -1, 3955, 3964, 3965, -1, 3955, 3965, 3966, -1, 4056, 4057, 4095, -1,
4095, 4057, 4058, -1, 4095, 4058, 4083, -1, 4083, 4058, 4059, -1, 4083, 4059, 4082, -1,
4082, 4059, 4081, -1, 4056, 4095, 4096, -1, 4056, 4096, 4097, -1, 4056, 4097, 4098, -1,
4056, 4098, 4055, -1, 4054, 4055, 4098, -1, 4054, 4098, 4099, -1, 4054, 4099, 4100, -1,
4054, 4100, 4101, -1, 4054, 4101, 4053, -1, 4053, 4101, 4052, -1, 4052, 4101, 4102, -1,
4052, 4102, 4081, -1, 4081, 4102, 4067, -1, 4081, 4067, 4068, -1, 4089, 4090, 4088, -1,
4088, 4090, 4091, -1, 4088, 4091, 4086, -1, 4086, 4091, 4092, -1, 4086, 4092, 4085, -1,
4085, 4092, 4084, -1, 4093, 4094, 4083, -1, 4093, 4083, 4084, -1, 4093, 4084, 4092, -1,
4072, 4073, 4077, -1, 4077, 4073, 4074, -1, 4077, 4074, 4076, -1, 4076, 4074, 4075, -1,
4071, 4072, 4077, -1, 4071, 4077, 4078, -1, 4071, 4078, 4079, -1, 4071, 4079, 4070, -1,
4079, 4080, 4068, -1, 4079, 4068, 4069, -1, 4079, 4069, 4070, -1, 4061, 4063, 4060, -1,
4060, 4063, 4065, -1, 4060, 4065, 4104, -1, 4104, 4065, 4066, -1, 4104, 4066, 4103, -1,
4103, 4066, 4067, -1, 4103, 4067, 4102, -1, 3973, 3974, 3946, -1, 3946, 3974, 3975, -1,
3946, 3975, 3945, -1, 3945, 3975, 3976, -1, 3945, 3976, 3944, -1, 3944, 3976, 3978, -1,
3944, 3978, 3979, -1, 4042, 4043, 4039, -1, 4042, 4039, 4040, -1, 4042, 4040, 4041, -1,
4037, 4038, 4045, -1, 4045, 4038, 4039, -1, 4045, 4039, 4044, -1, 4044, 4039, 4043, -1,
4037, 4045, 4046, -1, 4037, 4046, 4047, -1, 4037, 4047, 4048, -1, 4037, 4048, 4036, -1,
4049, 4050, 4035, -1, 4049, 4035, 4036, -1, 4049, 4036, 4048, -1, 4051, 3980, 4033, -1,
4051, 4033, 4034, -1, 4051, 4034, 4035, -1, 4051, 4035, 4050, -1, 4107, 4108, 4122, -1,
4107, 4122, 4123, -1, 4107, 4123, 4124, -1, 4107, 4124, 4106, -1, 4120, 4121, 4110, -1,
4110, 4121, 4122, -1, 4110, 4122, 4109, -1, 4109, 4122, 4108, -1, 4120, 4110, 4119, -1,
4119, 4110, 4111, -1, 4119, 4111, 4118, -1, 4118, 4111, 4112, -1, 4118, 4112, 4117, -1,
4117, 4112, 4113, -1, 4117, 4113, 4116, -1, 4116, 4113, 4114, -1, 4116, 4114, 4115, -1,
4016, 4010, 4015, -1, 4015, 4010, 4011, -1, 4015, 4011, 4014, -1, 4014, 4011, 4012, -1,
4014, 4012, 4013, -1, 4007, 4008, 4019, -1, 4019, 4008, 4009, -1, 4019, 4009, 4018, -1,
4018, 4009, 4010, -1, 4018, 4010, 4017, -1, 4017, 4010, 4016, -1, 4007, 4019, 4024, -1,
4024, 4019, 4020, -1, 4024, 4020, 4023, -1, 4023, 4020, 4021, -1, 4023, 4021, 4022, -1,
4005, 4006, 4026, -1, 4026, 4006, 4007, -1, 4026, 4007, 4025, -1, 4025, 4007, 4024, -1,
4004, 4005, 4026, -1, 4004, 4026, 4027, -1, 4004, 4027, 4028, -1, 4004, 4028, 4003, -1,
3998, 3999, 4030, -1, 4030, 3999, 4000, -1, 4030, 4000, 4029, -1, 4029, 4000, 4001, -1,
4029, 4001, 4028, -1, 4028, 4001, 4002, -1, 4028, 4002, 4003, -1, 4030, 4031, 3998, -1,
3998, 4031, 4032, -1, 3998, 4032, 3997, -1, 3997, 4032, 3980, -1, 3997, 3980, 3981, -1,
3983, 3984, 3982, -1, 3982, 3984, 3995, -1, 3982, 3995, 3981, -1, 3981, 3995, 3996, -1,
3981, 3996, 3997, -1, 3995, 3984, 3993, -1, 3993, 3984, 3985, -1, 3993, 3985, 3992, -1,
3992, 3985, 3987, -1, 3992, 3987, 3990, -1, 3990, 3987, 3988, -1, 3990, 3988, 3989, -1,
3971, 3972, 3948, -1, 3948, 3972, 3973, -1, 3948, 3973, 3947, -1, 3947, 3973, 3946, -1,
3951, 3969, 3950, -1, 3950, 3969, 3970, -1, 3950, 3970, 3949, -1, 3949, 3970, 3971, -1,
3949, 3971, 3948, -1, 3952, 3953, 3967, -1, 3952, 3967, 3968, -1, 3952, 3968, 3969, -1,
3952, 3969, 3951, -1, 3954, 3955, 3966, -1, 3954, 3966, 3967, -1, 3954, 3967, 3953, -1,
4128, 4130, 4127, -1, 4127, 4130, 4131, -1, 4127, 4131, 4126, -1, 4126, 4131, 4132, -1,
4126, 4132, 4125, -1, 4141, 4143, 4140, -1, 4140, 4143, 4145, -1, 4140, 4145, 4138, -1,
4138, 4145, 4146, -1, 4138, 4146, 4137, -1, 4137, 4146, 4147, -1, 4137, 4147, 4136, -1,
4136, 4147, 4148, -1, 4136, 4148, 4135, -1, 4135, 4148, 4149, -1, 4135, 4149, 4134, -1,
4134, 4149, 4150, -1, 4134, 4150, 4133, -1, 4133, 4150, 4182, -1, 4133, 4182, 4171, -1,
4157, 4158, 4163, -1, 4163, 4158, 4159, -1, 4163, 4159, 4162, -1, 4162, 4159, 4160, -1,
4162, 4160, 4161, -1, 4163, 4164, 4165, -1, 4163, 4165, 4176, -1, 4163, 4176, 4156, -1,
4163, 4156, 4157, -1, 4177, 4178, 4154, -1, 4177, 4154, 4155, -1, 4177, 4155, 4156, -1,
4177, 4156, 4176, -1, 4179, 4180, 4151, -1, 4179, 4151, 4152, -1, 4179, 4152, 4153, -1,
4179, 4153, 4154, -1, 4179, 4154, 4178, -1, 4151, 4180, 4181, -1, 4151, 4181, 4182, -1,
4151, 4182, 4150, -1, 4174, 4175, 4167, -1, 4167, 4175, 4176, -1, 4167, 4176, 4166, -1,
4166, 4176, 4165, -1, 4174, 4167, 4168, -1, 4174, 4168, 4169, -1, 4174, 4169, 4170, -1,
4174, 4170, 4173, -1, 4170, 4133, 4171, -1, 4170, 4171, 4172, -1, 4170, 4172, 4173, -1,
4202, 4203, 4204, -1, 4202, 4204, 4199, -1, 4202, 4199, 4200, -1, 4202, 4200, 4201, -1,
4204, 4205, 4199, -1, 4199, 4205, 4206, -1, 4199, 4206, 4198, -1, 4198, 4206, 4196, -1,
4198, 4196, 4197, -1, 4195, 4196, 4206, -1, 4195, 4206, 4207, -1, 4195, 4207, 4208, -1,
4195, 4208, 4209, -1, 4195, 4209, 4194, -1, 4193, 4194, 4209, -1, 4193, 4209, 4210, -1,
4193, 4210, 4211, -1, 4193, 4211, 4212, -1, 4193, 4212, 4192, -1, 4192, 4212, 4191, -1,
4191, 4212, 4183, -1, 4191, 4183, 4190, -1, 4190, 4183, 4184, -1, 4190, 4184, 4189, -1,
4189, 4184, 4185, -1, 4189, 4185, 4188, -1, 4188, 4185, 4186, -1, 4188, 4186, 4187, -1,
2657, 2658, 2630, -1, 2630, 2658, 2659, -1, 2630, 2659, 2629, -1, 2629, 2659, 2660, -1,
2629, 2660, 2628, -1, 2628, 2660, 2662, -1, 2628, 2662, 2663, -1, 2655, 2656, 2632, -1,
2632, 2656, 2657, -1, 2632, 2657, 2631, -1, 2631, 2657, 2630, -1, 2635, 2653, 2634, -1,
2634, 2653, 2654, -1, 2634, 2654, 2633, -1, 2633, 2654, 2655, -1, 2633, 2655, 2632, -1,
2636, 2637, 2651, -1, 2636, 2651, 2652, -1, 2636, 2652, 2653, -1, 2636, 2653, 2635, -1,
2638, 2639, 2650, -1, 2638, 2650, 2651, -1, 2638, 2651, 2637, -1, 4221, 4223, 4220, -1,
4220, 4223, 4225, -1, 4220, 4225, 4218, -1, 4218, 4225, 4226, -1, 4218, 4226, 4217, -1,
4217, 4226, 4227, -1, 4217, 4227, 4216, -1, 4216, 4227, 4228, -1, 4216, 4228, 4215, -1,
4215, 4228, 4229, -1, 4215, 4229, 4214, -1, 4214, 4229, 4230, -1, 4214, 4230, 4213, -1,
4213, 4230, 4262, -1, 4213, 4262, 4251, -1, 4237, 4238, 4243, -1, 4243, 4238, 4239, -1,
4243, 4239, 4242, -1, 4242, 4239, 4240, -1, 4242, 4240, 4241, -1, 4243, 4244, 4245, -1,
4243, 4245, 4256, -1, 4243, 4256, 4236, -1, 4243, 4236, 4237, -1, 4257, 4258, 4234, -1,
4257, 4234, 4235, -1, 4257, 4235, 4236, -1, 4257, 4236, 4256, -1, 4259, 4260, 4231, -1,
4259, 4231, 4232, -1, 4259, 4232, 4233, -1, 4259, 4233, 4234, -1, 4259, 4234, 4258, -1,
4231, 4260, 4261, -1, 4231, 4261, 4262, -1, 4231, 4262, 4230, -1, 4254, 4255, 4247, -1,
4247, 4255, 4256, -1, 4247, 4256, 4246, -1, 4246, 4256, 4245, -1, 4254, 4247, 4248, -1,
4254, 4248, 4249, -1, 4254, 4249, 4250, -1, 4254, 4250, 4253, -1, 4250, 4213, 4251, -1,
4250, 4251, 4252, -1, 4250, 4252, 4253, -1, 4306, 4307, 4268, -1, 4306, 4268, 4269, -1,
4306, 4269, 4270, -1, 4306, 4270, 4294, -1, 4306, 4294, 4305, -1, 4266, 4267, 4309, -1,
4309, 4267, 4268, -1, 4309, 4268, 4308, -1, 4308, 4268, 4307, -1, 4266, 4309, 4310, -1,
4266, 4310, 4311, -1, 4266, 4311, 4312, -1, 4266, 4312, 4265, -1, 4265, 4312, 4264, -1,
4264, 4312, 4313, -1, 4264, 4313, 4263, -1, 4263, 4313, 4292, -1, 4263, 4292, 4293, -1,
4300, 4301, 4299, -1, 4299, 4301, 4302, -1, 4299, 4302, 4297, -1, 4297, 4302, 4303, -1,
4297, 4303, 4296, -1, 4296, 4303, 4295, -1, 4304, 4305, 4294, -1, 4304, 4294, 4295, -1,
4304, 4295, 4303, -1, 4270, 4263, 4293, -1, 4270, 4293, 4294, -1, 4283, 4284, 4288, -1,
4288, 4284, 4285, -1, 4288, 4285, 4287, -1, 4287, 4285, 4286, -1, 4282, 4283, 4288, -1,
4282, 4288, 4289, -1, 4282, 4289, 4290, -1, 4282, 4290, 4281, -1, 4290, 4291, 4279, -1,
4290, 4279, 4280, -1, 4290, 4280, 4281, -1, 4292, 4313, 4278, -1, 4292, 4278, 4279, -1,
4292, 4279, 4291, -1, 4272, 4274, 4271, -1, 4271, 4274, 4276, -1, 4271, 4276, 4315, -1,
4315, 4276, 4277, -1, 4315, 4277, 4314, -1, 4314, 4277, 4278, -1, 4314, 4278, 4313, -1,
4332, 4333, 4328, -1, 4332, 4328, 4329, -1, 4332, 4329, 4330, -1, 4332, 4330, 4331, -1,
4326, 4327, 4335, -1, 4335, 4327, 4328, -1, 4335, 4328, 4334, -1, 4334, 4328, 4333, -1,
4326, 4335, 4325, -1, 4325, 4335, 4317, -1, 4325, 4317, 4324, -1, 4324, 4317, 4318, -1,
4324, 4318, 4323, -1, 4323, 4318, 4319, -1, 4323, 4319, 4322, -1, 4322, 4319, 4320, -1,
4322, 4320, 4321, -1, 2782, 2783, 2736, -1, 2782, 2736, 2779, -1, 2782, 2779, 2780, -1,
2782, 2780, 2781, -1, 2741, 2742, 2725, -1, 2741, 2725, 2726, -1, 2741, 2726, 2727, -1,
2741, 2727, 2728, -1, 2723, 2724, 2744, -1, 2744, 2724, 2725, -1, 2744, 2725, 2743, -1,
2743, 2725, 2742, -1, 2723, 2744, 2745, -1, 2723, 2745, 2746, -1, 2723, 2746, 2747, -1,
2723, 2747, 2722, -1, 4379, 4380, 4341, -1, 4379, 4341, 4342, -1, 4379, 4342, 4343, -1,
4379, 4343, 4367, -1, 4379, 4367, 4378, -1, 4339, 4340, 4382, -1, 4382, 4340, 4341, -1,
4382, 4341, 4381, -1, 4381, 4341, 4380, -1, 4339, 4382, 4383, -1, 4339, 4383, 4384, -1,
4339, 4384, 4385, -1, 4339, 4385, 4338, -1, 4338, 4385, 4337, -1, 4337, 4385, 4386, -1,
4337, 4386, 4336, -1, 4336, 4386, 4365, -1, 4336, 4365, 4366, -1, 4377, 4378, 4367, -1,
4377, 4367, 4368, -1, 4377, 4368, 4376, -1, 4343, 4336, 4366, -1, 4343, 4366, 4367, -1,
4356, 4357, 4361, -1, 4361, 4357, 4358, -1, 4361, 4358, 4360, -1, 4360, 4358, 4359, -1,
4355, 4356, 4361, -1, 4355, 4361, 4362, -1, 4355, 4362, 4363, -1, 4355, 4363, 4354, -1,
4363, 4364, 4352, -1, 4363, 4352, 4353, -1, 4363, 4353, 4354, -1, 4365, 4386, 4351, -1,
4365, 4351, 4352, -1, 4365, 4352, 4364, -1, 4345, 4347, 4344, -1, 4344, 4347, 4349, -1,
4344, 4349, 4388, -1, 4388, 4349, 4350, -1, 4388, 4350, 4387, -1, 4387, 4350, 4351, -1,
4387, 4351, 4386, -1, 1318, 1319, 4423, -1, 1318, 4423, 4424, -1, 1318, 4424, 4425, -1,
1318, 4425, 4426, -1, 1318, 4426, 1317, -1, 1320, 1321, 4420, -1, 1320, 4420, 4421, -1,
1320, 4421, 4422, -1, 1320, 4422, 4423, -1, 1320, 4423, 1319, -1, 1308, 4419, 1323, -1,
1323, 4419, 4420, -1, 1323, 4420, 1322, -1, 1322, 4420, 1321, -1, 4455, 4456, 4460, -1,
4455, 4460, 4461, -1, 4455, 4461, 4453, -1, 4455, 4453, 4454, -1, 4442, 4443, 4444, -1,
4442, 4444, 4439, -1, 4442, 4439, 4440, -1, 4442, 4440, 4441, -1, 4444, 4445, 4439, -1,
4439, 4445, 4446, -1, 4439, 4446, 4438, -1, 4438, 4446, 4467, -1, 4438, 4467, 4468, -1,
4466, 4467, 4446, -1, 4466, 4446, 4447, -1, 4466, 4447, 4448, -1, 4466, 4448, 4449, -1,
4466, 4449, 4465, -1, 4464, 4465, 4449, -1, 4464, 4449, 4450, -1, 4464, 4450, 4451, -1,
4464, 4451, 4452, -1, 4464, 4452, 4463, -1, 4462, 4463, 4452, -1, 4462, 4452, 4453, -1,
4462, 4453, 4461, -1, 4459, 4460, 4456, -1, 4459, 4456, 4457, -1, 4459, 4457, 4458, -1,
4501, 4499, 4500, -1, 4499, 4497, 4498, -1, 4414, 4412, 4413, -1, 4349, 4347, 4348, -1,
4347, 4345, 4346, -1, 4344, 4388, 4389, -1, 2747, 2721, 2722, -1, 2736, 2778, 2779, -1,
4276, 4274, 4275, -1, 4274, 4272, 4273, -1, 4271, 4315, 4316, -1, 4299, 4297, 4298, -1,
4220, 4218, 4219, -1, 4225, 4223, 4224, -1, 4223, 4221, 4222, -1, 2646, 2644, 2645, -1,
2662, 2660, 2661, -1, 4140, 4138, 4139, -1, 4145, 4143, 4144, -1, 4143, 4141, 4142, -1,
4130, 4128, 4129, -1, 3962, 3960, 3961, -1, 3978, 3976, 3977, -1, 3992, 3990, 3991, -1,
3987, 3985, 3986, -1, 3995, 3993, 3994, -1, 3980, 4032, 4033, -1, 4088, 4086, 4087, -1,
4065, 4063, 4064, -1, 4063, 4061, 4062, -1, 4060, 4104, 4105, -1, 4081, 4068, 4080, -1,
4081, 4059, 4052, -1, 4095, 4083, 4094, -1, 3841, 3839, 3840, -1, 3836, 3834, 3835, -1,
3802, 3796, 3797, -1, 3748, 3746, 3747, -1, 3735, 3709, 3710, -1, 3724, 3766, 3767, -1,
3743, 3741, 3742, -1, 3635, 3633, 3634, -1, 3633, 3631, 3632, -1, 3630, 3674, 3675, -1,
3651, 3638, 3650, -1, 3658, 3656, 3657, -1, 3686, 3684, 3685, -1, 3679, 3677, 3678, -1,
3688, 3686, 3687, -1, 3651, 3629, 3622, -1, 3665, 3653, 3664, -1, 3532, 3530, 3531, -1,
3457, 3455, 3456, -1, 3434, 3432, 3433, -1, 3450, 3448, 3449, -1, 3372, 3370, 3371, -1,
3370, 3368, 3369, -1, 3359, 3333, 3334, -1, 3349, 3387, 3388, -1, 1846, 1836, 1837, -1,
635, 623, 624, -1, 2260, 1966, 1967, -1, 2254, 2286, 2253, -1, 2333, 2331, 2332, -1,
3367, 3365, 3366, -1, 3269, 3271, 3272, -1, 3239, 3237, 3238, -1, 3224, 3222, 3223, -1,
3244, 3242, 3243, -1, 3112, 3110, 3111, -1, 3110, 3108, 3109, -1, 3107, 3105, 3106, -1,
2979, 2977, 2978, -1, 2984, 2982, 2983, -1, 2982, 2980, 2981, -1, 2969, 2967, 2968, -1,
2946, 2944, 2945, -1, 2962, 2960, 2961, -1, 1233, 1280, 1281, -1, 1270, 1258, 1259, -1,
4372, 4370, 4371, -1, 2794, 2792, 2793, -1, 2787, 2785, 2786, -1, 2796, 2794, 2795, -1,
4409, 4407, 4408, -1, 2760, 2758, 2759, -1, 2755, 2753, 2754, -1, 2672, 2718, 2719, -1,
2718, 2716, 2717, -1, 2715, 2713, 2714, -1, 2669, 2667, 2668, -1, 2484, 2482, 2483, -1,
2479, 2477, 2478, -1, 2446, 2448, 2449, -1, 2416, 2414, 2415, -1, 2421, 2419, 2420, -1,
2376, 2374, 2375, -1, 2371, 2369, 2370, -1, 2310, 2308, 2309, -1, 2308, 2306, 2307, -1,
2305, 2349, 2350, -1, 2326, 2313, 2325, -1, 2326, 2304, 2297, -1, 2340, 2328, 2339, -1,
2273, 2271, 2272, -1, 2271, 2269, 2270, -1, 3219, 3217, 3218, -1, 3195, 3185, 3186, -1,
2173, 2171, 2172, -1, 2168, 2166, 2167, -1, 2124, 2122, 2123, -1, 2119, 2117, 2118, -1,
2037, 2039, 2040, -1, 2007, 2005, 2006, -1, 2012, 2010, 2011, -1, 3499, 3497, 3498, -1,
2268, 2266, 2267, -1, 1945, 1943, 1944, -1, 1940, 1938, 1939, -1, 1812, 1810, 1811, -1,
1789, 1787, 1788, -1, 1805, 1803, 1804, -1, 1737, 1738, 1736, -1, 3069, 3067, 3068, -1,
1626, 1624, 1625, -1, 1633, 1621, 1632, -1, 1598, 1642, 1643, -1, 1640, 1604, 1605, -1,
1603, 1601, 1602, -1, 1568, 1566, 1567, -1, 1545, 1543, 1544, -1, 1561, 1559, 1560, -1,
1442, 1440, 1441, -1, 1440, 1438, 1439, -1, 1465, 1463, 1464, -1, 2894, 2895, 2893, -1,
1472, 1460, 1471, -1, 4496, 4540, 4541, -1, 4517, 4504, 4516, -1, 4524, 4522, 4523, -1,
4517, 4495, 4488, -1, 4531, 4519, 4530, -1, 1360, 1358, 1359, -1, 1395, 1396, 1394, -1,
1337, 1335, 1336, -1, 1335, 1333, 1334, -1, 1332, 1376, 1377, -1, 1353, 1340, 1352, -1,
1353, 1331, 1324, -1, 1367, 1355, 1366, -1, 1228, 1306, 1307, -1, 1303, 1301, 1302, -1,
1298, 1230, 1231, -1, 1204, 1202, 1203, -1, 1199, 1197, 1198, -1, 1072, 1070, 1071, -1,
1070, 1068, 1069, -1, 1067, 1111, 1112, -1, 1088, 1075, 1087, -1, 1095, 1093, 1094, -1,
713, 711, 712, -1, 706, 704, 705, -1, 715, 713, 714, -1, 745, 743, 744, -1,
738, 736, 737, -1, 747, 745, 746, -1, 1088, 1066, 1059, -1, 1102, 1090, 1101, -1,
1018, 1016, 1017, -1, 1016, 1014, 1015, -1, 1013, 1057, 1058, -1, 1034, 1021, 1033, -1,
1041, 1039, 1040, -1, 1034, 1012, 1005, -1, 1048, 1036, 1047, -1, 997, 995, 996, -1,
968, 958, 959, -1, 992, 990, 991, -1, 903, 901, 902, -1, 921, 911, 912, -1,
898, 896, 897, -1, 881, 879, 880, -1, 852, 842, 843, -1, 876, 874, 875, -1,
3537, 3535, 3536, -1, 3535, 3533, 3534, -1, 1130, 1131, 1129, -1, 767, 829, 830, -1,
826, 824, 825, -1, 510, 508, 509, -1, 508, 506, 507, -1, 505, 549, 550, -1,
526, 513, 525, -1, 533, 531, 532, -1, 561, 559, 560, -1, 554, 552, 553, -1,
563, 561, 562, -1, 526, 504, 497, -1, 540, 528, 539, -1, 449, 495, 496, -1,
495, 493, 494, -1, 492, 490, 491, -1, 409, 407, 408, -1, 407, 405, 406, -1,
404, 402, 403, -1, 282, 320, 321, -1, 295, 293, 294, -1, 290, 288, 289, -1,
249, 247, 248, -1, 242, 240, 241, -1, 251, 249, 250, -1, 206, 204, 205, -1,
183, 181, 182, -1, 124, 122, 123, -1, 147, 145, 146, -1, 154, 142, 153, -1,
119, 163, 164, -1, 71, 69, 70, -1, 58, 32, 33, -1, 66, 64, 65, -1
            ]
          }
        }
      ]
    }
  ]
}
Transform {
  children [
    Group {
      children [
        Shape {
          appearance Appearance {
            material Material {
              diffuseColor 0.9 0.9 0.9
              specularColor 0.1 0.1 0.1
              emissiveColor 0 0 0
              ambientIntensity 0.9
              transparency 0
              shininess 0.02
            }
          }
          geometry IndexedFaceSet {
            solid TRUE
            coord Coordinate {
              point [
73.346222 -30.920247 -0.334646, 73.316694 -30.920247 -0.334646,
73.301931 -30.945819 -0.334646, 73.301932 -31.257559 -0.334646,
73.288443 -31.284533 -0.334646, 73.276472 -31.296505 -0.334646,
73.249497 -31.309992 -0.334646, 73.188449 -31.309993 -0.334646,
73.161473 -31.296505 -0.334646, 73.149502 -31.284534 -0.334646,
73.136015 -31.257559 -0.334646, 73.136014 -30.945819 -0.334646,
73.12125 -30.920247 -0.334646, 73.091723 -30.920247 -0.334646,
73.076959 -30.945819 -0.334646, 73.076959 -31.264529 -0.334646,
73.080501 -31.270664 -0.334646, 73.080076 -31.277734 -0.334646,
73.098824 -31.31523 -0.334646, 73.103045 -31.318017 -0.334646,
73.104355 -31.322904 -0.334646, 73.123103 -31.341651 -0.334646,
73.127989 -31.34296 -0.334646, 73.130777 -31.347182 -0.334646,
73.168272 -31.36593 -0.334646, 73.175343 -31.365506 -0.334646,
73.181477 -31.369047 -0.334646, 73.256468 -31.369047 -0.334646,
73.262602 -31.365506 -0.334646, 73.269673 -31.36593 -0.334646,
73.307168 -31.347182 -0.334646, 73.309954 -31.34296 -0.334646,
73.314842 -31.341651 -0.334646, 73.33359 -31.322904 -0.334646,
73.334898 -31.318017 -0.334646, 73.339121 -31.31523 -0.334646,
73.357869 -31.277734 -0.334646, 73.357444 -31.270664 -0.334646,
73.360986 -31.264529 -0.334646, 73.360986 -30.945819 -0.334646,
72.982075 -31.336152 -0.334646, 72.982077 -31.324756 -0.334646,
72.978464 -31.32267 -0.334646, 72.977384 -31.318641 -0.334646,
72.757342 -31.098598 -0.334646, 72.742313 -31.053513 -0.334646,
72.742313 -31.02778 -0.334646, 72.755801 -31.000805 -0.334646,
72.767774 -30.988835 -0.334646, 72.794746 -30.975346 -0.334646,
72.874542 -30.975346 -0.334646, 72.90152 -30.988835 -0.334646,
72.916878 -31.004194 -0.334646, 72.9454 -31.011836 -0.334646,
72.966279 -30.990957 -0.334646, 72.958637 -30.962435 -0.334646,
72.939889 -30.943688 -0.334646, 72.935001 -30.942378 -0.334646,
72.932215 -30.938157 -0.334646, 72.89472 -30.919409 -0.334646,
72.887651 -30.919834 -0.334646, 72.881515 -30.916291 -0.334646,
72.787776 -30.916291 -0.334646, 72.781644 -30.919834 -0.334646,
72.774571 -30.919409 -0.334646, 72.737076 -30.938157 -0.334646,
72.734288 -30.942378 -0.334646, 72.729402 -30.943688 -0.334646,
72.710654 -30.962435 -0.334646, 72.709344 -30.967322 -0.334646,
72.705123 -30.970109 -0.334646, 72.686376 -31.007605 -0.334646,
72.6868 -31.014675 -0.334646, 72.683258 -31.02081 -0.334646,
72.683258 -31.058305 -0.334646, 72.685787 -31.062686 -0.334646,
72.684774 -31.067643 -0.334646, 72.703521 -31.123885 -0.334646,
72.708821 -31.128585 -0.334646, 72.710654 -31.135427 -0.334646,
72.88522 -31.309992 -0.334646, 72.712786 -31.309992 -0.334646,
72.687214 -31.324756 -0.334646, 72.687214 -31.354283 -0.334646,
72.712786 -31.369047 -0.334646, 72.956505 -31.369047 -0.334646,
72.960118 -31.366961 -0.334646, 72.964147 -31.368041 -0.334646,
72.972204 -31.359981 -0.334646, 72.982077 -31.354283 -0.334646,
72.982076 -31.350112 -0.334646, 72.985027 -31.347162 -0.334646,
73.820863 -30.818209 -0.334646, 73.799213 -30.805709 -0.334646,
73.031496 -30.805709 -0.334646, 71.673228 -30.805709 -0.334646,
71.651578 -30.818209 -0.334646, 71.651578 -30.843209 -0.334646,
71.673228 -30.855709 -0.334646, 73.031496 -30.855709 -0.334646,
73.799213 -30.855709 -0.334646, 73.820863 -30.843209 -0.334646,
73.820863 -28.802461 -0.334646, 73.799213 -28.789961 -0.334646,
73.031496 -28.789961 -0.334646, 72.26378 -28.789961 -0.334646,
72.242129 -28.802461 -0.334646, 72.242129 -28.827461 -0.334646,
72.26378 -28.839961 -0.334646, 73.031496 -28.839961 -0.334646,
73.799213 -28.839961 -0.334646, 73.820863 -28.827461 -0.334646
              ]
            }
            coordIndex [
38, 37, 39, -1, 39, 37, 0, -1, 0, 37, 35, -1, 35, 37, 36, -1,
32, 31, 1, -1, 32, 1, 33, -1, 33, 1, 0, -1, 33, 0, 34, -1,
34, 0, 35, -1, 31, 30, 1, -1, 1, 30, 3, -1, 3, 30, 4, -1,
4, 30, 5, -1, 5, 30, 29, -1, 16, 14, 13, -1, 16, 13, 18, -1,
18, 13, 12, -1, 18, 12, 19, -1, 19, 12, 20, -1, 6, 5, 27, -1,
27, 5, 28, -1, 28, 5, 29, -1, 8, 7, 24, -1, 24, 7, 25, -1,
25, 7, 26, -1, 26, 7, 27, -1, 27, 7, 6, -1, 22, 21, 11, -1,
22, 11, 23, -1, 23, 11, 10, -1, 23, 10, 24, -1, 24, 10, 9, -1,
24, 9, 8, -1, 20, 12, 21, -1, 21, 12, 11, -1, 54, 53, 55, -1,
55, 53, 56, -1, 56, 53, 57, -1, 57, 53, 58, -1, 58, 53, 52, -1,
52, 51, 58, -1, 58, 51, 59, -1, 59, 51, 60, -1, 60, 51, 61, -1,
61, 51, 50, -1, 50, 49, 61, -1, 61, 49, 62, -1, 62, 49, 63, -1,
63, 49, 64, -1, 64, 49, 48, -1, 45, 66, 65, -1, 45, 65, 46, -1,
46, 65, 64, -1, 46, 64, 47, -1, 47, 64, 48, -1, 41, 40, 42, -1,
42, 40, 89, -1, 89, 40, 90, -1, 90, 40, 91, -1, 44, 43, 80, -1,
80, 43, 85, -1, 85, 43, 86, -1, 86, 43, 87, -1, 87, 43, 88, -1,
88, 43, 89, -1, 89, 43, 42, -1, 67, 66, 45, -1, 67, 45, 68, -1,
68, 45, 44, -1, 68, 44, 79, -1, 79, 44, 80, -1, 75, 73, 72, -1,
75, 72, 77, -1, 77, 72, 70, -1, 77, 70, 78, -1, 78, 70, 69, -1,
78, 69, 79, -1, 79, 69, 68, -1, 82, 81, 84, -1, 84, 81, 85, -1,
85, 81, 80, -1, 98, 96, 95, -1, 98, 95, 99, -1, 99, 95, 94, -1,
99, 94, 100, -1, 100, 94, 93, -1, 100, 93, 101, -1, 101, 93, 92, -1,
108, 106, 105, -1, 108, 105, 109, -1, 109, 105, 104, -1, 109, 104, 110, -1,
110, 104, 103, -1, 110, 103, 111, -1, 111, 103, 102, -1, 106, 108, 107, -1,
96, 98, 97, -1, 75, 77, 76, -1, 73, 75, 74, -1, 82, 84, 83, -1,
70, 72, 71, -1, 16, 18, 17, -1, 14, 16, 15, -1, 1, 3, 2, -1
            ]
          }
        }
      ]
    }
  ]
}
]
}
