#VRML V2.0 utf8
WorldInfo {
  title "/home/atait/.config/kicad/scripting/plugins/kicad-sandwiches/examples/three-board-example/kisandwich-out/three-board-example-MID.wrl - Generated by Pcbnew"
}
Transform {
  scale 2.54 2.54 2.54
  children [
Transform {
  children [
    Group {
      children [
        Shape {
          appearance Appearance {
            material Material {
              diffuseColor 0.07 0.3 0.12
              specularColor 0.01 0.03 0.01
              emissiveColor 0 0 0
              ambientIntensity 0.8
              transparency 0
              shininess 0.02
            }
          }
          geometry IndexedFaceSet {
            solid TRUE
            coord Coordinate {
              point [
78.740157 -35.728346 0.310039, 78.740157 -13.779528 0.310039,
57.086614 -13.779528 0.310039, 57.086614 -35.728346 0.310039,
71.062992 -31.299213 0.310039, 71.062992 -27.755906 0.310039,
75.590551 -27.755906 0.310039, 75.590551 -31.299213 0.310039,
59.055118 -31.496063 0.310039, 59.055118 -27.559055 0.310039,
63.976378 -27.559055 0.310039, 63.976378 -31.496063 0.310039,
63.63189 -34.645669 0.310039, 63.660086 -34.55889 0.310039,
63.733905 -34.505257 0.310039, 63.82515 -34.505257 0.310039,
63.898969 -34.55889 0.310039, 63.927165 -34.645669 0.310039,
63.898969 -34.732449 0.310039, 63.82515 -34.786081 0.310039,
63.733905 -34.786081 0.310039, 63.660086 -34.732449 0.310039,
68.75 -29.92126 0.310039, 68.778196 -29.834481 0.310039,
68.852015 -29.780848 0.310039, 68.94326 -29.780848 0.310039,
69.017079 -29.834481 0.310039, 69.045276 -29.92126 0.310039,
69.017079 -30.008039 0.310039, 68.94326 -30.061672 0.310039,
68.852015 -30.061672 0.310039, 68.778196 -30.008039 0.310039,
67.959008 -28.093168 0.310039, 67.867763 -28.093168 0.310039,
67.793944 -28.039535 0.310039, 67.765748 -27.952756 0.310039,
67.793944 -27.865977 0.310039, 67.867763 -27.812344 0.310039,
67.959008 -27.812344 0.310039, 68.032827 -27.865977 0.310039,
68.061024 -27.952756 0.310039, 68.032827 -28.039535 0.310039,
67.962598 -34.645669 0.310039, 67.990795 -34.55889 0.310039,
68.064614 -34.505257 0.310039, 68.155859 -34.505257 0.310039,
68.229678 -34.55889 0.310039, 68.257874 -34.645669 0.310039,
68.229678 -34.732449 0.310039, 68.155859 -34.786081 0.310039,
68.064614 -34.786081 0.310039, 67.990795 -34.732449 0.310039,
66.555117 -32.185039 0.310039, 66.594487 -32.116848 0.310039,
66.673227 -32.116848 0.310039, 66.712597 -32.185039 0.310039,
66.673227 -32.25323 0.310039, 66.594487 -32.25323 0.310039,
65.305118 -32.185039 0.310039, 65.276922 -32.271819 0.310039,
65.203103 -32.325451 0.310039, 65.111858 -32.325451 0.310039,
65.038039 -32.271819 0.310039, 65.009843 -32.185039 0.310039,
65.038039 -32.09826 0.310039, 65.111858 -32.044627 0.310039,
65.203103 -32.044627 0.310039, 65.276922 -32.09826 0.310039,
65.994094 -34.645669 0.310039, 66.022291 -34.55889 0.310039,
66.09611 -34.505257 0.310039, 66.187355 -34.505257 0.310039,
66.261174 -34.55889 0.310039, 66.28937 -34.645669 0.310039,
66.261174 -34.732449 0.310039, 66.187355 -34.786081 0.310039,
66.09611 -34.786081 0.310039, 66.022291 -34.732449 0.310039,
78.740157 -35.728346 -0.310039, 78.740157 -13.779528 -0.310039,
57.086614 -13.779528 -0.310039, 57.086614 -35.728346 -0.310039,
71.062992 -31.299213 -0.310039, 71.062992 -27.755906 -0.310039,
75.590551 -27.755906 -0.310039, 75.590551 -31.299213 -0.310039,
59.055118 -31.496063 -0.310039, 59.055118 -27.559055 -0.310039,
63.976378 -27.559055 -0.310039, 63.976378 -31.496063 -0.310039,
63.63189 -34.645669 -0.310039, 63.660086 -34.55889 -0.310039,
63.733905 -34.505257 -0.310039, 63.82515 -34.505257 -0.310039,
63.898969 -34.55889 -0.310039, 63.927165 -34.645669 -0.310039,
63.898969 -34.732449 -0.310039, 63.82515 -34.786081 -0.310039,
63.733905 -34.786081 -0.310039, 63.660086 -34.732449 -0.310039,
68.75 -29.92126 -0.310039, 68.778196 -29.834481 -0.310039,
68.852015 -29.780848 -0.310039, 68.94326 -29.780848 -0.310039,
69.017079 -29.834481 -0.310039, 69.045276 -29.92126 -0.310039,
69.017079 -30.008039 -0.310039, 68.94326 -30.061672 -0.310039,
68.852015 -30.061672 -0.310039, 68.778196 -30.008039 -0.310039,
67.959008 -28.093168 -0.310039, 67.867763 -28.093168 -0.310039,
67.793944 -28.039535 -0.310039, 67.765748 -27.952756 -0.310039,
67.793944 -27.865977 -0.310039, 67.867763 -27.812344 -0.310039,
67.959008 -27.812344 -0.310039, 68.032827 -27.865977 -0.310039,
68.061024 -27.952756 -0.310039, 68.032827 -28.039535 -0.310039,
67.962598 -34.645669 -0.310039, 67.990795 -34.55889 -0.310039,
68.064614 -34.505257 -0.310039, 68.155859 -34.505257 -0.310039,
68.229678 -34.55889 -0.310039, 68.257874 -34.645669 -0.310039,
68.229678 -34.732449 -0.310039, 68.155859 -34.786081 -0.310039,
68.064614 -34.786081 -0.310039, 67.990795 -34.732449 -0.310039,
66.555117 -32.185039 -0.310039, 66.594487 -32.116848 -0.310039,
66.673227 -32.116848 -0.310039, 66.712597 -32.185039 -0.310039,
66.673227 -32.25323 -0.310039, 66.594487 -32.25323 -0.310039,
65.305118 -32.185039 -0.310039, 65.276922 -32.271819 -0.310039,
65.203103 -32.325451 -0.310039, 65.111858 -32.325451 -0.310039,
65.038039 -32.271819 -0.310039, 65.009843 -32.185039 -0.310039,
65.038039 -32.09826 -0.310039, 65.111858 -32.044627 -0.310039,
65.203103 -32.044627 -0.310039, 65.276922 -32.09826 -0.310039,
65.994094 -34.645669 -0.310039, 66.022291 -34.55889 -0.310039,
66.09611 -34.505257 -0.310039, 66.187355 -34.505257 -0.310039,
66.261174 -34.55889 -0.310039, 66.28937 -34.645669 -0.310039,
66.261174 -34.732449 -0.310039, 66.187355 -34.786081 -0.310039,
66.09611 -34.786081 -0.310039, 66.022291 -34.732449 -0.310039
              ]
            }
            coordIndex [
11, 8, 12, -1, 11, 12, 13, -1, 11, 13, 14, -1, 11, 14, 15, -1,
11, 15, 16, -1, 11, 16, 17, -1, 11, 17, 77, -1, 11, 77, 62, -1,
11, 62, 63, -1, 11, 63, 10, -1, 0, 1, 6, -1, 0, 6, 7, -1,
0, 7, 4, -1, 0, 4, 30, -1, 0, 30, 47, -1, 0, 47, 48, -1,
0, 48, 49, -1, 0, 49, 50, -1, 0, 50, 73, -1, 0, 73, 74, -1,
0, 74, 75, -1, 0, 75, 76, -1, 0, 76, 17, -1, 0, 17, 18, -1,
0, 18, 19, -1, 0, 19, 20, -1, 0, 20, 3, -1, 1, 2, 9, -1,
1, 9, 10, -1, 1, 10, 36, -1, 1, 36, 37, -1, 1, 37, 38, -1,
1, 38, 39, -1, 1, 39, 40, -1, 1, 40, 23, -1, 1, 23, 24, -1,
1, 24, 25, -1, 1, 25, 26, -1, 1, 26, 27, -1, 1, 27, 5, -1,
1, 5, 6, -1, 4, 5, 27, -1, 4, 27, 28, -1, 4, 28, 29, -1,
4, 29, 30, -1, 22, 23, 40, -1, 22, 40, 44, -1, 22, 44, 45, -1,
22, 45, 46, -1, 22, 46, 47, -1, 22, 47, 31, -1, 35, 36, 58, -1,
35, 58, 52, -1, 35, 52, 53, -1, 35, 53, 54, -1, 35, 54, 55, -1,
35, 55, 42, -1, 35, 42, 34, -1, 52, 58, 68, -1, 52, 68, 69, -1,
52, 69, 70, -1, 52, 70, 71, -1, 52, 71, 72, -1, 52, 72, 73, -1,
52, 73, 51, -1, 52, 51, 57, -1, 36, 10, 64, -1, 36, 64, 65, -1,
36, 65, 66, -1, 36, 66, 67, -1, 36, 67, 58, -1, 8, 9, 2, -1,
8, 2, 3, -1, 8, 3, 20, -1, 8, 20, 21, -1, 8, 21, 12, -1,
42, 43, 41, -1, 42, 41, 32, -1, 42, 32, 33, -1, 42, 33, 34, -1,
51, 42, 55, -1, 51, 55, 56, -1, 51, 56, 57, -1, 58, 59, 68, -1,
68, 59, 60, -1, 68, 60, 77, -1, 77, 60, 61, -1, 77, 61, 62, -1,
41, 43, 44, -1, 41, 44, 40, -1, 17, 76, 77, -1, 73, 50, 51, -1,
47, 30, 31, -1, 64, 10, 63, -1, 86, 89, 90, -1, 90, 89, 91, -1,
91, 89, 92, -1, 92, 89, 93, -1, 93, 89, 94, -1, 94, 89, 95, -1,
95, 89, 155, -1, 155, 89, 140, -1, 140, 89, 141, -1, 141, 89, 88, -1,
79, 78, 84, -1, 84, 78, 85, -1, 85, 78, 82, -1, 82, 78, 108, -1,
108, 78, 125, -1, 125, 78, 126, -1, 126, 78, 127, -1, 127, 78, 128, -1,
128, 78, 151, -1, 151, 78, 152, -1, 152, 78, 153, -1, 153, 78, 154, -1,
154, 78, 95, -1, 95, 78, 96, -1, 96, 78, 97, -1, 97, 78, 98, -1,
98, 78, 81, -1, 80, 79, 87, -1, 87, 79, 88, -1, 88, 79, 114, -1,
114, 79, 115, -1, 115, 79, 116, -1, 116, 79, 117, -1, 117, 79, 118, -1,
118, 79, 101, -1, 101, 79, 102, -1, 102, 79, 103, -1, 103, 79, 104, -1,
104, 79, 105, -1, 105, 79, 83, -1, 83, 79, 84, -1, 83, 82, 105, -1,
105, 82, 106, -1, 106, 82, 107, -1, 107, 82, 108, -1, 101, 100, 118, -1,
118, 100, 122, -1, 122, 100, 123, -1, 123, 100, 124, -1, 124, 100, 125, -1,
125, 100, 109, -1, 114, 113, 136, -1, 136, 113, 130, -1, 130, 113, 131, -1,
131, 113, 132, -1, 132, 113, 133, -1, 133, 113, 120, -1, 120, 113, 112, -1,
136, 130, 146, -1, 146, 130, 147, -1, 147, 130, 148, -1, 148, 130, 149, -1,
149, 130, 150, -1, 150, 130, 151, -1, 151, 130, 129, -1, 129, 130, 135, -1,
88, 114, 142, -1, 142, 114, 143, -1, 143, 114, 144, -1, 144, 114, 145, -1,
145, 114, 136, -1, 87, 86, 80, -1, 80, 86, 81, -1, 81, 86, 98, -1,
98, 86, 99, -1, 99, 86, 90, -1, 121, 120, 119, -1, 119, 120, 110, -1,
110, 120, 111, -1, 111, 120, 112, -1, 120, 129, 133, -1, 133, 129, 134, -1,
134, 129, 135, -1, 137, 136, 146, -1, 137, 146, 138, -1, 138, 146, 155, -1,
138, 155, 139, -1, 139, 155, 140, -1, 121, 119, 122, -1, 122, 119, 118, -1,
154, 95, 155, -1, 128, 151, 129, -1, 108, 125, 109, -1, 88, 142, 141, -1,
1, 0, 79, -1, 79, 0, 78, -1, 2, 1, 80, -1, 80, 1, 79, -1,
3, 2, 81, -1, 81, 2, 80, -1, 0, 3, 78, -1, 78, 3, 81, -1,
5, 4, 83, -1, 83, 4, 82, -1, 6, 5, 84, -1, 84, 5, 83, -1,
7, 6, 85, -1, 85, 6, 84, -1, 4, 7, 82, -1, 82, 7, 85, -1,
9, 8, 87, -1, 87, 8, 86, -1, 10, 9, 88, -1, 88, 9, 87, -1,
11, 10, 89, -1, 89, 10, 88, -1, 8, 11, 86, -1, 86, 11, 89, -1,
13, 12, 91, -1, 91, 12, 90, -1, 14, 13, 92, -1, 92, 13, 91, -1,
15, 14, 93, -1, 93, 14, 92, -1, 16, 15, 94, -1, 94, 15, 93, -1,
17, 16, 95, -1, 95, 16, 94, -1, 18, 17, 96, -1, 96, 17, 95, -1,
19, 18, 97, -1, 97, 18, 96, -1, 20, 19, 98, -1, 98, 19, 97, -1,
21, 20, 99, -1, 99, 20, 98, -1, 12, 21, 90, -1, 90, 21, 99, -1,
23, 22, 101, -1, 101, 22, 100, -1, 24, 23, 102, -1, 102, 23, 101, -1,
25, 24, 103, -1, 103, 24, 102, -1, 26, 25, 104, -1, 104, 25, 103, -1,
27, 26, 105, -1, 105, 26, 104, -1, 28, 27, 106, -1, 106, 27, 105, -1,
29, 28, 107, -1, 107, 28, 106, -1, 30, 29, 108, -1, 108, 29, 107, -1,
31, 30, 109, -1, 109, 30, 108, -1, 22, 31, 100, -1, 100, 31, 109, -1,
33, 32, 111, -1, 111, 32, 110, -1, 34, 33, 112, -1, 112, 33, 111, -1,
35, 34, 113, -1, 113, 34, 112, -1, 36, 35, 114, -1, 114, 35, 113, -1,
37, 36, 115, -1, 115, 36, 114, -1, 38, 37, 116, -1, 116, 37, 115, -1,
39, 38, 117, -1, 117, 38, 116, -1, 40, 39, 118, -1, 118, 39, 117, -1,
41, 40, 119, -1, 119, 40, 118, -1, 32, 41, 110, -1, 110, 41, 119, -1,
43, 42, 121, -1, 121, 42, 120, -1, 44, 43, 122, -1, 122, 43, 121, -1,
45, 44, 123, -1, 123, 44, 122, -1, 46, 45, 124, -1, 124, 45, 123, -1,
47, 46, 125, -1, 125, 46, 124, -1, 48, 47, 126, -1, 126, 47, 125, -1,
49, 48, 127, -1, 127, 48, 126, -1, 50, 49, 128, -1, 128, 49, 127, -1,
51, 50, 129, -1, 129, 50, 128, -1, 42, 51, 120, -1, 120, 51, 129, -1,
53, 52, 131, -1, 131, 52, 130, -1, 54, 53, 132, -1, 132, 53, 131, -1,
55, 54, 133, -1, 133, 54, 132, -1, 56, 55, 134, -1, 134, 55, 133, -1,
57, 56, 135, -1, 135, 56, 134, -1, 52, 57, 130, -1, 130, 57, 135, -1,
59, 58, 137, -1, 137, 58, 136, -1, 60, 59, 138, -1, 138, 59, 137, -1,
61, 60, 139, -1, 139, 60, 138, -1, 62, 61, 140, -1, 140, 61, 139, -1,
63, 62, 141, -1, 141, 62, 140, -1, 64, 63, 142, -1, 142, 63, 141, -1,
65, 64, 143, -1, 143, 64, 142, -1, 66, 65, 144, -1, 144, 65, 143, -1,
67, 66, 145, -1, 145, 66, 144, -1, 58, 67, 136, -1, 136, 67, 145, -1,
69, 68, 147, -1, 147, 68, 146, -1, 70, 69, 148, -1, 148, 69, 147, -1,
71, 70, 149, -1, 149, 70, 148, -1, 72, 71, 150, -1, 150, 71, 149, -1,
73, 72, 151, -1, 151, 72, 150, -1, 74, 73, 152, -1, 152, 73, 151, -1,
75, 74, 153, -1, 153, 74, 152, -1, 76, 75, 154, -1, 154, 75, 153, -1,
77, 76, 155, -1, 155, 76, 154, -1, 68, 77, 146, -1, 146, 77, 155, -1
            ]
          }
        }
      ]
    }
  ]
}
Transform {
  children [
    Group {
      children [
        Shape {
          appearance Appearance {
            material Material {
              diffuseColor 0.08 0.5 0.1
              specularColor 0.01 0.05 0.01
              emissiveColor 0 0 0
              ambientIntensity 0.8
              transparency 0
              shininess 0.02
            }
          }
          geometry IndexedFaceSet {
            solid TRUE
            coord Coordinate {
              point [
67.744092 -27.601213 0.314961, 67.733275 -27.623671 0.314961,
67.538335 -27.73622 0.314961, 67.538335 -28.169291 0.314961,
67.733275 -28.28184 0.314961, 67.744092 -28.304299 0.314961,
67.819435 -28.364383 0.314961, 67.913386 -28.385827 0.314961,
68.007337 -28.364383 0.314961, 68.08268 -28.304299 0.314961,
68.093495 -28.28184 0.314961, 68.288436 -28.169291 0.314961,
68.288436 -27.73622 0.314961, 68.093495 -27.623671 0.314961,
68.08268 -27.601213 0.314961, 68.007337 -27.541129 0.314961,
67.913386 -27.519685 0.314961, 67.819435 -27.541129 0.314961,
67.765748 -27.952756 0.314961, 67.793944 -27.865977 0.314961,
67.867763 -27.812344 0.314961, 67.959008 -27.812344 0.314961,
68.032827 -27.865977 0.314961, 68.061024 -27.952756 0.314961,
68.032827 -28.039535 0.314961, 67.959008 -28.093168 0.314961,
67.867763 -28.093168 0.314961, 67.793944 -28.039535 0.314961,
65.002461 -32.185039 0.314961, 65.032067 -32.276158 0.314961,
65.109577 -32.332472 0.314961, 65.205384 -32.332472 0.314961,
65.282894 -32.276158 0.314961, 65.3125 -32.185039 0.314961,
65.282894 -32.093921 0.314961, 65.205384 -32.037607 0.314961,
65.109577 -32.037607 0.314961, 65.032067 -32.093921 0.314961,
65.009843 -32.185039 0.314961, 65.038039 -32.09826 0.314961,
65.111858 -32.044627 0.314961, 65.203103 -32.044627 0.314961,
65.276922 -32.09826 0.314961, 65.305118 -32.185039 0.314961,
65.276922 -32.271819 0.314961, 65.203103 -32.325451 0.314961,
65.111858 -32.325451 0.314961, 65.038039 -32.271819 0.314961,
68.728344 -29.569717 0.314961, 68.717527 -29.592175 0.314961,
68.522587 -29.704724 0.314961, 68.522587 -30.137795 0.314961,
68.578958 -30.170341 0.314961, 68.075438 -30.673863 0.314961,
68.070519 -30.69221 0.314961, 68.061024 -30.708661 0.314961,
68.061025 -31.475679 0.314961, 67.400876 -32.135827 0.314961,
66.775347 -32.135827 0.314961, 66.761261 -32.092475 0.314961,
66.682521 -32.035267 0.314961, 66.585193 -32.035267 0.314961,
66.506452 -32.092475 0.314961, 66.476376 -32.185039 0.314961,
66.506452 -32.277604 0.314961, 66.585193 -32.334812 0.314961,
66.682521 -32.334812 0.314961, 66.761261 -32.277604 0.314961,
66.775347 -32.234252 0.314961, 67.42126 -32.234252 0.314961,
67.437708 -32.224753 0.314961, 67.456058 -32.219838 0.314961,
68.145035 -31.530862 0.314961, 68.149949 -31.512513 0.314961,
68.159449 -31.496063 0.314961, 68.159449 -30.729046 0.314961,
68.667205 -30.22129 0.314961, 68.717527 -30.250344 0.314961,
68.728344 -30.272803 0.314961, 68.803687 -30.332887 0.314961,
68.897638 -30.354331 0.314961, 68.991589 -30.332887 0.314961,
69.066932 -30.272803 0.314961, 69.077746 -30.250344 0.314961,
69.272688 -30.137795 0.314961, 69.272688 -29.704724 0.314961,
69.077746 -29.592175 0.314961, 69.066932 -29.569717 0.314961,
68.991589 -29.509633 0.314961, 68.897638 -29.488189 0.314961,
68.803687 -29.509633 0.314961, 68.75 -29.92126 0.314961,
68.778196 -29.834481 0.314961, 68.852015 -29.780848 0.314961,
68.94326 -29.780848 0.314961, 69.017079 -29.834481 0.314961,
69.045276 -29.92126 0.314961, 69.017079 -30.008039 0.314961,
68.94326 -30.061672 0.314961, 68.852015 -30.061672 0.314961,
68.778196 -30.008039 0.314961, 66.555117 -32.185039 0.314961,
66.594487 -32.116848 0.314961, 66.673227 -32.116848 0.314961,
66.712597 -32.185039 0.314961, 66.673227 -32.25323 0.314961,
66.594487 -32.25323 0.314961, 63.624508 -34.645669 0.314961,
63.654114 -34.736788 0.314961, 63.731624 -34.793102 0.314961,
63.827431 -34.793102 0.314961, 63.904941 -34.736788 0.314961,
63.934547 -34.645669 0.314961, 63.904941 -34.554551 0.314961,
63.82874 -34.499188 0.314961, 63.82874 -33.858268 0.314961,
63.804134 -33.815648 0.314961, 63.754921 -33.815648 0.314961,
63.730315 -33.858268 0.314961, 63.730315 -34.499188 0.314961,
63.654114 -34.554551 0.314961, 63.63189 -34.645669 0.314961,
63.660086 -34.55889 0.314961, 63.733905 -34.505257 0.314961,
63.82515 -34.505257 0.314961, 63.898969 -34.55889 0.314961,
63.927165 -34.645669 0.314961, 63.898969 -34.732449 0.314961,
63.82515 -34.786081 0.314961, 63.733905 -34.786081 0.314961,
63.660086 -34.732449 0.314961, 67.955217 -34.645669 0.314961,
67.984823 -34.736788 0.314961, 68.062333 -34.793102 0.314961,
68.15814 -34.793102 0.314961, 68.23565 -34.736788 0.314961,
68.265256 -34.645669 0.314961, 68.23565 -34.554551 0.314961,
68.159449 -34.499188 0.314961, 68.159449 -33.858268 0.314961,
68.134843 -33.815648 0.314961, 68.08563 -33.815648 0.314961,
68.061024 -33.858268 0.314961, 68.061024 -34.499188 0.314961,
67.984823 -34.554551 0.314961, 67.962598 -34.645669 0.314961,
67.990795 -34.55889 0.314961, 68.064614 -34.505257 0.314961,
68.155859 -34.505257 0.314961, 68.229678 -34.55889 0.314961,
68.257874 -34.645669 0.314961, 68.229678 -34.732449 0.314961,
68.155859 -34.786081 0.314961, 68.064614 -34.786081 0.314961,
67.990795 -34.732449 0.314961, 65.986713 -34.645669 0.314961,
66.016319 -34.736788 0.314961, 66.093829 -34.793102 0.314961,
66.189636 -34.793102 0.314961, 66.267146 -34.736788 0.314961,
66.296752 -34.645669 0.314961, 66.267146 -34.554551 0.314961,
66.189636 -34.498237 0.314961, 66.093829 -34.498237 0.314961,
66.016319 -34.554551 0.314961, 65.994094 -34.645669 0.314961,
66.022291 -34.55889 0.314961, 66.09611 -34.505257 0.314961,
66.187355 -34.505257 0.314961, 66.261174 -34.55889 0.314961,
66.28937 -34.645669 0.314961, 66.261174 -34.732449 0.314961,
66.187355 -34.786081 0.314961, 66.09611 -34.786081 0.314961,
66.022291 -34.732449 0.314961
              ]
            }
            coordIndex [
23, 9, 14, -1, 14, 9, 10, -1, 14, 10, 13, -1, 13, 10, 11, -1,
13, 11, 12, -1, 18, 19, 17, -1, 17, 19, 20, -1, 17, 20, 16, -1,
16, 20, 21, -1, 16, 21, 15, -1, 15, 21, 22, -1, 15, 22, 14, -1,
14, 22, 23, -1, 2, 4, 1, -1, 1, 4, 5, -1, 1, 5, 0, -1,
0, 5, 18, -1, 0, 18, 17, -1, 27, 6, 26, -1, 26, 6, 7, -1,
26, 7, 25, -1, 25, 7, 8, -1, 25, 8, 24, -1, 24, 8, 9, -1,
24, 9, 23, -1, 18, 5, 6, -1, 18, 6, 27, -1, 32, 33, 43, -1,
43, 33, 34, -1, 43, 34, 42, -1, 42, 34, 35, -1, 42, 35, 41, -1,
41, 35, 40, -1, 28, 38, 37, -1, 37, 38, 39, -1, 37, 39, 36, -1,
36, 39, 40, -1, 36, 40, 35, -1, 44, 45, 31, -1, 44, 31, 32, -1,
44, 32, 43, -1, 38, 29, 47, -1, 47, 29, 30, -1, 47, 30, 46, -1,
46, 30, 31, -1, 46, 31, 45, -1, 96, 82, 87, -1, 87, 82, 83, -1,
87, 83, 86, -1, 86, 83, 84, -1, 86, 84, 85, -1, 91, 92, 90, -1,
90, 92, 93, -1, 90, 93, 89, -1, 89, 93, 94, -1, 89, 94, 88, -1,
88, 94, 95, -1, 88, 95, 87, -1, 87, 95, 96, -1, 91, 90, 48, -1,
91, 48, 78, -1, 91, 78, 79, -1, 91, 79, 100, -1, 100, 79, 99, -1,
99, 79, 80, -1, 99, 80, 98, -1, 98, 80, 81, -1, 98, 81, 97, -1,
97, 81, 82, -1, 97, 82, 96, -1, 55, 56, 54, -1, 54, 56, 72, -1,
54, 72, 53, -1, 53, 72, 75, -1, 53, 75, 52, -1, 52, 75, 76, -1,
52, 76, 49, -1, 49, 76, 77, -1, 49, 77, 48, -1, 48, 77, 78, -1,
50, 51, 52, -1, 50, 52, 49, -1, 75, 72, 73, -1, 75, 73, 74, -1,
56, 57, 69, -1, 56, 69, 70, -1, 56, 70, 71, -1, 56, 71, 72, -1,
105, 66, 104, -1, 104, 66, 67, -1, 104, 67, 59, -1, 59, 67, 68, -1,
59, 68, 58, -1, 58, 68, 69, -1, 58, 69, 57, -1, 60, 61, 102, -1,
60, 102, 103, -1, 60, 103, 104, -1, 60, 104, 59, -1, 101, 102, 61, -1,
101, 61, 62, -1, 101, 62, 65, -1, 101, 65, 106, -1, 106, 65, 66, -1,
106, 66, 105, -1, 62, 63, 64, -1, 62, 64, 65, -1, 111, 112, 126, -1,
126, 112, 113, -1, 126, 113, 125, -1, 125, 113, 114, -1, 125, 114, 124, -1,
124, 114, 115, -1, 124, 115, 116, -1, 107, 121, 120, -1, 120, 121, 122, -1,
120, 122, 119, -1, 119, 122, 123, -1, 119, 123, 117, -1, 117, 123, 124, -1,
117, 124, 116, -1, 127, 128, 110, -1, 127, 110, 111, -1, 127, 111, 126, -1,
121, 108, 130, -1, 130, 108, 109, -1, 130, 109, 129, -1, 129, 109, 110, -1,
129, 110, 128, -1, 135, 136, 150, -1, 150, 136, 137, -1, 150, 137, 149, -1,
149, 137, 138, -1, 149, 138, 148, -1, 148, 138, 139, -1, 148, 139, 140, -1,
131, 145, 144, -1, 144, 145, 146, -1, 144, 146, 143, -1, 143, 146, 147, -1,
143, 147, 141, -1, 141, 147, 148, -1, 141, 148, 140, -1, 151, 152, 134, -1,
151, 134, 135, -1, 151, 135, 150, -1, 145, 132, 154, -1, 154, 132, 133, -1,
154, 133, 153, -1, 153, 133, 134, -1, 153, 134, 152, -1, 159, 160, 170, -1,
170, 160, 161, -1, 170, 161, 169, -1, 169, 161, 162, -1, 169, 162, 168, -1,
168, 162, 167, -1, 155, 165, 164, -1, 164, 165, 166, -1, 164, 166, 163, -1,
163, 166, 167, -1, 163, 167, 162, -1, 171, 172, 158, -1, 171, 158, 159, -1,
171, 159, 170, -1, 165, 156, 174, -1, 174, 156, 157, -1, 174, 157, 173, -1,
173, 157, 158, -1, 173, 158, 172, -1, 156, 165, 155, -1, 132, 145, 131, -1,
143, 141, 142, -1, 108, 121, 107, -1, 119, 117, 118, -1, 29, 38, 28, -1,
4, 2, 3, -1
            ]
          }
        }
      ]
    }
  ]
}
Transform {
  children [
    Group {
      children [
        Shape {
          appearance Appearance {
            material Material {
              diffuseColor 0.749 0.756 0.761
              specularColor 0.749 0.756 0.761
              emissiveColor 0 0 0
              ambientIntensity 0.8
              transparency 0
              shininess 0.8
            }
          }
          geometry IndexedFaceSet {
            solid TRUE
            coord Coordinate {
              point [

              ]
            }
            coordIndex [

            ]
          }
        }
      ]
    }
  ]
}
Transform {
  children [
    Group {
      children [
        Shape {
          appearance Appearance {
            material Material {
              diffuseColor 0.08 0.5 0.1
              specularColor 0.01 0.05 0.01
              emissiveColor 0 0 0
              ambientIntensity 0.8
              transparency 0
              shininess 0.02
            }
          }
          geometry IndexedFaceSet {
            solid TRUE
            coord Coordinate {
              point [
67.744092 -27.601213 -0.314961, 67.733275 -27.623671 -0.314961,
67.538335 -27.73622 -0.314961, 67.538335 -28.169291 -0.314961,
67.733275 -28.28184 -0.314961, 67.744092 -28.304299 -0.314961,
67.819435 -28.364383 -0.314961, 67.913386 -28.385827 -0.314961,
68.007337 -28.364383 -0.314961, 68.08268 -28.304299 -0.314961,
68.093495 -28.28184 -0.314961, 68.288436 -28.169291 -0.314961,
68.288436 -27.73622 -0.314961, 68.093495 -27.623671 -0.314961,
68.08268 -27.601213 -0.314961, 68.007337 -27.541129 -0.314961,
67.913386 -27.519685 -0.314961, 67.819435 -27.541129 -0.314961,
67.765748 -27.952756 -0.314961, 67.793944 -27.865977 -0.314961,
67.867763 -27.812344 -0.314961, 67.959008 -27.812344 -0.314961,
68.032827 -27.865977 -0.314961, 68.061024 -27.952756 -0.314961,
68.032827 -28.039535 -0.314961, 67.959008 -28.093168 -0.314961,
67.867763 -28.093168 -0.314961, 67.793944 -28.039535 -0.314961,
66.506452 -32.092475 -0.314961, 66.492366 -32.135827 -0.314961,
65.532529 -32.135826 -0.314961, 65.532531 -31.968504 -0.314961,
65.337589 -31.855954 -0.314961, 65.326775 -31.833496 -0.314961,
65.251432 -31.773412 -0.314961, 65.15748 -31.751969 -0.314961,
65.063529 -31.773412 -0.314961, 64.988186 -31.833496 -0.314961,
64.97737 -31.855954 -0.314961, 64.78243 -31.968504 -0.314961,
64.78243 -32.401575 -0.314961, 64.97737 -32.514123 -0.314961,
64.988186 -32.536582 -0.314961, 65.063529 -32.596666 -0.314961,
65.15748 -32.61811 -0.314961, 65.251432 -32.596666 -0.314961,
65.326775 -32.536582 -0.314961, 65.337589 -32.514123 -0.314961,
65.532531 -32.401575 -0.314961, 65.53253 -32.234252 -0.314961,
66.492366 -32.234252 -0.314961, 66.506452 -32.277604 -0.314961,
66.585193 -32.334812 -0.314961, 66.682521 -32.334812 -0.314961,
66.761261 -32.277604 -0.314961, 66.791337 -32.185039 -0.314961,
66.761261 -32.092475 -0.314961, 66.682521 -32.035267 -0.314961,
66.585193 -32.035267 -0.314961, 66.555117 -32.185039 -0.314961,
66.594487 -32.116848 -0.314961, 66.673227 -32.116848 -0.314961,
66.712597 -32.185039 -0.314961, 66.673227 -32.25323 -0.314961,
66.594487 -32.25323 -0.314961, 65.009843 -32.185039 -0.314961,
65.038039 -32.09826 -0.314961, 65.111858 -32.044627 -0.314961,
65.203103 -32.044627 -0.314961, 65.276922 -32.09826 -0.314961,
65.305118 -32.185039 -0.314961, 65.276922 -32.271819 -0.314961,
65.203103 -32.325451 -0.314961, 65.111858 -32.325451 -0.314961,
65.038039 -32.271819 -0.314961, 68.742618 -29.92126 -0.314961,
68.772224 -30.012378 -0.314961, 68.849734 -30.068692 -0.314961,
68.945542 -30.068692 -0.314961, 69.023051 -30.012378 -0.314961,
69.052657 -29.92126 -0.314961, 69.023051 -29.830142 -0.314961,
68.945542 -29.773827 -0.314961, 68.849734 -29.773827 -0.314961,
68.772224 -29.830142 -0.314961, 68.75 -29.92126 -0.314961,
68.778196 -29.834481 -0.314961, 68.852015 -29.780848 -0.314961,
68.94326 -29.780848 -0.314961, 69.017079 -29.834481 -0.314961,
69.045276 -29.92126 -0.314961, 69.017079 -30.008039 -0.314961,
68.94326 -30.061672 -0.314961, 68.852015 -30.061672 -0.314961,
68.778196 -30.008039 -0.314961, 63.610233 -34.294126 -0.314961,
63.599417 -34.316584 -0.314961, 63.404477 -34.429134 -0.314961,
63.404477 -34.862205 -0.314961, 63.599417 -34.974753 -0.314961,
63.610233 -34.997212 -0.314961, 63.685576 -35.057296 -0.314961,
63.779528 -35.07874 -0.314961, 63.873479 -35.057296 -0.314961,
63.948822 -34.997212 -0.314961, 63.959636 -34.974753 -0.314961,
64.154578 -34.862205 -0.314961, 64.154578 -34.429134 -0.314961,
63.959636 -34.316584 -0.314961, 63.948822 -34.294126 -0.314961,
63.873479 -34.234042 -0.314961, 63.779528 -34.212598 -0.314961,
63.685576 -34.234042 -0.314961, 63.63189 -34.645669 -0.314961,
63.660086 -34.55889 -0.314961, 63.733905 -34.505257 -0.314961,
63.82515 -34.505257 -0.314961, 63.898969 -34.55889 -0.314961,
63.927165 -34.645669 -0.314961, 63.898969 -34.732449 -0.314961,
63.82515 -34.786081 -0.314961, 63.733905 -34.786081 -0.314961,
63.660086 -34.732449 -0.314961, 67.940942 -34.294126 -0.314961,
67.930126 -34.316584 -0.314961, 67.735186 -34.429134 -0.314961,
67.735186 -34.862205 -0.314961, 67.930126 -34.974753 -0.314961,
67.940942 -34.997212 -0.314961, 68.016285 -35.057296 -0.314961,
68.110236 -35.07874 -0.314961, 68.204187 -35.057296 -0.314961,
68.27953 -34.997212 -0.314961, 68.290345 -34.974753 -0.314961,
68.485287 -34.862205 -0.314961, 68.485287 -34.429134 -0.314961,
68.290345 -34.316584 -0.314961, 68.27953 -34.294126 -0.314961,
68.204187 -34.234042 -0.314961, 68.110236 -34.212598 -0.314961,
68.016285 -34.234042 -0.314961, 67.962598 -34.645669 -0.314961,
67.990795 -34.55889 -0.314961, 68.064614 -34.505257 -0.314961,
68.155859 -34.505257 -0.314961, 68.229678 -34.55889 -0.314961,
68.257874 -34.645669 -0.314961, 68.229678 -34.732449 -0.314961,
68.155859 -34.786081 -0.314961, 68.064614 -34.786081 -0.314961,
67.990795 -34.732449 -0.314961, 65.972438 -34.294126 -0.314961,
65.961622 -34.316584 -0.314961, 65.766682 -34.429134 -0.314961,
65.766682 -34.862205 -0.314961, 65.961622 -34.974753 -0.314961,
65.972438 -34.997212 -0.314961, 66.047781 -35.057296 -0.314961,
66.141732 -35.07874 -0.314961, 66.235683 -35.057296 -0.314961,
66.311027 -34.997212 -0.314961, 66.321841 -34.974753 -0.314961,
66.516783 -34.862205 -0.314961, 66.516783 -34.429134 -0.314961,
66.321843 -34.316585 -0.314961, 66.311027 -34.294126 -0.314961,
66.235683 -34.234042 -0.314961, 66.190946 -34.223831 -0.314961,
66.190945 -33.858268 -0.314961, 66.166339 -33.815648 -0.314961,
66.117126 -33.815648 -0.314961, 66.09252 -33.858268 -0.314961,
66.09252 -34.223831 -0.314961, 66.047781 -34.234042 -0.314961,
65.994094 -34.645669 -0.314961, 66.022291 -34.55889 -0.314961,
66.09611 -34.505257 -0.314961, 66.187355 -34.505257 -0.314961,
66.261174 -34.55889 -0.314961, 66.28937 -34.645669 -0.314961,
66.261174 -34.732449 -0.314961, 66.187355 -34.786081 -0.314961,
66.09611 -34.786081 -0.314961, 66.022291 -34.732449 -0.314961
              ]
            }
            coordIndex [
9, 23, 14, -1, 9, 14, 10, -1, 10, 14, 13, -1, 10, 13, 11, -1,
11, 13, 12, -1, 19, 18, 17, -1, 19, 17, 20, -1, 20, 17, 16, -1,
20, 16, 21, -1, 21, 16, 15, -1, 21, 15, 22, -1, 22, 15, 14, -1,
22, 14, 23, -1, 4, 2, 1, -1, 4, 1, 5, -1, 5, 1, 0, -1,
5, 0, 18, -1, 18, 0, 17, -1, 6, 27, 26, -1, 6, 26, 7, -1,
7, 26, 25, -1, 7, 25, 8, -1, 8, 25, 24, -1, 8, 24, 9, -1,
9, 24, 23, -1, 5, 18, 6, -1, 6, 18, 27, -1, 61, 60, 57, -1,
61, 57, 62, -1, 62, 57, 56, -1, 62, 56, 54, -1, 54, 56, 55, -1,
52, 51, 28, -1, 52, 28, 59, -1, 59, 28, 58, -1, 59, 58, 60, -1,
60, 58, 57, -1, 54, 53, 62, -1, 62, 53, 63, -1, 63, 53, 64, -1,
64, 53, 52, -1, 28, 51, 50, -1, 28, 50, 29, -1, 29, 50, 49, -1,
29, 49, 30, -1, 30, 49, 48, -1, 30, 48, 32, -1, 32, 48, 47, -1,
32, 47, 33, -1, 33, 47, 46, -1, 33, 46, 70, -1, 70, 46, 71, -1,
71, 46, 45, -1, 71, 45, 72, -1, 72, 45, 44, -1, 72, 44, 73, -1,
73, 44, 43, -1, 73, 43, 74, -1, 74, 43, 65, -1, 66, 65, 36, -1,
36, 65, 37, -1, 37, 65, 42, -1, 42, 65, 43, -1, 39, 38, 41, -1,
41, 38, 42, -1, 42, 38, 37, -1, 80, 79, 90, -1, 80, 90, 81, -1,
81, 90, 89, -1, 81, 89, 82, -1, 82, 89, 88, -1, 82, 88, 87, -1,
85, 75, 84, -1, 85, 84, 86, -1, 86, 84, 83, -1, 86, 83, 87, -1,
87, 83, 82, -1, 92, 91, 78, -1, 78, 91, 79, -1, 79, 91, 90, -1,
76, 85, 94, -1, 76, 94, 77, -1, 77, 94, 93, -1, 77, 93, 78, -1,
78, 93, 92, -1, 33, 70, 69, -1, 33, 69, 34, -1, 34, 69, 68, -1,
34, 68, 35, -1, 35, 68, 67, -1, 35, 67, 36, -1, 36, 67, 66, -1,
104, 118, 109, -1, 104, 109, 105, -1, 105, 109, 108, -1, 105, 108, 106, -1,
106, 108, 107, -1, 114, 113, 112, -1, 114, 112, 115, -1, 115, 112, 111, -1,
115, 111, 116, -1, 116, 111, 110, -1, 116, 110, 117, -1, 117, 110, 109, -1,
117, 109, 118, -1, 99, 97, 96, -1, 99, 96, 100, -1, 100, 96, 95, -1,
100, 95, 113, -1, 113, 95, 112, -1, 101, 122, 121, -1, 101, 121, 102, -1,
102, 121, 120, -1, 102, 120, 103, -1, 103, 120, 119, -1, 103, 119, 104, -1,
104, 119, 118, -1, 100, 113, 101, -1, 101, 113, 122, -1, 132, 146, 137, -1,
132, 137, 133, -1, 133, 137, 136, -1, 133, 136, 134, -1, 134, 136, 135, -1,
142, 141, 140, -1, 142, 140, 143, -1, 143, 140, 139, -1, 143, 139, 144, -1,
144, 139, 138, -1, 144, 138, 145, -1, 145, 138, 137, -1, 145, 137, 146, -1,
127, 125, 124, -1, 127, 124, 128, -1, 128, 124, 123, -1, 128, 123, 141, -1,
141, 123, 140, -1, 129, 150, 149, -1, 129, 149, 130, -1, 130, 149, 148, -1,
130, 148, 131, -1, 131, 148, 147, -1, 131, 147, 132, -1, 132, 147, 146, -1,
128, 141, 129, -1, 129, 141, 150, -1, 160, 179, 165, -1, 160, 165, 161, -1,
161, 165, 164, -1, 161, 164, 162, -1, 162, 164, 163, -1, 179, 178, 165, -1,
165, 178, 166, -1, 166, 178, 167, -1, 167, 178, 177, -1, 167, 177, 168, -1,
168, 177, 169, -1, 169, 177, 170, -1, 170, 177, 176, -1, 175, 174, 173, -1,
175, 173, 176, -1, 176, 173, 172, -1, 176, 172, 170, -1, 170, 172, 171, -1,
157, 183, 182, -1, 157, 182, 158, -1, 158, 182, 181, -1, 158, 181, 159, -1,
159, 181, 180, -1, 159, 180, 160, -1, 160, 180, 179, -1, 173, 174, 151, -1,
151, 174, 156, -1, 156, 174, 157, -1, 157, 174, 183, -1, 153, 152, 155, -1,
155, 152, 156, -1, 156, 152, 151, -1, 153, 155, 154, -1, 125, 127, 126, -1,
97, 99, 98, -1, 32, 31, 30, -1, 85, 76, 75, -1, 39, 41, 40, -1,
52, 59, 64, -1, 2, 4, 3, -1
            ]
          }
        }
      ]
    }
  ]
}
Transform {
  children [
    Group {
      children [
        Shape {
          appearance Appearance {
            material Material {
              diffuseColor 0.749 0.756 0.761
              specularColor 0.749 0.756 0.761
              emissiveColor 0 0 0
              ambientIntensity 0.8
              transparency 0
              shininess 0.8
            }
          }
          geometry IndexedFaceSet {
            solid TRUE
            coord Coordinate {
              point [

              ]
            }
            coordIndex [

            ]
          }
        }
      ]
    }
  ]
}
Transform {
  children [
    Group {
      children [
        Shape {
          appearance Appearance {
            material Material {
              diffuseColor 0.749 0.756 0.761
              specularColor 0.749 0.756 0.761
              emissiveColor 0 0 0
              ambientIntensity 0.8
              transparency 0
              shininess 0.8
            }
          }
          geometry IndexedFaceSet {
            solid TRUE
            coord Coordinate {
              point [

              ]
            }
            coordIndex [

            ]
          }
        }
      ]
    }
  ]
}
Transform {
  children [
    Group {
      children [
        Shape {
          appearance Appearance {
            material Material {
              diffuseColor 0.9 0.9 0.9
              specularColor 0.1 0.1 0.1
              emissiveColor 0 0 0
              ambientIntensity 0.9
              transparency 0
              shininess 0.02
            }
          }
          geometry IndexedFaceSet {
            solid TRUE
            coord Coordinate {
              point [
71.033066 -17.333819 0.334646, 71.032904 -17.37154 0.334646,
71.032904 -17.371544 0.334646, 71.033035 -17.406968 0.334646,
71.033035 -17.406972 0.334646, 71.033459 -17.440061 0.334646,
71.033459 -17.440067 0.334646, 71.034175 -17.470785 0.334646,
71.034176 -17.470791 0.334646, 71.03518 -17.499103 0.334646,
71.035181 -17.49911 0.334646, 71.036474 -17.52498 0.334646,
71.036474 -17.524989 0.334646, 71.038054 -17.548381 0.334646,
71.038055 -17.548392 0.334646, 71.03992 -17.56927 0.334646,
71.039922 -17.569284 0.334646, 71.04207 -17.587612 0.334646,
71.042073 -17.587631 0.334646, 71.044504 -17.603372 0.334646,
71.044508 -17.603398 0.334646, 71.04722 -17.616518 0.334646,
71.047229 -17.616556 0.334646, 71.05022 -17.627018 0.334646,
71.050241 -17.627076 0.334646, 71.053509 -17.634844 0.334646,
71.053563 -17.634942 0.334646, 71.057108 -17.639981 0.334646,
71.057185 -17.640068 0.334646, 71.057267 -17.640129 0.334646,
71.061087 -17.642402 0.334646, 71.061217 -17.642457 0.334646,
71.061318 -17.642474 0.334646, 71.06142 -17.642471 0.334646,
71.065513 -17.641942 0.334646, 71.065583 -17.641928 0.334646,
71.065678 -17.641892 0.334646, 71.065765 -17.641838 0.334646,
71.070129 -17.638472 0.334646, 71.070175 -17.638432 0.334646,
71.070241 -17.638354 0.334646, 71.074616 -17.631959 0.334646,
71.074652 -17.631896 0.334646, 71.079375 -17.622404 0.334646,
71.079391 -17.622368 0.334646, 71.084419 -17.609972 0.334646,
71.084428 -17.609948 0.334646, 71.089719 -17.594844 0.334646,
71.089724 -17.594828 0.334646, 71.095237 -17.577209 0.334646,
71.09524 -17.577196 0.334646, 71.100932 -17.557259 0.334646,
71.100935 -17.557249 0.334646, 71.106765 -17.535186 0.334646,
71.106767 -17.535178 0.334646, 71.112693 -17.511184 0.334646,
71.112695 -17.511178 0.334646, 71.118675 -17.485448 0.334646,
71.118676 -17.485442 0.334646, 71.124669 -17.458171 0.334646,
71.12467 -17.458166 0.334646, 71.130632 -17.429548 0.334646,
71.130633 -17.429543 0.334646, 71.136524 -17.399773 0.334646,
71.136525 -17.399768 0.334646, 71.142303 -17.36904 0.334646,
71.142304 -17.369036 0.334646, 71.147926 -17.337545 0.334646,
71.147927 -17.33754 0.334646, 71.153352 -17.30548 0.334646,
71.153352 -17.305476 0.334646, 71.158539 -17.273042 0.334646,
71.158539 -17.273037 0.334646, 71.163444 -17.240423 0.334646,
71.163445 -17.240418 0.334646, 71.168027 -17.207819 0.334646,
71.168028 -17.207814 0.334646, 71.172246 -17.175425 0.334646,
71.172246 -17.175419 0.334646, 71.176057 -17.143434 0.334646,
71.176058 -17.143425 0.334646, 71.180451 -17.100665 0.334646,
71.180452 -17.100659 0.334646, 71.183859 -17.063369 0.334646,
71.183859 -17.063361 0.334646, 71.186279 -17.030987 0.334646,
71.18628 -17.030975 0.334646, 71.187713 -17.002959 0.334646,
71.187714 -17.002942 0.334646, 71.188161 -16.978728 0.334646,
71.188161 -16.978706 0.334646, 71.187621 -16.957738 0.334646,
71.187619 -16.957708 0.334646, 71.186093 -16.939429 0.334646,
71.186088 -16.939393 0.334646, 71.183575 -16.923247 0.334646,
71.183567 -16.923205 0.334646, 71.180068 -16.908636 0.334646,
71.180056 -16.908594 0.334646, 71.17557 -16.895044 0.334646,
71.175556 -16.895007 0.334646, 71.170083 -16.881921 0.334646,
71.170061 -16.881874 0.334646, 71.156681 -16.85718 0.334646,
71.156648 -16.857127 0.334646, 71.143479 -16.838467 0.334646,
71.143416 -16.838394 0.334646, 71.130481 -16.825815 0.334646,
71.13044 -16.82578 0.334646, 71.130354 -16.825724 0.334646,
71.117678 -16.819275 0.334646, 71.117554 -16.81923 0.334646,
71.117453 -16.819218 0.334646, 71.105059 -16.818945 0.334646,
71.104913 -16.818963 0.334646, 71.104818 -16.818999 0.334646,
71.092732 -16.82495 0.334646, 71.092664 -16.824991 0.334646,
71.092586 -16.825057 0.334646, 71.080833 -16.83728 0.334646,
71.080765 -16.837369 0.334646, 71.069367 -16.855911 0.334646,
71.069341 -16.855959 0.334646, 71.065594 -16.863794 0.334646,
71.065569 -16.863854 0.334646, 71.062007 -16.874514 0.334646,
71.061996 -16.874552 0.334646, 71.058625 -16.887995 0.334646,
71.058619 -16.888022 0.334646, 71.055443 -16.904204 0.334646,
71.055439 -16.904223 0.334646, 71.052462 -16.923102 0.334646,
71.05246 -16.923117 0.334646, 71.049686 -16.944647 0.334646,
71.049685 -16.944659 0.334646, 71.047119 -16.968798 0.334646,
71.047118 -16.968808 0.334646, 71.044763 -16.995513 0.334646,
71.044763 -16.99552 0.334646, 71.042625 -17.024748 0.334646,
71.042624 -17.024754 0.334646, 71.040707 -17.056459 0.334646,
71.040707 -17.056465 0.334646, 71.039015 -17.090606 0.334646,
71.039015 -17.090611 0.334646, 71.037552 -17.127142 0.334646,
71.037552 -17.127146 0.334646, 71.036323 -17.166026 0.334646,
71.036323 -17.16603 0.334646, 71.035332 -17.207214 0.334646,
71.034278 -17.251615 0.334646, 71.034278 -17.251618 0.334646,
71.033524 -17.293828 0.334646, 71.033524 -17.293831 0.334646,
71.033066 -17.333815 0.334646, 68.08215 -19.504906 0.334646,
68.067591 -19.476385 0.334646, 68.053411 -19.447694 0.334646,
68.039788 -19.419239 0.334646, 68.026905 -19.39144 0.334646,
68.014934 -19.364691 0.334646, 68.004064 -19.339424 0.334646,
67.994472 -19.316046 0.334646, 67.986343 -19.294978 0.334646,
67.979852 -19.276626 0.334646, 67.975181 -19.261404 0.334646,
67.972506 -19.249714 0.334646, 67.972502 -19.249696 0.334646,
67.965099 -19.221902 0.334646, 67.965082 -19.22185 0.334646,
67.956777 -19.200044 0.334646, 67.956745 -19.199975 0.334646,
67.94812 -19.184528 0.334646, 67.948042 -19.184421 0.334646,
67.939679 -19.175707 0.334646, 67.939599 -19.175639 0.334646,
67.939509 -19.175589 0.334646, 67.939412 -19.175558 0.334646,
67.931894 -19.173947 0.334646, 67.931795 -19.173936 0.334646,
67.931693 -19.173944 0.334646, 67.931595 -19.173972 0.334646,
67.931504 -19.174018 0.334646, 67.931424 -19.174081 0.334646,
67.925333 -19.179948 0.334646, 67.925291 -19.179995 0.334646,
67.925234 -19.18008 0.334646, 67.925196 -19.180175 0.334646,
67.921114 -19.193891 0.334646, 67.921094 -19.194004 0.334646,
67.919604 -19.215941 0.334646, 67.919603 -19.215993 0.334646,
67.91998 -19.227353 0.334646, 67.919982 -19.227379 0.334646,
67.9211 -19.240613 0.334646, 67.921102 -19.240632 0.334646,
67.922941 -19.255658 0.334646, 67.922943 -19.255672 0.334646,
67.92548 -19.272408 0.334646, 67.925482 -19.27242 0.334646,
67.928698 -19.290784 0.334646, 67.9287 -19.290794 0.334646,
67.932573 -19.310703 0.334646, 67.932575 -19.310711 0.334646,
67.937085 -19.332084 0.334646, 67.937086 -19.332091 0.334646,
67.942211 -19.354846 0.334646, 67.942213 -19.354852 0.334646,
67.947933 -19.378907 0.334646, 67.947934 -19.378913 0.334646,
67.954229 -19.404185 0.334646, 67.95423 -19.404189 0.334646,
67.961078 -19.430597 0.334646, 67.961079 -19.430601 0.334646,
67.968458 -19.458062 0.334646, 67.968459 -19.458066 0.334646,
67.97635 -19.486498 0.334646, 67.976352 -19.486502 0.334646,
67.984733 -19.515823 0.334646, 67.984735 -19.515826 0.334646,
67.993586 -19.545954 0.334646, 67.993587 -19.545958 0.334646,
68.002887 -19.576811 0.334646, 68.002888 -19.576814 0.334646,
68.012616 -19.608309 0.334646, 68.012617 -19.608313 0.334646,
68.022752 -19.640369 0.334646, 68.022752 -19.640372 0.334646,
68.033273 -19.672905 0.334646, 68.042214 -19.701007 0.334646,
68.050238 -19.727872 0.334646, 68.057338 -19.753604 0.334646,
68.063529 -19.778387 0.334646, 68.068805 -19.802319 0.334646,
68.073168 -19.825533 0.334646, 68.07663 -19.848219 0.334646,
68.079184 -19.87045 0.334646, 68.080837 -19.892401 0.334646,
68.081593 -19.914199 0.334646, 68.081451 -19.935982 0.334646,
68.080417 -19.957899 0.334646, 68.078491 -19.98006 0.334646,
68.075676 -20.002633 0.334646, 68.071977 -20.025719 0.334646,
68.067389 -20.049505 0.334646, 68.061926 -20.074071 0.334646,
68.055581 -20.099596 0.334646, 68.048356 -20.126213 0.334646,
68.040262 -20.154031 0.334646, 68.031292 -20.183219 0.334646,
68.031293 -20.183219 0.334646, 68.023506 -20.20806 0.334646,
68.023502 -20.208072 0.334646, 68.016283 -20.233147 0.334646,
68.01628 -20.233158 0.334646, 68.00963 -20.258424 0.334646,
68.009627 -20.258436 0.334646, 68.00355 -20.283853 0.334646,
68.003547 -20.283865 0.334646, 67.998044 -20.309392 0.334646,
67.998041 -20.309404 0.334646, 67.993113 -20.335001 0.334646,
67.993111 -20.335013 0.334646, 67.988762 -20.36064 0.334646,
67.98876 -20.360651 0.334646, 67.98499 -20.386268 0.334646,
67.984989 -20.38628 0.334646, 67.981801 -20.411845 0.334646,
67.9818 -20.411857 0.334646, 67.979196 -20.437332 0.334646,
67.979194 -20.437344 0.334646, 67.977177 -20.462687 0.334646,
67.977176 -20.462699 0.334646, 67.975746 -20.48787 0.334646,
67.975745 -20.487883 0.334646, 67.974906 -20.512842 0.334646,
67.974905 -20.512854 0.334646, 67.974657 -20.537561 0.334646,
67.974657 -20.537574 0.334646, 67.975003 -20.561988 0.334646,
67.975004 -20.562001 0.334646, 67.975945 -20.586082 0.334646,
67.975946 -20.586095 0.334646, 67.977486 -20.609803 0.334646,
67.977487 -20.609817 0.334646, 67.979627 -20.63311 0.334646,
67.979628 -20.633125 0.334646, 67.98237 -20.655965 0.334646,
67.982372 -20.65598 0.334646, 67.985719 -20.678325 0.334646,
67.985721 -20.678341 0.334646, 67.989673 -20.700151 0.334646,
67.989676 -20.700167 0.334646, 67.994236 -20.721403 0.334646,
67.99424 -20.72142 0.334646, 67.99941 -20.74204 0.334646,
67.999413 -20.742054 0.334646, 68.00898 -20.776117 0.334646,
68.008982 -20.776126 0.334646, 68.019151 -20.809903 0.334646,
68.019154 -20.809912 0.334646, 68.029752 -20.842981 0.334646,
68.029755 -20.84299 0.334646, 68.040608 -20.874925 0.334646,
68.040611 -20.874934 0.334646, 68.051545 -20.905311 0.334646,
68.051549 -20.90532 0.334646, 68.062391 -20.933714 0.334646,
68.062395 -20.933724 0.334646, 68.072971 -20.95971 0.334646,
68.072976 -20.959723 0.334646, 68.083111 -20.982876 0.334646,
68.083119 -20.982892 0.334646, 68.092641 -21.002788 0.334646,
68.092652 -21.00281 0.334646, 68.101386 -21.019024 0.334646,
68.101406 -21.019059 0.334646, 68.109179 -21.031166 0.334646,
68.109225 -21.031228 0.334646, 68.115862 -21.038804 0.334646,
68.115937 -21.038874 0.334646, 68.116024 -21.038928 0.334646,
68.121352 -21.041548 0.334646, 68.121485 -21.041592 0.334646,
68.121586 -21.041601 0.334646, 68.121688 -21.04159 0.334646,
68.121785 -21.04156 0.334646, 68.121875 -21.041511 0.334646,
68.121953 -21.041446 0.334646, 68.125201 -21.038143 0.334646,
68.125285 -21.03803 0.334646, 68.125326 -21.037936 0.334646,
68.128372 -21.02841 0.334646, 68.128388 -21.028346 0.334646,
68.131183 -21.013173 0.334646, 68.131188 -21.013143 0.334646,
68.133685 -20.992898 0.334646, 68.133687 -20.992879 0.334646,
68.135838 -20.968137 0.334646, 68.135839 -20.968124 0.334646,
68.137596 -20.939461 0.334646, 68.137596 -20.93945 0.334646,
68.13891 -20.907441 0.334646, 68.138911 -20.907432 0.334646,
68.139734 -20.872652 0.334646, 68.139734 -20.872644 0.334646,
68.140019 -20.835668 0.334646, 68.140204 -20.812391 0.334646,
68.140751 -20.788246 0.334646, 68.141647 -20.763377 0.334646,
68.142883 -20.737885 0.334646, 68.142883 -20.737885 0.334646,
68.144446 -20.711902 0.334646, 68.146324 -20.685548 0.334646,
68.148506 -20.658944 0.334646, 68.148506 -20.658944 0.334646,
68.15098 -20.632228 0.334646, 68.153735 -20.605505 0.334646,
68.156759 -20.578906 0.334646, 68.160041 -20.552553 0.334646,
68.163569 -20.52657 0.334646, 68.167331 -20.501072 0.334646,
68.171314 -20.476202 0.334646, 68.17551 -20.452065 0.334646,
68.179906 -20.428782 0.334646, 68.179906 -20.428782 0.334646,
68.186626 -20.393539 0.334646, 68.186626 -20.393536 0.334646,
68.192917 -20.359578 0.334646, 68.192917 -20.359575 0.334646,
68.198772 -20.326844 0.334646, 68.198773 -20.326841 0.334646,
68.204187 -20.295279 0.334646, 68.204187 -20.295274 0.334646,
68.209154 -20.264824 0.334646, 68.209154 -20.264819 0.334646,
68.213667 -20.235422 0.334646, 68.213667 -20.235417 0.334646,
68.21772 -20.207016 0.334646, 68.217721 -20.20701 0.334646,
68.221307 -20.179547 0.334646, 68.221308 -20.179541 0.334646,
68.224423 -20.152958 0.334646, 68.224424 -20.15295 0.334646,
68.227061 -20.127191 0.334646, 68.227062 -20.127182 0.334646,
68.229215 -20.102187 0.334646, 68.229216 -20.102178 0.334646,
68.230878 -20.077889 0.334646, 68.230879 -20.077879 0.334646,
68.232046 -20.05424 0.334646, 68.232046 -20.054229 0.334646,
68.232711 -20.031181 0.334646, 68.232711 -20.03117 0.334646,
68.232867 -20.008655 0.334646, 68.232867 -20.008643 0.334646,
68.232509 -19.986605 0.334646, 68.232509 -19.986592 0.334646,
68.23163 -19.964971 0.334646, 68.231629 -19.964958 0.334646,
68.230224 -19.943697 0.334646, 68.230223 -19.943683 0.334646,
68.228285 -19.922725 0.334646, 68.228284 -19.922711 0.334646,
68.225807 -19.901997 0.334646, 68.225806 -19.901983 0.334646,
68.222785 -19.881456 0.334646, 68.222782 -19.881442 0.334646,
68.21921 -19.861044 0.334646, 68.219208 -19.86103 0.334646,
68.215079 -19.840704 0.334646, 68.215076 -19.84069 0.334646,
68.210385 -19.820376 0.334646, 68.210381 -19.820363 0.334646,
68.205121 -19.800005 0.334646, 68.205117 -19.799993 0.334646,
68.199281 -19.779532 0.334646, 68.199278 -19.77952 0.334646,
68.192861 -19.7589 0.334646, 68.192857 -19.758889 0.334646,
68.185853 -19.738051 0.334646, 68.18585 -19.738041 0.334646,
68.178252 -19.716927 0.334646, 68.178249 -19.716917 0.334646,
68.170052 -19.69547 0.334646, 68.170048 -19.695461 0.334646,
68.161246 -19.673623 0.334646, 68.161243 -19.673615 0.334646,
68.15183 -19.651328 0.334646, 68.151826 -19.651321 0.334646,
68.141795 -19.628527 0.334646, 68.141793 -19.628521 0.334646,
68.131137 -19.605162 0.334646, 68.131135 -19.605157 0.334646,
68.11985 -19.581176 0.334646, 68.119848 -19.58117 0.334646,
68.107927 -19.556509 0.334646, 68.107925 -19.556505 0.334646,
68.095363 -19.531106 0.334646, 68.095361 -19.531103 0.334646,
68.082151 -19.504908 0.334646, 68.645434 -18.970235 0.334646,
68.645435 -18.970235 0.334646, 68.633679 -18.945061 0.334646,
68.622263 -18.920237 0.334646, 68.611267 -18.895951 0.334646,
68.600773 -18.872391 0.334646, 68.590861 -18.849748 0.334646,
68.581615 -18.828212 0.334646, 68.573113 -18.807973 0.334646,
68.56544 -18.78922 0.334646, 68.558678 -18.772152 0.334646,
68.552902 -18.756937 0.334646, 68.535927 -18.710133 0.334646,
68.535926 -18.71013 0.334646, 68.520754 -18.669205 0.334646,
68.520752 -18.6692 0.334646, 68.507198 -18.633815 0.334646,
68.507195 -18.633807 0.334646, 68.495074 -18.603618 0.334646,
68.49507 -18.603606 0.334646, 68.484194 -18.578264 0.334646,
68.484187 -18.578248 0.334646, 68.474371 -18.557407 0.334646,
68.474359 -18.557383 0.334646, 68.465415 -18.5407 0.334646,
68.465394 -18.540665 0.334646, 68.457136 -18.52779 0.334646,
68.4571 -18.527739 0.334646, 68.449341 -18.518328 0.334646,
68.449275 -18.518262 0.334646, 68.441828 -18.511969 0.334646,
68.441718 -18.511897 0.334646, 68.434398 -18.508375 0.334646,
68.434347 -18.508354 0.334646, 68.434248 -18.508329 0.334646,
68.426867 -18.507231 0.334646, 68.426785 -18.507226 0.334646,
68.426683 -18.507237 0.334646, 68.426586 -18.507268 0.334646,
68.410872 -18.513973 0.334646, 68.410742 -18.514053 0.334646,
68.41067 -18.514126 0.334646, 68.396785 -18.53141 0.334646,
68.396713 -18.53153 0.334646, 68.386416 -18.555457 0.334646,
68.386379 -18.555587 0.334646, 68.38456 -18.567954 0.334646,
68.384555 -18.568006 0.334646, 68.383832 -18.583919 0.334646,
68.383832 -18.583951 0.334646, 68.384138 -18.603036 0.334646,
68.384139 -18.603058 0.334646, 68.385404 -18.624941 0.334646,
68.385406 -18.624957 0.334646, 68.387562 -18.649264 0.334646,
68.387563 -18.649277 0.334646, 68.390542 -18.675634 0.334646,
68.390543 -18.675644 0.334646, 68.394276 -18.703678 0.334646,
68.394277 -18.703686 0.334646, 68.398694 -18.733021 0.334646,
68.398696 -18.733029 0.334646, 68.403729 -18.763292 0.334646,
68.40373 -18.763299 0.334646, 68.409311 -18.794116 0.334646,
68.409313 -18.794123 0.334646, 68.415373 -18.825119 0.334646,
68.415374 -18.825126 0.334646, 68.421844 -18.855928 0.334646,
68.421846 -18.855935 0.334646, 68.428658 -18.886169 0.334646,
68.42866 -18.886177 0.334646, 68.435744 -18.915468 0.334646,
68.435747 -18.915477 0.334646, 68.443036 -18.943451 0.334646,
68.443039 -18.943461 0.334646, 68.450463 -18.969745 0.334646,
68.450467 -18.969757 0.334646, 68.457958 -18.993976 0.334646,
68.457963 -18.993992 0.334646, 68.465453 -19.015772 0.334646,
68.46546 -19.015793 0.334646, 68.472879 -19.03476 0.334646,
68.472891 -19.034789 0.334646, 68.480171 -19.050569 0.334646,
68.480188 -19.050603 0.334646, 68.488467 -19.065604 0.334646,
68.488476 -19.065619 0.334646, 68.498755 -19.08285 0.334646,
68.498761 -19.08286 0.334646, 68.510763 -19.101914 0.334646,
68.510769 -19.101922 0.334646, 68.524219 -19.122391 0.334646,
68.524224 -19.122398 0.334646, 68.538846 -19.143874 0.334646,
68.538851 -19.14388 0.334646, 68.554371 -19.165956 0.334646,
68.554375 -19.165961 0.334646, 68.570516 -19.18823 0.334646,
68.57052 -19.188236 0.334646, 68.587007 -19.210289 0.334646,
68.587012 -19.210296 0.334646, 68.603569 -19.231727 0.334646,
68.603574 -19.231734 0.334646, 68.619926 -19.252135 0.334646,
68.61993 -19.252141 0.334646, 68.633775 -19.268969 0.334646,
68.648233 -19.287318 0.334646, 68.663115 -19.306922 0.334646,
68.67821 -19.327488 0.334646, 68.693297 -19.348705 0.334646,
68.708184 -19.370308 0.334646, 68.722646 -19.39198 0.334646,
68.736491 -19.413457 0.334646, 68.749493 -19.434419 0.334646,
68.761464 -19.454607 0.334646, 68.772174 -19.473696 0.334646,
68.781432 -19.491425 0.334646, 68.781434 -19.491428 0.334646,
68.802055 -19.53039 0.334646, 68.802062 -19.530404 0.334646,
68.818183 -19.558826 0.334646, 68.818201 -19.558856 0.334646,
68.830447 -19.577437 0.334646, 68.830505 -19.577509 0.334646,
68.839505 -19.586947 0.334646, 68.839611 -19.587033 0.334646,
68.839703 -19.587077 0.334646, 68.839802 -19.587102 0.334646,
68.846181 -19.588094 0.334646, 68.846268 -19.5881 0.334646,
68.846369 -19.588089 0.334646, 68.846466 -19.588058 0.334646,
68.846556 -19.588009 0.334646, 68.846634 -19.587943 0.334646,
68.846698 -19.587863 0.334646, 68.851083 -19.581107 0.334646,
68.851123 -19.581032 0.334646, 68.851155 -19.580935 0.334646,
68.854174 -19.567129 0.334646, 68.854182 -19.567081 0.334646,
68.856232 -19.55046 0.334646, 68.856235 -19.55043 0.334646,
68.857343 -19.533297 0.334646, 68.857344 -19.533268 0.334646,
68.857497 -19.515578 0.334646, 68.857496 -19.51555 0.334646,
68.856679 -19.497254 0.334646, 68.856677 -19.497228 0.334646,
68.854876 -19.478279 0.334646, 68.854873 -19.478255 0.334646,
68.852074 -19.458607 0.334646, 68.85207 -19.458585 0.334646,
68.848259 -19.43819 0.334646, 68.848256 -19.43817 0.334646,
68.84342 -19.416981 0.334646, 68.843415 -19.416963 0.334646,
68.837539 -19.394934 0.334646, 68.837535 -19.394917 0.334646,
68.830606 -19.372 0.334646, 68.830601 -19.371985 0.334646,
68.822604 -19.348133 0.334646, 68.8226 -19.34812 0.334646,
68.813522 -19.323285 0.334646, 68.813518 -19.323274 0.334646,
68.803344 -19.297409 0.334646, 68.80334 -19.297399 0.334646,
68.792058 -19.270459 0.334646, 68.792054 -19.270449 0.334646,
68.779648 -19.242385 0.334646, 68.779644 -19.242377 0.334646,
68.766102 -19.213143 0.334646, 68.766099 -19.213135 0.334646,
68.751406 -19.182683 0.334646, 68.751402 -19.182676 0.334646,
68.735543 -19.150959 0.334646, 68.735541 -19.150954 0.334646,
68.718503 -19.117924 0.334646, 68.718502 -19.117924 0.334646,
68.706429 -19.094656 0.334646, 68.70643 -19.094656 0.334646,
68.694204 -19.070593 0.334646, 68.681911 -19.045931 0.334646,
68.669631 -19.020857 0.334646, 68.657444 -18.995561 0.334646,
67.047452 -23.825848 0.334646, 67.016671 -23.813513 0.334646,
67.016665 -23.813511 0.334646, 66.984887 -23.801241 0.334646,
66.984883 -23.801239 0.334646, 66.953255 -23.789354 0.334646,
66.953251 -23.789352 0.334646, 66.922068 -23.777956 0.334646,
66.922063 -23.777954 0.334646, 66.891619 -23.76715 0.334646,
66.891615 -23.767149 0.334646, 66.862204 -23.757041 0.334646,
66.862198 -23.757039 0.334646, 66.834116 -23.747732 0.334646,
66.83411 -23.74773 0.334646, 66.80765 -23.739327 0.334646,
66.807643 -23.739325 0.334646, 66.783099 -23.73193 0.334646,
66.78309 -23.731927 0.334646, 66.760758 -23.725643 0.334646,
66.760746 -23.72564 0.334646, 66.74092 -23.720572 0.334646,
66.740902 -23.720569 0.334646, 66.723876 -23.71682 0.334646,
66.72385 -23.716815 0.334646, 66.709919 -23.71449 0.334646,
66.709872 -23.714484 0.334646, 66.69933 -23.713686 0.334646,
66.699267 -23.713685 0.334646, 66.681168 -23.714506 0.334646,
66.681131 -23.714509 0.334646, 66.668425 -23.716002 0.334646,
66.668294 -23.716035 0.334646, 66.661487 -23.718729 0.334646,
66.661429 -23.718756 0.334646, 66.661345 -23.718813 0.334646,
66.661273 -23.718886 0.334646, 66.661217 -23.718971 0.334646,
66.661179 -23.719066 0.334646, 66.661159 -23.719166 0.334646,
66.660759 -23.723585 0.334646, 66.660766 -23.723728 0.334646,
66.660794 -23.723826 0.334646, 66.660841 -23.723916 0.334646,
66.660905 -23.723996 0.334646, 66.667419 -23.730667 0.334646,
66.6675 -23.730734 0.334646, 66.681436 -23.740184 0.334646,
66.681466 -23.740203 0.334646, 66.703331 -23.752958 0.334646,
66.703344 -23.752965 0.334646, 66.733647 -23.769552 0.334646,
66.733652 -23.769554 0.334646, 66.772895 -23.790496 0.334646,
66.791653 -23.800699 0.334646, 66.811842 -23.811879 0.334646,
66.833196 -23.823878 0.334646, 66.855448 -23.836537 0.334646,
66.878333 -23.849698 0.334646, 66.878333 -23.849698 0.334646,
66.90158 -23.8632 0.334646, 66.924926 -23.876889 0.334646,
66.924926 -23.876889 0.334646, 66.948106 -23.890605 0.334646,
66.970848 -23.904185 0.334646, 66.992889 -23.917477 0.334646,
67.013964 -23.93032 0.334646, 67.033799 -23.942552 0.334646,
67.033799 -23.942552 0.334646, 67.052139 -23.954022 0.334646,
67.052145 -23.954026 0.334646, 67.078373 -23.969931 0.334646,
67.078378 -23.969934 0.334646, 67.103817 -23.985031 0.334646,
67.103822 -23.985034 0.334646, 67.128548 -23.999353 0.334646,
67.128554 -23.999356 0.334646, 67.152641 -24.012929 0.334646,
67.152647 -24.012932 0.334646, 67.176172 -24.02579 0.334646,
67.176178 -24.025793 0.334646, 67.199215 -24.037968 0.334646,
67.199222 -24.037971 0.334646, 67.221846 -24.049494 0.334646,
67.221854 -24.049498 0.334646, 67.24414 -24.0604 0.334646,
67.244148 -24.060404 0.334646, 67.266172 -24.070717 0.334646,
67.26618 -24.070721 0.334646, 67.288017 -24.080477 0.334646,
67.288026 -24.080481 0.334646, 67.309751 -24.089711 0.334646,
67.30976 -24.089714 0.334646, 67.331448 -24.09845 0.334646,
67.331457 -24.098453 0.334646, 67.353183 -24.106725 0.334646,
67.353193 -24.106729 0.334646, 67.375033 -24.114569 0.334646,
67.375042 -24.114572 0.334646, 67.397071 -24.122013 0.334646,
67.39708 -24.122016 0.334646, 67.419372 -24.129087 0.334646,
67.419381 -24.12909 0.334646, 67.442013 -24.135824 0.334646,
67.442022 -24.135827 0.334646, 67.465069 -24.142255 0.334646,
67.465076 -24.142257 0.334646, 67.488612 -24.148412 0.334646,
67.48862 -24.148414 0.334646, 67.51272 -24.154325 0.334646,
67.512728 -24.154326 0.334646, 67.537468 -24.160026 0.334646,
67.537474 -24.160028 0.334646, 67.56293 -24.165548 0.334646,
67.562943 -24.16555 0.334646, 67.587259 -24.170145 0.334646,
67.58727 -24.170147 0.334646, 67.611699 -24.174237 0.334646,
67.611709 -24.174238 0.334646, 67.636239 -24.177824 0.334646,
67.63625 -24.177825 0.334646, 67.660869 -24.180908 0.334646,
67.660879 -24.180909 0.334646, 67.685578 -24.183491 0.334646,
67.685589 -24.183492 0.334646, 67.710356 -24.185574 0.334646,
67.710367 -24.185575 0.334646, 67.735191 -24.187159 0.334646,
67.735201 -24.18716 0.334646, 67.760072 -24.188246 0.334646,
67.760083 -24.188247 0.334646, 67.78499 -24.188839 0.334646,
67.785 -24.188839 0.334646, 67.809932 -24.188936 0.334646,
67.809943 -24.188936 0.334646, 67.834889 -24.188541 0.334646,
67.834899 -24.18854 0.334646, 67.859848 -24.187653 0.334646,
67.859858 -24.187653 0.334646, 67.884799 -24.186276 0.334646,
67.884809 -24.186276 0.334646, 67.909732 -24.184411 0.334646,
67.909742 -24.18441 0.334646, 67.934635 -24.182058 0.334646,
67.934645 -24.182057 0.334646, 67.959497 -24.179219 0.334646,
67.959507 -24.179218 0.334646, 67.984309 -24.175896 0.334646,
67.984319 -24.175894 0.334646, 68.009058 -24.17209 0.334646,
68.009068 -24.172088 0.334646, 68.033734 -24.167802 0.334646,
68.033744 -24.1678 0.334646, 68.058326 -24.163033 0.334646,
68.058335 -24.163031 0.334646, 68.082823 -24.157787 0.334646,
68.082833 -24.157784 0.334646, 68.107214 -24.152062 0.334646,
68.107224 -24.15206 0.334646, 68.131489 -24.145862 0.334646,
68.131499 -24.145859 0.334646, 68.155636 -24.139187 0.334646,
68.155646 -24.139184 0.334646, 68.179645 -24.132039 0.334646,
68.179655 -24.132035 0.334646, 68.203504 -24.124419 0.334646,
68.203514 -24.124415 0.334646, 68.227203 -24.116328 0.334646,
68.227213 -24.116325 0.334646, 68.250731 -24.107769 0.334646,
68.250741 -24.107765 0.334646, 68.274078 -24.098742 0.334646,
68.274088 -24.098738 0.334646, 68.297231 -24.089249 0.334646,
68.297241 -24.089245 0.334646, 68.320181 -24.079291 0.334646,
68.320191 -24.079287 0.334646, 68.342916 -24.06887 0.334646,
68.342926 -24.068865 0.334646, 68.365426 -24.057987 0.334646,
68.365436 -24.057982 0.334646, 68.387699 -24.046643 0.334646,
68.387709 -24.046638 0.334646, 68.409726 -24.03484 0.334646,
68.409735 -24.034835 0.334646, 68.431494 -24.022579 0.334646,
68.431504 -24.022574 0.334646, 68.452993 -24.009862 0.334646,
68.453006 -24.009853 0.334646, 68.462811 -24.00364 0.334646,
68.462826 -24.00363 0.334646, 68.474204 -23.99583 0.334646,
68.474215 -23.995822 0.334646, 68.487067 -23.986524 0.334646,
68.487074 -23.986518 0.334646, 68.501299 -23.975809 0.334646,
68.501305 -23.975804 0.334646, 68.516804 -23.963774 0.334646,
68.516809 -23.96377 0.334646, 68.53348 -23.950506 0.334646,
68.533484 -23.950502 0.334646, 68.551229 -23.936093 0.334646,
68.551233 -23.93609 0.334646, 68.569951 -23.920624 0.334646,
68.569954 -23.920621 0.334646, 68.589546 -23.904186 0.334646,
68.589548 -23.904183 0.334646, 68.609914 -23.886868 0.334646,
68.609916 -23.886866 0.334646, 68.630955 -23.868758 0.334646,
68.630957 -23.868756 0.334646, 68.65257 -23.849944 0.334646,
68.652572 -23.849942 0.334646, 68.674657 -23.830515 0.334646,
68.674659 -23.830513 0.334646, 68.697119 -23.810558 0.334646,
68.69712 -23.810557 0.334646, 68.719853 -23.790163 0.334646,
68.719855 -23.790161 0.334646, 68.742761 -23.769417 0.334646,
68.742763 -23.769415 0.334646, 68.765742 -23.748407 0.334646,
68.765744 -23.748406 0.334646, 68.788696 -23.727224 0.334646,
68.788698 -23.727223 0.334646, 68.811525 -23.705956 0.334646,
68.811527 -23.705954 0.334646, 68.834126 -23.684689 0.334646,
68.834127 -23.684688 0.334646, 68.858122 -23.662007 0.334646,
68.882139 -23.639392 0.334646, 68.906073 -23.616939 0.334646,
68.929812 -23.594746 0.334646, 68.929813 -23.594746 0.334646,
68.953252 -23.572913 0.334646, 68.976282 -23.551533 0.334646,
68.998794 -23.530709 0.334646, 68.998794 -23.530709 0.334646,
69.020682 -23.510536 0.334646, 69.041835 -23.491113 0.334646,
69.062146 -23.472536 0.334646, 69.081508 -23.454904 0.334646,
69.099809 -23.438315 0.334646, 69.09981 -23.438315 0.334646,
69.116947 -23.422866 0.334646, 69.132808 -23.408657 0.334646,
69.147288 -23.395781 0.334646, 69.160273 -23.384343 0.334646,
69.171661 -23.374436 0.334646, 69.181339 -23.366159 0.334646,
69.181339 -23.366159 0.334646, 69.1892 -23.359611 0.334646,
69.211131 -23.343184 0.334646, 69.234043 -23.327283 0.334646,
69.257689 -23.312017 0.334646, 69.281807 -23.297499 0.334646,
69.306193 -23.283813 0.334646, 69.330556 -23.271089 0.334646,
69.354675 -23.259419 0.334646, 69.378314 -23.248905 0.334646,
69.401212 -23.239659 0.334646, 69.423124 -23.231786 0.334646,
69.44382 -23.225385 0.334646, 69.463039 -23.220566 0.334646,
69.480539 -23.21743 0.334646, 69.496106 -23.216078 0.334646,
69.496107 -23.216078 0.334646, 69.523296 -23.213636 0.334646,
69.523374 -23.213622 0.334646, 69.549457 -23.207184 0.334646,
69.549528 -23.207161 0.334646, 69.572063 -23.198061 0.334646,
69.572146 -23.198018 0.334646, 69.588692 -23.187589 0.334646,
69.588755 -23.187543 0.334646, 69.588825 -23.187469 0.334646,
69.59694 -23.177046 0.334646, 69.596988 -23.176971 0.334646,
69.597027 -23.176877 0.334646, 69.597047 -23.176777 0.334646,
69.597047 -23.176675 0.334646, 69.597027 -23.176574 0.334646,
69.594268 -23.167491 0.334646, 69.594236 -23.167411 0.334646,
69.594182 -23.167325 0.334646, 69.594112 -23.16725 0.334646,
69.594029 -23.167191 0.334646, 69.581372 -23.159922 0.334646,
69.581263 -23.159875 0.334646, 69.560482 -23.153613 0.334646,
69.560429 -23.1536 0.334646, 69.534142 -23.148621 0.334646,
69.534106 -23.148616 0.334646, 69.504929 -23.145201 0.334646,
69.504896 -23.145198 0.334646, 69.475446 -23.143626 0.334646,
69.475408 -23.143625 0.334646, 69.448301 -23.144174 0.334646,
69.448243 -23.144178 0.334646, 69.426096 -23.147127 0.334646,
69.426036 -23.147138 0.334646, 69.408126 -23.151711 0.334646,
69.408111 -23.151715 0.334646, 69.38991 -23.156945 0.334646,
69.389896 -23.156949 0.334646, 69.371412 -23.16283 0.334646,
69.371398 -23.162834 0.334646, 69.352639 -23.169361 0.334646,
69.352626 -23.169365 0.334646, 69.333598 -23.176533 0.334646,
69.333587 -23.176538 0.334646, 69.314298 -23.184343 0.334646,
69.314287 -23.184347 0.334646, 69.294746 -23.192783 0.334646,
69.294735 -23.192787 0.334646, 69.274949 -23.20185 0.334646,
69.274939 -23.201855 0.334646, 69.254915 -23.211539 0.334646,
69.254906 -23.211544 0.334646, 69.234651 -23.221845 0.334646,
69.234643 -23.22185 0.334646, 69.214166 -23.232763 0.334646,
69.214157 -23.232768 0.334646, 69.193467 -23.244289 0.334646,
69.193459 -23.244293 0.334646, 69.17256 -23.256417 0.334646,
69.172553 -23.256421 0.334646, 69.151455 -23.269141 0.334646,
69.151448 -23.269146 0.334646, 69.130158 -23.282459 0.334646,
69.130151 -23.282463 0.334646, 69.108677 -23.296365 0.334646,
69.10867 -23.296369 0.334646, 69.08702 -23.310853 0.334646,
69.087013 -23.310857 0.334646, 69.065194 -23.325919 0.334646,
69.065188 -23.325923 0.334646, 69.043207 -23.341558 0.334646,
69.043201 -23.341562 0.334646, 69.021066 -23.357766 0.334646,
69.021061 -23.35777 0.334646, 68.99878 -23.374537 0.334646,
68.998774 -23.374541 0.334646, 68.976354 -23.391866 0.334646,
68.976349 -23.39187 0.334646, 68.953798 -23.409749 0.334646,
68.953794 -23.409753 0.334646, 68.93112 -23.428181 0.334646,
68.931115 -23.428185 0.334646, 68.908325 -23.447157 0.334646,
68.90832 -23.447161 0.334646, 68.885422 -23.466672 0.334646,
68.885418 -23.466676 0.334646, 68.86242 -23.48672 0.334646,
68.862415 -23.486724 0.334646, 68.839324 -23.507299 0.334646,
68.83932 -23.507303 0.334646, 68.816143 -23.528402 0.334646,
68.816139 -23.528405 0.334646, 68.792885 -23.550024 0.334646,
68.792881 -23.550027 0.334646, 68.769556 -23.572161 0.334646,
68.743143 -23.596971 0.334646, 68.717703 -23.620582 0.334646,
68.693185 -23.64303 0.334646, 68.669519 -23.664366 0.334646,
68.669519 -23.664367 0.334646, 68.646656 -23.684624 0.334646,
68.646656 -23.684623 0.334646, 68.624521 -23.703857 0.334646,
68.60307 -23.722098 0.334646, 68.58223 -23.739398 0.334646,
68.561944 -23.755798 0.334646, 68.542146 -23.771346 0.334646,
68.522793 -23.786071 0.334646, 68.503799 -23.800035 0.334646,
68.485132 -23.813262 0.334646, 68.466709 -23.82581 0.334646,
68.448471 -23.837721 0.334646, 68.430369 -23.849031 0.334646,
68.412336 -23.859787 0.334646, 68.394316 -23.87003 0.334646,
68.376239 -23.879807 0.334646, 68.358044 -23.889164 0.334646,
68.339678 -23.898139 0.334646, 68.321081 -23.906774 0.334646,
68.302198 -23.915111 0.334646, 68.302198 -23.915111 0.334646,
68.282949 -23.923201 0.334646, 68.26278 -23.931067 0.334646,
68.242538 -23.938551 0.334646, 68.222224 -23.94565 0.334646,
68.201804 -23.952372 0.334646, 68.181304 -23.958707 0.334646,
68.160713 -23.964657 0.334646, 68.140002 -23.970228 0.334646,
68.119202 -23.975408 0.334646, 68.098269 -23.980208 0.334646,
68.077238 -23.984618 0.334646, 68.056064 -23.988645 0.334646,
68.034775 -23.992282 0.334646, 68.013352 -23.995531 0.334646,
67.991781 -23.998393 0.334646, 67.970063 -24.000867 0.334646,
67.948203 -24.00295 0.334646, 67.926193 -24.004643 0.334646,
67.904006 -24.005946 0.334646, 67.881672 -24.006856 0.334646,
67.859147 -24.007376 0.334646, 67.836461 -24.007502 0.334646,
67.813581 -24.007236 0.334646, 67.79053 -24.006576 0.334646,
67.79053 -24.006576 0.334646, 67.767268 -24.005521 0.334646,
67.767268 -24.005522 0.334646, 67.743826 -24.004073 0.334646,
67.720164 -24.002228 0.334646, 67.696307 -23.999987 0.334646,
67.672235 -23.99735 0.334646, 67.647933 -23.994315 0.334646,
67.623415 -23.990882 0.334646, 67.598674 -23.987052 0.334646,
67.573693 -23.982823 0.334646, 67.548471 -23.978193 0.334646,
67.522997 -23.973162 0.334646, 67.497287 -23.967733 0.334646,
67.497287 -23.967733 0.334646, 67.471307 -23.9619 0.334646,
67.445074 -23.955666 0.334646, 67.41858 -23.949031 0.334646,
67.41858 -23.94903 0.334646, 67.391802 -23.941989 0.334646,
67.364754 -23.934546 0.334646, 67.337429 -23.926699 0.334646,
67.309806 -23.918445 0.334646, 67.281901 -23.909788 0.334646,
67.253688 -23.900722 0.334646, 67.225177 -23.89125 0.334646,
67.196358 -23.881372 0.334646, 67.16723 -23.871087 0.334646,
67.137773 -23.86039 0.334646, 67.108001 -23.849288 0.334646,
67.077892 -23.837772 0.334646, 67.351233 -20.503171 0.334646,
67.351233 -20.503165 0.334646, 67.350503 -20.475366 0.334646,
67.350502 -20.475357 0.334646, 67.349413 -20.450475 0.334646,
67.349413 -20.450462 0.334646, 67.347893 -20.428068 0.334646,
67.347891 -20.428052 0.334646, 67.345869 -20.407716 0.334646,
67.345866 -20.407696 0.334646, 67.343269 -20.38899 0.334646,
67.343266 -20.388967 0.334646, 67.340023 -20.371462 0.334646,
67.340017 -20.371437 0.334646, 67.336056 -20.354704 0.334646,
67.33605 -20.354679 0.334646, 67.331299 -20.338289 0.334646,
67.331291 -20.338265 0.334646, 67.325679 -20.321789 0.334646,
67.325672 -20.32177 0.334646, 67.319126 -20.304778 0.334646,
67.31912 -20.304763 0.334646, 67.311569 -20.286828 0.334646,
67.311565 -20.286817 0.334646, 67.302936 -20.267508 0.334646,
67.302933 -20.267502 0.334646, 67.293156 -20.246391 0.334646,
67.293155 -20.246388 0.334646, 67.282157 -20.223046 0.334646,
67.212415 -20.073569 0.334646, 67.212415 -19.610872 0.334646,
67.212383 -19.552671 0.334646, 67.212383 -19.55267 0.334646,
67.212274 -19.499381 0.334646, 67.212274 -19.499381 0.334646,
67.212073 -19.450771 0.334646, 67.212073 -19.450769 0.334646,
67.211763 -19.406605 0.334646, 67.211763 -19.406603 0.334646,
67.211328 -19.366651 0.334646, 67.211328 -19.366648 0.334646,
67.21075 -19.330675 0.334646, 67.21075 -19.330671 0.334646,
67.210014 -19.298444 0.334646, 67.210013 -19.298439 0.334646,
67.209102 -19.269724 0.334646, 67.209102 -19.269718 0.334646,
67.207998 -19.244281 0.334646, 67.207997 -19.244274 0.334646,
67.206685 -19.221883 0.334646, 67.206684 -19.221872 0.334646,
67.205147 -19.202294 0.334646, 67.205146 -19.202281 0.334646,
67.203367 -19.185283 0.334646, 67.203365 -19.185265 0.334646,
67.201328 -19.170613 0.334646, 67.201325 -19.17059 0.334646,
67.199013 -19.15805 0.334646, 67.199007 -19.15802 0.334646,
67.196404 -19.147359 0.334646, 67.196394 -19.147323 0.334646,
67.193483 -19.138309 0.334646, 67.193467 -19.138265 0.334646,
67.190232 -19.130663 0.334646, 67.190208 -19.130613 0.334646,
67.186632 -19.124191 0.334646, 67.1866 -19.124141 0.334646,
67.182667 -19.118665 0.334646, 67.18263 -19.118619 0.334646,
67.178322 -19.113856 0.334646, 67.178288 -19.113821 0.334646,
67.160076 -19.097099 0.334646, 67.160007 -19.097046 0.334646,
67.159916 -19.096999 0.334646, 67.147504 -19.092055 0.334646,
67.147401 -19.092026 0.334646, 67.147299 -19.092018 0.334646,
67.147198 -19.09203 0.334646, 67.147101 -19.092062 0.334646,
67.147012 -19.092112 0.334646, 67.136475 -19.099511 0.334646,
67.136393 -19.099582 0.334646, 67.136331 -19.099663 0.334646,
67.123743 -19.119972 0.334646, 67.1237 -19.120059 0.334646,
67.118866 -19.132596 0.334646, 67.118855 -19.132627 0.334646,
67.113156 -19.150701 0.334646, 67.113151 -19.150719 0.334646,
67.106932 -19.173287 0.334646, 67.106928 -19.1733 0.334646,
67.100536 -19.199317 0.334646, 67.100533 -19.19933 0.334646,
67.094315 -19.227752 0.334646, 67.094312 -19.227765 0.334646,
67.088613 -19.257549 0.334646, 67.08861 -19.257564 0.334646,
67.083777 -19.287657 0.334646, 67.080741 -19.304917 0.334646,
67.077198 -19.324299 0.334646, 67.073208 -19.345515 0.334646,
67.068832 -19.368274 0.334646, 67.064129 -19.392287 0.334646,
67.064129 -19.392287 0.334646, 67.059159 -19.417265 0.334646,
67.053981 -19.442919 0.334646, 67.048656 -19.468959 0.334646,
67.048656 -19.468959 0.334646, 67.043243 -19.495095 0.334646,
67.037802 -19.521039 0.334646, 67.032392 -19.546501 0.334646,
67.027074 -19.571191 0.334646, 67.021906 -19.594823 0.334646,
67.021906 -19.594826 0.334646, 67.015153 -19.62643 0.334646,
67.015152 -19.626439 0.334646, 67.009043 -19.657569 0.334646,
67.009041 -19.657578 0.334646, 67.003575 -19.688209 0.334646,
67.003573 -19.688218 0.334646, 66.99875 -19.718321 0.334646,
66.998748 -19.718331 0.334646, 66.994569 -19.74788 0.334646,
66.994567 -19.747889 0.334646, 66.99103 -19.776858 0.334646,
66.991029 -19.776868 0.334646, 66.988135 -19.805228 0.334646,
66.988134 -19.805239 0.334646, 66.985883 -19.832965 0.334646,
66.985883 -19.832976 0.334646, 66.984275 -19.860041 0.334646,
66.984274 -19.860052 0.334646, 66.98331 -19.886429 0.334646,
66.983309 -19.886441 0.334646, 66.982988 -19.912102 0.334646,
66.982988 -19.912116 0.334646, 66.983309 -19.937035 0.334646,
66.98331 -19.937049 0.334646, 66.984274 -19.9612 0.334646,
66.984275 -19.961215 0.334646, 66.985883 -19.98457 0.334646,
66.985885 -19.984585 0.334646, 66.988135 -20.007119 0.334646,
66.988137 -20.007136 0.334646, 66.991031 -20.028819 0.334646,
66.991034 -20.028838 0.334646, 66.994571 -20.049646 0.334646,
66.994574 -20.049665 0.334646, 66.998754 -20.06957 0.334646,
66.998759 -20.069591 0.334646, 67.003583 -20.088567 0.334646,
67.003589 -20.088589 0.334646, 67.009055 -20.106608 0.334646,
67.009063 -20.106633 0.334646, 67.015172 -20.123669 0.334646,
67.015183 -20.123695 0.334646, 67.021935 -20.13972 0.334646,
67.021943 -20.139739 0.334646, 67.029089 -20.15497 0.334646,
67.029098 -20.154989 0.334646, 67.038346 -20.17287 0.334646,
67.038352 -20.172883 0.334646, 67.049415 -20.192947 0.334646,
67.04942 -20.192956 0.334646, 67.062011 -20.214735 0.334646,
67.062015 -20.214743 0.334646, 67.075849 -20.237768 0.334646,
67.075853 -20.237774 0.334646, 67.090643 -20.261578 0.334646,
67.090646 -20.261584 0.334646, 67.106106 -20.285697 0.334646,
67.106111 -20.285704 0.334646, 67.121954 -20.309658 0.334646,
67.121959 -20.309665 0.334646, 67.1379 -20.332994 0.334646,
67.137904 -20.333001 0.334646, 67.153657 -20.355235 0.334646,
67.153658 -20.355237 0.334646, 67.249301 -20.488763 0.334646,
67.269187 -20.783824 0.334646, 67.269187 -20.783825 0.334646,
67.271413 -20.81586 0.334646, 67.271413 -20.815864 0.334646,
67.273711 -20.846002 0.334646, 67.273711 -20.846005 0.334646,
67.276074 -20.874256 0.334646, 67.276075 -20.87426 0.334646,
67.278497 -20.900634 0.334646, 67.278498 -20.900639 0.334646,
67.280973 -20.925146 0.334646, 67.280973 -20.925151 0.334646,
67.283495 -20.947802 0.334646, 67.283496 -20.947808 0.334646,
67.286057 -20.968614 0.334646, 67.286057 -20.96862 0.334646,
67.288652 -20.987591 0.334646, 67.288654 -20.987599 0.334646,
67.291275 -21.004745 0.334646, 67.291277 -21.004755 0.334646,
67.293919 -21.020086 0.334646, 67.293922 -21.020098 0.334646,
67.296578 -21.033625 0.334646, 67.296581 -21.03364 0.334646,
67.299246 -21.045373 0.334646, 67.29925 -21.045393 0.334646,
67.301916 -21.055343 0.334646, 67.301924 -21.055369 0.334646,
67.304584 -21.063547 0.334646, 67.304598 -21.063585 0.334646,
67.307247 -21.07 0.334646, 67.307275 -21.070057 0.334646,
67.309906 -21.07472 0.334646, 67.30997 -21.074811 0.334646,
67.312577 -21.077733 0.334646, 67.312659 -21.077807 0.334646,
67.312747 -21.077859 0.334646, 67.315323 -21.07905 0.334646,
67.315444 -21.079089 0.334646, 67.315546 -21.079098 0.334646,
67.315648 -21.079087 0.334646, 67.318186 -21.078557 0.334646,
67.318253 -21.078539 0.334646, 67.318345 -21.078495 0.334646,
67.318428 -21.078435 0.334646, 67.320922 -21.076194 0.334646,
67.321017 -21.076081 0.334646, 67.323461 -21.072141 0.334646,
67.323498 -21.07207 0.334646, 67.325886 -21.066441 0.334646,
67.325903 -21.066395 0.334646, 67.328228 -21.059087 0.334646,
67.328237 -21.059056 0.334646, 67.330492 -21.050078 0.334646,
67.330497 -21.050056 0.334646, 67.332677 -21.039421 0.334646,
67.33268 -21.039404 0.334646, 67.334777 -21.02712 0.334646,
67.334779 -21.027107 0.334646, 67.336788 -21.013186 0.334646,
67.336789 -21.013176 0.334646, 67.338703 -20.997628 0.334646,
67.338704 -20.997619 0.334646, 67.340516 -20.980454 0.334646,
67.340517 -20.980447 0.334646, 67.342221 -20.961676 0.334646,
67.342221 -20.96167 0.334646, 67.343811 -20.941303 0.334646,
67.343811 -20.941297 0.334646, 67.34528 -20.919346 0.334646,
67.34528 -20.919341 0.334646, 67.346621 -20.895814 0.334646,
67.346621 -20.895809 0.334646, 67.347829 -20.870719 0.334646,
67.347829 -20.870714 0.334646, 67.348897 -20.844069 0.334646,
67.348897 -20.844065 0.334646, 67.349818 -20.815876 0.334646,
67.349818 -20.815872 0.334646, 67.350586 -20.78615 0.334646,
67.350586 -20.786146 0.334646, 67.351194 -20.754901 0.334646,
67.351194 -20.754898 0.334646, 67.351637 -20.722141 0.334646,
67.351637 -20.722137 0.334646, 67.351907 -20.687877 0.334646,
67.351907 -20.687874 0.334646, 67.351998 -20.652123 0.334646,
67.351998 -20.652122 0.334646, 67.351987 -20.608366 0.334646,
67.351987 -20.608365 0.334646, 67.351903 -20.569242 0.334646,
67.351903 -20.569239 0.334646, 67.351675 -20.53432 0.334646,
67.351675 -20.534316 0.334646, 67.092832 -22.94618 0.334646,
67.092821 -22.946079 0.334646, 67.089153 -22.928365 0.334646,
67.08912 -22.928262 0.334646, 67.08907 -22.928173 0.334646,
67.079312 -22.914155 0.334646, 67.079263 -22.914095 0.334646,
67.079186 -22.914028 0.334646, 67.065089 -22.904033 0.334646,
67.064955 -22.903965 0.334646, 67.048272 -22.898321 0.334646,
67.048134 -22.898294 0.334646, 67.030616 -22.897328 0.334646,
67.030464 -22.897342 0.334646, 67.013863 -22.901381 0.334646,
67.013785 -22.901407 0.334646, 67.013695 -22.901455 0.334646,
66.999762 -22.910826 0.334646, 66.999676 -22.910899 0.334646,
66.999613 -22.91098 0.334646, 66.9901 -22.92601 0.334646,
66.990062 -22.926082 0.334646, 66.990031 -22.926179 0.334646,
66.985884 -22.945442 0.334646, 66.985872 -22.945529 0.334646,
66.985878 -22.945631 0.334646, 66.98886 -22.964917 0.334646,
66.988885 -22.965013 0.334646, 66.988928 -22.965106 0.334646,
66.998115 -22.980411 0.334646, 66.998199 -22.980517 0.334646,
66.998279 -22.980581 0.334646, 67.016291 -22.992185 0.334646,
67.016386 -22.992234 0.334646, 67.016485 -22.992261 0.334646,
67.036944 -22.995787 0.334646, 67.037024 -22.995795 0.334646,
67.037126 -22.995787 0.334646, 67.057481 -22.992114 0.334646,
67.057552 -22.992096 0.334646, 67.057645 -22.992055 0.334646,
67.075344 -22.982062 0.334646, 67.075422 -22.982009 0.334646,
67.075493 -22.981936 0.334646, 67.087985 -22.966504 0.334646,
67.088054 -22.966393 0.334646, 67.088087 -22.966297 0.334646,
67.092818 -22.946304 0.334646, 68.868143 -22.838435 0.334646,
68.868125 -22.838334 0.334646, 68.862197 -22.817403 0.334646,
68.862169 -22.817327 0.334646, 68.862117 -22.817239 0.334646,
68.86205 -22.817163 0.334646, 68.847509 -22.803693 0.334646,
68.847446 -22.803644 0.334646, 68.847357 -22.803595 0.334646,
68.847259 -22.803565 0.334646, 68.828968 -22.799821 0.334646,
68.828835 -22.799811 0.334646, 68.828734 -22.799827 0.334646,
68.828638 -22.799862 0.334646, 68.81146 -22.808111 0.334646,
68.811395 -22.808148 0.334646, 68.811316 -22.808213 0.334646,
68.811252 -22.808293 0.334646, 68.799368 -22.826223 0.334646,
68.799312 -22.826333 0.334646, 68.799287 -22.826433 0.334646,
68.796498 -22.844748 0.334646, 68.796496 -22.844895 0.334646,
68.796519 -22.844994 0.334646, 68.80187 -22.86073 0.334646,
68.801905 -22.86081 0.334646, 68.801962 -22.860895 0.334646,
68.802035 -22.860967 0.334646, 68.81457 -22.871158 0.334646,
68.814658 -22.871215 0.334646, 68.814752 -22.871253 0.334646,
68.814853 -22.871272 0.334646, 68.833619 -22.872953 0.334646,
68.833678 -22.872955 0.334646, 68.83378 -22.872942 0.334646,
68.833877 -22.87291 0.334646, 68.850644 -22.865449 0.334646,
68.850721 -22.865406 0.334646, 68.8508 -22.865341 0.334646,
68.863169 -22.852973 0.334646, 68.863252 -22.852865 0.334646,
68.863294 -22.852772 0.334646, 68.868117 -22.838644 0.334646,
68.868141 -22.838537 0.334646, 66.613976 -22.806566 0.334646,
66.613959 -22.806466 0.334646, 66.608944 -22.787866 0.334646,
66.608894 -22.787743 0.334646, 66.608835 -22.78766 0.334646,
66.595675 -22.772494 0.334646, 66.595624 -22.772443 0.334646,
66.595541 -22.772384 0.334646, 66.577063 -22.761761 0.334646,
66.576923 -22.761706 0.334646, 66.555954 -22.756735 0.334646,
66.555891 -22.756724 0.334646, 66.555789 -22.756722 0.334646,
66.535154 -22.75851 0.334646, 66.535041 -22.758533 0.334646,
66.534947 -22.758573 0.334646, 66.517476 -22.768228 0.334646,
66.517409 -22.768272 0.334646, 66.517334 -22.768343 0.334646,
66.517275 -22.768426 0.334646, 66.510092 -22.780996 0.334646,
66.510041 -22.781121 0.334646, 66.505102 -22.799871 0.334646,
66.505087 -22.799957 0.334646, 66.50325 -22.820513 0.334646,
66.503254 -22.820631 0.334646, 66.505811 -22.839073 0.334646,
66.505827 -22.83915 0.334646, 66.505866 -22.839245 0.334646,
66.505922 -22.83933 0.334646, 66.514836 -22.850302 0.334646,
66.514931 -22.850393 0.334646, 66.515019 -22.850445 0.334646,
66.515116 -22.850479 0.334646, 66.532253 -22.854712 0.334646,
66.532309 -22.854723 0.334646, 66.532411 -22.854726 0.334646,
66.559637 -22.852954 0.334646, 66.559706 -22.852945 0.334646,
66.584116 -22.848039 0.334646, 66.584167 -22.848027 0.334646,
66.584261 -22.847987 0.334646, 66.600996 -22.83896 0.334646,
66.601106 -22.838881 0.334646, 66.601173 -22.838804 0.334646,
66.610798 -22.825285 0.334646, 66.610861 -22.825168 0.334646,
66.610888 -22.825069 0.334646, 66.61397 -22.806687 0.334646,
68.555871 -22.594452 0.334646, 68.55568 -22.575311 0.334646,
68.555673 -22.575233 0.334646, 68.555647 -22.575135 0.334646,
68.548945 -22.557045 0.334646, 68.548905 -22.556961 0.334646,
68.548845 -22.556879 0.334646, 68.537282 -22.543955 0.334646,
68.537177 -22.543865 0.334646, 68.537087 -22.543818 0.334646,
68.523824 -22.538548 0.334646, 68.523754 -22.538526 0.334646,
68.523653 -22.538512 0.334646, 68.523551 -22.538518 0.334646,
68.508289 -22.540909 0.334646, 68.508204 -22.54093 0.334646,
68.508111 -22.540972 0.334646, 68.490548 -22.551028 0.334646,
68.490463 -22.551088 0.334646, 68.4703 -22.568814 0.334646,
68.470255 -22.568859 0.334646, 68.45312 -22.588155 0.334646,
68.453058 -22.588241 0.334646, 68.442631 -22.606398 0.334646,
68.442575 -22.606538 0.334646, 68.438713 -22.622889 0.334646,
68.438699 -22.623002 0.334646, 68.438708 -22.623104 0.334646,
68.441269 -22.636982 0.334646, 68.441283 -22.637039 0.334646,
68.441322 -22.637134 0.334646, 68.44138 -22.637219 0.334646,
68.450221 -22.647957 0.334646, 68.450317 -22.648047 0.334646,
68.450404 -22.648099 0.334646, 68.465385 -22.655031 0.334646,
68.465444 -22.655054 0.334646, 68.465544 -22.655076 0.334646,
68.486521 -22.657535 0.334646, 68.486669 -22.657531 0.334646,
68.507058 -22.654097 0.334646, 68.507119 -22.654083 0.334646,
68.507213 -22.654045 0.334646, 68.525083 -22.644674 0.334646,
68.525202 -22.644589 0.334646, 68.539753 -22.63068 0.334646,
68.539837 -22.630575 0.334646, 68.550273 -22.613524 0.334646,
68.550328 -22.613399 0.334646, 68.55585 -22.594604 0.334646,
68.555862 -22.594554 0.334646, 66.96356 -22.557349 0.334646,
66.963556 -22.557247 0.334646, 66.963533 -22.557148 0.334646,
66.96349 -22.557055 0.334646, 66.956381 -22.544878 0.334646,
66.956336 -22.544814 0.334646, 66.956265 -22.544741 0.334646,
66.934937 -22.526931 0.334646, 66.934894 -22.526899 0.334646,
66.911548 -22.5111 0.334646, 66.911473 -22.511058 0.334646,
66.890823 -22.501579 0.334646, 66.890693 -22.501539 0.334646,
66.872138 -22.49838 0.334646, 66.872057 -22.498372 0.334646,
66.871956 -22.498381 0.334646, 66.854894 -22.50154 0.334646,
66.854818 -22.50156 0.334646, 66.854725 -22.501603 0.334646,
66.838554 -22.511082 0.334646, 66.83845 -22.511162 0.334646,
66.822569 -22.526961 0.334646, 66.822504 -22.527039 0.334646,
66.811072 -22.544021 0.334646, 66.811015 -22.544133 0.334646,
66.805248 -22.559974 0.334646, 66.805232 -22.560027 0.334646,
66.805217 -22.560128 0.334646, 66.804546 -22.574516 0.334646,
66.804548 -22.574593 0.334646, 66.804569 -22.574693 0.334646,
66.808426 -22.587317 0.334646, 66.808453 -22.587387 0.334646,
66.808505 -22.587474 0.334646, 66.816322 -22.598022 0.334646,
66.816358 -22.598065 0.334646, 66.816434 -22.598133 0.334646,
66.827642 -22.606293 0.334646, 66.82776 -22.606357 0.334646,
66.841792 -22.611817 0.334646, 66.841903 -22.611847 0.334646,
66.85819 -22.614296 0.334646, 66.858293 -22.614301 0.334646,
66.876267 -22.613426 0.334646, 66.876361 -22.613413 0.334646,
66.895454 -22.608904 0.334646, 66.89554 -22.608875 0.334646,
66.915183 -22.600419 0.334646, 66.91526 -22.600378 0.334646,
66.934886 -22.587663 0.334646, 66.934936 -22.587626 0.334646,
66.956264 -22.569874 0.334646, 66.95632 -22.569819 0.334646,
66.95638 -22.569737 0.334646, 66.96349 -22.55758 0.334646,
66.963544 -22.55745 0.334646, 69.013663 -22.461544 0.334646,
69.013657 -22.461404 0.334646, 69.013628 -22.461305 0.334646,
69.006577 -22.443478 0.334646, 69.006533 -22.443393 0.334646,
69.006471 -22.443312 0.334646, 68.9948 -22.430969 0.334646,
68.994726 -22.430904 0.334646, 68.994638 -22.430853 0.334646,
68.979851 -22.424097 0.334646, 68.979769 -22.424068 0.334646,
68.979669 -22.424051 0.334646, 68.963269 -22.422984 0.334646,
68.963193 -22.422984 0.334646, 68.963092 -22.423003 0.334646,
68.946583 -22.427726 0.334646, 68.946516 -22.427751 0.334646,
68.946428 -22.427801 0.334646, 68.931313 -22.438417 0.334646,
68.931261 -22.438459 0.334646, 68.931192 -22.438535 0.334646,
68.918974 -22.455146 0.334646, 68.918911 -22.455261 0.334646,
68.910182 -22.476986 0.334646, 68.910158 -22.477061 0.334646,
68.910145 -22.477162 0.334646, 68.909565 -22.494164 0.334646,
68.90957 -22.494256 0.334646, 68.909594 -22.494356 0.334646,
68.909637 -22.494448 0.334646, 68.916707 -22.506346 0.334646,
68.916775 -22.506437 0.334646, 68.916852 -22.506504 0.334646,
68.916941 -22.506555 0.334646, 68.931163 -22.512967 0.334646,
68.931262 -22.513 0.334646, 68.931364 -22.513013 0.334646,
68.952242 -22.513557 0.334646, 68.952363 -22.513546 0.334646,
68.979398 -22.50784 0.334646, 68.979453 -22.507825 0.334646,
68.979546 -22.507784 0.334646, 68.999874 -22.496318 0.334646,
68.999971 -22.496247 0.334646, 69.000039 -22.496171 0.334646,
69.011918 -22.479867 0.334646, 69.011958 -22.479802 0.334646,
69.011996 -22.479708 0.334646, 69.012016 -22.479607 0.334646,
67.978844 -25.070285 0.334646, 67.978843 -25.070236 0.334646,
67.977616 -25.054411 0.334646, 67.977607 -25.054347 0.334646,
67.974931 -25.041146 0.334646, 67.974905 -25.041059 0.334646,
67.970874 -25.030803 0.334646, 67.970805 -25.030679 0.334646,
67.965512 -25.02369 0.334646, 67.965425 -25.0236 0.334646,
67.965339 -25.023544 0.334646, 67.95888 -25.020144 0.334646,
67.958804 -25.020111 0.334646, 67.958704 -25.020088 0.334646,
67.958602 -25.020085 0.334646, 67.951068 -25.020595 0.334646,
67.950943 -25.020619 0.334646, 67.95085 -25.020659 0.334646,
67.942336 -25.025401 0.334646, 67.942223 -25.025485 0.334646,
67.932822 -25.03478 0.334646, 67.932766 -25.034846 0.334646,
67.922572 -25.049015 0.334646, 67.922541 -25.049064 0.334646,
67.911649 -25.068429 0.334646, 67.91163 -25.068466 0.334646,
67.899458 -25.094814 0.334646, 67.89944 -25.094859 0.334646,
67.889598 -25.122616 0.334646, 67.889585 -25.122657 0.334646,
67.882189 -25.150724 0.334646, 67.88218 -25.150765 0.334646,
67.877346 -25.178043 0.334646, 67.87734 -25.178089 0.334646,
67.875183 -25.203478 0.334646, 67.875181 -25.203537 0.334646,
67.875818 -25.225937 0.334646, 67.875827 -25.226021 0.334646,
67.879373 -25.244334 0.334646, 67.879419 -25.244469 0.334646,
67.885989 -25.257596 0.334646, 67.886014 -25.257642 0.334646,
67.886077 -25.257722 0.334646, 67.886154 -25.257789 0.334646,
67.895865 -25.264631 0.334646, 67.895923 -25.264666 0.334646,
67.896017 -25.264705 0.334646, 67.896118 -25.264724 0.334646,
67.89622 -25.264723 0.334646, 67.908282 -25.263449 0.334646,
67.908381 -25.263428 0.334646, 67.908476 -25.263389 0.334646,
67.90856 -25.263331 0.334646, 67.922683 -25.251598 0.334646,
67.922777 -25.251496 0.334646, 67.93727 -25.230798 0.334646,
67.937315 -25.23072 0.334646, 67.950491 -25.202551 0.334646,
67.950506 -25.202515 0.334646, 67.959939 -25.177697 0.334646,
67.95995 -25.177665 0.334646, 67.967371 -25.153542 0.334646,
67.96738 -25.153509 0.334646, 67.972883 -25.130403 0.334646,
67.97289 -25.130369 0.334646, 67.976571 -25.1086 0.334646,
67.976576 -25.108564 0.334646, 67.978527 -25.088455 0.334646,
67.97853 -25.088413 0.334646, 67.418222 -25.044556 0.334646,
67.417936 -25.026801 0.334646, 67.41793 -25.026735 0.334646,
67.414055 -25.000059 0.334646, 67.414038 -24.999983 0.334646,
67.407966 -24.979828 0.334646, 67.407917 -24.979715 0.334646,
67.399959 -24.966095 0.334646, 67.399896 -24.966008 0.334646,
67.39982 -24.965939 0.334646, 67.390289 -24.95887 0.334646,
67.3902 -24.958818 0.334646, 67.390104 -24.958783 0.334646,
67.390003 -24.958769 0.334646, 67.379209 -24.958265 0.334646,
67.37914 -24.958267 0.334646, 67.37904 -24.958285 0.334646,
67.378945 -24.958323 0.334646, 67.367199 -24.964402 0.334646,
67.367144 -24.964435 0.334646, 67.367066 -24.964501 0.334646,
67.35468 -24.977177 0.334646, 67.354617 -24.977254 0.334646,
67.341901 -24.996543 0.334646, 67.341869 -24.9966 0.334646,
67.329135 -25.022517 0.334646, 67.329115 -25.022565 0.334646,
67.319853 -25.047415 0.334646, 67.319844 -25.047442 0.334646,
67.311441 -25.07453 0.334646, 67.311435 -25.074553 0.334646,
67.303973 -25.103143 0.334646, 67.303969 -25.103163 0.334646,
67.29753 -25.132521 0.334646, 67.297526 -25.132539 0.334646,
67.292193 -25.161929 0.334646, 67.292191 -25.161947 0.334646,
67.288046 -25.190633 0.334646, 67.288043 -25.190653 0.334646,
67.285168 -25.2179 0.334646, 67.285166 -25.217923 0.334646,
67.283643 -25.242996 0.334646, 67.283642 -25.243025 0.334646,
67.283553 -25.265188 0.334646, 67.283555 -25.26523 0.334646,
67.284982 -25.283748 0.334646, 67.284992 -25.283817 0.334646,
67.288019 -25.297955 0.334646, 67.288067 -25.298087 0.334646,
67.292774 -25.307109 0.334646, 67.292845 -25.307212 0.334646,
67.29292 -25.307282 0.334646, 67.293007 -25.307335 0.334646,
67.299478 -25.310506 0.334646, 67.299576 -25.310543 0.334646,
67.299677 -25.310559 0.334646, 67.299779 -25.310554 0.334646,
67.299878 -25.31053 0.334646, 67.308713 -25.30745 0.334646,
67.3088 -25.30741 0.334646, 67.308883 -25.307351 0.334646,
67.318923 -25.298613 0.334646, 67.318988 -25.298545 0.334646,
67.329917 -25.284904 0.334646, 67.329947 -25.284861 0.334646,
67.341446 -25.267072 0.334646, 67.341465 -25.267042 0.334646,
67.353216 -25.245859 0.334646, 67.353228 -25.245836 0.334646,
67.364914 -25.222015 0.334646, 67.364923 -25.221995 0.334646,
67.376225 -25.19629 0.334646, 67.376233 -25.196272 0.334646,
67.386833 -25.169438 0.334646, 67.386841 -25.169419 0.334646,
67.396422 -25.142212 0.334646, 67.396428 -25.142192 0.334646,
67.404672 -25.115365 0.334646, 67.404679 -25.115341 0.334646,
67.411267 -25.08965 0.334646, 67.411274 -25.08962 0.334646,
67.415889 -25.065819 0.334646, 67.415895 -25.065777 0.334646,
67.418219 -25.044621 0.334646, 66.95105 -24.332145 0.334646,
66.951049 -24.332116 0.334646, 66.950299 -24.316573 0.334646,
66.950296 -24.316538 0.334646, 66.948659 -24.30258 0.334646,
66.948652 -24.302535 0.334646, 66.946111 -24.290244 0.334646,
66.946095 -24.290187 0.334646, 66.94263 -24.279642 0.334646,
66.9426 -24.279569 0.334646, 66.938193 -24.270852 0.334646,
66.938137 -24.270764 0.334646, 66.932769 -24.263955 0.334646,
66.932674 -24.263862 0.334646, 66.926326 -24.259041 0.334646,
66.926194 -24.258969 0.334646, 66.918848 -24.256217 0.334646,
66.918724 -24.256188 0.334646, 66.918622 -24.256186 0.334646,
66.905081 -24.257304 0.334646, 66.905011 -24.257315 0.334646,
66.904915 -24.257347 0.334646, 66.904826 -24.257397 0.334646,
66.89244 -24.266075 0.334646, 66.892379 -24.266125 0.334646,
66.892312 -24.266203 0.334646, 66.880311 -24.283301 0.334646,
66.880266 -24.283379 0.334646, 66.86788 -24.309757 0.334646,
66.867864 -24.309798 0.334646, 66.854323 -24.346316 0.334646,
66.854315 -24.346338 0.334646, 66.849488 -24.36138 0.334646,
66.849485 -24.361388 0.334646, 66.844112 -24.379126 0.334646,
66.84411 -24.379132 0.334646, 66.838243 -24.399343 0.334646,
66.838242 -24.399347 0.334646, 66.831932 -24.421808 0.334646,
66.831931 -24.421812 0.334646, 66.825231 -24.446302 0.334646,
66.825231 -24.446304 0.334646, 66.818193 -24.4726 0.334646,
66.818193 -24.472602 0.334646, 66.810869 -24.500482 0.334646,
66.810869 -24.500484 0.334646, 66.803311 -24.529725 0.334646,
66.803311 -24.529726 0.334646, 66.795571 -24.560106 0.334646,
66.795571 -24.560107 0.334646, 66.787702 -24.591404 0.334646,
66.787701 -24.591406 0.334646, 66.779754 -24.623396 0.334646,
66.779754 -24.623397 0.334646, 66.771781 -24.65586 0.334646,
66.771781 -24.655861 0.334646, 66.763834 -24.688574 0.334646,
66.763834 -24.688575 0.334646, 66.755967 -24.721315 0.334646,
66.755966 -24.721316 0.334646, 66.748228 -24.753861 0.334646,
66.748228 -24.753862 0.334646, 66.740673 -24.785989 0.334646,
66.740672 -24.78599 0.334646, 66.733352 -24.817478 0.334646,
66.733352 -24.817479 0.334646, 66.726318 -24.848105 0.334646,
66.726317 -24.848106 0.334646, 66.719622 -24.877648 0.334646,
66.719622 -24.877649 0.334646, 66.713317 -24.905884 0.334646,
66.713316 -24.905885 0.334646, 66.707454 -24.932591 0.334646,
66.707454 -24.932593 0.334646, 66.702086 -24.957547 0.334646,
66.702085 -24.95755 0.334646, 66.697265 -24.98053 0.334646,
66.697264 -24.980533 0.334646, 66.693043 -25.001318 0.334646,
66.693042 -25.001322 0.334646, 66.689471 -25.019689 0.334646,
66.68947 -25.019694 0.334646, 66.686602 -25.03542 0.334646,
66.6866 -25.035429 0.334646, 66.684487 -25.048291 0.334646,
66.684485 -25.048307 0.334646, 66.683179 -25.058083 0.334646,
66.683176 -25.058117 0.334646, 66.682729 -25.064586 0.334646,
66.682736 -25.064715 0.334646, 66.682764 -25.064813 0.334646,
66.682811 -25.064904 0.334646, 66.686025 -25.069888 0.334646,
66.686081 -25.069959 0.334646, 66.686157 -25.070028 0.334646,
66.686245 -25.070079 0.334646, 66.686342 -25.070113 0.334646,
66.686443 -25.070126 0.334646, 66.686544 -25.07012 0.334646,
66.686643 -25.070094 0.334646, 66.686735 -25.07005 0.334646,
66.693995 -25.065598 0.334646, 66.694053 -25.065557 0.334646,
66.694125 -25.065485 0.334646, 66.704822 -25.052492 0.334646,
66.704856 -25.052446 0.334646, 66.718383 -25.031806 0.334646,
66.718399 -25.03178 0.334646, 66.734148 -25.004385 0.334646,
66.734159 -25.004367 0.334646, 66.751523 -24.971113 0.334646,
66.751525 -24.971108 0.334646, 66.766458 -24.941735 0.334646,
66.766462 -24.941728 0.334646, 66.780956 -24.912002 0.334646,
66.78096 -24.911995 0.334646, 66.794996 -24.881999 0.334646,
66.794999 -24.881991 0.334646, 66.808559 -24.851805 0.334646,
66.808562 -24.851798 0.334646, 66.821627 -24.821501 0.334646,
66.82163 -24.821494 0.334646, 66.834181 -24.791168 0.334646,
66.834184 -24.791161 0.334646, 66.846202 -24.760887 0.334646,
66.846205 -24.76088 0.334646, 66.857672 -24.730738 0.334646,
66.857675 -24.730731 0.334646, 66.868573 -24.700802 0.334646,
66.868576 -24.700795 0.334646, 66.878885 -24.67116 0.334646,
66.878888 -24.671153 0.334646, 66.888591 -24.641892 0.334646,
66.888593 -24.641885 0.334646, 66.89767 -24.61308 0.334646,
66.897673 -24.613072 0.334646, 66.906106 -24.584802 0.334646,
66.906108 -24.584794 0.334646, 66.913879 -24.557141 0.334646,
66.913881 -24.557132 0.334646, 66.92097 -24.530177 0.334646,
66.920972 -24.530168 0.334646, 66.927361 -24.50399 0.334646,
66.927363 -24.50398 0.334646, 66.933034 -24.478661 0.334646,
66.933036 -24.478651 0.334646, 66.937969 -24.454272 0.334646,
66.937971 -24.45426 0.334646, 66.942148 -24.430901 0.334646,
66.94215 -24.430888 0.334646, 66.945553 -24.40863 0.334646,
66.945555 -24.408615 0.334646, 66.948164 -24.387539 0.334646,
66.948166 -24.387522 0.334646, 66.949963 -24.367707 0.334646,
66.949964 -24.367687 0.334646, 66.950931 -24.349216 0.334646,
66.950932 -24.349193 0.334646, 65.886276 -22.965815 0.334646,
65.885155 -22.95333 0.334646, 65.885134 -22.953225 0.334646,
65.885095 -22.95313 0.334646, 65.880098 -22.943801 0.334646,
65.880068 -22.943752 0.334646, 65.880002 -22.943674 0.334646,
65.879922 -22.94361 0.334646, 65.870925 -22.937769 0.334646,
65.87082 -22.937716 0.334646, 65.870721 -22.937691 0.334646,
65.857598 -22.935669 0.334646, 65.857459 -22.935667 0.334646,
65.857359 -22.935689 0.334646, 65.852065 -22.937398 0.334646,
65.851966 -22.937443 0.334646, 65.843306 -22.942424 0.334646,
65.843271 -22.942446 0.334646, 65.831527 -22.950476 0.334646,
65.831509 -22.950489 0.334646, 65.816965 -22.961346 0.334646,
65.816954 -22.961354 0.334646, 65.799892 -22.974815 0.334646,
65.799883 -22.974822 0.334646, 65.780587 -22.990665 0.334646,
65.780581 -22.99067 0.334646, 65.759334 -23.008672 0.334646,
65.759329 -23.008676 0.334646, 65.736414 -23.028615 0.334646,
65.736409 -23.028619 0.334646, 65.712109 -23.050273 0.334646,
65.712105 -23.050277 0.334646, 65.686704 -23.073422 0.334646,
65.6867 -23.073426 0.334646, 65.660481 -23.097841 0.334646,
65.660477 -23.097845 0.334646, 65.633723 -23.123307 0.334646,
65.633719 -23.123311 0.334646, 65.604989 -23.151254 0.334646,
65.604985 -23.151257 0.334646, 65.577748 -23.178274 0.334646,
65.577744 -23.178277 0.334646, 65.552306 -23.204033 0.334646,
65.552302 -23.204038 0.334646, 65.528967 -23.228201 0.334646,
65.528963 -23.228206 0.334646, 65.508037 -23.250443 0.334646,
65.508031 -23.25045 0.334646, 65.489819 -23.270429 0.334646,
65.489812 -23.270437 0.334646, 65.47462 -23.287824 0.334646,
65.474609 -23.287837 0.334646, 65.462741 -23.3023 0.334646,
65.462724 -23.302321 0.334646, 65.454486 -23.313527 0.334646,
65.454452 -23.313579 0.334646, 65.450149 -23.321194 0.334646,
65.450125 -23.321243 0.334646, 65.450094 -23.321341 0.334646,
65.450082 -23.321442 0.334646, 65.450019 -23.325134 0.334646,
65.450028 -23.325235 0.334646, 65.450056 -23.325333 0.334646,
65.450102 -23.325424 0.334646, 65.450165 -23.325505 0.334646,
65.450243 -23.325571 0.334646, 65.450332 -23.32562 0.334646,
65.456952 -23.328501 0.334646, 65.457074 -23.328537 0.334646,
65.457176 -23.328544 0.334646, 65.4676 -23.328206 0.334646,
65.467704 -23.328192 0.334646, 65.481514 -23.324896 0.334646,
65.481568 -23.32488 0.334646, 65.498344 -23.318887 0.334646,
65.498378 -23.318874 0.334646, 65.517702 -23.310443 0.334646,
65.517725 -23.310433 0.334646, 65.539178 -23.299827 0.334646,
65.539195 -23.299819 0.334646, 65.562359 -23.287298 0.334646,
65.562372 -23.287291 0.334646, 65.586827 -23.273116 0.334646,
65.586839 -23.273109 0.334646, 65.612166 -23.25754 0.334646,
65.612176 -23.257533 0.334646, 65.637957 -23.240833 0.334646,
65.637967 -23.240826 0.334646, 65.663782 -23.223254 0.334646,
65.663792 -23.223247 0.334646, 65.689223 -23.205063 0.334646,
65.689233 -23.205056 0.334646, 65.71386 -23.186522 0.334646,
65.713871 -23.186513 0.334646, 65.737276 -23.16789 0.334646,
65.737289 -23.16788 0.334646, 65.759053 -23.149428 0.334646,
65.759067 -23.149415 0.334646, 65.778771 -23.131395 0.334646,
65.778789 -23.131378 0.334646, 65.796013 -23.114052 0.334646,
65.796033 -23.114031 0.334646, 65.818525 -23.088766 0.334646,
65.818543 -23.088744 0.334646, 65.838038 -23.064308 0.334646,
65.838057 -23.064283 0.334646, 65.854429 -23.041007 0.334646,
65.854449 -23.040976 0.334646, 65.867573 -23.019194 0.334646,
65.867595 -23.019154 0.334646, 65.877346 -22.999197 0.334646,
65.877369 -22.999141 0.334646, 65.883621 -22.981342 0.334646,
65.883643 -22.981257 0.334646, 65.886271 -22.96595 0.334646,
64.548065 -23.035669 0.334646, 64.537511 -23.049943 0.334646,
64.537511 -23.049943 0.334646, 64.526102 -23.064722 0.334646,
64.513837 -23.080016 0.334646, 64.500733 -23.095809 0.334646,
64.48682 -23.112067 0.334646, 64.472099 -23.128793 0.334646,
64.456588 -23.14597 0.334646, 64.440315 -23.16357 0.334646,
64.440314 -23.16357 0.334646, 64.423279 -23.181595 0.334646,
64.423279 -23.181596 0.334646, 64.405513 -23.200015 0.334646,
64.38702 -23.218824 0.334646, 64.36782 -23.238006 0.334646,
64.347931 -23.257545 0.334646, 64.327364 -23.277428 0.334646,
64.306144 -23.297633 0.334646, 64.28428 -23.318152 0.334646,
64.261786 -23.33897 0.334646, 64.238687 -23.360065 0.334646,
64.214991 -23.38143 0.334646, 64.190716 -23.403046 0.334646,
64.165879 -23.4249 0.334646, 64.140495 -23.446975 0.334646,
64.114581 -23.469257 0.334646, 64.088153 -23.491731 0.334646,
64.061226 -23.514382 0.334646, 64.033816 -23.537196 0.334646,
64.005939 -23.560156 0.334646, 63.977968 -23.583046 0.334646,
63.977965 -23.583049 0.334646, 63.951113 -23.605421 0.334646,
63.951109 -23.605424 0.334646, 63.925407 -23.627238 0.334646,
63.925403 -23.627241 0.334646, 63.900879 -23.648458 0.334646,
63.900875 -23.648462 0.334646, 63.87756 -23.669043 0.334646,
63.877556 -23.669047 0.334646, 63.85548 -23.688952 0.334646,
63.855475 -23.688956 0.334646, 63.834667 -23.708147 0.334646,
63.834662 -23.708151 0.334646, 63.815152 -23.726587 0.334646,
63.815147 -23.726592 0.334646, 63.796964 -23.744233 0.334646,
63.796959 -23.744239 0.334646, 63.780133 -23.761047 0.334646,
63.780128 -23.761053 0.334646, 63.764689 -23.776989 0.334646,
63.764683 -23.776996 0.334646, 63.750662 -23.792019 0.334646,
63.750654 -23.792027 0.334646, 63.73808 -23.806098 0.334646,
63.738071 -23.806109 0.334646, 63.726974 -23.819189 0.334646,
63.726963 -23.819201 0.334646, 63.717372 -23.831251 0.334646,
63.717359 -23.831267 0.334646, 63.709304 -23.842246 0.334646,
63.709289 -23.842268 0.334646, 63.7028 -23.852137 0.334646,
63.702781 -23.852169 0.334646, 63.697887 -23.86089 0.334646,
63.697864 -23.860937 0.334646, 63.694596 -23.868469 0.334646,
63.694569 -23.868547 0.334646, 63.692956 -23.874852 0.334646,
63.69294 -23.874988 0.334646, 63.693012 -23.880025 0.334646,
63.693028 -23.880146 0.334646, 63.693063 -23.880242 0.334646,
63.69485 -23.883972 0.334646, 63.694885 -23.884035 0.334646,
63.694949 -23.884114 0.334646, 63.695028 -23.88418 0.334646,
63.698559 -23.886563 0.334646, 63.698656 -23.886615 0.334646,
63.698754 -23.886643 0.334646, 63.704059 -23.887641 0.334646,
63.704187 -23.88765 0.334646, 63.711296 -23.887222 0.334646,
63.711373 -23.887212 0.334646, 63.720317 -23.88532 0.334646,
63.720365 -23.885307 0.334646, 63.731172 -23.881912 0.334646,
63.731204 -23.8819 0.334646, 63.743905 -23.876961 0.334646,
63.743928 -23.876952 0.334646, 63.758551 -23.87043 0.334646,
63.758569 -23.870421 0.334646, 63.775144 -23.862277 0.334646,
63.775159 -23.86227 0.334646, 63.78653 -23.856233 0.334646,
63.786545 -23.856224 0.334646, 63.800817 -23.848037 0.334646,
63.800826 -23.848031 0.334646, 63.817639 -23.837917 0.334646,
63.817646 -23.837913 0.334646, 63.836643 -23.826097 0.334646,
63.836648 -23.826094 0.334646, 63.857468 -23.812802 0.334646,
63.857472 -23.812799 0.334646, 63.879759 -23.798256 0.334646,
63.879763 -23.798254 0.334646, 63.903156 -23.782684 0.334646,
63.90316 -23.782681 0.334646, 63.927301 -23.76631 0.334646,
63.927304 -23.766307 0.334646, 63.951835 -23.749359 0.334646,
63.951839 -23.749357 0.334646, 63.976399 -23.732057 0.334646,
63.976403 -23.732054 0.334646, 64.000636 -23.714628 0.334646,
64.000637 -23.714628 0.334646, 64.018803 -23.701507 0.334646,
64.038057 -23.687766 0.334646, 64.058211 -23.673529 0.334646,
64.079076 -23.65892 0.334646, 64.100467 -23.644062 0.334646,
64.100467 -23.644062 0.334646, 64.122191 -23.629083 0.334646,
64.144065 -23.614105 0.334646, 64.1659 -23.599251 0.334646,
64.187507 -23.584648 0.334646, 64.2087 -23.570418 0.334646,
64.229291 -23.556685 0.334646, 64.249088 -23.543577 0.334646,
64.267908 -23.531215 0.334646, 64.285564 -23.519722 0.334646,
64.285564 -23.519722 0.334646, 64.301864 -23.509226 0.334646,
64.301867 -23.509224 0.334646, 64.325601 -23.493682 0.334646,
64.325609 -23.493676 0.334646, 64.348917 -23.477768 0.334646,
64.348926 -23.477762 0.334646, 64.371791 -23.461505 0.334646,
64.371798 -23.461499 0.334646, 64.394203 -23.444911 0.334646,
64.394211 -23.444905 0.334646, 64.416138 -23.428003 0.334646,
64.416146 -23.427997 0.334646, 64.437576 -23.4108 0.334646,
64.437584 -23.410793 0.334646, 64.4585 -23.393318 0.334646,
64.458508 -23.393311 0.334646, 64.478894 -23.375576 0.334646,
64.478902 -23.375569 0.334646, 64.498738 -23.357591 0.334646,
64.498746 -23.357584 0.334646, 64.518016 -23.339381 0.334646,
64.518024 -23.339373 0.334646, 64.536709 -23.320963 0.334646,
64.536717 -23.320955 0.334646, 64.554801 -23.302355 0.334646,
64.554809 -23.302347 0.334646, 64.572273 -23.283575 0.334646,
64.572281 -23.283567 0.334646, 64.589107 -23.264641 0.334646,
64.589115 -23.264631 0.334646, 64.605287 -23.245569 0.334646,
64.605294 -23.245559 0.334646, 64.620793 -23.226378 0.334646,
64.620801 -23.226368 0.334646, 64.635609 -23.207085 0.334646,
64.635618 -23.207074 0.334646, 64.649719 -23.187708 0.334646,
64.649726 -23.187696 0.334646, 64.663101 -23.168264 0.334646,
64.663109 -23.168252 0.334646, 64.675741 -23.148772 0.334646,
64.675748 -23.148759 0.334646, 64.687619 -23.129248 0.334646,
64.687627 -23.129235 0.334646, 64.698719 -23.109711 0.334646,
64.698726 -23.109696 0.334646, 64.709022 -23.090177 0.334646,
64.70903 -23.090161 0.334646, 64.727474 -23.051968 0.334646,
64.72748 -23.051956 0.334646, 64.742189 -23.019383 0.334646,
64.742198 -23.019362 0.334646, 64.753269 -22.991574 0.334646,
64.753281 -22.991537 0.334646, 64.760809 -22.967696 0.334646,
64.760824 -22.96764 0.334646, 64.764905 -22.94691 0.334646,
64.764915 -22.94683 0.334646, 64.765646 -22.928375 0.334646,
64.765641 -22.928278 0.334646, 64.763119 -22.911262 0.334646,
64.763096 -22.911168 0.334646, 64.757417 -22.894754 0.334646,
64.757385 -22.894682 0.334646, 64.748644 -22.878035 0.334646,
64.748618 -22.87799 0.334646, 64.736912 -22.860272 0.334646,
64.73689 -22.860242 0.334646, 64.717999 -22.835701 0.334646,
64.71792 -22.835618 0.334646, 64.701234 -22.821732 0.334646,
64.701115 -22.821658 0.334646, 64.701019 -22.821625 0.334646,
64.685393 -22.817999 0.334646, 64.685283 -22.817986 0.334646,
64.685181 -22.817994 0.334646, 64.685083 -22.818022 0.334646,
64.669372 -22.824262 0.334646, 64.669291 -22.824302 0.334646,
64.66921 -22.824364 0.334646, 64.652269 -22.840073 0.334646,
64.652181 -22.84018 0.334646, 64.645799 -22.850437 0.334646,
64.645784 -22.850463 0.334646, 64.637078 -22.866425 0.334646,
64.63707 -22.866439 0.334646, 64.626704 -22.886834 0.334646,
64.626698 -22.886843 0.334646, 64.615333 -22.910398 0.334646,
64.615329 -22.910407 0.334646, 64.603628 -22.935849 0.334646,
64.603624 -22.935858 0.334646, 64.59225 -22.961914 0.334646,
64.587237 -22.972725 0.334646, 64.581269 -22.984136 0.334646,
64.574341 -22.996172 0.334646, 64.566492 -23.008774 0.334646,
64.55773 -23.021941 0.334646, 70.134915 -23.057851 0.334646,
70.134905 -23.05775 0.334646, 70.13313 -23.048815 0.334646,
70.133093 -23.0487 0.334646, 70.127942 -23.037377 0.334646,
70.127912 -23.03732 0.334646, 70.119649 -23.023843 0.334646,
70.119627 -23.02381 0.334646, 70.108516 -23.008412 0.334646,
70.1085 -23.008391 0.334646, 70.094804 -22.991307 0.334646,
70.094792 -22.991293 0.334646, 70.078774 -22.972758 0.334646,
70.078765 -22.972747 0.334646, 70.06069 -22.952996 0.334646,
70.060681 -22.952987 0.334646, 70.040813 -22.932254 0.334646,
70.040806 -22.932246 0.334646, 70.019406 -22.910764 0.334646,
70.0194 -22.910758 0.334646, 69.996733 -22.888763 0.334646,
69.996728 -22.888757 0.334646, 69.973058 -22.866482 0.334646,
69.973053 -22.866477 0.334646, 69.948643 -22.844156 0.334646,
69.948638 -22.844151 0.334646, 69.923752 -22.82202 0.334646,
69.923746 -22.822016 0.334646, 69.898648 -22.800309 0.334646,
69.898642 -22.800304 0.334646, 69.873594 -22.779255 0.334646,
69.873589 -22.77925 0.334646, 69.848855 -22.759093 0.334646,
69.848848 -22.759088 0.334646, 69.824693 -22.740058 0.334646,
69.824685 -22.740052 0.334646, 69.801371 -22.722383 0.334646,
69.801362 -22.722376 0.334646, 69.779153 -22.706302 0.334646,
69.779142 -22.706294 0.334646, 69.758302 -22.692051 0.334646,
69.758286 -22.692041 0.334646, 69.739078 -22.679862 0.334646,
69.739058 -22.679849 0.334646, 69.721746 -22.669969 0.334646,
69.721715 -22.669952 0.334646, 69.706562 -22.662605 0.334646,
69.706511 -22.662583 0.334646, 69.693781 -22.658002 0.334646,
69.693685 -22.657978 0.334646, 69.683642 -22.656399 0.334646,
69.683508 -22.656395 0.334646, 69.658238 -22.658965 0.334646,
69.658126 -22.658989 0.334646, 69.637346 -22.665933 0.334646,
69.637249 -22.665978 0.334646, 69.637167 -22.666037 0.334646,
69.625299 -22.676523 0.334646, 69.625227 -22.676602 0.334646,
69.625174 -22.676689 0.334646, 69.625139 -22.676785 0.334646,
69.625124 -22.676886 0.334646, 69.624909 -22.680931 0.334646,
69.62492 -22.681065 0.334646, 69.62495 -22.681162 0.334646,
69.627764 -22.687787 0.334646, 69.627802 -22.68786 0.334646,
69.633444 -22.69686 0.334646, 69.633467 -22.696893 0.334646,
69.641735 -22.708066 0.334646, 69.64175 -22.708085 0.334646,
69.652441 -22.721227 0.334646, 69.652451 -22.721239 0.334646,
69.665364 -22.736146 0.334646, 69.665372 -22.736156 0.334646,
69.680306 -22.752625 0.334646, 69.680312 -22.752632 0.334646,
69.697063 -22.77046 0.334646, 69.697068 -22.770466 0.334646,
69.715436 -22.78945 0.334646, 69.715441 -22.789454 0.334646,
69.735222 -22.80939 0.334646, 69.735226 -22.809394 0.334646,
69.756221 -22.830078 0.334646, 69.756225 -22.830082 0.334646,
69.77823 -22.851311 0.334646, 69.778234 -22.851315 0.334646,
69.801048 -22.872885 0.334646, 69.801052 -22.872889 0.334646,
69.824472 -22.894597 0.334646, 69.824476 -22.894601 0.334646,
69.848302 -22.916244 0.334646, 69.848306 -22.916248 0.334646,
69.872335 -22.937623 0.334646, 69.872339 -22.937626 0.334646,
69.896369 -22.958529 0.334646, 69.896374 -22.958533 0.334646,
69.920204 -22.97876 0.334646, 69.920209 -22.978765 0.334646,
69.943636 -22.998112 0.334646, 69.943642 -22.998117 0.334646,
69.966465 -23.016383 0.334646, 69.96648 -23.016394 0.334646,
69.990609 -23.034305 0.334646, 69.990652 -23.034333 0.334646,
70.015821 -23.049392 0.334646, 70.015864 -23.049415 0.334646,
70.041037 -23.061423 0.334646, 70.041084 -23.061443 0.334646,
70.065226 -23.070202 0.334646, 70.065281 -23.070219 0.334646,
70.087356 -23.075531 0.334646, 70.087433 -23.075544 0.334646,
70.106405 -23.077213 0.334646, 70.106526 -23.077209 0.334646,
70.12136 -23.075035 0.334646, 70.121475 -23.075004 0.334646,
70.121566 -23.074957 0.334646, 70.131226 -23.068743 0.334646,
70.131339 -23.068645 0.334646, 70.131397 -23.068561 0.334646,
70.131439 -23.068468 0.334646, 70.134889 -23.058015 0.334646,
70.134905 -23.057953 0.334646, 65.985849 -22.544111 0.334646,
65.985724 -22.530055 0.334646, 65.98572 -22.529994 0.334646,
65.985698 -22.529894 0.334646, 65.985656 -22.529801 0.334646,
65.980358 -22.520524 0.334646, 65.98031 -22.520454 0.334646,
65.980239 -22.520381 0.334646, 65.980154 -22.520324 0.334646,
65.98006 -22.520285 0.334646, 65.969236 -22.516937 0.334646,
65.969115 -22.516915 0.334646, 65.969013 -22.516918 0.334646,
65.968914 -22.516941 0.334646, 65.964037 -22.518604 0.334646,
65.963969 -22.518633 0.334646, 65.954386 -22.523507 0.334646,
65.954366 -22.523517 0.334646, 65.94052 -22.531341 0.334646,
65.94051 -22.531346 0.334646, 65.922842 -22.541855 0.334646,
65.922835 -22.541859 0.334646, 65.901791 -22.55479 0.334646,
65.901786 -22.554793 0.334646, 65.877807 -22.569883 0.334646,
65.877803 -22.569886 0.334646, 65.851332 -22.586873 0.334646,
65.851329 -22.586875 0.334646, 65.822811 -22.605495 0.334646,
65.822807 -22.605497 0.334646, 65.792683 -22.625487 0.334646,
65.79268 -22.625489 0.334646, 65.761394 -22.646586 0.334646,
65.761391 -22.646589 0.334646, 65.721776 -22.673867 0.334646,
65.721771 -22.673871 0.334646, 65.68665 -22.698716 0.334646,
65.686643 -22.698721 0.334646, 65.655898 -22.721247 0.334646,
65.655889 -22.721254 0.334646, 65.629408 -22.741574 0.334646,
65.629395 -22.741584 0.334646, 65.607061 -22.759814 0.334646,
65.607044 -22.759828 0.334646, 65.588742 -22.776082 0.334646,
65.588719 -22.776103 0.334646, 65.574333 -22.790495 0.334646,
65.574303 -22.790529 0.334646, 65.563719 -22.803173 0.334646,
65.563676 -22.803231 0.334646, 65.556778 -22.814242 0.334646,
65.556728 -22.814346 0.334646, 65.553401 -22.823838 0.334646,
65.55338 -22.823917 0.334646, 65.553372 -22.824019 0.334646,
65.553501 -22.832106 0.334646, 65.55352 -22.83224 0.334646,
65.553558 -22.832335 0.334646, 65.557027 -22.839132 0.334646,
65.557085 -22.839222 0.334646, 65.557156 -22.839294 0.334646,
65.563851 -22.844917 0.334646, 65.563939 -22.844976 0.334646,
65.564033 -22.845016 0.334646, 65.564133 -22.845036 0.334646,
65.570309 -22.845661 0.334646, 65.57038 -22.845663 0.334646,
65.570481 -22.845649 0.334646, 65.581315 -22.843081 0.334646,
65.581373 -22.843063 0.334646, 65.596318 -22.837619 0.334646,
65.596346 -22.837607 0.334646, 65.614854 -22.829601 0.334646,
65.614872 -22.829593 0.334646, 65.636395 -22.819343 0.334646,
65.636407 -22.819337 0.334646, 65.660398 -22.807158 0.334646,
65.660407 -22.807154 0.334646, 65.686318 -22.793362 0.334646,
65.686325 -22.793358 0.334646, 65.713609 -22.778269 0.334646,
65.713615 -22.778266 0.334646, 65.741723 -22.762196 0.334646,
65.741729 -22.762193 0.334646, 65.770114 -22.745459 0.334646,
65.77012 -22.745456 0.334646, 65.798234 -22.728374 0.334646,
65.79824 -22.72837 0.334646, 65.825535 -22.711256 0.334646,
65.825542 -22.711251 0.334646, 65.851471 -22.69442 0.334646,
65.851479 -22.694415 0.334646, 65.875494 -22.678183 0.334646,
65.875504 -22.678176 0.334646, 65.897056 -22.66286 0.334646,
65.89707 -22.662851 0.334646, 65.915613 -22.648767 0.334646,
65.915632 -22.648751 0.334646, 65.930619 -22.636215 0.334646,
65.930649 -22.636187 0.334646, 65.94153 -22.625515 0.334646,
65.941574 -22.625465 0.334646, 65.958607 -22.603787 0.334646,
65.958641 -22.603739 0.334646, 65.971915 -22.582243 0.334646,
65.971946 -22.582185 0.334646, 65.981107 -22.562018 0.334646,
65.981137 -22.561936 0.334646, 65.985831 -22.54425 0.334646,
65.346751 -22.561946 0.334646, 65.314299 -22.591859 0.334646,
65.280709 -22.622676 0.334646, 65.280708 -22.622676 0.334646,
65.251781 -22.64935 0.334646, 65.251778 -22.649353 0.334646,
65.224024 -22.67534 0.334646, 65.224021 -22.675343 0.334646,
65.197694 -22.700374 0.334646, 65.197691 -22.700377 0.334646,
65.173049 -22.724181 0.334646, 65.173046 -22.724185 0.334646,
65.150343 -22.746494 0.334646, 65.150339 -22.746497 0.334646,
65.129833 -22.76704 0.334646, 65.129829 -22.767044 0.334646,
65.111775 -22.785552 0.334646, 65.111769 -22.785557 0.334646,
65.096423 -22.80176 0.334646, 65.096416 -22.801768 0.334646,
65.084035 -22.815394 0.334646, 65.084024 -22.815407 0.334646,
65.074863 -22.826189 0.334646, 65.074841 -22.826217 0.334646,
65.069157 -22.833883 0.334646, 65.069101 -22.833978 0.334646,
65.06715 -22.83826 0.334646, 65.067117 -22.838357 0.334646,
65.067103 -22.838459 0.334646, 65.06711 -22.838561 0.334646,
65.068557 -22.847363 0.334646, 65.068568 -22.847414 0.334646,
65.068604 -22.847509 0.334646, 65.068658 -22.847596 0.334646,
65.073053 -22.853304 0.334646, 65.073119 -22.853375 0.334646,
65.073201 -22.853435 0.334646, 65.073294 -22.853478 0.334646,
65.080718 -22.856063 0.334646, 65.080815 -22.856087 0.334646,
65.080917 -22.856092 0.334646, 65.091452 -22.855529 0.334646,
65.091561 -22.855511 0.334646, 65.105287 -22.851774 0.334646,
65.105347 -22.851753 0.334646, 65.122346 -22.844813 0.334646,
65.122382 -22.844797 0.334646, 65.142735 -22.834628 0.334646,
65.142758 -22.834615 0.334646, 65.166547 -22.821191 0.334646,
65.166563 -22.821182 0.334646, 65.193868 -22.804475 0.334646,
65.19388 -22.804468 0.334646, 65.224783 -22.784452 0.334646,
65.224791 -22.784446 0.334646, 65.259373 -22.761095 0.334646,
65.259381 -22.761089 0.334646, 65.277718 -22.748198 0.334646,
65.297562 -22.734488 0.334646, 65.318654 -22.720134 0.334646,
65.340726 -22.705314 0.334646, 65.340726 -22.705314 0.334646,
65.363524 -22.690198 0.334646, 65.386783 -22.674961 0.334646,
65.410246 -22.659776 0.334646, 65.433643 -22.644822 0.334646,
65.45672 -22.630268 0.334646, 65.479216 -22.61629 0.334646,
65.500866 -22.603062 0.334646, 65.521416 -22.590756 0.334646,
65.540594 -22.579551 0.334646, 65.540603 -22.579546 0.334646,
65.565956 -22.564106 0.334646, 65.565967 -22.564098 0.334646,
65.590717 -22.548154 0.334646, 65.590728 -22.548147 0.334646,
65.61485 -22.53173 0.334646, 65.614861 -22.531722 0.334646,
65.638332 -22.514863 0.334646, 65.638343 -22.514855 0.334646,
65.66114 -22.497583 0.334646, 65.661151 -22.497575 0.334646,
65.683251 -22.479922 0.334646, 65.683261 -22.479914 0.334646,
65.70464 -22.46191 0.334646, 65.70465 -22.461901 0.334646,
65.725285 -22.443577 0.334646, 65.725296 -22.443567 0.334646,
65.745163 -22.424954 0.334646, 65.745173 -22.424944 0.334646,
65.764248 -22.406071 0.334646, 65.764258 -22.406061 0.334646,
65.782519 -22.386959 0.334646, 65.78253 -22.386949 0.334646,
65.799952 -22.367649 0.334646, 65.799963 -22.367637 0.334646,
65.816524 -22.34817 0.334646, 65.816533 -22.348158 0.334646,
65.83221 -22.328554 0.334646, 65.83222 -22.328541 0.334646,
65.846988 -22.30883 0.334646, 65.846998 -22.308817 0.334646,
65.860834 -22.28903 0.334646, 65.860844 -22.289016 0.334646,
65.873725 -22.269184 0.334646, 65.873735 -22.269168 0.334646,
65.885637 -22.249321 0.334646, 65.885646 -22.249304 0.334646,
65.896546 -22.229474 0.334646, 65.896556 -22.229456 0.334646,
65.90643 -22.209671 0.334646, 65.906439 -22.209652 0.334646,
65.915265 -22.189944 0.334646, 65.915274 -22.189923 0.334646,
65.923027 -22.170322 0.334646, 65.923036 -22.170299 0.334646,
65.929693 -22.150837 0.334646, 65.929701 -22.150813 0.334646,
65.935239 -22.131519 0.334646, 65.935245 -22.131492 0.334646,
65.939641 -22.112398 0.334646, 65.939646 -22.112369 0.334646,
65.942875 -22.093504 0.334646, 65.94288 -22.093472 0.334646,
65.944919 -22.074868 0.334646, 65.944922 -22.074835 0.334646,
65.945748 -22.05652 0.334646, 65.945748 -22.056466 0.334646,
65.944037 -22.027532 0.334646, 65.944029 -22.027467 0.334646,
65.939233 -22.001951 0.334646, 65.939215 -22.001879 0.334646,
65.931835 -21.980213 0.334646, 65.9318 -21.980132 0.334646,
65.922339 -21.962748 0.334646, 65.922274 -21.962655 0.334646,
65.911232 -21.949983 0.334646, 65.911196 -21.949945 0.334646,
65.911115 -21.949883 0.334646, 65.898995 -21.942354 0.334646,
65.898898 -21.942307 0.334646, 65.898799 -21.942282 0.334646,
65.886104 -21.940329 0.334646, 65.885967 -21.940326 0.334646,
65.885867 -21.940347 0.334646, 65.873097 -21.9444 0.334646,
65.873001 -21.944442 0.334646, 65.872917 -21.9445 0.334646,
65.860574 -21.954991 0.334646, 65.860477 -21.955101 0.334646,
65.849063 -21.972461 0.334646, 65.849022 -21.972536 0.334646,
65.840936 -21.990831 0.334646, 65.840924 -21.990859 0.334646,
65.832291 -22.013997 0.334646, 65.832284 -22.014018 0.334646,
65.824042 -22.039383 0.334646, 65.824035 -22.039405 0.334646,
65.817122 -22.064378 0.334646, 65.815296 -22.070309 0.334646,
65.8125 -22.076988 0.334646, 65.808713 -22.084446 0.334646,
65.803945 -22.092661 0.334646, 65.798174 -22.101659 0.334646,
65.791402 -22.111434 0.334646, 65.783626 -22.121988 0.334646,
65.774841 -22.133324 0.334646, 65.765035 -22.145456 0.334646,
65.754206 -22.158384 0.334646, 65.742348 -22.172113 0.334646,
65.729456 -22.186647 0.334646, 65.715522 -22.201996 0.334646,
65.70055 -22.218153 0.334646, 65.684524 -22.235134 0.334646,
65.667443 -22.252942 0.334646, 65.6493 -22.27158 0.334646,
65.630089 -22.291055 0.334646, 65.609806 -22.311371 0.334646,
65.588445 -22.332534 0.334646, 65.566 -22.354548 0.334646,
65.542466 -22.37742 0.334646, 65.517835 -22.401155 0.334646,
65.492106 -22.425754 0.334646, 65.492106 -22.425754 0.334646,
65.46527 -22.451227 0.334646, 65.43732 -22.477578 0.334646,
65.408256 -22.504811 0.334646, 65.378069 -22.532932 0.334646,
69.588142 -22.024252 0.334646, 69.571454 -22.011531 0.334646,
69.571439 -22.01152 0.334646, 69.554809 -21.999766 0.334646,
69.554792 -21.999754 0.334646, 69.538181 -21.988933 0.334646,
69.538164 -21.988923 0.334646, 69.521532 -21.979 0.334646,
69.521514 -21.97899 0.334646, 69.504823 -21.969932 0.334646,
69.504804 -21.969922 0.334646, 69.488014 -21.961695 0.334646,
69.487994 -21.961686 0.334646, 69.471066 -21.954254 0.334646,
69.471046 -21.954245 0.334646, 69.453941 -21.947575 0.334646,
69.45392 -21.947568 0.334646, 69.436598 -21.941625 0.334646,
69.436578 -21.941619 0.334646, 69.419 -21.936369 0.334646,
69.41898 -21.936364 0.334646, 69.401106 -21.931773 0.334646,
69.401088 -21.931768 0.334646, 69.382879 -21.927802 0.334646,
69.382861 -21.927798 0.334646, 69.364279 -21.924422 0.334646,
69.364257 -21.924418 0.334646, 69.329797 -21.919692 0.334646,
69.329687 -21.919689 0.334646, 69.310891 -21.921134 0.334646,
69.310746 -21.921166 0.334646, 69.310655 -21.921211 0.334646,
69.310574 -21.921274 0.334646, 69.310507 -21.921351 0.334646,
69.304406 -21.929906 0.334646, 69.304345 -21.930018 0.334646,
69.304318 -21.930116 0.334646, 69.304309 -21.930218 0.334646,
69.304321 -21.930319 0.334646, 69.307948 -21.94692 0.334646,
69.307969 -21.946992 0.334646, 69.308014 -21.947084 0.334646,
69.31589 -21.959788 0.334646, 69.315958 -21.959875 0.334646,
69.331189 -21.975655 0.334646, 69.331228 -21.975691 0.334646,
69.352093 -21.993295 0.334646, 69.352121 -21.993317 0.334646,
69.376902 -22.011496 0.334646, 69.376927 -22.011513 0.334646,
69.403902 -22.029017 0.334646, 69.403914 -22.029024 0.334646,
69.420439 -22.039145 0.334646, 69.436849 -22.049947 0.334646,
69.453159 -22.061448 0.334646, 69.469413 -22.073686 0.334646,
69.485582 -22.086646 0.334646, 69.501731 -22.100383 0.334646,
69.517834 -22.114882 0.334646, 69.533925 -22.130176 0.334646,
69.550033 -22.146296 0.334646, 69.566151 -22.163237 0.334646,
69.582296 -22.181018 0.334646, 69.582295 -22.181018 0.334646,
69.598498 -22.199674 0.334646, 69.614774 -22.219222 0.334646,
69.631118 -22.239655 0.334646, 69.647567 -22.261017 0.334646,
69.664128 -22.283316 0.334646, 69.680819 -22.306571 0.334646,
69.697655 -22.3308 0.334646, 69.714651 -22.35602 0.334646,
69.731824 -22.38225 0.334646, 69.749189 -22.409507 0.334646,
69.766763 -22.437811 0.334646, 69.784554 -22.466876 0.334646,
69.784557 -22.466882 0.334646, 69.802041 -22.494663 0.334646,
69.802045 -22.494669 0.334646, 69.819261 -22.521194 0.334646,
69.819266 -22.5212 0.334646, 69.836252 -22.546502 0.334646,
69.836257 -22.546509 0.334646, 69.853053 -22.570617 0.334646,
69.853059 -22.570625 0.334646, 69.869704 -22.593569 0.334646,
69.86971 -22.593578 0.334646, 69.886243 -22.61539 0.334646,
69.88625 -22.615399 0.334646, 69.902709 -22.636109 0.334646,
69.902717 -22.636119 0.334646, 69.919143 -22.655757 0.334646,
69.919152 -22.655768 0.334646, 69.935582 -22.674365 0.334646,
69.935592 -22.674376 0.334646, 69.952066 -22.691963 0.334646,
69.952078 -22.691974 0.334646, 69.968635 -22.708581 0.334646,
69.968647 -22.708593 0.334646, 69.985326 -22.724251 0.334646,
69.98534 -22.724263 0.334646, 70.00218 -22.739002 0.334646,
70.002194 -22.739014 0.334646, 70.019235 -22.752865 0.334646,
70.01925 -22.752876 0.334646, 70.03653 -22.76587 0.334646,
70.036547 -22.765881 0.334646, 70.054105 -22.778047 0.334646,
70.054122 -22.778059 0.334646, 70.071997 -22.789428 0.334646,
70.072015 -22.789439 0.334646, 70.090247 -22.800042 0.334646,
70.090265 -22.800052 0.334646, 70.108892 -22.80992 0.334646,
70.10891 -22.809929 0.334646, 70.127972 -22.819092 0.334646,
70.12799 -22.8191 0.334646, 70.147525 -22.827589 0.334646,
70.147543 -22.827597 0.334646, 70.167591 -22.835442 0.334646,
70.167608 -22.835448 0.334646, 70.188207 -22.84268 0.334646,
70.188224 -22.842685 0.334646, 70.209415 -22.849335 0.334646,
70.20943 -22.849339 0.334646, 70.23125 -22.855437 0.334646,
70.231265 -22.855441 0.334646, 70.253754 -22.861016 0.334646,
70.253768 -22.861019 0.334646, 70.276964 -22.866104 0.334646,
70.276977 -22.866106 0.334646, 70.30092 -22.870731 0.334646,
70.300932 -22.870733 0.334646, 70.325661 -22.874927 0.334646,
70.325681 -22.87493 0.334646, 70.353382 -22.878537 0.334646,
70.3534 -22.878539 0.334646, 70.376631 -22.880766 0.334646,
70.376659 -22.880768 0.334646, 70.395412 -22.88158 0.334646,
70.395458 -22.88158 0.334646, 70.409725 -22.880942 0.334646,
70.409813 -22.880931 0.334646, 70.419585 -22.878809 0.334646,
70.419681 -22.878778 0.334646, 70.41977 -22.878728 0.334646,
70.42504 -22.875088 0.334646, 70.42513 -22.875008 0.334646,
70.425191 -22.874926 0.334646, 70.425235 -22.874834 0.334646,
70.425259 -22.874735 0.334646, 70.426017 -22.869541 0.334646,
70.426019 -22.869407 0.334646, 70.425997 -22.869307 0.334646,
70.425957 -22.869213 0.334646, 70.422194 -22.862431 0.334646,
70.422109 -22.862318 0.334646, 70.413818 -22.853913 0.334646,
70.413769 -22.853869 0.334646, 70.400941 -22.843807 0.334646,
70.400911 -22.843786 0.334646, 70.383538 -22.832032 0.334646,
70.383519 -22.83202 0.334646, 70.361592 -22.81854 0.334646,
70.361579 -22.818532 0.334646, 70.335089 -22.803291 0.334646,
70.33508 -22.803285 0.334646, 70.30402 -22.786248 0.334646,
70.281468 -22.773897 0.334646, 70.260032 -22.761743 0.334646,
70.260032 -22.761743 0.334646, 70.239636 -22.749706 0.334646,
70.22015 -22.737672 0.334646, 70.2015 -22.725566 0.334646,
70.183592 -22.713294 0.334646, 70.166294 -22.700742 0.334646,
70.14955 -22.687846 0.334646, 70.133219 -22.67448 0.334646,
70.117246 -22.660586 0.334646, 70.101488 -22.646031 0.334646,
70.085886 -22.630759 0.334646, 70.07032 -22.614654 0.334646,
70.054694 -22.597626 0.334646, 70.038905 -22.579574 0.334646,
70.022875 -22.560429 0.334646, 70.00648 -22.540066 0.334646,
69.989644 -22.518422 0.334646, 69.972251 -22.495375 0.334646,
69.954214 -22.470852 0.334646, 69.935432 -22.444752 0.334646,
69.915806 -22.416982 0.334646, 69.895239 -22.387449 0.334646,
69.895238 -22.387448 0.334646, 69.872275 -22.354586 0.334646,
69.872273 -22.354583 0.334646, 69.849997 -22.323237 0.334646,
69.849995 -22.323233 0.334646, 69.828367 -22.293369 0.334646,
69.828363 -22.293365 0.334646, 69.807343 -22.264947 0.334646,
69.80734 -22.264943 0.334646, 69.786889 -22.237939 0.334646,
69.786885 -22.237933 0.334646, 69.766963 -22.212308 0.334646,
69.766959 -22.212302 0.334646, 69.747528 -22.188022 0.334646,
69.747523 -22.188015 0.334646, 69.728543 -22.165045 0.334646,
69.728537 -22.165038 0.334646, 69.709969 -22.143344 0.334646,
69.709962 -22.143336 0.334646, 69.691766 -22.122883 0.334646,
69.691759 -22.122875 0.334646, 69.673897 -22.10363 0.334646,
69.673889 -22.103621 0.334646, 69.65632 -22.085548 0.334646,
69.656311 -22.085539 0.334646, 69.638996 -22.068606 0.334646,
69.638986 -22.068596 0.334646, 69.621888 -22.052767 0.334646,
69.621876 -22.052756 0.334646, 69.604954 -22.037997 0.334646,
69.604941 -22.037987 0.334646, 69.588156 -22.024263 0.334646,
65.162264 -21.488347 0.334646, 65.16204 -21.476035 0.334646,
65.162028 -21.475932 0.334646, 65.159799 -21.465863 0.334646,
65.159751 -21.465734 0.334646, 65.152959 -21.452806 0.334646,
65.152931 -21.452757 0.334646, 65.152866 -21.452679 0.334646,
65.144448 -21.444292 0.334646, 65.144357 -21.444219 0.334646,
65.144266 -21.444174 0.334646, 65.134177 -21.44033 0.334646,
65.134063 -21.440301 0.334646, 65.133961 -21.440297 0.334646,
65.122157 -21.440998 0.334646, 65.122098 -21.441005 0.334646,
65.122 -21.441032 0.334646, 65.108434 -21.446279 0.334646,
65.108342 -21.446325 0.334646, 65.092971 -21.456119 0.334646,
65.092917 -21.456158 0.334646, 65.075695 -21.470501 0.334646,
65.075663 -21.470531 0.334646, 65.056544 -21.489424 0.334646,
65.056523 -21.489446 0.334646, 65.035463 -21.512891 0.334646,
65.035449 -21.512908 0.334646, 65.012403 -21.540906 0.334646,
65.012392 -21.540919 0.334646, 64.987315 -21.573471 0.334646,
64.987304 -21.573485 0.334646, 64.968117 -21.600223 0.334646,
64.968112 -21.60023 0.334646, 64.949265 -21.627429 0.334646,
64.94926 -21.627436 0.334646, 64.93081 -21.654972 0.334646,
64.930806 -21.654979 0.334646, 64.912808 -21.68273 0.334646,
64.912804 -21.682737 0.334646, 64.895317 -21.71058 0.334646,
64.895313 -21.710586 0.334646, 64.878393 -21.738396 0.334646,
64.878389 -21.738403 0.334646, 64.862091 -21.766058 0.334646,
64.862087 -21.766065 0.334646, 64.846468 -21.793442 0.334646,
64.846465 -21.793448 0.334646, 64.831582 -21.820424 0.334646,
64.831578 -21.820431 0.334646, 64.817488 -21.846881 0.334646,
64.817484 -21.846889 0.334646, 64.804243 -21.872691 0.334646,
64.804239 -21.872698 0.334646, 64.791903 -21.897729 0.334646,
64.791899 -21.897737 0.334646, 64.780524 -21.921874 0.334646,
64.78052 -21.921883 0.334646, 64.770165 -21.945001 0.334646,
64.77016 -21.945011 0.334646, 64.760879 -21.966989 0.334646,
64.760874 -21.967001 0.334646, 64.752725 -21.987713 0.334646,
64.75272 -21.987728 0.334646, 64.745758 -22.007053 0.334646,
64.745752 -22.00707 0.334646, 64.740035 -22.024884 0.334646,
64.740029 -22.024906 0.334646, 64.735613 -22.041086 0.334646,
64.735606 -22.041115 0.334646, 64.732546 -22.055537 0.334646,
64.732539 -22.055578 0.334646, 64.730894 -22.068119 0.334646,
64.73089 -22.068178 0.334646, 64.730716 -22.078717 0.334646,
64.730722 -22.078808 0.334646, 64.732075 -22.087219 0.334646,
64.732119 -22.08736 0.334646, 64.735055 -22.09352 0.334646,
64.735121 -22.093624 0.334646, 64.735193 -22.093697 0.334646,
64.739769 -22.097483 0.334646, 64.739899 -22.097562 0.334646,
64.739996 -22.097593 0.334646, 64.746269 -22.098882 0.334646,
64.746347 -22.098892 0.334646, 64.746449 -22.098887 0.334646,
64.756359 -22.097442 0.334646, 64.756468 -22.097413 0.334646,
64.767625 -22.093184 0.334646, 64.767694 -22.093152 0.334646,
64.779993 -22.086303 0.334646, 64.780037 -22.086275 0.334646,
64.793373 -22.076966 0.334646, 64.793404 -22.076943 0.334646,
64.807671 -22.065337 0.334646, 64.807693 -22.065319 0.334646,
64.822787 -22.051579 0.334646, 64.822804 -22.051563 0.334646,
64.83862 -22.035851 0.334646, 64.838633 -22.035838 0.334646,
64.855067 -22.018316 0.334646, 64.855078 -22.018304 0.334646,
64.872024 -21.999134 0.334646, 64.872032 -21.999124 0.334646,
64.889386 -21.978468 0.334646, 64.889393 -21.978459 0.334646,
64.907049 -21.95648 0.334646, 64.907056 -21.956472 0.334646,
64.924909 -21.933331 0.334646, 64.924915 -21.933323 0.334646,
64.942862 -21.909183 0.334646, 64.942867 -21.909176 0.334646,
64.960802 -21.884199 0.334646, 64.960806 -21.884192 0.334646,
64.978624 -21.85854 0.334646, 64.978628 -21.858533 0.334646,
64.996223 -21.832368 0.334646, 64.996228 -21.832362 0.334646,
65.013496 -21.805846 0.334646, 65.0135 -21.80584 0.334646,
65.030336 -21.779136 0.334646, 65.030341 -21.77913 0.334646,
65.046641 -21.7524 0.334646, 65.046644 -21.752393 0.334646,
65.062302 -21.725798 0.334646, 65.062307 -21.725791 0.334646,
65.077219 -21.699495 0.334646, 65.077223 -21.699487 0.334646,
65.091283 -21.673652 0.334646, 65.091288 -21.673643 0.334646,
65.104392 -21.64843 0.334646, 65.104397 -21.64842 0.334646,
65.116439 -21.623992 0.334646, 65.116444 -21.62398 0.334646,
65.127321 -21.600499 0.334646, 65.127327 -21.600485 0.334646,
65.136933 -21.578113 0.334646, 65.136939 -21.578097 0.334646,
65.145169 -21.556995 0.334646, 65.145176 -21.556975 0.334646,
65.151924 -21.537307 0.334646, 65.151933 -21.537281 0.334646,
65.157096 -21.519209 0.334646, 65.157104 -21.519174 0.334646,
65.160576 -21.50286 0.334646, 65.160584 -21.502812 0.334646,
65.162261 -21.488417 0.334646, 70.260308 -21.580786 0.334646,
70.260308 -21.580786 0.334646, 70.251584 -21.547407 0.334646,
70.242503 -21.511785 0.334646, 70.242503 -21.511783 0.334646,
70.231117 -21.467809 0.334646, 70.231116 -21.467807 0.334646,
70.22076 -21.428763 0.334646, 70.220759 -21.428759 0.334646,
70.211248 -21.394205 0.334646, 70.211246 -21.394198 0.334646,
70.202392 -21.363694 0.334646, 70.202389 -21.363685 0.334646,
70.194005 -21.33679 0.334646, 70.194 -21.336777 0.334646,
70.1859 -21.313052 0.334646, 70.185893 -21.313035 0.334646,
70.177889 -21.292041 0.334646, 70.17788 -21.292019 0.334646,
70.169785 -21.273314 0.334646, 70.169773 -21.273289 0.334646,
70.1614 -21.256433 0.334646, 70.161385 -21.256406 0.334646,
70.152547 -21.24096 0.334646, 70.15253 -21.240933 0.334646,
70.14304 -21.226456 0.334646, 70.143023 -21.226431 0.334646,
70.132694 -21.212484 0.334646, 70.132678 -21.212464 0.334646,
70.121323 -21.198605 0.334646, 70.121311 -21.19859 0.334646,
70.108743 -21.184381 0.334646, 70.108698 -21.184336 0.334646,
70.090364 -21.168121 0.334646, 70.090287 -21.168065 0.334646,
70.069237 -21.155422 0.334646, 70.069163 -21.155385 0.334646,
70.046988 -21.146526 0.334646, 70.046908 -21.146502 0.334646,
70.025198 -21.14164 0.334646, 70.025102 -21.141628 0.334646,
70.005447 -21.140974 0.334646, 70.005311 -21.140988 0.334646,
69.989303 -21.144756 0.334646, 69.989188 -21.144798 0.334646,
69.989102 -21.144852 0.334646, 69.97833 -21.153255 0.334646,
69.978246 -21.153337 0.334646, 69.97819 -21.153422 0.334646,
69.978152 -21.153517 0.334646, 69.974207 -21.166765 0.334646,
69.974187 -21.166878 0.334646, 69.97419 -21.16698 0.334646,
69.97497 -21.173047 0.334646, 69.974982 -21.173107 0.334646,
69.977263 -21.182194 0.334646, 69.977271 -21.182222 0.334646,
69.980967 -21.194137 0.334646, 69.980972 -21.194153 0.334646,
69.985994 -21.208704 0.334646, 69.985998 -21.208713 0.334646,
69.992259 -21.225706 0.334646, 69.992261 -21.225714 0.334646,
69.999674 -21.244956 0.334646, 69.999676 -21.244961 0.334646,
70.008152 -21.266259 0.334646, 70.008154 -21.266264 0.334646,
70.017605 -21.289426 0.334646, 70.017607 -21.28943 0.334646,
70.027946 -21.314263 0.334646, 70.027948 -21.314266 0.334646,
70.039088 -21.340578 0.334646, 70.039089 -21.34058 0.334646,
70.050942 -21.368178 0.334646, 70.050943 -21.36818 0.334646,
70.063422 -21.396869 0.334646, 70.063422 -21.396871 0.334646,
70.076439 -21.426461 0.334646, 70.076439 -21.426462 0.334646,
70.089906 -21.456759 0.334646, 70.089907 -21.456761 0.334646,
70.103735 -21.487571 0.334646, 70.103736 -21.487572 0.334646,
70.117839 -21.518704 0.334646, 70.11784 -21.518706 0.334646,
70.13213 -21.549966 0.334646, 70.132131 -21.549967 0.334646,
70.146521 -21.581163 0.334646, 70.146522 -21.581165 0.334646,
70.160923 -21.612103 0.334646, 70.160924 -21.612105 0.334646,
70.17525 -21.642594 0.334646, 70.17525 -21.642596 0.334646,
70.189413 -21.672441 0.334646, 70.189413 -21.672443 0.334646,
70.203324 -21.701454 0.334646, 70.203326 -21.701456 0.334646,
70.216898 -21.729438 0.334646, 70.216899 -21.72944 0.334646,
70.230045 -21.756201 0.334646, 70.230046 -21.756204 0.334646,
70.242678 -21.78155 0.334646, 70.24268 -21.781553 0.334646,
70.25471 -21.805293 0.334646, 70.254712 -21.805296 0.334646,
70.266052 -21.827237 0.334646, 70.266055 -21.827241 0.334646,
70.276619 -21.847189 0.334646, 70.276622 -21.847195 0.334646,
70.286321 -21.864957 0.334646, 70.286325 -21.864965 0.334646,
70.295072 -21.88035 0.334646, 70.295078 -21.880361 0.334646,
70.302785 -21.893174 0.334646, 70.302796 -21.893191 0.334646,
70.309375 -21.903241 0.334646, 70.309386 -21.903257 0.334646,
70.327107 -21.928204 0.334646, 70.327121 -21.928223 0.334646,
70.346169 -21.952684 0.334646, 70.346182 -21.9527 0.334646,
70.366009 -21.976189 0.334646, 70.366022 -21.976204 0.334646,
70.386081 -21.998235 0.334646, 70.386094 -21.99825 0.334646,
70.405835 -22.018337 0.334646, 70.405851 -22.018352 0.334646,
70.424728 -22.03601 0.334646, 70.424748 -22.036028 0.334646,
70.442211 -22.050769 0.334646, 70.442239 -22.050791 0.334646,
70.457742 -22.06213 0.334646, 70.45779 -22.062162 0.334646,
70.470783 -22.069613 0.334646, 70.470889 -22.069659 0.334646,
70.480825 -22.072736 0.334646, 70.480918 -22.072756 0.334646,
70.48102 -22.072757 0.334646, 70.48112 -22.072739 0.334646,
70.487452 -22.070956 0.334646, 70.487528 -22.070929 0.334646,
70.487616 -22.070877 0.334646, 70.487693 -22.07081 0.334646,
70.487754 -22.070728 0.334646, 70.487799 -22.070637 0.334646,
70.487825 -22.070538 0.334646, 70.487831 -22.070436 0.334646,
70.487563 -22.063091 0.334646, 70.48755 -22.062991 0.334646,
70.487517 -22.062894 0.334646, 70.480239 -22.046824 0.334646,
70.480217 -22.04678 0.334646, 70.467093 -22.023809 0.334646,
70.467081 -22.023789 0.334646, 70.449278 -21.995743 0.334646,
70.449268 -21.995729 0.334646, 70.42795 -21.964433 0.334646,
70.427941 -21.96442 0.334646, 70.414881 -21.946415 0.334646,
70.402603 -21.928808 0.334646, 70.391043 -21.911454 0.334646,
70.38013 -21.894193 0.334646, 70.369799 -21.876876 0.334646,
70.360004 -21.859386 0.334646, 70.350657 -21.841529 0.334646,
70.34172 -21.823209 0.334646, 70.333106 -21.804231 0.334646,
70.32477 -21.784484 0.334646, 70.316647 -21.76382 0.334646,
70.308661 -21.742059 0.334646, 70.300765 -21.719097 0.334646,
70.292883 -21.694749 0.334646, 70.284961 -21.668894 0.334646,
70.276933 -21.64138 0.334646, 70.268736 -21.612058 0.334646,
64.927926 -21.018294 0.334646, 64.927415 -21.047217 0.334646,
64.927415 -21.047217 0.334646, 64.926893 -21.065828 0.334646,
64.925378 -21.086724 0.334646, 64.922954 -21.109394 0.334646,
64.919707 -21.133336 0.334646, 64.915718 -21.158068 0.334646,
64.911069 -21.183109 0.334646, 64.905841 -21.20797 0.334646,
64.900126 -21.232122 0.334646, 64.893997 -21.255119 0.334646,
64.887543 -21.276446 0.334646, 64.873331 -21.321972 0.334646,
64.87333 -21.321979 0.334646, 64.862585 -21.358216 0.334646,
64.862581 -21.358232 0.334646, 64.855221 -21.38623 0.334646,
64.855214 -21.386262 0.334646, 64.851157 -21.407071 0.334646,
64.851148 -21.407141 0.334646, 64.850311 -21.421812 0.334646,
64.850325 -21.421963 0.334646, 64.852626 -21.431545 0.334646,
64.852648 -21.431615 0.334646, 64.852694 -21.431706 0.334646,
64.852758 -21.431785 0.334646, 64.858115 -21.43733 0.334646,
64.858157 -21.437369 0.334646, 64.858243 -21.437426 0.334646,
64.858337 -21.437466 0.334646, 64.866667 -21.440022 0.334646,
64.866791 -21.440044 0.334646, 64.878011 -21.440663 0.334646,
64.878094 -21.440661 0.334646, 64.878194 -21.440641 0.334646,
64.884091 -21.438811 0.334646, 64.884222 -21.43875 0.334646,
64.892333 -21.433439 0.334646, 64.892383 -21.433402 0.334646,
64.902502 -21.424875 0.334646, 64.902528 -21.424852 0.334646,
64.91445 -21.413375 0.334646, 64.914466 -21.413359 0.334646,
64.927985 -21.399197 0.334646, 64.927996 -21.399185 0.334646,
64.942906 -21.382603 0.334646, 64.942914 -21.382594 0.334646,
64.959009 -21.363856 0.334646, 64.959015 -21.363848 0.334646,
64.976091 -21.343221 0.334646, 64.976096 -21.343215 0.334646,
64.993944 -21.320962 0.334646, 64.993949 -21.320957 0.334646,
65.012366 -21.297345 0.334646, 65.01237 -21.29734 0.334646,
65.031148 -21.272635 0.334646, 65.031152 -21.27263 0.334646,
65.050087 -21.247095 0.334646, 65.05009 -21.247091 0.334646,
65.068975 -21.220993 0.334646, 65.068978 -21.220988 0.334646,
65.087608 -21.194592 0.334646, 65.087611 -21.194586 0.334646,
65.105779 -21.168157 0.334646, 65.105783 -21.168152 0.334646,
65.123283 -21.141955 0.334646, 65.123288 -21.141949 0.334646,
65.139915 -21.11625 0.334646, 65.13992 -21.116242 0.334646,
65.155469 -21.091306 0.334646, 65.155474 -21.091297 0.334646,
65.169737 -21.067389 0.334646, 65.169742 -21.067381 0.334646,
65.217659 -20.983631 0.334646, 65.2177 -20.98354 0.334646,
65.217723 -20.98344 0.334646, 65.217726 -20.983338 0.334646,
65.21771 -20.983237 0.334646, 65.217674 -20.983142 0.334646,
65.21762 -20.983055 0.334646, 65.171795 -20.923274 0.334646,
65.154163 -20.89809 0.334646, 65.142982 -20.878543 0.334646,
65.138006 -20.861944 0.334646, 65.138957 -20.845528 0.334646,
65.145641 -20.826502 0.334646, 65.15788 -20.802147 0.334646,
65.157887 -20.802134 0.334646, 65.17107 -20.773976 0.334646,
65.171097 -20.773906 0.334646, 65.178102 -20.750849 0.334646,
65.178124 -20.750719 0.334646, 65.17888 -20.732484 0.334646,
65.178871 -20.732364 0.334646, 65.178843 -20.732266 0.334646,
65.173281 -20.718571 0.334646, 65.173254 -20.718513 0.334646,
65.173195 -20.71843 0.334646, 65.173122 -20.718359 0.334646,
65.161174 -20.708924 0.334646, 65.161094 -20.708872 0.334646,
65.161 -20.708833 0.334646, 65.142596 -20.703379 0.334646,
65.142485 -20.703358 0.334646, 65.117556 -20.701602 0.334646,
65.117441 -20.701607 0.334646, 65.098809 -20.704424 0.334646,
65.098684 -20.704459 0.334646, 65.079107 -20.712725 0.334646,
65.079019 -20.712772 0.334646, 65.058977 -20.726214 0.334646,
65.058915 -20.726263 0.334646, 65.038887 -20.744604 0.334646,
65.038843 -20.744651 0.334646, 65.01931 -20.767618 0.334646,
65.019285 -20.767649 0.334646, 65.003235 -20.78972 0.334646,
65.003222 -20.789738 0.334646, 64.98893 -20.811219 0.334646,
64.988916 -20.811241 0.334646, 64.976312 -20.832374 0.334646,
64.976297 -20.8324 0.334646, 64.965314 -20.853428 0.334646,
64.9653 -20.853457 0.334646, 64.955867 -20.874622 0.334646,
64.955854 -20.874654 0.334646, 64.947903 -20.896199 0.334646,
64.947892 -20.896232 0.334646, 64.941354 -20.918401 0.334646,
64.941345 -20.918433 0.334646, 64.936151 -20.941467 0.334646,
64.936145 -20.941498 0.334646, 64.932225 -20.96564 0.334646,
64.932221 -20.965669 0.334646, 64.929506 -20.991161 0.334646,
64.929504 -20.991186 0.334646, 64.927926 -21.018273 0.334646,
70.170777 -20.661558 0.334646, 70.157751 -20.639628 0.334646,
70.157741 -20.639611 0.334646, 70.145002 -20.619916 0.334646,
70.144989 -20.619897 0.334646, 70.132461 -20.60234 0.334646,
70.132444 -20.602317 0.334646, 70.120054 -20.586802 0.334646,
70.120032 -20.586776 0.334646, 70.107702 -20.573203 0.334646,
70.107675 -20.573176 0.334646, 70.095331 -20.561446 0.334646,
70.095298 -20.561417 0.334646, 70.082865 -20.551435 0.334646,
70.082826 -20.551407 0.334646, 70.070228 -20.543073 0.334646,
70.070183 -20.543046 0.334646, 70.057346 -20.536263 0.334646,
70.057298 -20.536241 0.334646, 70.044145 -20.530911 0.334646,
70.044096 -20.530894 0.334646, 70.030554 -20.526919 0.334646,
70.030506 -20.526907 0.334646, 70.016498 -20.524189 0.334646,
70.016454 -20.524182 0.334646, 70.001906 -20.522623 0.334646,
70.001867 -20.52262 0.334646, 69.986703 -20.522122 0.334646,
69.986644 -20.522123 0.334646, 69.961708 -20.524124 0.334646,
69.961641 -20.524133 0.334646, 69.961543 -20.524165 0.334646,
69.945581 -20.531057 0.334646, 69.945495 -20.531105 0.334646,
69.945417 -20.53117 0.334646, 69.945352 -20.53125 0.334646,
69.936871 -20.544139 0.334646, 69.936811 -20.544261 0.334646,
69.936789 -20.54436 0.334646, 69.934294 -20.564349 0.334646,
69.934296 -20.564494 0.334646, 69.936019 -20.575526 0.334646,
69.93604 -20.575611 0.334646, 69.940989 -20.590333 0.334646,
69.941006 -20.590378 0.334646, 69.948853 -20.608183 0.334646,
69.948866 -20.60821 0.334646, 69.959282 -20.628493 0.334646,
69.959293 -20.628513 0.334646, 69.971951 -20.650665 0.334646,
69.971961 -20.650682 0.334646, 69.986532 -20.674098 0.334646,
69.986541 -20.674113 0.334646, 70.002696 -20.698185 0.334646,
70.002707 -20.6982 0.334646, 70.020115 -20.722319 0.334646,
70.033143 -20.74075 0.334646, 70.047022 -20.760971 0.334646,
70.061524 -20.782599 0.334646, 70.076405 -20.805234 0.334646,
70.09144 -20.828502 0.334646, 70.106393 -20.852013 0.334646,
70.12103 -20.87538 0.334646, 70.135118 -20.898215 0.334646,
70.148426 -20.920137 0.334646, 70.148426 -20.920137 0.334646,
70.160714 -20.940748 0.334646, 70.160713 -20.940748 0.334646,
70.171757 -20.959676 0.334646, 70.171757 -20.959677 0.334646,
70.185537 -20.983154 0.334646, 70.185545 -20.983167 0.334646,
70.200814 -21.00753 0.334646, 70.200821 -21.00754 0.334646,
70.217328 -21.032494 0.334646, 70.217334 -21.032504 0.334646,
70.234829 -21.057754 0.334646, 70.234835 -21.057763 0.334646,
70.253067 -21.083014 0.334646, 70.253072 -21.083022 0.334646,
70.27179 -21.107978 0.334646, 70.271796 -21.107985 0.334646,
70.290749 -21.132352 0.334646, 70.290754 -21.132359 0.334646,
70.309692 -21.15584 0.334646, 70.309698 -21.155847 0.334646,
70.32837 -21.178146 0.334646, 70.328377 -21.178154 0.334646,
70.346531 -21.198977 0.334646, 70.346539 -21.198986 0.334646,
70.363926 -21.218036 0.334646, 70.363935 -21.218046 0.334646,
70.380304 -21.23503 0.334646, 70.380317 -21.235042 0.334646,
70.395416 -21.249662 0.334646, 70.395434 -21.249679 0.334646,
70.409013 -21.261641 0.334646, 70.409041 -21.261664 0.334646,
70.420849 -21.270671 0.334646, 70.420901 -21.270706 0.334646,
70.430687 -21.276464 0.334646, 70.430804 -21.276515 0.334646,
70.438319 -21.278728 0.334646, 70.438426 -21.278748 0.334646,
70.438528 -21.278746 0.334646, 70.438627 -21.278724 0.334646,
70.443618 -21.277096 0.334646, 70.44374 -21.277038 0.334646,
70.44382 -21.276974 0.334646, 70.443886 -21.276896 0.334646,
70.443935 -21.276807 0.334646, 70.443966 -21.27671 0.334646,
70.446343 -21.265572 0.334646, 70.446354 -21.265451 0.334646,
70.446341 -21.265349 0.334646, 70.44196 -21.245823 0.334646,
70.441933 -21.245739 0.334646, 70.431575 -21.220607 0.334646,
70.431548 -21.220552 0.334646, 70.415995 -21.192598 0.334646,
70.415987 -21.192584 0.334646, 70.40936 -21.181494 0.334646,
70.401573 -21.167407 0.334646, 70.392772 -21.150614 0.334646,
70.38312 -21.131428 0.334646, 70.372775 -21.110165 0.334646,
70.361896 -21.087134 0.334646, 70.350647 -21.062654 0.334646,
70.339179 -21.037021 0.334646, 70.327658 -21.010563 0.334646,
70.316241 -20.983586 0.334646, 70.305088 -20.956404 0.334646,
70.294358 -20.929326 0.334646, 70.294355 -20.929318 0.334646,
70.27633 -20.885974 0.334646, 70.276328 -20.88597 0.334646,
70.259191 -20.845645 0.334646, 70.259189 -20.845641 0.334646,
70.242865 -20.808237 0.334646, 70.242862 -20.808231 0.334646,
70.227276 -20.773652 0.334646, 70.227272 -20.773645 0.334646,
70.212349 -20.741791 0.334646, 70.212345 -20.741782 0.334646,
70.198008 -20.712556 0.334646, 70.198003 -20.712546 0.334646,
70.184179 -20.68585 0.334646, 70.184172 -20.685837 0.334646,
70.170785 -20.661573 0.334646, 63.735537 -16.701312 0.334646,
63.735011 -16.732262 0.334646, 63.735011 -16.732269 0.334646,
63.734897 -16.764517 0.334646, 63.734897 -16.764524 0.334646,
63.735193 -16.798091 0.334646, 63.735193 -16.798097 0.334646,
63.735893 -16.833002 0.334646, 63.735894 -16.833007 0.334646,
63.736998 -16.86927 0.334646, 63.736998 -16.869275 0.334646,
63.738502 -16.906914 0.334646, 63.738502 -16.906918 0.334646,
63.740403 -16.945953 0.334646, 63.740403 -16.945957 0.334646,
63.742698 -16.986407 0.334646, 63.742698 -16.986411 0.334646,
63.745384 -17.028296 0.334646, 63.745384 -17.0283 0.334646,
63.748458 -17.071637 0.334646, 63.749327 -17.084272 0.334646,
63.750221 -17.097936 0.334646, 63.75114 -17.112598 0.334646,
63.751139 -17.112598 0.334646, 63.75208 -17.128226 0.334646,
63.753043 -17.144792 0.334646, 63.754024 -17.162265 0.334646,
63.755024 -17.180613 0.334646, 63.756041 -17.199807 0.334646,
63.757074 -17.219817 0.334646, 63.75812 -17.240612 0.334646,
63.759179 -17.262161 0.334646, 63.760249 -17.284435 0.334646,
63.760248 -17.284435 0.334646, 63.761328 -17.307403 0.334646,
63.762415 -17.331034 0.334646, 63.76351 -17.355298 0.334646,
63.764609 -17.380166 0.334646, 63.765713 -17.405606 0.334646,
63.766819 -17.431587 0.334646, 63.767926 -17.458081 0.334646,
63.769032 -17.485055 0.334646, 63.770137 -17.512481 0.334646,
63.771238 -17.540327 0.334646, 63.772334 -17.568563 0.334646,
63.773424 -17.59716 0.334646, 63.774507 -17.626086 0.334646,
63.77558 -17.65531 0.334646, 63.776643 -17.684804 0.334646,
63.777693 -17.714535 0.334646, 63.77873 -17.744476 0.334646,
63.779753 -17.774593 0.334646, 63.780759 -17.804858 0.334646,
63.781747 -17.835239 0.334646, 63.782716 -17.865707 0.334646,
63.783664 -17.896231 0.334646, 63.78459 -17.926781 0.334646,
63.785493 -17.957327 0.334646, 63.78637 -17.987837 0.334646,
63.787221 -18.018282 0.334646, 63.787221 -18.018282 0.334646,
63.788044 -18.048631 0.334646, 63.788838 -18.078854 0.334646,
63.789601 -18.108921 0.334646, 63.790332 -18.138802 0.334646,
63.791642 -18.192112 0.334646, 63.79292 -18.243044 0.334646,
63.79292 -18.243044 0.334646, 63.794171 -18.291666 0.334646,
63.795397 -18.338047 0.334646, 63.795397 -18.338047 0.334646,
63.796605 -18.382256 0.334646, 63.796605 -18.382256 0.334646,
63.797797 -18.424361 0.334646, 63.797797 -18.424361 0.334646,
63.798979 -18.464431 0.334646, 63.798979 -18.464432 0.334646,
63.800155 -18.502536 0.334646, 63.800155 -18.502537 0.334646,
63.801328 -18.538744 0.334646, 63.801328 -18.538744 0.334646,
63.802504 -18.573123 0.334646, 63.802504 -18.573124 0.334646,
63.803687 -18.605743 0.334646, 63.803687 -18.605744 0.334646,
63.804881 -18.636671 0.334646, 63.804881 -18.636673 0.334646,
63.80609 -18.665978 0.334646, 63.80609 -18.66598 0.334646,
63.807319 -18.693732 0.334646, 63.807319 -18.693734 0.334646,
63.808572 -18.720001 0.334646, 63.808572 -18.720003 0.334646,
63.809854 -18.744855 0.334646, 63.809854 -18.744857 0.334646,
63.811169 -18.768362 0.334646, 63.811169 -18.768365 0.334646,
63.81252 -18.790591 0.334646, 63.81252 -18.790594 0.334646,
63.813913 -18.811611 0.334646, 63.813913 -18.811614 0.334646,
63.815352 -18.831491 0.334646, 63.815353 -18.831494 0.334646,
63.816842 -18.850298 0.334646, 63.816842 -18.850302 0.334646,
63.818385 -18.868103 0.334646, 63.818386 -18.868107 0.334646,
63.819988 -18.884974 0.334646, 63.819989 -18.884979 0.334646,
63.821654 -18.90098 0.334646, 63.821655 -18.900985 0.334646,
63.823388 -18.916189 0.334646, 63.823388 -18.916195 0.334646,
63.825193 -18.930671 0.334646, 63.825194 -18.930676 0.334646,
63.827075 -18.944493 0.334646, 63.827076 -18.9445 0.334646,
63.829037 -18.957726 0.334646, 63.829038 -18.957732 0.334646,
63.831085 -18.970437 0.334646, 63.831086 -18.970444 0.334646,
63.833222 -18.982695 0.334646, 63.833223 -18.982702 0.334646,
63.835452 -18.99457 0.334646, 63.835453 -18.994576 0.334646,
63.83778 -19.006128 0.334646, 63.837782 -19.006135 0.334646,
63.840211 -19.017441 0.334646, 63.840212 -19.017447 0.334646,
63.842748 -19.028574 0.334646, 63.84275 -19.02858 0.334646,
63.845397 -19.039599 0.334646, 63.845398 -19.039604 0.334646,
63.84816 -19.050582 0.334646, 63.848161 -19.050588 0.334646,
63.853889 -19.072315 0.334646, 63.853889 -19.072316 0.334646,
63.859171 -19.092265 0.334646, 63.859172 -19.092267 0.334646,
63.864124 -19.110676 0.334646, 63.864125 -19.110679 0.334646,
63.868863 -19.127787 0.334646, 63.868865 -19.127793 0.334646,
63.873506 -19.143836 0.334646, 63.873508 -19.143843 0.334646,
63.878167 -19.159061 0.334646, 63.87817 -19.159071 0.334646,
63.882964 -19.173702 0.334646, 63.882968 -19.173713 0.334646,
63.888012 -19.187994 0.334646, 63.888017 -19.188006 0.334646,
63.893428 -19.202176 0.334646, 63.893433 -19.202188 0.334646,
63.899326 -19.216484 0.334646, 63.899331 -19.216497 0.334646,
63.905824 -19.231158 0.334646, 63.90583 -19.231169 0.334646,
63.913038 -19.246433 0.334646, 63.913043 -19.246443 0.334646,
63.921082 -19.262548 0.334646, 63.921087 -19.262556 0.334646,
63.930073 -19.27974 0.334646, 63.930076 -19.279747 0.334646,
63.940126 -19.298248 0.334646, 63.94013 -19.298254 0.334646,
63.951359 -19.31831 0.334646, 63.951361 -19.318315 0.334646,
63.963886 -19.340164 0.334646, 63.963888 -19.340167 0.334646,
63.977824 -19.364048 0.334646, 63.977826 -19.36405 0.334646,
63.99329 -19.3902 0.334646, 63.993291 -19.390202 0.334646,
64.0104 -19.41886 0.334646, 64.0104 -19.418861 0.334646,
64.029269 -19.450264 0.334646, 64.029269 -19.450265 0.334646,
64.050013 -19.484652 0.334646, 64.050013 -19.484652 0.334646,
64.07275 -19.52226 0.334646, 64.097594 -19.563329 0.334646,
64.259088 -19.830506 0.334646, 64.269082 -20.071727 0.334646,
64.269082 -20.07173 0.334646, 64.27118 -20.11593 0.334646,
64.271181 -20.115933 0.334646, 64.273259 -20.154871 0.334646,
64.27326 -20.154876 0.334646, 64.275424 -20.189089 0.334646,
64.275425 -20.189097 0.334646, 64.27778 -20.21912 0.334646,
64.277781 -20.219132 0.334646, 64.280432 -20.245502 0.334646,
64.280433 -20.245518 0.334646, 64.283485 -20.268771 0.334646,
64.283488 -20.268791 0.334646, 64.287045 -20.289463 0.334646,
64.28705 -20.289488 0.334646, 64.291218 -20.308114 0.334646,
64.291225 -20.308143 0.334646, 64.296109 -20.325259 0.334646,
64.296119 -20.32529 0.334646, 64.301822 -20.341432 0.334646,
64.301833 -20.341461 0.334646, 64.308463 -20.357166 0.334646,
64.308474 -20.35719 0.334646, 64.316134 -20.372993 0.334646,
64.316144 -20.373011 0.334646, 64.32494 -20.389448 0.334646,
64.324947 -20.38946 0.334646, 64.334983 -20.407067 0.334646,
64.334985 -20.407071 0.334646, 64.351587 -20.435617 0.334646,
64.36415 -20.459328 0.334646, 64.372967 -20.479568 0.334646,
64.378322 -20.497685 0.334646, 64.38051 -20.515041 0.334646,
64.379814 -20.533012 0.334646, 64.376509 -20.552966 0.334646,
64.370869 -20.576263 0.334646, 64.365333 -20.5979 0.334646,
64.365327 -20.597928 0.334646, 64.360663 -20.621491 0.334646,
64.360659 -20.621515 0.334646, 64.356852 -20.646687 0.334646,
64.35685 -20.646707 0.334646, 64.353886 -20.673169 0.334646,
64.353885 -20.673187 0.334646, 64.35175 -20.70062 0.334646,
64.351749 -20.700636 0.334646, 64.35043 -20.728721 0.334646,
64.350429 -20.728736 0.334646, 64.349909 -20.757155 0.334646,
64.349909 -20.757169 0.334646, 64.350176 -20.785603 0.334646,
64.350176 -20.785618 0.334646, 64.351213 -20.813748 0.334646,
64.351214 -20.813762 0.334646, 64.353009 -20.841269 0.334646,
64.35301 -20.841285 0.334646, 64.355548 -20.867851 0.334646,
64.35555 -20.867868 0.334646, 64.358816 -20.893173 0.334646,
64.358819 -20.893193 0.334646, 64.362799 -20.916919 0.334646,
64.362803 -20.916942 0.334646, 64.367483 -20.938771 0.334646,
64.36749 -20.938799 0.334646, 64.372856 -20.958411 0.334646,
64.372867 -20.958448 0.334646, 64.378903 -20.975525 0.334646,
64.378907 -20.975535 0.334646, 64.386651 -20.996076 0.334646,
64.393727 -21.01886 0.334646, 64.399811 -21.042535 0.334646,
64.404568 -21.06572 0.334646, 64.407663 -21.087011 0.334646,
64.40877 -21.10507 0.334646, 64.40877 -21.105073 0.334646,
64.40963 -21.117959 0.334646, 64.409635 -21.118 0.334646,
64.412105 -21.134992 0.334646, 64.412109 -21.135015 0.334646,
64.416024 -21.155491 0.334646, 64.416027 -21.155507 0.334646,
64.421224 -21.178843 0.334646, 64.421226 -21.178854 0.334646,
64.427539 -21.204428 0.334646, 64.427541 -21.204437 0.334646,
64.434806 -21.231624 0.334646, 64.434808 -21.231632 0.334646,
64.442859 -21.259809 0.334646, 64.442861 -21.259817 0.334646,
64.451535 -21.288361 0.334646, 64.451538 -21.288369 0.334646,
64.460669 -21.316654 0.334646, 64.471241 -21.350053 0.334646,
64.480317 -21.381154 0.334646, 64.48788 -21.41002 0.334646,
64.493905 -21.436686 0.334646, 64.49839 -21.46128 0.334646,
64.50131 -21.483817 0.334646, 64.502652 -21.504379 0.334646,
64.502403 -21.523036 0.334646, 64.500546 -21.539853 0.334646,
64.498818 -21.548534 0.334646, 64.495895 -21.560292 0.334646,
64.491847 -21.574917 0.334646, 64.486741 -21.592217 0.334646,
64.480656 -21.61196 0.334646, 64.473655 -21.633961 0.334646,
64.465811 -21.658007 0.334646, 64.457195 -21.683895 0.334646,
64.447877 -21.71142 0.334646, 64.437928 -21.740379 0.334646,
64.427417 -21.770565 0.334646, 64.427417 -21.770565 0.334646,
64.416414 -21.801778 0.334646, 64.416415 -21.801778 0.334646,
64.404993 -21.833807 0.334646, 64.404993 -21.833807 0.334646,
64.39322 -21.866454 0.334646, 64.381168 -21.899509 0.334646,
64.368906 -21.932774 0.334646, 64.350394 -21.982806 0.334646,
64.350393 -21.982808 0.334646, 64.333588 -22.028746 0.334646,
64.333587 -22.028749 0.334646, 64.318458 -22.070787 0.334646,
64.318457 -22.070791 0.334646, 64.304976 -22.109124 0.334646,
64.304974 -22.109129 0.334646, 64.293111 -22.14395 0.334646,
64.293108 -22.143957 0.334646, 64.282832 -22.17546 0.334646,
64.28283 -22.175469 0.334646, 64.274112 -22.203848 0.334646,
64.274109 -22.203859 0.334646, 64.26692 -22.229308 0.334646,
64.266917 -22.229323 0.334646, 64.261227 -22.252035 0.334646,
64.261222 -22.252055 0.334646, 64.257002 -22.272224 0.334646,
64.256998 -22.272251 0.334646, 64.254217 -22.290071 0.334646,
64.254213 -22.290106 0.334646, 64.252843 -22.305772 0.334646,
64.252841 -22.305818 0.334646, 64.252852 -22.319522 0.334646,
64.252855 -22.319581 0.334646, 64.254217 -22.331517 0.334646,
64.25423 -22.331589 0.334646, 64.256912 -22.341952 0.334646,
64.25694 -22.342032 0.334646, 64.260915 -22.351016 0.334646,
64.260959 -22.351096 0.334646, 64.266196 -22.358893 0.334646,
64.26625 -22.358961 0.334646, 64.272719 -22.365767 0.334646,
64.272776 -22.365818 0.334646, 64.280448 -22.371825 0.334646,
64.280497 -22.371859 0.334646, 64.289342 -22.377262 0.334646,
64.289381 -22.377283 0.334646, 64.29937 -22.382275 0.334646,
64.299376 -22.382278 0.334646, 64.318187 -22.391388 0.334646,
64.332031 -22.400551 0.334646, 64.340904 -22.410432 0.334646,
64.344845 -22.421719 0.334646, 64.343859 -22.435196 0.334646,
64.337854 -22.451608 0.334646, 64.326765 -22.471622 0.334646,
64.310552 -22.495909 0.334646, 64.289182 -22.525148 0.334646,
64.28918 -22.525151 0.334646, 64.268919 -22.553329 0.334646,
64.268905 -22.553348 0.334646, 64.253242 -22.577389 0.334646,
64.253219 -22.577428 0.334646, 64.242021 -22.598365 0.334646,
64.241991 -22.598433 0.334646, 64.235128 -22.6173 0.334646,
64.235102 -22.617401 0.334646, 64.23244 -22.635231 0.334646,
64.232436 -22.635348 0.334646, 64.233844 -22.653174 0.334646,
64.233862 -22.653275 0.334646, 64.239208 -22.672129 0.334646,
64.239232 -22.672195 0.334646, 64.248383 -22.693111 0.334646,
64.248401 -22.693148 0.334646, 64.261226 -22.717159 0.334646,
64.261233 -22.717172 0.334646, 64.27286 -22.737524 0.334646,
64.280141 -22.753804 0.334646, 64.282689 -22.76809 0.334646,
64.280133 -22.782548 0.334646, 64.272017 -22.799341 0.334646,
64.25788 -22.82056 0.334646, 64.237313 -22.848265 0.334646,
64.229556 -22.857852 0.334646, 64.220236 -22.86868 0.334646,
64.209463 -22.880641 0.334646, 64.197313 -22.893669 0.334646,
64.197313 -22.893668 0.334646, 64.183855 -22.907698 0.334646,
64.169178 -22.922651 0.334646, 64.153361 -22.938452 0.334646,
64.136487 -22.955028 0.334646, 64.118634 -22.972306 0.334646,
64.099883 -22.990213 0.334646, 64.08032 -23.008671 0.334646,
64.060019 -23.027613 0.334646, 64.039067 -23.046958 0.334646,
64.017539 -23.066638 0.334646, 63.995516 -23.08658 0.334646,
63.973085 -23.106704 0.334646, 63.95032 -23.126943 0.334646,
63.927305 -23.14722 0.334646, 63.90412 -23.167463 0.334646,
63.880845 -23.187598 0.334646, 63.857563 -23.207551 0.334646,
63.834352 -23.227249 0.334646, 63.811294 -23.246618 0.334646,
63.788468 -23.265586 0.334646, 63.788468 -23.265587 0.334646,
63.765961 -23.284075 0.334646, 63.743846 -23.302015 0.334646,
63.722206 -23.319335 0.334646, 63.701127 -23.335953 0.334646,
63.68068 -23.351806 0.334646, 63.660959 -23.366808 0.334646,
63.648095 -23.376372 0.334646, 63.633552 -23.386747 0.334646,
63.61743 -23.39788 0.334646, 63.599881 -23.409676 0.334646,
63.581017 -23.422076 0.334646, 63.560978 -23.434994 0.334646,
63.539894 -23.448357 0.334646, 63.517887 -23.462092 0.334646,
63.49509 -23.476122 0.334646, 63.471629 -23.490375 0.334646,
63.447641 -23.50477 0.334646, 63.423245 -23.519238 0.334646,
63.398581 -23.533697 0.334646, 63.373769 -23.548078 0.334646,
63.34894 -23.562304 0.334646, 63.324229 -23.576297 0.334646,
63.299757 -23.589986 0.334646, 63.275661 -23.603292 0.334646,
63.252062 -23.616144 0.334646, 63.252062 -23.616144 0.334646,
63.21628 -23.635378 0.334646, 63.216278 -23.635379 0.334646,
63.181743 -23.654119 0.334646, 63.181741 -23.65412 0.334646,
63.148426 -23.672388 0.334646, 63.148424 -23.672389 0.334646,
63.116299 -23.690205 0.334646, 63.116296 -23.690206 0.334646,
63.085331 -23.707594 0.334646, 63.085328 -23.707596 0.334646,
63.055492 -23.724577 0.334646, 63.055489 -23.724579 0.334646,
63.026751 -23.741176 0.334646, 63.026748 -23.741178 0.334646,
62.99908 -23.757415 0.334646, 62.999076 -23.757417 0.334646,
62.972447 -23.773314 0.334646, 62.972443 -23.773316 0.334646,
62.946822 -23.788896 0.334646, 62.946819 -23.788898 0.334646,
62.922176 -23.804184 0.334646, 62.922172 -23.804186 0.334646,
62.898478 -23.8192 0.334646, 62.898473 -23.819203 0.334646,
62.875697 -23.833967 0.334646, 62.875692 -23.83397 0.334646,
62.853804 -23.848506 0.334646, 62.853799 -23.848509 0.334646,
62.832769 -23.86284 0.334646, 62.832764 -23.862843 0.334646,
62.812561 -23.876991 0.334646, 62.812556 -23.876996 0.334646,
62.793151 -23.890983 0.334646, 62.793145 -23.890987 0.334646,
62.774507 -23.904837 0.334646, 62.774501 -23.904841 0.334646,
62.756601 -23.918574 0.334646, 62.756594 -23.91858 0.334646,
62.739401 -23.93222 0.334646, 62.739394 -23.932225 0.334646,
62.722878 -23.945794 0.334646, 62.72287 -23.9458 0.334646,
62.707001 -23.959319 0.334646, 62.706994 -23.959326 0.334646,
62.691741 -23.972819 0.334646, 62.691733 -23.972825 0.334646,
62.677067 -23.986314 0.334646, 62.677059 -23.986321 0.334646,
62.662949 -23.999828 0.334646, 62.662941 -23.999836 0.334646,
62.649357 -24.013383 0.334646, 62.649349 -24.013391 0.334646,
62.636261 -24.027001 0.334646, 62.636254 -24.027009 0.334646,
62.623631 -24.040705 0.334646, 62.623624 -24.040713 0.334646,
62.611437 -24.054516 0.334646, 62.61143 -24.054524 0.334646,
62.599648 -24.068457 0.334646, 62.599641 -24.068465 0.334646,
62.588235 -24.08255 0.334646, 62.588228 -24.082559 0.334646,
62.577167 -24.096818 0.334646, 62.577161 -24.096826 0.334646,
62.566415 -24.111282 0.334646, 62.566409 -24.111291 0.334646,
62.555948 -24.125965 0.334646, 62.555942 -24.125974 0.334646,
62.545735 -24.14089 0.334646, 62.545725 -24.140906 0.334646,
62.529991 -24.16577 0.334646, 62.529975 -24.165797 0.334646,
62.51732 -24.18869 0.334646, 62.517304 -24.188722 0.334646,
62.507591 -24.209562 0.334646, 62.507575 -24.209602 0.334646,
62.500669 -24.228307 0.334646, 62.500654 -24.228358 0.334646,
62.496419 -24.244846 0.334646, 62.496406 -24.244913 0.334646,
62.494706 -24.259102 0.334646, 62.494704 -24.259194 0.334646,
62.495402 -24.271002 0.334646, 62.495426 -24.271128 0.334646,
62.498388 -24.280472 0.334646, 62.498415 -24.280539 0.334646,
62.498467 -24.280626 0.334646, 62.503556 -24.287424 0.334646,
62.503626 -24.287501 0.334646, 62.503708 -24.287561 0.334646,
62.510787 -24.291731 0.334646, 62.510869 -24.29177 0.334646,
62.510968 -24.291796 0.334646, 62.519902 -24.293257 0.334646,
62.52005 -24.293259 0.334646, 62.530702 -24.291928 0.334646,
62.530807 -24.291903 0.334646, 62.543041 -24.287698 0.334646,
62.543114 -24.287667 0.334646, 62.556795 -24.280504 0.334646,
62.556846 -24.280474 0.334646, 62.571838 -24.270274 0.334646,
62.571876 -24.270245 0.334646, 62.588042 -24.256924 0.334646,
62.588071 -24.256898 0.334646, 62.605276 -24.240375 0.334646,
62.605299 -24.240351 0.334646, 62.623406 -24.220543 0.334646,
62.623426 -24.22052 0.334646, 62.642298 -24.197346 0.334646,
62.642302 -24.197342 0.334646, 62.652419 -24.184629 0.334646,
62.663089 -24.171807 0.334646, 62.674309 -24.158888 0.334646,
62.686085 -24.145863 0.334646, 62.698441 -24.132712 0.334646,
62.711383 -24.119429 0.334646, 62.7249 -24.106026 0.334646,
62.7249 -24.106027 0.334646, 62.73902 -24.09248 0.334646,
62.753752 -24.078783 0.334646, 62.769084 -24.064945 0.334646,
62.785043 -24.050945 0.334646, 62.801632 -24.036781 0.334646,
62.818858 -24.022447 0.334646, 62.83673 -24.007937 0.334646,
62.85526 -23.99324 0.334646, 62.874443 -23.978361 0.334646,
62.894306 -23.963279 0.334646, 62.914838 -23.948001 0.334646,
62.936065 -23.932509 0.334646, 62.95798 -23.916808 0.334646,
62.9806 -23.900882 0.334646, 63.003935 -23.884727 0.334646,
63.027983 -23.868342 0.334646, 63.052765 -23.851712 0.334646,
63.078278 -23.834839 0.334646, 63.104539 -23.817709 0.334646,
63.131546 -23.800323 0.334646, 63.131547 -23.800324 0.334646,
63.15932 -23.782669 0.334646, 63.15932 -23.782668 0.334646,
63.187857 -23.764743 0.334646, 63.217176 -23.746537 0.334646,
63.247274 -23.728047 0.334646, 63.278168 -23.709265 0.334646,
63.309863 -23.690184 0.334646, 63.34237 -23.670798 0.334646,
63.34237 -23.670798 0.334646, 63.37847 -23.649221 0.334646,
63.378471 -23.64922 0.334646, 63.413945 -23.627899 0.334646,
63.413946 -23.627898 0.334646, 63.448796 -23.606829 0.334646,
63.448797 -23.606828 0.334646, 63.483028 -23.586009 0.334646,
63.483029 -23.586008 0.334646, 63.516643 -23.565437 0.334646,
63.516644 -23.565436 0.334646, 63.549643 -23.54511 0.334646,
63.549644 -23.545109 0.334646, 63.582032 -23.525025 0.334646,
63.582033 -23.525024 0.334646, 63.613813 -23.505181 0.334646,
63.613814 -23.50518 0.334646, 63.644989 -23.485573 0.334646,
63.644991 -23.485572 0.334646, 63.675563 -23.4662 0.334646,
63.675565 -23.466199 0.334646, 63.705539 -23.447059 0.334646,
63.705541 -23.447058 0.334646, 63.734919 -23.428148 0.334646,
63.73492 -23.428148 0.334646, 63.763705 -23.409465 0.334646,
63.763707 -23.409463 0.334646, 63.791902 -23.391005 0.334646,
63.791904 -23.391004 0.334646, 63.819512 -23.372767 0.334646,
63.819514 -23.372766 0.334646, 63.846538 -23.354749 0.334646,
63.84654 -23.354748 0.334646, 63.872984 -23.336948 0.334646,
63.872986 -23.336946 0.334646, 63.898852 -23.31936 0.334646,
63.898854 -23.319359 0.334646, 63.924145 -23.301984 0.334646,
63.924148 -23.301983 0.334646, 63.948867 -23.284818 0.334646,
63.948869 -23.284817 0.334646, 63.97302 -23.267858 0.334646,
63.973022 -23.267856 0.334646, 63.996608 -23.251102 0.334646,
63.99661 -23.2511 0.334646, 64.019633 -23.234547 0.334646,
64.019636 -23.234545 0.334646, 64.042099 -23.218191 0.334646,
64.042102 -23.218189 0.334646, 64.064009 -23.202031 0.334646,
64.064011 -23.202029 0.334646, 64.085365 -23.186065 0.334646,
64.085367 -23.186063 0.334646, 64.10617 -23.17029 0.334646,
64.106174 -23.170288 0.334646, 64.126429 -23.154704 0.334646,
64.126432 -23.154701 0.334646, 64.146143 -23.139303 0.334646,
64.146146 -23.1393 0.334646, 64.165316 -23.124086 0.334646,
64.16532 -23.124083 0.334646, 64.183951 -23.10905 0.334646,
64.183954 -23.109047 0.334646, 64.202051 -23.094192 0.334646,
64.202054 -23.094189 0.334646, 64.219619 -23.079509 0.334646,
64.219622 -23.079506 0.334646, 64.236657 -23.065 0.334646,
64.236661 -23.064997 0.334646, 64.25317 -23.050661 0.334646,
64.253174 -23.050658 0.334646, 64.269159 -23.036491 0.334646,
64.269163 -23.036487 0.334646, 64.284629 -23.022485 0.334646,
64.284633 -23.022481 0.334646, 64.299582 -23.008643 0.334646,
64.299586 -23.008638 0.334646, 64.314021 -22.99496 0.334646,
64.314026 -22.994956 0.334646, 64.327949 -22.981435 0.334646,
64.327954 -22.981431 0.334646, 64.341369 -22.968066 0.334646,
64.341374 -22.968061 0.334646, 64.354285 -22.954849 0.334646,
64.35429 -22.954843 0.334646, 64.366699 -22.941781 0.334646,
64.366704 -22.941776 0.334646, 64.378614 -22.928861 0.334646,
64.378619 -22.928855 0.334646, 64.390033 -22.916086 0.334646,
64.390039 -22.916079 0.334646, 64.400961 -22.903452 0.334646,
64.400966 -22.903446 0.334646, 64.411398 -22.890959 0.334646,
64.411404 -22.890952 0.334646, 64.421348 -22.878602 0.334646,
64.421355 -22.878594 0.334646, 64.430816 -22.86638 0.334646,
64.430822 -22.866372 0.334646, 64.439803 -22.854289 0.334646,
64.439809 -22.854281 0.334646, 64.448312 -22.842328 0.334646,
64.448319 -22.842319 0.334646, 64.456347 -22.830493 0.334646,
64.456354 -22.830483 0.334646, 64.463911 -22.818783 0.334646,
64.463917 -22.818772 0.334646, 64.471006 -22.807193 0.334646,
64.471012 -22.807182 0.334646, 64.477635 -22.795722 0.334646,
64.477642 -22.79571 0.334646, 64.483803 -22.784368 0.334646,
64.483809 -22.784355 0.334646, 64.48951 -22.773127 0.334646,
64.489517 -22.773114 0.334646, 64.494762 -22.761997 0.334646,
64.494768 -22.761983 0.334646, 64.499559 -22.750976 0.334646,
64.49957 -22.75095 0.334646, 64.508728 -22.726522 0.334646,
64.508743 -22.726473 0.334646, 64.514238 -22.705751 0.334646,
64.514253 -22.705667 0.334646, 64.516085 -22.686716 0.334646,
64.516085 -22.686617 0.334646, 64.514253 -22.6675 0.334646,
64.514239 -22.667419 0.334646, 64.508744 -22.646203 0.334646,
64.50873 -22.646156 0.334646, 64.499572 -22.620903 0.334646,
64.499564 -22.620883 0.334646, 64.491998 -22.60243 0.334646,
64.486739 -22.586163 0.334646, 64.484009 -22.570835 0.334646,
64.484022 -22.555172 0.334646, 64.487014 -22.537902 0.334646,
64.493222 -22.517775 0.334646, 64.502889 -22.493534 0.334646,
64.516238 -22.463951 0.334646, 64.53351 -22.427763 0.334646,
64.533515 -22.427754 0.334646, 64.55197 -22.386994 0.334646,
64.551975 -22.386983 0.334646, 64.56564 -22.354847 0.334646,
64.565651 -22.35482 0.334646, 64.574782 -22.32965 0.334646,
64.574798 -22.329596 0.334646, 64.579653 -22.309733 0.334646,
64.579667 -22.309636 0.334646, 64.580503 -22.293419 0.334646,
64.580493 -22.293288 0.334646, 64.577569 -22.27906 0.334646,
64.577531 -22.278946 0.334646, 64.571104 -22.265048 0.334646,
64.57107 -22.264987 0.334646, 64.561396 -22.249759 0.334646,
64.561377 -22.249731 0.334646, 64.546516 -22.229414 0.334646,
64.546456 -22.229346 0.334646, 64.527659 -22.211265 0.334646,
64.527603 -22.211218 0.334646, 64.507692 -22.196867 0.334646,
64.507621 -22.196824 0.334646, 64.489419 -22.187698 0.334646,
64.489354 -22.18767 0.334646, 64.479863 -22.184427 0.334646,
64.472019 -22.181091 0.334646, 64.465973 -22.177038 0.334646,
64.461811 -22.171626 0.334646, 64.459611 -22.164149 0.334646,
64.45953 -22.153879 0.334646, 64.46174 -22.140161 0.334646,
64.466396 -22.122351 0.334646, 64.473643 -22.099794 0.334646,
64.483607 -22.071872 0.334646, 64.496442 -22.037894 0.334646,
64.512281 -21.997217 0.334646, 64.51228 -21.997217 0.334646,
64.531261 -21.94919 0.334646, 64.531261 -21.94919 0.334646,
64.553524 -21.893147 0.334646, 64.553526 -21.893144 0.334646,
64.566292 -21.860306 0.334646, 64.566294 -21.8603 0.334646,
64.578052 -21.828853 0.334646, 64.578054 -21.828846 0.334646,
64.588811 -21.798711 0.334646, 64.588814 -21.798702 0.334646,
64.598578 -21.769802 0.334646, 64.598581 -21.769793 0.334646,
64.607363 -21.742047 0.334646, 64.607366 -21.742036 0.334646,
64.615173 -21.715367 0.334646, 64.615176 -21.715355 0.334646,
64.622018 -21.689684 0.334646, 64.622022 -21.68967 0.334646,
64.627907 -21.664919 0.334646, 64.62791 -21.664904 0.334646,
64.632848 -21.640993 0.334646, 64.632851 -21.640976 0.334646,
64.636849 -21.617826 0.334646, 64.636852 -21.617808 0.334646,
64.63992 -21.595342 0.334646, 64.639922 -21.595322 0.334646,
64.64207 -21.573461 0.334646, 64.642071 -21.57344 0.334646,
64.643306 -21.552105 0.334646, 64.643307 -21.552083 0.334646,
64.643638 -21.531195 0.334646, 64.643638 -21.531173 0.334646,
64.643074 -21.510654 0.334646, 64.643073 -21.510631 0.334646,
64.641624 -21.490402 0.334646, 64.641621 -21.490379 0.334646,
64.639294 -21.470361 0.334646, 64.639291 -21.470339 0.334646,
64.636097 -21.450454 0.334646, 64.636093 -21.450432 0.334646,
64.632039 -21.430601 0.334646, 64.632034 -21.430581 0.334646,
64.627129 -21.410726 0.334646, 64.627124 -21.410706 0.334646,
64.621378 -21.390748 0.334646, 64.621372 -21.39073 0.334646,
64.614793 -21.37059 0.334646, 64.614787 -21.370574 0.334646,
64.607384 -21.350174 0.334646, 64.607382 -21.350168 0.334646,
64.601654 -21.334903 0.334646, 64.596421 -21.320282 0.334646,
64.591658 -21.306044 0.334646, 64.587344 -21.29194 0.334646,
64.583451 -21.2777 0.334646, 64.579953 -21.263055 0.334646,
64.576835 -21.247783 0.334646, 64.574067 -21.231594 0.334646,
64.571628 -21.214251 0.334646, 64.569493 -21.195467 0.334646,
64.56764 -21.175017 0.334646, 64.566046 -21.152633 0.334646,
64.564687 -21.128057 0.334646, 64.563541 -21.101031 0.334646,
64.562583 -21.071304 0.334646, 64.562584 -21.071304 0.334646,
64.561792 -21.038606 0.334646, 64.561142 -21.002692 0.334646,
64.560611 -20.963301 0.334646, 64.560176 -20.920178 0.334646,
64.559813 -20.873063 0.334646, 64.559498 -20.821702 0.334646,
64.559149 -20.767467 0.334646, 64.559149 -20.767465 0.334646,
64.558713 -20.71797 0.334646, 64.558713 -20.717969 0.334646,
64.558171 -20.672946 0.334646, 64.558171 -20.672944 0.334646,
64.557505 -20.632127 0.334646, 64.557505 -20.632124 0.334646,
64.556695 -20.595246 0.334646, 64.556695 -20.595242 0.334646,
64.555722 -20.562035 0.334646, 64.555722 -20.562031 0.334646,
64.554568 -20.532228 0.334646, 64.554567 -20.532222 0.334646,
64.553212 -20.505557 0.334646, 64.553211 -20.50555 0.334646,
64.551636 -20.481755 0.334646, 64.551635 -20.481745 0.334646,
64.549821 -20.460554 0.334646, 64.54982 -20.460541 0.334646,
64.547748 -20.441686 0.334646, 64.547746 -20.441671 0.334646,
64.545397 -20.424885 0.334646, 64.545394 -20.424867 0.334646,
64.542749 -20.409882 0.334646, 64.542745 -20.409861 0.334646,
64.539785 -20.396412 0.334646, 64.539779 -20.396388 0.334646,
64.536484 -20.384207 0.334646, 64.536477 -20.384181 0.334646,
64.532829 -20.373001 0.334646, 64.53282 -20.372976 0.334646,
64.5288 -20.362529 0.334646, 64.528791 -20.362505 0.334646,
64.52438 -20.352525 0.334646, 64.52437 -20.352506 0.334646,
64.519549 -20.342725 0.334646, 64.519546 -20.342719 0.334646,
64.511654 -20.327251 0.334646, 64.504684 -20.310584 0.334646,
64.498599 -20.292467 0.334646, 64.49336 -20.272635 0.334646,
64.48893 -20.25083 0.334646, 64.485278 -20.226817 0.334646,
64.482367 -20.200332 0.334646, 64.480161 -20.171126 0.334646,
64.478627 -20.138968 0.334646, 64.478627 -20.138968 0.334646,
64.477728 -20.103567 0.334646, 64.477087 -20.079027 0.334646,
64.477087 -20.079018 0.334646, 64.476034 -20.055017 0.334646,
64.476033 -20.055007 0.334646, 64.474548 -20.031492 0.334646,
64.474547 -20.031481 0.334646, 64.472611 -20.008399 0.334646,
64.47261 -20.008388 0.334646, 64.470204 -19.985685 0.334646,
64.470202 -19.985673 0.334646, 64.467308 -19.963298 0.334646,
64.467306 -19.963285 0.334646, 64.463904 -19.941184 0.334646,
64.463902 -19.941171 0.334646, 64.459974 -19.91929 0.334646,
64.459972 -19.919277 0.334646, 64.455499 -19.897565 0.334646,
64.455496 -19.897552 0.334646, 64.450459 -19.875954 0.334646,
64.450456 -19.875941 0.334646, 64.444836 -19.854406 0.334646,
64.444832 -19.854393 0.334646, 64.438611 -19.832867 0.334646,
64.438607 -19.832854 0.334646, 64.431766 -19.811285 0.334646,
64.431762 -19.811272 0.334646, 64.424281 -19.789606 0.334646,
64.424277 -19.789594 0.334646, 64.416139 -19.767779 0.334646,
64.416134 -19.767767 0.334646, 64.407319 -19.745749 0.334646,
64.407314 -19.745738 0.334646, 64.397804 -19.723465 0.334646,
64.397799 -19.723454 0.334646, 64.387573 -19.700873 0.334646,
64.387569 -19.700863 0.334646, 64.37661 -19.677921 0.334646,
64.376606 -19.677912 0.334646, 64.364895 -19.654555 0.334646,
64.364891 -19.654546 0.334646, 64.352409 -19.630722 0.334646,
64.352405 -19.630715 0.334646, 64.339133 -19.606371 0.334646,
64.339129 -19.606364 0.334646, 64.325049 -19.581447 0.334646,
64.325045 -19.581441 0.334646, 64.310137 -19.555898 0.334646,
64.310134 -19.555892 0.334646, 64.29438 -19.52967 0.334646,
64.294377 -19.529665 0.334646, 64.277757 -19.502712 0.334646,
64.277755 -19.502707 0.334646, 64.260252 -19.474969 0.334646,
64.249117 -19.457184 0.334646, 64.238293 -19.439878 0.334646,
64.238293 -19.439879 0.334646, 64.227777 -19.423026 0.334646,
64.227778 -19.423026 0.334646, 64.217562 -19.406595 0.334646,
64.217562 -19.406595 0.334646, 64.207643 -19.390558 0.334646,
64.198014 -19.374885 0.334646, 64.188669 -19.359548 0.334646,
64.179603 -19.344517 0.334646, 64.170811 -19.329761 0.334646,
64.162285 -19.315253 0.334646, 64.154022 -19.300963 0.334646,
64.146014 -19.286861 0.334646, 64.138257 -19.272919 0.334646,
64.130748 -19.259111 0.334646, 64.123473 -19.245395 0.334646,
64.116434 -19.231755 0.334646, 64.109623 -19.218157 0.334646,
64.109622 -19.218157 0.334646, 64.103037 -19.204579 0.334646,
64.096661 -19.190971 0.334646, 64.090502 -19.17733 0.334646,
64.084543 -19.163601 0.334646, 64.078785 -19.149774 0.334646,
64.073222 -19.135813 0.334646, 64.06785 -19.121697 0.334646,
64.062654 -19.107373 0.334646, 64.057638 -19.092834 0.334646,
64.052793 -19.078045 0.334646, 64.048113 -19.062975 0.334646,
64.043595 -19.047603 0.334646, 64.039227 -19.031876 0.334646,
64.03501 -19.015789 0.334646, 64.030937 -18.999311 0.334646,
64.030937 -18.999311 0.334646, 64.026998 -18.982391 0.334646,
64.026998 -18.982391 0.334646, 64.023194 -18.965028 0.334646,
64.019512 -18.947167 0.334646, 64.015952 -18.928797 0.334646,
64.012507 -18.909883 0.334646, 64.009171 -18.890395 0.334646,
64.005938 -18.870304 0.334646, 64.002803 -18.84958 0.334646,
63.999759 -18.828196 0.334646, 63.996803 -18.806123 0.334646,
63.996803 -18.806123 0.334646, 63.993926 -18.783323 0.334646,
63.991126 -18.759778 0.334646, 63.988394 -18.735454 0.334646,
63.985726 -18.710321 0.334646, 63.985726 -18.710321 0.334646,
63.983116 -18.684352 0.334646, 63.980559 -18.657516 0.334646,
63.978049 -18.629784 0.334646, 63.97558 -18.601129 0.334646,
63.973146 -18.571515 0.334646, 63.970743 -18.54092 0.334646,
63.968363 -18.509314 0.334646, 63.968364 -18.509314 0.334646,
63.966003 -18.476662 0.334646, 63.963655 -18.442939 0.334646,
63.961315 -18.408117 0.334646, 63.958976 -18.372164 0.334646,
63.956633 -18.335052 0.334646, 63.956634 -18.335052 0.334646,
63.954281 -18.29675 0.334646, 63.951914 -18.257231 0.334646,
63.949526 -18.216465 0.334646, 63.947111 -18.174422 0.334646,
63.944663 -18.131074 0.334646, 63.942178 -18.086391 0.334646,
63.93965 -18.040342 0.334646, 63.937072 -17.9929 0.334646,
63.934439 -17.944035 0.334646, 63.931746 -17.893719 0.334646,
63.928987 -17.84192 0.334646, 63.926156 -17.78861 0.334646,
63.923248 -17.733761 0.334646, 63.920202 -17.676883 0.334646,
63.917291 -17.621853 0.334646, 63.914516 -17.568634 0.334646,
63.911876 -17.517192 0.334646, 63.909372 -17.467491 0.334646,
63.907006 -17.419498 0.334646, 63.904776 -17.373176 0.334646,
63.904777 -17.373176 0.334646, 63.902685 -17.328489 0.334646,
63.900733 -17.285405 0.334646, 63.89892 -17.243887 0.334646,
63.897246 -17.2039 0.334646, 63.895713 -17.165409 0.334646,
63.894321 -17.12838 0.334646, 63.89307 -17.092778 0.334646,
63.891962 -17.058565 0.334646, 63.890996 -17.025712 0.334646,
63.890996 -17.025712 0.334646, 63.890174 -16.994176 0.334646,
63.889495 -16.963927 0.334646, 63.888961 -16.93493 0.334646,
63.888572 -16.907148 0.334646, 63.888328 -16.880548 0.334646,
63.888231 -16.855096 0.334646, 63.88828 -16.830753 0.334646,
63.888477 -16.807485 0.334646, 63.888821 -16.785259 0.334646,
63.889315 -16.764034 0.334646, 63.889314 -16.764034 0.334646,
63.889956 -16.743789 0.334646, 63.890748 -16.724475 0.334646,
63.891689 -16.706062 0.334646, 63.892782 -16.688515 0.334646,
63.894026 -16.671798 0.334646, 63.895421 -16.655878 0.334646,
63.896969 -16.640718 0.334646, 63.89867 -16.626284 0.334646,
63.900525 -16.612541 0.334646, 63.902533 -16.599453 0.334646,
63.904696 -16.586985 0.334646, 63.907014 -16.575104 0.334646,
63.909487 -16.563773 0.334646, 63.91212 -16.552945 0.334646,
63.91212 -16.552945 0.334646, 63.914904 -16.542622 0.334646,
63.917852 -16.532718 0.334646, 63.920949 -16.523251 0.334646,
63.924209 -16.514145 0.334646, 63.927634 -16.505365 0.334646,
63.927634 -16.505365 0.334646, 63.931208 -16.496917 0.334646,
63.934954 -16.488711 0.334646, 63.938848 -16.480765 0.334646,
63.942916 -16.472993 0.334646, 63.947132 -16.465412 0.334646,
63.960188 -16.444787 0.334646, 63.97388 -16.428441 0.334646,
63.988878 -16.415969 0.334646, 64.005859 -16.406969 0.334646,
64.025507 -16.401055 0.334646, 64.048509 -16.397849 0.334646,
64.06187 -16.397 0.334646, 64.0754 -16.397596 0.334646,
64.089526 -16.399838 0.334646, 64.104674 -16.403926 0.334646,
64.121281 -16.410069 0.334646, 64.139745 -16.418459 0.334646,
64.160521 -16.429316 0.334646, 64.184007 -16.442828 0.334646,
64.21062 -16.459195 0.334646, 64.240783 -16.478616 0.334646,
64.27493 -16.501302 0.334646, 64.313477 -16.527449 0.334646,
64.332269 -16.540417 0.334646, 64.350861 -16.553506 0.334646,
64.350861 -16.553506 0.334646, 64.369248 -16.566715 0.334646,
64.38745 -16.580063 0.334646, 64.405473 -16.593559 0.334646,
64.423326 -16.607211 0.334646, 64.441024 -16.621034 0.334646,
64.458563 -16.635028 0.334646, 64.475965 -16.649214 0.334646,
64.475965 -16.649214 0.334646, 64.493239 -16.663602 0.334646,
64.510387 -16.678196 0.334646, 64.527417 -16.693005 0.334646,
64.544348 -16.708048 0.334646, 64.561185 -16.723331 0.334646,
64.577939 -16.738865 0.334646, 64.59462 -16.754664 0.334646,
64.611228 -16.770726 0.334646, 64.627784 -16.787075 0.334646,
64.644293 -16.803715 0.334646, 64.660764 -16.820659 0.334646,
64.677211 -16.837919 0.334646, 64.693633 -16.855494 0.334646,
64.710048 -16.873408 0.334646, 64.726468 -16.89167 0.334646,
64.742891 -16.910278 0.334646, 64.759336 -16.929256 0.334646,
64.775809 -16.948609 0.334646, 64.792324 -16.968351 0.334646,
64.808881 -16.988483 0.334646, 64.825497 -17.009024 0.334646,
64.84218 -17.029983 0.334646, 64.858938 -17.051369 0.334646,
64.875781 -17.073193 0.334646, 64.892719 -17.095465 0.334646,
64.909761 -17.118195 0.334646, 64.926917 -17.141394 0.334646,
64.944198 -17.165076 0.334646, 64.944198 -17.165076 0.334646,
64.961607 -17.189242 0.334646, 64.979159 -17.21391 0.334646,
64.996863 -17.239089 0.334646, 65.014727 -17.26479 0.334646,
65.032761 -17.291021 0.334646, 65.050975 -17.317794 0.334646,
65.069378 -17.345119 0.334646, 65.095628 -17.384494 0.334646,
65.095629 -17.384495 0.334646, 65.120744 -17.421972 0.334646,
65.120744 -17.421973 0.334646, 65.14477 -17.457609 0.334646,
65.144771 -17.45761 0.334646, 65.167756 -17.491462 0.334646,
65.167757 -17.491464 0.334646, 65.189747 -17.523589 0.334646,
65.189749 -17.523591 0.334646, 65.210793 -17.554046 0.334646,
65.210794 -17.554049 0.334646, 65.23094 -17.582891 0.334646,
65.230942 -17.582894 0.334646, 65.250235 -17.610181 0.334646,
65.250237 -17.610183 0.334646, 65.268727 -17.635972 0.334646,
65.26873 -17.635975 0.334646, 65.286463 -17.660322 0.334646,
65.286465 -17.660325 0.334646, 65.303489 -17.683287 0.334646,
65.303493 -17.683291 0.334646, 65.319855 -17.704926 0.334646,
65.319858 -17.70493 0.334646, 65.335607 -17.725294 0.334646,
65.335611 -17.7253 0.334646, 65.350792 -17.74445 0.334646,
65.350796 -17.744456 0.334646, 65.365459 -17.76245 0.334646,
65.365464 -17.762456 0.334646, 65.379654 -17.779351 0.334646,
65.37966 -17.779357 0.334646, 65.393426 -17.79521 0.334646,
65.393432 -17.795217 0.334646, 65.406822 -17.810085 0.334646,
65.406829 -17.810093 0.334646, 65.419889 -17.824032 0.334646,
65.419896 -17.82404 0.334646, 65.432674 -17.837108 0.334646,
65.432682 -17.837116 0.334646, 65.445225 -17.84937 0.334646,
65.445235 -17.849379 0.334646, 65.457591 -17.860876 0.334646,
65.4576 -17.860885 0.334646, 65.469817 -17.871681 0.334646,
65.469828 -17.871691 0.334646, 65.481952 -17.881844 0.334646,
65.481963 -17.881854 0.334646, 65.494042 -17.891421 0.334646,
65.494053 -17.89143 0.334646, 65.506135 -17.900469 0.334646,
65.506147 -17.900478 0.334646, 65.51828 -17.909044 0.334646,
65.518291 -17.909052 0.334646, 65.530521 -17.917205 0.334646,
65.530533 -17.917212 0.334646, 65.542908 -17.925006 0.334646,
65.542919 -17.925013 0.334646, 65.555486 -17.932507 0.334646,
65.555496 -17.932513 0.334646, 65.568304 -17.939763 0.334646,
65.568313 -17.939768 0.334646, 65.591398 -17.952258 0.334646,
65.591409 -17.952264 0.334646, 65.612259 -17.9629 0.334646,
65.612277 -17.962909 0.334646, 65.631562 -17.971828 0.334646,
65.631587 -17.971839 0.334646, 65.649981 -17.97918 0.334646,
65.650013 -17.979191 0.334646, 65.668186 -17.985091 0.334646,
65.668222 -17.985101 0.334646, 65.686848 -17.989698 0.334646,
65.686883 -17.989705 0.334646, 65.706633 -17.993136 0.334646,
65.706664 -17.993141 0.334646, 65.72821 -17.995545 0.334646,
65.728235 -17.995547 0.334646, 65.752249 -17.997061 0.334646,
65.752267 -17.997061 0.334646, 65.779421 -17.997823 0.334646,
65.779433 -17.997824 0.334646, 65.8104 -17.997971 0.334646,
65.810407 -17.997971 0.334646, 65.845857 -17.997643 0.334646,
65.845863 -17.997643 0.334646, 65.870161 -17.99716 0.334646,
65.870169 -17.99716 0.334646, 65.893243 -17.996375 0.334646,
65.893252 -17.996375 0.334646, 65.91537 -17.995234 0.334646,
65.915381 -17.995233 0.334646, 65.936811 -17.993683 0.334646,
65.936824 -17.993682 0.334646, 65.957834 -17.99167 0.334646,
65.957847 -17.991668 0.334646, 65.978705 -17.989139 0.334646,
65.978718 -17.989137 0.334646, 65.999692 -17.986037 0.334646,
65.999706 -17.986035 0.334646, 66.021064 -17.982312 0.334646,
66.021076 -17.98231 0.334646, 66.043087 -17.977909 0.334646,
66.043098 -17.977907 0.334646, 66.066029 -17.972776 0.334646,
66.066039 -17.972774 0.334646, 66.090157 -17.966859 0.334646,
66.090167 -17.966856 0.334646, 66.115741 -17.960103 0.334646,
66.115749 -17.960101 0.334646, 66.143048 -17.952457 0.334646,
66.143054 -17.952456 0.334646, 66.172345 -17.943866 0.334646,
66.17235 -17.943865 0.334646, 66.203902 -17.934276 0.334646,
66.203906 -17.934275 0.334646, 66.237985 -17.923635 0.334646,
66.237989 -17.923635 0.334646, 66.274865 -17.911889 0.334646,
66.274867 -17.911888 0.334646, 66.312183 -17.899848 0.334646,
66.312183 -17.899848 0.334646, 66.347977 -17.888446 0.334646,
66.347977 -17.888446 0.334646, 66.382316 -17.877672 0.334646,
66.415278 -17.867512 0.334646, 66.446937 -17.857952 0.334646,
66.477357 -17.848984 0.334646, 66.506624 -17.840591 0.334646,
66.534799 -17.832764 0.334646, 66.561959 -17.825488 0.334646,
66.588172 -17.818754 0.334646, 66.61352 -17.812546 0.334646,
66.638071 -17.806854 0.334646, 66.661902 -17.801662 0.334646,
66.685082 -17.796961 0.334646, 66.685082 -17.796961 0.334646,
66.707672 -17.792739 0.334646, 66.729764 -17.788982 0.334646,
66.751432 -17.785676 0.334646, 66.772726 -17.782812 0.334646,
66.793734 -17.780376 0.334646, 66.81454 -17.778354 0.334646,
66.835188 -17.776737 0.334646, 66.855785 -17.775509 0.334646,
66.876367 -17.77466 0.334646, 66.897046 -17.774177 0.334646,
66.917859 -17.774047 0.334646, 66.938898 -17.774258 0.334646,
66.960243 -17.774798 0.334646, 66.981949 -17.775655 0.334646,
67.004096 -17.776815 0.334646, 67.026757 -17.778267 0.334646,
67.026757 -17.778267 0.334646, 67.063659 -17.780576 0.334646,
67.063664 -17.780577 0.334646, 67.096132 -17.78232 0.334646,
67.09614 -17.782321 0.334646, 67.124812 -17.783419 0.334646,
67.124825 -17.78342 0.334646, 67.150338 -17.783794 0.334646,
67.150356 -17.783794 0.334646, 67.173347 -17.783367 0.334646,
67.17337 -17.783366 0.334646, 67.194476 -17.782057 0.334646,
67.194503 -17.782055 0.334646, 67.214362 -17.779788 0.334646,
67.214391 -17.779784 0.334646, 67.23364 -17.776478 0.334646,
67.233668 -17.776472 0.334646, 67.252943 -17.77205 0.334646,
67.252968 -17.772044 0.334646, 67.272906 -17.766427 0.334646,
67.272925 -17.766421 0.334646, 67.294164 -17.75953 0.334646,
67.294178 -17.759526 0.334646, 67.317354 -17.751283 0.334646,
67.317363 -17.751279 0.334646, 67.343114 -17.741605 0.334646,
67.343119 -17.741604 0.334646, 67.372082 -17.73042 0.334646,
67.372082 -17.73042 0.334646, 67.40388 -17.718103 0.334646,
67.40388 -17.718102 0.334646, 67.432924 -17.70732 0.334646,
67.459589 -17.698052 0.334646, 67.484209 -17.690292 0.334646,
67.507117 -17.68403 0.334646, 67.528688 -17.679247 0.334646,
67.549246 -17.675939 0.334646, 67.569147 -17.674088 0.334646,
67.588752 -17.673683 0.334646, 67.608393 -17.674713 0.334646,
67.628429 -17.677167 0.334646, 67.649216 -17.681035 0.334646,
67.671082 -17.686304 0.334646, 67.694393 -17.692967 0.334646,
67.719497 -17.701013 0.334646, 67.746724 -17.710426 0.334646,
67.746731 -17.710429 0.334646, 67.76787 -17.717368 0.334646,
67.76789 -17.717374 0.334646, 67.790433 -17.723785 0.334646,
67.79045 -17.723789 0.334646, 67.81412 -17.729623 0.334646,
67.814137 -17.729627 0.334646, 67.838657 -17.734837 0.334646,
67.838673 -17.73484 0.334646, 67.863768 -17.739379 0.334646,
67.863783 -17.739381 0.334646, 67.889174 -17.743202 0.334646,
67.88919 -17.743204 0.334646, 67.914601 -17.746258 0.334646,
67.914617 -17.74626 0.334646, 67.939772 -17.7485 0.334646,
67.939789 -17.748501 0.334646, 67.964409 -17.74988 0.334646,
67.964428 -17.749881 0.334646, 67.988238 -17.750351 0.334646,
67.988239 -17.750351 0.334646, 68.010825 -17.750758 0.334646,
68.035155 -17.751929 0.334646, 68.060736 -17.753794 0.334646,
68.087068 -17.756282 0.334646, 68.113596 -17.759318 0.334646,
68.139834 -17.762833 0.334646, 68.165266 -17.766755 0.334646,
68.189344 -17.771008 0.334646, 68.211593 -17.775527 0.334646,
68.231462 -17.780233 0.334646, 68.231466 -17.780234 0.334646,
68.244008 -17.783106 0.334646, 68.244022 -17.783109 0.334646,
68.258993 -17.786087 0.334646, 68.259003 -17.786089 0.334646,
68.276222 -17.789153 0.334646, 68.27623 -17.789154 0.334646,
68.295515 -17.792285 0.334646, 68.295522 -17.792285 0.334646,
68.316695 -17.795463 0.334646, 68.3167 -17.795464 0.334646,
68.339581 -17.798669 0.334646, 68.339585 -17.79867 0.334646,
68.363994 -17.801883 0.334646, 68.363998 -17.801883 0.334646,
68.389754 -17.805085 0.334646, 68.389757 -17.805085 0.334646,
68.416679 -17.808256 0.334646, 68.416682 -17.808256 0.334646,
68.444592 -17.811375 0.334646, 68.444594 -17.811376 0.334646,
68.473311 -17.814424 0.334646, 68.473314 -17.814424 0.334646,
68.502657 -17.817383 0.334646, 68.502659 -17.817383 0.334646,
68.532449 -17.820233 0.334646, 68.532452 -17.820233 0.334646,
68.562508 -17.822953 0.334646, 68.562511 -17.822953 0.334646,
68.592653 -17.825524 0.334646, 68.592656 -17.825524 0.334646,
68.622704 -17.827927 0.334646, 68.622706 -17.827927 0.334646,
68.652481 -17.830141 0.334646, 68.652484 -17.830142 0.334646,
68.689904 -17.83267 0.334646, 68.726234 -17.835302 0.334646,
68.726234 -17.835302 0.334646, 68.761491 -17.83804 0.334646,
68.795691 -17.840887 0.334646, 68.795691 -17.840888 0.334646,
68.828866 -17.843849 0.334646, 68.861026 -17.846926 0.334646,
68.892187 -17.850123 0.334646, 68.92238 -17.853444 0.334646,
68.951619 -17.856892 0.334646, 68.979928 -17.86047 0.334646,
69.007319 -17.864182 0.334646, 69.03381 -17.86803 0.334646,
69.059431 -17.872019 0.334646, 69.084203 -17.876152 0.334646,
69.108134 -17.880431 0.334646, 69.131242 -17.884861 0.334646,
69.153568 -17.889446 0.334646, 69.175102 -17.894187 0.334646,
69.195896 -17.899091 0.334646, 69.215944 -17.904157 0.334646,
69.235266 -17.909389 0.334646, 69.253909 -17.914796 0.334646,
69.271859 -17.920373 0.334646, 69.289157 -17.92613 0.334646,
69.30581 -17.932065 0.334646, 69.321854 -17.938189 0.334646,
69.337302 -17.944502 0.334646, 69.352157 -17.951 0.334646,
69.366459 -17.957695 0.334646, 69.403565 -17.975682 0.334646,
69.403574 -17.975686 0.334646, 69.435897 -17.990521 0.334646,
69.435913 -17.990528 0.334646, 69.464109 -18.002328 0.334646,
69.464134 -18.002338 0.334646, 69.488858 -18.01122 0.334646,
69.488895 -18.011232 0.334646, 69.510804 -18.017315 0.334646,
69.510856 -18.017326 0.334646, 69.530606 -18.020726 0.334646,
69.53067 -18.020733 0.334646, 69.548918 -18.021567 0.334646,
69.548989 -18.021565 0.334646, 69.56639 -18.019952 0.334646,
69.566458 -18.019942 0.334646, 69.583667 -18.015998 0.334646,
69.583722 -18.015981 0.334646, 69.601396 -18.009824 0.334646,
69.601434 -18.009809 0.334646, 69.620229 -18.001557 0.334646,
69.620283 -18.001529 0.334646, 69.62539 -17.998527 0.334646,
69.625425 -17.998504 0.334646, 69.632077 -17.993836 0.334646,
69.632096 -17.993822 0.334646, 69.640232 -17.987547 0.334646,
69.640244 -17.987537 0.334646, 69.649802 -17.979713 0.334646,
69.64981 -17.979706 0.334646, 69.660728 -17.97039 0.334646,
69.660734 -17.970385 0.334646, 69.67295 -17.959636 0.334646,
69.672955 -17.959632 0.334646, 69.686407 -17.947509 0.334646,
69.686411 -17.947505 0.334646, 69.701037 -17.934065 0.334646,
69.70104 -17.934063 0.334646, 69.716778 -17.919365 0.334646,
69.716781 -17.919363 0.334646, 69.733569 -17.903465 0.334646,
69.733572 -17.903463 0.334646, 69.751348 -17.886424 0.334646,
69.75135 -17.886422 0.334646, 69.770052 -17.868299 0.334646,
69.770054 -17.868298 0.334646, 69.78962 -17.84915 0.334646,
69.789622 -17.849148 0.334646, 69.80999 -17.829034 0.334646,
69.809991 -17.829032 0.334646, 69.8311 -17.808009 0.334646,
69.831101 -17.808008 0.334646, 69.852887 -17.786134 0.334646,
69.852889 -17.786133 0.334646, 69.875291 -17.763467 0.334646,
69.875292 -17.763466 0.334646, 69.898248 -17.740067 0.334646,
69.89825 -17.740065 0.334646, 69.921698 -17.71599 0.334646,
69.921699 -17.715989 0.334646, 69.945577 -17.691296 0.334646,
69.945578 -17.691294 0.334646, 69.969824 -17.666042 0.334646,
69.969826 -17.666041 0.334646, 69.994378 -17.640288 0.334646,
69.994379 -17.640287 0.334646, 70.019176 -17.614091 0.334646,
70.019177 -17.61409 0.334646, 70.044155 -17.58751 0.334646,
70.044156 -17.587508 0.334646, 70.069252 -17.560605 0.334646,
70.100719 -17.527319 0.334646, 70.131804 -17.494591 0.334646,
70.162506 -17.46242 0.334646, 70.192824 -17.430809 0.334646,
70.222756 -17.399759 0.334646, 70.2523 -17.36927 0.334646,
70.281454 -17.339345 0.334646, 70.310217 -17.309985 0.334646,
70.338587 -17.28119 0.334646, 70.366563 -17.252962 0.334646,
70.394143 -17.225303 0.334646, 70.421325 -17.198213 0.334646,
70.448108 -17.171694 0.334646, 70.474491 -17.145746 0.334646,
70.500468 -17.120374 0.334646, 70.500469 -17.120374 0.334646,
70.526044 -17.095574 0.334646, 70.551212 -17.071353 0.334646,
70.551212 -17.071354 0.334646, 70.575974 -17.047709 0.334646,
70.600328 -17.024641 0.334646, 70.624267 -17.002155 0.334646,
70.647798 -16.980248 0.334646, 70.67091 -16.958927 0.334646,
70.693611 -16.938185 0.334646, 70.715891 -16.918033 0.334646,
70.737754 -16.898465 0.334646, 70.759195 -16.879484 0.334646,
70.780214 -16.861093 0.334646, 70.80081 -16.843291 0.334646,
70.82098 -16.826081 0.334646, 70.840722 -16.809463 0.334646,
70.860035 -16.79344 0.334646, 70.878921 -16.778009 0.334646,
70.897368 -16.76318 0.334646, 70.915385 -16.748945 0.334646,
70.932966 -16.735311 0.334646, 70.950109 -16.722276 0.334646,
70.966814 -16.709844 0.334646, 70.983078 -16.698014 0.334646,
70.9989 -16.686789 0.334646, 71.014283 -16.676165 0.334646,
71.029216 -16.666151 0.334646, 71.043694 -16.656751 0.334646,
71.057737 -16.64795 0.334646, 71.071314 -16.63977 0.334646,
71.084446 -16.632198 0.334646, 71.097133 -16.625233 0.334646,
71.109356 -16.618888 0.334646, 71.121113 -16.613162 0.334646,
71.13241 -16.608053 0.334646, 71.143262 -16.603555 0.334646,
71.153633 -16.599683 0.334646, 71.163554 -16.596428 0.334646,
71.172991 -16.593798 0.334646, 71.181966 -16.591789 0.334646,
71.190472 -16.590403 0.334646, 71.198495 -16.589642 0.334646,
71.206047 -16.589506 0.334646, 71.213117 -16.589993 0.334646,
71.219711 -16.591104 0.334646, 71.225823 -16.592839 0.334646,
71.231452 -16.595196 0.334646, 71.236607 -16.59818 0.334646,
71.24128 -16.601787 0.334646, 71.245481 -16.606028 0.334646,
71.249204 -16.6109 0.334646, 71.252449 -16.616409 0.334646,
71.255218 -16.622568 0.334646, 71.257501 -16.629362 0.334646,
71.259301 -16.636812 0.334646, 71.26047 -16.643103 0.334646,
71.2616 -16.65047 0.334646, 71.262685 -16.658865 0.334646,
71.263731 -16.668294 0.334646, 71.264735 -16.678729 0.334646,
71.265696 -16.69013 0.334646, 71.266616 -16.702493 0.334646,
71.267495 -16.71579 0.334646, 71.268334 -16.73 0.334646,
71.269132 -16.745101 0.334646, 71.269131 -16.745101 0.334646,
71.269889 -16.76107 0.334646, 71.270606 -16.777888 0.334646,
71.271283 -16.795531 0.334646, 71.27192 -16.813978 0.334646,
71.272519 -16.833207 0.334646, 71.273077 -16.853198 0.334646,
71.273077 -16.853198 0.334646, 71.273597 -16.873927 0.334646,
71.274078 -16.895374 0.334646, 71.27452 -16.917516 0.334646,
71.274925 -16.940333 0.334646, 71.275292 -16.963802 0.334646,
71.27562 -16.987902 0.334646, 71.275912 -17.012611 0.334646,
71.276166 -17.037908 0.334646, 71.276383 -17.063771 0.334646,
71.276564 -17.090178 0.334646, 71.276708 -17.117107 0.334646,
71.276816 -17.144538 0.334646, 71.276888 -17.172449 0.334646,
71.276924 -17.200817 0.334646, 71.276926 -17.22962 0.334646,
71.276891 -17.258839 0.334646, 71.276822 -17.28845 0.334646,
71.276719 -17.318433 0.334646, 71.27658 -17.348765 0.334646,
71.276408 -17.379425 0.334646, 71.276202 -17.410391 0.334646,
71.275962 -17.441643 0.334646, 71.275688 -17.473156 0.334646,
71.275382 -17.504911 0.334646, 71.275043 -17.536887 0.334646,
71.27467 -17.56906 0.334646, 71.274266 -17.601409 0.334646,
71.27383 -17.633914 0.334646, 71.273361 -17.666552 0.334646,
71.272861 -17.699302 0.334646, 71.27233 -17.732141 0.334646,
71.271767 -17.765048 0.334646, 71.271174 -17.798002 0.334646,
71.27055 -17.830982 0.334646, 71.269895 -17.863965 0.334646,
71.269211 -17.896929 0.334646, 71.268496 -17.929854 0.334646,
71.267752 -17.962717 0.334646, 71.266979 -17.995496 0.334646,
71.266176 -18.028171 0.334646, 71.265344 -18.06072 0.334646,
71.264485 -18.093121 0.334646, 71.264485 -18.093121 0.334646,
71.263597 -18.125352 0.334646, 71.26268 -18.157392 0.334646,
71.261736 -18.189218 0.334646, 71.260764 -18.22081 0.334646,
71.259765 -18.252146 0.334646, 71.258739 -18.283204 0.334646,
71.257685 -18.313963 0.334646, 71.256606 -18.3444 0.334646,
71.255499 -18.374494 0.334646, 71.254367 -18.404225 0.334646,
71.253209 -18.433569 0.334646, 71.252026 -18.462505 0.334646,
71.250817 -18.491012 0.334646, 71.249583 -18.519069 0.334646,
71.248324 -18.546652 0.334646, 71.247041 -18.573742 0.334646,
71.247041 -18.573742 0.334646, 71.245733 -18.600315 0.334646,
71.244401 -18.626351 0.334646, 71.243046 -18.651827 0.334646,
71.241667 -18.676723 0.334646, 71.240264 -18.701017 0.334646,
71.238839 -18.724687 0.334646, 71.238839 -18.724687 0.334646,
71.237391 -18.747709 0.334646, 71.23592 -18.770066 0.334646,
71.234427 -18.791733 0.334646, 71.232911 -18.812692 0.334646,
71.232912 -18.812692 0.334646, 71.231375 -18.832916 0.334646,
71.231374 -18.832918 0.334646, 71.228778 -18.868894 0.334646,
71.228778 -18.868894 0.334646, 71.226309 -18.901628 0.334646,
71.226308 -18.901628 0.334646, 71.223885 -18.931448 0.334646,
71.221429 -18.958674 0.334646, 71.218857 -18.98363 0.334646,
71.21609 -19.00665 0.334646, 71.213048 -19.028037 0.334646,
71.209654 -19.048108 0.334646, 71.20582 -19.067215 0.334646,
71.201465 -19.085687 0.334646, 71.196519 -19.103806 0.334646,
71.190894 -19.121917 0.334646, 71.184506 -19.140365 0.334646,
71.17728 -19.159443 0.334646, 71.169126 -19.179502 0.334646,
71.159979 -19.200833 0.334646, 71.149744 -19.223785 0.334646,
71.138345 -19.248673 0.334646, 71.125703 -19.275819 0.334646,
71.111735 -19.305546 0.334646, 71.111733 -19.30555 0.334646,
71.095489 -19.340889 0.334646, 71.095487 -19.340892 0.334646,
71.079892 -19.375414 0.334646, 71.079891 -19.375417 0.334646,
71.064942 -19.409139 0.334646, 71.064941 -19.409143 0.334646,
71.050634 -19.442081 0.334646, 71.050632 -19.442085 0.334646,
71.036965 -19.474256 0.334646, 71.036963 -19.47426 0.334646,
71.023932 -19.505683 0.334646, 71.02393 -19.505687 0.334646,
71.011531 -19.536377 0.334646, 71.01153 -19.536382 0.334646,
70.99976 -19.566356 0.334646, 70.999758 -19.566361 0.334646,
70.988614 -19.595638 0.334646, 70.988611 -19.595643 0.334646,
70.978089 -19.624237 0.334646, 70.978087 -19.624243 0.334646,
70.968183 -19.652173 0.334646, 70.968181 -19.65218 0.334646,
70.958893 -19.679462 0.334646, 70.958891 -19.679468 0.334646,
70.950215 -19.706119 0.334646, 70.950212 -19.706126 0.334646,
70.942144 -19.732164 0.334646, 70.942142 -19.732172 0.334646,
70.934679 -19.757613 0.334646, 70.934677 -19.757621 0.334646,
70.927816 -19.782481 0.334646, 70.927813 -19.78249 0.334646,
70.92155 -19.806789 0.334646, 70.921548 -19.806798 0.334646,
70.915879 -19.83055 0.334646, 70.915877 -19.830559 0.334646,
70.9108 -19.853782 0.334646, 70.910798 -19.853793 0.334646,
70.906308 -19.876504 0.334646, 70.906306 -19.876515 0.334646,
70.902401 -19.89873 0.334646, 70.902399 -19.898742 0.334646,
70.899076 -19.92048 0.334646, 70.899074 -19.920492 0.334646,
70.896328 -19.941769 0.334646, 70.896326 -19.941781 0.334646,
70.894154 -19.962613 0.334646, 70.894153 -19.962626 0.334646,
70.892552 -19.983031 0.334646, 70.892551 -19.983046 0.334646,
70.891517 -20.00304 0.334646, 70.891516 -20.003054 0.334646,
70.891046 -20.022656 0.334646, 70.891046 -20.022671 0.334646,
70.891137 -20.041896 0.334646, 70.891137 -20.041911 0.334646,
70.891785 -20.060776 0.334646, 70.891785 -20.060793 0.334646,
70.892986 -20.079316 0.334646, 70.892987 -20.079332 0.334646,
70.894739 -20.097529 0.334646, 70.894741 -20.097546 0.334646,
70.897039 -20.115434 0.334646, 70.897041 -20.115451 0.334646,
70.899883 -20.133048 0.334646, 70.899886 -20.133065 0.334646,
70.903268 -20.150387 0.334646, 70.903271 -20.150404 0.334646,
70.907189 -20.167469 0.334646, 70.907193 -20.167485 0.334646,
70.911644 -20.184309 0.334646, 70.911649 -20.184325 0.334646,
70.91663 -20.200925 0.334646, 70.916635 -20.200941 0.334646,
70.922142 -20.217335 0.334646, 70.922147 -20.21735 0.334646,
70.928177 -20.233554 0.334646, 70.928181 -20.233566 0.334646,
70.967989 -20.333031 0.334646, 70.896328 -20.470422 0.334646,
70.896327 -20.470426 0.334646, 70.880216 -20.501828 0.334646,
70.880208 -20.501843 0.334646, 70.866163 -20.531509 0.334646,
70.866155 -20.531527 0.334646, 70.854168 -20.55958 0.334646,
70.854159 -20.559602 0.334646, 70.844224 -20.586166 0.334646,
70.844214 -20.586193 0.334646, 70.836324 -20.611391 0.334646,
70.836315 -20.611423 0.334646, 70.830463 -20.635381 0.334646,
70.830455 -20.635419 0.334646, 70.826633 -20.658261 0.334646,
70.826628 -20.658304 0.334646, 70.824831 -20.680153 0.334646,
70.824829 -20.680201 0.334646, 70.825049 -20.701181 0.334646,
70.825052 -20.701233 0.334646, 70.827283 -20.721469 0.334646,
70.827292 -20.721522 0.334646, 70.831526 -20.741137 0.334646,
70.83154 -20.741189 0.334646, 70.837772 -20.760308 0.334646,
70.83779 -20.760356 0.334646, 70.846011 -20.779103 0.334646,
70.846032 -20.779146 0.334646, 70.856237 -20.797644 0.334646,
70.856258 -20.797681 0.334646, 70.868439 -20.816056 0.334646,
70.868443 -20.816061 0.334646, 70.877904 -20.829959 0.334646,
70.886097 -20.843474 0.334646, 70.893039 -20.857004 0.334646,
70.898739 -20.87094 0.334646, 70.903203 -20.885661 0.334646,
70.906439 -20.901562 0.334646, 70.908454 -20.919035 0.334646,
70.909251 -20.938468 0.334646, 70.908835 -20.960248 0.334646,
70.907213 -20.984751 0.334646, 70.904388 -21.012366 0.334646,
70.900365 -21.043489 0.334646, 70.895151 -21.078496 0.334646,
70.888752 -21.117772 0.334646, 70.881174 -21.161706 0.334646,
70.881174 -21.161706 0.334646, 70.872423 -21.210676 0.334646,
70.872423 -21.210678 0.334646, 70.865813 -21.248372 0.334646,
70.865812 -21.248378 0.334646, 70.859831 -21.284628 0.334646,
70.85983 -21.284633 0.334646, 70.854477 -21.319454 0.334646,
70.854476 -21.319461 0.334646, 70.849752 -21.352865 0.334646,
70.849752 -21.352872 0.334646, 70.845657 -21.384874 0.334646,
70.845656 -21.384881 0.334646, 70.842191 -21.415494 0.334646,
70.84219 -21.415503 0.334646, 70.839355 -21.444741 0.334646,
70.839354 -21.444751 0.334646, 70.837148 -21.472629 0.334646,
70.837148 -21.472639 0.334646, 70.835572 -21.49917 0.334646,
70.835571 -21.499181 0.334646, 70.834626 -21.524379 0.334646,
70.834625 -21.524392 0.334646, 70.83431 -21.548271 0.334646,
70.83431 -21.548285 0.334646, 70.834625 -21.570858 0.334646,
70.834625 -21.570874 0.334646, 70.835571 -21.592156 0.334646,
70.835572 -21.592174 0.334646, 70.837148 -21.612178 0.334646,
70.83715 -21.612198 0.334646, 70.839358 -21.630938 0.334646,
70.839361 -21.63096 0.334646, 70.8422 -21.64845 0.334646,
70.842205 -21.648476 0.334646, 70.845675 -21.66473 0.334646,
70.845682 -21.664758 0.334646, 70.849783 -21.67979 0.334646,
70.849793 -21.679822 0.334646, 70.854525 -21.69364 0.334646,
70.859168 -21.707628 0.334646, 70.862497 -21.72323 0.334646,
70.864538 -21.740792 0.334646, 70.865304 -21.760626 0.334646,
70.864811 -21.783056 0.334646, 70.863073 -21.808378 0.334646,
70.860106 -21.836904 0.334646, 70.855924 -21.86897 0.334646,
70.850546 -21.904854 0.334646, 70.846813 -21.92867 0.334646,
70.846811 -21.928679 0.334646, 70.843607 -21.951626 0.334646,
70.843606 -21.951636 0.334646, 70.840928 -21.973964 0.334646,
70.840927 -21.973975 0.334646, 70.838772 -21.99593 0.334646,
70.838771 -21.995942 0.334646, 70.837135 -22.017774 0.334646,
70.837134 -22.017786 0.334646, 70.836014 -22.039741 0.334646,
70.836013 -22.039754 0.334646, 70.835406 -22.062081 0.334646,
70.835406 -22.062093 0.334646, 70.835306 -22.085041 0.334646,
70.835306 -22.085052 0.334646, 70.835713 -22.108869 0.334646,
70.835713 -22.108878 0.334646, 70.836621 -22.133811 0.334646,
70.836621 -22.13382 0.334646, 70.838027 -22.160118 0.334646,
70.838028 -22.160126 0.334646, 70.839928 -22.188037 0.334646,
70.839928 -22.188043 0.334646, 70.84232 -22.217815 0.334646,
70.84232 -22.21782 0.334646, 70.8452 -22.249701 0.334646,
70.8452 -22.249705 0.334646, 70.848563 -22.283944 0.334646,
70.848564 -22.283946 0.334646, 70.851537 -22.312709 0.334646,
70.85417 -22.339345 0.334646, 70.85417 -22.339345 0.334646,
70.856446 -22.36413 0.334646, 70.856446 -22.36413 0.334646,
70.858353 -22.387361 0.334646, 70.859876 -22.409322 0.334646,
70.861002 -22.4303 0.334646, 70.861717 -22.450582 0.334646,
70.862006 -22.470456 0.334646, 70.861856 -22.490221 0.334646,
70.861252 -22.510128 0.334646, 70.86018 -22.530511 0.334646,
70.858628 -22.551616 0.334646, 70.856579 -22.573759 0.334646,
70.85402 -22.597216 0.334646, 70.850937 -22.622277 0.334646,
70.847317 -22.649226 0.334646, 70.847317 -22.649226 0.334646,
70.843143 -22.678356 0.334646, 70.843144 -22.678356 0.334646,
70.838405 -22.709941 0.334646, 70.833086 -22.744279 0.334646,
70.833086 -22.744279 0.334646, 70.827172 -22.781655 0.334646,
70.827172 -22.781655 0.334646, 70.820652 -22.822346 0.334646,
70.766798 -23.135575 0.334646, 70.766793 -23.135714 0.334646,
70.766812 -23.135814 0.334646, 70.804728 -23.261436 0.334646,
70.813584 -23.291416 0.334646, 70.821142 -23.319565 0.334646,
70.827383 -23.346068 0.334646, 70.832285 -23.371098 0.334646,
70.835837 -23.39487 0.334646, 70.838023 -23.417581 0.334646,
70.838824 -23.439409 0.334646, 70.838223 -23.460546 0.334646,
70.836203 -23.481206 0.334646, 70.832749 -23.501553 0.334646,
70.827839 -23.521811 0.334646, 70.821462 -23.542147 0.334646,
70.813592 -23.562775 0.334646, 70.804217 -23.583875 0.334646,
70.793316 -23.605643 0.334646, 70.78087 -23.628274 0.334646,
70.766866 -23.651956 0.334646, 70.750803 -23.678446 0.334646,
70.750797 -23.678456 0.334646, 70.737301 -23.701835 0.334646,
70.737292 -23.701851 0.334646, 70.726154 -23.722863 0.334646,
70.726142 -23.722888 0.334646, 70.717156 -23.74228 0.334646,
70.717141 -23.742314 0.334646, 70.710098 -23.760832 0.334646,
70.710085 -23.760873 0.334646, 70.704778 -23.779263 0.334646,
70.704767 -23.779306 0.334646, 70.700989 -23.798315 0.334646,
70.700983 -23.798354 0.334646, 70.698525 -23.818728 0.334646,
70.698522 -23.818759 0.334646, 70.697178 -23.841243 0.334646,
70.697177 -23.841265 0.334646, 70.696739 -23.866606 0.334646,
70.696739 -23.86662 0.334646, 70.696998 -23.895562 0.334646,
70.697136 -23.92546 0.334646, 70.696207 -23.952891 0.334646,
70.694181 -23.978247 0.334646, 70.691026 -24.001861 0.334646,
70.686707 -24.024123 0.334646, 70.681194 -24.045381 0.334646,
70.674451 -24.066008 0.334646, 70.666451 -24.086352 0.334646,
70.657152 -24.106797 0.334646, 70.65101 -24.119911 0.334646,
70.650997 -24.119941 0.334646, 70.644601 -24.136169 0.334646,
70.644593 -24.136189 0.334646, 70.63802 -24.155231 0.334646,
70.638015 -24.155248 0.334646, 70.631339 -24.176806 0.334646,
70.631335 -24.176819 0.334646, 70.624633 -24.200595 0.334646,
70.62463 -24.200606 0.334646, 70.617978 -24.226301 0.334646,
70.617976 -24.226311 0.334646, 70.61145 -24.253628 0.334646,
70.611448 -24.253636 0.334646, 70.605124 -24.282276 0.334646,
70.605122 -24.282284 0.334646, 70.599076 -24.311948 0.334646,
70.599074 -24.311956 0.334646, 70.593382 -24.342346 0.334646,
70.59338 -24.342354 0.334646, 70.588117 -24.373171 0.334646,
70.588116 -24.37318 0.334646, 70.583359 -24.404126 0.334646,
70.583359 -24.404128 0.334646, 70.578839 -24.434326 0.334646,
70.578838 -24.434326 0.334646, 70.574255 -24.464085 0.334646,
70.569603 -24.493419 0.334646, 70.564879 -24.522338 0.334646,
70.560078 -24.550855 0.334646, 70.555196 -24.578983 0.334646,
70.555196 -24.578983 0.334646, 70.55023 -24.606727 0.334646,
70.545174 -24.634105 0.334646, 70.540024 -24.661129 0.334646,
70.540025 -24.661129 0.334646, 70.534779 -24.687804 0.334646,
70.534778 -24.687804 0.334646, 70.52943 -24.714147 0.334646,
70.523975 -24.740169 0.334646, 70.51841 -24.765881 0.334646,
70.512731 -24.791295 0.334646, 70.506933 -24.816422 0.334646,
70.501012 -24.841273 0.334646, 70.494963 -24.865865 0.334646,
70.488784 -24.890197 0.334646, 70.482469 -24.914293 0.334646,
70.476015 -24.938158 0.334646, 70.469416 -24.961807 0.334646,
70.462669 -24.985251 0.334646, 70.455769 -25.0085 0.334646,
70.448713 -25.031567 0.334646, 70.441495 -25.054467 0.334646,
70.434115 -25.077199 0.334646, 70.426563 -25.099788 0.334646,
70.418839 -25.122241 0.334646, 70.410936 -25.144569 0.334646,
70.402852 -25.166783 0.334646, 70.394581 -25.188897 0.334646,
70.38612 -25.210921 0.334646, 70.377463 -25.23287 0.334646,
70.36861 -25.254745 0.334646, 70.359553 -25.276569 0.334646,
70.350288 -25.29835 0.334646, 70.340813 -25.320098 0.334646,
70.33112 -25.341827 0.334646, 70.321209 -25.363547 0.334646,
70.311073 -25.38527 0.334646, 70.300709 -25.407007 0.334646,
70.290113 -25.42877 0.334646, 70.290112 -25.42877 0.334646,
70.279277 -25.450575 0.334646, 70.268204 -25.472422 0.334646,
70.256885 -25.494334 0.334646, 70.256884 -25.494334 0.334646,
70.245315 -25.516318 0.334646, 70.233492 -25.538386 0.334646,
70.221409 -25.560553 0.334646, 70.209068 -25.58282 0.334646,
70.196459 -25.60521 0.334646, 70.183579 -25.62773 0.334646,
70.170425 -25.650393 0.334646, 70.156991 -25.673208 0.334646,
70.143274 -25.696189 0.334646, 70.12927 -25.719347 0.334646,
70.114974 -25.742693 0.334646, 70.100383 -25.766239 0.334646,
70.085491 -25.789997 0.334646, 70.070293 -25.81398 0.334646,
70.070294 -25.81398 0.334646, 70.05479 -25.838193 0.334646,
70.030781 -25.87536 0.334646, 70.03078 -25.875361 0.334646,
70.008095 -25.910611 0.334646, 70.008095 -25.910611 0.334646,
69.986688 -25.944023 0.334646, 69.986687 -25.944024 0.334646,
69.966512 -25.975678 0.334646, 69.966511 -25.975679 0.334646,
69.94752 -26.005652 0.334646, 69.947519 -26.005653 0.334646,
69.929666 -26.034025 0.334646, 69.929665 -26.034027 0.334646,
69.912904 -26.060876 0.334646, 69.912902 -26.060878 0.334646,
69.897184 -26.086285 0.334646, 69.897183 -26.086287 0.334646,
69.882463 -26.110328 0.334646, 69.882461 -26.11033 0.334646,
69.868692 -26.133086 0.334646, 69.86869 -26.133089 0.334646,
69.855825 -26.154637 0.334646, 69.855823 -26.15464 0.334646,
69.843815 -26.175061 0.334646, 69.843813 -26.175065 0.334646,
69.832616 -26.194436 0.334646, 69.832613 -26.194439 0.334646,
69.82218 -26.21284 0.334646, 69.822177 -26.212844 0.334646,
69.812461 -26.230354 0.334646, 69.812458 -26.230359 0.334646,
69.803412 -26.247055 0.334646, 69.803409 -26.24706 0.334646,
69.794986 -26.263023 0.334646, 69.794983 -26.263029 0.334646,
69.787137 -26.278336 0.334646, 69.787134 -26.278342 0.334646,
69.779818 -26.293074 0.334646, 69.779815 -26.29308 0.334646,
69.772982 -26.307314 0.334646, 69.772979 -26.30732 0.334646,
69.766583 -26.321136 0.334646, 69.76658 -26.321143 0.334646,
69.760574 -26.334619 0.334646, 69.760571 -26.334626 0.334646,
69.754907 -26.347842 0.334646, 69.754905 -26.347848 0.334646,
69.749538 -26.360882 0.334646, 69.74953 -26.360901 0.334646,
69.736115 -26.397553 0.334646, 69.7361 -26.3976 0.334646,
69.729289 -26.423536 0.334646, 69.729272 -26.42366 0.334646,
69.728971 -26.442042 0.334646, 69.728983 -26.442162 0.334646,
69.729015 -26.442259 0.334646, 69.735129 -26.456246 0.334646,
69.735169 -26.456321 0.334646, 69.735233 -26.456401 0.334646,
69.747667 -26.469152 0.334646, 69.747745 -26.469218 0.334646,
69.759781 -26.477496 0.334646, 69.759876 -26.477547 0.334646,
69.772097 -26.482667 0.334646, 69.772219 -26.482702 0.334646,
69.784687 -26.484627 0.334646, 69.784819 -26.48463 0.334646,
69.797594 -26.48332 0.334646, 69.797713 -26.483293 0.334646,
69.810855 -26.478709 0.334646, 69.810945 -26.478668 0.334646,
69.824515 -26.470772 0.334646, 69.824579 -26.470729 0.334646,
69.838639 -26.459482 0.334646, 69.838682 -26.459443 0.334646,
69.853292 -26.444807 0.334646, 69.853322 -26.444774 0.334646,
69.868543 -26.426709 0.334646, 69.868563 -26.426683 0.334646,
69.884456 -26.405151 0.334646, 69.884471 -26.40513 0.334646,
69.901096 -26.380092 0.334646, 69.901107 -26.380074 0.334646,
69.918525 -26.351492 0.334646, 69.918533 -26.351478 0.334646,
69.936806 -26.319313 0.334646, 69.936812 -26.319302 0.334646,
69.955999 -26.283514 0.334646, 69.962981 -26.270484 0.334646,
69.970823 -26.255945 0.334646, 69.979471 -26.239995 0.334646,
69.988872 -26.222731 0.334646, 69.998972 -26.204252 0.334646,
70.009716 -26.184656 0.334646, 70.02105 -26.164039 0.334646,
70.021051 -26.164039 0.334646, 70.032922 -26.1425 0.334646,
70.045276 -26.120136 0.334646, 70.058059 -26.097045 0.334646,
70.071217 -26.073326 0.334646, 70.084695 -26.049074 0.334646,
70.098441 -26.02439 0.334646, 70.1124 -25.999369 0.334646,
70.126517 -25.974109 0.334646, 70.14074 -25.94871 0.334646,
70.155014 -25.923268 0.334646, 70.169285 -25.897881 0.334646,
70.1835 -25.872647 0.334646, 70.197604 -25.847663 0.334646,
70.211543 -25.823028 0.334646, 70.225264 -25.798837 0.334646,
70.245527 -25.763589 0.334646, 70.245528 -25.763589 0.334646,
70.26513 -25.729401 0.334646, 70.26513 -25.7294 0.334646,
70.284085 -25.696238 0.334646, 70.284085 -25.696237 0.334646,
70.302406 -25.664065 0.334646, 70.302406 -25.664064 0.334646,
70.320109 -25.632846 0.334646, 70.320109 -25.632845 0.334646,
70.337207 -25.602546 0.334646, 70.337208 -25.602544 0.334646,
70.353717 -25.573127 0.334646, 70.353717 -25.573126 0.334646,
70.369651 -25.544555 0.334646, 70.369652 -25.544554 0.334646,
70.385026 -25.516794 0.334646, 70.385027 -25.516792 0.334646,
70.399855 -25.489806 0.334646, 70.399856 -25.489805 0.334646,
70.414154 -25.463558 0.334646, 70.414155 -25.463556 0.334646,
70.427937 -25.438011 0.334646, 70.427938 -25.438009 0.334646,
70.441218 -25.413132 0.334646, 70.441219 -25.41313 0.334646,
70.454012 -25.388883 0.334646, 70.454013 -25.388881 0.334646,
70.466334 -25.365229 0.334646, 70.466335 -25.365227 0.334646,
70.478199 -25.342134 0.334646, 70.4782 -25.342131 0.334646,
70.48962 -25.319562 0.334646, 70.489622 -25.319559 0.334646,
70.500614 -25.297477 0.334646, 70.500615 -25.297473 0.334646,
70.511194 -25.275842 0.334646, 70.511196 -25.275839 0.334646,
70.521375 -25.254623 0.334646, 70.521376 -25.254619 0.334646,
70.531171 -25.233783 0.334646, 70.531173 -25.233779 0.334646,
70.540598 -25.213287 0.334646, 70.5406 -25.213282 0.334646,
70.54967 -25.193097 0.334646, 70.549672 -25.193093 0.334646,
70.558402 -25.17318 0.334646, 70.558404 -25.173175 0.334646,
70.566807 -25.153497 0.334646, 70.566809 -25.153493 0.334646,
70.574902 -25.134015 0.334646, 70.574904 -25.134009 0.334646,
70.582699 -25.114695 0.334646, 70.582701 -25.11469 0.334646,
70.590215 -25.095504 0.334646, 70.590217 -25.095499 0.334646,
70.597464 -25.076405 0.334646, 70.597466 -25.0764 0.334646,
70.60446 -25.057362 0.334646, 70.604462 -25.057357 0.334646,
70.611218 -25.038339 0.334646, 70.61122 -25.038333 0.334646,
70.617752 -25.0193 0.334646, 70.617754 -25.019295 0.334646,
70.624078 -25.000209 0.334646, 70.62408 -25.000204 0.334646,
70.63021 -24.981031 0.334646, 70.630211 -24.981026 0.334646,
70.636162 -24.96173 0.334646, 70.636163 -24.961725 0.334646,
70.641949 -24.942269 0.334646, 70.641951 -24.942265 0.334646,
70.647587 -24.922613 0.334646, 70.647588 -24.922609 0.334646,
70.653088 -24.902726 0.334646, 70.653089 -24.902722 0.334646,
70.658469 -24.882572 0.334646, 70.65847 -24.882568 0.334646,
70.663743 -24.862115 0.334646, 70.663744 -24.862111 0.334646,
70.668925 -24.841319 0.334646, 70.668926 -24.841315 0.334646,
70.674031 -24.820148 0.334646, 70.674031 -24.820145 0.334646,
70.679074 -24.798567 0.334646, 70.679075 -24.798564 0.334646,
70.684069 -24.776539 0.334646, 70.68407 -24.776536 0.334646,
70.689032 -24.754029 0.334646, 70.689033 -24.754026 0.334646,
70.693976 -24.731 0.334646, 70.693976 -24.730997 0.334646,
70.698916 -24.707417 0.334646, 70.698917 -24.707414 0.334646,
70.703867 -24.683243 0.334646, 70.703867 -24.683241 0.334646,
70.708843 -24.658443 0.334646, 70.708844 -24.658442 0.334646,
70.71386 -24.632982 0.334646, 70.713861 -24.63298 0.334646,
70.718932 -24.606822 0.334646, 70.718932 -24.60682 0.334646,
70.724072 -24.579931 0.334646, 70.724072 -24.579931 0.334646,
70.730176 -24.54911 0.334646, 70.736496 -24.518245 0.334646,
70.742984 -24.487555 0.334646, 70.742984 -24.487555 0.334646,
70.74959 -24.457259 0.334646, 70.756264 -24.427579 0.334646,
70.762956 -24.398733 0.334646, 70.769617 -24.370942 0.334646,
70.776197 -24.344424 0.334646, 70.782646 -24.319401 0.334646,
70.782646 -24.319401 0.334646, 70.788917 -24.296085 0.334646,
70.794954 -24.274715 0.334646, 70.800713 -24.255493 0.334646,
70.806142 -24.238648 0.334646, 70.811193 -24.22439 0.334646,
70.815815 -24.212943 0.334646, 70.822505 -24.19644 0.334646,
70.822513 -24.196418 0.334646, 70.829309 -24.177176 0.334646,
70.829315 -24.177158 0.334646, 70.836085 -24.155667 0.334646,
70.836089 -24.155653 0.334646, 70.842701 -24.132404 0.334646,
70.842704 -24.132392 0.334646, 70.849026 -24.107877 0.334646,
70.849029 -24.107865 0.334646, 70.854929 -24.082575 0.334646,
70.854931 -24.082563 0.334646, 70.860278 -24.05699 0.334646,
70.86028 -24.056977 0.334646, 70.864941 -24.031611 0.334646,
70.864943 -24.031597 0.334646, 70.868786 -24.00693 0.334646,
70.868789 -24.006913 0.334646, 70.871681 -23.983445 0.334646,
70.87514 -23.958977 0.334646, 70.879451 -23.933758 0.334646,
70.884526 -23.908163 0.334646, 70.89027 -23.88263 0.334646,
70.896589 -23.857575 0.334646, 70.903392 -23.833408 0.334646,
70.910574 -23.810585 0.334646, 70.918052 -23.789496 0.334646,
70.925725 -23.770578 0.334646, 70.933511 -23.754221 0.334646,
70.93351 -23.754221 0.334646, 70.935473 -23.750374 0.334646,
70.935474 -23.750372 0.334646, 70.937391 -23.746591 0.334646,
70.937393 -23.746589 0.334646, 70.939258 -23.742859 0.334646,
70.93926 -23.742855 0.334646, 70.941076 -23.739149 0.334646,
70.941078 -23.739144 0.334646, 70.942844 -23.735433 0.334646,
70.942847 -23.735427 0.334646, 70.944565 -23.731685 0.334646,
70.944569 -23.731677 0.334646, 70.946239 -23.727875 0.334646,
70.946243 -23.727867 0.334646, 70.947867 -23.723978 0.334646,
70.94787 -23.723969 0.334646, 70.949449 -23.719966 0.334646,
70.949453 -23.719956 0.334646, 70.950987 -23.71581 0.334646,
70.950991 -23.7158 0.334646, 70.952481 -23.711485 0.334646,
70.952484 -23.711474 0.334646, 70.953932 -23.706962 0.334646,
70.953935 -23.706951 0.334646, 70.955341 -23.702215 0.334646,
70.955344 -23.702204 0.334646, 70.956709 -23.697215 0.334646,
70.956712 -23.697204 0.334646, 70.958038 -23.691935 0.334646,
70.95804 -23.691925 0.334646, 70.959327 -23.686348 0.334646,
70.959329 -23.686338 0.334646, 70.960578 -23.680426 0.334646,
70.96058 -23.680417 0.334646, 70.961792 -23.674142 0.334646,
70.961794 -23.674133 0.334646, 70.96297 -23.667467 0.334646,
70.962971 -23.66746 0.334646, 70.964113 -23.660376 0.334646,
70.964114 -23.660369 0.334646, 70.965221 -23.652839 0.334646,
70.965222 -23.652833 0.334646, 70.966296 -23.64483 0.334646,
70.966297 -23.644824 0.334646, 70.96734 -23.63632 0.334646,
70.967341 -23.636314 0.334646, 70.968352 -23.627281 0.334646,
70.968352 -23.627277 0.334646, 70.969334 -23.617688 0.334646,
70.969334 -23.617683 0.334646, 70.970286 -23.607511 0.334646,
70.970287 -23.607507 0.334646, 70.971211 -23.596723 0.334646,
70.971211 -23.59672 0.334646, 70.972108 -23.585297 0.334646,
70.972109 -23.585294 0.334646, 70.972979 -23.573204 0.334646,
70.972979 -23.573201 0.334646, 70.973825 -23.560418 0.334646,
70.973825 -23.560415 0.334646, 70.974646 -23.54691 0.334646,
70.974646 -23.546907 0.334646, 70.975444 -23.532653 0.334646,
70.975444 -23.532651 0.334646, 70.97622 -23.517619 0.334646,
70.97622 -23.517617 0.334646, 70.976974 -23.501781 0.334646,
70.976974 -23.501779 0.334646, 70.977708 -23.485111 0.334646,
70.977708 -23.485109 0.334646, 70.978422 -23.467581 0.334646,
70.978422 -23.46758 0.334646, 70.979118 -23.449165 0.334646,
70.979118 -23.449163 0.334646, 70.979796 -23.429833 0.334646,
70.979796 -23.429831 0.334646, 70.980457 -23.409559 0.334646,
70.980457 -23.409557 0.334646, 70.981104 -23.388314 0.334646,
70.981104 -23.388313 0.334646, 70.981735 -23.366073 0.334646,
70.981735 -23.366072 0.334646, 70.982353 -23.342805 0.334646,
70.982353 -23.342804 0.334646, 70.982958 -23.318485 0.334646,
70.982958 -23.318485 0.334646, 70.983551 -23.293085 0.334646,
70.983551 -23.293084 0.334646, 70.984133 -23.266576 0.334646,
70.984133 -23.266575 0.334646, 70.984706 -23.238931 0.334646,
70.984706 -23.238931 0.334646, 70.98527 -23.210124 0.334646,
70.98527 -23.210123 0.334646, 70.985826 -23.180125 0.334646,
70.985826 -23.180124 0.334646, 70.986374 -23.148907 0.334646,
70.986374 -23.148907 0.334646, 70.986917 -23.116444 0.334646,
70.986917 -23.116443 0.334646, 70.987456 -23.082706 0.334646,
70.987989 -23.047668 0.334646, 70.987989 -23.047667 0.334646,
70.98852 -23.0113 0.334646, 70.989049 -22.973576 0.334646,
70.989049 -22.973576 0.334646, 70.989576 -22.934467 0.334646,
70.990104 -22.893947 0.334646, 70.990104 -22.893947 0.334646,
70.990632 -22.851987 0.334646, 70.991162 -22.808561 0.334646,
70.991694 -22.76364 0.334646, 70.991694 -22.763639 0.334646,
70.992231 -22.717196 0.334646, 70.992772 -22.669203 0.334646,
70.993319 -22.619632 0.334646, 70.993319 -22.619631 0.334646,
70.993872 -22.568456 0.334646, 70.994432 -22.515648 0.334646,
70.995002 -22.461179 0.334646, 70.99558 -22.405022 0.334646,
70.996169 -22.34715 0.334646, 70.99677 -22.287535 0.334646,
70.99677 -22.287535 0.334646, 70.997383 -22.22615 0.334646,
70.998009 -22.162966 0.334646, 70.998649 -22.097956 0.334646,
70.999305 -22.031093 0.334646, 70.999977 -21.962348 0.334646,
71.000666 -21.891695 0.334646, 71.001374 -21.819106 0.334646,
71.001824 -21.766943 0.334646, 71.002276 -21.718495 0.334646,
71.002744 -21.673563 0.334646, 71.003249 -21.63195 0.334646,
71.003806 -21.593458 0.334646, 71.004435 -21.557888 0.334646,
71.005153 -21.525042 0.334646, 71.005976 -21.494719 0.334646,
71.005976 -21.494719 0.334646, 71.006924 -21.466731 0.334646,
71.008013 -21.44087 0.334646, 71.009262 -21.416941 0.334646,
71.010688 -21.394745 0.334646, 71.012309 -21.374085 0.334646,
71.014142 -21.354763 0.334646, 71.016206 -21.336569 0.334646,
71.018516 -21.319338 0.334646, 71.021092 -21.302837 0.334646,
71.023952 -21.286881 0.334646, 71.027115 -21.271259 0.334646,
71.030592 -21.255806 0.334646, 71.03441 -21.24028 0.334646,
71.038578 -21.224522 0.334646, 71.043122 -21.208306 0.334646,
71.048055 -21.191443 0.334646, 71.053396 -21.173735 0.334646,
71.059163 -21.154983 0.334646, 71.07013 -21.119233 0.334646,
71.070132 -21.119226 0.334646, 71.079765 -21.086281 0.334646,
71.079768 -21.086272 0.334646, 71.088064 -21.055868 0.334646,
71.088067 -21.055856 0.334646, 71.095021 -21.027731 0.334646,
71.095025 -21.027715 0.334646, 71.100633 -21.001606 0.334646,
71.100637 -21.001587 0.334646, 71.104896 -20.977231 0.334646,
71.104899 -20.977207 0.334646, 71.107804 -20.954342 0.334646,
71.107807 -20.954313 0.334646, 71.109353 -20.932675 0.334646,
71.109354 -20.932643 0.334646, 71.109537 -20.91197 0.334646,
71.109537 -20.911935 0.334646, 71.108354 -20.891965 0.334646,
71.10835 -20.891928 0.334646, 71.105796 -20.872396 0.334646,
71.10579 -20.872361 0.334646, 71.101861 -20.853006 0.334646,
71.101853 -20.852972 0.334646, 71.096544 -20.833531 0.334646,
71.096535 -20.833502 0.334646, 71.089843 -20.813712 0.334646,
71.089834 -20.813687 0.334646, 71.081755 -20.793286 0.334646,
71.081747 -20.793266 0.334646, 71.072276 -20.771991 0.334646,
71.072268 -20.771975 0.334646, 71.061401 -20.749562 0.334646,
71.061395 -20.74955 0.334646, 71.049128 -20.725737 0.334646,
70.987374 -20.602334 0.334646, 71.049126 -20.482886 0.334646,
71.062137 -20.458275 0.334646, 71.062142 -20.458266 0.334646,
71.073507 -20.435747 0.334646, 71.073514 -20.435733 0.334646,
71.083271 -20.414879 0.334646, 71.08328 -20.414858 0.334646,
71.091467 -20.395237 0.334646, 71.091477 -20.395211 0.334646,
71.098132 -20.376395 0.334646, 71.098143 -20.376362 0.334646,
71.103304 -20.357922 0.334646, 71.103313 -20.357883 0.334646,
71.107018 -20.33939 0.334646, 71.107024 -20.33935 0.334646,
71.109312 -20.320374 0.334646, 71.109316 -20.320335 0.334646,
71.110224 -20.300448 0.334646, 71.110225 -20.300413 0.334646,
71.109792 -20.279185 0.334646, 71.10979 -20.279156 0.334646,
71.108054 -20.256157 0.334646, 71.108052 -20.256135 0.334646,
71.105052 -20.230936 0.334646, 71.105049 -20.230919 0.334646,
71.100822 -20.203091 0.334646, 71.10082 -20.20308 0.334646,
71.095403 -20.172194 0.334646, 71.095402 -20.172186 0.334646,
71.088835 -20.137813 0.334646, 71.088834 -20.137809 0.334646,
71.081155 -20.09952 0.334646, 71.077172 -20.078742 0.334646,
71.077172 -20.078742 0.334646, 71.073605 -20.058606 0.334646,
71.073605 -20.058606 0.334646, 71.070476 -20.039036 0.334646,
71.067804 -20.019944 0.334646, 71.065605 -20.001206 0.334646,
71.063901 -19.982768 0.334646, 71.062709 -19.964508 0.334646,
71.06205 -19.946344 0.334646, 71.061942 -19.928186 0.334646,
71.062404 -19.909913 0.334646, 71.063454 -19.891479 0.334646,
71.065111 -19.872764 0.334646, 71.0674 -19.853653 0.334646,
71.07033 -19.834106 0.334646, 71.073928 -19.813985 0.334646,
71.078211 -19.793211 0.334646, 71.083201 -19.771679 0.334646,
71.088909 -19.749331 0.334646, 71.095364 -19.72603 0.334646,
71.102576 -19.701722 0.334646, 71.110572 -19.676287 0.334646,
71.119367 -19.649641 0.334646, 71.128981 -19.62169 0.334646,
71.139433 -19.592341 0.334646, 71.150744 -19.561498 0.334646,
71.150744 -19.561498 0.334646, 71.162928 -19.52908 0.334646,
71.176009 -19.49498 0.334646, 71.176009 -19.49498 0.334646,
71.190006 -19.459109 0.334646, 71.190005 -19.459109 0.334646,
71.204933 -19.42138 0.334646, 71.220815 -19.381691 0.334646,
71.220816 -19.381689 0.334646, 71.23231 -19.352639 0.334646,
71.232311 -19.352637 0.334646, 71.243361 -19.324554 0.334646,
71.243362 -19.324553 0.334646, 71.253978 -19.297385 0.334646,
71.253979 -19.297384 0.334646, 71.264169 -19.27108 0.334646,
71.264169 -19.271079 0.334646, 71.273941 -19.245588 0.334646,
71.273941 -19.245585 0.334646, 71.283304 -19.220856 0.334646,
71.283306 -19.220854 0.334646, 71.292268 -19.196833 0.334646,
71.292269 -19.196831 0.334646, 71.300839 -19.17347 0.334646,
71.30084 -19.173467 0.334646, 71.309026 -19.150713 0.334646,
71.309028 -19.150709 0.334646, 71.316839 -19.12851 0.334646,
71.31684 -19.128506 0.334646, 71.324285 -19.106812 0.334646,
71.324287 -19.106808 0.334646, 71.331374 -19.085567 0.334646,
71.331376 -19.085562 0.334646, 71.338114 -19.064722 0.334646,
71.338115 -19.064717 0.334646, 71.344513 -19.044226 0.334646,
71.344514 -19.044221 0.334646, 71.350579 -19.02403 0.334646,
71.350581 -19.024024 0.334646, 71.356322 -19.004079 0.334646,
71.356324 -19.004073 0.334646, 71.36175 -18.984325 0.334646,
71.361752 -18.984318 0.334646, 71.366872 -18.964714 0.334646,
71.366873 -18.964707 0.334646, 71.371694 -18.945196 0.334646,
71.371696 -18.945189 0.334646, 71.376229 -18.925719 0.334646,
71.37623 -18.925712 0.334646, 71.380481 -18.906232 0.334646,
71.380483 -18.906225 0.334646, 71.384461 -18.886684 0.334646,
71.384463 -18.886677 0.334646, 71.388178 -18.867024 0.334646,
71.388179 -18.867017 0.334646, 71.391639 -18.847199 0.334646,
71.39164 -18.847192 0.334646, 71.394853 -18.827158 0.334646,
71.394854 -18.827151 0.334646, 71.397829 -18.806851 0.334646,
71.39783 -18.806844 0.334646, 71.400575 -18.786226 0.334646,
71.400576 -18.786219 0.334646, 71.403101 -18.765231 0.334646,
71.403101 -18.765224 0.334646, 71.405413 -18.743815 0.334646,
71.405413 -18.743809 0.334646, 71.407521 -18.721927 0.334646,
71.407522 -18.721921 0.334646, 71.409434 -18.699515 0.334646,
71.409434 -18.699509 0.334646, 71.41116 -18.676528 0.334646,
71.41116 -18.676523 0.334646, 71.412707 -18.652915 0.334646,
71.412707 -18.65291 0.334646, 71.414085 -18.628624 0.334646,
71.414085 -18.62862 0.334646, 71.415301 -18.603604 0.334646,
71.415302 -18.6036 0.334646, 71.416365 -18.577802 0.334646,
71.416365 -18.577799 0.334646, 71.417284 -18.55117 0.334646,
71.417284 -18.551167 0.334646, 71.418068 -18.523653 0.334646,
71.418069 -18.52365 0.334646, 71.418725 -18.495202 0.334646,
71.418725 -18.495199 0.334646, 71.419264 -18.465763 0.334646,
71.419264 -18.465761 0.334646, 71.419692 -18.435288 0.334646,
71.419692 -18.435286 0.334646, 71.420019 -18.403723 0.334646,
71.420019 -18.403721 0.334646, 71.420254 -18.371017 0.334646,
71.420254 -18.371015 0.334646, 71.420404 -18.337119 0.334646,
71.420404 -18.337118 0.334646, 71.420478 -18.301978 0.334646,
71.420478 -18.301977 0.334646, 71.420485 -18.265542 0.334646,
71.420485 -18.265541 0.334646, 71.420433 -18.227759 0.334646,
71.420433 -18.227759 0.334646, 71.420332 -18.188579 0.334646,
71.420332 -18.188578 0.334646, 71.420207 -18.161881 0.334646,
71.420207 -18.16188 0.334646, 71.420029 -18.134588 0.334646,
71.420029 -18.134587 0.334646, 71.419799 -18.106733 0.334646,
71.419799 -18.106732 0.334646, 71.419518 -18.078346 0.334646,
71.419518 -18.078345 0.334646, 71.419187 -18.049461 0.334646,
71.419187 -18.04946 0.334646, 71.418808 -18.020109 0.334646,
71.418808 -18.020109 0.334646, 71.418381 -17.990323 0.334646,
71.418381 -17.990322 0.334646, 71.417909 -17.960135 0.334646,
71.417909 -17.960135 0.334646, 71.417393 -17.929578 0.334646,
71.417393 -17.929577 0.334646, 71.416832 -17.898681 0.334646,
71.416832 -17.898681 0.334646, 71.41623 -17.86748 0.334646,
71.41623 -17.86748 0.334646, 71.415587 -17.836005 0.334646,
71.415587 -17.836005 0.334646, 71.414904 -17.804289 0.334646,
71.414904 -17.804289 0.334646, 71.414183 -17.772364 0.334646,
71.414183 -17.772363 0.334646, 71.413426 -17.740261 0.334646,
71.413426 -17.740261 0.334646, 71.412632 -17.708014 0.334646,
71.412632 -17.708014 0.334646, 71.411804 -17.675655 0.334646,
71.411804 -17.675654 0.334646, 71.410943 -17.643215 0.334646,
71.410943 -17.643214 0.334646, 71.41005 -17.610726 0.334646,
71.41005 -17.610725 0.334646, 71.409126 -17.578221 0.334646,
71.409126 -17.578221 0.334646, 71.408173 -17.545733 0.334646,
71.408173 -17.545732 0.334646, 71.407192 -17.513293 0.334646,
71.407192 -17.513292 0.334646, 71.406183 -17.480933 0.334646,
71.406183 -17.480932 0.334646, 71.40515 -17.448685 0.334646,
71.40515 -17.448685 0.334646, 71.404092 -17.416582 0.334646,
71.404092 -17.416582 0.334646, 71.403011 -17.384657 0.334646,
71.403011 -17.384656 0.334646, 71.401909 -17.35294 0.334646,
71.401909 -17.35294 0.334646, 71.400785 -17.321465 0.334646,
71.400785 -17.321464 0.334646, 71.399643 -17.290263 0.334646,
71.399643 -17.290262 0.334646, 71.398483 -17.259366 0.334646,
71.398483 -17.259365 0.334646, 71.397306 -17.228807 0.334646,
71.397306 -17.228807 0.334646, 71.396114 -17.198618 0.334646,
71.396114 -17.198617 0.334646, 71.394907 -17.168831 0.334646,
71.394907 -17.168831 0.334646, 71.393688 -17.139478 0.334646,
71.393688 -17.139478 0.334646, 71.392457 -17.110593 0.334646,
71.392457 -17.110592 0.334646, 71.391216 -17.082204 0.334646,
71.391216 -17.082204 0.334646, 71.389965 -17.054348 0.334646,
71.389965 -17.054347 0.334646, 71.388707 -17.027054 0.334646,
71.388707 -17.027053 0.334646, 71.387443 -17.000354 0.334646,
71.387442 -17.000354 0.334646, 71.386172 -16.974283 0.334646,
71.386172 -16.974282 0.334646, 71.384898 -16.94887 0.334646,
71.384898 -16.94887 0.334646, 71.383622 -16.92415 0.334646,
71.383622 -16.924149 0.334646, 71.382344 -16.900152 0.334646,
71.382344 -16.900151 0.334646, 71.381065 -16.876911 0.334646,
71.381065 -16.87691 0.334646, 71.379788 -16.854458 0.334646,
71.379788 -16.854457 0.334646, 71.378514 -16.832825 0.334646,
71.378514 -16.832824 0.334646, 71.377243 -16.812044 0.334646,
71.377242 -16.812043 0.334646, 71.375976 -16.792148 0.334646,
71.375976 -16.792146 0.334646, 71.374716 -16.773168 0.334646,
71.374716 -16.773167 0.334646, 71.373463 -16.755137 0.334646,
71.373463 -16.755136 0.334646, 71.372219 -16.738088 0.334646,
71.372219 -16.738085 0.334646, 71.370985 -16.722051 0.334646,
71.370985 -16.722048 0.334646, 71.369763 -16.707059 0.334646,
71.369762 -16.707056 0.334646, 71.368552 -16.693144 0.334646,
71.368552 -16.693141 0.334646, 71.367355 -16.68034 0.334646,
71.367355 -16.680336 0.334646, 71.366174 -16.668676 0.334646,
71.366173 -16.668671 0.334646, 71.365008 -16.658185 0.334646,
71.365007 -16.658179 0.334646, 71.36386 -16.648899 0.334646,
71.363859 -16.648891 0.334646, 71.36273 -16.64085 0.334646,
71.362729 -16.640838 0.334646, 71.36162 -16.634068 0.334646,
71.361617 -16.63405 0.334646, 71.36053 -16.628583 0.334646,
71.360517 -16.62853 0.334646, 71.354094 -16.607895 0.334646,
71.35407 -16.607834 0.334646, 71.344774 -16.587473 0.334646,
71.344747 -16.587422 0.334646, 71.332875 -16.567603 0.334646,
71.332846 -16.56756 0.334646, 71.318695 -16.548552 0.334646,
71.318665 -16.548515 0.334646, 71.302533 -16.530587 0.334646,
71.302501 -16.530554 0.334646, 71.284687 -16.513975 0.334646,
71.284652 -16.513945 0.334646, 71.265452 -16.498982 0.334646,
71.265415 -16.498955 0.334646, 71.245128 -16.485878 0.334646,
71.245085 -16.485853 0.334646, 71.224008 -16.474929 0.334646,
71.223959 -16.474907 0.334646, 71.20239 -16.466406 0.334646,
71.202333 -16.466387 0.334646, 71.18057 -16.460577 0.334646,
71.180518 -16.460566 0.334646, 71.172101 -16.45922 0.334646,
71.172078 -16.459217 0.334646, 71.163576 -16.458233 0.334646,
71.163553 -16.458231 0.334646, 71.154947 -16.457624 0.334646,
71.154924 -16.457622 0.334646, 71.146197 -16.457407 0.334646,
71.146173 -16.457407 0.334646, 71.137307 -16.457597 0.334646,
71.137283 -16.457598 0.334646, 71.128261 -16.458209 0.334646,
71.128237 -16.458211 0.334646, 71.119039 -16.459256 0.334646,
71.119016 -16.459259 0.334646, 71.109625 -16.460752 0.334646,
71.109603 -16.460756 0.334646, 71.100001 -16.462713 0.334646,
71.09998 -16.462718 0.334646, 71.090149 -16.465152 0.334646,
71.090129 -16.465157 0.334646, 71.080051 -16.468084 0.334646,
71.080032 -16.46809 0.334646, 71.069689 -16.471523 0.334646,
71.069671 -16.471529 0.334646, 71.059045 -16.475483 0.334646,
71.059029 -16.475489 0.334646, 71.048102 -16.479978 0.334646,
71.048087 -16.479985 0.334646, 71.036841 -16.485023 0.334646,
71.036827 -16.485029 0.334646, 71.025244 -16.490631 0.334646,
71.025232 -16.490638 0.334646, 71.013294 -16.496819 0.334646,
71.013282 -16.496825 0.334646, 71.000972 -16.503598 0.334646,
71.000961 -16.503604 0.334646, 70.988259 -16.510985 0.334646,
70.98825 -16.510991 0.334646, 70.975139 -16.518993 0.334646,
70.97513 -16.518998 0.334646, 70.961593 -16.527636 0.334646,
70.961585 -16.527641 0.334646, 70.947603 -16.53693 0.334646,
70.947595 -16.536935 0.334646, 70.93315 -16.546888 0.334646,
70.933143 -16.546892 0.334646, 70.918218 -16.557524 0.334646,
70.918212 -16.557529 0.334646, 70.902787 -16.568854 0.334646,
70.902781 -16.568858 0.334646, 70.88684 -16.580891 0.334646,
70.886835 -16.580895 0.334646, 70.870358 -16.593651 0.334646,
70.870354 -16.593654 0.334646, 70.853324 -16.607146 0.334646,
70.85332 -16.60715 0.334646, 70.83572 -16.621393 0.334646,
70.835717 -16.621396 0.334646, 70.817528 -16.636405 0.334646,
70.817524 -16.636407 0.334646, 70.798729 -16.652196 0.334646,
70.798726 -16.652198 0.334646, 70.779306 -16.668781 0.334646,
70.779302 -16.668783 0.334646, 70.75924 -16.686174 0.334646,
70.759237 -16.686176 0.334646, 70.738514 -16.70439 0.334646,
70.738511 -16.704393 0.334646, 70.717109 -16.723444 0.334646,
70.717107 -16.723446 0.334646, 70.695008 -16.743349 0.334646,
70.695006 -16.743351 0.334646, 70.672192 -16.76412 0.334646,
70.67219 -16.764121 0.334646, 70.648644 -16.78577 0.334646,
70.648642 -16.785772 0.334646, 70.624345 -16.808317 0.334646,
70.624344 -16.808318 0.334646, 70.599278 -16.831772 0.334646,
70.599276 -16.831773 0.334646, 70.573424 -16.85615 0.334646,
70.573423 -16.856152 0.334646, 70.546767 -16.881467 0.334646,
70.546765 -16.881468 0.334646, 70.519286 -16.907736 0.334646,
70.519285 -16.907737 0.334646, 70.490965 -16.934971 0.334646,
70.490964 -16.934972 0.334646, 70.461785 -16.963188 0.334646,
70.461785 -16.963189 0.334646, 70.43173 -16.9924 0.334646,
70.431729 -16.992401 0.334646, 70.400779 -17.022622 0.334646,
70.400778 -17.022623 0.334646, 70.368917 -17.053869 0.334646,
70.368916 -17.05387 0.334646, 70.336123 -17.086154 0.334646,
70.336122 -17.086155 0.334646, 70.302381 -17.119492 0.334646,
70.302381 -17.119493 0.334646, 70.267674 -17.153898 0.334646,
70.267673 -17.153898 0.334646, 70.231981 -17.189385 0.334646,
70.231981 -17.189386 0.334646, 70.195286 -17.225969 0.334646,
70.195286 -17.22597 0.334646, 70.157571 -17.263663 0.334646,
70.15757 -17.263664 0.334646, 70.118817 -17.302483 0.334646,
70.080532 -17.340879 0.334646, 70.044055 -17.377359 0.334646,
70.009318 -17.411965 0.334646, 69.976256 -17.444737 0.334646,
69.944803 -17.475718 0.334646, 69.914893 -17.504945 0.334646,
69.886457 -17.532464 0.334646, 69.859437 -17.558308 0.334646,
69.859437 -17.558307 0.334646, 69.833756 -17.582526 0.334646,
69.80936 -17.60515 0.334646, 69.786169 -17.626233 0.334646,
69.764134 -17.645799 0.334646, 69.743175 -17.663902 0.334646,
69.723232 -17.680579 0.334646, 69.704229 -17.695876 0.334646,
69.686126 -17.709816 0.334646, 69.668827 -17.722461 0.334646,
69.652284 -17.733839 0.334646, 69.636423 -17.743998 0.334646,
69.621189 -17.752969 0.334646, 69.606504 -17.760804 0.334646,
69.592311 -17.767536 0.334646, 69.578539 -17.77321 0.334646,
69.565119 -17.777868 0.334646, 69.55199 -17.781549 0.334646,
69.539084 -17.784296 0.334646, 69.526338 -17.786147 0.334646,
69.513675 -17.787147 0.334646, 69.501037 -17.787334 0.334646,
69.488347 -17.78675 0.334646, 69.475551 -17.785434 0.334646,
69.462583 -17.783428 0.334646, 69.449359 -17.780769 0.334646,
69.435823 -17.777499 0.334646, 69.421926 -17.773663 0.334646,
69.407572 -17.769294 0.334646, 69.392705 -17.764435 0.334646,
69.377272 -17.75913 0.334646, 69.37727 -17.759129 0.334646,
69.362568 -17.754156 0.334646, 69.362559 -17.754153 0.334646,
69.347432 -17.74935 0.334646, 69.347423 -17.749348 0.334646,
69.331819 -17.744709 0.334646, 69.331809 -17.744707 0.334646,
69.315672 -17.740227 0.334646, 69.315663 -17.740225 0.334646,
69.29894 -17.735897 0.334646, 69.298932 -17.735895 0.334646,
69.281569 -17.731713 0.334646, 69.28156 -17.731711 0.334646,
69.263503 -17.72767 0.334646, 69.263495 -17.727668 0.334646,
69.24469 -17.72376 0.334646, 69.244682 -17.723759 0.334646,
69.225075 -17.719978 0.334646, 69.225069 -17.719977 0.334646,
69.204606 -17.716319 0.334646, 69.204599 -17.716317 0.334646,
69.183227 -17.712774 0.334646, 69.183221 -17.712773 0.334646,
69.160886 -17.709339 0.334646, 69.16088 -17.709338 0.334646,
69.137528 -17.706007 0.334646, 69.137523 -17.706006 0.334646,
69.113099 -17.702773 0.334646, 69.113094 -17.702772 0.334646,
69.087546 -17.69963 0.334646, 69.087541 -17.699629 0.334646,
69.060813 -17.696571 0.334646, 69.060809 -17.69657 0.334646,
69.032849 -17.693591 0.334646, 69.032846 -17.693591 0.334646,
69.003599 -17.690684 0.334646, 69.003595 -17.690684 0.334646,
68.973008 -17.687844 0.334646, 68.973005 -17.687844 0.334646,
68.941023 -17.685064 0.334646, 68.94102 -17.685064 0.334646,
68.907591 -17.682338 0.334646, 68.907588 -17.682338 0.334646,
68.872656 -17.679661 0.334646, 68.872654 -17.679661 0.334646,
68.836166 -17.677025 0.334646, 68.836164 -17.677025 0.334646,
68.798066 -17.674426 0.334646, 68.798064 -17.674426 0.334646,
68.758303 -17.671856 0.334646, 68.758301 -17.671856 0.334646,
68.716822 -17.66931 0.334646, 68.716822 -17.669311 0.334646,
68.685161 -17.667322 0.334646, 68.685161 -17.667321 0.334646,
68.653826 -17.665143 0.334646, 68.622893 -17.662788 0.334646,
68.592426 -17.660265 0.334646, 68.592426 -17.660265 0.334646,
68.562483 -17.657583 0.334646, 68.533141 -17.654756 0.334646,
68.504461 -17.651793 0.334646, 68.476515 -17.648704 0.334646,
68.44936 -17.6455 0.334646, 68.423063 -17.64219 0.334646,
68.423063 -17.642191 0.334646, 68.397704 -17.638787 0.334646,
68.37333 -17.6353 0.334646, 68.350027 -17.63174 0.334646,
68.327842 -17.628117 0.334646, 68.306862 -17.624443 0.334646,
68.287131 -17.620724 0.334646, 68.268741 -17.616978 0.334646,
68.251738 -17.613209 0.334646, 68.236184 -17.609428 0.334646,
68.236184 -17.609428 0.334646, 68.213021 -17.603691 0.334646,
68.21301 -17.603688 0.334646, 68.189583 -17.598446 0.334646,
68.189571 -17.598444 0.334646, 68.165898 -17.593697 0.334646,
68.165887 -17.593695 0.334646, 68.141982 -17.589444 0.334646,
68.141971 -17.589442 0.334646, 68.11785 -17.585687 0.334646,
68.117839 -17.585685 0.334646, 68.093518 -17.582425 0.334646,
68.093507 -17.582423 0.334646, 68.069 -17.579659 0.334646,
68.068989 -17.579658 0.334646, 68.044313 -17.577389 0.334646,
68.044302 -17.577388 0.334646, 68.019471 -17.575615 0.334646,
68.019461 -17.575615 0.334646, 67.994491 -17.574337 0.334646,
67.994481 -17.574336 0.334646, 67.969387 -17.573554 0.334646,
67.969377 -17.573554 0.334646, 67.944174 -17.573267 0.334646,
67.944164 -17.573267 0.334646, 67.918869 -17.573476 0.334646,
67.918867 -17.573476 0.334646, 67.893169 -17.573822 0.334646,
67.866435 -17.573794 0.334646, 67.839073 -17.573407 0.334646,
67.811517 -17.57268 0.334646, 67.784211 -17.57163 0.334646,
67.757585 -17.570275 0.334646, 67.732066 -17.568631 0.334646,
67.708084 -17.566717 0.334646, 67.686062 -17.564548 0.334646,
67.666462 -17.562146 0.334646, 67.649683 -17.559524 0.334646,
67.649667 -17.559522 0.334646, 67.627222 -17.556718 0.334646,
67.627202 -17.556716 0.334646, 67.606227 -17.554904 0.334646,
67.6062 -17.554902 0.334646, 67.586093 -17.55418 0.334646,
67.586062 -17.55418 0.334646, 67.566222 -17.554645 0.334646,
67.566189 -17.554647 0.334646, 67.546014 -17.556399 0.334646,
67.545982 -17.556402 0.334646, 67.52487 -17.559539 0.334646,
67.524843 -17.559544 0.334646, 67.502193 -17.564163 0.334646,
67.502171 -17.564168 0.334646, 67.477382 -17.570367 0.334646,
67.477365 -17.570371 0.334646, 67.449835 -17.578249 0.334646,
67.449823 -17.578253 0.334646, 67.418951 -17.587907 0.334646,
67.418943 -17.58791 0.334646, 67.384132 -17.599438 0.334646,
67.349316 -17.61052 0.334646, 67.317633 -17.61988 0.334646,
67.288772 -17.627582 0.334646, 67.26236 -17.633709 0.334646,
67.238083 -17.638327 0.334646, 67.215608 -17.641507 0.334646,
67.194598 -17.643321 0.334646, 67.174702 -17.643843 0.334646,
67.155611 -17.643143 0.334646, 67.136952 -17.641291 0.334646,
67.107223 -17.637094 0.334646, 67.107219 -17.637093 0.334646,
67.078133 -17.63323 0.334646, 67.078128 -17.633229 0.334646,
67.049669 -17.629706 0.334646, 67.049664 -17.629705 0.334646,
67.021798 -17.626525 0.334646, 67.021793 -17.626524 0.334646,
66.994491 -17.623691 0.334646, 66.994485 -17.623691 0.334646,
66.967712 -17.621209 0.334646, 66.967706 -17.621209 0.334646,
66.941431 -17.619082 0.334646, 66.941424 -17.619082 0.334646,
66.915615 -17.617314 0.334646, 66.915608 -17.617313 0.334646,
66.890233 -17.615908 0.334646, 66.890226 -17.615908 0.334646,
66.865251 -17.614869 0.334646, 66.865244 -17.614868 0.334646,
66.840639 -17.614199 0.334646, 66.840631 -17.614199 0.334646,
66.816363 -17.613904 0.334646, 66.816355 -17.613904 0.334646,
66.792393 -17.613986 0.334646, 66.792384 -17.613986 0.334646,
66.768694 -17.614449 0.334646, 66.768686 -17.61445 0.334646,
66.745237 -17.615298 0.334646, 66.745228 -17.615298 0.334646,
66.721987 -17.616535 0.334646, 66.721978 -17.616536 0.334646,
66.698915 -17.618166 0.334646, 66.698906 -17.618167 0.334646,
66.675986 -17.620193 0.334646, 66.675976 -17.620193 0.334646,
66.653169 -17.62262 0.334646, 66.65316 -17.622621 0.334646,
66.630432 -17.625451 0.334646, 66.630423 -17.625452 0.334646,
66.607743 -17.62869 0.334646, 66.607734 -17.628692 0.334646,
66.58507 -17.632341 0.334646, 66.585061 -17.632342 0.334646,
66.562381 -17.636407 0.334646, 66.562372 -17.636408 0.334646,
66.539643 -17.640891 0.334646, 66.539635 -17.640893 0.334646,
66.516825 -17.645799 0.334646, 66.516817 -17.645801 0.334646,
66.493894 -17.651133 0.334646, 66.493886 -17.651135 0.334646,
66.470819 -17.656898 0.334646, 66.470811 -17.6569 0.334646,
66.447566 -17.663096 0.334646, 66.447559 -17.663098 0.334646,
66.424105 -17.669733 0.334646, 66.424098 -17.669735 0.334646,
66.400403 -17.67681 0.334646, 66.400396 -17.676813 0.334646,
66.376428 -17.684334 0.334646, 66.376421 -17.684336 0.334646,
66.352146 -17.692306 0.334646, 66.352141 -17.692307 0.334646,
66.327528 -17.70073 0.334646, 66.327522 -17.700732 0.334646,
66.302541 -17.709612 0.334646, 66.302535 -17.709614 0.334646,
66.277151 -17.718954 0.334646, 66.277146 -17.718956 0.334646,
66.251328 -17.728759 0.334646, 66.251323 -17.728761 0.334646,
66.225039 -17.739032 0.334646, 66.19223 -17.751785 0.334646,
66.160648 -17.763407 0.334646, 66.130242 -17.773903 0.334646,
66.100975 -17.78327 0.334646, 66.072772 -17.791521 0.334646,
66.045573 -17.798661 0.334646, 66.019365 -17.804684 0.334646,
65.994037 -17.809608 0.334646, 65.969581 -17.813429 0.334646,
65.945931 -17.816153 0.334646, 65.923016 -17.817786 0.334646,
65.900799 -17.818333 0.334646, 65.879219 -17.817797 0.334646,
65.858235 -17.816183 0.334646, 65.837769 -17.813496 0.334646,
65.817795 -17.809743 0.334646, 65.798226 -17.80492 0.334646,
65.779036 -17.799041 0.334646, 65.76016 -17.792107 0.334646,
65.74154 -17.784118 0.334646, 65.723121 -17.775081 0.334646,
65.704863 -17.765004 0.334646, 65.692869 -17.757753 0.334646,
65.680376 -17.749594 0.334646, 65.667405 -17.740545 0.334646,
65.653969 -17.730619 0.334646, 65.640054 -17.719806 0.334646,
65.625694 -17.708136 0.334646, 65.610895 -17.695617 0.334646,
65.595646 -17.68224 0.334646, 65.579977 -17.668033 0.334646,
65.563888 -17.652998 0.334646, 65.547389 -17.637146 0.334646,
65.530489 -17.620485 0.334646, 65.513196 -17.603024 0.334646,
65.495524 -17.584778 0.334646, 65.477473 -17.565746 0.334646,
65.459053 -17.54594 0.334646, 65.440279 -17.525375 0.334646,
65.421156 -17.504057 0.334646, 65.401694 -17.481996 0.334646,
65.381902 -17.459201 0.334646, 65.361789 -17.435683 0.334646,
65.361789 -17.435683 0.334646, 65.341359 -17.411444 0.334646,
65.320626 -17.386502 0.334646, 65.299598 -17.360862 0.334646,
65.278282 -17.334535 0.334646, 65.256689 -17.307529 0.334646,
65.234826 -17.279854 0.334646, 65.212703 -17.251519 0.334646,
65.190327 -17.222533 0.334646, 65.190327 -17.222532 0.334646,
65.17738 -17.205817 0.334646, 65.177377 -17.205813 0.334646,
65.163612 -17.188364 0.334646, 65.163609 -17.18836 0.334646,
65.149098 -17.170259 0.334646, 65.149096 -17.170256 0.334646,
65.133911 -17.151585 0.334646, 65.133909 -17.151582 0.334646,
65.118122 -17.132423 0.334646, 65.11812 -17.13242 0.334646,
65.101804 -17.112856 0.334646, 65.101802 -17.112853 0.334646,
65.085026 -17.092964 0.334646, 65.085024 -17.092962 0.334646,
65.067863 -17.072831 0.334646, 65.067861 -17.07283 0.334646,
65.050384 -17.052539 0.334646, 65.050383 -17.052537 0.334646,
65.032664 -17.03217 0.334646, 65.032662 -17.032168 0.334646,
65.014772 -17.011804 0.334646, 65.014771 -17.011802 0.334646,
64.996783 -16.991525 0.334646, 64.996781 -16.991523 0.334646,
64.978765 -16.971415 0.334646, 64.978764 -16.971413 0.334646,
64.960794 -16.951556 0.334646, 64.960792 -16.951554 0.334646,
64.942938 -16.932029 0.334646, 64.942937 -16.932027 0.334646,
64.925272 -16.912917 0.334646, 64.92527 -16.912914 0.334646,
64.907866 -16.8943 0.334646, 64.907864 -16.894298 0.334646,
64.890793 -16.876264 0.334646, 64.890791 -16.876261 0.334646,
64.874124 -16.858888 0.334646, 64.874121 -16.858885 0.334646,
64.857931 -16.842254 0.334646, 64.857928 -16.842251 0.334646,
64.842286 -16.826446 0.334646, 64.842283 -16.826443 0.334646,
64.827261 -16.811544 0.334646, 64.82726 -16.811543 0.334646,
64.799837 -16.784525 0.334646, 64.799834 -16.784522 0.334646,
64.77266 -16.758176 0.334646, 64.772657 -16.758174 0.334646,
64.745736 -16.732504 0.334646, 64.745733 -16.732501 0.334646,
64.719069 -16.707508 0.334646, 64.719066 -16.707505 0.334646,
64.692663 -16.683191 0.334646, 64.692659 -16.683188 0.334646,
64.66652 -16.659556 0.334646, 64.666517 -16.659552 0.334646,
64.640646 -16.636603 0.334646, 64.640643 -16.6366 0.334646,
64.615044 -16.614337 0.334646, 64.61504 -16.614333 0.334646,
64.589717 -16.592757 0.334646, 64.589713 -16.592754 0.334646,
64.56467 -16.571868 0.334646, 64.564665 -16.571865 0.334646,
64.539906 -16.55167 0.334646, 64.539901 -16.551667 0.334646,
64.515428 -16.532167 0.334646, 64.515423 -16.532163 0.334646,
64.491241 -16.513359 0.334646, 64.491236 -16.513355 0.334646,
64.467348 -16.495249 0.334646, 64.467343 -16.495245 0.334646,
64.443754 -16.477839 0.334646, 64.443748 -16.477835 0.334646,
64.420461 -16.461132 0.334646, 64.420455 -16.461128 0.334646,
64.397474 -16.445129 0.334646, 64.397467 -16.445124 0.334646,
64.374796 -16.429832 0.334646, 64.374789 -16.429828 0.334646,
64.352431 -16.415244 0.334646, 64.352424 -16.415239 0.334646,
64.330383 -16.401367 0.334646, 64.330375 -16.401362 0.334646,
64.308655 -16.388202 0.334646, 64.308647 -16.388197 0.334646,
64.287252 -16.375752 0.334646, 64.287243 -16.375747 0.334646,
64.266177 -16.364019 0.334646, 64.266167 -16.364014 0.334646,
64.245433 -16.353005 0.334646, 64.245423 -16.353 0.334646,
64.225025 -16.342713 0.334646, 64.225014 -16.342707 0.334646,
64.204956 -16.333143 0.334646, 64.204944 -16.333138 0.334646,
64.185229 -16.324299 0.334646, 64.185217 -16.324294 0.334646,
64.16585 -16.316183 0.334646, 64.165837 -16.316178 0.334646,
64.14682 -16.308796 0.334646, 64.146806 -16.308791 0.334646,
64.128144 -16.302141 0.334646, 64.12813 -16.302136 0.334646,
64.109827 -16.29622 0.334646, 64.109811 -16.296215 0.334646,
64.09187 -16.291035 0.334646, 64.091853 -16.291031 0.334646,
64.074279 -16.286589 0.334646, 64.074261 -16.286585 0.334646,
64.057056 -16.282883 0.334646, 64.057037 -16.282879 0.334646,
64.040206 -16.27992 0.334646, 64.040185 -16.279917 0.334646,
64.023731 -16.277702 0.334646, 64.023709 -16.277699 0.334646,
64.007637 -16.27623 0.334646, 64.007614 -16.276228 0.334646,
63.991926 -16.275508 0.334646, 63.991901 -16.275508 0.334646,
63.976603 -16.275539 0.334646, 63.976577 -16.275539 0.334646,
63.961671 -16.276323 0.334646, 63.961643 -16.276325 0.334646,
63.947134 -16.277863 0.334646, 63.947105 -16.277867 0.334646,
63.932996 -16.280162 0.334646, 63.932966 -16.280168 0.334646,
63.91926 -16.283222 0.334646, 63.91923 -16.28323 0.334646,
63.905932 -16.287045 0.334646, 63.905901 -16.287055 0.334646,
63.893015 -16.291633 0.334646, 63.892984 -16.291646 0.334646,
63.880513 -16.29699 0.334646, 63.880482 -16.297004 0.334646,
63.86843 -16.303116 0.334646, 63.8684 -16.303132 0.334646,
63.85758 -16.309538 0.334646, 63.857546 -16.309559 0.334646,
63.847207 -16.316819 0.334646, 63.847175 -16.316844 0.334646,
63.837313 -16.324978 0.334646, 63.837283 -16.325004 0.334646,
63.827896 -16.334031 0.334646, 63.827869 -16.334059 0.334646,
63.818953 -16.343998 0.334646, 63.818929 -16.344026 0.334646,
63.810481 -16.354897 0.334646, 63.810461 -16.354925 0.334646,
63.802479 -16.366747 0.334646, 63.802461 -16.366775 0.334646,
63.794941 -16.379567 0.334646, 63.794927 -16.379594 0.334646,
63.787866 -16.393376 0.334646, 63.787854 -16.393401 0.334646,
63.78125 -16.408193 0.334646, 63.78124 -16.408216 0.334646,
63.775089 -16.424036 0.334646, 63.775081 -16.424057 0.334646,
63.769381 -16.440925 0.334646, 63.769375 -16.440946 0.334646,
63.764122 -16.45888 0.334646, 63.764117 -16.458899 0.334646,
63.759309 -16.47792 0.334646, 63.759305 -16.477938 0.334646,
63.754939 -16.498065 0.334646, 63.754936 -16.498081 0.334646,
63.751008 -16.519333 0.334646, 63.751006 -16.519347 0.334646,
63.747513 -16.541744 0.334646, 63.747511 -16.541757 0.334646,
63.744452 -16.565317 0.334646, 63.74445 -16.565329 0.334646,
63.741821 -16.590073 0.334646, 63.74182 -16.590084 0.334646,
63.739617 -16.61603 0.334646, 63.739616 -16.61604 0.334646,
63.737837 -16.643208 0.334646, 63.737837 -16.643217 0.334646,
63.736478 -16.671626 0.334646, 63.736478 -16.671635 0.334646,
63.735537 -16.701304 0.334646, 65.96247 -24.742642 0.334646,
65.962469 -24.742644 0.334646, 65.951387 -24.76966 0.334646,
65.951385 -24.769663 0.334646, 65.940502 -24.796582 0.334646,
65.940502 -24.796585 0.334646, 65.929841 -24.823355 0.334646,
65.929839 -24.823357 0.334646, 65.919425 -24.849924 0.334646,
65.919424 -24.849927 0.334646, 65.909279 -24.876236 0.334646,
65.909278 -24.876239 0.334646, 65.899426 -24.902236 0.334646,
65.899424 -24.902239 0.334646, 65.889889 -24.927871 0.334646,
65.889888 -24.927874 0.334646, 65.880693 -24.953088 0.334646,
65.880692 -24.953091 0.334646, 65.87186 -24.977831 0.334646,
65.871859 -24.977834 0.334646, 65.863415 -25.002048 0.334646,
65.863414 -25.002052 0.334646, 65.855381 -25.025684 0.334646,
65.85538 -25.025688 0.334646, 65.847781 -25.048686 0.334646,
65.847779 -25.048691 0.334646, 65.840639 -25.071 0.334646,
65.840637 -25.071006 0.334646, 65.833978 -25.092572 0.334646,
65.833976 -25.092578 0.334646, 65.827822 -25.113349 0.334646,
65.82782 -25.113355 0.334646, 65.822195 -25.133276 0.334646,
65.822193 -25.133283 0.334646, 65.81712 -25.1523 0.334646,
65.81712 -25.152302 0.334646, 65.808174 -25.18635 0.334646,
65.808173 -25.186354 0.334646, 65.799827 -25.21913 0.334646,
65.799826 -25.219134 0.334646, 65.792072 -25.250627 0.334646,
65.792072 -25.250631 0.334646, 65.784904 -25.280829 0.334646,
65.784903 -25.280834 0.334646, 65.778316 -25.309727 0.334646,
65.778315 -25.309732 0.334646, 65.772301 -25.337308 0.334646,
65.7723 -25.337313 0.334646, 65.766853 -25.363562 0.334646,
65.766852 -25.363568 0.334646, 65.761965 -25.388478 0.334646,
65.761964 -25.388484 0.334646, 65.757631 -25.412044 0.334646,
65.75763 -25.412051 0.334646, 65.753845 -25.434251 0.334646,
65.753844 -25.434258 0.334646, 65.7506 -25.455085 0.334646,
65.750599 -25.455093 0.334646, 65.74789 -25.474538 0.334646,
65.747889 -25.474547 0.334646, 65.745708 -25.492597 0.334646,
65.745707 -25.492608 0.334646, 65.744047 -25.509252 0.334646,
65.744046 -25.509265 0.334646, 65.742902 -25.524493 0.334646,
65.742901 -25.524508 0.334646, 65.742267 -25.538309 0.334646,
65.742266 -25.538327 0.334646, 65.742133 -25.550689 0.334646,
65.742134 -25.550711 0.334646, 65.742498 -25.561624 0.334646,
65.742499 -25.561653 0.334646, 65.743352 -25.571104 0.334646,
65.743357 -25.571143 0.334646, 65.744693 -25.579122 0.334646,
65.744706 -25.579176 0.334646, 65.746519 -25.585672 0.334646,
65.746546 -25.585748 0.334646, 65.748829 -25.59075 0.334646,
65.748894 -25.590855 0.334646, 65.751641 -25.594351 0.334646,
65.751695 -25.594411 0.334646, 65.751776 -25.594473 0.334646,
65.75498 -25.596452 0.334646, 65.75509 -25.596504 0.334646,
65.75519 -25.596526 0.334646, 65.758845 -25.596978 0.334646,
65.758942 -25.596981 0.334646, 65.759043 -25.596965 0.334646,
65.763142 -25.595878 0.334646, 65.76327 -25.595825 0.334646,
65.767807 -25.593189 0.334646, 65.767882 -25.593137 0.334646,
65.77285 -25.588939 0.334646, 65.772894 -25.588897 0.334646,
65.778289 -25.583128 0.334646, 65.778317 -25.583095 0.334646,
65.784129 -25.575743 0.334646, 65.784148 -25.575717 0.334646,
65.790373 -25.566771 0.334646, 65.790386 -25.56675 0.334646,
65.797016 -25.556198 0.334646, 65.797026 -25.556182 0.334646,
65.804056 -25.544013 0.334646, 65.804063 -25.544 0.334646,
65.811486 -25.530204 0.334646, 65.811492 -25.530192 0.334646,
65.819301 -25.514757 0.334646, 65.819306 -25.514748 0.334646,
65.827494 -25.497663 0.334646, 65.827498 -25.497654 0.334646,
65.83606 -25.478909 0.334646, 65.836064 -25.478901 0.334646,
65.844993 -25.458484 0.334646, 65.844996 -25.458478 0.334646,
65.854285 -25.436377 0.334646, 65.854288 -25.436371 0.334646,
65.863931 -25.412576 0.334646, 65.863934 -25.412571 0.334646,
65.873925 -25.387071 0.334646, 65.873927 -25.387066 0.334646,
65.88426 -25.35985 0.334646, 65.884261 -25.359845 0.334646,
65.894929 -25.330901 0.334646, 65.89493 -25.330896 0.334646,
65.905926 -25.300214 0.334646, 65.905927 -25.300213 0.334646,
65.912443 -25.281864 0.334646, 65.919941 -25.262164 0.334646,
65.928348 -25.241243 0.334646, 65.937575 -25.219272 0.334646,
65.947537 -25.196411 0.334646, 65.958148 -25.172824 0.334646,
65.969325 -25.148665 0.334646, 65.969325 -25.148665 0.334646,
65.980978 -25.124109 0.334646, 65.993026 -25.099303 0.334646,
66.005384 -25.074414 0.334646, 66.017965 -25.049601 0.334646,
66.030685 -25.025026 0.334646, 66.043461 -25.000845 0.334646,
66.0562 -24.977232 0.334646, 66.056201 -24.977232 0.334646,
66.068828 -24.954331 0.334646, 66.068828 -24.954331 0.334646,
66.081248 -24.93232 0.334646, 66.093383 -24.911348 0.334646,
66.116574 -24.872662 0.334646, 66.116575 -24.872659 0.334646,
66.138656 -24.835351 0.334646, 66.138657 -24.835348 0.334646,
66.159638 -24.799388 0.334646, 66.15964 -24.799385 0.334646,
66.179533 -24.764742 0.334646, 66.179535 -24.764738 0.334646,
66.198352 -24.731383 0.334646, 66.198354 -24.731379 0.334646,
66.216105 -24.69928 0.334646, 66.216107 -24.699276 0.334646,
66.232805 -24.668405 0.334646, 66.232807 -24.6684 0.334646,
66.248461 -24.638725 0.334646, 66.248464 -24.63872 0.334646,
66.263087 -24.610212 0.334646, 66.26309 -24.610206 0.334646,
66.276693 -24.582835 0.334646, 66.276696 -24.582828 0.334646,
66.289291 -24.556563 0.334646, 66.289294 -24.556556 0.334646,
66.300891 -24.531367 0.334646, 66.300894 -24.531359 0.334646,
66.311505 -24.507216 0.334646, 66.311509 -24.507207 0.334646,
66.321144 -24.48408 0.334646, 66.321148 -24.48407 0.334646,
66.32982 -24.461928 0.334646, 66.329825 -24.461917 0.334646,
66.337544 -24.440731 0.334646, 66.337549 -24.440718 0.334646,
66.344328 -24.420458 0.334646, 66.344332 -24.420443 0.334646,
66.350181 -24.401078 0.334646, 66.350186 -24.401061 0.334646,
66.355117 -24.382561 0.334646, 66.355122 -24.382543 0.334646,
66.359145 -24.364878 0.334646, 66.35915 -24.364857 0.334646,
66.362278 -24.347996 0.334646, 66.362281 -24.347973 0.334646,
66.364525 -24.331887 0.334646, 66.364528 -24.331861 0.334646,
66.365899 -24.316519 0.334646, 66.3659 -24.316491 0.334646,
66.366409 -24.301863 0.334646, 66.366409 -24.301833 0.334646,
66.366068 -24.287889 0.334646, 66.366066 -24.287856 0.334646,
66.364885 -24.274565 0.334646, 66.36488 -24.27453 0.334646,
66.362872 -24.261864 0.334646, 66.362864 -24.261827 0.334646,
66.360039 -24.249754 0.334646, 66.360028 -24.249716 0.334646,
66.356398 -24.238206 0.334646, 66.356384 -24.238168 0.334646,
66.351959 -24.227192 0.334646, 66.351943 -24.227155 0.334646,
66.346736 -24.216681 0.334646, 66.346699 -24.216619 0.334646,
66.334149 -24.198269 0.334646, 66.334065 -24.198173 0.334646,
66.319322 -24.18509 0.334646, 66.3192 -24.185009 0.334646,
66.302872 -24.177217 0.334646, 66.302821 -24.177196 0.334646,
66.302722 -24.177171 0.334646, 66.285419 -24.174692 0.334646,
66.285364 -24.174687 0.334646, 66.285262 -24.174694 0.334646,
66.267592 -24.177552 0.334646, 66.267453 -24.177594 0.334646,
66.250027 -24.185813 0.334646, 66.249919 -24.185881 0.334646,
66.233344 -24.199482 0.334646, 66.233267 -24.199561 0.334646,
66.218153 -24.218569 0.334646, 66.218122 -24.218613 0.334646,
66.208966 -24.232968 0.334646, 66.208961 -24.232976 0.334646,
66.199462 -24.248474 0.334646, 66.199458 -24.248481 0.334646,
66.18964 -24.265068 0.334646, 66.189637 -24.265074 0.334646,
66.179523 -24.282696 0.334646, 66.17952 -24.282702 0.334646,
66.169134 -24.301306 0.334646, 66.169131 -24.30131 0.334646,
66.158497 -24.320842 0.334646, 66.158494 -24.320846 0.334646,
66.147635 -24.341251 0.334646, 66.147633 -24.341256 0.334646,
66.136572 -24.36248 0.334646, 66.13657 -24.362484 0.334646,
66.125331 -24.384475 0.334646, 66.125329 -24.384478 0.334646,
66.113935 -24.407181 0.334646, 66.113934 -24.407185 0.334646,
66.102409 -24.430546 0.334646, 66.102408 -24.430548 0.334646,
66.090776 -24.454514 0.334646, 66.090775 -24.454517 0.334646,
66.079059 -24.479033 0.334646, 66.079058 -24.479035 0.334646,
66.067282 -24.504048 0.334646, 66.067281 -24.504051 0.334646,
66.055469 -24.529506 0.334646, 66.055468 -24.529509 0.334646,
66.043642 -24.555353 0.334646, 66.043641 -24.555355 0.334646,
66.031826 -24.581534 0.334646, 66.031825 -24.581537 0.334646,
66.020044 -24.607997 0.334646, 66.020043 -24.607999 0.334646,
66.00832 -24.634687 0.334646, 66.008319 -24.634689 0.334646,
65.996677 -24.66155 0.334646, 65.996676 -24.661553 0.334646,
65.985139 -24.688533 0.334646, 65.985137 -24.688535 0.334646,
65.973728 -24.715581 0.334646, 65.973727 -24.715584 0.334646,
66.234083 -19.25716 0.334646, 66.233701 -19.270777 0.334646,
66.233701 -19.270786 0.334646, 66.23354 -19.285218 0.334646,
66.23354 -19.285224 0.334646, 66.23354 -19.30064 0.334646,
66.23354 -19.300643 0.334646, 66.233643 -19.317215 0.334646,
66.233643 -19.317216 0.334646, 66.233789 -19.335112 0.334646,
66.233921 -19.354503 0.334646, 66.233978 -19.375561 0.334646,
66.233978 -19.37557 0.334646, 66.234672 -19.410735 0.334646,
66.234672 -19.410746 0.334646, 66.236028 -19.445004 0.334646,
66.236028 -19.445015 0.334646, 66.238001 -19.47816 0.334646,
66.238002 -19.47817 0.334646, 66.240547 -19.509999 0.334646,
66.240548 -19.510011 0.334646, 66.243622 -19.540317 0.334646,
66.243624 -19.540328 0.334646, 66.247183 -19.568908 0.334646,
66.247185 -19.568921 0.334646, 66.251185 -19.595569 0.334646,
66.251187 -19.595583 0.334646, 66.255585 -19.620094 0.334646,
66.255588 -19.620111 0.334646, 66.260338 -19.642281 0.334646,
66.260343 -19.642302 0.334646, 66.265402 -19.661926 0.334646,
66.265409 -19.661952 0.334646, 66.270733 -19.678825 0.334646,
66.270746 -19.678861 0.334646, 66.276291 -19.692778 0.334646,
66.276315 -19.69283 0.334646, 66.282036 -19.703586 0.334646,
66.282087 -19.703665 0.334646, 66.287942 -19.711055 0.334646,
66.287988 -19.711107 0.334646, 66.288069 -19.71117 0.334646,
66.294011 -19.714991 0.334646, 66.29409 -19.715032 0.334646,
66.294187 -19.715063 0.334646, 66.294289 -19.715073 0.334646,
66.300277 -19.715119 0.334646, 66.300378 -19.71511 0.334646,
66.300476 -19.715081 0.334646, 66.300567 -19.715033 0.334646,
66.306555 -19.711099 0.334646, 66.306656 -19.711012 0.334646,
66.306717 -19.71093 0.334646, 66.310985 -19.703763 0.334646,
66.311024 -19.703682 0.334646, 66.316173 -19.690208 0.334646,
66.316185 -19.690174 0.334646, 66.321983 -19.671188 0.334646,
66.321989 -19.671168 0.334646, 66.328206 -19.647463 0.334646,
66.328209 -19.647448 0.334646, 66.334611 -19.619817 0.334646,
66.334613 -19.619804 0.334646, 66.340969 -19.589041 0.334646,
66.340971 -19.589029 0.334646, 66.347048 -19.555926 0.334646,
66.34705 -19.555915 0.334646, 66.352616 -19.521272 0.334646,
66.356047 -19.501259 0.334646, 66.36001 -19.480665 0.334646,
66.364506 -19.45948 0.334646, 66.369526 -19.437739 0.334646,
66.375067 -19.415462 0.334646, 66.381125 -19.392664 0.334646,
66.381125 -19.392664 0.334646, 66.387689 -19.369391 0.334646,
66.394761 -19.34564 0.334646, 66.402334 -19.321436 0.334646,
66.410398 -19.29682 0.334646, 66.418956 -19.271789 0.334646,
66.427994 -19.246389 0.334646, 66.437515 -19.220623 0.334646,
66.447511 -19.194515 0.334646, 66.457972 -19.168104 0.334646,
66.468901 -19.141394 0.334646, 66.480291 -19.114407 0.334646,
66.480292 -19.114406 0.334646, 66.492576 -19.085008 0.334646,
66.492578 -19.085003 0.334646, 66.504475 -19.055694 0.334646,
66.504477 -19.055689 0.334646, 66.515974 -19.026515 0.334646,
66.515976 -19.026511 0.334646, 66.527062 -18.99752 0.334646,
66.527064 -18.997515 0.334646, 66.537726 -18.968753 0.334646,
66.537728 -18.968748 0.334646, 66.547954 -18.940262 0.334646,
66.547956 -18.940257 0.334646, 66.557735 -18.912093 0.334646,
66.557737 -18.912088 0.334646, 66.567056 -18.884294 0.334646,
66.567058 -18.884288 0.334646, 66.575906 -18.85691 0.334646,
66.575907 -18.856904 0.334646, 66.584272 -18.829989 0.334646,
66.584274 -18.829983 0.334646, 66.592142 -18.803577 0.334646,
66.592144 -18.80357 0.334646, 66.599504 -18.77772 0.334646,
66.599506 -18.777714 0.334646, 66.606347 -18.752467 0.334646,
66.606349 -18.75246 0.334646, 66.612659 -18.727862 0.334646,
66.61266 -18.727854 0.334646, 66.618426 -18.703952 0.334646,
66.618428 -18.703944 0.334646, 66.623637 -18.680785 0.334646,
66.623639 -18.680777 0.334646, 66.62828 -18.658408 0.334646,
66.628282 -18.658398 0.334646, 66.632344 -18.636865 0.334646,
66.632346 -18.636855 0.334646, 66.635816 -18.616205 0.334646,
66.635818 -18.616193 0.334646, 66.638684 -18.596473 0.334646,
66.638686 -18.59646 0.334646, 66.640936 -18.577716 0.334646,
66.640937 -18.577702 0.334646, 66.642559 -18.559981 0.334646,
66.642561 -18.559964 0.334646, 66.643543 -18.543312 0.334646,
66.643543 -18.543293 0.334646, 66.643874 -18.527758 0.334646,
66.643873 -18.527721 0.334646, 66.642511 -18.500212 0.334646,
66.642506 -18.500159 0.334646, 66.638651 -18.474744 0.334646,
66.638641 -18.474692 0.334646, 66.632716 -18.451809 0.334646,
66.632699 -18.451755 0.334646, 66.625128 -18.431841 0.334646,
66.625101 -18.431781 0.334646, 66.616308 -18.415272 0.334646,
66.616263 -18.415202 0.334646, 66.606672 -18.402537 0.334646,
66.606592 -18.402453 0.334646, 66.596624 -18.394066 0.334646,
66.596561 -18.394021 0.334646, 66.59647 -18.393976 0.334646,
66.58655 -18.390306 0.334646, 66.586492 -18.390289 0.334646,
66.586391 -18.390274 0.334646, 66.586289 -18.39028 0.334646,
66.576841 -18.391763 0.334646, 66.576769 -18.39178 0.334646,
66.576675 -18.39182 0.334646, 66.57659 -18.391877 0.334646,
66.568037 -18.398951 0.334646, 66.567971 -18.399016 0.334646,
66.567913 -18.3991 0.334646, 66.56068 -18.412201 0.334646,
66.560634 -18.412312 0.334646, 66.555143 -18.431877 0.334646,
66.555134 -18.431911 0.334646, 66.551315 -18.450267 0.334646,
66.551312 -18.450281 0.334646, 66.547222 -18.472947 0.334646,
66.54722 -18.472954 0.334646, 66.543041 -18.498015 0.334646,
66.54304 -18.498018 0.334646, 66.53895 -18.523559 0.334646,
66.53895 -18.523559 0.334646, 66.535132 -18.547647 0.334646,
66.531751 -18.561355 0.334646, 66.526514 -18.578338 0.334646,
66.519605 -18.598124 0.334646, 66.5112 -18.620267 0.334646,
66.501476 -18.644309 0.334646, 66.490626 -18.66977 0.334646,
66.478817 -18.696218 0.334646, 66.466233 -18.723189 0.334646,
66.453048 -18.750235 0.334646, 66.439453 -18.776882 0.334646,
66.417719 -18.818763 0.334646, 66.397563 -18.857543 0.334646,
66.378925 -18.893392 0.334646, 66.361746 -18.926479 0.334646,
66.361746 -18.92648 0.334646, 66.345967 -18.956975 0.334646,
66.345966 -18.956976 0.334646, 66.331528 -18.985051 0.334646,
66.331528 -18.985053 0.334646, 66.318372 -19.010877 0.334646,
66.318371 -19.01088 0.334646, 66.306439 -19.034624 0.334646,
66.306437 -19.034628 0.334646, 66.295669 -19.056461 0.334646,
66.295667 -19.056466 0.334646, 66.286004 -19.076561 0.334646,
66.286001 -19.076567 0.334646, 66.277385 -19.095091 0.334646,
66.277381 -19.095099 0.334646, 66.269752 -19.112225 0.334646,
66.269748 -19.112235 0.334646, 66.263048 -19.128131 0.334646,
66.263043 -19.128143 0.334646, 66.257212 -19.142981 0.334646,
66.257206 -19.142996 0.334646, 66.252185 -19.156946 0.334646,
66.25218 -19.156962 0.334646, 66.24791 -19.170194 0.334646,
66.247905 -19.170212 0.334646, 66.244328 -19.182896 0.334646,
66.244322 -19.182917 0.334646, 66.241378 -19.195223 0.334646,
66.241374 -19.195244 0.334646, 66.239005 -19.207344 0.334646,
66.239001 -19.207365 0.334646, 66.237147 -19.219427 0.334646,
66.237145 -19.219447 0.334646, 66.235747 -19.231643 0.334646,
66.235745 -19.231661 0.334646, 66.234746 -19.24416 0.334646,
66.234745 -19.244175 0.334646, 66.234083 -19.257148 0.334646
              ]
            }
            coordIndex [
153, 154, 5, -1, 5, 0, 3, -1, 3, 0, 1, -1, 90, 91, 87, -1,
92, 93, 85, -1, 92, 86, 87, -1, 94, 95, 83, -1, 94, 84, 85, -1,
94, 85, 93, -1, 96, 97, 81, -1, 96, 82, 83, -1, 96, 83, 95, -1,
98, 99, 79, -1, 98, 80, 81, -1, 98, 81, 97, -1, 100, 101, 77, -1,
100, 78, 79, -1, 100, 79, 99, -1, 102, 103, 71, -1, 102, 72, 73, -1,
102, 74, 75, -1, 102, 76, 77, -1, 102, 77, 101, -1, 104, 105, 67, -1,
104, 68, 69, -1, 104, 70, 71, -1, 104, 71, 103, -1, 106, 107, 61, -1,
106, 62, 63, -1, 106, 64, 65, -1, 106, 66, 67, -1, 106, 67, 105, -1,
109, 60, 61, -1, 109, 61, 108, -1, 108, 61, 107, -1, 109, 110, 57, -1,
109, 58, 59, -1, 112, 56, 57, -1, 112, 57, 111, -1, 111, 57, 110, -1,
112, 113, 53, -1, 112, 54, 55, -1, 115, 52, 53, -1, 115, 53, 114, -1,
114, 53, 113, -1, 115, 116, 49, -1, 115, 50, 51, -1, 118, 48, 49, -1,
118, 49, 117, -1, 117, 49, 116, -1, 118, 119, 45, -1, 118, 46, 47, -1,
120, 121, 38, -1, 120, 38, 39, -1, 120, 39, 40, -1, 120, 40, 41, -1,
120, 41, 42, -1, 120, 42, 43, -1, 120, 43, 44, -1, 120, 44, 45, -1,
120, 45, 119, -1, 122, 123, 36, -1, 122, 36, 37, -1, 122, 37, 38, -1,
122, 38, 121, -1, 36, 123, 35, -1, 35, 123, 124, -1, 35, 124, 34, -1,
34, 124, 125, -1, 34, 125, 126, -1, 126, 127, 30, -1, 126, 30, 31, -1,
126, 31, 32, -1, 126, 32, 33, -1, 126, 33, 34, -1, 128, 129, 27, -1,
128, 27, 28, -1, 128, 28, 29, -1, 128, 29, 30, -1, 130, 131, 25, -1,
130, 25, 26, -1, 130, 26, 27, -1, 132, 133, 23, -1, 132, 23, 24, -1,
132, 24, 25, -1, 134, 135, 21, -1, 134, 21, 22, -1, 134, 22, 23, -1,
21, 136, 137, -1, 21, 138, 20, -1, 19, 138, 139, -1, 19, 140, 18, -1,
17, 140, 141, -1, 17, 142, 16, -1, 15, 142, 143, -1, 15, 144, 14, -1,
13, 144, 145, -1, 13, 146, 12, -1, 11, 146, 147, -1, 11, 148, 149, -1,
11, 149, 10, -1, 9, 149, 150, -1, 9, 151, 8, -1, 7, 151, 152, -1,
7, 153, 5, -1, 250, 251, 301, -1, 250, 302, 303, -1, 250, 303, 248, -1,
155, 156, 233, -1, 155, 233, 234, -1, 155, 234, 235, -1, 155, 235, 236, -1,
155, 236, 237, -1, 155, 237, 238, -1, 155, 238, 311, -1, 229, 230, 157, -1,
157, 230, 231, -1, 157, 231, 156, -1, 156, 231, 232, -1, 156, 232, 233, -1,
159, 227, 228, -1, 159, 228, 158, -1, 158, 228, 229, -1, 158, 229, 157, -1,
160, 161, 224, -1, 160, 225, 226, -1, 160, 226, 159, -1, 162, 221, 222, -1,
162, 222, 161, -1, 161, 223, 224, -1, 163, 164, 218, -1, 163, 219, 220, -1,
163, 220, 162, -1, 164, 165, 216, -1, 164, 217, 218, -1, 167, 215, 216, -1,
166, 216, 165, -1, 169, 213, 214, -1, 169, 214, 168, -1, 168, 214, 167, -1,
171, 211, 212, -1, 171, 212, 170, -1, 170, 212, 169, -1, 173, 209, 210, -1,
173, 210, 172, -1, 172, 210, 171, -1, 173, 174, 206, -1, 173, 207, 208, -1,
206, 174, 175, -1, 206, 175, 176, -1, 206, 176, 177, -1, 206, 177, 205, -1,
177, 178, 202, -1, 177, 203, 204, -1, 202, 178, 179, -1, 202, 179, 180, -1,
202, 180, 181, -1, 202, 181, 182, -1, 202, 182, 183, -1, 202, 183, 201, -1,
183, 184, 198, -1, 183, 199, 200, -1, 198, 184, 185, -1, 198, 185, 186, -1,
198, 186, 187, -1, 198, 187, 197, -1, 188, 195, 196, -1, 188, 196, 187, -1,
189, 190, 192, -1, 189, 193, 194, -1, 189, 194, 188, -1, 395, 396, 392, -1,
397, 398, 390, -1, 397, 391, 392, -1, 399, 400, 388, -1, 399, 389, 390, -1,
401, 402, 386, -1, 401, 387, 388, -1, 403, 404, 384, -1, 403, 385, 386, -1,
405, 406, 382, -1, 405, 383, 384, -1, 407, 408, 380, -1, 407, 381, 382, -1,
409, 410, 378, -1, 409, 379, 380, -1, 411, 412, 376, -1, 411, 377, 378, -1,
413, 414, 374, -1, 413, 375, 376, -1, 415, 416, 372, -1, 415, 373, 374, -1,
417, 418, 368, -1, 417, 369, 370, -1, 417, 371, 372, -1, 419, 420, 366, -1,
419, 367, 368, -1, 421, 422, 364, -1, 421, 365, 366, -1, 423, 424, 362, -1,
423, 362, 363, -1, 423, 363, 364, -1, 425, 426, 360, -1, 425, 360, 361, -1,
425, 361, 362, -1, 427, 428, 357, -1, 427, 357, 358, -1, 427, 358, 359, -1,
427, 359, 360, -1, 429, 430, 350, -1, 429, 351, 352, -1, 429, 352, 353, -1,
429, 353, 355, -1, 429, 355, 356, -1, 429, 356, 357, -1, 431, 432, 334, -1,
431, 335, 336, -1, 431, 337, 338, -1, 431, 339, 340, -1, 431, 341, 342, -1,
431, 343, 345, -1, 431, 345, 346, -1, 431, 346, 347, -1, 431, 347, 348, -1,
431, 348, 349, -1, 431, 349, 350, -1, 433, 434, 322, -1, 433, 322, 323, -1,
433, 323, 324, -1, 433, 324, 325, -1, 433, 325, 326, -1, 433, 326, 327, -1,
433, 327, 328, -1, 433, 328, 329, -1, 433, 329, 330, -1, 433, 330, 331, -1,
433, 331, 332, -1, 433, 332, 333, -1, 433, 333, 334, -1, 435, 436, 317, -1,
435, 317, 318, -1, 435, 318, 319, -1, 435, 319, 320, -1, 435, 320, 321, -1,
435, 321, 322, -1, 437, 438, 315, -1, 437, 315, 316, -1, 437, 316, 317, -1,
439, 440, 311, -1, 439, 312, 313, -1, 439, 314, 315, -1, 311, 238, 239, -1,
311, 239, 240, -1, 311, 240, 241, -1, 311, 241, 242, -1, 311, 242, 310, -1,
309, 242, 243, -1, 309, 243, 244, -1, 309, 244, 308, -1, 307, 244, 245, -1,
307, 245, 246, -1, 307, 246, 306, -1, 247, 304, 305, -1, 247, 305, 246, -1,
252, 253, 299, -1, 252, 300, 301, -1, 299, 254, 255, -1, 299, 256, 298, -1,
297, 256, 257, -1, 297, 258, 296, -1, 295, 258, 259, -1, 295, 260, 294, -1,
293, 260, 261, -1, 293, 262, 292, -1, 291, 262, 263, -1, 291, 264, 290, -1,
289, 264, 265, -1, 289, 266, 288, -1, 287, 266, 267, -1, 287, 268, 286, -1,
285, 268, 269, -1, 285, 270, 284, -1, 283, 270, 271, -1, 283, 272, 282, -1,
281, 272, 273, -1, 281, 274, 280, -1, 279, 274, 275, -1, 279, 276, 277, -1,
444, 546, 547, -1, 444, 547, 443, -1, 443, 547, 441, -1, 445, 446, 543, -1,
445, 544, 545, -1, 445, 545, 444, -1, 447, 448, 541, -1, 447, 542, 543, -1,
447, 543, 446, -1, 449, 450, 539, -1, 449, 540, 541, -1, 449, 541, 448, -1,
451, 452, 537, -1, 451, 538, 539, -1, 451, 539, 450, -1, 452, 453, 535, -1,
452, 536, 537, -1, 454, 455, 533, -1, 454, 534, 535, -1, 456, 457, 531, -1,
456, 532, 533, -1, 458, 459, 529, -1, 458, 530, 531, -1, 460, 461, 527, -1,
460, 528, 529, -1, 462, 463, 525, -1, 462, 525, 526, -1, 462, 526, 527, -1,
464, 465, 521, -1, 464, 522, 523, -1, 464, 524, 525, -1, 466, 467, 519, -1,
466, 520, 521, -1, 466, 521, 465, -1, 468, 469, 517, -1, 468, 518, 519, -1,
468, 519, 467, -1, 470, 471, 515, -1, 470, 516, 517, -1, 470, 517, 469, -1,
472, 473, 513, -1, 472, 514, 515, -1, 472, 515, 471, -1, 475, 512, 513, -1,
475, 513, 474, -1, 474, 513, 473, -1, 511, 475, 476, -1, 511, 476, 477, -1,
511, 477, 478, -1, 511, 478, 479, -1, 511, 479, 510, -1, 479, 480, 507, -1,
479, 508, 509, -1, 482, 506, 507, -1, 482, 507, 481, -1, 481, 507, 480, -1,
482, 483, 501, -1, 482, 502, 503, -1, 482, 504, 505, -1, 484, 485, 495, -1,
484, 496, 497, -1, 484, 498, 499, -1, 484, 500, 501, -1, 484, 501, 483, -1,
486, 487, 493, -1, 486, 494, 495, -1, 486, 495, 485, -1, 488, 489, 491, -1,
488, 492, 493, -1, 488, 493, 487, -1, 6571, 6572, 4953, -1, 4953, 6573, 4952, -1,
4952, 6573, 6574, -1, 4951, 6575, 4950, -1, 4950, 6575, 6576, -1, 4950, 6576, 6578, -1,
617, 618, 553, -1, 553, 619, 552, -1, 552, 619, 620, -1, 552, 620, 622, -1,
587, 588, 584, -1, 589, 590, 582, -1, 589, 583, 584, -1, 591, 592, 580, -1,
591, 580, 581, -1, 591, 581, 582, -1, 593, 594, 577, -1, 593, 577, 578, -1,
593, 578, 579, -1, 593, 579, 580, -1, 595, 596, 570, -1, 595, 570, 571, -1,
595, 571, 572, -1, 595, 572, 573, -1, 595, 573, 574, -1, 595, 574, 575, -1,
595, 575, 576, -1, 595, 576, 577, -1, 597, 598, 566, -1, 597, 566, 567, -1,
597, 567, 568, -1, 597, 568, 569, -1, 597, 569, 570, -1, 566, 599, 600, -1,
566, 601, 565, -1, 564, 565, 601, -1, 564, 601, 602, -1, 564, 603, 563, -1,
562, 563, 603, -1, 562, 603, 604, -1, 562, 605, 606, -1, 562, 607, 561, -1,
560, 607, 608, -1, 560, 609, 559, -1, 558, 609, 610, -1, 558, 611, 557, -1,
611, 612, 557, -1, 557, 613, 556, -1, 556, 613, 614, -1, 615, 616, 554, -1,
615, 554, 555, -1, 615, 555, 556, -1, 617, 553, 554, -1, 552, 622, 551, -1,
551, 622, 623, -1, 551, 623, 550, -1, 550, 623, 624, -1, 550, 624, 549, -1,
549, 624, 625, -1, 549, 625, 548, -1, 548, 625, 441, -1, 548, 441, 547, -1,
6569, 6570, 4956, -1, 4956, 6571, 4954, -1, 4954, 6571, 4953, -1, 6579, 4947, 4948, -1,
6579, 4948, 6578, -1, 6578, 4949, 4950, -1, 6582, 4942, 6581, -1, 6580, 4943, 4944, -1,
6580, 4944, 6579, -1, 6579, 4945, 4946, -1, 5513, 5814, 5512, -1, 5512, 5814, 5508, -1,
5512, 5508, 5511, -1, 5511, 5508, 5509, -1, 5463, 5464, 5480, -1, 5463, 5480, 5849, -1,
5463, 5850, 5851, -1, 5463, 5851, 5461, -1, 5409, 5410, 5450, -1, 5409, 5450, 5451, -1,
5409, 5451, 5452, -1, 5409, 5452, 5857, -1, 5409, 5857, 5408, -1, 5410, 5411, 5446, -1,
5410, 5446, 5448, -1, 5410, 5448, 5449, -1, 5410, 5449, 5450, -1, 5411, 5412, 5443, -1,
5411, 5443, 5444, -1, 5411, 5445, 5446, -1, 5412, 5413, 5441, -1, 5412, 5442, 5443, -1,
5414, 5415, 5439, -1, 5414, 5440, 5441, -1, 5416, 5417, 5437, -1, 5416, 5438, 5439, -1,
5418, 5419, 5435, -1, 5418, 5436, 5437, -1, 5420, 5421, 5433, -1, 5420, 5434, 5435, -1,
5422, 5423, 5431, -1, 5422, 5432, 5433, -1, 5424, 5425, 5429, -1, 5424, 5430, 5431, -1,
5429, 5426, 5427, -1, 5368, 5369, 5405, -1, 5368, 5405, 5406, -1, 5368, 5406, 5407, -1,
5368, 5407, 5859, -1, 5370, 5371, 5403, -1, 5370, 5403, 5404, -1, 5370, 5404, 5405, -1,
5372, 5373, 5401, -1, 5372, 5401, 5402, -1, 5372, 5402, 5403, -1, 5374, 5375, 5399, -1,
5374, 5400, 5401, -1, 5376, 5377, 5397, -1, 5376, 5398, 5399, -1, 5378, 5379, 5395, -1,
5378, 5396, 5397, -1, 5383, 5392, 5382, -1, 5382, 5392, 5393, -1, 5381, 5394, 5380, -1,
5380, 5394, 5395, -1, 5384, 5385, 5391, -1, 5386, 5387, 5389, -1, 5386, 5390, 5391, -1,
5316, 5317, 5352, -1, 5316, 5352, 5353, -1, 5316, 5353, 5354, -1, 5316, 5354, 5355, -1,
5316, 5355, 5356, -1, 5316, 5356, 5868, -1, 5316, 5868, 5869, -1, 5316, 5869, 5870, -1,
5316, 5870, 5872, -1, 5316, 5872, 5873, -1, 5316, 5874, 5875, -1, 5316, 5876, 5877, -1,
5316, 5878, 5879, -1, 5316, 5880, 5881, -1, 5316, 5882, 5883, -1, 5316, 5884, 5885, -1,
5316, 5886, 5887, -1, 5316, 5888, 5889, -1, 5316, 5890, 5891, -1, 5316, 5892, 5893, -1,
5316, 5894, 5895, -1, 5316, 5896, 5897, -1, 5316, 5898, 5899, -1, 5316, 5900, 5901, -1,
5316, 5902, 5903, -1, 5316, 5904, 5905, -1, 5316, 5906, 5907, -1, 5316, 5908, 5909, -1,
5316, 5910, 5911, -1, 5316, 5912, 5913, -1, 5316, 5914, 5915, -1, 5316, 5916, 5917, -1,
5316, 5918, 5919, -1, 5316, 5919, 5259, -1, 5316, 5259, 5260, -1, 5316, 5261, 5262, -1,
5316, 5263, 5264, -1, 5316, 5265, 5266, -1, 5316, 5267, 5315, -1, 5314, 5267, 5268, -1,
5314, 5269, 5313, -1, 5312, 5269, 5270, -1, 5312, 5271, 5311, -1, 5310, 5271, 5272, -1,
5310, 5273, 5309, -1, 5308, 5273, 5274, -1, 5308, 5275, 5307, -1, 5306, 5275, 5276, -1,
5306, 5277, 5305, -1, 5304, 5277, 5278, -1, 5304, 5279, 5303, -1, 5302, 5279, 5280, -1,
5302, 5281, 5301, -1, 5300, 5281, 5282, -1, 5300, 5283, 5299, -1, 5298, 5283, 5284, -1,
5298, 5285, 5297, -1, 5296, 5285, 5286, -1, 5296, 5287, 5295, -1, 5294, 5287, 5288, -1,
5294, 5289, 5293, -1, 5292, 5289, 5290, -1, 6048, 6049, 6045, -1, 6048, 6045, 6046, -1,
6048, 6046, 6047, -1, 6050, 6051, 6043, -1, 6050, 6044, 6045, -1, 6050, 6045, 6049, -1,
6052, 6053, 6041, -1, 6052, 6042, 6043, -1, 6052, 6043, 6051, -1, 6054, 6055, 6039, -1,
6054, 6040, 6041, -1, 6054, 6041, 6053, -1, 6056, 6057, 6037, -1, 6056, 6038, 6039, -1,
6058, 6059, 6035, -1, 6058, 6036, 6037, -1, 6060, 6061, 6033, -1, 6060, 6034, 6035, -1,
6062, 6063, 6031, -1, 6062, 6032, 6033, -1, 6064, 6065, 6029, -1, 6064, 6029, 6030, -1,
6064, 6030, 6031, -1, 6065, 6066, 6015, -1, 6065, 6015, 6016, -1, 6065, 6016, 6017, -1,
6065, 6017, 6018, -1, 6065, 6018, 6019, -1, 6065, 6019, 6020, -1, 6065, 6020, 6021, -1,
6065, 6021, 6022, -1, 6065, 6022, 6023, -1, 6065, 6023, 6024, -1, 6065, 6024, 6025, -1,
6065, 6025, 6026, -1, 6065, 6026, 6027, -1, 6065, 6027, 6028, -1, 6065, 6028, 6029, -1,
5999, 6000, 6005, -1, 6005, 6000, 6001, -1, 6005, 6001, 6004, -1, 6004, 6001, 6002, -1,
6004, 6002, 6003, -1, 6005, 6006, 5979, -1, 6005, 5979, 5981, -1, 6005, 5981, 5982, -1,
6005, 5982, 5983, -1, 6005, 5983, 5985, -1, 6005, 5985, 5986, -1, 6005, 5986, 5987, -1,
6005, 5987, 5989, -1, 6005, 5989, 5990, -1, 6005, 5990, 5991, -1, 6005, 5991, 5992, -1,
6005, 5992, 5993, -1, 6005, 5993, 5994, -1, 6005, 5994, 5996, -1, 6005, 5996, 5997, -1,
6005, 5997, 5998, -1, 6005, 5998, 5999, -1, 6006, 6007, 6066, -1, 6006, 6066, 5973, -1,
6006, 5973, 5975, -1, 6006, 5975, 5976, -1, 6006, 5976, 5978, -1, 6006, 5978, 5979, -1,
6066, 6007, 6008, -1, 6066, 6008, 6009, -1, 6066, 6009, 6010, -1, 6066, 6010, 6012, -1,
6066, 6012, 6013, -1, 6066, 6013, 6014, -1, 6066, 6014, 6015, -1, 6066, 6067, 5255, -1,
6066, 5255, 5960, -1, 6066, 5960, 5962, -1, 6066, 5962, 5964, -1, 6066, 5964, 5966, -1,
6066, 5966, 5968, -1, 6066, 5968, 5970, -1, 6066, 5970, 5972, -1, 6066, 5972, 5973, -1,
5868, 5356, 5357, -1, 5868, 5357, 5358, -1, 5868, 5358, 5359, -1, 5868, 5359, 5867, -1,
5862, 5863, 5364, -1, 5364, 5863, 5864, -1, 5364, 5864, 5362, -1, 5362, 5864, 5865, -1,
5362, 5865, 5361, -1, 5361, 5865, 5866, -1, 5361, 5866, 5360, -1, 5360, 5866, 5867, -1,
5360, 5867, 5359, -1, 5860, 5861, 5366, -1, 5366, 5861, 5862, -1, 5365, 5862, 5364, -1,
5366, 5367, 5859, -1, 5407, 5408, 5857, -1, 5407, 5858, 5859, -1, 5454, 5856, 5857, -1,
5454, 5857, 5453, -1, 5453, 5857, 5452, -1, 5855, 5454, 5455, -1, 5855, 5455, 5456, -1,
5855, 5456, 5457, -1, 5855, 5457, 5854, -1, 5853, 5457, 5458, -1, 5853, 5458, 5459, -1,
5853, 5459, 5852, -1, 5851, 5459, 5460, -1, 5464, 5465, 5478, -1, 5464, 5478, 5479, -1,
5464, 5479, 5480, -1, 5466, 5468, 5476, -1, 5466, 5476, 5477, -1, 5466, 5477, 5478, -1,
5482, 5848, 5849, -1, 5482, 5849, 5481, -1, 5481, 5849, 5480, -1, 5483, 5484, 5845, -1,
5483, 5846, 5847, -1, 5483, 5847, 5482, -1, 5840, 5841, 5486, -1, 5486, 5841, 5842, -1,
5486, 5842, 5485, -1, 5485, 5842, 5843, -1, 5485, 5843, 5484, -1, 5484, 5844, 5845, -1,
5487, 5488, 5838, -1, 5487, 5838, 5839, -1, 5487, 5839, 5840, -1, 5487, 5840, 5486, -1,
5488, 5489, 5835, -1, 5488, 5836, 5837, -1, 5488, 5837, 5838, -1, 5831, 5832, 5490, -1,
5490, 5832, 5833, -1, 5490, 5833, 5489, -1, 5489, 5833, 5834, -1, 5489, 5834, 5835, -1,
5829, 5830, 5492, -1, 5492, 5830, 5831, -1, 5491, 5831, 5490, -1, 5828, 5492, 5493, -1,
5828, 5494, 5827, -1, 5826, 5827, 5494, -1, 5826, 5494, 5495, -1, 5826, 5496, 5825, -1,
5498, 5821, 5822, -1, 5498, 5822, 5497, -1, 5497, 5823, 5496, -1, 5496, 5823, 5824, -1,
5500, 5819, 5820, -1, 5500, 5820, 5499, -1, 5499, 5820, 5498, -1, 5502, 5817, 5818, -1,
5502, 5818, 5501, -1, 5501, 5818, 5500, -1, 5504, 5815, 5816, -1, 5504, 5816, 5503, -1,
5503, 5816, 5502, -1, 5814, 5504, 5505, -1, 5814, 5506, 5507, -1, 5514, 5515, 5812, -1,
5514, 5813, 5814, -1, 5514, 5814, 5513, -1, 5516, 5809, 5810, -1, 5516, 5810, 5515, -1,
5515, 5811, 5812, -1, 5517, 5518, 5806, -1, 5517, 5807, 5808, -1, 5517, 5808, 5516, -1,
5518, 5519, 5802, -1, 5518, 5803, 5804, -1, 5518, 5805, 5806, -1, 5519, 5520, 5798, -1,
5519, 5799, 5800, -1, 5519, 5801, 5802, -1, 5520, 5521, 5796, -1, 5520, 5797, 5798, -1,
5522, 5523, 5794, -1, 5522, 5795, 5796, -1, 5522, 5796, 5521, -1, 5524, 5525, 5792, -1,
5524, 5793, 5794, -1, 5526, 5527, 5790, -1, 5526, 5791, 5792, -1, 5528, 5529, 5788, -1,
5528, 5789, 5790, -1, 5530, 5531, 5786, -1, 5530, 5787, 5788, -1, 5532, 5533, 5784, -1,
5532, 5785, 5786, -1, 5534, 5535, 5782, -1, 5534, 5783, 5784, -1, 5536, 5537, 5780, -1,
5536, 5781, 5782, -1, 5538, 5539, 5778, -1, 5538, 5779, 5780, -1, 5540, 5541, 5776, -1,
5540, 5777, 5778, -1, 5776, 5542, 5543, -1, 5776, 5544, 5775, -1, 5774, 5544, 5545, -1,
5774, 5546, 5773, -1, 5772, 5546, 5547, -1, 5772, 5547, 5548, -1, 5772, 5548, 5771, -1,
5770, 5548, 5549, -1, 5770, 5549, 5550, -1, 5770, 5550, 5769, -1, 5768, 5550, 5552, -1,
5768, 5552, 5553, -1, 5768, 5553, 5767, -1, 5473, 5474, 5469, -1, 5469, 5474, 5475, -1,
5469, 5475, 5468, -1, 5468, 5475, 5476, -1, 5472, 5473, 5469, -1, 5472, 5469, 5470, -1,
5472, 5470, 5471, -1, 5554, 5765, 5766, -1, 5554, 5766, 5553, -1, 5764, 5554, 5556, -1,
5764, 5556, 5557, -1, 5764, 5558, 5763, -1, 5762, 5558, 5559, -1, 5762, 5559, 5560, -1,
5762, 5560, 5761, -1, 5760, 5560, 5561, -1, 5760, 5561, 5562, -1, 5760, 5562, 5759, -1,
5758, 5562, 5563, -1, 5758, 5563, 5564, -1, 5758, 5564, 5757, -1, 5565, 5755, 5756, -1,
5565, 5756, 5564, -1, 5567, 5753, 5754, -1, 5567, 5754, 5566, -1, 5566, 5754, 5565, -1,
5569, 5751, 5752, -1, 5569, 5752, 5568, -1, 5568, 5752, 5567, -1, 5571, 5749, 5750, -1,
5571, 5750, 5570, -1, 5570, 5750, 5569, -1, 5573, 5747, 5748, -1, 5573, 5748, 5572, -1,
5572, 5748, 5571, -1, 5574, 5575, 5744, -1, 5574, 5745, 5746, -1, 5574, 5746, 5573, -1,
5576, 5577, 5742, -1, 5576, 5743, 5744, -1, 5576, 5744, 5575, -1, 5578, 5579, 5740, -1,
5578, 5741, 5742, -1, 5578, 5742, 5577, -1, 5580, 5581, 5738, -1, 5580, 5739, 5740, -1,
5580, 5740, 5579, -1, 5581, 5582, 5736, -1, 5581, 5737, 5738, -1, 5583, 5584, 5734, -1,
5583, 5735, 5736, -1, 5583, 5736, 5582, -1, 5585, 5586, 5732, -1, 5585, 5733, 5734, -1,
5585, 5734, 5584, -1, 5587, 5588, 5730, -1, 5587, 5731, 5732, -1, 5587, 5732, 5586, -1,
5588, 5589, 5728, -1, 5588, 5729, 5730, -1, 5591, 5727, 5728, -1, 5590, 5728, 5589, -1,
5593, 5725, 5726, -1, 5593, 5726, 5592, -1, 5592, 5726, 5591, -1, 5595, 5723, 5724, -1,
5594, 5724, 5593, -1, 5595, 5596, 5722, -1, 5722, 5596, 5597, -1, 5722, 5597, 5721, -1,
5721, 5597, 5598, -1, 5721, 5598, 5720, -1, 5720, 5598, 5599, -1, 5720, 5599, 5719, -1,
5719, 5599, 5600, -1, 5719, 5600, 5601, -1, 5710, 5711, 5608, -1, 5608, 5711, 5712, -1,
5608, 5712, 5607, -1, 5607, 5712, 5713, -1, 5607, 5713, 5606, -1, 5606, 5713, 5714, -1,
5606, 5714, 5605, -1, 5605, 5714, 5715, -1, 5605, 5715, 5604, -1, 5604, 5715, 5716, -1,
5604, 5716, 5603, -1, 5603, 5716, 5717, -1, 5603, 5717, 5602, -1, 5602, 5717, 5718, -1,
5602, 5718, 5601, -1, 5601, 5718, 5719, -1, 5707, 5708, 5611, -1, 5611, 5708, 5709, -1,
5611, 5709, 5610, -1, 5610, 5709, 5710, -1, 5610, 5710, 5608, -1, 5613, 5706, 5707, -1,
5612, 5707, 5611, -1, 5704, 5705, 5613, -1, 5704, 5613, 5614, -1, 5704, 5615, 5703, -1,
5702, 5703, 5615, -1, 5702, 5615, 5616, -1, 5702, 5617, 5701, -1, 5700, 5701, 5617, -1,
5700, 5617, 5618, -1, 5700, 5619, 5699, -1, 5698, 5699, 5619, -1, 5698, 5619, 5620, -1,
5698, 5621, 5697, -1, 5696, 5621, 5622, -1, 5696, 5623, 5695, -1, 5694, 5623, 5624, -1,
5694, 5625, 5693, -1, 5692, 5625, 5626, -1, 5692, 5627, 5691, -1, 5690, 5627, 5628, -1,
5690, 5629, 5630, -1, 5690, 5631, 5689, -1, 5688, 5689, 5631, -1, 5688, 5631, 5632, -1,
5688, 5633, 5687, -1, 5686, 5687, 5633, -1, 5686, 5633, 5634, -1, 5686, 5635, 5685, -1,
5684, 5685, 5635, -1, 5684, 5635, 5636, -1, 5684, 5637, 5683, -1, 5682, 5683, 5637, -1,
5682, 5637, 5638, -1, 5682, 5639, 5640, -1, 5682, 5641, 5681, -1, 5680, 5681, 5641, -1,
5680, 5641, 5642, -1, 5680, 5643, 5679, -1, 5678, 5679, 5643, -1, 5678, 5643, 5644, -1,
5678, 5645, 5646, -1, 5678, 5647, 5677, -1, 5676, 5677, 5647, -1, 5676, 5647, 5648, -1,
5676, 5649, 5650, -1, 5676, 5651, 5675, -1, 5674, 5675, 5651, -1, 5674, 5651, 5652, -1,
5674, 5653, 5654, -1, 5674, 5655, 5673, -1, 5672, 5673, 5655, -1, 5672, 5655, 5656, -1,
5672, 5657, 5658, -1, 5672, 5659, 5671, -1, 5670, 5671, 5659, -1, 5670, 5659, 5660, -1,
5670, 5660, 5661, -1, 5670, 5661, 5669, -1, 5661, 5662, 5667, -1, 5661, 5667, 5668, -1,
5661, 5668, 5669, -1, 5663, 5664, 5665, -1, 5663, 5665, 5666, -1, 5663, 5666, 5667, -1,
5663, 5667, 5662, -1, 693, 695, 626, -1, 693, 626, 627, -1, 693, 628, 692, -1,
691, 692, 628, -1, 691, 628, 629, -1, 691, 630, 690, -1, 630, 631, 690, -1,
690, 632, 689, -1, 689, 632, 687, -1, 632, 633, 687, -1, 687, 634, 686, -1,
686, 634, 635, -1, 686, 636, 685, -1, 685, 636, 637, -1, 684, 638, 683, -1,
683, 638, 639, -1, 640, 641, 681, -1, 640, 681, 682, -1, 640, 682, 683, -1,
642, 643, 680, -1, 642, 680, 681, -1, 644, 645, 679, -1, 644, 679, 680, -1,
679, 646, 647, -1, 679, 648, 678, -1, 677, 648, 649, -1, 677, 650, 651, -1,
677, 651, 652, -1, 677, 652, 676, -1, 675, 652, 653, -1, 675, 653, 654, -1,
675, 654, 674, -1, 673, 674, 654, -1, 673, 654, 655, -1, 673, 655, 656, -1,
673, 656, 657, -1, 673, 657, 658, -1, 673, 658, 672, -1, 671, 672, 658, -1,
671, 658, 659, -1, 671, 659, 660, -1, 671, 660, 661, -1, 671, 661, 662, -1,
671, 662, 663, -1, 671, 663, 664, -1, 671, 664, 665, -1, 671, 665, 670, -1,
665, 666, 667, -1, 665, 667, 668, -1, 665, 668, 669, -1, 665, 669, 670, -1,
1057, 724, 725, -1, 1057, 725, 1056, -1, 1055, 726, 727, -1, 1055, 727, 1054, -1,
1054, 728, 729, -1, 1058, 1059, 721, -1, 1058, 722, 723, -1, 1058, 723, 1057, -1,
1060, 718, 719, -1, 1060, 719, 1059, -1, 1059, 720, 721, -1, 1061, 714, 715, -1,
1061, 715, 1060, -1, 1060, 716, 717, -1, 1062, 1063, 711, -1, 1062, 712, 713, -1,
1062, 713, 1061, -1, 1063, 1064, 707, -1, 1063, 708, 709, -1, 1063, 710, 711, -1,
1065, 704, 705, -1, 1065, 705, 1064, -1, 1064, 706, 707, -1, 1066, 1067, 701, -1,
1066, 702, 703, -1, 1066, 703, 1065, -1, 1067, 1068, 697, -1, 1067, 698, 699, -1,
1067, 700, 701, -1, 1068, 626, 695, -1, 1068, 696, 697, -1, 1053, 732, 733, -1,
1053, 733, 1052, -1, 1051, 734, 735, -1, 1051, 735, 1050, -1, 1050, 736, 737, -1,
1054, 730, 731, -1, 1054, 731, 1053, -1, 1039, 757, 1038, -1, 1037, 758, 759, -1,
1037, 759, 1036, -1, 1036, 760, 761, -1, 1040, 1041, 755, -1, 1040, 756, 757, -1,
1042, 752, 753, -1, 1042, 753, 1041, -1, 1041, 754, 755, -1, 1043, 1044, 749, -1,
1043, 750, 751, -1, 1043, 751, 1042, -1, 1045, 746, 747, -1, 1045, 747, 1044, -1,
1044, 748, 749, -1, 1046, 1047, 743, -1, 1046, 744, 745, -1, 1046, 745, 1045, -1,
1048, 740, 741, -1, 1048, 741, 1047, -1, 1047, 742, 743, -1, 1049, 1050, 737, -1,
1049, 738, 739, -1, 1049, 739, 1048, -1, 1014, 798, 799, -1, 1014, 799, 1013, -1,
1012, 800, 801, -1, 1012, 801, 1011, -1, 1011, 802, 803, -1, 1015, 1016, 795, -1,
1015, 796, 797, -1, 1015, 797, 1014, -1, 1017, 792, 793, -1, 1017, 793, 1016, -1,
1016, 794, 795, -1, 1019, 790, 791, -1, 1019, 791, 1018, -1, 1018, 791, 1017, -1,
1020, 1021, 787, -1, 1020, 788, 789, -1, 1020, 789, 1019, -1, 1022, 784, 785, -1,
1022, 785, 1021, -1, 1021, 786, 787, -1, 1023, 1024, 781, -1, 1023, 782, 783, -1,
1023, 783, 1022, -1, 1024, 1025, 779, -1, 1024, 780, 781, -1, 1026, 1027, 777, -1,
1026, 778, 779, -1, 1026, 779, 1025, -1, 1028, 774, 775, -1, 1028, 775, 1027, -1,
1027, 776, 777, -1, 1029, 1030, 771, -1, 1029, 772, 773, -1, 1029, 773, 1028, -1,
1031, 768, 769, -1, 1031, 769, 1030, -1, 1030, 770, 771, -1, 1032, 1033, 765, -1,
1032, 766, 767, -1, 1032, 767, 1031, -1, 1033, 1034, 763, -1, 1033, 764, 765, -1,
1035, 1036, 761, -1, 1035, 762, 763, -1, 1035, 763, 1034, -1, 907, 908, 902, -1,
907, 902, 903, -1, 907, 903, 904, -1, 907, 904, 905, -1, 907, 905, 906, -1,
902, 908, 909, -1, 902, 909, 910, -1, 902, 910, 911, -1, 902, 911, 912, -1,
902, 912, 901, -1, 912, 913, 899, -1, 912, 899, 900, -1, 912, 900, 901, -1,
914, 915, 897, -1, 914, 897, 898, -1, 914, 898, 899, -1, 914, 899, 913, -1,
916, 917, 895, -1, 916, 895, 896, -1, 916, 896, 897, -1, 916, 897, 915, -1,
918, 919, 893, -1, 918, 893, 894, -1, 918, 894, 895, -1, 918, 895, 917, -1,
920, 921, 890, -1, 920, 890, 891, -1, 920, 892, 893, -1, 920, 893, 919, -1,
922, 923, 889, -1, 922, 889, 890, -1, 922, 890, 921, -1, 924, 925, 888, -1,
924, 888, 889, -1, 924, 889, 923, -1, 926, 927, 887, -1, 926, 887, 888, -1,
926, 888, 925, -1, 928, 929, 886, -1, 928, 886, 887, -1, 930, 931, 885, -1,
930, 885, 886, -1, 932, 933, 884, -1, 932, 884, 885, -1, 884, 934, 935, -1,
884, 936, 883, -1, 936, 937, 883, -1, 883, 938, 882, -1, 882, 938, 939, -1,
881, 882, 940, -1, 881, 940, 941, -1, 881, 942, 880, -1, 880, 942, 943, -1,
880, 944, 945, -1, 880, 946, 879, -1, 946, 947, 879, -1, 879, 948, 878, -1,
878, 948, 949, -1, 950, 951, 875, -1, 950, 875, 877, -1, 950, 877, 878, -1,
952, 953, 873, -1, 952, 873, 874, -1, 952, 874, 875, -1, 954, 955, 871, -1,
954, 871, 872, -1, 954, 872, 873, -1, 956, 957, 870, -1, 956, 870, 871, -1,
958, 959, 868, -1, 958, 869, 870, -1, 960, 961, 867, -1, 960, 867, 868, -1,
962, 963, 866, -1, 962, 866, 867, -1, 964, 965, 865, -1, 964, 865, 866, -1,
966, 967, 862, -1, 966, 863, 864, -1, 966, 864, 865, -1, 862, 968, 969, -1,
862, 970, 861, -1, 970, 971, 861, -1, 861, 972, 860, -1, 860, 972, 973, -1,
974, 975, 858, -1, 974, 859, 860, -1, 976, 977, 857, -1, 976, 857, 858, -1,
978, 979, 856, -1, 978, 856, 857, -1, 980, 981, 855, -1, 980, 855, 856, -1,
982, 983, 853, -1, 982, 854, 855, -1, 984, 985, 851, -1, 984, 852, 853, -1,
986, 987, 849, -1, 986, 850, 851, -1, 988, 846, 847, -1, 988, 847, 987, -1,
987, 848, 849, -1, 989, 842, 843, -1, 989, 843, 988, -1, 988, 844, 845, -1,
990, 991, 839, -1, 990, 840, 841, -1, 990, 841, 989, -1, 992, 993, 837, -1,
992, 838, 839, -1, 994, 995, 835, -1, 994, 836, 837, -1, 996, 832, 833, -1,
996, 833, 995, -1, 995, 834, 835, -1, 997, 998, 829, -1, 997, 830, 831, -1,
997, 831, 996, -1, 999, 826, 827, -1, 999, 827, 998, -1, 998, 828, 829, -1,
1000, 1001, 823, -1, 1000, 824, 825, -1, 1000, 825, 999, -1, 1001, 1002, 819, -1,
1001, 820, 821, -1, 1001, 822, 823, -1, 1003, 816, 817, -1, 1003, 817, 1002, -1,
1002, 818, 819, -1, 1004, 812, 813, -1, 1004, 813, 1003, -1, 1003, 814, 815, -1,
1006, 810, 811, -1, 1006, 811, 1005, -1, 1005, 811, 1004, -1, 1007, 1008, 807, -1,
1007, 808, 809, -1, 1007, 809, 1006, -1, 1009, 804, 805, -1, 1009, 805, 1008, -1,
1008, 806, 807, -1, 1010, 1011, 803, -1, 1010, 803, 1009, -1, 1098, 1113, 1114, -1,
1098, 1114, 1116, -1, 1110, 1112, 1098, -1, 1110, 1098, 1108, -1, 1108, 1098, 1106, -1,
1104, 1106, 1098, -1, 1104, 1098, 1102, -1, 1102, 1098, 1100, -1, 1072, 1326, 1327, -1,
1071, 1328, 1070, -1, 1070, 1328, 1330, -1, 1069, 1330, 1331, -1, 1076, 1322, 1323, -1,
1075, 1324, 1074, -1, 1074, 1324, 1325, -1, 1073, 1325, 1072, -1, 1078, 1318, 1319, -1,
1077, 1320, 1076, -1, 1076, 1320, 1321, -1, 1078, 1079, 1315, -1, 1078, 1316, 1317, -1,
1080, 1081, 1311, -1, 1080, 1312, 1313, -1, 1080, 1314, 1315, -1, 1082, 1083, 1307, -1,
1082, 1308, 1309, -1, 1082, 1310, 1311, -1, 1084, 1085, 1303, -1, 1084, 1304, 1305, -1,
1084, 1306, 1307, -1, 1086, 1087, 1297, -1, 1086, 1297, 1298, -1, 1086, 1298, 1299, -1,
1086, 1299, 1300, -1, 1086, 1300, 1301, -1, 1086, 1302, 1303, -1, 1088, 1089, 1293, -1,
1088, 1293, 1294, -1, 1088, 1294, 1295, -1, 1088, 1295, 1296, -1, 1088, 1296, 1297, -1,
1090, 1091, 1282, -1, 1090, 1282, 1283, -1, 1090, 1283, 1284, -1, 1090, 1284, 1285, -1,
1090, 1285, 1286, -1, 1090, 1286, 1287, -1, 1090, 1287, 1288, -1, 1090, 1288, 1289, -1,
1090, 1289, 1290, -1, 1090, 1290, 1291, -1, 1090, 1291, 1292, -1, 1090, 1292, 1293, -1,
1092, 1093, 1276, -1, 1092, 1276, 1277, -1, 1092, 1277, 1278, -1, 1092, 1278, 1279, -1,
1092, 1279, 1280, -1, 1092, 1280, 1281, -1, 1092, 1281, 1282, -1, 1094, 1095, 1268, -1,
1094, 1269, 1270, -1, 1094, 1271, 1272, -1, 1094, 1273, 1274, -1, 1094, 1275, 1276, -1,
1096, 1097, 1260, -1, 1096, 1261, 1262, -1, 1096, 1263, 1264, -1, 1096, 1265, 1266, -1,
1096, 1267, 1268, -1, 1097, 1098, 1247, -1, 1097, 1247, 1248, -1, 1097, 1248, 1250, -1,
1097, 1251, 1252, -1, 1097, 1253, 1254, -1, 1097, 1255, 1256, -1, 1097, 1257, 1258, -1,
1097, 1259, 1260, -1, 1098, 1117, 1118, -1, 1098, 1119, 1120, -1, 1098, 1121, 1122, -1,
1098, 1123, 1124, -1, 1098, 1125, 1126, -1, 1098, 1127, 1128, -1, 1098, 1128, 1129, -1,
1098, 1129, 1130, -1, 1098, 1130, 1131, -1, 1098, 1131, 1132, -1, 1098, 1132, 1133, -1,
1098, 1133, 1134, -1, 1098, 1134, 1135, -1, 1098, 1135, 1136, -1, 1098, 1136, 1137, -1,
1098, 1137, 1138, -1, 1098, 1138, 1139, -1, 1098, 1139, 1140, -1, 1098, 1140, 1141, -1,
1098, 1141, 1142, -1, 1098, 1142, 1246, -1, 1098, 1246, 1247, -1, 1245, 1142, 1143, -1,
1245, 1143, 1144, -1, 1245, 1144, 1145, -1, 1245, 1145, 1146, -1, 1245, 1146, 1147, -1,
1245, 1147, 1148, -1, 1245, 1148, 1244, -1, 1243, 1148, 1149, -1, 1243, 1149, 1150, -1,
1243, 1150, 1151, -1, 1243, 1151, 1152, -1, 1243, 1152, 1153, -1, 1243, 1153, 1242, -1,
1241, 1153, 1154, -1, 1241, 1154, 1155, -1, 1241, 1155, 1156, -1, 1241, 1157, 1158, -1,
1241, 1159, 1240, -1, 1239, 1159, 1160, -1, 1239, 1161, 1162, -1, 1239, 1163, 1238, -1,
1237, 1163, 1164, -1, 1237, 1165, 1166, -1, 1237, 1166, 1167, -1, 1237, 1167, 1168, -1,
1237, 1168, 1236, -1, 1235, 1168, 1169, -1, 1235, 1169, 1170, -1, 1235, 1170, 1171, -1,
1235, 1172, 1234, -1, 1233, 1172, 1173, -1, 1233, 1173, 1174, -1, 1233, 1174, 1232, -1,
1231, 1174, 1175, -1, 1231, 1176, 1177, -1, 1231, 1177, 1230, -1, 1229, 1177, 1178, -1,
1229, 1178, 1179, -1, 1229, 1179, 1228, -1, 1180, 1226, 1227, -1, 1180, 1227, 1179, -1,
1182, 1224, 1225, -1, 1181, 1225, 1180, -1, 1184, 1222, 1223, -1, 1183, 1223, 1182, -1,
1186, 1220, 1221, -1, 1185, 1221, 1184, -1, 1188, 1218, 1219, -1, 1187, 1219, 1186, -1,
1190, 1216, 1217, -1, 1189, 1217, 1188, -1, 1192, 1214, 1215, -1, 1191, 1215, 1190, -1,
1192, 1193, 1213, -1, 1213, 1194, 1212, -1, 1212, 1194, 1195, -1, 1211, 1196, 1210, -1,
1210, 1196, 1197, -1, 1209, 1198, 1208, -1, 1208, 1198, 1199, -1, 1207, 1200, 1201, -1,
1207, 1201, 1206, -1, 1205, 1202, 1203, -1, 1341, 1332, 1333, -1, 1341, 1333, 1339, -1,
1334, 1335, 1337, -1, 1334, 1338, 1339, -1, 1390, 1343, 1344, -1, 1390, 1344, 1345, -1,
1390, 1345, 1346, -1, 1390, 1346, 1347, -1, 1390, 1347, 1389, -1, 1347, 1348, 1387, -1,
1347, 1387, 1388, -1, 1347, 1388, 1389, -1, 1385, 1386, 1350, -1, 1350, 1386, 1387, -1,
1350, 1387, 1349, -1, 1349, 1387, 1348, -1, 1384, 1385, 1350, -1, 1384, 1350, 1351, -1,
1384, 1351, 1352, -1, 1384, 1352, 1383, -1, 1352, 1353, 1381, -1, 1352, 1381, 1382, -1,
1352, 1382, 1383, -1, 1354, 1355, 1378, -1, 1354, 1378, 1379, -1, 1354, 1379, 1380, -1,
1354, 1380, 1381, -1, 1354, 1381, 1353, -1, 1356, 1357, 1375, -1, 1356, 1375, 1376, -1,
1356, 1376, 1377, -1, 1356, 1377, 1378, -1, 1356, 1378, 1355, -1, 1375, 1357, 1358, -1,
1375, 1358, 1359, -1, 1375, 1359, 1360, -1, 1375, 1360, 1361, -1, 1375, 1361, 1362, -1,
1375, 1362, 1374, -1, 1362, 1363, 1372, -1, 1362, 1372, 1373, -1, 1362, 1373, 1374, -1,
1370, 1371, 1365, -1, 1365, 1371, 1372, -1, 1365, 1372, 1364, -1, 1364, 1372, 1363, -1,
1367, 1368, 1366, -1, 1366, 1368, 1369, -1, 1366, 1369, 1365, -1, 1365, 1369, 1370, -1,
1392, 1393, 1430, -1, 1392, 1430, 1431, -1, 1392, 1431, 1432, -1, 1392, 1432, 1433, -1,
1392, 1433, 1434, -1, 1392, 1434, 1391, -1, 1430, 1393, 1394, -1, 1430, 1394, 1395, -1,
1430, 1395, 1396, -1, 1430, 1396, 1429, -1, 1396, 1397, 1427, -1, 1396, 1427, 1428, -1,
1396, 1428, 1429, -1, 1427, 1397, 1398, -1, 1427, 1398, 1399, -1, 1427, 1399, 1400, -1,
1427, 1400, 1426, -1, 1400, 1401, 1423, -1, 1400, 1423, 1424, -1, 1400, 1424, 1425, -1,
1400, 1425, 1426, -1, 1423, 1401, 1402, -1, 1423, 1402, 1403, -1, 1423, 1403, 1404, -1,
1423, 1404, 1422, -1, 1404, 1405, 1419, -1, 1404, 1419, 1420, -1, 1404, 1420, 1421, -1,
1404, 1421, 1422, -1, 1419, 1405, 1406, -1, 1419, 1406, 1407, -1, 1419, 1407, 1408, -1,
1419, 1408, 1418, -1, 1408, 1409, 1415, -1, 1408, 1415, 1416, -1, 1408, 1416, 1417, -1,
1408, 1417, 1418, -1, 1409, 1410, 1415, -1, 1415, 1410, 1411, -1, 1415, 1411, 1414, -1,
1414, 1411, 1412, -1, 1414, 1412, 1413, -1, 1436, 1437, 1480, -1, 1436, 1480, 1481, -1,
1436, 1481, 1482, -1, 1436, 1482, 1483, -1, 1436, 1483, 1435, -1, 1478, 1479, 1439, -1,
1439, 1479, 1480, -1, 1439, 1480, 1438, -1, 1438, 1480, 1437, -1, 1477, 1478, 1439, -1,
1477, 1439, 1440, -1, 1477, 1440, 1441, -1, 1477, 1441, 1442, -1, 1477, 1442, 1476, -1,
1442, 1443, 1474, -1, 1442, 1474, 1475, -1, 1442, 1475, 1476, -1, 1444, 1445, 1472, -1,
1444, 1472, 1473, -1, 1444, 1473, 1474, -1, 1444, 1474, 1443, -1, 1472, 1445, 1446, -1,
1472, 1446, 1447, -1, 1472, 1447, 1448, -1, 1472, 1448, 1449, -1, 1472, 1449, 1450, -1,
1472, 1450, 1471, -1, 1450, 1451, 1469, -1, 1450, 1469, 1470, -1, 1450, 1470, 1471, -1,
1469, 1451, 1452, -1, 1469, 1452, 1453, -1, 1469, 1453, 1454, -1, 1469, 1454, 1468, -1,
1454, 1455, 1465, -1, 1454, 1465, 1466, -1, 1454, 1466, 1467, -1, 1454, 1467, 1468, -1,
1456, 1457, 1461, -1, 1456, 1461, 1462, -1, 1456, 1462, 1463, -1, 1456, 1463, 1464, -1,
1456, 1464, 1465, -1, 1456, 1465, 1455, -1, 1458, 1459, 1460, -1, 1458, 1460, 1461, -1,
1458, 1461, 1457, -1, 1533, 1534, 1484, -1, 1533, 1484, 1485, -1, 1533, 1485, 1486, -1,
1533, 1486, 1487, -1, 1533, 1487, 1532, -1, 1531, 1532, 1487, -1, 1531, 1487, 1488, -1,
1531, 1488, 1489, -1, 1531, 1489, 1490, -1, 1531, 1490, 1530, -1, 1529, 1530, 1490, -1,
1529, 1490, 1491, -1, 1529, 1491, 1492, -1, 1529, 1492, 1493, -1, 1529, 1493, 1528, -1,
1527, 1528, 1493, -1, 1527, 1493, 1494, -1, 1527, 1494, 1495, -1, 1527, 1495, 1496, -1,
1527, 1496, 1497, -1, 1527, 1497, 1498, -1, 1527, 1498, 1499, -1, 1527, 1499, 1500, -1,
1527, 1500, 1526, -1, 1500, 1501, 1524, -1, 1500, 1524, 1525, -1, 1500, 1525, 1526, -1,
1502, 1503, 1522, -1, 1502, 1522, 1523, -1, 1502, 1523, 1524, -1, 1502, 1524, 1501, -1,
1504, 1505, 1519, -1, 1504, 1519, 1520, -1, 1504, 1520, 1521, -1, 1504, 1521, 1522, -1,
1504, 1522, 1503, -1, 1506, 1507, 1516, -1, 1506, 1516, 1517, -1, 1506, 1517, 1518, -1,
1506, 1518, 1519, -1, 1506, 1519, 1505, -1, 1508, 1509, 1512, -1, 1508, 1512, 1513, -1,
1508, 1513, 1514, -1, 1508, 1514, 1515, -1, 1508, 1515, 1516, -1, 1508, 1516, 1507, -1,
1509, 1510, 1511, -1, 1509, 1511, 1512, -1, 1590, 1535, 1536, -1, 1590, 1536, 1537, -1,
1590, 1537, 1538, -1, 1590, 1538, 1589, -1, 1583, 1584, 1543, -1, 1543, 1584, 1585, -1,
1543, 1585, 1542, -1, 1542, 1585, 1586, -1, 1542, 1586, 1541, -1, 1541, 1586, 1587, -1,
1541, 1587, 1540, -1, 1540, 1587, 1588, -1, 1540, 1588, 1539, -1, 1539, 1588, 1589, -1,
1539, 1589, 1538, -1, 1582, 1583, 1543, -1, 1582, 1543, 1544, -1, 1582, 1544, 1545, -1,
1582, 1545, 1581, -1, 1580, 1581, 1545, -1, 1580, 1545, 1546, -1, 1580, 1546, 1547, -1,
1580, 1547, 1579, -1, 1578, 1579, 1547, -1, 1578, 1547, 1548, -1, 1578, 1548, 1549, -1,
1578, 1549, 1550, -1, 1578, 1550, 1577, -1, 1576, 1577, 1550, -1, 1576, 1550, 1551, -1,
1576, 1551, 1552, -1, 1576, 1552, 1553, -1, 1576, 1553, 1575, -1, 1574, 1575, 1553, -1,
1574, 1553, 1554, -1, 1574, 1554, 1555, -1, 1574, 1555, 1573, -1, 1572, 1573, 1555, -1,
1572, 1555, 1556, -1, 1572, 1556, 1557, -1, 1572, 1557, 1571, -1, 1557, 1558, 1569, -1,
1557, 1569, 1570, -1, 1557, 1570, 1571, -1, 1559, 1560, 1566, -1, 1559, 1566, 1567, -1,
1559, 1567, 1568, -1, 1559, 1568, 1569, -1, 1559, 1569, 1558, -1, 1564, 1565, 1562, -1,
1562, 1565, 1566, -1, 1562, 1566, 1561, -1, 1561, 1566, 1560, -1, 1593, 1594, 1636, -1,
1593, 1636, 1637, -1, 1593, 1637, 1638, -1, 1593, 1638, 1639, -1, 1593, 1639, 1591, -1,
1593, 1591, 1592, -1, 1634, 1635, 1596, -1, 1596, 1635, 1636, -1, 1596, 1636, 1595, -1,
1595, 1636, 1594, -1, 1633, 1634, 1596, -1, 1633, 1596, 1597, -1, 1633, 1597, 1598, -1,
1633, 1598, 1599, -1, 1633, 1599, 1600, -1, 1633, 1600, 1601, -1, 1633, 1601, 1602, -1,
1633, 1602, 1632, -1, 1602, 1603, 1630, -1, 1602, 1630, 1631, -1, 1602, 1631, 1632, -1,
1628, 1629, 1605, -1, 1605, 1629, 1630, -1, 1605, 1630, 1604, -1, 1604, 1630, 1603, -1,
1628, 1605, 1606, -1, 1628, 1606, 1607, -1, 1628, 1607, 1608, -1, 1628, 1608, 1627, -1,
1609, 1610, 1626, -1, 1609, 1626, 1627, -1, 1609, 1627, 1608, -1, 1611, 1612, 1625, -1,
1611, 1625, 1626, -1, 1611, 1626, 1610, -1, 1613, 1614, 1621, -1, 1613, 1621, 1622, -1,
1613, 1622, 1623, -1, 1613, 1623, 1624, -1, 1613, 1624, 1625, -1, 1613, 1625, 1612, -1,
1619, 1620, 1616, -1, 1616, 1620, 1621, -1, 1616, 1621, 1615, -1, 1615, 1621, 1614, -1,
1616, 1617, 1618, -1, 1616, 1618, 1619, -1, 1641, 1642, 1707, -1, 1641, 1707, 1708, -1,
1641, 1708, 1640, -1, 1643, 1644, 1705, -1, 1643, 1705, 1706, -1, 1643, 1706, 1707, -1,
1643, 1707, 1642, -1, 1645, 1646, 1703, -1, 1645, 1703, 1704, -1, 1645, 1704, 1705, -1,
1645, 1705, 1644, -1, 1647, 1648, 1701, -1, 1647, 1701, 1702, -1, 1647, 1702, 1703, -1,
1647, 1703, 1646, -1, 1699, 1700, 1650, -1, 1650, 1700, 1701, -1, 1650, 1701, 1649, -1,
1649, 1701, 1648, -1, 1699, 1650, 1651, -1, 1699, 1651, 1652, -1, 1699, 1652, 1653, -1,
1699, 1653, 1654, -1, 1699, 1654, 1655, -1, 1699, 1655, 1656, -1, 1699, 1656, 1657, -1,
1699, 1657, 1698, -1, 1697, 1698, 1657, -1, 1697, 1657, 1658, -1, 1697, 1658, 1659, -1,
1697, 1659, 1696, -1, 1695, 1696, 1659, -1, 1695, 1659, 1660, -1, 1695, 1660, 1661, -1,
1695, 1661, 1694, -1, 1693, 1694, 1661, -1, 1693, 1661, 1662, -1, 1693, 1662, 1663, -1,
1693, 1663, 1664, -1, 1693, 1664, 1665, -1, 1693, 1665, 1692, -1, 1665, 1666, 1689, -1,
1665, 1689, 1690, -1, 1665, 1690, 1691, -1, 1665, 1691, 1692, -1, 1667, 1668, 1684, -1,
1667, 1684, 1685, -1, 1667, 1685, 1686, -1, 1667, 1686, 1687, -1, 1667, 1687, 1688, -1,
1667, 1688, 1689, -1, 1667, 1689, 1666, -1, 1669, 1670, 1680, -1, 1669, 1680, 1681, -1,
1669, 1681, 1682, -1, 1669, 1682, 1683, -1, 1669, 1683, 1684, -1, 1669, 1684, 1668, -1,
1671, 1672, 1678, -1, 1671, 1678, 1679, -1, 1671, 1679, 1680, -1, 1671, 1680, 1670, -1,
1673, 1674, 1676, -1, 1673, 1676, 1677, -1, 1673, 1677, 1678, -1, 1673, 1678, 1672, -1,
1790, 1791, 1711, -1, 1711, 1791, 1792, -1, 1711, 1792, 1710, -1, 1710, 1792, 1709, -1,
1713, 1789, 1790, -1, 1713, 1790, 1712, -1, 1712, 1790, 1711, -1, 1715, 1787, 1788, -1,
1715, 1788, 1714, -1, 1714, 1788, 1713, -1, 1786, 1715, 1716, -1, 1786, 1716, 1717, -1,
1786, 1717, 1718, -1, 1786, 1718, 1785, -1, 1784, 1718, 1719, -1, 1784, 1719, 1720, -1,
1784, 1720, 1721, -1, 1784, 1721, 1722, -1, 1784, 1722, 1783, -1, 1782, 1722, 1723, -1,
1782, 1723, 1724, -1, 1782, 1724, 1725, -1, 1782, 1725, 1726, -1, 1782, 1726, 1781, -1,
1780, 1726, 1727, -1, 1780, 1727, 1728, -1, 1780, 1728, 1729, -1, 1780, 1729, 1779, -1,
1778, 1729, 1730, -1, 1778, 1730, 1731, -1, 1778, 1731, 1777, -1, 1776, 1731, 1732, -1,
1776, 1732, 1733, -1, 1776, 1733, 1775, -1, 1733, 1734, 1772, -1, 1733, 1772, 1773, -1,
1733, 1773, 1774, -1, 1733, 1774, 1775, -1, 1772, 1734, 1735, -1, 1772, 1735, 1736, -1,
1772, 1737, 1771, -1, 1770, 1771, 1737, -1, 1770, 1737, 1738, -1, 1770, 1739, 1769, -1,
1739, 1740, 1767, -1, 1739, 1767, 1768, -1, 1739, 1768, 1769, -1, 1741, 1742, 1762, -1,
1741, 1762, 1763, -1, 1741, 1763, 1764, -1, 1741, 1764, 1765, -1, 1741, 1765, 1766, -1,
1741, 1766, 1767, -1, 1743, 1744, 1758, -1, 1743, 1758, 1759, -1, 1743, 1759, 1760, -1,
1743, 1760, 1761, -1, 1743, 1761, 1762, -1, 1745, 1746, 1757, -1, 1745, 1757, 1758, -1,
1747, 1748, 1756, -1, 1747, 1756, 1757, -1, 1749, 1750, 1754, -1, 1749, 1754, 1755, -1,
1749, 1755, 1756, -1, 1751, 1752, 1753, -1, 1751, 1753, 1754, -1, 1794, 1795, 1949, -1,
1796, 1797, 1947, -1, 1796, 1948, 1949, -1, 1796, 1949, 1795, -1, 1798, 1799, 1945, -1,
1798, 1946, 1947, -1, 1798, 1947, 1797, -1, 1800, 1801, 1943, -1, 1800, 1944, 1945, -1,
1800, 1945, 1799, -1, 1802, 1803, 1941, -1, 1802, 1942, 1943, -1, 1802, 1943, 1801, -1,
1804, 1805, 1937, -1, 1804, 1938, 1939, -1, 1804, 1940, 1941, -1, 1804, 1941, 1803, -1,
1806, 1807, 1935, -1, 1806, 1936, 1937, -1, 1806, 1937, 1805, -1, 1808, 1809, 1933, -1,
1808, 1934, 1935, -1, 1808, 1935, 1807, -1, 1811, 1932, 1933, -1, 1811, 1933, 1810, -1,
1810, 1933, 1809, -1, 1811, 1812, 1929, -1, 1811, 1930, 1931, -1, 1929, 1812, 1813, -1,
1929, 1813, 1814, -1, 1929, 1814, 1815, -1, 1929, 1815, 1928, -1, 1927, 1815, 1816, -1,
1927, 1816, 1817, -1, 1927, 1817, 1818, -1, 1927, 1818, 1926, -1, 1925, 1818, 1819, -1,
1925, 1819, 1820, -1, 1925, 1820, 1924, -1, 1820, 1821, 1921, -1, 1820, 1922, 1923, -1,
1822, 1823, 1919, -1, 1822, 1920, 1921, -1, 1822, 1921, 1821, -1, 1919, 1824, 1825, -1,
1919, 1826, 1918, -1, 1917, 1826, 1827, -1, 1917, 1828, 1829, -1, 1917, 1830, 1916, -1,
1915, 1830, 1831, -1, 1915, 1832, 1833, -1, 1915, 1834, 1914, -1, 1913, 1834, 1835, -1,
1913, 1836, 1837, -1, 1913, 1838, 1912, -1, 1911, 1838, 1839, -1, 1911, 1840, 1841, -1,
1911, 1842, 1910, -1, 1909, 1842, 1843, -1, 1909, 1844, 1908, -1, 1907, 1844, 1845, -1,
1907, 1846, 1847, -1, 1907, 1848, 1906, -1, 1905, 1848, 1849, -1, 1905, 1850, 1851, -1,
1905, 1852, 1904, -1, 1903, 1852, 1853, -1, 1903, 1854, 1855, -1, 1903, 1856, 1902, -1,
1901, 1856, 1857, -1, 1901, 1858, 1859, -1, 1901, 1860, 1861, -1, 1901, 1862, 1900, -1,
1899, 1862, 1863, -1, 1899, 1864, 1865, -1, 1899, 1866, 1898, -1, 1897, 1898, 1866, -1,
1897, 1866, 1867, -1, 1897, 1868, 1869, -1, 1897, 1870, 1896, -1, 1870, 1871, 1894, -1,
1870, 1894, 1895, -1, 1870, 1895, 1896, -1, 1894, 1872, 1873, -1, 1894, 1874, 1893, -1,
1892, 1893, 1874, -1, 1892, 1874, 1875, -1, 1892, 1876, 1891, -1, 1876, 1877, 1885, -1,
1876, 1885, 1886, -1, 1876, 1886, 1887, -1, 1876, 1887, 1888, -1, 1876, 1888, 1889, -1,
1876, 1889, 1890, -1, 1876, 1890, 1891, -1, 1885, 1878, 1879, -1, 1885, 1879, 1880, -1,
1885, 1880, 1884, -1, 1880, 1881, 1882, -1, 1880, 1882, 1883, -1, 1880, 1883, 1884, -1,
7111, 7112, 7247, -1, 7111, 7247, 6977, -1, 7111, 6978, 7109, -1, 6978, 6979, 7109, -1,
7109, 6980, 7108, -1, 7108, 6980, 6981, -1, 7107, 7108, 6982, -1, 7107, 6982, 6983, -1,
7107, 6984, 7106, -1, 7105, 7106, 6984, -1, 7105, 6984, 6985, -1, 7105, 6986, 7104, -1,
6988, 7103, 7104, -1, 6987, 7104, 6986, -1, 6990, 7101, 7102, -1, 6989, 7102, 6988, -1,
6992, 7099, 7100, -1, 6991, 7100, 6990, -1, 6994, 7097, 7098, -1, 6993, 7098, 6992, -1,
6996, 7095, 7096, -1, 6995, 7096, 6994, -1, 7094, 6996, 6997, -1, 7094, 6998, 6999, -1,
7094, 7000, 7093, -1, 7092, 7000, 7001, -1, 7092, 7002, 7091, -1, 7090, 7002, 7003, -1,
7090, 7004, 7089, -1, 7088, 7004, 7005, -1, 7088, 7006, 7007, -1, 7088, 7008, 7087, -1,
7086, 7008, 7009, -1, 7086, 7010, 7085, -1, 7084, 7010, 7011, -1, 7084, 7012, 7083, -1,
7082, 7012, 7013, -1, 7082, 7014, 7081, -1, 7080, 7014, 7015, -1, 7080, 7016, 7079, -1,
7078, 7016, 7017, -1, 7078, 7018, 7077, -1, 7076, 7018, 7019, -1, 7076, 7020, 7075, -1,
7020, 7021, 7073, -1, 7020, 7073, 7074, -1, 7022, 7023, 7070, -1, 7022, 7070, 7071, -1,
7022, 7071, 7072, -1, 7022, 7072, 7073, -1, 7024, 7025, 7068, -1, 7024, 7068, 7069, -1,
7024, 7069, 7070, -1, 7026, 7027, 7066, -1, 7026, 7066, 7067, -1, 7026, 7067, 7068, -1,
7028, 7029, 7063, -1, 7028, 7063, 7064, -1, 7028, 7064, 7065, -1, 7028, 7065, 7066, -1,
7030, 7031, 7060, -1, 7030, 7060, 7061, -1, 7030, 7061, 7062, -1, 7030, 7062, 7063, -1,
7032, 7033, 7057, -1, 7032, 7057, 7058, -1, 7032, 7058, 7059, -1, 7032, 7059, 7060, -1,
7034, 7035, 7055, -1, 7034, 7055, 7056, -1, 7034, 7056, 7057, -1, 7036, 7037, 7053, -1,
7036, 7053, 7054, -1, 7036, 7054, 7055, -1, 7038, 7039, 7051, -1, 7038, 7051, 7052, -1,
7038, 7052, 7053, -1, 7040, 7041, 7049, -1, 7040, 7049, 7050, -1, 7040, 7050, 7051, -1,
7042, 7043, 7047, -1, 7042, 7048, 7049, -1, 7044, 7046, 7047, -1, 2065, 1951, 1952, -1,
2065, 1952, 1953, -1, 2065, 1953, 1954, -1, 2065, 1954, 2064, -1, 2063, 2064, 1954, -1,
2063, 1954, 1955, -1, 2063, 1955, 1956, -1, 2063, 1956, 1957, -1, 2063, 1957, 1958, -1,
2063, 1958, 2062, -1, 2061, 2062, 1958, -1, 2061, 1958, 1959, -1, 2061, 1959, 1960, -1,
2061, 1960, 1961, -1, 2061, 1961, 2060, -1, 2059, 2060, 1961, -1, 2059, 1961, 1962, -1,
2059, 1962, 1963, -1, 2059, 1963, 1964, -1, 2059, 1964, 2058, -1, 2057, 2058, 1964, -1,
2057, 1964, 1965, -1, 2057, 1965, 1966, -1, 2057, 1966, 1967, -1, 2057, 1967, 1968, -1,
2057, 1968, 2056, -1, 2055, 1968, 1969, -1, 2055, 1970, 2054, -1, 2053, 1970, 1971, -1,
2053, 1972, 1973, -1, 2053, 1974, 2052, -1, 2051, 1974, 1975, -1, 2051, 1976, 2050, -1,
2049, 1976, 1977, -1, 2049, 1978, 2048, -1, 1978, 1979, 2045, -1, 1978, 2046, 2047, -1,
1980, 1981, 2043, -1, 1980, 2044, 2045, -1, 1982, 1983, 2041, -1, 1982, 2042, 2043, -1,
1984, 1985, 2039, -1, 1984, 2040, 2041, -1, 1986, 1987, 2037, -1, 1986, 2038, 2039, -1,
1988, 1989, 2035, -1, 1988, 2036, 2037, -1, 1990, 1991, 2033, -1, 1990, 2034, 2035, -1,
1992, 1993, 2031, -1, 1992, 2032, 2033, -1, 1994, 1995, 2029, -1, 1994, 2030, 2031, -1,
1996, 1997, 2027, -1, 1996, 2028, 2029, -1, 1998, 1999, 2025, -1, 1998, 2025, 2026, -1,
1998, 2026, 2027, -1, 2000, 2001, 2023, -1, 2000, 2023, 2024, -1, 2000, 2024, 2025, -1,
2002, 2003, 2021, -1, 2002, 2021, 2022, -1, 2002, 2022, 2023, -1, 2004, 2005, 2018, -1,
2004, 2018, 2019, -1, 2004, 2019, 2020, -1, 2004, 2020, 2021, -1, 2006, 2007, 2015, -1,
2006, 2015, 2016, -1, 2006, 2016, 2017, -1, 2006, 2017, 2018, -1, 2006, 2018, 2005, -1,
2008, 2009, 2014, -1, 2008, 2014, 2015, -1, 2008, 2015, 2007, -1, 2010, 2011, 2012, -1,
2010, 2012, 2013, -1, 2010, 2013, 2014, -1, 2010, 2014, 2009, -1, 2068, 2069, 2221, -1,
2068, 2222, 2223, -1, 2068, 2223, 2066, -1, 2258, 2259, 2255, -1, 2258, 2255, 2256, -1,
2258, 2256, 2257, -1, 2260, 2261, 2253, -1, 2260, 2253, 2254, -1, 2260, 2254, 2255, -1,
2260, 2255, 2259, -1, 2262, 2263, 2251, -1, 2262, 2251, 2252, -1, 2262, 2252, 2253, -1,
2262, 2253, 2261, -1, 2264, 2265, 2249, -1, 2264, 2250, 2251, -1, 2264, 2251, 2263, -1,
2266, 2267, 2247, -1, 2266, 2248, 2249, -1, 2266, 2249, 2265, -1, 2268, 2269, 2245, -1,
2268, 2246, 2247, -1, 2268, 2247, 2267, -1, 2271, 2244, 2245, -1, 2271, 2245, 2270, -1,
2270, 2245, 2269, -1, 2271, 2272, 2241, -1, 2271, 2242, 2243, -1, 2241, 2272, 2273, -1,
2241, 2273, 2274, -1, 2241, 2274, 2275, -1, 2241, 2275, 2240, -1, 2239, 2275, 2276, -1,
2239, 2276, 2277, -1, 2239, 2277, 2278, -1, 2239, 2278, 2238, -1, 2237, 2278, 2279, -1,
2237, 2279, 2280, -1, 2237, 2280, 2236, -1, 2235, 2280, 2281, -1, 2235, 2282, 2283, -1,
2235, 2284, 2234, -1, 2233, 2284, 2285, -1, 2233, 2286, 2232, -1, 2231, 2286, 2287, -1,
2231, 2288, 2230, -1, 2229, 2288, 2289, -1, 2229, 2290, 2291, -1, 2229, 2291, 2228, -1,
2227, 2291, 2292, -1, 2227, 2292, 2293, -1, 2227, 2293, 2294, -1, 2227, 2294, 2226, -1,
2225, 2294, 2295, -1, 2225, 2295, 2296, -1, 2225, 2296, 2224, -1, 2296, 2066, 2223, -1,
2069, 2070, 2219, -1, 2069, 2220, 2221, -1, 2071, 2072, 2217, -1, 2071, 2218, 2219, -1,
2071, 2219, 2070, -1, 2073, 2214, 2215, -1, 2073, 2215, 2072, -1, 2072, 2216, 2217, -1,
2213, 2073, 2074, -1, 2213, 2074, 2075, -1, 2213, 2076, 2212, -1, 2078, 2210, 2211, -1,
2078, 2211, 2076, -1, 2079, 2080, 2207, -1, 2079, 2208, 2209, -1, 2079, 2209, 2078, -1,
2081, 2204, 2205, -1, 2081, 2205, 2080, -1, 2080, 2206, 2207, -1, 2083, 2202, 2203, -1,
2083, 2203, 2082, -1, 2082, 2203, 2081, -1, 2084, 2085, 2198, -1, 2084, 2198, 2199, -1,
2084, 2200, 2201, -1, 2084, 2201, 2083, -1, 2191, 2192, 2089, -1, 2089, 2192, 2193, -1,
2089, 2193, 2088, -1, 2088, 2193, 2194, -1, 2088, 2194, 2087, -1, 2087, 2194, 2195, -1,
2087, 2195, 2086, -1, 2086, 2195, 2196, -1, 2086, 2196, 2085, -1, 2085, 2196, 2197, -1,
2186, 2187, 2093, -1, 2093, 2188, 2092, -1, 2092, 2188, 2189, -1, 2092, 2189, 2091, -1,
2091, 2189, 2190, -1, 2091, 2190, 2090, -1, 2090, 2190, 2191, -1, 2090, 2191, 2089, -1,
2094, 2095, 2184, -1, 2094, 2184, 2185, -1, 2094, 2185, 2186, -1, 2094, 2186, 2093, -1,
2096, 2182, 2183, -1, 2096, 2183, 2095, -1, 2095, 2183, 2184, -1, 2098, 2180, 2181, -1,
2097, 2181, 2096, -1, 2098, 2099, 2177, -1, 2098, 2178, 2179, -1, 2100, 2101, 2175, -1,
2100, 2176, 2177, -1, 2102, 2103, 2173, -1, 2102, 2174, 2175, -1, 2104, 2105, 2171, -1,
2104, 2172, 2173, -1, 2106, 2107, 2169, -1, 2106, 2170, 2171, -1, 2108, 2109, 2167, -1,
2108, 2168, 2169, -1, 2110, 2111, 2165, -1, 2110, 2166, 2167, -1, 2112, 2113, 2163, -1,
2112, 2164, 2165, -1, 2114, 2115, 2161, -1, 2114, 2162, 2163, -1, 2116, 2117, 2159, -1,
2116, 2160, 2161, -1, 2118, 2119, 2157, -1, 2118, 2158, 2159, -1, 2120, 2121, 2155, -1,
2120, 2156, 2157, -1, 2122, 2123, 2153, -1, 2122, 2153, 2154, -1, 2122, 2154, 2155, -1,
2124, 2125, 2151, -1, 2124, 2151, 2152, -1, 2124, 2152, 2153, -1, 2126, 2127, 2149, -1,
2126, 2149, 2150, -1, 2126, 2150, 2151, -1, 2128, 2129, 2147, -1, 2128, 2147, 2148, -1,
2128, 2148, 2149, -1, 2130, 2131, 2144, -1, 2130, 2144, 2145, -1, 2130, 2145, 2146, -1,
2130, 2146, 2147, -1, 2130, 2147, 2129, -1, 2132, 2133, 2140, -1, 2132, 2140, 2141, -1,
2132, 2141, 2142, -1, 2132, 2142, 2143, -1, 2132, 2143, 2144, -1, 2132, 2144, 2131, -1,
2134, 2135, 2137, -1, 2134, 2137, 2138, -1, 2134, 2138, 2139, -1, 2134, 2139, 2140, -1,
2134, 2140, 2133, -1, 6102, 6071, 6072, -1, 6101, 6072, 6099, -1, 5212, 5213, 6135, -1,
6135, 5214, 5216, -1, 5212, 6136, 6137, -1, 5212, 6137, 5210, -1, 5203, 5204, 6137, -1,
6137, 5204, 5205, -1, 6137, 5205, 5207, -1, 5196, 5197, 6139, -1, 6139, 5197, 5198, -1,
6139, 5198, 5200, -1, 5183, 5184, 6141, -1, 5183, 6142, 6143, -1, 5183, 6143, 5181, -1,
6145, 6364, 5155, -1, 6145, 5155, 5156, -1, 6145, 5156, 5157, -1, 6145, 5157, 5158, -1,
6145, 5158, 5159, -1, 6145, 5159, 5160, -1, 6145, 5160, 5161, -1, 6145, 5161, 5162, -1,
6145, 5162, 5163, -1, 6145, 5163, 5164, -1, 6145, 5164, 5165, -1, 6145, 5165, 5166, -1,
6145, 5166, 5167, -1, 6145, 5167, 6144, -1, 6143, 5167, 5168, -1, 6143, 5168, 5169, -1,
6143, 5169, 5170, -1, 6143, 5170, 5171, -1, 6143, 5171, 5172, -1, 6143, 5172, 5173, -1,
6143, 5173, 5174, -1, 6143, 5174, 5175, -1, 6143, 5175, 5176, -1, 6143, 5176, 5177, -1,
6143, 5177, 5178, -1, 6143, 5178, 5179, -1, 6143, 5179, 5180, -1, 6143, 5180, 5181, -1,
6141, 5184, 5185, -1, 6141, 5185, 5186, -1, 6141, 5186, 5187, -1, 6141, 5187, 5188, -1,
6141, 5188, 5189, -1, 6141, 5189, 5190, -1, 6141, 5190, 5191, -1, 6141, 5191, 5192, -1,
6141, 5192, 5193, -1, 6141, 5193, 6140, -1, 6139, 5193, 5194, -1, 6139, 5194, 5195, -1,
6139, 5195, 5196, -1, 5202, 6138, 6139, -1, 5202, 6139, 5201, -1, 5201, 6139, 5200, -1,
6137, 5207, 5208, -1, 6137, 5208, 5209, -1, 6137, 5209, 5210, -1, 6135, 5216, 5217, -1,
6135, 5218, 5219, -1, 6135, 5219, 5220, -1, 6135, 5220, 6134, -1, 6133, 5220, 5221, -1,
6133, 5221, 5222, -1, 6133, 5222, 5223, -1, 6133, 5223, 5224, -1, 6133, 5224, 5225, -1,
6133, 5225, 6132, -1, 6132, 5225, 5226, -1, 6132, 5226, 5227, -1, 6132, 5227, 5228, -1,
6132, 5228, 6131, -1, 6131, 5228, 5229, -1, 6131, 5229, 5230, -1, 6131, 5230, 6129, -1,
5137, 5138, 6364, -1, 6364, 5138, 5139, -1, 6364, 5139, 5141, -1, 5130, 5131, 6364, -1,
6364, 5131, 5132, -1, 6364, 5132, 5134, -1, 6173, 6330, 6331, -1, 6173, 6331, 6172, -1,
6171, 6332, 6333, -1, 6171, 6333, 6335, -1, 6327, 6329, 6173, -1, 6327, 6173, 6325, -1,
6324, 6174, 6175, -1, 6323, 6175, 6321, -1, 6319, 6321, 6175, -1, 6319, 6175, 6318, -1,
6317, 6176, 6177, -1, 6317, 6177, 6315, -1, 6315, 6177, 6313, -1, 6311, 6178, 6179, -1,
6311, 6179, 6309, -1, 6305, 6180, 6181, -1, 6305, 6181, 6303, -1, 6296, 6297, 6183, -1,
6183, 6297, 6299, -1, 6183, 6299, 6182, -1, 6181, 6300, 6301, -1, 6181, 6301, 6303, -1,
6295, 6184, 6185, -1, 6295, 6185, 6293, -1, 6286, 6287, 6187, -1, 6187, 6287, 6289, -1,
6187, 6289, 6186, -1, 6185, 6290, 6291, -1, 6185, 6291, 6293, -1, 6285, 6188, 6189, -1,
6285, 6189, 6283, -1, 6276, 6277, 6191, -1, 6191, 6277, 6279, -1, 6191, 6279, 6190, -1,
6189, 6280, 6281, -1, 6189, 6281, 6283, -1, 6268, 6269, 6195, -1, 6195, 6269, 6271, -1,
6195, 6271, 6194, -1, 6193, 6272, 6273, -1, 6193, 6273, 6275, -1, 6260, 6261, 6199, -1,
6199, 6261, 6263, -1, 6199, 6263, 6198, -1, 6197, 6264, 6265, -1, 6197, 6265, 6267, -1,
6206, 6250, 6251, -1, 6205, 6251, 6253, -1, 6205, 6253, 6204, -1, 6203, 6254, 6255, -1,
6203, 6255, 6257, -1, 6245, 6247, 6209, -1, 6245, 6209, 6244, -1, 6243, 6210, 6211, -1,
6241, 6212, 6213, -1, 6241, 6213, 6239, -1, 6233, 6218, 6219, -1, 6233, 6219, 6231, -1,
6220, 6221, 6229, -1, 6220, 6230, 6231, -1, 6222, 6223, 6227, -1, 6222, 6228, 6229, -1,
6224, 6226, 6227, -1, 6214, 6215, 6237, -1, 6214, 6238, 6239, -1, 6216, 6217, 6235, -1,
6216, 6236, 6237, -1, 6235, 6218, 6234, -1, 6208, 6209, 6247, -1, 6208, 6248, 6249, -1,
6202, 6203, 6257, -1, 6202, 6258, 6259, -1, 6200, 6201, 6259, -1, 6268, 6196, 6197, -1,
6192, 6193, 6275, -1, 6179, 6306, 6307, -1, 6179, 6308, 6309, -1, 6312, 6313, 6177, -1,
6171, 6336, 6337, -1, 6171, 6338, 6339, -1, 6171, 6340, 6170, -1, 6169, 6340, 6341, -1,
6169, 6342, 6343, -1, 6169, 6344, 6345, -1, 6169, 6346, 6347, -1, 6169, 6348, 6168, -1,
6167, 6348, 6349, -1, 6167, 6350, 6351, -1, 6167, 6351, 6352, -1, 6167, 6352, 6166, -1,
6165, 6352, 6353, -1, 6165, 6353, 6354, -1, 6165, 6354, 6164, -1, 6163, 6354, 6355, -1,
6163, 6355, 6356, -1, 6163, 6356, 6162, -1, 6356, 6357, 6159, -1, 6356, 6160, 6161, -1,
6358, 6359, 6155, -1, 6358, 6156, 6157, -1, 6358, 6158, 6159, -1, 6358, 6159, 6357, -1,
6360, 6361, 6151, -1, 6360, 6152, 6153, -1, 6360, 6154, 6155, -1, 6360, 6155, 6359, -1,
6362, 6363, 6147, -1, 6362, 6148, 6149, -1, 6362, 6150, 6151, -1, 6362, 6151, 6361, -1,
6364, 6146, 6147, -1, 6364, 6147, 6363, -1, 6364, 5141, 5142, -1, 6364, 5142, 5143, -1,
6364, 5143, 5144, -1, 6364, 5144, 5145, -1, 6364, 5145, 5146, -1, 6364, 5146, 5147, -1,
6364, 5147, 5148, -1, 6364, 5148, 5149, -1, 6364, 5149, 5150, -1, 6364, 5150, 5151, -1,
6364, 5151, 5152, -1, 6364, 5152, 5153, -1, 6364, 5153, 5154, -1, 6364, 5154, 5155, -1,
6364, 5134, 5135, -1, 6364, 5135, 5136, -1, 6364, 5136, 5137, -1, 6364, 6365, 5128, -1,
6364, 5128, 5129, -1, 6364, 5129, 5130, -1, 6366, 6367, 5117, -1, 6366, 5117, 5118, -1,
6366, 5118, 5119, -1, 6366, 5119, 5120, -1, 6366, 5120, 5121, -1, 6366, 5121, 5122, -1,
6366, 5122, 5123, -1, 6366, 5123, 5124, -1, 6366, 5124, 5125, -1, 6366, 5125, 5126, -1,
6366, 5126, 5127, -1, 6366, 5127, 5128, -1, 6366, 5128, 6365, -1, 6368, 6369, 5113, -1,
6368, 5113, 5114, -1, 6368, 5114, 5115, -1, 6368, 5115, 5116, -1, 6368, 5116, 5117, -1,
6368, 5117, 6367, -1, 6370, 6371, 5110, -1, 6370, 5110, 5111, -1, 6370, 5111, 5112, -1,
6370, 5112, 5113, -1, 6370, 5113, 6369, -1, 6372, 6373, 5107, -1, 6372, 5107, 5108, -1,
6372, 5108, 5109, -1, 6372, 5109, 5110, -1, 6372, 5110, 6371, -1, 6374, 6375, 5106, -1,
6374, 5106, 5107, -1, 6374, 5107, 6373, -1, 5106, 6376, 6377, -1, 5106, 6377, 5105, -1,
5105, 6378, 6379, -1, 6380, 6381, 5104, -1, 6380, 5104, 5105, -1, 6382, 6383, 5103, -1,
6382, 5103, 5104, -1, 6384, 6385, 5102, -1, 6384, 5102, 5103, -1, 6386, 6387, 5101, -1,
6386, 5101, 5102, -1, 5101, 6388, 6389, -1, 5101, 6390, 5100, -1, 6390, 6391, 5100, -1,
5100, 6392, 5099, -1, 5099, 6392, 6393, -1, 5098, 5099, 6394, -1, 5098, 6394, 6395, -1,
5098, 6396, 5097, -1, 5097, 6396, 6397, -1, 5097, 6398, 6399, -1, 5097, 6400, 5096, -1,
6400, 6401, 5096, -1, 5096, 6402, 5095, -1, 5095, 6402, 6403, -1, 5094, 5095, 6404, -1,
5094, 6404, 6405, -1, 5094, 6406, 5093, -1, 5093, 6406, 6407, -1, 5093, 6408, 6409, -1,
5093, 6410, 5092, -1, 6410, 6411, 5092, -1, 5092, 6412, 5091, -1, 5091, 6412, 6413, -1,
5090, 5091, 6414, -1, 5090, 6414, 6415, -1, 5090, 6416, 5089, -1, 5089, 6416, 6417, -1,
5089, 6418, 6419, -1, 5089, 6420, 5088, -1, 6420, 6421, 5088, -1, 5088, 6422, 5087, -1,
5087, 6422, 6423, -1, 5086, 5087, 6424, -1, 5086, 6424, 6425, -1, 5086, 6426, 5085, -1,
6426, 6427, 5085, -1, 5085, 6428, 5084, -1, 5084, 6428, 6429, -1, 5083, 5084, 6430, -1,
5083, 6430, 6431, -1, 5083, 6432, 5082, -1, 6432, 6433, 5082, -1, 5082, 6434, 5081, -1,
5081, 6434, 6435, -1, 5080, 5081, 6436, -1, 5080, 6436, 6437, -1, 5080, 6438, 6439, -1,
5080, 6440, 5079, -1, 6440, 6441, 5079, -1, 5079, 6442, 5078, -1, 5078, 6442, 6443, -1,
5077, 5078, 6444, -1, 5077, 6444, 6445, -1, 5077, 6446, 5076, -1, 6446, 6447, 5076, -1,
5076, 6448, 5075, -1, 5075, 6448, 6449, -1, 5074, 5075, 6450, -1, 5074, 6450, 6451, -1,
5074, 6452, 5073, -1, 5072, 5073, 6452, -1, 5072, 6452, 6453, -1, 5072, 6454, 5071, -1,
6456, 5070, 5071, -1, 6455, 5071, 6454, -1, 6456, 6457, 5069, -1, 5069, 6458, 5068, -1,
5068, 6458, 6459, -1, 6460, 6461, 5066, -1, 6460, 5067, 5068, -1, 6462, 6463, 5065, -1,
6462, 5065, 5066, -1, 6464, 6465, 5064, -1, 6464, 5064, 5065, -1, 6466, 6467, 5063, -1,
6466, 5063, 5064, -1, 6468, 6469, 5062, -1, 6468, 5062, 5063, -1, 6470, 6471, 5060, -1,
6470, 5060, 5061, -1, 6470, 5061, 5062, -1, 6472, 6473, 5059, -1, 6472, 5059, 5060, -1,
6474, 6475, 5058, -1, 6474, 5058, 5059, -1, 6476, 6477, 5057, -1, 6476, 5057, 5058, -1,
6478, 6479, 5056, -1, 6478, 5056, 5057, -1, 6480, 6481, 5054, -1, 6480, 5054, 5055, -1,
6480, 5055, 5056, -1, 5050, 5051, 6484, -1, 6484, 5051, 5052, -1, 6484, 5052, 6483, -1,
6483, 5052, 5053, -1, 6483, 5053, 6482, -1, 6482, 5053, 5054, -1, 6485, 5048, 5049, -1,
6485, 5049, 6484, -1, 6486, 6487, 5045, -1, 6486, 5046, 5047, -1, 6486, 5047, 6485, -1,
6487, 6488, 5041, -1, 6487, 5042, 5043, -1, 6487, 5044, 5045, -1, 6489, 5038, 5039, -1,
6489, 5039, 6488, -1, 6488, 5040, 5041, -1, 6490, 6491, 5035, -1, 6490, 5036, 5037, -1,
6490, 5037, 6489, -1, 6492, 6493, 5033, -1, 6492, 5034, 5035, -1, 6493, 6494, 5029, -1,
6493, 5030, 5031, -1, 6493, 5032, 5033, -1, 6495, 5026, 5027, -1, 6495, 5027, 6494, -1,
6494, 5028, 5029, -1, 6496, 6497, 5023, -1, 6496, 5024, 5025, -1, 6496, 5025, 6495, -1,
6498, 5020, 5021, -1, 6498, 5021, 6497, -1, 6497, 5022, 5023, -1, 6499, 6500, 5015, -1,
6499, 5016, 5017, -1, 6499, 5018, 5019, -1, 6499, 5019, 6498, -1, 6501, 5012, 5013, -1,
6501, 5013, 6500, -1, 6500, 5014, 5015, -1, 6502, 6503, 5007, -1, 6502, 5008, 5009, -1,
6502, 5010, 5011, -1, 6502, 5011, 6501, -1, 6503, 6504, 5003, -1, 6503, 5003, 5004, -1,
6503, 5004, 5005, -1, 6503, 5006, 5007, -1, 4999, 5000, 6505, -1, 6505, 5000, 5001, -1,
6505, 5001, 6504, -1, 6504, 5001, 5002, -1, 6504, 5002, 5003, -1, 6506, 6507, 4997, -1,
6506, 4997, 4998, -1, 6506, 4998, 4999, -1, 6506, 4999, 6505, -1, 6507, 6508, 4995, -1,
6507, 4995, 4996, -1, 6507, 4996, 4997, -1, 6509, 6510, 4993, -1, 6509, 4993, 4994, -1,
6509, 4994, 4995, -1, 6509, 4995, 6508, -1, 6510, 6511, 4991, -1, 6510, 4991, 4992, -1,
6510, 4992, 4993, -1, 6512, 6513, 4989, -1, 6512, 4989, 4990, -1, 6512, 4990, 4991, -1,
6512, 4991, 6511, -1, 6513, 6514, 4987, -1, 6513, 4987, 4988, -1, 6513, 4988, 4989, -1,
6515, 6516, 4985, -1, 6515, 4986, 4987, -1, 6515, 4987, 6514, -1, 6517, 6518, 4983, -1,
6517, 4984, 4985, -1, 6517, 4985, 6516, -1, 6520, 4982, 4983, -1, 6520, 4983, 6519, -1,
6519, 4983, 6518, -1, 4981, 6520, 6521, -1, 4981, 6521, 6522, -1, 4981, 6523, 4980, -1,
6523, 6524, 4980, -1, 4980, 6525, 4979, -1, 4979, 6525, 6526, -1, 4978, 4979, 6527, -1,
4978, 6527, 6528, -1, 4978, 6529, 4977, -1, 6529, 6530, 4977, -1, 4977, 6531, 4976, -1,
4976, 6531, 6532, -1, 4975, 4976, 6533, -1, 4975, 6533, 6534, -1, 4975, 6535, 4974, -1,
6535, 6536, 4974, -1, 4974, 6537, 4973, -1, 4973, 6537, 6538, -1, 4972, 4973, 6539, -1,
4972, 6539, 6540, -1, 4972, 6541, 4971, -1, 6541, 6542, 4971, -1, 4971, 6543, 4970, -1,
4970, 6543, 6544, -1, 4969, 4970, 6545, -1, 4969, 6545, 6546, -1, 4969, 6547, 4968, -1,
6547, 6548, 4968, -1, 4968, 6549, 4967, -1, 4967, 6549, 6550, -1, 4966, 4967, 6551, -1,
4966, 6551, 6552, -1, 4966, 6553, 4965, -1, 4963, 4964, 6555, -1, 6555, 4964, 4965, -1,
6554, 4965, 6553, -1, 6555, 6556, 4963, -1, 4963, 6557, 4962, -1, 4962, 6557, 6558, -1,
4961, 4962, 6559, -1, 4961, 6559, 6560, -1, 4961, 6561, 4960, -1, 6561, 6562, 4960, -1,
4960, 6563, 4959, -1, 4959, 6563, 6564, -1, 4958, 4959, 6565, -1, 4958, 6565, 6566, -1,
4958, 6567, 4957, -1, 4957, 6567, 6568, -1, 4957, 6569, 4956, -1, 6128, 5230, 5231, -1,
6128, 5231, 6127, -1, 6127, 5231, 5232, -1, 6127, 5232, 6126, -1, 6126, 5232, 5233, -1,
6126, 5233, 6124, -1, 6124, 5233, 5234, -1, 6124, 5234, 6123, -1, 6123, 5234, 5235, -1,
6123, 5235, 6122, -1, 6122, 5235, 5236, -1, 5237, 5238, 6120, -1, 5237, 6120, 6121, -1,
5237, 6121, 6122, -1, 5239, 5240, 6117, -1, 5239, 6117, 6118, -1, 5239, 6118, 6119, -1,
5239, 6119, 6120, -1, 5241, 5242, 6112, -1, 5241, 6112, 6113, -1, 5241, 6113, 6114, -1,
5241, 6114, 6115, -1, 5241, 6115, 6116, -1, 5241, 6116, 6117, -1, 5243, 5244, 6109, -1,
5243, 6109, 6110, -1, 5243, 6110, 6111, -1, 5243, 6111, 6112, -1, 6082, 6083, 6087, -1,
6087, 6083, 6084, -1, 6086, 6084, 6085, -1, 6080, 6081, 6089, -1, 6089, 6081, 6082, -1,
6088, 6082, 6087, -1, 6078, 6079, 6091, -1, 6091, 6079, 6080, -1, 6090, 6080, 6089, -1,
6076, 6077, 6093, -1, 6093, 6077, 6078, -1, 6092, 6078, 6091, -1, 6095, 6075, 6076, -1,
6094, 6076, 6093, -1, 6097, 6073, 6074, -1, 6096, 6074, 6095, -1, 6098, 6099, 6072, -1,
6098, 6072, 6097, -1, 6070, 6102, 6103, -1, 6070, 6103, 6104, -1, 6070, 6104, 6105, -1,
6070, 6105, 6106, -1, 6070, 6106, 6107, -1, 6070, 6107, 6069, -1, 6068, 6107, 6108, -1,
6068, 6108, 6109, -1, 6068, 6109, 5244, -1, 6068, 5245, 6067, -1, 6067, 5245, 5246, -1,
6067, 5247, 5248, -1, 6067, 5249, 5250, -1, 6067, 5251, 5252, -1, 6067, 5253, 5254, -1,
5958, 5960, 5255, -1, 5958, 5255, 5956, -1, 5956, 5255, 5954, -1, 5255, 5256, 5944, -1,
5255, 5944, 5946, -1, 5255, 5946, 5948, -1, 5255, 5948, 5950, -1, 5255, 5950, 5952, -1,
5255, 5952, 5953, -1, 5943, 5257, 5942, -1, 5942, 5257, 5940, -1, 5936, 5937, 5257, -1,
5257, 5938, 5940, -1, 5934, 5936, 5257, -1, 5934, 5257, 5932, -1, 5257, 5258, 5919, -1,
5257, 5920, 5921, -1, 5257, 5922, 5923, -1, 5257, 5924, 5925, -1, 5257, 5926, 5927, -1,
5257, 5928, 5930, -1, 5257, 5930, 5931, -1, 5318, 5319, 5350, -1, 5318, 5350, 5351, -1,
5318, 5351, 5352, -1, 5320, 5321, 5347, -1, 5320, 5348, 5349, -1, 5320, 5349, 5350, -1,
5322, 5323, 5345, -1, 5322, 5345, 5346, -1, 5322, 5346, 5347, -1, 5324, 5325, 5343, -1,
5324, 5343, 5344, -1, 5324, 5344, 5345, -1, 5326, 5327, 5341, -1, 5326, 5341, 5342, -1,
5326, 5342, 5343, -1, 5328, 5329, 5339, -1, 5328, 5339, 5340, -1, 5328, 5340, 5341, -1,
5328, 5341, 5327, -1, 5330, 5331, 5337, -1, 5330, 5337, 5338, -1, 5330, 5338, 5339, -1,
5330, 5339, 5329, -1, 5332, 5333, 5335, -1, 5332, 5335, 5336, -1, 5332, 5336, 5337, -1,
5332, 5337, 5331, -1, 2298, 2299, 2419, -1, 2298, 2419, 2420, -1, 2298, 2420, 2297, -1,
2300, 2301, 2415, -1, 2300, 2415, 2416, -1, 2300, 2416, 2417, -1, 2300, 2417, 2418, -1,
2300, 2418, 2419, -1, 2300, 2419, 2299, -1, 2302, 2303, 2412, -1, 2302, 2412, 2413, -1,
2302, 2413, 2414, -1, 2302, 2414, 2415, -1, 2302, 2415, 2301, -1, 2412, 2303, 2304, -1,
2412, 2304, 2305, -1, 2412, 2306, 2411, -1, 2410, 2411, 2306, -1, 2410, 2306, 2307, -1,
2410, 2308, 2409, -1, 2408, 2409, 2308, -1, 2408, 2308, 2309, -1, 2408, 2310, 2407, -1,
2406, 2407, 2310, -1, 2406, 2310, 2311, -1, 2406, 2312, 2405, -1, 2404, 2405, 2312, -1,
2404, 2312, 2313, -1, 2404, 2314, 2315, -1, 2404, 2316, 2403, -1, 2402, 2403, 2316, -1,
2402, 2316, 2317, -1, 2402, 2318, 2401, -1, 2400, 2401, 2318, -1, 2400, 2318, 2319, -1,
2400, 2320, 2399, -1, 2398, 2320, 2321, -1, 2398, 2322, 2397, -1, 2396, 2322, 2323, -1,
2396, 2324, 2395, -1, 2394, 2324, 2325, -1, 2394, 2326, 2393, -1, 2392, 2326, 2327, -1,
2392, 2328, 2391, -1, 2390, 2328, 2329, -1, 2390, 2330, 2389, -1, 2388, 2330, 2331, -1,
2388, 2332, 2387, -1, 2386, 2332, 2333, -1, 2386, 2334, 2385, -1, 2384, 2334, 2335, -1,
2384, 2336, 2383, -1, 2382, 2336, 2337, -1, 2382, 2338, 2381, -1, 2380, 2338, 2339, -1,
2380, 2340, 2379, -1, 2378, 2340, 2341, -1, 2378, 2341, 2342, -1, 2378, 2342, 2377, -1,
2376, 2342, 2343, -1, 2376, 2343, 2344, -1, 2376, 2344, 2375, -1, 2374, 2344, 2345, -1,
2374, 2345, 2346, -1, 2374, 2346, 2347, -1, 2374, 2347, 2348, -1, 2374, 2348, 2373, -1,
2348, 2349, 2370, -1, 2348, 2371, 2372, -1, 2350, 2351, 2366, -1, 2350, 2367, 2368, -1,
2350, 2369, 2370, -1, 2350, 2370, 2349, -1, 2364, 2365, 2353, -1, 2353, 2365, 2366, -1,
2353, 2366, 2352, -1, 2352, 2366, 2351, -1, 2353, 2354, 2362, -1, 2353, 2362, 2363, -1,
2353, 2363, 2364, -1, 2362, 2354, 2355, -1, 2362, 2355, 2356, -1, 2362, 2356, 2357, -1,
2362, 2357, 2358, -1, 2362, 2358, 2361, -1, 2358, 2359, 2360, -1, 2358, 2360, 2361, -1,
2529, 2421, 2422, -1, 2529, 2422, 2423, -1, 2529, 2423, 2424, -1, 2529, 2424, 2425, -1,
2529, 2425, 2528, -1, 2527, 2528, 2425, -1, 2527, 2425, 2426, -1, 2527, 2426, 2427, -1,
2527, 2427, 2428, -1, 2527, 2428, 2429, -1, 2527, 2429, 2430, -1, 2527, 2430, 2526, -1,
2525, 2526, 2430, -1, 2525, 2430, 2431, -1, 2525, 2431, 2432, -1, 2525, 2432, 2433, -1,
2525, 2433, 2434, -1, 2525, 2434, 2435, -1, 2525, 2435, 2436, -1, 2525, 2436, 2524, -1,
2523, 2524, 2436, -1, 2523, 2436, 2437, -1, 2523, 2438, 2522, -1, 2521, 2522, 2438, -1,
2521, 2438, 2439, -1, 2521, 2440, 2520, -1, 2519, 2520, 2440, -1, 2519, 2440, 2441, -1,
2519, 2442, 2518, -1, 2517, 2442, 2443, -1, 2517, 2444, 2516, -1, 2515, 2444, 2445, -1,
2515, 2446, 2514, -1, 2446, 2447, 2511, -1, 2446, 2512, 2513, -1, 2448, 2449, 2509, -1,
2448, 2510, 2511, -1, 2450, 2451, 2507, -1, 2450, 2508, 2509, -1, 2452, 2453, 2505, -1,
2452, 2506, 2507, -1, 2454, 2455, 2503, -1, 2454, 2504, 2505, -1, 2456, 2457, 2501, -1,
2456, 2502, 2503, -1, 2458, 2459, 2497, -1, 2458, 2498, 2499, -1, 2458, 2500, 2501, -1,
2460, 2461, 2495, -1, 2460, 2496, 2497, -1, 2462, 2463, 2493, -1, 2462, 2494, 2495, -1,
2464, 2465, 2491, -1, 2464, 2492, 2493, -1, 2466, 2467, 2489, -1, 2466, 2489, 2490, -1,
2466, 2490, 2491, -1, 2468, 2469, 2482, -1, 2468, 2482, 2483, -1, 2468, 2483, 2484, -1,
2468, 2484, 2485, -1, 2468, 2485, 2486, -1, 2468, 2486, 2487, -1, 2468, 2487, 2488, -1,
2468, 2488, 2489, -1, 2468, 2489, 2467, -1, 2470, 2471, 2479, -1, 2470, 2479, 2480, -1,
2470, 2480, 2481, -1, 2470, 2481, 2482, -1, 2470, 2482, 2469, -1, 2472, 2473, 2476, -1,
2472, 2476, 2477, -1, 2472, 2477, 2478, -1, 2472, 2478, 2479, -1, 2472, 2479, 2471, -1,
2474, 2475, 2476, -1, 2474, 2476, 2473, -1, 2589, 2590, 2530, -1, 2530, 2590, 2592, -1,
2530, 2592, 2717, -1, 2717, 2592, 2593, -1, 2717, 2593, 2716, -1, 2716, 2593, 2594, -1,
2716, 2594, 2715, -1, 2715, 2594, 2595, -1, 2715, 2595, 2596, -1, 2531, 2532, 2588, -1,
2531, 2588, 2589, -1, 2531, 2589, 2530, -1, 2533, 2534, 2585, -1, 2533, 2586, 2587, -1,
2533, 2587, 2588, -1, 2535, 2536, 2583, -1, 2535, 2584, 2585, -1, 2583, 2537, 2538, -1,
2583, 2539, 2582, -1, 2581, 2539, 2540, -1, 2581, 2541, 2580, -1, 2579, 2541, 2542, -1,
2579, 2543, 2578, -1, 2577, 2543, 2544, -1, 2577, 2545, 2576, -1, 2575, 2576, 2545, -1,
2575, 2545, 2546, -1, 2575, 2547, 2574, -1, 2573, 2574, 2547, -1, 2573, 2547, 2548, -1,
2573, 2549, 2572, -1, 2571, 2572, 2549, -1, 2571, 2549, 2550, -1, 2571, 2551, 2570, -1,
2551, 2552, 2568, -1, 2551, 2568, 2569, -1, 2551, 2569, 2570, -1, 2553, 2554, 2564, -1,
2553, 2564, 2565, -1, 2553, 2565, 2566, -1, 2553, 2566, 2567, -1, 2553, 2567, 2568, -1,
2553, 2568, 2552, -1, 2555, 2556, 2560, -1, 2555, 2560, 2561, -1, 2555, 2561, 2562, -1,
2555, 2562, 2563, -1, 2555, 2563, 2564, -1, 2555, 2564, 2554, -1, 2557, 2558, 2559, -1,
2557, 2559, 2560, -1, 2557, 2560, 2556, -1, 2657, 2658, 2654, -1, 2657, 2654, 2655, -1,
2657, 2655, 2656, -1, 2659, 2660, 2650, -1, 2659, 2651, 2652, -1, 2659, 2653, 2654, -1,
2659, 2654, 2658, -1, 2661, 2662, 2648, -1, 2661, 2649, 2650, -1, 2661, 2650, 2660, -1,
2663, 2664, 2644, -1, 2663, 2645, 2646, -1, 2663, 2647, 2648, -1, 2663, 2648, 2662, -1,
2665, 2666, 2642, -1, 2665, 2643, 2644, -1, 2665, 2644, 2664, -1, 2668, 2641, 2642, -1,
2668, 2642, 2667, -1, 2667, 2642, 2666, -1, 2640, 2668, 2669, -1, 2640, 2669, 2670, -1,
2640, 2670, 2671, -1, 2640, 2671, 2639, -1, 2638, 2671, 2672, -1, 2638, 2672, 2673, -1,
2638, 2673, 2674, -1, 2638, 2674, 2637, -1, 2674, 2675, 2634, -1, 2674, 2635, 2636, -1,
2677, 2633, 2634, -1, 2677, 2634, 2676, -1, 2676, 2634, 2675, -1, 2632, 2677, 2678, -1,
2632, 2678, 2679, -1, 2632, 2679, 2680, -1, 2632, 2680, 2681, -1, 2632, 2681, 2631, -1,
2630, 2681, 2682, -1, 2630, 2683, 2684, -1, 2630, 2685, 2629, -1, 2628, 2685, 2686, -1,
2628, 2687, 2688, -1, 2628, 2688, 2627, -1, 2626, 2688, 2689, -1, 2626, 2689, 2690, -1,
2626, 2690, 2691, -1, 2626, 2691, 2692, -1, 2626, 2692, 2625, -1, 2624, 2692, 2693, -1,
2624, 2693, 2694, -1, 2624, 2694, 2695, -1, 2624, 2695, 2623, -1, 2622, 2695, 2696, -1,
2622, 2696, 2697, -1, 2622, 2697, 2621, -1, 2698, 2619, 2620, -1, 2698, 2620, 2697, -1,
2700, 2617, 2618, -1, 2700, 2618, 2699, -1, 2699, 2618, 2698, -1, 2701, 2702, 2614, -1,
2701, 2615, 2616, -1, 2701, 2616, 2700, -1, 2703, 2704, 2612, -1, 2703, 2613, 2614, -1,
2703, 2614, 2702, -1, 2705, 2609, 2610, -1, 2705, 2610, 2704, -1, 2704, 2611, 2612, -1,
2706, 2707, 2606, -1, 2706, 2607, 2608, -1, 2706, 2608, 2705, -1, 2707, 2708, 2604, -1,
2707, 2605, 2606, -1, 2709, 2710, 2602, -1, 2709, 2603, 2604, -1, 2709, 2604, 2708, -1,
2710, 2711, 2599, -1, 2710, 2599, 2600, -1, 2710, 2601, 2602, -1, 2598, 2599, 2711, -1,
2598, 2711, 2712, -1, 2598, 2713, 2597, -1, 2714, 2715, 2596, -1, 2714, 2596, 2597, -1,
2714, 2597, 2713, -1, 2780, 2782, 2718, -1, 2780, 2718, 2719, -1, 2780, 2720, 2779, -1,
2720, 2721, 2779, -1, 2779, 2722, 2778, -1, 2778, 2722, 2723, -1, 2777, 2778, 2724, -1,
2777, 2724, 2725, -1, 2777, 2726, 2776, -1, 2726, 2727, 2776, -1, 2776, 2728, 2775, -1,
2775, 2728, 2729, -1, 2774, 2775, 2730, -1, 2774, 2730, 2731, -1, 2774, 2732, 2773, -1,
2771, 2772, 2734, -1, 2734, 2772, 2773, -1, 2733, 2773, 2732, -1, 2734, 2735, 2771, -1,
2771, 2736, 2770, -1, 2770, 2736, 2737, -1, 2738, 2739, 2768, -1, 2738, 2769, 2770, -1,
2768, 2740, 2741, -1, 2768, 2742, 2767, -1, 2766, 2742, 2743, -1, 2766, 2744, 2765, -1,
2744, 2745, 2762, -1, 2744, 2762, 2763, -1, 2744, 2763, 2764, -1, 2744, 2764, 2765, -1,
2746, 2747, 2760, -1, 2746, 2760, 2761, -1, 2746, 2761, 2762, -1, 2746, 2762, 2745, -1,
2760, 2747, 2748, -1, 2760, 2748, 2749, -1, 2760, 2749, 2750, -1, 2760, 2750, 2751, -1,
2760, 2751, 2759, -1, 2751, 2752, 2757, -1, 2751, 2757, 2758, -1, 2751, 2758, 2759, -1,
2753, 2754, 2756, -1, 2753, 2756, 2757, -1, 2753, 2757, 2752, -1, 2867, 2868, 2872, -1,
2872, 2868, 2869, -1, 2872, 2869, 2871, -1, 2871, 2869, 2870, -1, 2872, 2873, 2864, -1,
2872, 2864, 2865, -1, 2872, 2865, 2866, -1, 2872, 2866, 2867, -1, 2874, 2875, 2861, -1,
2874, 2861, 2862, -1, 2874, 2862, 2863, -1, 2874, 2863, 2864, -1, 2874, 2864, 2873, -1,
2876, 2877, 2859, -1, 2876, 2859, 2860, -1, 2876, 2860, 2861, -1, 2876, 2861, 2875, -1,
2878, 2879, 2857, -1, 2878, 2857, 2858, -1, 2878, 2858, 2859, -1, 2878, 2859, 2877, -1,
2880, 2881, 2855, -1, 2880, 2856, 2857, -1, 2882, 2883, 2853, -1, 2882, 2854, 2855, -1,
2884, 2885, 2851, -1, 2884, 2852, 2853, -1, 2886, 2848, 2849, -1, 2886, 2849, 2885, -1,
2885, 2850, 2851, -1, 2888, 2846, 2847, -1, 2887, 2847, 2886, -1, 2889, 2890, 2843, -1,
2889, 2844, 2845, -1, 2889, 2845, 2888, -1, 2891, 2840, 2841, -1, 2891, 2841, 2890, -1,
2890, 2842, 2843, -1, 2892, 2893, 2837, -1, 2892, 2838, 2839, -1, 2892, 2839, 2891, -1,
2894, 2895, 2835, -1, 2894, 2836, 2837, -1, 2894, 2837, 2893, -1, 2896, 2832, 2833, -1,
2896, 2833, 2895, -1, 2895, 2834, 2835, -1, 2897, 2898, 2829, -1, 2897, 2830, 2831, -1,
2897, 2831, 2896, -1, 2898, 2899, 2827, -1, 2898, 2828, 2829, -1, 2900, 2901, 2825, -1,
2900, 2826, 2827, -1, 2900, 2827, 2899, -1, 2902, 2822, 2823, -1, 2902, 2823, 2901, -1,
2901, 2824, 2825, -1, 2903, 2904, 2819, -1, 2903, 2820, 2821, -1, 2903, 2821, 2902, -1,
2905, 2816, 2817, -1, 2905, 2817, 2904, -1, 2904, 2818, 2819, -1, 2906, 2907, 2811, -1,
2906, 2812, 2813, -1, 2906, 2814, 2815, -1, 2906, 2815, 2905, -1, 2908, 2808, 2809, -1,
2908, 2809, 2907, -1, 2907, 2810, 2811, -1, 2910, 2806, 2807, -1, 2909, 2807, 2908, -1,
2912, 2804, 2805, -1, 2911, 2805, 2910, -1, 2912, 2913, 2801, -1, 2912, 2802, 2803, -1,
2914, 2915, 2799, -1, 2914, 2800, 2801, -1, 2916, 2917, 2797, -1, 2916, 2798, 2799, -1,
2918, 2919, 2795, -1, 2918, 2796, 2797, -1, 2920, 2921, 2793, -1, 2920, 2794, 2795, -1,
2922, 2923, 2791, -1, 2922, 2791, 2792, -1, 2922, 2792, 2793, -1, 2924, 2925, 2790, -1,
2924, 2790, 2791, -1, 2926, 2927, 2789, -1, 2926, 2789, 2790, -1, 2928, 2929, 2788, -1,
2928, 2788, 2789, -1, 2930, 2931, 2787, -1, 2930, 2787, 2788, -1, 2932, 2933, 2786, -1,
2932, 2786, 2787, -1, 2934, 2935, 2785, -1, 2934, 2785, 2786, -1, 2936, 2937, 2784, -1,
2936, 2784, 2785, -1, 2938, 2939, 2783, -1, 2938, 2783, 2784, -1, 2940, 2941, 2782, -1,
2940, 2782, 2783, -1, 3086, 3087, 2944, -1, 2944, 3087, 3088, -1, 2944, 3088, 2943, -1,
2943, 3088, 2942, -1, 3084, 3085, 2946, -1, 2946, 3085, 3086, -1, 2946, 3086, 2945, -1,
2945, 3086, 2944, -1, 3084, 2946, 2947, -1, 3084, 2947, 2948, -1, 3084, 2948, 2949, -1,
3084, 2949, 3083, -1, 2949, 2950, 3080, -1, 2949, 3081, 3082, -1, 2952, 3079, 3080, -1,
2952, 3080, 2951, -1, 2951, 3080, 2950, -1, 3078, 2952, 2953, -1, 3078, 2953, 2954, -1,
3078, 2954, 2955, -1, 3078, 2955, 3077, -1, 3076, 2955, 2956, -1, 3076, 2956, 2957, -1,
3076, 2957, 2958, -1, 3076, 2958, 3075, -1, 3074, 2958, 2959, -1, 3074, 2959, 2960, -1,
3074, 2960, 3073, -1, 3072, 2960, 2961, -1, 3072, 2961, 2962, -1, 3072, 2962, 3071, -1,
2962, 2963, 3068, -1, 2962, 3069, 3070, -1, 2964, 2965, 3066, -1, 2964, 3067, 3068, -1,
2964, 3068, 2963, -1, 2966, 2967, 3064, -1, 2966, 3065, 3066, -1, 2968, 2969, 3060, -1,
2968, 3061, 3062, -1, 2968, 3063, 3064, -1, 2970, 2971, 3058, -1, 2970, 3059, 3060, -1,
2972, 2973, 3056, -1, 2972, 3057, 3058, -1, 2974, 2975, 3054, -1, 2974, 3055, 3056, -1,
2976, 2977, 3052, -1, 2976, 3053, 3054, -1, 2978, 2979, 3050, -1, 2978, 3051, 3052, -1,
2980, 2981, 3048, -1, 2980, 3049, 3050, -1, 2982, 2983, 3046, -1, 2982, 3047, 3048, -1,
2984, 2985, 3044, -1, 2984, 3045, 3046, -1, 2986, 2987, 3042, -1, 2986, 3043, 3044, -1,
2988, 2989, 3040, -1, 2988, 3041, 3042, -1, 2990, 2991, 3038, -1, 2990, 3039, 3040, -1,
2992, 2993, 3036, -1, 2992, 3037, 3038, -1, 2994, 2995, 3034, -1, 2994, 3034, 3035, -1,
2994, 3035, 3036, -1, 3034, 2996, 2997, -1, 3034, 2998, 3033, -1, 3032, 3033, 2998, -1,
3032, 2998, 2999, -1, 3032, 3000, 3031, -1, 3030, 3031, 3000, -1, 3030, 3000, 3001, -1,
3030, 3002, 3029, -1, 3028, 3029, 3002, -1, 3028, 3002, 3003, -1, 3028, 3004, 3027, -1,
3004, 3005, 3025, -1, 3004, 3025, 3026, -1, 3004, 3026, 3027, -1, 3025, 3006, 3007, -1,
3025, 3008, 3024, -1, 3008, 3009, 3022, -1, 3008, 3022, 3023, -1, 3008, 3023, 3024, -1,
3010, 3011, 3019, -1, 3010, 3019, 3020, -1, 3010, 3020, 3021, -1, 3010, 3021, 3022, -1,
3012, 3013, 3017, -1, 3012, 3017, 3018, -1, 3012, 3018, 3019, -1, 3012, 3019, 3011, -1,
3014, 3015, 3016, -1, 3014, 3016, 3017, -1, 3014, 3017, 3013, -1, 3089, 3091, 3192, -1,
3089, 3193, 3194, -1, 3089, 3194, 3263, -1, 3091, 3092, 3190, -1, 3091, 3191, 3192, -1,
3190, 3093, 3094, -1, 3190, 3095, 3189, -1, 3188, 3095, 3096, -1, 3188, 3097, 3187, -1,
3186, 3097, 3098, -1, 3186, 3099, 3185, -1, 3184, 3099, 3100, -1, 3184, 3101, 3102, -1,
3184, 3103, 3183, -1, 3182, 3103, 3104, -1, 3182, 3105, 3106, -1, 3182, 3107, 3181, -1,
3180, 3107, 3108, -1, 3180, 3109, 3110, -1, 3180, 3111, 3179, -1, 3178, 3111, 3112, -1,
3178, 3113, 3177, -1, 3176, 3113, 3114, -1, 3176, 3115, 3116, -1, 3176, 3117, 3175, -1,
3174, 3117, 3118, -1, 3174, 3119, 3173, -1, 3172, 3119, 3120, -1, 3172, 3120, 3121, -1,
3172, 3121, 3171, -1, 3170, 3121, 3122, -1, 3170, 3122, 3123, -1, 3170, 3123, 3169, -1,
3123, 3124, 3166, -1, 3123, 3167, 3168, -1, 3125, 3126, 3162, -1, 3125, 3163, 3164, -1,
3125, 3165, 3166, -1, 3125, 3166, 3124, -1, 3127, 3128, 3158, -1, 3127, 3159, 3160, -1,
3127, 3161, 3162, -1, 3127, 3162, 3126, -1, 3129, 3130, 3154, -1, 3129, 3155, 3156, -1,
3129, 3157, 3158, -1, 3129, 3158, 3128, -1, 3131, 3132, 3150, -1, 3131, 3151, 3152, -1,
3131, 3153, 3154, -1, 3131, 3154, 3130, -1, 3134, 3149, 3150, -1, 3134, 3150, 3133, -1,
3133, 3150, 3132, -1, 3134, 3135, 3146, -1, 3134, 3147, 3148, -1, 3146, 3135, 3136, -1,
3146, 3136, 3137, -1, 3146, 3137, 3138, -1, 3146, 3138, 3145, -1, 3138, 3139, 3142, -1,
3138, 3142, 3143, -1, 3138, 3143, 3144, -1, 3139, 3140, 3141, -1, 3139, 3141, 3142, -1,
3235, 3236, 3230, -1, 3235, 3230, 3231, -1, 3235, 3231, 3232, -1, 3235, 3232, 3233, -1,
3235, 3233, 3234, -1, 3227, 3228, 3238, -1, 3238, 3228, 3229, -1, 3238, 3229, 3237, -1,
3237, 3229, 3230, -1, 3237, 3230, 3236, -1, 3238, 3239, 3224, -1, 3238, 3224, 3225, -1,
3238, 3225, 3226, -1, 3238, 3226, 3227, -1, 3240, 3241, 3222, -1, 3240, 3222, 3223, -1,
3240, 3223, 3224, -1, 3240, 3224, 3239, -1, 3242, 3243, 3220, -1, 3242, 3220, 3221, -1,
3242, 3221, 3222, -1, 3244, 3245, 3218, -1, 3244, 3218, 3219, -1, 3244, 3219, 3220, -1,
3246, 3247, 3216, -1, 3246, 3217, 3218, -1, 3247, 3248, 3214, -1, 3247, 3215, 3216, -1,
3249, 3250, 3212, -1, 3249, 3213, 3214, -1, 3249, 3214, 3248, -1, 3251, 3252, 3210, -1,
3251, 3211, 3212, -1, 3251, 3212, 3250, -1, 3253, 3254, 3208, -1, 3253, 3209, 3210, -1,
3253, 3210, 3252, -1, 3255, 3256, 3206, -1, 3255, 3207, 3208, -1, 3255, 3208, 3254, -1,
3257, 3258, 3204, -1, 3257, 3205, 3206, -1, 3257, 3206, 3256, -1, 3259, 3201, 3202, -1,
3259, 3202, 3258, -1, 3258, 3203, 3204, -1, 3260, 3261, 3198, -1, 3260, 3199, 3200, -1,
3260, 3200, 3259, -1, 3262, 3263, 3196, -1, 3262, 3197, 3198, -1, 3262, 3198, 3261, -1,
3263, 3195, 3196, -1, 3400, 3401, 3308, -1, 3308, 3264, 3266, -1, 3359, 3360, 3355, -1,
3359, 3355, 3356, -1, 3359, 3356, 3357, -1, 3359, 3357, 3358, -1, 3355, 3360, 3361, -1,
3355, 3361, 3362, -1, 3355, 3362, 3363, -1, 3355, 3363, 3354, -1, 3353, 3354, 3363, -1,
3353, 3363, 3364, -1, 3353, 3364, 3365, -1, 3353, 3365, 3366, -1, 3353, 3366, 3352, -1,
3366, 3367, 3350, -1, 3366, 3350, 3351, -1, 3368, 3369, 3330, -1, 3368, 3331, 3348, -1,
3368, 3348, 3349, -1, 3368, 3349, 3350, -1, 3368, 3350, 3367, -1, 3370, 3371, 3328, -1,
3370, 3329, 3330, -1, 3370, 3330, 3369, -1, 3372, 3373, 3326, -1, 3372, 3327, 3328, -1,
3372, 3328, 3371, -1, 3374, 3375, 3324, -1, 3374, 3325, 3326, -1, 3374, 3326, 3373, -1,
3376, 3377, 3322, -1, 3376, 3323, 3324, -1, 3376, 3324, 3375, -1, 3378, 3379, 3320, -1,
3378, 3321, 3322, -1, 3378, 3322, 3377, -1, 3380, 3381, 3318, -1, 3380, 3319, 3320, -1,
3380, 3320, 3379, -1, 3382, 3383, 3316, -1, 3382, 3317, 3318, -1, 3316, 3384, 3385, -1,
3316, 3386, 3315, -1, 3314, 3386, 3387, -1, 3314, 3387, 3388, -1, 3314, 3388, 3313, -1,
3312, 3388, 3389, -1, 3312, 3389, 3390, -1, 3312, 3390, 3391, -1, 3312, 3391, 3392, -1,
3312, 3392, 3311, -1, 3310, 3392, 3393, -1, 3310, 3393, 3394, -1, 3310, 3394, 3395, -1,
3310, 3395, 3396, -1, 3310, 3396, 3397, -1, 3310, 3398, 3399, -1, 3310, 3400, 3309, -1,
3308, 3266, 3267, -1, 3308, 3267, 3268, -1, 3308, 3268, 3269, -1, 3308, 3269, 3270, -1,
3308, 3270, 3271, -1, 3308, 3271, 3307, -1, 3306, 3271, 3272, -1, 3306, 3272, 3273, -1,
3306, 3273, 3305, -1, 3304, 3305, 3273, -1, 3304, 3273, 3274, -1, 3304, 3274, 3275, -1,
3304, 3275, 3303, -1, 3300, 3301, 3276, -1, 3276, 3301, 3302, -1, 3276, 3302, 3275, -1,
3275, 3302, 3303, -1, 3276, 3277, 3297, -1, 3276, 3297, 3298, -1, 3276, 3298, 3299, -1,
3276, 3299, 3300, -1, 3278, 3279, 3295, -1, 3278, 3295, 3296, -1, 3278, 3296, 3297, -1,
3280, 3281, 3291, -1, 3280, 3291, 3292, -1, 3280, 3292, 3293, -1, 3280, 3293, 3294, -1,
3280, 3294, 3295, -1, 3282, 3283, 3287, -1, 3282, 3287, 3288, -1, 3282, 3288, 3289, -1,
3282, 3289, 3290, -1, 3282, 3290, 3291, -1, 3282, 3291, 3281, -1, 3284, 3285, 3286, -1,
3284, 3286, 3287, -1, 3284, 3287, 3283, -1, 3344, 3338, 3343, -1, 3343, 3338, 3339, -1,
3343, 3339, 3342, -1, 3342, 3339, 3340, -1, 3342, 3340, 3341, -1, 3345, 3346, 3334, -1,
3345, 3335, 3336, -1, 3345, 3337, 3338, -1, 3345, 3338, 3344, -1, 3347, 3348, 3332, -1,
3347, 3333, 3334, -1, 3347, 3334, 3346, -1, 3468, 3470, 3402, -1, 3468, 3402, 3403, -1,
3468, 3404, 3467, -1, 3466, 3404, 3405, -1, 3466, 3406, 3465, -1, 3406, 3407, 3465, -1,
3465, 3408, 3464, -1, 3464, 3408, 3409, -1, 3464, 3409, 3410, -1, 3410, 3411, 3464, -1,
3464, 3411, 3412, -1, 3464, 3412, 3463, -1, 3463, 3412, 3413, -1, 3463, 3413, 3414, -1,
3462, 3463, 3414, -1, 3462, 3414, 3415, -1, 3462, 3415, 3416, -1, 3462, 3416, 3461, -1,
3416, 3417, 3461, -1, 3461, 3417, 3418, -1, 3461, 3418, 3460, -1, 3460, 3418, 3419, -1,
3460, 3419, 3420, -1, 3459, 3460, 3420, -1, 3459, 3420, 3421, -1, 3459, 3421, 3422, -1,
3459, 3422, 3458, -1, 3422, 3423, 3458, -1, 3458, 3423, 3424, -1, 3458, 3424, 3457, -1,
3457, 3424, 3425, -1, 3457, 3425, 3426, -1, 3426, 3427, 3455, -1, 3426, 3456, 3457, -1,
3455, 3427, 3428, -1, 3455, 3428, 3429, -1, 3455, 3429, 3430, -1, 3455, 3430, 3454, -1,
3430, 3431, 3451, -1, 3430, 3452, 3453, -1, 3433, 3450, 3451, -1, 3433, 3451, 3432, -1,
3432, 3451, 3431, -1, 3433, 3434, 3447, -1, 3433, 3448, 3449, -1, 3447, 3434, 3435, -1,
3447, 3435, 3436, -1, 3447, 3436, 3437, -1, 3447, 3437, 3446, -1, 3445, 3446, 3437, -1,
3445, 3437, 3438, -1, 3445, 3438, 3439, -1, 3445, 3439, 3440, -1, 3445, 3440, 3444, -1,
3440, 3441, 3442, -1, 3440, 3442, 3443, -1, 3440, 3443, 3444, -1, 3516, 3517, 3508, -1,
3516, 3508, 3509, -1, 3516, 3509, 3510, -1, 3516, 3510, 3511, -1, 3516, 3511, 3512, -1,
3516, 3512, 3513, -1, 3516, 3513, 3514, -1, 3516, 3514, 3515, -1, 3518, 3519, 3504, -1,
3518, 3504, 3505, -1, 3518, 3505, 3506, -1, 3518, 3506, 3507, -1, 3518, 3507, 3508, -1,
3518, 3508, 3517, -1, 3520, 3521, 3500, -1, 3520, 3500, 3501, -1, 3520, 3501, 3502, -1,
3520, 3502, 3503, -1, 3520, 3503, 3504, -1, 3520, 3504, 3519, -1, 3498, 3499, 3523, -1,
3523, 3499, 3500, -1, 3523, 3500, 3522, -1, 3524, 3525, 3496, -1, 3524, 3497, 3498, -1,
3524, 3498, 3523, -1, 3526, 3527, 3494, -1, 3526, 3495, 3496, -1, 3526, 3496, 3525, -1,
3527, 3528, 3492, -1, 3527, 3493, 3494, -1, 3529, 3530, 3490, -1, 3529, 3491, 3492, -1,
3529, 3492, 3528, -1, 3530, 3531, 3488, -1, 3530, 3489, 3490, -1, 3532, 3533, 3486, -1,
3532, 3487, 3488, -1, 3532, 3488, 3531, -1, 3535, 3485, 3486, -1, 3534, 3486, 3533, -1,
3537, 3483, 3484, -1, 3536, 3484, 3535, -1, 3539, 3481, 3482, -1, 3538, 3482, 3537, -1,
3541, 3479, 3480, -1, 3540, 3480, 3539, -1, 3543, 3477, 3478, -1, 3542, 3478, 3541, -1,
3545, 3475, 3476, -1, 3544, 3476, 3543, -1, 3547, 3473, 3474, -1, 3546, 3474, 3545, -1,
3549, 3471, 3472, -1, 3548, 3472, 3547, -1, 3550, 3470, 3549, -1, 4579, 4580, 3702, -1,
3702, 4580, 4581, -1, 3702, 4581, 4583, -1, 4571, 4573, 3706, -1, 4571, 3706, 4570, -1,
4570, 3707, 3708, -1, 4553, 3717, 3718, -1, 4553, 3718, 4552, -1, 4552, 3718, 4550, -1,
4546, 4547, 3718, -1, 4546, 3719, 3720, -1, 4546, 3720, 4544, -1, 4533, 4534, 3722, -1,
4533, 3723, 3724, -1, 4533, 3724, 4531, -1, 3732, 4486, 4487, -1, 3732, 4487, 4489, -1,
4426, 4427, 3828, -1, 3828, 4427, 4428, -1, 3828, 4428, 4430, -1, 4395, 4313, 4314, -1,
4394, 4314, 4392, -1, 4388, 4390, 4314, -1, 4388, 4314, 4386, -1, 4386, 4314, 4384, -1,
4378, 4379, 4314, -1, 4314, 4379, 4380, -1, 4314, 4380, 4384, -1, 4384, 4380, 4382, -1,
4372, 4373, 4314, -1, 4314, 4373, 4374, -1, 4314, 4374, 4376, -1, 7173, 7169, 7170, -1,
7173, 7170, 7172, -1, 7175, 7167, 7168, -1, 7175, 7168, 7174, -1, 7174, 7168, 7173, -1,
7177, 7165, 7166, -1, 7177, 7166, 7176, -1, 7176, 7166, 7175, -1, 7179, 7163, 7164, -1,
7179, 7164, 7178, -1, 7178, 7164, 7177, -1, 7181, 7161, 7162, -1, 7181, 7162, 7180, -1,
7180, 7162, 7179, -1, 7183, 7159, 7160, -1, 7183, 7160, 7182, -1, 7182, 7160, 7181, -1,
7185, 7157, 7158, -1, 7185, 7158, 7184, -1, 7184, 7158, 7183, -1, 7185, 7186, 7154, -1,
7185, 7155, 7156, -1, 7187, 7188, 7150, -1, 7187, 7151, 7152, -1, 7187, 7153, 7154, -1,
7187, 7154, 7186, -1, 7189, 7190, 7148, -1, 7189, 7149, 7150, -1, 7189, 7150, 7188, -1,
7192, 7147, 7148, -1, 7192, 7148, 7191, -1, 7191, 7148, 7190, -1, 7192, 7193, 7144, -1,
7192, 7145, 7146, -1, 7195, 7143, 7144, -1, 7195, 7144, 7194, -1, 7194, 7144, 7193, -1,
7197, 7141, 7142, -1, 7197, 7142, 7196, -1, 7196, 7142, 7195, -1, 7199, 7139, 7140, -1,
7199, 7140, 7198, -1, 7198, 7140, 7197, -1, 7201, 7137, 7138, -1, 7201, 7138, 7200, -1,
7200, 7138, 7199, -1, 7203, 7135, 7136, -1, 7203, 7136, 7202, -1, 7202, 7136, 7201, -1,
7134, 7203, 7204, -1, 7134, 7205, 7206, -1, 7134, 7207, 7133, -1, 7132, 7207, 7208, -1,
7132, 7209, 7131, -1, 7130, 7209, 7210, -1, 7130, 7211, 7212, -1, 7130, 7213, 7129, -1,
7128, 7213, 7214, -1, 7128, 7215, 7216, -1, 7128, 7217, 7127, -1, 7126, 7217, 7218, -1,
7126, 7219, 7220, -1, 7126, 7221, 7125, -1, 7124, 7221, 7222, -1, 7124, 7223, 7224, -1,
7124, 7225, 7123, -1, 7225, 7226, 7123, -1, 7123, 7227, 7122, -1, 7122, 7227, 7228, -1,
7121, 7122, 7229, -1, 7121, 7229, 7230, -1, 7121, 7231, 7119, -1, 7382, 7383, 7377, -1,
7382, 7378, 7379, -1, 7382, 7380, 7381, -1, 7384, 7385, 7373, -1, 7384, 7374, 7375, -1,
7384, 7376, 7377, -1, 7384, 7377, 7383, -1, 7386, 7387, 7371, -1, 7386, 7372, 7373, -1,
7386, 7373, 7385, -1, 7388, 7389, 7367, -1, 7388, 7368, 7369, -1, 7388, 7370, 7371, -1,
7388, 7371, 7387, -1, 7390, 7391, 7363, -1, 7390, 7364, 7365, -1, 7390, 7366, 7367, -1,
7390, 7367, 7389, -1, 7392, 7393, 7361, -1, 7392, 7362, 7363, -1, 7392, 7363, 7391, -1,
7394, 7395, 7357, -1, 7394, 7358, 7359, -1, 7394, 7360, 7361, -1, 7394, 7361, 7393, -1,
7397, 7356, 7357, -1, 7397, 7357, 7396, -1, 7396, 7357, 7395, -1, 7355, 7397, 7398, -1,
7355, 7398, 7399, -1, 7355, 7399, 7400, -1, 7355, 7400, 7401, -1, 7355, 7401, 7354, -1,
7353, 7401, 7402, -1, 7353, 7402, 7403, -1, 7353, 7403, 7404, -1, 7353, 7404, 7405, -1,
7353, 7405, 7352, -1, 7351, 7405, 7406, -1, 7351, 7406, 7407, -1, 7351, 7407, 7408, -1,
7351, 7408, 7350, -1, 7349, 7408, 7409, -1, 7349, 7409, 7410, -1, 7349, 7410, 7348, -1,
7347, 7410, 7411, -1, 7347, 7411, 7412, -1, 7347, 7412, 7413, -1, 7347, 7414, 7346, -1,
7345, 7414, 7415, -1, 7345, 7416, 7417, -1, 7345, 7418, 7419, -1, 7345, 7420, 7344, -1,
7343, 7420, 7421, -1, 7343, 7421, 7422, -1, 7343, 7422, 7342, -1, 7341, 7422, 7423, -1,
7341, 7423, 7424, -1, 7341, 7424, 7340, -1, 7425, 7338, 7339, -1, 7425, 7339, 7424, -1,
7426, 7427, 7335, -1, 7426, 7336, 7337, -1, 7426, 7337, 7425, -1, 7328, 7329, 7431, -1,
7431, 7329, 7330, -1, 7431, 7330, 7430, -1, 7430, 7330, 7331, -1, 7430, 7331, 7429, -1,
7429, 7331, 7332, -1, 7429, 7332, 7428, -1, 7428, 7332, 7333, -1, 7428, 7333, 7427, -1,
7427, 7334, 7335, -1, 7325, 7326, 7432, -1, 7432, 7326, 7327, -1, 7432, 7327, 7431, -1,
7431, 7327, 7328, -1, 7433, 7434, 7322, -1, 7433, 7322, 7323, -1, 7433, 7323, 7324, -1,
7433, 7324, 7325, -1, 7433, 7325, 7432, -1, 7318, 7319, 7434, -1, 7434, 7319, 7320, -1,
7434, 7320, 7322, -1, 7316, 7317, 7436, -1, 7436, 7317, 7318, -1, 7435, 7318, 7434, -1,
7436, 7437, 7313, -1, 7436, 7314, 7315, -1, 7436, 7315, 7316, -1, 7438, 7439, 7309, -1,
7438, 7310, 7311, -1, 7438, 7312, 7313, -1, 7440, 7441, 7305, -1, 7440, 7306, 7307, -1,
7440, 7308, 7309, -1, 7442, 7443, 7298, -1, 7442, 7298, 7299, -1, 7442, 7299, 7300, -1,
7442, 7300, 7301, -1, 7442, 7301, 7302, -1, 7442, 7302, 7303, -1, 7442, 7303, 7304, -1,
7442, 7304, 7305, -1, 7444, 7445, 7294, -1, 7444, 7294, 7295, -1, 7444, 7295, 7296, -1,
7444, 7296, 7297, -1, 7444, 7297, 7298, -1, 7446, 7447, 7287, -1, 7446, 7287, 7288, -1,
7446, 7288, 7289, -1, 7446, 7289, 7290, -1, 7446, 7290, 7291, -1, 7446, 7291, 7292, -1,
7446, 7292, 7293, -1, 7446, 7293, 7294, -1, 7448, 7449, 7285, -1, 7448, 7285, 7286, -1,
7448, 7286, 7287, -1, 7450, 7451, 7281, -1, 7450, 7281, 7282, -1, 7450, 7282, 7283, -1,
7450, 7283, 7284, -1, 7450, 7284, 7285, -1, 7452, 7453, 7279, -1, 7452, 7280, 7281, -1,
7454, 7455, 7277, -1, 7454, 7278, 7279, -1, 7456, 7457, 7275, -1, 7456, 7276, 7277, -1,
7458, 7459, 7273, -1, 7458, 7274, 7275, -1, 7460, 7461, 7271, -1, 7460, 7272, 7273, -1,
7462, 7463, 7269, -1, 7462, 7270, 7271, -1, 7464, 7465, 7267, -1, 7464, 7268, 7269, -1,
7466, 7467, 7265, -1, 7466, 7266, 7267, -1, 7468, 7469, 7263, -1, 7468, 7264, 7265, -1,
7263, 7470, 7471, -1, 7263, 7472, 7262, -1, 7261, 7472, 7473, -1, 7261, 7248, 7259, -1,
7118, 7231, 7232, -1, 7118, 7233, 7234, -1, 7118, 7235, 7117, -1, 7235, 7236, 7117, -1,
7117, 7237, 7116, -1, 7116, 7237, 7238, -1, 7115, 7116, 7239, -1, 7115, 7239, 7240, -1,
7115, 7241, 7114, -1, 7241, 7242, 7114, -1, 7114, 7243, 7113, -1, 7113, 7243, 7244, -1,
7112, 7113, 7245, -1, 7112, 7245, 7246, -1, 4341, 4342, 4338, -1, 4343, 4344, 4336, -1,
4343, 4337, 4338, -1, 4345, 4346, 4334, -1, 4345, 4335, 4336, -1, 4347, 4348, 4332, -1,
4347, 4333, 4334, -1, 4349, 4350, 4330, -1, 4349, 4331, 4332, -1, 4351, 4352, 4328, -1,
4351, 4329, 4330, -1, 4353, 4354, 4326, -1, 4353, 4327, 4328, -1, 4355, 4356, 4324, -1,
4355, 4325, 4326, -1, 4324, 4357, 4358, -1, 4324, 4359, 4323, -1, 4360, 4321, 4322, -1,
4360, 4322, 4359, -1, 4362, 4319, 4320, -1, 4362, 4320, 4361, -1, 4361, 4320, 4360, -1,
4318, 4362, 4363, -1, 4318, 4363, 4364, -1, 4318, 4364, 4365, -1, 4318, 4365, 4317, -1,
4316, 4365, 4366, -1, 4316, 4366, 4367, -1, 4316, 4367, 4368, -1, 4316, 4368, 4369, -1,
4316, 4369, 4370, -1, 4316, 4370, 4315, -1, 4314, 4370, 4371, -1, 4314, 4371, 4372, -1,
4377, 4378, 4314, -1, 4377, 4314, 4376, -1, 4391, 4392, 4314, -1, 4312, 4395, 4396, -1,
4312, 4397, 4398, -1, 4312, 4399, 4400, -1, 4312, 4401, 4402, -1, 4312, 4403, 4404, -1,
4312, 4405, 4406, -1, 4312, 4407, 4408, -1, 4312, 4409, 4410, -1, 4312, 4411, 4412, -1,
4312, 4413, 4311, -1, 4310, 4413, 4414, -1, 4310, 4415, 4416, -1, 4310, 4417, 4418, -1,
4310, 4419, 4309, -1, 4309, 4419, 4420, -1, 4309, 4420, 4421, -1, 4309, 4421, 3833, -1,
4309, 3833, 3834, -1, 4309, 3834, 3835, -1, 4309, 3835, 3836, -1, 4309, 3836, 4307, -1,
4307, 3836, 3837, -1, 4307, 3837, 3838, -1, 4307, 3838, 3839, -1, 4307, 3839, 4306, -1,
4304, 4305, 3841, -1, 3841, 4305, 4306, -1, 3841, 4306, 3840, -1, 3840, 4306, 3839, -1,
3842, 3843, 4302, -1, 3842, 4302, 4303, -1, 3842, 4303, 4304, -1, 3842, 4304, 3841, -1,
3830, 3831, 4422, -1, 4422, 3831, 3832, -1, 4422, 3832, 4421, -1, 4421, 3832, 3833, -1,
4422, 4423, 3830, -1, 3830, 4423, 4424, -1, 3830, 4424, 3829, -1, 3829, 4424, 4425, -1,
3829, 4425, 4426, -1, 3828, 4430, 4431, -1, 3828, 4432, 4433, -1, 3828, 4434, 4435, -1,
3828, 4436, 4437, -1, 3828, 4438, 3827, -1, 3827, 4438, 4439, -1, 3827, 4440, 4441, -1,
3827, 4442, 4443, -1, 3827, 4444, 3826, -1, 3826, 4444, 4445, -1, 3826, 4446, 4447, -1,
3826, 4448, 3825, -1, 3824, 4448, 4449, -1, 3824, 4450, 4451, -1, 3824, 4452, 3823, -1,
3822, 4452, 4453, -1, 3822, 4454, 3821, -1, 3820, 4454, 4455, -1, 3820, 4456, 3819, -1,
3818, 4456, 4457, -1, 3818, 4458, 3817, -1, 3816, 4458, 4459, -1, 3816, 4460, 3815, -1,
4460, 4461, 3807, -1, 4460, 3807, 3808, -1, 4460, 3809, 3810, -1, 4460, 3810, 3811, -1,
4460, 3811, 3812, -1, 4460, 3813, 3814, -1, 4462, 4463, 3805, -1, 4462, 3805, 3806, -1,
4462, 3806, 3807, -1, 4464, 4465, 3804, -1, 4464, 3804, 3805, -1, 4466, 4467, 3766, -1,
4466, 3766, 3767, -1, 4466, 3767, 3803, -1, 4466, 3803, 3804, -1, 4468, 4469, 3765, -1,
4468, 3765, 3766, -1, 4470, 4471, 3764, -1, 4470, 3764, 3765, -1, 4472, 4473, 3763, -1,
4472, 3763, 3764, -1, 4474, 4475, 3761, -1, 4474, 3762, 3763, -1, 4476, 4477, 3757, -1,
4476, 3758, 3759, -1, 4476, 3760, 3761, -1, 4478, 4479, 3751, -1, 4478, 3751, 3752, -1,
4478, 3752, 3753, -1, 4478, 3754, 3755, -1, 4478, 3756, 3757, -1, 4480, 4481, 3741, -1,
4480, 3742, 3743, -1, 4480, 3744, 3745, -1, 4480, 3746, 3747, -1, 4480, 3748, 3749, -1,
4480, 3750, 3751, -1, 4482, 4483, 3733, -1, 4482, 3733, 3735, -1, 4482, 3736, 3737, -1,
4482, 3738, 3739, -1, 4482, 3740, 3741, -1, 3732, 3733, 4483, -1, 3732, 4483, 4484, -1,
3732, 4484, 4485, -1, 3732, 4490, 4491, -1, 3732, 4491, 4492, -1, 3732, 4492, 4493, -1,
3732, 4493, 4494, -1, 3732, 4494, 4495, -1, 3732, 4495, 4496, -1, 3732, 4496, 4497, -1,
3732, 4497, 4498, -1, 3732, 4498, 4499, -1, 3732, 4499, 4500, -1, 3732, 4500, 4501, -1,
3732, 4501, 4502, -1, 3732, 4502, 4503, -1, 3732, 4504, 4505, -1, 3732, 4505, 3731, -1,
3731, 4505, 4506, -1, 3731, 4506, 4507, -1, 3731, 4507, 4508, -1, 3731, 4508, 4509, -1,
3731, 4509, 4510, -1, 3731, 4510, 3730, -1, 3730, 4510, 4511, -1, 3730, 4511, 4512, -1,
3730, 4512, 4513, -1, 3730, 4513, 4514, -1, 3730, 4514, 3729, -1, 3728, 4514, 4515, -1,
3728, 4515, 4516, -1, 3728, 4516, 4517, -1, 3728, 4517, 4518, -1, 3728, 4518, 4519, -1,
3728, 4519, 3727, -1, 4282, 4283, 4279, -1, 4282, 4279, 4280, -1, 4282, 4280, 4281, -1,
4284, 4285, 4277, -1, 4284, 4277, 4278, -1, 4284, 4278, 4279, -1, 4284, 4279, 4283, -1,
4286, 4287, 4275, -1, 4286, 4276, 4277, -1, 4286, 4277, 4285, -1, 4288, 4289, 4273, -1,
4288, 4274, 4275, -1, 4288, 4275, 4287, -1, 4290, 4291, 4271, -1, 4290, 4272, 4273, -1,
4290, 4273, 4289, -1, 4292, 4293, 4270, -1, 4292, 4270, 4271, -1, 4292, 4271, 4291, -1,
4294, 4295, 4268, -1, 4294, 4268, 4269, -1, 4294, 4269, 4270, -1, 4294, 4270, 4293, -1,
4296, 4297, 4266, -1, 4296, 4266, 4267, -1, 4296, 4267, 4268, -1, 4296, 4268, 4295, -1,
4263, 4264, 4245, -1, 4245, 4264, 4265, -1, 4245, 4265, 4244, -1, 4244, 4265, 4266, -1,
4243, 4266, 4297, -1, 4243, 4297, 4242, -1, 4298, 4299, 4239, -1, 4298, 4240, 4241, -1,
4298, 4241, 4297, -1, 4299, 4300, 4237, -1, 4299, 4238, 4239, -1, 4234, 4235, 3843, -1,
3843, 4236, 4302, -1, 4302, 4236, 4237, -1, 4302, 4237, 4301, -1, 4301, 4237, 4300, -1,
3844, 4232, 4233, -1, 3844, 4233, 3843, -1, 3845, 3846, 4229, -1, 3845, 4230, 4231, -1,
3845, 4231, 3844, -1, 3847, 3849, 4227, -1, 3847, 4228, 4229, -1, 4248, 4249, 4262, -1,
4261, 4250, 4251, -1, 4261, 4251, 4260, -1, 4260, 4251, 4252, -1, 4260, 4252, 4259, -1,
4259, 4252, 4253, -1, 4259, 4253, 4258, -1, 4258, 4253, 4254, -1, 4258, 4254, 4257, -1,
4257, 4254, 4255, -1, 4257, 4255, 4256, -1, 4263, 4246, 4247, -1, 4263, 4247, 4262, -1,
3901, 4214, 4215, -1, 3901, 4215, 3900, -1, 3900, 4215, 3856, -1, 3900, 3856, 3899, -1,
3899, 3856, 3857, -1, 3898, 3899, 3858, -1, 3898, 3858, 3859, -1, 3898, 3860, 3897, -1,
3862, 3896, 3897, -1, 3861, 3897, 3860, -1, 3893, 3894, 3864, -1, 3864, 3894, 3895, -1,
3863, 3895, 3862, -1, 3891, 3892, 3866, -1, 3866, 3892, 3893, -1, 3865, 3893, 3864, -1,
3889, 3890, 3868, -1, 3868, 3890, 3891, -1, 3867, 3891, 3866, -1, 3887, 3888, 3870, -1,
3870, 3888, 3889, -1, 3869, 3889, 3868, -1, 3885, 3886, 3872, -1, 3872, 3886, 3887, -1,
3871, 3887, 3870, -1, 3883, 3884, 3874, -1, 3874, 3884, 3885, -1, 3873, 3885, 3872, -1,
3879, 3880, 3876, -1, 3876, 3880, 3881, -1, 3876, 3881, 3875, -1, 3875, 3881, 3882, -1,
3875, 3882, 3874, -1, 3874, 3882, 3883, -1, 3877, 3878, 3879, -1, 3877, 3879, 3876, -1,
3849, 3850, 4225, -1, 3849, 4226, 4227, -1, 3851, 3852, 4223, -1, 3851, 4224, 4225, -1,
3853, 4220, 4221, -1, 3853, 4221, 3852, -1, 3852, 4222, 4223, -1, 3854, 3855, 4215, -1,
3854, 4216, 4217, -1, 3854, 4218, 4219, -1, 3854, 4219, 3853, -1, 3902, 3903, 4211, -1,
3902, 4212, 4213, -1, 3902, 4213, 3901, -1, 3904, 4208, 4209, -1, 3904, 4209, 3903, -1,
3903, 4210, 4211, -1, 3906, 4206, 4207, -1, 3905, 4207, 3904, -1, 3925, 3926, 3906, -1,
3906, 3926, 3927, -1, 3906, 3927, 4205, -1, 4205, 3927, 3928, -1, 4205, 3928, 3929, -1,
3908, 3924, 3925, -1, 3907, 3925, 3906, -1, 3921, 3922, 3910, -1, 3910, 3922, 3923, -1,
3910, 3923, 3909, -1, 3909, 3923, 3908, -1, 3919, 3920, 3912, -1, 3912, 3920, 3921, -1,
3912, 3921, 3911, -1, 3911, 3921, 3910, -1, 3917, 3918, 3914, -1, 3914, 3918, 3919, -1,
3914, 3919, 3913, -1, 3913, 3919, 3912, -1, 3915, 3916, 3917, -1, 3915, 3917, 3914, -1,
3768, 3769, 3801, -1, 3768, 3802, 3803, -1, 3768, 3803, 3767, -1, 3770, 3798, 3799, -1,
3770, 3799, 3769, -1, 3769, 3799, 3800, -1, 3769, 3800, 3801, -1, 3772, 3796, 3797, -1,
3771, 3797, 3770, -1, 3774, 3794, 3795, -1, 3773, 3795, 3772, -1, 3776, 3792, 3793, -1,
3775, 3793, 3774, -1, 3778, 3790, 3791, -1, 3777, 3791, 3776, -1, 3780, 3788, 3789, -1,
3779, 3789, 3778, -1, 3782, 3786, 3787, -1, 3781, 3787, 3780, -1, 3783, 3785, 3782, -1,
3930, 4202, 4203, -1, 3930, 4203, 3929, -1, 3929, 4204, 4205, -1, 3931, 3932, 4199, -1,
3931, 4200, 4201, -1, 3931, 4201, 3930, -1, 3933, 3934, 4197, -1, 3933, 4198, 4199, -1,
3933, 4199, 3932, -1, 3934, 3935, 4195, -1, 3934, 4196, 4197, -1, 3936, 3937, 4193, -1,
3936, 4194, 4195, -1, 3938, 3939, 4191, -1, 3938, 4192, 4193, -1, 3938, 4193, 3937, -1,
3940, 4188, 4189, -1, 3940, 4189, 3939, -1, 3939, 4190, 4191, -1, 3941, 3942, 4185, -1,
3941, 4186, 4187, -1, 3941, 4187, 3940, -1, 3943, 4182, 4183, -1, 3943, 4183, 3942, -1,
3942, 4184, 4185, -1, 3944, 3945, 4179, -1, 3944, 4180, 4181, -1, 3944, 4181, 3943, -1,
3946, 4176, 4177, -1, 3946, 4177, 3945, -1, 3945, 4178, 4179, -1, 3948, 4174, 4175, -1,
3948, 4175, 3947, -1, 3947, 4175, 3946, -1, 3949, 3950, 4171, -1, 3949, 4172, 4173, -1,
3949, 4173, 3948, -1, 3951, 4168, 4169, -1, 3951, 4169, 3950, -1, 3950, 4170, 4171, -1,
3952, 3953, 4165, -1, 3952, 4166, 4167, -1, 3952, 4167, 3951, -1, 3954, 4162, 4163, -1,
3954, 4163, 3953, -1, 3953, 4164, 4165, -1, 3955, 3956, 4159, -1, 3955, 4160, 4161, -1,
3955, 4161, 3954, -1, 3958, 4158, 4159, -1, 3958, 4159, 3957, -1, 3959, 3960, 4155, -1,
3959, 4156, 4157, -1, 3959, 4157, 3958, -1, 3960, 3961, 4153, -1, 3960, 4154, 4155, -1,
3962, 3963, 4151, -1, 3962, 4152, 4153, -1, 3962, 4153, 3961, -1, 3964, 3965, 4149, -1,
3964, 4150, 4151, -1, 3964, 4151, 3963, -1, 3966, 3967, 4147, -1, 3966, 4148, 4149, -1,
3966, 4149, 3965, -1, 3967, 3968, 4145, -1, 3967, 4146, 4147, -1, 3969, 3970, 4143, -1,
3969, 4144, 4145, -1, 3969, 4145, 3968, -1, 3971, 3972, 4141, -1, 3971, 4142, 4143, -1,
3971, 4143, 3970, -1, 3973, 4138, 4139, -1, 3973, 4139, 3972, -1, 3972, 4140, 4141, -1,
3975, 4136, 4137, -1, 3975, 4137, 3974, -1, 3974, 4137, 3973, -1, 3976, 3977, 4133, -1,
3976, 4134, 4135, -1, 3976, 4135, 3975, -1, 3978, 3979, 4131, -1, 3978, 4132, 4133, -1,
3978, 4133, 3977, -1, 4131, 3979, 4130, -1, 4130, 3979, 3980, -1, 4130, 3980, 4129, -1,
4129, 3980, 3981, -1, 4129, 3981, 3982, -1, 3983, 3984, 4127, -1, 3983, 4127, 4128, -1,
3983, 4128, 4129, -1, 3985, 3986, 4126, -1, 3985, 4126, 4127, -1, 3989, 4123, 4124, -1,
3988, 4125, 3987, -1, 3987, 4125, 4126, -1, 3989, 3990, 4122, -1, 4122, 3991, 4121, -1,
4121, 3991, 3992, -1, 4120, 4121, 3993, -1, 4120, 3993, 3994, -1, 4120, 3995, 4119, -1,
4118, 4119, 3995, -1, 4118, 3995, 3996, -1, 4118, 3997, 4117, -1, 3997, 3998, 4117, -1,
4117, 3999, 4116, -1, 4116, 3999, 4000, -1, 4115, 4116, 4001, -1, 4115, 4001, 4002, -1,
4115, 4003, 4114, -1, 4003, 4004, 4114, -1, 4114, 4005, 4113, -1, 4113, 4005, 4006, -1,
4112, 4113, 4007, -1, 4112, 4007, 4008, -1, 4112, 4009, 4111, -1, 4110, 4111, 4009, -1,
4110, 4009, 4010, -1, 4110, 4011, 4109, -1, 4011, 4012, 4109, -1, 4109, 4013, 4108, -1,
4108, 4013, 4014, -1, 4107, 4108, 4015, -1, 4107, 4015, 4016, -1, 4107, 4017, 4106, -1,
4017, 4018, 4106, -1, 4106, 4019, 4105, -1, 4105, 4019, 4020, -1, 4104, 4105, 4021, -1,
4104, 4021, 4022, -1, 4104, 4023, 4103, -1, 4023, 4024, 4101, -1, 4023, 4102, 4103, -1,
4025, 4026, 4100, -1, 4025, 4100, 4101, -1, 4027, 4028, 4099, -1, 4027, 4099, 4100, -1,
4029, 4030, 4098, -1, 4029, 4098, 4099, -1, 4031, 4032, 4096, -1, 4031, 4096, 4097, -1,
4031, 4097, 4098, -1, 4033, 4034, 4095, -1, 4033, 4095, 4096, -1, 4035, 4036, 4093, -1,
4035, 4094, 4095, -1, 4093, 4037, 4038, -1, 4093, 4039, 4092, -1, 4091, 4039, 4040, -1,
4091, 4041, 4090, -1, 4089, 4090, 4041, -1, 4089, 4041, 4042, -1, 4089, 4043, 4044, -1,
4089, 4045, 4088, -1, 4087, 4088, 4045, -1, 4087, 4045, 4046, -1, 4087, 4047, 4086, -1,
4085, 4086, 4047, -1, 4085, 4047, 4048, -1, 4085, 4049, 4084, -1, 4083, 4084, 4049, -1,
4083, 4049, 4050, -1, 4083, 4051, 4052, -1, 4083, 4053, 4082, -1, 4053, 4054, 4079, -1,
4053, 4079, 4080, -1, 4053, 4080, 4081, -1, 4053, 4081, 4082, -1, 4055, 4056, 4077, -1,
4055, 4077, 4078, -1, 4055, 4078, 4079, -1, 4057, 4058, 4074, -1, 4057, 4074, 4075, -1,
4057, 4075, 4076, -1, 4057, 4076, 4077, -1, 4057, 4077, 4056, -1, 4059, 4060, 4071, -1,
4059, 4071, 4072, -1, 4059, 4072, 4073, -1, 4059, 4073, 4074, -1, 4059, 4074, 4058, -1,
4061, 4062, 4068, -1, 4061, 4068, 4069, -1, 4061, 4069, 4070, -1, 4061, 4070, 4071, -1,
4061, 4071, 4060, -1, 4063, 4064, 4066, -1, 4063, 4066, 4067, -1, 4063, 4067, 4068, -1,
4063, 4068, 4062, -1, 3726, 4519, 4521, -1, 3726, 4522, 4523, -1, 3726, 4523, 4524, -1,
3726, 4524, 4525, -1, 3726, 4525, 4526, -1, 3726, 4526, 3725, -1, 3724, 4526, 4527, -1,
3724, 4527, 4528, -1, 3724, 4528, 4529, -1, 3724, 4529, 4530, -1, 3724, 4530, 4531, -1,
3722, 4534, 4535, -1, 3722, 4535, 4536, -1, 3722, 4537, 4538, -1, 3722, 4538, 4539, -1,
3722, 4539, 4540, -1, 3722, 4540, 3721, -1, 3720, 4540, 4541, -1, 3720, 4541, 4542, -1,
3720, 4542, 4543, -1, 3720, 4543, 4544, -1, 3718, 4547, 4548, -1, 3718, 4548, 4549, -1,
3718, 4549, 4550, -1, 3716, 4553, 4554, -1, 3716, 4554, 4555, -1, 3716, 4555, 4556, -1,
3716, 4556, 4557, -1, 3716, 4557, 3715, -1, 3714, 4557, 4558, -1, 3714, 4558, 4559, -1,
3714, 4559, 4560, -1, 3714, 4560, 4561, -1, 3714, 4561, 3713, -1, 3712, 4561, 4562, -1,
3712, 4562, 4563, -1, 3712, 4563, 4564, -1, 3712, 4564, 3711, -1, 3710, 4564, 4565, -1,
3710, 4565, 4566, -1, 3710, 4566, 4567, -1, 3710, 4567, 3709, -1, 3708, 4567, 4568, -1,
3708, 4568, 4569, -1, 3708, 4569, 4570, -1, 4574, 4575, 3704, -1, 4574, 3705, 3706, -1,
4574, 3706, 4573, -1, 3704, 4575, 4576, -1, 3704, 4576, 4577, -1, 3704, 4577, 4578, -1,
3704, 4578, 3703, -1, 4578, 4579, 3702, -1, 3702, 4583, 4584, -1, 3702, 4584, 4585, -1,
3702, 4585, 4586, -1, 3702, 4586, 4587, -1, 3702, 4587, 4588, -1, 3702, 4588, 3701, -1,
3556, 3558, 3551, -1, 3556, 3551, 3552, -1, 3556, 3553, 3554, -1, 3560, 3562, 6973, -1,
3560, 6973, 6974, -1, 3560, 6975, 3559, -1, 3558, 6975, 6976, -1, 3564, 3566, 6969, -1,
3564, 6969, 6970, -1, 3564, 6971, 3563, -1, 3562, 6971, 6972, -1, 3568, 3570, 6965, -1,
3568, 6965, 6966, -1, 3568, 6967, 3567, -1, 3566, 6967, 6968, -1, 6949, 6950, 3604, -1,
6949, 3604, 3605, -1, 6949, 3605, 3606, -1, 6949, 3606, 3607, -1, 6949, 3607, 3608, -1,
6949, 3608, 3609, -1, 6949, 3609, 3610, -1, 6949, 3610, 3612, -1, 6951, 6952, 3598, -1,
6951, 3598, 3599, -1, 6951, 3599, 3600, -1, 6951, 3600, 3601, -1, 6951, 3601, 3602, -1,
6951, 3602, 3603, -1, 6951, 3603, 3604, -1, 6953, 6954, 3593, -1, 6953, 3593, 3594, -1,
6953, 3594, 3595, -1, 6953, 3595, 3596, -1, 6953, 3596, 3597, -1, 6953, 3597, 3598, -1,
6955, 6956, 3588, -1, 6955, 3588, 3589, -1, 6955, 3589, 3590, -1, 6955, 3590, 3591, -1,
6955, 3591, 3592, -1, 6955, 3592, 3593, -1, 6957, 6958, 3583, -1, 6957, 3583, 3585, -1,
6957, 3585, 3586, -1, 6957, 3586, 3587, -1, 6957, 3587, 3588, -1, 6959, 6960, 3578, -1,
6959, 3578, 3579, -1, 6959, 3579, 3580, -1, 6959, 3580, 3581, -1, 6959, 3581, 3582, -1,
6959, 3582, 3583, -1, 6961, 6962, 3573, -1, 6961, 3573, 3575, -1, 6961, 3575, 3576, -1,
6961, 3576, 3577, -1, 6961, 3577, 3578, -1, 6963, 6964, 3570, -1, 6963, 3570, 3571, -1,
6963, 3571, 3572, -1, 6963, 3572, 3573, -1, 6945, 6946, 3620, -1, 6945, 3620, 3622, -1,
6945, 3623, 3624, -1, 6945, 3624, 3626, -1, 6945, 3626, 3628, -1, 6945, 3628, 3630, -1,
6945, 3630, 3632, -1, 6945, 3632, 6944, -1, 6947, 6948, 3612, -1, 6947, 3612, 3613, -1,
6947, 3613, 3614, -1, 6947, 3614, 3615, -1, 6947, 3615, 3616, -1, 6947, 3616, 3617, -1,
6947, 3617, 3619, -1, 6947, 3619, 3620, -1, 6943, 6944, 3632, -1, 6943, 3632, 3634, -1,
6943, 3634, 3636, -1, 6943, 3636, 3638, -1, 6943, 3638, 3640, -1, 6943, 3641, 3642, -1,
6943, 3642, 3644, -1, 6943, 3644, 3646, -1, 6943, 3646, 6942, -1, 6933, 6934, 3684, -1,
6933, 3685, 3686, -1, 6933, 3686, 3688, -1, 6933, 3688, 6932, -1, 6935, 6936, 3676, -1,
6935, 3677, 3678, -1, 6935, 3679, 3680, -1, 6935, 3681, 3682, -1, 6935, 3683, 3684, -1,
6935, 3684, 6934, -1, 6937, 6938, 3668, -1, 6937, 3669, 3670, -1, 6937, 3671, 3672, -1,
6937, 3673, 3674, -1, 6937, 3675, 3676, -1, 6937, 3676, 6936, -1, 6939, 6940, 3658, -1,
6939, 3659, 3660, -1, 6939, 3661, 3662, -1, 6939, 3663, 3664, -1, 6939, 3665, 3666, -1,
6939, 3667, 3668, -1, 6939, 3668, 6938, -1, 6941, 6942, 3646, -1, 6941, 3646, 3648, -1,
6941, 3649, 3650, -1, 6941, 3650, 3652, -1, 6941, 3653, 3654, -1, 6941, 3655, 3656, -1,
6941, 3657, 3658, -1, 6941, 3658, 6940, -1, 4647, 4649, 6863, -1, 4647, 6863, 6864, -1,
4647, 6865, 4646, -1, 4644, 4645, 6867, -1, 6867, 4645, 4646, -1, 6866, 4646, 6865, -1,
6867, 6868, 4644, -1, 4644, 6869, 4643, -1, 4643, 6869, 6870, -1, 4642, 4643, 6871, -1,
4642, 6871, 6872, -1, 4642, 6873, 4641, -1, 6873, 6874, 4641, -1, 4641, 6875, 4640, -1,
4640, 6875, 4638, -1, 6875, 6876, 4638, -1, 4638, 6877, 4637, -1, 4637, 6877, 6878, -1,
6879, 6880, 4637, -1, 4637, 6881, 4636, -1, 4636, 6881, 6882, -1, 6883, 6884, 4636, -1,
4636, 6885, 4635, -1, 4635, 6885, 6886, -1, 4634, 4635, 6887, -1, 4634, 6887, 6888, -1,
4634, 6889, 6890, -1, 4634, 6891, 4633, -1, 6891, 6892, 4633, -1, 4633, 6893, 4632, -1,
4632, 6893, 6894, -1, 4631, 4632, 6895, -1, 4631, 6895, 6896, -1, 4631, 6897, 4630, -1,
6897, 6898, 4630, -1, 4630, 6899, 4629, -1, 4629, 6899, 6900, -1, 6901, 6902, 4627, -1,
6901, 4627, 4628, -1, 6901, 4628, 4629, -1, 6903, 6904, 4626, -1, 6903, 4626, 4627, -1,
6905, 6906, 4625, -1, 6905, 4625, 4626, -1, 6907, 6908, 4624, -1, 6907, 4624, 4625, -1,
4624, 6909, 6910, -1, 4624, 6911, 4623, -1, 6911, 6912, 4623, -1, 4623, 6913, 4622, -1,
4622, 6913, 6914, -1, 4621, 4622, 6915, -1, 4621, 6915, 6916, -1, 4621, 6917, 4620, -1,
4617, 4618, 6919, -1, 6919, 4618, 4619, -1, 6918, 4619, 4620, -1, 6918, 4620, 6917, -1,
4616, 4617, 6919, -1, 4616, 6919, 6920, -1, 4616, 6921, 4615, -1, 6921, 6922, 4611, -1,
6921, 4611, 4612, -1, 6921, 4612, 4614, -1, 6921, 4614, 4615, -1, 6923, 6924, 4605, -1,
6923, 4605, 4606, -1, 6923, 4606, 4608, -1, 6923, 4608, 4609, -1, 6923, 4609, 4610, -1,
6923, 4610, 4611, -1, 6925, 6926, 4598, -1, 6925, 4598, 4599, -1, 6925, 4599, 4600, -1,
6925, 4600, 4601, -1, 6925, 4601, 4602, -1, 6925, 4602, 4603, -1, 6925, 4603, 4604, -1,
6925, 4604, 4605, -1, 6925, 4605, 6924, -1, 6927, 6928, 4590, -1, 6927, 4590, 4591, -1,
6927, 4591, 4593, -1, 6927, 4593, 4594, -1, 6927, 4594, 4595, -1, 6927, 4595, 4596, -1,
6927, 4596, 4597, -1, 6927, 4597, 4598, -1, 6927, 4598, 6926, -1, 6928, 3698, 4589, -1,
4589, 3699, 4588, -1, 4588, 3699, 3700, -1, 6929, 6930, 3692, -1, 6929, 3693, 3694, -1,
6929, 3695, 3696, -1, 6929, 3697, 3698, -1, 6929, 3698, 6928, -1, 6931, 6932, 3688, -1,
6931, 3689, 3690, -1, 6931, 3691, 3692, -1, 6931, 3692, 6930, -1, 6783, 6785, 4711, -1,
6783, 4712, 4713, -1, 6783, 4713, 6782, -1, 6786, 4708, 4709, -1, 6786, 4709, 6785, -1,
6785, 4710, 4711, -1, 6787, 4704, 4705, -1, 6787, 4705, 6786, -1, 6786, 4706, 4707, -1,
6788, 6789, 4701, -1, 6788, 4702, 4703, -1, 6788, 4703, 6787, -1, 6790, 4698, 4699, -1,
6790, 4699, 6789, -1, 6789, 4700, 4701, -1, 6791, 6792, 4695, -1, 6791, 4696, 4697, -1,
6791, 4697, 6790, -1, 6793, 6794, 4693, -1, 6793, 4694, 4695, -1, 6795, 6796, 4691, -1,
6795, 4692, 4693, -1, 4691, 6797, 6798, -1, 4691, 6799, 4690, -1, 4689, 6799, 6800, -1,
4689, 6801, 4688, -1, 4687, 6801, 6802, -1, 4687, 6803, 6804, -1, 4687, 6805, 4686, -1,
4685, 6805, 6806, -1, 4685, 6807, 4684, -1, 6807, 6808, 4684, -1, 4684, 6809, 4683, -1,
4683, 6809, 6810, -1, 4682, 4683, 6811, -1, 4682, 6811, 6812, -1, 4682, 6813, 6814, -1,
4682, 6815, 4681, -1, 4680, 4681, 6815, -1, 4680, 6815, 6816, -1, 4680, 6817, 4679, -1,
6817, 6818, 4679, -1, 4679, 6819, 4678, -1, 4678, 6819, 6820, -1, 6821, 6822, 4676, -1,
6821, 4677, 4678, -1, 6823, 6824, 4675, -1, 6823, 4675, 4676, -1, 6825, 6826, 4674, -1,
6825, 4674, 4675, -1, 6827, 6828, 4673, -1, 6827, 4673, 4674, -1, 6829, 6830, 4672, -1,
6829, 4672, 4673, -1, 6831, 6832, 4671, -1, 6831, 4671, 4672, -1, 4671, 6833, 6834, -1,
4671, 6835, 4670, -1, 4668, 4669, 6837, -1, 6837, 4669, 4670, -1, 6836, 4670, 6835, -1,
4666, 4667, 6839, -1, 6839, 4667, 4668, -1, 6838, 4668, 6837, -1, 6839, 6840, 4666, -1,
4666, 6841, 4665, -1, 4665, 6841, 6842, -1, 6843, 6844, 4663, -1, 6843, 4663, 4664, -1,
6843, 4664, 4665, -1, 6845, 6846, 4661, -1, 6845, 4661, 4662, -1, 6845, 4662, 4663, -1,
6847, 6848, 4660, -1, 6847, 4660, 4661, -1, 6849, 6850, 4658, -1, 6849, 4658, 4659, -1,
6849, 4659, 4660, -1, 6851, 6852, 4657, -1, 6851, 4657, 4658, -1, 6853, 6854, 4655, -1,
6853, 4655, 4656, -1, 6853, 4656, 4657, -1, 6855, 6856, 4654, -1, 6855, 4654, 4655, -1,
6857, 6858, 4652, -1, 6857, 4652, 4653, -1, 6857, 4653, 4654, -1, 6859, 6860, 4651, -1,
6859, 4651, 4652, -1, 6861, 6862, 4649, -1, 6861, 4649, 4650, -1, 6861, 4650, 4651, -1,
6729, 6730, 4809, -1, 4809, 6731, 4808, -1, 4808, 6731, 6732, -1, 4807, 6733, 4805, -1,
4805, 6733, 6734, -1, 6737, 4804, 4805, -1, 6736, 4805, 6735, -1, 6739, 4802, 4803, -1,
6738, 4803, 6737, -1, 6740, 6741, 4799, -1, 6740, 4800, 4801, -1, 6740, 4801, 6739, -1,
6742, 4796, 4797, -1, 6742, 4797, 6741, -1, 6741, 4798, 4799, -1, 6743, 6744, 4793, -1,
6743, 4794, 4795, -1, 6743, 4795, 6742, -1, 6745, 4790, 4791, -1, 6745, 4791, 6744, -1,
6744, 4792, 4793, -1, 6746, 6747, 4785, -1, 6746, 4786, 4787, -1, 6746, 4788, 4789, -1,
6746, 4789, 6745, -1, 6748, 4782, 4783, -1, 6748, 4783, 6747, -1, 6747, 4784, 4785, -1,
6749, 6750, 4779, -1, 6749, 4780, 4781, -1, 6749, 4781, 6748, -1, 6751, 4776, 4777, -1,
6751, 4777, 6750, -1, 6750, 4778, 4779, -1, 6752, 6753, 4773, -1, 6752, 4774, 4775, -1,
6752, 4775, 6751, -1, 6754, 4770, 4771, -1, 6754, 4771, 6753, -1, 6753, 4772, 4773, -1,
6756, 4768, 4769, -1, 6756, 4769, 6755, -1, 6755, 4769, 6754, -1, 6757, 6758, 4765, -1,
6757, 4766, 4767, -1, 6757, 4767, 6756, -1, 6759, 6760, 4763, -1, 6759, 4764, 4765, -1,
6759, 4765, 6758, -1, 6761, 4760, 4761, -1, 6761, 4761, 6760, -1, 6760, 4762, 4763, -1,
4757, 4758, 6763, -1, 6763, 4758, 4759, -1, 6763, 4759, 6762, -1, 6762, 4759, 6761, -1,
6764, 6765, 4755, -1, 6764, 4755, 4756, -1, 6764, 4756, 4757, -1, 6764, 4757, 6763, -1,
6766, 6767, 4753, -1, 6766, 4753, 4754, -1, 6766, 4754, 4755, -1, 6766, 4755, 6765, -1,
6768, 4750, 4751, -1, 6768, 4751, 6767, -1, 6767, 4752, 4753, -1, 6770, 4748, 4749, -1,
6770, 4749, 6769, -1, 6769, 4749, 6768, -1, 6771, 6772, 4745, -1, 6771, 4746, 4747, -1,
6771, 4747, 6770, -1, 6773, 4742, 4743, -1, 6773, 4743, 6772, -1, 6772, 4744, 4745, -1,
6774, 4738, 4739, -1, 6774, 4739, 6773, -1, 6773, 4740, 4741, -1, 6775, 6776, 4735, -1,
6775, 4736, 4737, -1, 6775, 4737, 6774, -1, 6776, 6777, 4731, -1, 6776, 4732, 4733, -1,
6776, 4734, 4735, -1, 6778, 4728, 4729, -1, 6778, 4729, 6777, -1, 6777, 4730, 4731, -1,
6779, 4724, 4725, -1, 6779, 4725, 6778, -1, 6778, 4726, 4727, -1, 6780, 6781, 4719, -1,
6780, 4720, 4721, -1, 6780, 4722, 4723, -1, 6780, 4723, 6779, -1, 6782, 4716, 4717, -1,
6782, 4717, 6781, -1, 6781, 4718, 4719, -1, 6782, 4714, 4715, -1, 6583, 6584, 4940, -1,
6583, 4941, 4942, -1, 6583, 4942, 6582, -1, 6585, 4937, 4938, -1, 6585, 4938, 6584, -1,
6584, 4939, 4940, -1, 6586, 6587, 4934, -1, 6586, 4935, 4936, -1, 6586, 4936, 6585, -1,
6588, 6589, 4932, -1, 6588, 4933, 4934, -1, 6590, 4929, 4930, -1, 6590, 4930, 6589, -1,
6589, 4931, 4932, -1, 6591, 6592, 4926, -1, 6591, 4927, 4928, -1, 6591, 4928, 6590, -1,
6593, 4923, 4924, -1, 6593, 4924, 6592, -1, 6592, 4925, 4926, -1, 6594, 6595, 4920, -1,
6594, 4921, 4922, -1, 6594, 4922, 6593, -1, 6596, 4917, 4918, -1, 6596, 4918, 6595, -1,
6595, 4919, 4920, -1, 6598, 4915, 4916, -1, 6597, 4916, 6596, -1, 6598, 6599, 4914, -1,
4914, 6600, 4913, -1, 4913, 6600, 6601, -1, 4912, 4913, 6602, -1, 4912, 6602, 6603, -1,
4912, 6604, 4911, -1, 6604, 6605, 4911, -1, 4911, 6606, 4910, -1, 4910, 6606, 6607, -1,
4909, 4910, 6608, -1, 4909, 6608, 6609, -1, 4909, 6610, 4908, -1, 6610, 6611, 4908, -1,
4908, 6612, 4907, -1, 4907, 6612, 6613, -1, 4906, 4907, 6614, -1, 4906, 6614, 6615, -1,
4906, 6616, 4905, -1, 6618, 4904, 4905, -1, 6617, 4905, 6616, -1, 6620, 4902, 4903, -1,
6619, 4903, 6618, -1, 6622, 4900, 4901, -1, 6621, 4901, 6620, -1, 6624, 4898, 4899, -1,
6623, 4899, 6622, -1, 6625, 6626, 4895, -1, 6625, 4896, 4897, -1, 6625, 4897, 6624, -1,
6627, 4892, 4893, -1, 6627, 4893, 6626, -1, 6626, 4894, 4895, -1, 6628, 4888, 4889, -1,
6628, 4889, 6627, -1, 6627, 4890, 4891, -1, 6629, 6630, 4885, -1, 6629, 4886, 4887, -1,
6629, 4887, 6628, -1, 6634, 4880, 6633, -1, 6633, 4880, 4881, -1, 6633, 4881, 6632, -1,
6632, 4881, 4882, -1, 6632, 4882, 6631, -1, 6631, 4882, 4883, -1, 6631, 4883, 6630, -1,
6630, 4884, 4885, -1, 4878, 4879, 6636, -1, 6636, 4879, 4880, -1, 6635, 4880, 6634, -1,
6636, 6637, 4878, -1, 4878, 6638, 4877, -1, 4877, 6638, 6639, -1, 4876, 4877, 6640, -1,
4876, 6640, 6641, -1, 4876, 6642, 4875, -1, 6642, 6643, 4875, -1, 4875, 6643, 6644, -1,
4875, 6644, 4874, -1, 4874, 6644, 6645, -1, 4874, 6645, 6646, -1, 4873, 4874, 6646, -1,
4873, 6646, 6647, -1, 4873, 6648, 4872, -1, 6648, 6649, 4872, -1, 4872, 6650, 4871, -1,
4871, 6650, 6651, -1, 4870, 4871, 6652, -1, 4870, 6652, 6653, -1, 4870, 6654, 4869, -1,
4866, 4867, 6657, -1, 6657, 4868, 6656, -1, 6656, 4868, 4869, -1, 6655, 4869, 6654, -1,
6658, 4864, 4865, -1, 6658, 4865, 6657, -1, 6659, 6660, 4859, -1, 6659, 4860, 4861, -1,
6659, 4862, 4863, -1, 6659, 4863, 6658, -1, 6661, 4856, 4857, -1, 6661, 4857, 6660, -1,
6660, 4858, 4859, -1, 6662, 6663, 4853, -1, 6662, 4854, 4855, -1, 6662, 4855, 6661, -1,
6664, 4850, 4851, -1, 6664, 4851, 6663, -1, 6663, 4852, 4853, -1, 6665, 6666, 4847, -1,
6665, 4848, 4849, -1, 6665, 4849, 6664, -1, 6667, 4844, 4845, -1, 6667, 4845, 6666, -1,
6666, 4846, 4847, -1, 6669, 4842, 4843, -1, 6668, 4843, 6667, -1, 6671, 4840, 4841, -1,
6670, 4841, 6669, -1, 6673, 4838, 4839, -1, 6672, 4839, 6671, -1, 6673, 6674, 4837, -1,
4837, 6675, 4836, -1, 4836, 6675, 6676, -1, 4835, 4836, 6677, -1, 4835, 6677, 6678, -1,
4835, 6679, 4834, -1, 4832, 4833, 6681, -1, 6681, 4833, 4834, -1, 6680, 4834, 6679, -1,
6681, 6682, 4832, -1, 4832, 6683, 4831, -1, 4831, 6683, 6684, -1, 4830, 4831, 6685, -1,
4830, 6685, 6686, -1, 4830, 6687, 4829, -1, 6687, 6688, 4829, -1, 4829, 6689, 4828, -1,
4828, 6689, 6690, -1, 6691, 6692, 4826, -1, 6691, 4826, 4827, -1, 6691, 4827, 4828, -1,
6693, 6694, 4825, -1, 6693, 4825, 4826, -1, 6695, 6696, 4824, -1, 6695, 4824, 4825, -1,
6697, 6698, 4823, -1, 6697, 4823, 4824, -1, 6699, 6700, 4822, -1, 6699, 4822, 4823, -1,
6704, 4819, 6703, -1, 6703, 4819, 4820, -1, 6702, 4821, 6701, -1, 6701, 4821, 4822, -1,
6705, 6706, 4818, -1, 6705, 4818, 4819, -1, 6707, 6708, 4817, -1, 6707, 4817, 4818, -1,
6709, 6710, 4816, -1, 6709, 4816, 4817, -1, 4816, 6711, 6712, -1, 4816, 6713, 4815, -1,
6713, 6714, 4815, -1, 4815, 6715, 4814, -1, 4814, 6715, 6716, -1, 4813, 4814, 6717, -1,
4813, 6717, 6718, -1, 4813, 6719, 4812, -1, 4812, 6719, 6720, -1, 4812, 6721, 6722, -1,
4812, 6723, 4811, -1, 6723, 6724, 4811, -1, 4811, 6725, 4810, -1, 4810, 6725, 6726, -1,
4809, 4810, 6727, -1, 4809, 6727, 6728, -1, 7248, 7249, 7257, -1, 7257, 7250, 7255, -1,
7255, 7250, 7253, -1, 7251, 7253, 7250, -1, 7248, 7257, 7258, -1, 7248, 7258, 7259, -1,
6928, 4589, 4590, -1, 4066, 4064, 4065, -1, 4426, 3828, 3829, -1, 4382, 4380, 4381, -1,
3332, 3348, 3331, -1, 2756, 2754, 2755, -1, 5335, 5333, 5334, -1, 6325, 6173, 6324, -1,
6207, 6249, 6206, -1, 6243, 6212, 6242, -1, 5203, 6137, 5202, -1, 2137, 2135, 2136, -1,
1676, 1674, 1675, -1, 1564, 1562, 1563, -1, 1069, 1332, 1342, -1, 1099, 1100, 1098, -1,
491, 489, 490, -1, 248, 303, 247, -1, 192, 190, 191, -1
            ]
          }
        }
      ]
    }
  ]
}
Transform {
  children [
    Group {
      children [
        Shape {
          appearance Appearance {
            material Material {
              diffuseColor 0.9 0.9 0.9
              specularColor 0.1 0.1 0.1
              emissiveColor 0 0 0
              ambientIntensity 0.9
              transparency 0
              shininess 0.02
            }
          }
          geometry IndexedFaceSet {
            solid TRUE
            coord Coordinate {
              point [

              ]
            }
            coordIndex [

            ]
          }
        }
      ]
    }
  ]
}
]
}
