#VRML V2.0 utf8
WorldInfo {
  title "/home/atait/.config/kicad/scripting/plugins/kicad-sandwiches/examples/three-board-example/kisandwich-out/three-board-example-TOP.wrl - Generated by Pcbnew"
}
Transform {
  scale 2.54 2.54 2.54
  children [
Transform {
  rotation 1 0 0 3.1416
  translation 73.0315 -29.8228 -0.314961
  scale 1 1 1
  children [
    Inline {
      url "shapes3D/SOIC-8_3.9x4.9mm_P1.27mm.wrl"
    } ]
  }
Transform {
  children [
    Group {
      children [
        Shape {
          appearance Appearance {
            material Material {
              diffuseColor 0.07 0.3 0.12
              specularColor 0.01 0.03 0.01
              emissiveColor 0 0 0
              ambientIntensity 0.8
              transparency 0
              shininess 0.02
            }
          }
          geometry IndexedFaceSet {
            solid TRUE
            coord Coordinate {
              point [
78.740157 -35.728346 0.310039, 78.740157 -13.779528 0.310039,
57.086614 -13.779528 0.310039, 57.086614 -35.728346 0.310039,
72.834646 -15.748031 0.310039, 72.834646 -26.574803 0.310039,
62.007874 -26.574803 0.310039, 62.007874 -15.748031 0.310039,
74.527559 -32.283465 0.310039, 74.566929 -32.215274 0.310039,
74.645669 -32.215274 0.310039, 74.685039 -32.283465 0.310039,
74.645669 -32.351656 0.310039, 74.566929 -32.351656 0.310039,
68.061024 -27.952756 0.310039, 68.032827 -28.039535 0.310039,
67.959008 -28.093168 0.310039, 67.867763 -28.093168 0.310039,
67.793944 -28.039535 0.310039, 67.765748 -27.952756 0.310039,
67.793944 -27.865977 0.310039, 67.867763 -27.812344 0.310039,
67.959008 -27.812344 0.310039, 68.032827 -27.865977 0.310039,
68.75 -29.92126 0.310039, 68.778196 -29.834481 0.310039,
68.852015 -29.780848 0.310039, 68.94326 -29.780848 0.310039,
69.017079 -29.834481 0.310039, 69.045276 -29.92126 0.310039,
69.017079 -30.008039 0.310039, 68.94326 -30.061672 0.310039,
68.852015 -30.061672 0.310039, 68.778196 -30.008039 0.310039,
78.740157 -35.728346 -0.310039, 78.740157 -13.779528 -0.310039,
57.086614 -13.779528 -0.310039, 57.086614 -35.728346 -0.310039,
72.834646 -15.748031 -0.310039, 72.834646 -26.574803 -0.310039,
62.007874 -26.574803 -0.310039, 62.007874 -15.748031 -0.310039,
74.527559 -32.283465 -0.310039, 74.566929 -32.215274 -0.310039,
74.645669 -32.215274 -0.310039, 74.685039 -32.283465 -0.310039,
74.645669 -32.351656 -0.310039, 74.566929 -32.351656 -0.310039,
68.061024 -27.952756 -0.310039, 68.032827 -28.039535 -0.310039,
67.959008 -28.093168 -0.310039, 67.867763 -28.093168 -0.310039,
67.793944 -28.039535 -0.310039, 67.765748 -27.952756 -0.310039,
67.793944 -27.865977 -0.310039, 67.867763 -27.812344 -0.310039,
67.959008 -27.812344 -0.310039, 68.032827 -27.865977 -0.310039,
68.75 -29.92126 -0.310039, 68.778196 -29.834481 -0.310039,
68.852015 -29.780848 -0.310039, 68.94326 -29.780848 -0.310039,
69.017079 -29.834481 -0.310039, 69.045276 -29.92126 -0.310039,
69.017079 -30.008039 -0.310039, 68.94326 -30.061672 -0.310039,
68.852015 -30.061672 -0.310039, 68.778196 -30.008039 -0.310039
              ]
            }
            coordIndex [
5, 6, 21, -1, 5, 21, 22, -1, 5, 22, 23, -1, 5, 23, 14, -1,
5, 14, 25, -1, 5, 25, 26, -1, 5, 26, 27, -1, 5, 27, 28, -1,
5, 28, 29, -1, 5, 29, 8, -1, 5, 8, 4, -1, 14, 15, 33, -1,
14, 33, 24, -1, 14, 24, 25, -1, 6, 7, 2, -1, 6, 2, 3, -1,
6, 3, 0, -1, 6, 0, 32, -1, 6, 32, 33, -1, 6, 33, 18, -1,
6, 18, 19, -1, 6, 19, 20, -1, 6, 20, 21, -1, 1, 2, 7, -1,
1, 7, 4, -1, 1, 4, 8, -1, 1, 8, 9, -1, 1, 9, 10, -1,
1, 10, 11, -1, 1, 11, 0, -1, 0, 11, 12, -1, 0, 12, 13, -1,
0, 13, 29, -1, 0, 29, 30, -1, 0, 30, 31, -1, 0, 31, 32, -1,
33, 15, 16, -1, 33, 16, 17, -1, 33, 17, 18, -1, 29, 13, 8, -1,
40, 39, 55, -1, 55, 39, 56, -1, 56, 39, 57, -1, 57, 39, 48, -1,
48, 39, 59, -1, 59, 39, 60, -1, 60, 39, 61, -1, 61, 39, 62, -1,
62, 39, 63, -1, 63, 39, 42, -1, 42, 39, 38, -1, 49, 48, 67, -1,
67, 48, 58, -1, 58, 48, 59, -1, 41, 40, 36, -1, 36, 40, 37, -1,
37, 40, 34, -1, 34, 40, 66, -1, 66, 40, 67, -1, 67, 40, 52, -1,
52, 40, 53, -1, 53, 40, 54, -1, 54, 40, 55, -1, 36, 35, 41, -1,
41, 35, 38, -1, 38, 35, 42, -1, 42, 35, 43, -1, 43, 35, 44, -1,
44, 35, 45, -1, 45, 35, 34, -1, 45, 34, 46, -1, 46, 34, 47, -1,
47, 34, 63, -1, 63, 34, 64, -1, 64, 34, 65, -1, 65, 34, 66, -1,
49, 67, 50, -1, 50, 67, 51, -1, 51, 67, 52, -1, 47, 63, 42, -1,
1, 0, 35, -1, 35, 0, 34, -1, 2, 1, 36, -1, 36, 1, 35, -1,
3, 2, 37, -1, 37, 2, 36, -1, 0, 3, 34, -1, 34, 3, 37, -1,
5, 4, 39, -1, 39, 4, 38, -1, 6, 5, 40, -1, 40, 5, 39, -1,
7, 6, 41, -1, 41, 6, 40, -1, 4, 7, 38, -1, 38, 7, 41, -1,
9, 8, 43, -1, 43, 8, 42, -1, 10, 9, 44, -1, 44, 9, 43, -1,
11, 10, 45, -1, 45, 10, 44, -1, 12, 11, 46, -1, 46, 11, 45, -1,
13, 12, 47, -1, 47, 12, 46, -1, 8, 13, 42, -1, 42, 13, 47, -1,
15, 14, 49, -1, 49, 14, 48, -1, 16, 15, 50, -1, 50, 15, 49, -1,
17, 16, 51, -1, 51, 16, 50, -1, 18, 17, 52, -1, 52, 17, 51, -1,
19, 18, 53, -1, 53, 18, 52, -1, 20, 19, 54, -1, 54, 19, 53, -1,
21, 20, 55, -1, 55, 20, 54, -1, 22, 21, 56, -1, 56, 21, 55, -1,
23, 22, 57, -1, 57, 22, 56, -1, 14, 23, 48, -1, 48, 23, 57, -1,
25, 24, 59, -1, 59, 24, 58, -1, 26, 25, 60, -1, 60, 25, 59, -1,
27, 26, 61, -1, 61, 26, 60, -1, 28, 27, 62, -1, 62, 27, 61, -1,
29, 28, 63, -1, 63, 28, 62, -1, 30, 29, 64, -1, 64, 29, 63, -1,
31, 30, 65, -1, 65, 30, 64, -1, 32, 31, 66, -1, 66, 31, 65, -1,
33, 32, 67, -1, 67, 32, 66, -1, 24, 33, 58, -1, 58, 33, 67, -1
            ]
          }
        }
      ]
    }
  ]
}
Transform {
  children [
    Group {
      children [
        Shape {
          appearance Appearance {
            material Material {
              diffuseColor 0.08 0.5 0.1
              specularColor 0.01 0.05 0.01
              emissiveColor 0 0 0
              ambientIntensity 0.8
              transparency 0
              shininess 0.02
            }
          }
          geometry IndexedFaceSet {
            solid TRUE
            coord Coordinate {
              point [
67.758366 -27.952756 0.314961, 67.787972 -28.043874 0.314961,
67.865482 -28.100188 0.314961, 67.96129 -28.100188 0.314961,
68.038799 -28.043874 0.314961, 68.068406 -27.952756 0.314961,
68.038799 -27.861638 0.314961, 67.96129 -27.805323 0.314961,
67.865482 -27.805323 0.314961, 67.787972 -27.861638 0.314961,
67.765748 -27.952756 0.314961, 67.793944 -27.865977 0.314961,
67.867763 -27.812344 0.314961, 67.959008 -27.812344 0.314961,
68.032827 -27.865977 0.314961, 68.061024 -27.952756 0.314961,
68.032827 -28.039535 0.314961, 67.959008 -28.093168 0.314961,
67.867763 -28.093168 0.314961, 67.793944 -28.039535 0.314961,
68.742618 -29.92126 0.314961, 68.772224 -30.012378 0.314961,
68.849734 -30.068692 0.314961, 68.945542 -30.068692 0.314961,
69.023051 -30.012378 0.314961, 69.052657 -29.92126 0.314961,
69.023051 -29.830142 0.314961, 68.945542 -29.773827 0.314961,
68.849734 -29.773827 0.314961, 68.772224 -29.830142 0.314961,
68.75 -29.92126 0.314961, 68.778196 -29.834481 0.314961,
68.852015 -29.780848 0.314961, 68.94326 -29.780848 0.314961,
69.017079 -29.834481 0.314961, 69.045276 -29.92126 0.314961,
69.017079 -30.008039 0.314961, 68.94326 -30.061672 0.314961,
68.852015 -30.061672 0.314961, 68.778196 -30.008039 0.314961,
74.478895 -32.1909 0.314961, 74.448819 -32.283465 0.314961,
74.478895 -32.376029 0.314961, 74.557635 -32.433237 0.314961,
74.654963 -32.433237 0.314961, 74.733703 -32.376029 0.314961,
74.74779 -32.332677 0.314961, 76.476378 -32.332677 0.314961,
76.518997 -32.308071 0.314961, 76.518997 -32.258858 0.314961,
76.476378 -32.234252 0.314961, 74.74779 -32.234252 0.314961,
74.733703 -32.1909 0.314961, 74.654963 -32.133692 0.314961,
74.557635 -32.133692 0.314961, 74.527559 -32.283465 0.314961,
74.566929 -32.215274 0.314961, 74.645669 -32.215274 0.314961,
74.685039 -32.283465 0.314961, 74.645669 -32.351656 0.314961,
74.566929 -32.351656 0.314961
              ]
            }
            coordIndex [
4, 5, 15, -1, 15, 5, 6, -1, 15, 6, 14, -1, 14, 6, 7, -1,
14, 7, 13, -1, 13, 7, 12, -1, 0, 10, 9, -1, 9, 10, 11, -1,
9, 11, 8, -1, 8, 11, 12, -1, 8, 12, 7, -1, 16, 17, 3, -1,
16, 3, 4, -1, 16, 4, 15, -1, 10, 1, 19, -1, 19, 1, 2, -1,
19, 2, 18, -1, 18, 2, 3, -1, 18, 3, 17, -1, 24, 25, 35, -1,
35, 25, 26, -1, 35, 26, 34, -1, 34, 26, 27, -1, 34, 27, 33, -1,
33, 27, 32, -1, 20, 30, 29, -1, 29, 30, 31, -1, 29, 31, 28, -1,
28, 31, 32, -1, 28, 32, 27, -1, 36, 37, 23, -1, 36, 23, 24, -1,
36, 24, 35, -1, 30, 21, 39, -1, 39, 21, 22, -1, 39, 22, 38, -1,
38, 22, 23, -1, 38, 23, 37, -1, 59, 44, 58, -1, 58, 44, 45, -1,
58, 45, 52, -1, 52, 45, 46, -1, 52, 46, 51, -1, 51, 46, 47, -1,
51, 47, 50, -1, 50, 47, 48, -1, 50, 48, 49, -1, 53, 54, 56, -1,
53, 56, 57, -1, 53, 57, 58, -1, 53, 58, 52, -1, 55, 56, 54, -1,
55, 54, 40, -1, 55, 40, 43, -1, 55, 43, 60, -1, 60, 43, 44, -1,
60, 44, 59, -1, 40, 41, 42, -1, 40, 42, 43, -1, 21, 30, 20, -1,
1, 10, 0, -1
            ]
          }
        }
      ]
    }
  ]
}
Transform {
  children [
    Group {
      children [
        Shape {
          appearance Appearance {
            material Material {
              diffuseColor 0.749 0.756 0.761
              specularColor 0.749 0.756 0.761
              emissiveColor 0 0 0
              ambientIntensity 0.8
              transparency 0
              shininess 0.8
            }
          }
          geometry IndexedFaceSet {
            solid TRUE
            coord Coordinate {
              point [

              ]
            }
            coordIndex [

            ]
          }
        }
      ]
    }
  ]
}
Transform {
  children [
    Group {
      children [
        Shape {
          appearance Appearance {
            material Material {
              diffuseColor 0.08 0.5 0.1
              specularColor 0.01 0.05 0.01
              emissiveColor 0 0 0
              ambientIntensity 0.8
              transparency 0
              shininess 0.02
            }
          }
          geometry IndexedFaceSet {
            solid TRUE
            coord Coordinate {
              point [
74.733703 -32.376029 -0.314961, 74.76378 -32.283465 -0.314961,
74.733703 -32.1909 -0.314961, 74.654963 -32.133692 -0.314961,
74.557635 -32.133692 -0.314961, 74.539382 -32.146951 -0.314961,
74.055118 -31.662686 -0.314961, 74.055118 -30.572835 -0.314961,
74.030512 -30.530215 -0.314961, 73.981299 -30.530215 -0.314961,
73.956693 -30.572835 -0.314961, 73.956693 -31.683071 -0.314961,
73.966188 -31.69952 -0.314961, 73.971107 -31.717869 -0.314961,
74.470372 -32.217134 -0.314961, 74.448819 -32.283465 -0.314961,
74.478895 -32.376029 -0.314961, 74.557635 -32.433237 -0.314961,
74.654963 -32.433237 -0.314961, 74.685039 -32.283465 -0.314961,
74.645669 -32.351656 -0.314961, 74.566929 -32.351656 -0.314961,
74.527559 -32.283465 -0.314961, 74.566929 -32.215274 -0.314961,
74.645669 -32.215274 -0.314961, 67.744092 -27.601213 -0.314961,
67.733275 -27.623671 -0.314961, 67.538335 -27.73622 -0.314961,
67.538335 -28.169291 -0.314961, 67.733275 -28.28184 -0.314961,
67.744092 -28.304299 -0.314961, 67.819435 -28.364383 -0.314961,
67.913386 -28.385827 -0.314961, 68.007337 -28.364383 -0.314961,
68.08268 -28.304299 -0.314961, 68.093495 -28.28184 -0.314961,
68.288436 -28.169291 -0.314961, 68.288436 -28.001968 -0.314961,
72.865443 -28.001969 -0.314961, 73.971107 -29.107633 -0.314961,
74.018643 -29.12037 -0.314961, 74.053441 -29.085572 -0.314961,
74.040704 -29.038036 -0.314961, 72.920625 -27.917957 -0.314961,
72.902275 -27.91304 -0.314961, 72.885827 -27.903543 -0.314961,
68.288435 -27.903543 -0.314961, 68.288436 -27.73622 -0.314961,
68.093495 -27.623671 -0.314961, 68.08268 -27.601213 -0.314961,
68.007337 -27.541129 -0.314961, 67.913386 -27.519685 -0.314961,
67.819435 -27.541129 -0.314961, 67.765748 -27.952756 -0.314961,
67.793944 -27.865977 -0.314961, 67.867763 -27.812344 -0.314961,
67.959008 -27.812344 -0.314961, 68.032827 -27.865977 -0.314961,
68.061024 -27.952756 -0.314961, 68.032827 -28.039535 -0.314961,
67.959008 -28.093168 -0.314961, 67.867763 -28.093168 -0.314961,
67.793944 -28.039535 -0.314961, 68.728344 -29.569717 -0.314961,
68.717527 -29.592175 -0.314961, 68.522587 -29.704724 -0.314961,
68.522587 -30.137795 -0.314961, 68.717527 -30.250344 -0.314961,
68.728344 -30.272803 -0.314961, 68.803687 -30.332887 -0.314961,
68.897638 -30.354331 -0.314961, 68.991589 -30.332887 -0.314961,
69.066932 -30.272803 -0.314961, 69.077747 -30.250344 -0.314961,
69.128073 -30.221291 -0.314961, 69.514414 -30.607633 -0.314961,
69.53276 -30.612549 -0.314961, 69.549213 -30.622047 -0.314961,
72.057087 -30.622047 -0.314961, 72.099706 -30.597441 -0.314961,
72.099706 -30.548228 -0.314961, 72.057087 -30.523622 -0.314961,
69.569598 -30.523622 -0.314961, 69.216319 -30.170342 -0.314961,
69.272688 -30.137795 -0.314961, 69.272688 -29.704724 -0.314961,
69.077746 -29.592175 -0.314961, 69.066932 -29.569717 -0.314961,
68.991589 -29.509633 -0.314961, 68.897638 -29.488189 -0.314961,
68.803687 -29.509633 -0.314961, 68.75 -29.92126 -0.314961,
68.778196 -29.834481 -0.314961, 68.852015 -29.780848 -0.314961,
68.94326 -29.780848 -0.314961, 69.017079 -29.834481 -0.314961,
69.045276 -29.92126 -0.314961, 69.017079 -30.008039 -0.314961,
68.94326 -30.061672 -0.314961, 68.852015 -30.061672 -0.314961,
68.778196 -30.008039 -0.314961
              ]
            }
            coordIndex [
49, 48, 35, -1, 35, 48, 36, -1, 36, 48, 46, -1, 46, 48, 47, -1,
43, 42, 39, -1, 39, 42, 40, -1, 40, 42, 41, -1, 38, 37, 45, -1,
38, 45, 39, -1, 39, 45, 44, -1, 39, 44, 43, -1, 45, 37, 46, -1,
46, 37, 36, -1, 7, 6, 8, -1, 8, 6, 9, -1, 9, 6, 13, -1,
13, 6, 14, -1, 14, 6, 5, -1, 24, 23, 3, -1, 24, 3, 19, -1,
19, 3, 2, -1, 19, 2, 0, -1, 0, 2, 1, -1, 4, 3, 23, -1,
4, 23, 5, -1, 5, 23, 22, -1, 5, 22, 16, -1, 16, 22, 17, -1,
15, 14, 16, -1, 16, 14, 5, -1, 13, 12, 9, -1, 9, 12, 10, -1,
10, 12, 11, -1, 0, 18, 19, -1, 19, 18, 20, -1, 20, 18, 21, -1,
21, 18, 17, -1, 50, 49, 57, -1, 57, 49, 58, -1, 58, 49, 34, -1,
34, 49, 35, -1, 54, 53, 52, -1, 54, 52, 55, -1, 55, 52, 51, -1,
55, 51, 56, -1, 56, 51, 50, -1, 56, 50, 57, -1, 29, 27, 26, -1,
29, 26, 30, -1, 30, 26, 25, -1, 30, 25, 53, -1, 53, 25, 52, -1,
31, 62, 61, -1, 31, 61, 32, -1, 32, 61, 60, -1, 32, 60, 33, -1,
33, 60, 59, -1, 33, 59, 34, -1, 34, 59, 58, -1, 30, 53, 31, -1,
31, 53, 62, -1, 86, 85, 73, -1, 73, 85, 74, -1, 74, 85, 83, -1,
83, 85, 84, -1, 88, 87, 95, -1, 95, 87, 96, -1, 96, 87, 72, -1,
72, 87, 73, -1, 73, 87, 86, -1, 92, 91, 90, -1, 92, 90, 93, -1,
93, 90, 89, -1, 93, 89, 94, -1, 94, 89, 88, -1, 94, 88, 95, -1,
67, 65, 64, -1, 67, 64, 68, -1, 68, 64, 63, -1, 68, 63, 91, -1,
91, 63, 90, -1, 77, 76, 82, -1, 77, 82, 78, -1, 78, 82, 81, -1,
78, 81, 79, -1, 79, 81, 80, -1, 76, 75, 82, -1, 82, 75, 83, -1,
83, 75, 74, -1, 69, 100, 99, -1, 69, 99, 70, -1, 70, 99, 98, -1,
70, 98, 71, -1, 71, 98, 97, -1, 71, 97, 72, -1, 72, 97, 96, -1,
68, 91, 69, -1, 69, 91, 100, -1, 65, 67, 66, -1, 27, 29, 28, -1,
17, 22, 21, -1
            ]
          }
        }
      ]
    }
  ]
}
Transform {
  children [
    Group {
      children [
        Shape {
          appearance Appearance {
            material Material {
              diffuseColor 0.749 0.756 0.761
              specularColor 0.749 0.756 0.761
              emissiveColor 0 0 0
              ambientIntensity 0.8
              transparency 0
              shininess 0.8
            }
          }
          geometry IndexedFaceSet {
            solid TRUE
            coord Coordinate {
              point [
74.389764 -30.51378 -0.319882, 74.388629 -30.502258 -0.319882,
74.385269 -30.49118 -0.319882, 74.379811 -30.48097 -0.319882,
74.372467 -30.472021 -0.319882, 74.363518 -30.464677 -0.319882,
74.353308 -30.45922 -0.319882, 74.34223 -30.455859 -0.319882,
74.330709 -30.454724 -0.319882, 73.681102 -30.454724 -0.319882,
73.669581 -30.455859 -0.319882, 73.658503 -30.45922 -0.319882,
73.648293 -30.464677 -0.319882, 73.639344 -30.472021 -0.319882,
73.632 -30.48097 -0.319882, 73.626543 -30.49118 -0.319882,
73.623182 -30.502258 -0.319882, 73.622047 -30.51378 -0.319882,
73.622047 -30.63189 -0.319882, 73.623182 -30.643411 -0.319882,
73.626543 -30.654489 -0.319882, 73.632 -30.664699 -0.319882,
73.639344 -30.673648 -0.319882, 73.648293 -30.680992 -0.319882,
73.658503 -30.68645 -0.319882, 73.669581 -30.68981 -0.319882,
73.681102 -30.690945 -0.319882, 74.330709 -30.690945 -0.319882,
74.34223 -30.68981 -0.319882, 74.353308 -30.68645 -0.319882,
74.363518 -30.680992 -0.319882, 74.372467 -30.673648 -0.319882,
74.379811 -30.664699 -0.319882, 74.385269 -30.654489 -0.319882,
74.388629 -30.643411 -0.319882, 74.389764 -30.63189 -0.319882,
74.389764 -30.01378 -0.319882, 74.388629 -30.002258 -0.319882,
74.385269 -29.99118 -0.319882, 74.379811 -29.98097 -0.319882,
74.372467 -29.972021 -0.319882, 74.363518 -29.964677 -0.319882,
74.353308 -29.95922 -0.319882, 74.34223 -29.955859 -0.319882,
74.330709 -29.954724 -0.319882, 73.681102 -29.954724 -0.319882,
73.669581 -29.955859 -0.319882, 73.658503 -29.95922 -0.319882,
73.648293 -29.964677 -0.319882, 73.639344 -29.972021 -0.319882,
73.632 -29.98097 -0.319882, 73.626543 -29.99118 -0.319882,
73.623182 -30.002258 -0.319882, 73.622047 -30.01378 -0.319882,
73.622047 -30.13189 -0.319882, 73.623182 -30.143411 -0.319882,
73.626543 -30.154489 -0.319882, 73.632 -30.164699 -0.319882,
73.639344 -30.173648 -0.319882, 73.648293 -30.180992 -0.319882,
73.658503 -30.18645 -0.319882, 73.669581 -30.18981 -0.319882,
73.681102 -30.190945 -0.319882, 74.330709 -30.190945 -0.319882,
74.34223 -30.18981 -0.319882, 74.353308 -30.18645 -0.319882,
74.363518 -30.180992 -0.319882, 74.372467 -30.173648 -0.319882,
74.379811 -30.164699 -0.319882, 74.385269 -30.154489 -0.319882,
74.388629 -30.143411 -0.319882, 74.389764 -30.13189 -0.319882,
74.389764 -29.51378 -0.319882, 74.388629 -29.502258 -0.319882,
74.385269 -29.49118 -0.319882, 74.379811 -29.48097 -0.319882,
74.372467 -29.472021 -0.319882, 74.363518 -29.464677 -0.319882,
74.353308 -29.45922 -0.319882, 74.34223 -29.455859 -0.319882,
74.330709 -29.454724 -0.319882, 73.681102 -29.454724 -0.319882,
73.669581 -29.455859 -0.319882, 73.658503 -29.45922 -0.319882,
73.648293 -29.464677 -0.319882, 73.639344 -29.472021 -0.319882,
73.632 -29.48097 -0.319882, 73.626543 -29.49118 -0.319882,
73.623182 -29.502258 -0.319882, 73.622047 -29.51378 -0.319882,
73.622047 -29.63189 -0.319882, 73.623182 -29.643411 -0.319882,
73.626543 -29.654489 -0.319882, 73.632 -29.664699 -0.319882,
73.639344 -29.673648 -0.319882, 73.648293 -29.680992 -0.319882,
73.658503 -29.68645 -0.319882, 73.669581 -29.68981 -0.319882,
73.681102 -29.690945 -0.319882, 74.330709 -29.690945 -0.319882,
74.34223 -29.68981 -0.319882, 74.353308 -29.68645 -0.319882,
74.363518 -29.680992 -0.319882, 74.372467 -29.673648 -0.319882,
74.379811 -29.664699 -0.319882, 74.385269 -29.654489 -0.319882,
74.388629 -29.643411 -0.319882, 74.389764 -29.63189 -0.319882,
74.389764 -29.01378 -0.319882, 74.388629 -29.002258 -0.319882,
74.385269 -28.99118 -0.319882, 74.379811 -28.98097 -0.319882,
74.372467 -28.972021 -0.319882, 74.363518 -28.964677 -0.319882,
74.353308 -28.95922 -0.319882, 74.34223 -28.955859 -0.319882,
74.330709 -28.954724 -0.319882, 73.681102 -28.954724 -0.319882,
73.669581 -28.955859 -0.319882, 73.658503 -28.95922 -0.319882,
73.648293 -28.964677 -0.319882, 73.639344 -28.972021 -0.319882,
73.632 -28.98097 -0.319882, 73.626543 -28.99118 -0.319882,
73.623182 -29.002258 -0.319882, 73.622047 -29.01378 -0.319882,
73.622047 -29.13189 -0.319882, 73.623182 -29.143411 -0.319882,
73.626543 -29.154489 -0.319882, 73.632 -29.164699 -0.319882,
73.639344 -29.173648 -0.319882, 73.648293 -29.180992 -0.319882,
73.658503 -29.18645 -0.319882, 73.669581 -29.18981 -0.319882,
73.681102 -29.190945 -0.319882, 74.330709 -29.190945 -0.319882,
74.34223 -29.18981 -0.319882, 74.353308 -29.18645 -0.319882,
74.363518 -29.180992 -0.319882, 74.372467 -29.173648 -0.319882,
74.379811 -29.164699 -0.319882, 74.385269 -29.154489 -0.319882,
74.388629 -29.143411 -0.319882, 74.389764 -29.13189 -0.319882,
72.440945 -29.01378 -0.319882, 72.43981 -29.002258 -0.319882,
72.43645 -28.99118 -0.319882, 72.430992 -28.98097 -0.319882,
72.423648 -28.972021 -0.319882, 72.414699 -28.964677 -0.319882,
72.404489 -28.95922 -0.319882, 72.393411 -28.955859 -0.319882,
72.38189 -28.954724 -0.319882, 71.732283 -28.954724 -0.319882,
71.720762 -28.955859 -0.319882, 71.709684 -28.95922 -0.319882,
71.699474 -28.964677 -0.319882, 71.690525 -28.972021 -0.319882,
71.683181 -28.98097 -0.319882, 71.677724 -28.99118 -0.319882,
71.674363 -29.002258 -0.319882, 71.673228 -29.01378 -0.319882,
71.673228 -29.13189 -0.319882, 71.674363 -29.143411 -0.319882,
71.677724 -29.154489 -0.319882, 71.683181 -29.164699 -0.319882,
71.690525 -29.173648 -0.319882, 71.699474 -29.180992 -0.319882,
71.709684 -29.18645 -0.319882, 71.720762 -29.18981 -0.319882,
71.732283 -29.190945 -0.319882, 72.38189 -29.190945 -0.319882,
72.393411 -29.18981 -0.319882, 72.404489 -29.18645 -0.319882,
72.414699 -29.180992 -0.319882, 72.423648 -29.173648 -0.319882,
72.430992 -29.164699 -0.319882, 72.43645 -29.154489 -0.319882,
72.43981 -29.143411 -0.319882, 72.440945 -29.13189 -0.319882,
72.440945 -29.51378 -0.319882, 72.43981 -29.502258 -0.319882,
72.43645 -29.49118 -0.319882, 72.430992 -29.48097 -0.319882,
72.423648 -29.472021 -0.319882, 72.414699 -29.464677 -0.319882,
72.404489 -29.45922 -0.319882, 72.393411 -29.455859 -0.319882,
72.38189 -29.454724 -0.319882, 71.732283 -29.454724 -0.319882,
71.720762 -29.455859 -0.319882, 71.709684 -29.45922 -0.319882,
71.699474 -29.464677 -0.319882, 71.690525 -29.472021 -0.319882,
71.683181 -29.48097 -0.319882, 71.677724 -29.49118 -0.319882,
71.674363 -29.502258 -0.319882, 71.673228 -29.51378 -0.319882,
71.673228 -29.63189 -0.319882, 71.674363 -29.643411 -0.319882,
71.677724 -29.654489 -0.319882, 71.683181 -29.664699 -0.319882,
71.690525 -29.673648 -0.319882, 71.699474 -29.680992 -0.319882,
71.709684 -29.68645 -0.319882, 71.720762 -29.68981 -0.319882,
71.732283 -29.690945 -0.319882, 72.38189 -29.690945 -0.319882,
72.393411 -29.68981 -0.319882, 72.404489 -29.68645 -0.319882,
72.414699 -29.680992 -0.319882, 72.423648 -29.673648 -0.319882,
72.430992 -29.664699 -0.319882, 72.43645 -29.654489 -0.319882,
72.43981 -29.643411 -0.319882, 72.440945 -29.63189 -0.319882,
72.440945 -30.01378 -0.319882, 72.43981 -30.002258 -0.319882,
72.43645 -29.99118 -0.319882, 72.430992 -29.98097 -0.319882,
72.423648 -29.972021 -0.319882, 72.414699 -29.964677 -0.319882,
72.404489 -29.95922 -0.319882, 72.393411 -29.955859 -0.319882,
72.38189 -29.954724 -0.319882, 71.732283 -29.954724 -0.319882,
71.720762 -29.955859 -0.319882, 71.709684 -29.95922 -0.319882,
71.699474 -29.964677 -0.319882, 71.690525 -29.972021 -0.319882,
71.683181 -29.98097 -0.319882, 71.677724 -29.99118 -0.319882,
71.674363 -30.002258 -0.319882, 71.673228 -30.01378 -0.319882,
71.673228 -30.13189 -0.319882, 71.674363 -30.143411 -0.319882,
71.677724 -30.154489 -0.319882, 71.683181 -30.164699 -0.319882,
71.690525 -30.173648 -0.319882, 71.699474 -30.180992 -0.319882,
71.709684 -30.18645 -0.319882, 71.720762 -30.18981 -0.319882,
71.732283 -30.190945 -0.319882, 72.38189 -30.190945 -0.319882,
72.393411 -30.18981 -0.319882, 72.404489 -30.18645 -0.319882,
72.414699 -30.180992 -0.319882, 72.423648 -30.173648 -0.319882,
72.430992 -30.164699 -0.319882, 72.43645 -30.154489 -0.319882,
72.43981 -30.143411 -0.319882, 72.440945 -30.13189 -0.319882,
72.440945 -30.51378 -0.319882, 72.43981 -30.502258 -0.319882,
72.43645 -30.49118 -0.319882, 72.430992 -30.48097 -0.319882,
72.423648 -30.472021 -0.319882, 72.414699 -30.464677 -0.319882,
72.404489 -30.45922 -0.319882, 72.393411 -30.455859 -0.319882,
72.38189 -30.454724 -0.319882, 71.732283 -30.454724 -0.319882,
71.720762 -30.455859 -0.319882, 71.709684 -30.45922 -0.319882,
71.699474 -30.464677 -0.319882, 71.690525 -30.472021 -0.319882,
71.683181 -30.48097 -0.319882, 71.677724 -30.49118 -0.319882,
71.674363 -30.502258 -0.319882, 71.673228 -30.51378 -0.319882,
71.673228 -30.63189 -0.319882, 71.674363 -30.643411 -0.319882,
71.677724 -30.654489 -0.319882, 71.683181 -30.664699 -0.319882,
71.690525 -30.673648 -0.319882, 71.699474 -30.680992 -0.319882,
71.709684 -30.68645 -0.319882, 71.720762 -30.68981 -0.319882,
71.732283 -30.690945 -0.319882, 72.38189 -30.690945 -0.319882,
72.393411 -30.68981 -0.319882, 72.404489 -30.68645 -0.319882,
72.414699 -30.680992 -0.319882, 72.423648 -30.673648 -0.319882,
72.430992 -30.664699 -0.319882, 72.43645 -30.654489 -0.319882,
72.43981 -30.643411 -0.319882, 72.440945 -30.63189 -0.319882
              ]
            }
            coordIndex [
19, 17, 16, -1, 19, 16, 20, -1, 20, 16, 15, -1, 20, 15, 21, -1,
21, 15, 14, -1, 21, 14, 22, -1, 22, 14, 13, -1, 22, 13, 23, -1,
23, 13, 12, -1, 23, 12, 24, -1, 24, 12, 11, -1, 24, 11, 25, -1,
25, 11, 10, -1, 25, 10, 26, -1, 26, 10, 9, -1, 26, 9, 27, -1,
27, 9, 8, -1, 27, 8, 28, -1, 28, 8, 7, -1, 28, 7, 29, -1,
29, 7, 6, -1, 29, 6, 30, -1, 30, 6, 5, -1, 30, 5, 31, -1,
31, 5, 4, -1, 31, 4, 32, -1, 32, 4, 3, -1, 32, 3, 33, -1,
33, 3, 2, -1, 33, 2, 34, -1, 34, 2, 1, -1, 34, 1, 35, -1,
35, 1, 0, -1, 55, 53, 52, -1, 55, 52, 56, -1, 56, 52, 51, -1,
56, 51, 57, -1, 57, 51, 50, -1, 57, 50, 58, -1, 58, 50, 49, -1,
58, 49, 59, -1, 59, 49, 48, -1, 59, 48, 60, -1, 60, 48, 47, -1,
60, 47, 61, -1, 61, 47, 46, -1, 61, 46, 62, -1, 62, 46, 45, -1,
62, 45, 63, -1, 63, 45, 44, -1, 63, 44, 64, -1, 64, 44, 43, -1,
64, 43, 65, -1, 65, 43, 42, -1, 65, 42, 66, -1, 66, 42, 41, -1,
66, 41, 67, -1, 67, 41, 40, -1, 67, 40, 68, -1, 68, 40, 39, -1,
68, 39, 69, -1, 69, 39, 38, -1, 69, 38, 70, -1, 70, 38, 37, -1,
70, 37, 71, -1, 71, 37, 36, -1, 91, 89, 88, -1, 91, 88, 92, -1,
92, 88, 87, -1, 92, 87, 93, -1, 93, 87, 86, -1, 93, 86, 94, -1,
94, 86, 85, -1, 94, 85, 95, -1, 95, 85, 84, -1, 95, 84, 96, -1,
96, 84, 83, -1, 96, 83, 97, -1, 97, 83, 82, -1, 97, 82, 98, -1,
98, 82, 81, -1, 98, 81, 99, -1, 99, 81, 80, -1, 99, 80, 100, -1,
100, 80, 79, -1, 100, 79, 101, -1, 101, 79, 78, -1, 101, 78, 102, -1,
102, 78, 77, -1, 102, 77, 103, -1, 103, 77, 76, -1, 103, 76, 104, -1,
104, 76, 75, -1, 104, 75, 105, -1, 105, 75, 74, -1, 105, 74, 106, -1,
106, 74, 73, -1, 106, 73, 107, -1, 107, 73, 72, -1, 127, 125, 124, -1,
127, 124, 128, -1, 128, 124, 123, -1, 128, 123, 129, -1, 129, 123, 122, -1,
129, 122, 130, -1, 130, 122, 121, -1, 130, 121, 131, -1, 131, 121, 120, -1,
131, 120, 132, -1, 132, 120, 119, -1, 132, 119, 133, -1, 133, 119, 118, -1,
133, 118, 134, -1, 134, 118, 117, -1, 134, 117, 135, -1, 135, 117, 116, -1,
135, 116, 136, -1, 136, 116, 115, -1, 136, 115, 137, -1, 137, 115, 114, -1,
137, 114, 138, -1, 138, 114, 113, -1, 138, 113, 139, -1, 139, 113, 112, -1,
139, 112, 140, -1, 140, 112, 111, -1, 140, 111, 141, -1, 141, 111, 110, -1,
141, 110, 142, -1, 142, 110, 109, -1, 142, 109, 143, -1, 143, 109, 108, -1,
163, 161, 160, -1, 163, 160, 164, -1, 164, 160, 159, -1, 164, 159, 165, -1,
165, 159, 158, -1, 165, 158, 166, -1, 166, 158, 157, -1, 166, 157, 167, -1,
167, 157, 156, -1, 167, 156, 168, -1, 168, 156, 155, -1, 168, 155, 169, -1,
169, 155, 154, -1, 169, 154, 170, -1, 170, 154, 153, -1, 170, 153, 171, -1,
171, 153, 152, -1, 171, 152, 172, -1, 172, 152, 151, -1, 172, 151, 173, -1,
173, 151, 150, -1, 173, 150, 174, -1, 174, 150, 149, -1, 174, 149, 175, -1,
175, 149, 148, -1, 175, 148, 176, -1, 176, 148, 147, -1, 176, 147, 177, -1,
177, 147, 146, -1, 177, 146, 178, -1, 178, 146, 145, -1, 178, 145, 179, -1,
179, 145, 144, -1, 199, 197, 196, -1, 199, 196, 200, -1, 200, 196, 195, -1,
200, 195, 201, -1, 201, 195, 194, -1, 201, 194, 202, -1, 202, 194, 193, -1,
202, 193, 203, -1, 203, 193, 192, -1, 203, 192, 204, -1, 204, 192, 191, -1,
204, 191, 205, -1, 205, 191, 190, -1, 205, 190, 206, -1, 206, 190, 189, -1,
206, 189, 207, -1, 207, 189, 188, -1, 207, 188, 208, -1, 208, 188, 187, -1,
208, 187, 209, -1, 209, 187, 186, -1, 209, 186, 210, -1, 210, 186, 185, -1,
210, 185, 211, -1, 211, 185, 184, -1, 211, 184, 212, -1, 212, 184, 183, -1,
212, 183, 213, -1, 213, 183, 182, -1, 213, 182, 214, -1, 214, 182, 181, -1,
214, 181, 215, -1, 215, 181, 180, -1, 235, 233, 232, -1, 235, 232, 236, -1,
236, 232, 231, -1, 236, 231, 237, -1, 237, 231, 230, -1, 237, 230, 238, -1,
238, 230, 229, -1, 238, 229, 239, -1, 239, 229, 228, -1, 239, 228, 240, -1,
240, 228, 227, -1, 240, 227, 241, -1, 241, 227, 226, -1, 241, 226, 242, -1,
242, 226, 225, -1, 242, 225, 243, -1, 243, 225, 224, -1, 243, 224, 244, -1,
244, 224, 223, -1, 244, 223, 245, -1, 245, 223, 222, -1, 245, 222, 246, -1,
246, 222, 221, -1, 246, 221, 247, -1, 247, 221, 220, -1, 247, 220, 248, -1,
248, 220, 219, -1, 248, 219, 249, -1, 249, 219, 218, -1, 249, 218, 250, -1,
250, 218, 217, -1, 250, 217, 251, -1, 251, 217, 216, -1, 271, 269, 268, -1,
271, 268, 272, -1, 272, 268, 267, -1, 272, 267, 273, -1, 273, 267, 266, -1,
273, 266, 274, -1, 274, 266, 265, -1, 274, 265, 275, -1, 275, 265, 264, -1,
275, 264, 276, -1, 276, 264, 263, -1, 276, 263, 277, -1, 277, 263, 262, -1,
277, 262, 278, -1, 278, 262, 261, -1, 278, 261, 279, -1, 279, 261, 260, -1,
279, 260, 280, -1, 280, 260, 259, -1, 280, 259, 281, -1, 281, 259, 258, -1,
281, 258, 282, -1, 282, 258, 257, -1, 282, 257, 283, -1, 283, 257, 256, -1,
283, 256, 284, -1, 284, 256, 255, -1, 284, 255, 285, -1, 285, 255, 254, -1,
285, 254, 286, -1, 286, 254, 253, -1, 286, 253, 287, -1, 287, 253, 252, -1,
269, 271, 270, -1, 233, 235, 234, -1, 197, 199, 198, -1, 161, 163, 162, -1,
125, 127, 126, -1, 89, 91, 90, -1, 53, 55, 54, -1, 17, 19, 18, -1
            ]
          }
        }
      ]
    }
  ]
}
Transform {
  children [
    Group {
      children [
        Shape {
          appearance Appearance {
            material Material {
              diffuseColor 0.749 0.756 0.761
              specularColor 0.749 0.756 0.761
              emissiveColor 0 0 0
              ambientIntensity 0.8
              transparency 0
              shininess 0.8
            }
          }
          geometry IndexedFaceSet {
            solid TRUE
            coord Coordinate {
              point [

              ]
            }
            coordIndex [

            ]
          }
        }
      ]
    }
  ]
}
Transform {
  children [
    Group {
      children [
        Shape {
          appearance Appearance {
            material Material {
              diffuseColor 0.9 0.9 0.9
              specularColor 0.1 0.1 0.1
              emissiveColor 0 0 0
              ambientIntensity 0.9
              transparency 0
              shininess 0.02
            }
          }
          geometry IndexedFaceSet {
            solid TRUE
            coord Coordinate {
              point [
68.786557 -34.461971 0.334646, 68.786559 -34.273499 0.334646,
68.801497 -34.26603 0.334646, 68.862545 -34.266029 0.334646,
68.88952 -34.279517 0.334646, 68.901492 -34.291488 0.334646,
68.914979 -34.318463 0.334646, 68.91498 -34.417008 0.334646,
68.901492 -34.443982 0.334646, 68.88952 -34.455954 0.334646,
68.862545 -34.469441 0.334646, 68.801497 -34.469441 0.334646,
68.78132 -34.525379 0.334646, 68.788391 -34.524954 0.334646,
68.794526 -34.528496 0.334646, 68.869516 -34.528496 0.334646,
68.875651 -34.524954 0.334646, 68.882721 -34.525379 0.334646,
68.920217 -34.506631 0.334646, 68.923003 -34.502409 0.334646,
68.927891 -34.5011 0.334646, 68.946638 -34.482352 0.334646,
68.947947 -34.477465 0.334646, 68.952169 -34.474678 0.334646,
68.970917 -34.437183 0.334646, 68.970493 -34.430112 0.334646,
68.974034 -34.423978 0.334646, 68.974034 -34.311492 0.334646,
68.970493 -34.305358 0.334646, 68.970917 -34.298287 0.334646,
68.952169 -34.260792 0.334646, 68.947947 -34.258004 0.334646,
68.946638 -34.253118 0.334646, 68.927891 -34.23437 0.334646,
68.923003 -34.23306 0.334646, 68.920217 -34.228839 0.334646,
68.882721 -34.210091 0.334646, 68.875651 -34.210516 0.334646,
68.869516 -34.206974 0.334646, 68.794526 -34.206974 0.334646,
68.788391 -34.210516 0.334646, 68.786558 -34.210406 0.334646,
68.786558 -34.105268 0.334646, 68.771794 -34.079696 0.334646,
68.742267 -34.079696 0.334646, 68.727503 -34.105268 0.334646,
68.727503 -34.498969 0.334646, 68.742267 -34.52454 0.334646,
68.771794 -34.52454 0.334646, 68.773552 -34.521494 0.334646,
69.172454 -32.912367 0.334646, 69.168232 -32.909579 0.334646,
69.166923 -32.904693 0.334646, 69.148176 -32.885945 0.334646,
69.143288 -32.884635 0.334646, 69.140502 -32.880414 0.334646,
69.103006 -32.861666 0.334646, 69.095936 -32.862091 0.334646,
69.089801 -32.858549 0.334646, 69.033558 -32.858549 0.334646,
69.027424 -32.862091 0.334646, 69.020353 -32.861666 0.334646,
68.982858 -32.880414 0.334646, 68.980072 -32.884636 0.334646,
68.975184 -32.885945 0.334646, 68.956436 -32.904692 0.334646,
68.955127 -32.909579 0.334646, 68.950905 -32.912367 0.334646,
68.932157 -32.949862 0.334646, 68.932581 -32.956933 0.334646,
68.92904 -32.963067 0.334646, 68.92904 -33.075553 0.334646,
68.932581 -33.081687 0.334646, 68.932157 -33.088758 0.334646,
68.950905 -33.126253 0.334646, 68.955127 -33.129041 0.334646,
68.956436 -33.133927 0.334646, 68.975184 -33.152675 0.334646,
68.980072 -33.153985 0.334646, 68.982858 -33.158206 0.334646,
69.020353 -33.176954 0.334646, 69.027424 -33.176529 0.334646,
69.033558 -33.180071 0.334646, 69.089801 -33.180071 0.334646,
69.095936 -33.176529 0.334646, 69.103006 -33.176954 0.334646,
69.140502 -33.158206 0.334646, 69.143288 -33.153984 0.334646,
69.148176 -33.152675 0.334646, 69.166923 -33.133927 0.334646,
69.168232 -33.12904 0.334646, 69.172454 -33.126253 0.334646,
69.191202 -33.088758 0.334646, 69.190778 -33.081687 0.334646,
69.194319 -33.075553 0.334646, 69.194319 -32.963067 0.334646,
69.190778 -32.956933 0.334646, 69.191202 -32.949862 0.334646,
69.124014 -34.299714 0.334646, 69.135245 -34.277258 0.334646,
69.157703 -34.26603 0.334646, 69.218751 -34.266029 0.334646,
69.241209 -34.277258 0.334646, 69.252437 -34.299715 0.334646,
69.252437 -34.306033 0.334646, 69.124016 -34.331718 0.334646,
69.068502 -34.28661 0.334646, 69.064961 -34.292744 0.334646,
69.064961 -34.442726 0.334646, 69.068502 -34.44886 0.334646,
69.068078 -34.455931 0.334646, 69.086826 -34.493426 0.334646,
69.094779 -34.498677 0.334646, 69.100031 -34.506631 0.334646,
69.137526 -34.525379 0.334646, 69.144597 -34.524954 0.334646,
69.150731 -34.528496 0.334646, 69.225722 -34.528496 0.334646,
69.231856 -34.524954 0.334646, 69.238927 -34.525379 0.334646,
69.276422 -34.506631 0.334646, 69.292691 -34.48199 0.334646,
69.279486 -34.45558 0.334646, 69.250012 -34.453811 0.334646,
69.218751 -34.469441 0.334646, 69.157703 -34.469442 0.334646,
69.135245 -34.458213 0.334646, 69.124015 -34.435755 0.334646,
69.124016 -34.391942 0.334646, 69.287755 -34.359194 0.334646,
69.291604 -34.355811 0.334646, 69.296728 -34.355811 0.334646,
69.302006 -34.34667 0.334646, 69.309935 -34.339702 0.334646,
69.30893 -34.334677 0.334646, 69.311492 -34.33024 0.334646,
69.311492 -34.292744 0.334646, 69.30795 -34.28661 0.334646,
69.308375 -34.279539 0.334646, 69.289627 -34.242044 0.334646,
69.281674 -34.236793 0.334646, 69.276422 -34.228839 0.334646,
69.238927 -34.210091 0.334646, 69.231856 -34.210516 0.334646,
69.225722 -34.206974 0.334646, 69.150731 -34.206974 0.334646,
69.144597 -34.210516 0.334646, 69.137526 -34.210091 0.334646,
69.100031 -34.228839 0.334646, 69.094779 -34.236793 0.334646,
69.086826 -34.242044 0.334646, 69.068078 -34.279539 0.334646,
68.88686 -27.317998 0.334646, 68.886859 -27.404886 0.334646,
68.871919 -27.412354 0.334646, 68.792122 -27.412354 0.334646,
68.769666 -27.401126 0.334646, 68.758435 -27.378668 0.334646,
68.758435 -27.355114 0.334646, 68.769666 -27.332657 0.334646,
68.792122 -27.321428 0.334646, 68.87889 -27.321428 0.334646,
68.885023 -27.317886 0.334646, 68.886859 -27.254904 0.334646,
68.87192 -27.262373 0.334646, 68.785152 -27.262373 0.334646,
68.779017 -27.265915 0.334646, 68.771946 -27.265491 0.334646,
68.734451 -27.284238 0.334646, 68.7292 -27.292192 0.334646,
68.721246 -27.297443 0.334646, 68.702498 -27.334939 0.334646,
68.702923 -27.342009 0.334646, 68.699381 -27.348144 0.334646,
68.699381 -27.385639 0.334646, 68.702923 -27.391773 0.334646,
68.702498 -27.398844 0.334646, 68.721246 -27.436339 0.334646,
68.7292 -27.441591 0.334646, 68.734451 -27.449545 0.334646,
68.771946 -27.468292 0.334646, 68.779017 -27.467868 0.334646,
68.785152 -27.471409 0.334646, 68.87889 -27.471409 0.334646,
68.885023 -27.467867 0.334646, 68.892095 -27.468292 0.334646,
68.899863 -27.464408 0.334646, 68.901622 -27.467454 0.334646,
68.931149 -27.467454 0.334646, 68.945913 -27.441882 0.334646,
68.945913 -27.235658 0.334646, 68.942371 -27.229523 0.334646,
68.942796 -27.222453 0.334646, 68.924048 -27.184957 0.334646,
68.916092 -27.179705 0.334646, 68.910843 -27.171752 0.334646,
68.873347 -27.153005 0.334646, 68.866275 -27.153429 0.334646,
68.860142 -27.149887 0.334646, 68.785152 -27.149887 0.334646,
68.779017 -27.153429 0.334646, 68.771946 -27.153005 0.334646,
68.734451 -27.171752 0.334646, 68.718182 -27.196393 0.334646,
68.731387 -27.222804 0.334646, 68.760861 -27.224573 0.334646,
68.792122 -27.208943 0.334646, 68.853172 -27.208943 0.334646,
68.87563 -27.220172 0.334646, 68.886857 -27.242628 0.334646,
69.604659 -34.52454 0.334646, 69.634186 -34.52454 0.334646,
69.64895 -34.498969 0.334646, 69.64895 -34.292744 0.334646,
69.645408 -34.28661 0.334646, 69.645833 -34.279539 0.334646,
69.627085 -34.242044 0.334646, 69.619131 -34.236793 0.334646,
69.61388 -34.228839 0.334646, 69.576385 -34.210091 0.334646,
69.569314 -34.210516 0.334646, 69.56318 -34.206974 0.334646,
69.506937 -34.206974 0.334646, 69.500801 -34.210515 0.334646,
69.493732 -34.210091 0.334646, 69.48022 -34.216846 0.334646,
69.480221 -34.105268 0.334646, 69.465457 -34.079696 0.334646,
69.43593 -34.079696 0.334646, 69.421166 -34.105268 0.334646,
69.421166 -34.498969 0.334646, 69.43593 -34.52454 0.334646,
69.465457 -34.52454 0.334646, 69.480221 -34.498969 0.334646,
69.480222 -34.286228 0.334646, 69.486932 -34.279517 0.334646,
69.513908 -34.26603 0.334646, 69.556208 -34.266029 0.334646,
69.578667 -34.277258 0.334646, 69.589896 -34.299716 0.334646,
69.589895 -34.498969 0.334646, 69.817678 -34.4122 0.334646,
69.828908 -34.389744 0.334646, 69.851366 -34.378516 0.334646,
69.938133 -34.378515 0.334646, 69.944267 -34.374973 0.334646,
69.9461 -34.375083 0.334646, 69.946099 -34.461971 0.334646,
69.931162 -34.469441 0.334646, 69.851366 -34.469442 0.334646,
69.828908 -34.458213 0.334646, 69.817678 -34.435755 0.334646,
69.951338 -34.525379 0.334646, 69.959104 -34.521494 0.334646,
69.960864 -34.52454 0.334646, 69.990392 -34.52454 0.334646,
70.005156 -34.498969 0.334646, 70.005156 -34.292744 0.334646,
70.001614 -34.28661 0.334646, 70.002038 -34.279539 0.334646,
69.983291 -34.242044 0.334646, 69.975337 -34.236793 0.334646,
69.970085 -34.228839 0.334646, 69.93259 -34.210091 0.334646,
69.925519 -34.210516 0.334646, 69.919385 -34.206974 0.334646,
69.844394 -34.206974 0.334646, 69.83826 -34.210516 0.334646,
69.831189 -34.210091 0.334646, 69.793694 -34.228839 0.334646,
69.777424 -34.25348 0.334646, 69.790629 -34.27989 0.334646,
69.820104 -34.281659 0.334646, 69.851365 -34.266029 0.334646,
69.912414 -34.266029 0.334646, 69.934873 -34.277258 0.334646,
69.9461 -34.299715 0.334646, 69.946102 -34.311991 0.334646,
69.931163 -34.31946 0.334646, 69.844394 -34.31946 0.334646,
69.83826 -34.323002 0.334646, 69.831189 -34.322577 0.334646,
69.793694 -34.341325 0.334646, 69.788442 -34.349278 0.334646,
69.780489 -34.35453 0.334646, 69.761741 -34.392025 0.334646,
69.762165 -34.399096 0.334646, 69.758624 -34.40523 0.334646,
69.758624 -34.442726 0.334646, 69.762165 -34.44886 0.334646,
69.761741 -34.455931 0.334646, 69.780489 -34.493426 0.334646,
69.788442 -34.498677 0.334646, 69.793694 -34.506631 0.334646,
69.831189 -34.525379 0.334646, 69.83826 -34.524954 0.334646,
69.844394 -34.528496 0.334646, 69.938133 -34.528496 0.334646,
69.944267 -34.524954 0.334646, 70.220752 -34.949321 0.334646,
70.231983 -34.926864 0.334646, 70.254441 -34.915636 0.334646,
70.315489 -34.915635 0.334646, 70.337947 -34.926865 0.334646,
70.349174 -34.949321 0.334646, 70.349175 -34.95564 0.334646,
70.220754 -34.981324 0.334646, 70.16524 -34.936216 0.334646,
70.161698 -34.942351 0.334646, 70.161698 -35.092332 0.334646,
70.16524 -35.098466 0.334646, 70.164816 -35.105537 0.334646,
70.183563 -35.143032 0.334646, 70.191517 -35.148284 0.334646,
70.196768 -35.156237 0.334646, 70.234264 -35.174985 0.334646,
70.241334 -35.174561 0.334646, 70.247469 -35.178102 0.334646,
70.322459 -35.178102 0.334646, 70.328594 -35.174561 0.334646,
70.335665 -35.174985 0.334646, 70.37316 -35.156237 0.334646,
70.389429 -35.131596 0.334646, 70.376224 -35.105186 0.334646,
70.34675 -35.103417 0.334646, 70.315489 -35.119047 0.334646,
70.254441 -35.119048 0.334646, 70.231983 -35.107819 0.334646,
70.220752 -35.085361 0.334646, 70.220754 -35.041548 0.334646,
70.384493 -35.0088 0.334646, 70.388342 -35.005418 0.334646,
70.393466 -35.005418 0.334646, 70.398744 -34.996276 0.334646,
70.406673 -34.989308 0.334646, 70.405668 -34.984284 0.334646,
70.40823 -34.979846 0.334646, 70.40823 -34.942351 0.334646,
70.404688 -34.936216 0.334646, 70.405113 -34.929146 0.334646,
70.386365 -34.89165 0.334646, 70.378411 -34.886399 0.334646,
70.37316 -34.878445 0.334646, 70.335665 -34.859698 0.334646,
70.328594 -34.860122 0.334646, 70.322459 -34.85658 0.334646,
70.247469 -34.85658 0.334646, 70.241334 -34.860122 0.334646,
70.234264 -34.859698 0.334646, 70.196768 -34.878445 0.334646,
70.191517 -34.886399 0.334646, 70.183563 -34.89165 0.334646,
70.164816 -34.929146 0.334646, 70.473845 -34.299714 0.334646,
70.485076 -34.277258 0.334646, 70.507534 -34.26603 0.334646,
70.568582 -34.266029 0.334646, 70.591041 -34.277258 0.334646,
70.602268 -34.299715 0.334646, 70.602269 -34.306033 0.334646,
70.473848 -34.331718 0.334646, 70.418333 -34.28661 0.334646,
70.414792 -34.292744 0.334646, 70.414792 -34.442726 0.334646,
70.418333 -34.44886 0.334646, 70.417909 -34.455931 0.334646,
70.436657 -34.493426 0.334646, 70.44461 -34.498677 0.334646,
70.449862 -34.506631 0.334646, 70.487357 -34.525379 0.334646,
70.494428 -34.524954 0.334646, 70.500562 -34.528496 0.334646,
70.575553 -34.528496 0.334646, 70.581687 -34.524954 0.334646,
70.588758 -34.525379 0.334646, 70.626253 -34.506631 0.334646,
70.642523 -34.48199 0.334646, 70.629317 -34.45558 0.334646,
70.599843 -34.453811 0.334646, 70.568582 -34.469441 0.334646,
70.507534 -34.469442 0.334646, 70.485076 -34.458213 0.334646,
70.473846 -34.435755 0.334646, 70.473847 -34.391942 0.334646,
70.637587 -34.359194 0.334646, 70.641435 -34.355811 0.334646,
70.646559 -34.355811 0.334646, 70.651837 -34.34667 0.334646,
70.659766 -34.339702 0.334646, 70.658761 -34.334677 0.334646,
70.661323 -34.33024 0.334646, 70.661323 -34.292744 0.334646,
70.657782 -34.28661 0.334646, 70.658206 -34.279539 0.334646,
70.639458 -34.242044 0.334646, 70.631505 -34.236793 0.334646,
70.626253 -34.228839 0.334646, 70.588758 -34.210091 0.334646,
70.581687 -34.210516 0.334646, 70.575553 -34.206974 0.334646,
70.500562 -34.206974 0.334646, 70.494428 -34.210516 0.334646,
70.487357 -34.210091 0.334646, 70.449862 -34.228839 0.334646,
70.44461 -34.236793 0.334646, 70.436657 -34.242044 0.334646,
70.417909 -34.279539 0.334646, 69.705761 -34.870856 0.334646,
69.699803 -34.860536 0.334646, 69.670276 -34.860536 0.334646,
69.655512 -34.886108 0.334646, 69.655512 -35.148575 0.334646,
69.670276 -35.174146 0.334646, 69.699803 -35.174146 0.334646,
69.714567 -35.148575 0.334646, 69.714566 -34.935834 0.334646,
69.721277 -34.929123 0.334646, 69.748253 -34.915636 0.334646,
69.790554 -34.915635 0.334646, 69.813013 -34.926865 0.334646,
69.824242 -34.949322 0.334646, 69.824241 -35.148575 0.334646,
69.839004 -35.174146 0.334646, 69.868532 -35.174146 0.334646,
69.883296 -35.148575 0.334646, 69.883296 -34.949321 0.334646,
69.894525 -34.926865 0.334646, 69.916982 -34.915636 0.334646,
69.959282 -34.915635 0.334646, 69.981742 -34.926865 0.334646,
69.99297 -34.949322 0.334646, 69.992969 -35.148575 0.334646,
70.007733 -35.174146 0.334646, 70.037261 -35.174146 0.334646,
70.052024 -35.148575 0.334646, 70.052024 -34.942351 0.334646,
70.048483 -34.936216 0.334646, 70.048907 -34.929146 0.334646,
70.030159 -34.89165 0.334646, 70.022206 -34.886399 0.334646,
70.016954 -34.878445 0.334646, 69.979459 -34.859698 0.334646,
69.972388 -34.860122 0.334646, 69.966254 -34.85658 0.334646,
69.910011 -34.85658 0.334646, 69.903877 -34.860122 0.334646,
69.896806 -34.859698 0.334646, 69.859311 -34.878445 0.334646,
69.854059 -34.886399 0.334646, 69.853769 -34.886592 0.334646,
69.853477 -34.886399 0.334646, 69.848226 -34.878445 0.334646,
69.81073 -34.859698 0.334646, 69.80366 -34.860122 0.334646,
69.797525 -34.85658 0.334646, 69.741282 -34.85658 0.334646,
69.735148 -34.860122 0.334646, 69.728077 -34.859698 0.334646,
70.340893 -34.246433 0.334646, 70.33559 -34.217385 0.334646,
70.307783 -34.207454 0.334646, 70.285279 -34.22657 0.334646,
70.219346 -34.411176 0.334646, 70.153416 -34.22657 0.334646,
70.130912 -34.207454 0.334646, 70.103105 -34.217385 0.334646,
70.097802 -34.246433 0.334646, 70.19154 -34.5089 0.334646,
70.195831 -34.512545 0.334646, 70.196843 -34.518085 0.334646,
70.206351 -34.521481 0.334646, 70.214044 -34.528016 0.334646,
70.219347 -34.526122 0.334646, 70.22465 -34.528016 0.334646,
70.232345 -34.521481 0.334646, 70.241852 -34.518085 0.334646,
70.242863 -34.512545 0.334646, 70.247155 -34.5089 0.334646,
68.983713 -35.011799 0.334646, 68.991667 -35.01705 0.334646,
68.996918 -35.025004 0.334646, 69.034414 -35.043752 0.334646,
69.041484 -35.043327 0.334646, 69.047619 -35.046869 0.334646,
69.096891 -35.046869 0.334646, 69.119349 -35.058098 0.334646,
69.130578 -35.080555 0.334646, 69.130577 -35.085361 0.334646,
69.11935 -35.107819 0.334646, 69.096891 -35.119047 0.334646,
69.035842 -35.119047 0.334646, 69.004581 -35.103417 0.334646,
68.975107 -35.105186 0.334646, 68.961901 -35.131596 0.334646,
68.978171 -35.156237 0.334646, 69.015666 -35.174985 0.334646,
69.022737 -35.174561 0.334646, 69.028871 -35.178102 0.334646,
69.103862 -35.178102 0.334646, 69.109996 -35.174561 0.334646,
69.117067 -35.174985 0.334646, 69.154562 -35.156237 0.334646,
69.159814 -35.148284 0.334646, 69.167767 -35.143032 0.334646,
69.186515 -35.105537 0.334646, 69.18609 -35.098466 0.334646,
69.189632 -35.092332 0.334646, 69.189632 -35.073584 0.334646,
69.18609 -35.06745 0.334646, 69.186515 -35.060379 0.334646,
69.167767 -35.022884 0.334646, 69.159814 -35.017632 0.334646,
69.154562 -35.009679 0.334646, 69.117067 -34.990931 0.334646,
69.109996 -34.991355 0.334646, 69.103862 -34.987814 0.334646,
69.05459 -34.987814 0.334646, 69.032133 -34.976586 0.334646,
69.020902 -34.954127 0.334646, 69.020902 -34.949321 0.334646,
69.032133 -34.926864 0.334646, 69.05459 -34.915636 0.334646,
69.09689 -34.915635 0.334646, 69.128152 -34.931266 0.334646,
69.157626 -34.929497 0.334646, 69.170832 -34.903086 0.334646,
69.154562 -34.878445 0.334646, 69.117067 -34.859698 0.334646,
69.109996 -34.860122 0.334646, 69.103862 -34.85658 0.334646,
69.047619 -34.85658 0.334646, 69.041484 -34.860122 0.334646,
69.034414 -34.859698 0.334646, 68.996918 -34.878445 0.334646,
68.991667 -34.886399 0.334646, 68.983713 -34.89165 0.334646,
68.964966 -34.929146 0.334646, 68.96539 -34.936216 0.334646,
68.961848 -34.942351 0.334646, 68.961848 -34.961098 0.334646,
68.96539 -34.967233 0.334646, 68.964966 -34.974304 0.334646,
69.339613 -35.061807 0.334646, 69.350843 -35.03935 0.334646,
69.3733 -35.028121 0.334646, 69.460067 -35.028121 0.334646,
69.466202 -35.02458 0.334646, 69.468035 -35.024689 0.334646,
69.468034 -35.111577 0.334646, 69.453097 -35.119047 0.334646,
69.3733 -35.119047 0.334646, 69.350843 -35.107819 0.334646,
69.339613 -35.085361 0.334646, 69.473272 -35.174985 0.334646,
69.481039 -35.1711 0.334646, 69.482799 -35.174146 0.334646,
69.512326 -35.174146 0.334646, 69.52709 -35.148575 0.334646,
69.52709 -34.942351 0.334646, 69.523548 -34.936216 0.334646,
69.523973 -34.929146 0.334646, 69.505225 -34.89165 0.334646,
69.497272 -34.886399 0.334646, 69.49202 -34.878445 0.334646,
69.454525 -34.859698 0.334646, 69.447454 -34.860122 0.334646,
69.44132 -34.85658 0.334646, 69.366329 -34.85658 0.334646,
69.360195 -34.860122 0.334646, 69.353124 -34.859698 0.334646,
69.315629 -34.878445 0.334646, 69.299359 -34.903086 0.334646,
69.312564 -34.929497 0.334646, 69.342039 -34.931266 0.334646,
69.3733 -34.915636 0.334646, 69.434349 -34.915635 0.334646,
69.456807 -34.926865 0.334646, 69.468035 -34.949321 0.334646,
69.468036 -34.961597 0.334646, 69.453096 -34.969066 0.334646,
69.366329 -34.969066 0.334646, 69.360195 -34.972608 0.334646,
69.353124 -34.972183 0.334646, 69.315629 -34.990931 0.334646,
69.310377 -34.998885 0.334646, 69.302424 -35.004136 0.334646,
69.283676 -35.041631 0.334646, 69.2841 -35.048702 0.334646,
69.280559 -35.054837 0.334646, 69.280559 -35.092332 0.334646,
69.2841 -35.098466 0.334646, 69.283676 -35.105537 0.334646,
69.302424 -35.143032 0.334646, 69.310377 -35.148284 0.334646,
69.315629 -35.156237 0.334646, 69.353124 -35.174985 0.334646,
69.360195 -35.174561 0.334646, 69.366329 -35.178102 0.334646,
69.460067 -35.178102 0.334646, 69.466202 -35.174561 0.334646,
69.472723 -32.963566 0.334646, 69.457784 -32.971035 0.334646,
69.371016 -32.971035 0.334646, 69.364881 -32.974576 0.334646,
69.357811 -32.974152 0.334646, 69.320315 -32.9929 0.334646,
69.315064 -33.000853 0.334646, 69.30711 -33.006105 0.334646,
69.288363 -33.0436 0.334646, 69.288787 -33.050671 0.334646,
69.285245 -33.056805 0.334646, 69.285245 -33.0943 0.334646,
69.288787 -33.100435 0.334646, 69.288363 -33.107506 0.334646,
69.30711 -33.145001 0.334646, 69.315064 -33.150252 0.334646,
69.320315 -33.158206 0.334646, 69.357811 -33.176954 0.334646,
69.364881 -33.176529 0.334646, 69.371016 -33.180071 0.334646,
69.464754 -33.180071 0.334646, 69.470889 -33.176529 0.334646,
69.477959 -33.176954 0.334646, 69.485726 -33.173069 0.334646,
69.487486 -33.176115 0.334646, 69.517013 -33.176115 0.334646,
69.531777 -33.150543 0.334646, 69.531777 -32.944319 0.334646,
69.528235 -32.938185 0.334646, 69.52866 -32.931114 0.334646,
69.509912 -32.893619 0.334646, 69.501959 -32.888367 0.334646,
69.496707 -32.880414 0.334646, 69.459212 -32.861666 0.334646,
69.452141 -32.862091 0.334646, 69.446007 -32.858549 0.334646,
69.371016 -32.858549 0.334646, 69.364881 -32.862091 0.334646,
69.357811 -32.861666 0.334646, 69.320315 -32.880414 0.334646,
69.304046 -32.905055 0.334646, 69.317251 -32.931465 0.334646,
69.346726 -32.933234 0.334646, 69.377986 -32.917604 0.334646,
69.439036 -32.917604 0.334646, 69.461494 -32.928833 0.334646,
69.472722 -32.95129 0.334646, 69.472722 -33.026658 0.334646,
69.472721 -33.113546 0.334646, 69.457784 -33.121016 0.334646,
69.377988 -33.121017 0.334646, 69.35553 -33.109788 0.334646,
69.344299 -33.087329 0.334646, 69.344299 -33.063775 0.334646,
69.35553 -33.041319 0.334646, 69.377988 -33.030091 0.334646,
69.464754 -33.03009 0.334646, 69.470889 -33.026548 0.334646,
63.139131 -32.920029 0.334646, 63.143352 -32.922816 0.334646,
63.144663 -32.927703 0.334646, 63.16341 -32.946451 0.334646,
63.168296 -32.94776 0.334646, 63.171084 -32.951982 0.334646,
63.20858 -32.97073 0.334646, 63.212094 -32.970519 0.334646,
63.214623 -32.972965 0.334646, 63.286469 -32.990927 0.334646,
63.316779 -33.006081 0.334646, 63.328751 -33.018053 0.334646,
63.342238 -33.045028 0.334646, 63.342238 -33.068582 0.334646,
63.328751 -33.095557 0.334646, 63.31678 -33.107528 0.334646,
63.289805 -33.121016 0.334646, 63.207827 -33.121015 0.334646,
63.156132 -33.103783 0.334646, 63.127203 -33.109703 0.334646,
63.117866 -33.137715 0.334646, 63.137457 -33.159808 0.334646,
63.1937 -33.178556 0.334646, 63.198655 -33.177541 0.334646,
63.203037 -33.180071 0.334646, 63.296775 -33.180071 0.334646,
63.30291 -33.176529 0.334646, 63.30998 -33.176954 0.334646,
63.347476 -33.158206 0.334646, 63.350262 -33.153984 0.334646,
63.35515 -33.152675 0.334646, 63.373897 -33.133927 0.334646,
63.375206 -33.12904 0.334646, 63.379428 -33.126253 0.334646,
63.398176 -33.088758 0.334646, 63.397752 -33.081687 0.334646,
63.401293 -33.075553 0.334646, 63.401293 -33.038057 0.334646,
63.397752 -33.031923 0.334646, 63.398176 -33.024852 0.334646,
63.379428 -32.987357 0.334646, 63.375206 -32.984569 0.334646,
63.373897 -32.979683 0.334646, 63.35515 -32.960935 0.334646,
63.350262 -32.959626 0.334646, 63.347476 -32.955404 0.334646,
63.30998 -32.936657 0.334646, 63.306468 -32.936868 0.334646,
63.303937 -32.934421 0.334646, 63.23209 -32.916459 0.334646,
63.20178 -32.901304 0.334646, 63.189809 -32.889333 0.334646,
63.176321 -32.862358 0.334646, 63.176321 -32.838803 0.334646,
63.189809 -32.811829 0.334646, 63.201782 -32.799859 0.334646,
63.228755 -32.78637 0.334646, 63.310731 -32.78637 0.334646,
63.362428 -32.803603 0.334646, 63.391356 -32.797683 0.334646,
63.400694 -32.769671 0.334646, 63.381103 -32.747578 0.334646,
63.32486 -32.72883 0.334646, 63.319904 -32.729844 0.334646,
63.315523 -32.727315 0.334646, 63.221785 -32.727315 0.334646,
63.215652 -32.730858 0.334646, 63.208579 -32.730432 0.334646,
63.171084 -32.74918 0.334646, 63.168296 -32.753402 0.334646,
63.16341 -32.754711 0.334646, 63.144663 -32.773459 0.334646,
63.143352 -32.778345 0.334646, 63.139131 -32.781133 0.334646,
63.120384 -32.818628 0.334646, 63.120808 -32.825699 0.334646,
63.117267 -32.831833 0.334646, 63.117267 -32.869329 0.334646,
63.120808 -32.875463 0.334646, 63.120384 -32.882534 0.334646,
63.551274 -32.970037 0.334646, 63.564762 -32.943063 0.334646,
63.576733 -32.931091 0.334646, 63.603709 -32.917604 0.334646,
63.646009 -32.917603 0.334646, 63.672985 -32.931091 0.334646,
63.684956 -32.943063 0.334646, 63.698444 -32.970038 0.334646,
63.698444 -33.068582 0.334646, 63.684956 -33.095557 0.334646,
63.672985 -33.107528 0.334646, 63.646009 -33.121015 0.334646,
63.603709 -33.121016 0.334646, 63.576733 -33.107528 0.334646,
63.564762 -33.095557 0.334646, 63.551274 -33.068582 0.334646,
63.917422 -32.872824 0.334646, 63.911464 -32.862505 0.334646,
63.881937 -32.862505 0.334646, 63.867173 -32.888076 0.334646,
63.867173 -33.150543 0.334646, 63.881937 -33.176115 0.334646,
63.911464 -33.176115 0.334646, 63.926228 -33.150543 0.334646,
63.926227 -32.937802 0.334646, 63.932938 -32.931091 0.334646,
63.959914 -32.917604 0.334646, 64.002215 -32.917603 0.334646,
64.024674 -32.928833 0.334646, 64.035903 -32.95129 0.334646,
64.035902 -33.150543 0.334646, 64.050665 -33.176115 0.334646,
64.080193 -33.176115 0.334646, 64.094957 -33.150543 0.334646,
64.094957 -32.95129 0.334646, 64.106186 -32.928833 0.334646,
64.128643 -32.917604 0.334646, 64.170944 -32.917603 0.334646,
64.193403 -32.928833 0.334646, 64.204631 -32.95129 0.334646,
64.20463 -33.150543 0.334646, 64.219394 -33.176115 0.334646,
64.248922 -33.176115 0.334646, 64.263685 -33.150543 0.334646,
64.263685 -32.944319 0.334646, 64.260144 -32.938185 0.334646,
64.260568 -32.931114 0.334646, 64.24182 -32.893619 0.334646,
64.233867 -32.888367 0.334646, 64.228615 -32.880414 0.334646,
64.19112 -32.861666 0.334646, 64.184049 -32.862091 0.334646,
64.177915 -32.858549 0.334646, 64.121672 -32.858549 0.334646,
64.115538 -32.862091 0.334646, 64.108467 -32.861666 0.334646,
64.070972 -32.880414 0.334646, 64.06572 -32.888367 0.334646,
64.06543 -32.88856 0.334646, 64.065138 -32.888367 0.334646,
64.059887 -32.880414 0.334646, 64.022391 -32.861666 0.334646,
64.015321 -32.862091 0.334646, 64.009186 -32.858549 0.334646,
63.952943 -32.858549 0.334646, 63.946809 -32.862091 0.334646,
63.939738 -32.861666 0.334646, 64.070819 -15.014735 0.334646,
64.041291 -15.014735 0.334646, 64.026528 -15.040307 0.334646,
64.026529 -15.142014 0.334646, 63.999812 -15.142013 0.334646,
63.974241 -15.156777 0.334646, 63.974241 -15.186305 0.334646,
63.999812 -15.201069 0.334646, 64.026529 -15.201069 0.334646,
64.026528 -15.377765 0.334646, 64.030071 -15.3839 0.334646,
64.029645 -15.39097 0.334646, 64.048393 -15.428466 0.334646,
64.056347 -15.433717 0.334646, 64.061598 -15.44167 0.334646,
64.099093 -15.460418 0.334646, 64.106164 -15.459994 0.334646,
64.112298 -15.463535 0.334646, 64.149794 -15.463535 0.334646,
64.175365 -15.448772 0.334646, 64.175365 -15.419244 0.334646,
64.149794 -15.40448 0.334646, 64.119268 -15.40448 0.334646,
64.096811 -15.393251 0.334646, 64.085581 -15.370794 0.334646,
64.085583 -15.201068 0.334646, 64.149794 -15.201069 0.334646,
64.175365 -15.186305 0.334646, 64.175365 -15.156777 0.334646,
64.149794 -15.142013 0.334646, 64.085583 -15.142013 0.334646,
64.085583 -15.040307 0.334646, 64.432413 -32.951289 0.334646,
64.443644 -32.928833 0.334646, 64.466102 -32.917605 0.334646,
64.52715 -32.917604 0.334646, 64.549608 -32.928833 0.334646,
64.560835 -32.95129 0.334646, 64.560836 -32.957608 0.334646,
64.432415 -32.983292 0.334646, 64.376901 -32.938185 0.334646,
64.373359 -32.944319 0.334646, 64.373359 -33.0943 0.334646,
64.376901 -33.100435 0.334646, 64.376477 -33.107506 0.334646,
64.395224 -33.145001 0.334646, 64.403178 -33.150252 0.334646,
64.40843 -33.158206 0.334646, 64.445925 -33.176954 0.334646,
64.452995 -33.176529 0.334646, 64.45913 -33.180071 0.334646,
64.53412 -33.180071 0.334646, 64.540255 -33.176529 0.334646,
64.547326 -33.176954 0.334646, 64.584821 -33.158206 0.334646,
64.60109 -33.133565 0.334646, 64.587885 -33.107155 0.334646,
64.558411 -33.105385 0.334646, 64.52715 -33.121016 0.334646,
64.466102 -33.121016 0.334646, 64.443644 -33.109788 0.334646,
64.432413 -33.087329 0.334646, 64.432415 -33.043517 0.334646,
64.596154 -33.010769 0.334646, 64.600003 -33.007386 0.334646,
64.605127 -33.007386 0.334646, 64.610405 -32.998245 0.334646,
64.618334 -32.991277 0.334646, 64.617329 -32.986252 0.334646,
64.619891 -32.981815 0.334646, 64.619891 -32.944319 0.334646,
64.616349 -32.938185 0.334646, 64.616774 -32.931114 0.334646,
64.598026 -32.893619 0.334646, 64.590072 -32.888367 0.334646,
64.584821 -32.880414 0.334646, 64.547326 -32.861666 0.334646,
64.540255 -32.862091 0.334646, 64.53412 -32.858549 0.334646,
64.45913 -32.858549 0.334646, 64.452995 -32.862091 0.334646,
64.445925 -32.861666 0.334646, 64.40843 -32.880414 0.334646,
64.403178 -32.888367 0.334646, 64.395224 -32.893619 0.334646,
64.376477 -32.931114 0.334646, 65.349914 -32.896188 0.334646,
65.342743 -32.867545 0.334646, 65.314351 -32.859433 0.334646,
65.293131 -32.879965 0.334646, 65.24187 -33.059382 0.334646,
65.198957 -32.952101 0.334646, 65.195393 -32.949297 0.334646,
65.194746 -32.944807 0.334646, 65.184458 -32.940692 0.334646,
65.175752 -32.933841 0.334646, 65.171542 -32.935526 0.334646,
65.16733 -32.933841 0.334646, 65.158622 -32.940692 0.334646,
65.148336 -32.944807 0.334646, 65.147689 -32.949296 0.334646,
65.144125 -32.952101 0.334646, 65.101215 -33.059382 0.334646,
65.049951 -32.879964 0.334646, 65.02873 -32.859433 0.334646,
65.000339 -32.867545 0.334646, 64.993168 -32.896188 0.334646,
65.068159 -33.158655 0.334646, 65.072486 -33.162842 0.334646,
65.073346 -33.168803 0.334646, 65.082384 -33.172418 0.334646,
65.08938 -33.179187 0.334646, 65.095169 -33.177532 0.334646,
65.100761 -33.179769 0.334646, 65.108411 -33.173749 0.334646,
65.117771 -33.171075 0.334646, 65.119233 -33.165233 0.334646,
65.123966 -33.16151 0.334646, 65.171541 -33.042572 0.334646,
65.219116 -33.16151 0.334646, 65.223848 -33.165233 0.334646,
65.225311 -33.171075 0.334646, 65.234671 -33.173749 0.334646,
65.242321 -33.179769 0.334646, 65.247912 -33.177533 0.334646,
65.253702 -33.179187 0.334646, 65.260698 -33.172418 0.334646,
65.269736 -33.168803 0.334646, 65.270595 -33.162842 0.334646,
65.274923 -33.158655 0.334646, 65.513178 -32.762354 0.334646,
65.511131 -32.754712 0.334646, 65.492383 -32.735964 0.334646,
65.488353 -32.734884 0.334646, 65.486267 -32.731271 0.334646,
65.482097 -32.731272 0.334646, 65.479146 -32.728321 0.334646,
65.471503 -32.730369 0.334646, 65.463862 -32.728321 0.334646,
65.460912 -32.731271 0.334646, 65.45674 -32.731271 0.334646,
65.454655 -32.734885 0.334646, 65.450624 -32.735964 0.334646,
65.431877 -32.754712 0.334646, 65.429829 -32.762354 0.334646,
65.424234 -32.767948 0.334646, 65.426282 -32.775591 0.334646,
65.424235 -32.783233 0.334646, 65.429829 -32.788828 0.334646,
65.431877 -32.79647 0.334646, 65.450624 -32.815217 0.334646,
65.454655 -32.816297 0.334646, 65.45674 -32.81991 0.334646,
65.460912 -32.81991 0.334646, 65.463861 -32.82286 0.334646,
65.471505 -32.820812 0.334646, 65.479146 -32.82286 0.334646,
65.482097 -32.81991 0.334646, 65.486267 -32.81991 0.334646,
65.488354 -32.816298 0.334646, 65.492383 -32.815217 0.334646,
65.51113 -32.79647 0.334646, 65.513176 -32.788827 0.334646,
65.518773 -32.783233 0.334646, 65.516724 -32.775591 0.334646,
65.518773 -32.767948 0.334646, 65.501031 -32.888076 0.334646,
65.486267 -32.862505 0.334646, 65.45674 -32.862505 0.334646,
65.441976 -32.888076 0.334646, 65.441976 -33.150543 0.334646,
65.45674 -33.176115 0.334646, 65.486267 -33.176115 0.334646,
65.501031 -33.150543 0.334646, 65.6839 -32.880098 0.334646,
65.673744 -32.862505 0.334646, 65.644216 -32.862505 0.334646,
65.629452 -32.888076 0.334646, 65.629452 -33.150543 0.334646,
65.644216 -33.176115 0.334646, 65.673744 -33.176115 0.334646,
65.688507 -33.150543 0.334646, 65.688507 -32.970037 0.334646,
65.701995 -32.943063 0.334646, 65.713966 -32.931091 0.334646,
65.740941 -32.917604 0.334646, 65.771466 -32.917604 0.334646,
65.797037 -32.90284 0.334646, 65.797037 -32.873313 0.334646,
65.771466 -32.858549 0.334646, 65.73397 -32.858549 0.334646,
65.727836 -32.862091 0.334646, 65.720765 -32.861666 0.334646,
65.913478 -32.951289 0.334646, 65.924709 -32.928833 0.334646,
65.947167 -32.917605 0.334646, 66.008215 -32.917604 0.334646,
66.030673 -32.928833 0.334646, 66.0419 -32.95129 0.334646,
66.041901 -32.957608 0.334646, 65.91348 -32.983292 0.334646,
65.857966 -32.938185 0.334646, 65.854424 -32.944319 0.334646,
65.854424 -33.0943 0.334646, 65.857966 -33.100435 0.334646,
65.857542 -33.107506 0.334646, 65.876289 -33.145001 0.334646,
65.884243 -33.150252 0.334646, 65.889494 -33.158206 0.334646,
65.92699 -33.176954 0.334646, 65.93406 -33.176529 0.334646,
65.940195 -33.180071 0.334646, 66.015185 -33.180071 0.334646,
66.02132 -33.176529 0.334646, 66.028391 -33.176954 0.334646,
66.065886 -33.158206 0.334646, 66.082155 -33.133565 0.334646,
66.06895 -33.107155 0.334646, 66.039476 -33.105385 0.334646,
66.008215 -33.121016 0.334646, 65.947167 -33.121016 0.334646,
65.924709 -33.109788 0.334646, 65.913478 -33.087329 0.334646,
65.91348 -33.043517 0.334646, 66.077219 -33.010769 0.334646,
66.081068 -33.007386 0.334646, 66.086192 -33.007386 0.334646,
66.09147 -32.998245 0.334646, 66.099399 -32.991277 0.334646,
66.098394 -32.986252 0.334646, 66.100956 -32.981815 0.334646,
66.100956 -32.944319 0.334646, 66.097414 -32.938185 0.334646,
66.097839 -32.931114 0.334646, 66.079091 -32.893619 0.334646,
66.071137 -32.888367 0.334646, 66.065886 -32.880414 0.334646,
66.028391 -32.861666 0.334646, 66.02132 -32.862091 0.334646,
66.015185 -32.858549 0.334646, 65.940195 -32.858549 0.334646,
65.93406 -32.862091 0.334646, 65.92699 -32.861666 0.334646,
65.889494 -32.880414 0.334646, 65.884243 -32.888367 0.334646,
65.876289 -32.893619 0.334646, 65.857542 -32.931114 0.334646,
66.550899 -32.970037 0.334646, 66.564387 -32.943063 0.334646,
66.576358 -32.931091 0.334646, 66.603334 -32.917605 0.334646,
66.645634 -32.917603 0.334646, 66.67261 -32.931091 0.334646,
66.684581 -32.943063 0.334646, 66.698069 -32.970038 0.334646,
66.698069 -33.068582 0.334646, 66.684581 -33.095557 0.334646,
66.67261 -33.107528 0.334646, 66.645634 -33.121015 0.334646,
66.603334 -33.121016 0.334646, 66.576358 -33.107528 0.334646,
66.564387 -33.095557 0.334646, 66.550899 -33.068582 0.334646,
67.467273 -27.468292 0.334646, 67.47504 -27.464407 0.334646,
67.4768 -27.467454 0.334646, 67.506327 -27.467454 0.334646,
67.521091 -27.441882 0.334646, 67.521091 -27.235658 0.334646,
67.517549 -27.229523 0.334646, 67.517974 -27.222453 0.334646,
67.499226 -27.184957 0.334646, 67.491272 -27.179706 0.334646,
67.486021 -27.171752 0.334646, 67.448526 -27.153005 0.334646,
67.441455 -27.153429 0.334646, 67.43532 -27.149887 0.334646,
67.36033 -27.149887 0.334646, 67.354195 -27.153429 0.334646,
67.347125 -27.153005 0.334646, 67.30963 -27.171752 0.334646,
67.29336 -27.196393 0.334646, 67.306565 -27.222804 0.334646,
67.33604 -27.224573 0.334646, 67.367301 -27.208943 0.334646,
67.42835 -27.208942 0.334646, 67.450808 -27.220172 0.334646,
67.462036 -27.242628 0.334646, 67.462037 -27.254904 0.334646,
67.447097 -27.262373 0.334646, 67.36033 -27.262373 0.334646,
67.354195 -27.265915 0.334646, 67.347125 -27.265491 0.334646,
67.30963 -27.284238 0.334646, 67.304378 -27.292192 0.334646,
67.296425 -27.297443 0.334646, 67.277676 -27.334938 0.334646,
67.278103 -27.34201 0.334646, 67.274559 -27.348144 0.334646,
67.274559 -27.385639 0.334646, 67.278103 -27.391774 0.334646,
67.277676 -27.398844 0.334646, 67.296425 -27.43634 0.334646,
67.304378 -27.441591 0.334646, 67.30963 -27.449545 0.334646,
67.347125 -27.468292 0.334646, 67.354195 -27.467868 0.334646,
67.36033 -27.471409 0.334646, 67.454068 -27.471409 0.334646,
67.460203 -27.467868 0.334646, 67.194884 -15.310123 0.334646,
67.194883 -15.397011 0.334646, 67.179943 -15.40448 0.334646,
67.100146 -15.40448 0.334646, 67.07769 -15.393252 0.334646,
67.066459 -15.370794 0.334646, 67.066459 -15.34724 0.334646,
67.07769 -15.324783 0.334646, 67.100146 -15.313554 0.334646,
67.186914 -15.313554 0.334646, 67.193047 -15.310012 0.334646,
67.194883 -15.24703 0.334646, 67.179944 -15.254499 0.334646,
67.093176 -15.254499 0.334646, 67.087041 -15.258041 0.334646,
67.07997 -15.257617 0.334646, 67.042475 -15.276364 0.334646,
67.037224 -15.284318 0.334646, 67.02927 -15.289569 0.334646,
67.010522 -15.327065 0.334646, 67.010947 -15.334135 0.334646,
67.007405 -15.34027 0.334646, 67.007405 -15.377765 0.334646,
67.010947 -15.383899 0.334646, 67.010522 -15.39097 0.334646,
67.02927 -15.428465 0.334646, 67.037224 -15.433717 0.334646,
67.042475 -15.44167 0.334646, 67.07997 -15.460418 0.334646,
67.087041 -15.459994 0.334646, 67.093176 -15.463535 0.334646,
67.186914 -15.463535 0.334646, 67.193047 -15.459994 0.334646,
67.200119 -15.460418 0.334646, 67.207887 -15.456534 0.334646,
67.209646 -15.459579 0.334646, 67.239173 -15.459579 0.334646,
67.253937 -15.434008 0.334646, 67.253937 -15.227784 0.334646,
67.250397 -15.22165 0.334646, 67.25082 -15.214579 0.334646,
67.232072 -15.177083 0.334646, 67.224118 -15.171832 0.334646,
67.218867 -15.163878 0.334646, 67.181371 -15.145131 0.334646,
67.174301 -15.145555 0.334646, 67.168166 -15.142013 0.334646,
67.093176 -15.142013 0.334646, 67.087041 -15.145555 0.334646,
67.07997 -15.145131 0.334646, 67.042475 -15.163878 0.334646,
67.026206 -15.188519 0.334646, 67.039411 -15.21493 0.334646,
67.068885 -15.216699 0.334646, 67.100146 -15.201069 0.334646,
67.161195 -15.201068 0.334646, 67.183651 -15.212297 0.334646,
67.194882 -15.234754 0.334646, 66.917047 -32.872824 0.334646,
66.911089 -32.862505 0.334646, 66.881561 -32.862505 0.334646,
66.866798 -32.888076 0.334646, 66.866798 -33.150543 0.334646,
66.881561 -33.176115 0.334646, 66.911089 -33.176115 0.334646,
66.925853 -33.150543 0.334646, 66.925852 -32.937802 0.334646,
66.932563 -32.931091 0.334646, 66.959539 -32.917604 0.334646,
67.00184 -32.917604 0.334646, 67.024299 -32.928833 0.334646,
67.035527 -32.95129 0.334646, 67.035527 -33.150543 0.334646,
67.050291 -33.176115 0.334646, 67.079818 -33.176115 0.334646,
67.094582 -33.150543 0.334646, 67.094582 -32.944319 0.334646,
67.09104 -32.938185 0.334646, 67.091465 -32.931114 0.334646,
67.072717 -32.893619 0.334646, 67.064761 -32.888366 0.334646,
67.059512 -32.880414 0.334646, 67.022016 -32.861666 0.334646,
67.014944 -32.86209 0.334646, 67.008811 -32.858549 0.334646,
66.952568 -32.858549 0.334646, 66.946434 -32.862091 0.334646,
66.939363 -32.861666 0.334646, 68.119102 -32.762354 0.334646,
68.117055 -32.754712 0.334646, 68.098307 -32.735964 0.334646,
68.094277 -32.734884 0.334646, 68.092191 -32.731271 0.334646,
68.088021 -32.731272 0.334646, 68.08507 -32.728321 0.334646,
68.077427 -32.730369 0.334646, 68.069786 -32.728321 0.334646,
68.066836 -32.731271 0.334646, 68.062664 -32.731271 0.334646,
68.060579 -32.734885 0.334646, 68.056548 -32.735964 0.334646,
68.037801 -32.754712 0.334646, 68.035753 -32.762354 0.334646,
68.030158 -32.767948 0.334646, 68.032206 -32.775591 0.334646,
68.030159 -32.783233 0.334646, 68.035753 -32.788828 0.334646,
68.037801 -32.79647 0.334646, 68.056548 -32.815217 0.334646,
68.060579 -32.816297 0.334646, 68.062664 -32.81991 0.334646,
68.066836 -32.81991 0.334646, 68.069785 -32.82286 0.334646,
68.077429 -32.820812 0.334646, 68.08507 -32.82286 0.334646,
68.088021 -32.81991 0.334646, 68.092191 -32.81991 0.334646,
68.094278 -32.816298 0.334646, 68.098307 -32.815217 0.334646,
68.117054 -32.79647 0.334646, 68.1191 -32.788827 0.334646,
68.124697 -32.783233 0.334646, 68.122648 -32.775591 0.334646,
68.124697 -32.767948 0.334646, 68.106955 -32.888076 0.334646,
68.092191 -32.862505 0.334646, 68.062664 -32.862505 0.334646,
68.0479 -32.888076 0.334646, 68.0479 -33.150543 0.334646,
68.062664 -33.176115 0.334646, 68.092191 -33.176115 0.334646,
68.106955 -33.150543 0.334646, 68.420977 -27.404885 0.334646,
68.420979 -27.216412 0.334646, 68.435917 -27.208943 0.334646,
68.496966 -27.208942 0.334646, 68.523941 -27.22243 0.334646,
68.535913 -27.234401 0.334646, 68.5494 -27.261376 0.334646,
68.5494 -27.359921 0.334646, 68.535913 -27.386896 0.334646,
68.523941 -27.398867 0.334646, 68.496966 -27.412354 0.334646,
68.435917 -27.412354 0.334646, 68.420978 -27.467978 0.334646,
68.422812 -27.467868 0.334646, 68.428946 -27.471409 0.334646,
68.503937 -27.471409 0.334646, 68.510071 -27.467868 0.334646,
68.517142 -27.468292 0.334646, 68.554637 -27.449545 0.334646,
68.557424 -27.445322 0.334646, 68.562311 -27.444013 0.334646,
68.581059 -27.425266 0.334646, 68.582368 -27.420379 0.334646,
68.58659 -27.417592 0.334646, 68.605338 -27.380096 0.334646,
68.604913 -27.373026 0.334646, 68.608455 -27.366891 0.334646,
68.608455 -27.254406 0.334646, 68.604913 -27.248271 0.334646,
68.605338 -27.2412 0.334646, 68.58659 -27.203705 0.334646,
68.582368 -27.200917 0.334646, 68.581059 -27.196031 0.334646,
68.562311 -27.177283 0.334646, 68.557424 -27.175974 0.334646,
68.554637 -27.171752 0.334646, 68.517142 -27.153005 0.334646,
68.510071 -27.153429 0.334646, 68.503937 -27.149887 0.334646,
68.428946 -27.149887 0.334646, 68.422812 -27.153429 0.334646,
68.415741 -27.153005 0.334646, 68.407972 -27.156889 0.334646,
68.406215 -27.153843 0.334646, 68.376687 -27.153843 0.334646,
68.361923 -27.179415 0.334646, 68.361923 -27.573116 0.334646,
68.376687 -27.598687 0.334646, 68.406215 -27.598687 0.334646,
68.420978 -27.573116 0.334646, 68.650636 -33.113546 0.334646,
68.650638 -32.925073 0.334646, 68.665577 -32.917604 0.334646,
68.726625 -32.917604 0.334646, 68.7536 -32.931091 0.334646,
68.765571 -32.943063 0.334646, 68.779059 -32.970038 0.334646,
68.779059 -33.068582 0.334646, 68.765571 -33.095557 0.334646,
68.7536 -33.107528 0.334646, 68.726625 -33.121016 0.334646,
68.665576 -33.121016 0.334646, 68.6454 -33.176954 0.334646,
68.652471 -33.176529 0.334646, 68.658605 -33.180071 0.334646,
68.733596 -33.180071 0.334646, 68.73973 -33.176529 0.334646,
68.746801 -33.176954 0.334646, 68.784296 -33.158206 0.334646,
68.787082 -33.153984 0.334646, 68.79197 -33.152675 0.334646,
68.810718 -33.133927 0.334646, 68.812026 -33.12904 0.334646,
68.816249 -33.126253 0.334646, 68.834996 -33.088758 0.334646,
68.834572 -33.081687 0.334646, 68.838114 -33.075553 0.334646,
68.838114 -32.963067 0.334646, 68.834572 -32.956933 0.334646,
68.834996 -32.949862 0.334646, 68.816249 -32.912367 0.334646,
68.812026 -32.909579 0.334646, 68.810718 -32.904693 0.334646,
68.79197 -32.885945 0.334646, 68.787082 -32.884635 0.334646,
68.784296 -32.880414 0.334646, 68.746801 -32.861666 0.334646,
68.73973 -32.862091 0.334646, 68.733596 -32.858549 0.334646,
68.658605 -32.858549 0.334646, 68.652471 -32.862091 0.334646,
68.650638 -32.861981 0.334646, 68.650637 -32.756843 0.334646,
68.635874 -32.731271 0.334646, 68.606346 -32.731271 0.334646,
68.591582 -32.756843 0.334646, 68.591582 -33.150543 0.334646,
68.606346 -33.176115 0.334646, 68.635874 -33.176115 0.334646,
68.637631 -33.173069 0.334646, 68.404106 -32.925073 0.334646,
68.404104 -33.113546 0.334646, 68.389167 -33.121016 0.334646,
68.328119 -33.121016 0.334646, 68.301143 -33.107528 0.334646,
68.289172 -33.095557 0.334646, 68.275684 -33.068582 0.334646,
68.275683 -32.970037 0.334646, 68.289172 -32.943063 0.334646,
68.301143 -32.931091 0.334646, 68.328119 -32.917605 0.334646,
68.389167 -32.917604 0.334646, 68.404106 -32.861981 0.334646,
68.402272 -32.862091 0.334646, 68.396138 -32.858549 0.334646,
68.321147 -32.858549 0.334646, 68.315013 -32.862091 0.334646,
68.307942 -32.861666 0.334646, 68.270447 -32.880414 0.334646,
68.267659 -32.884635 0.334646, 68.262773 -32.885945 0.334646,
68.244025 -32.904693 0.334646, 68.242715 -32.909579 0.334646,
68.238494 -32.912367 0.334646, 68.219746 -32.949862 0.334646,
68.220171 -32.956933 0.334646, 68.216629 -32.963067 0.334646,
68.216629 -33.075553 0.334646, 68.220171 -33.081687 0.334646,
68.219746 -33.088758 0.334646, 68.238494 -33.126253 0.334646,
68.242715 -33.12904 0.334646, 68.244025 -33.133927 0.334646,
68.262773 -33.152675 0.334646, 68.267659 -33.153984 0.334646,
68.270447 -33.158206 0.334646, 68.307942 -33.176954 0.334646,
68.315013 -33.176529 0.334646, 68.321147 -33.180071 0.334646,
68.396138 -33.180071 0.334646, 68.402272 -33.176529 0.334646,
68.409343 -33.176954 0.334646, 68.417109 -33.173069 0.334646,
68.418869 -33.176115 0.334646, 68.448397 -33.176115 0.334646,
68.463161 -33.150543 0.334646, 68.463161 -32.756843 0.334646,
68.448397 -32.731271 0.334646, 68.418869 -32.731271 0.334646,
68.404106 -32.756843 0.334646, 68.988094 -32.970037 0.334646,
69.001581 -32.943062 0.334646, 69.013552 -32.93109 0.334646,
69.040528 -32.917603 0.334646, 69.08283 -32.917603 0.334646,
69.109805 -32.931091 0.334646, 69.121777 -32.943063 0.334646,
69.135264 -32.970038 0.334646, 69.135265 -33.068582 0.334646,
69.121777 -33.095557 0.334646, 69.109805 -33.107528 0.334646,
69.08283 -33.121015 0.334646, 69.040528 -33.121015 0.334646,
69.013552 -33.107527 0.334646, 69.001581 -33.095556 0.334646,
68.988094 -33.068582 0.334646, 69.714646 -32.880098 0.334646,
69.70449 -32.862505 0.334646, 69.674962 -32.862505 0.334646,
69.660198 -32.888076 0.334646, 69.660198 -33.150543 0.334646,
69.674962 -33.176115 0.334646, 69.70449 -33.176115 0.334646,
69.719254 -33.150543 0.334646, 69.719253 -32.970037 0.334646,
69.732741 -32.943063 0.334646, 69.744712 -32.931091 0.334646,
69.771688 -32.917604 0.334646, 69.802212 -32.917604 0.334646,
69.827784 -32.90284 0.334646, 69.827784 -32.873313 0.334646,
69.802212 -32.858549 0.334646, 69.764717 -32.858549 0.334646,
69.758582 -32.862091 0.334646, 69.751511 -32.861666 0.334646,
69.938988 -32.880414 0.334646, 69.9362 -32.884635 0.334646,
69.931314 -32.885945 0.334646, 69.912567 -32.904693 0.334646,
69.911256 -32.909579 0.334646, 69.907035 -32.912367 0.334646,
69.888288 -32.949862 0.334646, 69.888712 -32.956933 0.334646,
69.88517 -32.963067 0.334646, 69.88517 -33.075553 0.334646,
69.888712 -33.081687 0.334646, 69.888288 -33.088758 0.334646,
69.907035 -33.126253 0.334646, 69.911256 -33.12904 0.334646,
69.912567 -33.133927 0.334646, 69.931314 -33.152675 0.334646,
69.9362 -33.153984 0.334646, 69.938988 -33.158206 0.334646,
69.976483 -33.176954 0.334646, 69.983554 -33.176529 0.334646,
69.989689 -33.180071 0.334646, 70.064679 -33.180071 0.334646,
70.070814 -33.176529 0.334646, 70.077884 -33.176954 0.334646,
70.085651 -33.173069 0.334646, 70.087411 -33.176115 0.334646,
70.116938 -33.176115 0.334646, 70.131702 -33.150543 0.334646,
70.131702 -32.756843 0.334646, 70.116938 -32.731271 0.334646,
70.087411 -32.731271 0.334646, 70.072647 -32.756843 0.334646,
70.072647 -32.861981 0.334646, 70.070814 -32.862091 0.334646,
70.064679 -32.858549 0.334646, 69.989689 -32.858549 0.334646,
69.983554 -32.862091 0.334646, 69.976483 -32.861666 0.334646,
69.944225 -32.970037 0.334646, 69.957713 -32.943063 0.334646,
69.969684 -32.931091 0.334646, 69.99666 -32.917605 0.334646,
70.057708 -32.917604 0.334646, 70.072648 -32.925073 0.334646,
70.072646 -33.113546 0.334646, 70.057708 -33.121016 0.334646,
69.99666 -33.121016 0.334646, 69.969684 -33.107528 0.334646,
69.957713 -33.095557 0.334646, 69.944225 -33.068582 0.334646,
66.220707 -27.467454 0.334646, 66.250234 -27.467454 0.334646,
66.264998 -27.441882 0.334646, 66.264998 -27.235658 0.334646,
66.261456 -27.229523 0.334646, 66.261881 -27.222453 0.334646,
66.243133 -27.184957 0.334646, 66.235179 -27.179706 0.334646,
66.229928 -27.171752 0.334646, 66.192433 -27.153005 0.334646,
66.185362 -27.153429 0.334646, 66.179228 -27.149887 0.334646,
66.122984 -27.149887 0.334646, 66.11685 -27.153429 0.334646,
66.109779 -27.153005 0.334646, 66.096269 -27.15976 0.334646,
66.096269 -27.048181 0.334646, 66.081505 -27.022609 0.334646,
66.051978 -27.022609 0.334646, 66.037214 -27.048181 0.334646,
66.037214 -27.441882 0.334646, 66.051978 -27.467454 0.334646,
66.081505 -27.467454 0.334646, 66.096269 -27.441882 0.334646,
66.09627 -27.229141 0.334646, 66.10298 -27.22243 0.334646,
66.129956 -27.208943 0.334646, 66.172256 -27.208942 0.334646,
66.194715 -27.220171 0.334646, 66.205944 -27.242629 0.334646,
66.205943 -27.441882 0.334646, 66.447867 -27.171436 0.334646,
66.437711 -27.153843 0.334646, 66.408183 -27.153843 0.334646,
66.393419 -27.179415 0.334646, 66.393419 -27.441882 0.334646,
66.408183 -27.467454 0.334646, 66.437711 -27.467454 0.334646,
66.452474 -27.441882 0.334646, 66.452474 -27.261376 0.334646,
66.465962 -27.234401 0.334646, 66.477933 -27.22243 0.334646,
66.504908 -27.208943 0.334646, 66.535433 -27.208943 0.334646,
66.561005 -27.194179 0.334646, 66.561005 -27.164651 0.334646,
66.535433 -27.149887 0.334646, 66.497937 -27.149887 0.334646,
66.491803 -27.153429 0.334646, 66.484732 -27.153005 0.334646,
66.735259 -32.912367 0.334646, 66.731037 -32.909579 0.334646,
66.729728 -32.904693 0.334646, 66.71098 -32.885945 0.334646,
66.706093 -32.884635 0.334646, 66.703306 -32.880414 0.334646,
66.665811 -32.861666 0.334646, 66.65874 -32.862091 0.334646,
66.652606 -32.858549 0.334646, 66.596363 -32.858549 0.334646,
66.590228 -32.862091 0.334646, 66.583157 -32.861666 0.334646,
66.545662 -32.880414 0.334646, 66.542874 -32.884635 0.334646,
66.537988 -32.885945 0.334646, 66.519241 -32.904693 0.334646,
66.51793 -32.909579 0.334646, 66.513709 -32.912367 0.334646,
66.494962 -32.949862 0.334646, 66.495386 -32.956933 0.334646,
66.491844 -32.963067 0.334646, 66.491844 -33.075553 0.334646,
66.495386 -33.081687 0.334646, 66.494962 -33.088758 0.334646,
66.513709 -33.126253 0.334646, 66.51793 -33.12904 0.334646,
66.519241 -33.133927 0.334646, 66.537988 -33.152675 0.334646,
66.542874 -33.153984 0.334646, 66.545662 -33.158206 0.334646,
66.583157 -33.176954 0.334646, 66.590228 -33.176529 0.334646,
66.596363 -33.180071 0.334646, 66.652606 -33.180071 0.334646,
66.65874 -33.176529 0.334646, 66.665811 -33.176954 0.334646,
66.703306 -33.158206 0.334646, 66.706093 -33.153984 0.334646,
66.71098 -33.152675 0.334646, 66.729728 -33.133927 0.334646,
66.731037 -33.12904 0.334646, 66.735259 -33.126253 0.334646,
66.754007 -33.088758 0.334646, 66.753582 -33.081687 0.334646,
66.757124 -33.075553 0.334646, 66.757124 -32.963067 0.334646,
66.753582 -32.956933 0.334646, 66.754007 -32.949862 0.334646,
67.462035 -27.317997 0.334646, 67.462034 -27.404885 0.334646,
67.447098 -27.412354 0.334646, 67.367299 -27.412354 0.334646,
67.344843 -27.401125 0.334646, 67.333614 -27.378668 0.334646,
67.333614 -27.355114 0.334646, 67.344842 -27.332657 0.334646,
67.367299 -27.321428 0.334646, 67.454068 -27.321428 0.334646,
67.460203 -27.317887 0.334646, 67.693804 -27.022609 0.334646,
67.664276 -27.022609 0.334646, 67.649512 -27.048181 0.334646,
67.649512 -27.385639 0.334646, 67.653054 -27.391773 0.334646,
67.65263 -27.398844 0.334646, 67.671377 -27.436339 0.334646,
67.679329 -27.44159 0.334646, 67.684582 -27.449545 0.334646,
67.722078 -27.468292 0.334646, 67.751553 -27.466523 0.334646,
67.764758 -27.440113 0.334646, 67.748488 -27.415472 0.334646,
67.719796 -27.401126 0.334646, 67.708567 -27.378668 0.334646,
67.708567 -27.048181 0.334646, 67.661148 -15.163878 0.334646,
67.65836 -15.1681 0.334646, 67.653474 -15.169409 0.334646,
67.634726 -15.188157 0.334646, 67.633416 -15.193043 0.334646,
67.629195 -15.195831 0.334646, 67.610448 -15.233326 0.334646,
67.610872 -15.240397 0.334646, 67.60733 -15.246531 0.334646,
67.60733 -15.359017 0.334646, 67.610872 -15.365152 0.334646,
67.610448 -15.372222 0.334646, 67.629195 -15.409718 0.334646,
67.633416 -15.412505 0.334646, 67.634726 -15.417392 0.334646,
67.653474 -15.436139 0.334646, 67.65836 -15.437449 0.334646,
67.661148 -15.44167 0.334646, 67.698643 -15.460418 0.334646,
67.705714 -15.459994 0.334646, 67.711848 -15.463535 0.334646,
67.786839 -15.463535 0.334646, 67.792973 -15.459994 0.334646,
67.800044 -15.460418 0.334646, 67.807811 -15.456534 0.334646,
67.80957 -15.459579 0.334646, 67.839098 -15.459579 0.334646,
67.853862 -15.434008 0.334646, 67.853862 -15.040307 0.334646,
67.839098 -15.014735 0.334646, 67.80957 -15.014735 0.334646,
67.794807 -15.040307 0.334646, 67.794807 -15.145445 0.334646,
67.792973 -15.145555 0.334646, 67.786839 -15.142013 0.334646,
67.711848 -15.142013 0.334646, 67.705714 -15.145555 0.334646,
67.698643 -15.145131 0.334646, 67.666385 -15.253502 0.334646,
67.679873 -15.226527 0.334646, 67.691844 -15.214556 0.334646,
67.71882 -15.201069 0.334646, 67.779868 -15.201068 0.334646,
67.794807 -15.208538 0.334646, 67.794805 -15.397011 0.334646,
67.779868 -15.40448 0.334646, 67.71882 -15.404481 0.334646,
67.691844 -15.390993 0.334646, 67.679873 -15.379022 0.334646,
67.666385 -15.352047 0.334646, 67.900028 -27.022609 0.334646,
67.8705 -27.022609 0.334646, 67.855737 -27.048181 0.334646,
67.855737 -27.385639 0.334646, 67.859278 -27.391773 0.334646,
67.858854 -27.398844 0.334646, 67.877602 -27.436339 0.334646,
67.885555 -27.441591 0.334646, 67.890807 -27.449545 0.334646,
67.928302 -27.468292 0.334646, 67.957776 -27.466523 0.334646,
67.970982 -27.440113 0.334646, 67.954712 -27.415472 0.334646,
67.926021 -27.401126 0.334646, 67.914792 -27.378668 0.334646,
67.914792 -27.048181 0.334646, 67.573215 -32.872824 0.334646,
67.567257 -32.862505 0.334646, 67.53773 -32.862505 0.334646,
67.522966 -32.888076 0.334646, 67.522966 -33.150543 0.334646,
67.53773 -33.176115 0.334646, 67.567257 -33.176115 0.334646,
67.582021 -33.150543 0.334646, 67.58202 -32.937802 0.334646,
67.588731 -32.931091 0.334646, 67.615707 -32.917604 0.334646,
67.658008 -32.917603 0.334646, 67.680467 -32.928833 0.334646,
67.691696 -32.95129 0.334646, 67.691694 -33.150543 0.334646,
67.706458 -33.176115 0.334646, 67.735986 -33.176115 0.334646,
67.75075 -33.150543 0.334646, 67.75075 -32.95129 0.334646,
67.761979 -32.928833 0.334646, 67.784437 -32.917605 0.334646,
67.826737 -32.917603 0.334646, 67.849196 -32.928833 0.334646,
67.860425 -32.95129 0.334646, 67.860424 -33.150543 0.334646,
67.875187 -33.176115 0.334646, 67.904715 -33.176115 0.334646,
67.919479 -33.150543 0.334646, 67.919479 -32.944319 0.334646,
67.915937 -32.938185 0.334646, 67.916361 -32.931114 0.334646,
67.897614 -32.893619 0.334646, 67.88966 -32.888367 0.334646,
67.884409 -32.880414 0.334646, 67.846913 -32.861666 0.334646,
67.839843 -32.862091 0.334646, 67.833708 -32.858549 0.334646,
67.777465 -32.858549 0.334646, 67.771331 -32.862091 0.334646,
67.76426 -32.861666 0.334646, 67.726765 -32.880414 0.334646,
67.721513 -32.888367 0.334646, 67.721223 -32.88856 0.334646,
67.720931 -32.888367 0.334646, 67.71568 -32.880414 0.334646,
67.678184 -32.861666 0.334646, 67.671114 -32.862091 0.334646,
67.664979 -32.858549 0.334646, 67.608736 -32.858549 0.334646,
67.602602 -32.862091 0.334646, 67.595531 -32.861666 0.334646,
69.109404 -27.171752 0.334646, 69.106616 -27.175974 0.334646,
69.10173 -27.177283 0.334646, 69.082983 -27.196031 0.334646,
69.081672 -27.200917 0.334646, 69.077452 -27.203705 0.334646,
69.058704 -27.2412 0.334646, 69.059128 -27.248271 0.334646,
69.055587 -27.254406 0.334646, 69.055587 -27.366891 0.334646,
69.059128 -27.373026 0.334646, 69.058704 -27.380096 0.334646,
69.077452 -27.417592 0.334646, 69.081672 -27.420379 0.334646,
69.082983 -27.425266 0.334646, 69.10173 -27.444013 0.334646,
69.106616 -27.445323 0.334646, 69.109404 -27.449545 0.334646,
69.1469 -27.468292 0.334646, 69.15397 -27.467868 0.334646,
69.160105 -27.471409 0.334646, 69.235095 -27.471409 0.334646,
69.24123 -27.467868 0.334646, 69.2483 -27.468292 0.334646,
69.256067 -27.464407 0.334646, 69.257827 -27.467454 0.334646,
69.287354 -27.467454 0.334646, 69.302118 -27.441882 0.334646,
69.302118 -27.048181 0.334646, 69.287354 -27.022609 0.334646,
69.257827 -27.022609 0.334646, 69.243063 -27.048181 0.334646,
69.243063 -27.153319 0.334646, 69.24123 -27.153429 0.334646,
69.235095 -27.149887 0.334646, 69.160105 -27.149887 0.334646,
69.15397 -27.153429 0.334646, 69.1469 -27.153005 0.334646,
69.114641 -27.261376 0.334646, 69.128129 -27.234401 0.334646,
69.1401 -27.22243 0.334646, 69.167077 -27.208943 0.334646,
69.228125 -27.208942 0.334646, 69.243064 -27.216412 0.334646,
69.243062 -27.404885 0.334646, 69.228125 -27.412354 0.334646,
69.167077 -27.412355 0.334646, 69.1401 -27.398867 0.334646,
69.128129 -27.386896 0.334646, 69.114641 -27.359921 0.334646,
60.510617 -15.075671 0.334646, 60.509307 -15.080557 0.334646,
60.505086 -15.083345 0.334646, 60.486338 -15.12084 0.334646,
60.48655 -15.124354 0.334646, 60.484102 -15.126884 0.334646,
60.465354 -15.201875 0.334646, 60.466432 -15.205642 0.334646,
60.464473 -15.209036 0.334646, 60.464473 -15.265279 0.334646,
60.466432 -15.268673 0.334646, 60.465354 -15.272441 0.334646,
60.484102 -15.347431 0.334646, 60.48655 -15.349962 0.334646,
60.486338 -15.353475 0.334646, 60.505086 -15.39097 0.334646,
60.509307 -15.393757 0.334646, 60.510617 -15.398644 0.334646,
60.548112 -15.436139 0.334646, 60.554954 -15.437973 0.334646,
60.559654 -15.443273 0.334646, 60.615897 -15.46202 0.334646,
60.620852 -15.461006 0.334646, 60.625234 -15.463535 0.334646,
60.66273 -15.463535 0.334646, 60.66711 -15.461006 0.334646,
60.672067 -15.46202 0.334646, 60.72831 -15.443273 0.334646,
60.73301 -15.437973 0.334646, 60.739852 -15.436139 0.334646,
60.758599 -15.417392 0.334646, 60.761547 -15.406382 0.334646,
60.767248 -15.396513 0.334646, 60.767248 -15.265279 0.334646,
60.763294 -15.258428 0.334646, 60.763292 -15.250515 0.334646,
60.756442 -15.24656 0.334646, 60.752484 -15.239708 0.334646,
60.744574 -15.239708 0.334646, 60.73772 -15.235752 0.334646,
60.66273 -15.235752 0.334646, 60.637158 -15.250515 0.334646,
60.637158 -15.280043 0.334646, 60.66273 -15.294807 0.334646,
60.708194 -15.294807 0.334646, 60.708193 -15.384282 0.334646,
60.703022 -15.389452 0.334646, 60.657937 -15.40448 0.334646,
60.630025 -15.40448 0.334646, 60.584941 -15.389452 0.334646,
60.555762 -15.360274 0.334646, 60.540607 -15.329963 0.334646,
60.523528 -15.261644 0.334646, 60.523527 -15.212671 0.334646,
60.540607 -15.144352 0.334646, 60.555762 -15.114041 0.334646,
60.584941 -15.084863 0.334646, 60.630025 -15.069834 0.334646,
60.674506 -15.069835 0.334646, 60.705767 -15.085465 0.334646,
60.735242 -15.083696 0.334646, 60.748447 -15.057286 0.334646,
60.732178 -15.032645 0.334646, 60.694683 -15.013897 0.334646,
60.687614 -15.014322 0.334646, 60.681477 -15.01078 0.334646,
60.625234 -15.01078 0.334646, 60.620853 -15.013309 0.334646,
60.615897 -15.012295 0.334646, 60.559654 -15.031043 0.334646,
60.554954 -15.036343 0.334646, 60.548112 -15.038176 0.334646,
61.044507 -15.156777 0.334646, 61.018935 -15.142013 0.334646,
60.98144 -15.142013 0.334646, 60.975305 -15.145555 0.334646,
60.968235 -15.145131 0.334646, 60.93137 -15.163563 0.334646,
60.921213 -15.145969 0.334646, 60.891685 -15.145969 0.334646,
60.876921 -15.171541 0.334646, 60.876921 -15.434008 0.334646,
60.891685 -15.459579 0.334646, 60.921213 -15.459579 0.334646,
60.935976 -15.434008 0.334646, 60.935976 -15.253502 0.334646,
60.949465 -15.226527 0.334646, 60.961436 -15.214556 0.334646,
60.98841 -15.201069 0.334646, 61.018935 -15.201069 0.334646,
61.044507 -15.186305 0.334646, 61.289372 -15.310123 0.334646,
61.289371 -15.397011 0.334646, 61.274432 -15.40448 0.334646,
61.194634 -15.40448 0.334646, 61.172178 -15.393252 0.334646,
61.160948 -15.370794 0.334646, 61.160947 -15.34724 0.334646,
61.172178 -15.324783 0.334646, 61.194634 -15.313554 0.334646,
61.281402 -15.313554 0.334646, 61.287535 -15.310012 0.334646,
61.289371 -15.24703 0.334646, 61.274432 -15.254499 0.334646,
61.187664 -15.254499 0.334646, 61.181529 -15.258041 0.334646,
61.174459 -15.257617 0.334646, 61.136963 -15.276364 0.334646,
61.131712 -15.284318 0.334646, 61.123758 -15.289569 0.334646,
61.105011 -15.327065 0.334646, 61.105435 -15.334135 0.334646,
61.101893 -15.34027 0.334646, 61.101893 -15.377765 0.334646,
61.105435 -15.383899 0.334646, 61.105011 -15.39097 0.334646,
61.123758 -15.428465 0.334646, 61.131712 -15.433717 0.334646,
61.136963 -15.44167 0.334646, 61.174459 -15.460418 0.334646,
61.181529 -15.459994 0.334646, 61.187664 -15.463535 0.334646,
61.281402 -15.463535 0.334646, 61.287535 -15.459994 0.334646,
61.294607 -15.460418 0.334646, 61.302375 -15.456534 0.334646,
61.304134 -15.459579 0.334646, 61.333661 -15.459579 0.334646,
61.348425 -15.434008 0.334646, 61.348425 -15.227784 0.334646,
61.344885 -15.22165 0.334646, 61.345308 -15.214579 0.334646,
61.32656 -15.177083 0.334646, 61.318606 -15.171832 0.334646,
61.313355 -15.163878 0.334646, 61.275859 -15.145131 0.334646,
61.268789 -15.145555 0.334646, 61.262654 -15.142013 0.334646,
61.187664 -15.142013 0.334646, 61.181529 -15.145555 0.334646,
61.174459 -15.145131 0.334646, 61.136963 -15.163878 0.334646,
61.120694 -15.188519 0.334646, 61.133899 -15.21493 0.334646,
61.163374 -15.216699 0.334646, 61.194635 -15.201069 0.334646,
61.255684 -15.201068 0.334646, 61.27814 -15.212297 0.334646,
61.28937 -15.234754 0.334646, 61.232559 -29.524063 0.334646,
61.238517 -29.534383 0.334646, 61.268044 -29.534383 0.334646,
61.282808 -29.508811 0.334646, 61.282808 -29.246344 0.334646,
61.268044 -29.220772 0.334646, 61.238517 -29.220772 0.334646,
61.223753 -29.246344 0.334646, 61.223753 -29.459085 0.334646,
61.217042 -29.465796 0.334646, 61.190066 -29.479283 0.334646,
61.147766 -29.479284 0.334646, 61.125308 -29.468055 0.334646,
61.114079 -29.445598 0.334646, 61.114079 -29.246344 0.334646,
61.099315 -29.220772 0.334646, 61.069788 -29.220772 0.334646,
61.055024 -29.246344 0.334646, 61.055024 -29.452568 0.334646,
61.058566 -29.458703 0.334646, 61.058141 -29.465773 0.334646,
61.076889 -29.503269 0.334646, 61.084841 -29.508519 0.334646,
61.090094 -29.516474 0.334646, 61.12759 -29.535221 0.334646,
61.13466 -29.534796 0.334646, 61.140795 -29.538339 0.334646,
61.197038 -29.538339 0.334646, 61.203172 -29.534797 0.334646,
61.210243 -29.535221 0.334646, 62.016544 -15.459579 0.334646,
62.046072 -15.459579 0.334646, 62.060836 -15.434008 0.334646,
62.060836 -15.227784 0.334646, 62.057294 -15.221649 0.334646,
62.057719 -15.214579 0.334646, 62.038971 -15.177083 0.334646,
62.031017 -15.171832 0.334646, 62.025766 -15.163878 0.334646,
61.98827 -15.145131 0.334646, 61.9812 -15.145555 0.334646,
61.975065 -15.142013 0.334646, 61.918822 -15.142013 0.334646,
61.912688 -15.145555 0.334646, 61.905617 -15.145131 0.334646,
61.892107 -15.151886 0.334646, 61.892107 -15.040307 0.334646,
61.877343 -15.014735 0.334646, 61.847816 -15.014735 0.334646,
61.833052 -15.040307 0.334646, 61.833052 -15.434008 0.334646,
61.847816 -15.459579 0.334646, 61.877343 -15.459579 0.334646,
61.892107 -15.434008 0.334646, 61.892108 -15.221267 0.334646,
61.898818 -15.214556 0.334646, 61.925793 -15.201069 0.334646,
61.968094 -15.201068 0.334646, 61.990553 -15.212297 0.334646,
62.001782 -15.234755 0.334646, 62.001781 -15.434008 0.334646,
62.163947 -29.341559 0.334646, 62.163948 -29.309558 0.334646,
62.175178 -29.287101 0.334646, 62.197635 -29.275872 0.334646,
62.258684 -29.275872 0.334646, 62.281142 -29.287101 0.334646,
62.292369 -29.309557 0.334646, 62.29237 -29.315876 0.334646,
62.108435 -29.296453 0.334646, 62.104893 -29.302587 0.334646,
62.104893 -29.452568 0.334646, 62.108435 -29.458703 0.334646,
62.10801 -29.465773 0.334646, 62.126758 -29.503269 0.334646,
62.134712 -29.50852 0.334646, 62.139963 -29.516474 0.334646,
62.177458 -29.535221 0.334646, 62.184529 -29.534797 0.334646,
62.190663 -29.538339 0.334646, 62.265654 -29.538339 0.334646,
62.271787 -29.534796 0.334646, 62.278859 -29.535221 0.334646,
62.316355 -29.516474 0.334646, 62.332624 -29.491833 0.334646,
62.319419 -29.465422 0.334646, 62.289945 -29.463653 0.334646,
62.258684 -29.479284 0.334646, 62.197635 -29.479284 0.334646,
62.175177 -29.468055 0.334646, 62.163947 -29.445597 0.334646,
62.163947 -29.401784 0.334646, 62.327688 -29.369036 0.334646,
62.331538 -29.365654 0.334646, 62.336661 -29.365654 0.334646,
62.341939 -29.356513 0.334646, 62.349868 -29.349544 0.334646,
62.348863 -29.34452 0.334646, 62.351425 -29.340082 0.334646,
62.351425 -29.302587 0.334646, 62.347883 -29.296453 0.334646,
62.348307 -29.289382 0.334646, 62.32956 -29.251887 0.334646,
62.321604 -29.246634 0.334646, 62.316355 -29.238681 0.334646,
62.278859 -29.219934 0.334646, 62.271787 -29.220358 0.334646,
62.265654 -29.216817 0.334646, 62.190663 -29.216817 0.334646,
62.184529 -29.220358 0.334646, 62.177458 -29.219934 0.334646,
62.139963 -29.238681 0.334646, 62.134712 -29.246635 0.334646,
62.126758 -29.251887 0.334646, 62.10801 -29.289382 0.334646,
62.26046 -15.045818 0.334646, 62.258412 -15.038176 0.334646,
62.239664 -15.019428 0.334646, 62.235635 -15.018348 0.334646,
62.233549 -15.014735 0.334646, 62.229378 -15.014736 0.334646,
62.226427 -15.011786 0.334646, 62.218785 -15.013833 0.334646,
62.211143 -15.011786 0.334646, 62.208193 -15.014735 0.334646,
62.204021 -15.014735 0.334646, 62.201937 -15.018349 0.334646,
62.197906 -15.019428 0.334646, 62.179158 -15.038176 0.334646,
62.17711 -15.045818 0.334646, 62.171516 -15.051413 0.334646,
62.173564 -15.059055 0.334646, 62.171516 -15.066698 0.334646,
62.177111 -15.072292 0.334646, 62.179158 -15.079934 0.334646,
62.197906 -15.098682 0.334646, 62.201936 -15.099762 0.334646,
62.204021 -15.103374 0.334646, 62.208194 -15.103375 0.334646,
62.211143 -15.106324 0.334646, 62.218786 -15.104277 0.334646,
62.226427 -15.106324 0.334646, 62.229378 -15.103375 0.334646,
62.233549 -15.103374 0.334646, 62.235636 -15.099762 0.334646,
62.239664 -15.098682 0.334646, 62.258412 -15.079934 0.334646,
62.260458 -15.072292 0.334646, 62.266054 -15.066698 0.334646,
62.264006 -15.059055 0.334646, 62.266054 -15.051413 0.334646,
62.248313 -15.171541 0.334646, 62.233549 -15.145969 0.334646,
62.204021 -15.145969 0.334646, 62.189257 -15.171541 0.334646,
62.189257 -15.434008 0.334646, 62.204021 -15.459579 0.334646,
62.233549 -15.459579 0.334646, 62.248313 -15.434008 0.334646,
62.379851 -15.409718 0.334646, 62.384072 -15.412505 0.334646,
62.385382 -15.417392 0.334646, 62.40413 -15.436139 0.334646,
62.409016 -15.437449 0.334646, 62.411804 -15.44167 0.334646,
62.449299 -15.460418 0.334646, 62.45637 -15.459994 0.334646,
62.462504 -15.463535 0.334646, 62.537495 -15.463535 0.334646,
62.54363 -15.459994 0.334646, 62.5507 -15.460418 0.334646,
62.588196 -15.44167 0.334646, 62.604465 -15.417029 0.334646,
62.59126 -15.390619 0.334646, 62.561785 -15.38885 0.334646,
62.530525 -15.40448 0.334646, 62.469476 -15.404481 0.334646,
62.4425 -15.390993 0.334646, 62.430529 -15.379022 0.334646,
62.417041 -15.352047 0.334646, 62.417041 -15.253502 0.334646,
62.430529 -15.226527 0.334646, 62.4425 -15.214556 0.334646,
62.469476 -15.201069 0.334646, 62.530525 -15.201068 0.334646,
62.561785 -15.216699 0.334646, 62.59126 -15.21493 0.334646,
62.604465 -15.188519 0.334646, 62.588196 -15.163878 0.334646,
62.5507 -15.145131 0.334646, 62.54363 -15.145555 0.334646,
62.537495 -15.142013 0.334646, 62.462504 -15.142013 0.334646,
62.45637 -15.145555 0.334646, 62.449299 -15.145131 0.334646,
62.411804 -15.163878 0.334646, 62.409016 -15.1681 0.334646,
62.40413 -15.169409 0.334646, 62.385382 -15.188157 0.334646,
62.384072 -15.193043 0.334646, 62.379851 -15.195831 0.334646,
62.361104 -15.233326 0.334646, 62.361528 -15.240397 0.334646,
62.357986 -15.246531 0.334646, 62.357986 -15.359017 0.334646,
62.361528 -15.365152 0.334646, 62.361104 -15.372222 0.334646,
63.054461 -15.253502 0.334646, 63.067949 -15.226527 0.334646,
63.07992 -15.214556 0.334646, 63.106896 -15.201069 0.334646,
63.149196 -15.201068 0.334646, 63.176172 -15.214556 0.334646,
63.188143 -15.226527 0.334646, 63.201631 -15.253502 0.334646,
63.201631 -15.352047 0.334646, 63.188143 -15.379022 0.334646,
63.176172 -15.390993 0.334646, 63.149196 -15.40448 0.334646,
63.106896 -15.40448 0.334646, 63.07992 -15.390993 0.334646,
63.067949 -15.379022 0.334646, 63.054461 -15.352047 0.334646,
63.238821 -15.195831 0.334646, 63.234599 -15.193044 0.334646,
63.23329 -15.188157 0.334646, 63.214542 -15.169409 0.334646,
63.209655 -15.1681 0.334646, 63.206868 -15.163878 0.334646,
63.169373 -15.145131 0.334646, 63.162302 -15.145555 0.334646,
63.156168 -15.142013 0.334646, 63.099925 -15.142013 0.334646,
63.09379 -15.145555 0.334646, 63.08672 -15.145131 0.334646,
63.049224 -15.163878 0.334646, 63.046436 -15.1681 0.334646,
63.04155 -15.169409 0.334646, 63.022803 -15.188157 0.334646,
63.021492 -15.193043 0.334646, 63.017272 -15.195831 0.334646,
62.998524 -15.233326 0.334646, 62.998948 -15.240397 0.334646,
62.995407 -15.246531 0.334646, 62.995407 -15.359017 0.334646,
62.998948 -15.365152 0.334646, 62.998524 -15.372222 0.334646,
63.017272 -15.409718 0.334646, 63.021492 -15.412505 0.334646,
63.022803 -15.417392 0.334646, 63.04155 -15.436139 0.334646,
63.046436 -15.437449 0.334646, 63.049224 -15.44167 0.334646,
63.08672 -15.460418 0.334646, 63.09379 -15.459994 0.334646,
63.099925 -15.463535 0.334646, 63.156168 -15.463535 0.334646,
63.162302 -15.459994 0.334646, 63.169373 -15.460418 0.334646,
63.206868 -15.44167 0.334646, 63.209655 -15.437448 0.334646,
63.214542 -15.436139 0.334646, 63.23329 -15.417392 0.334646,
63.234599 -15.412505 0.334646, 63.238821 -15.409718 0.334646,
63.257569 -15.372222 0.334646, 63.257144 -15.365152 0.334646,
63.260686 -15.359017 0.334646, 63.260686 -15.246531 0.334646,
63.257144 -15.240397 0.334646, 63.257569 -15.233326 0.334646,
63.420609 -15.156289 0.334646, 63.414651 -15.145969 0.334646,
63.385124 -15.145969 0.334646, 63.37036 -15.171541 0.334646,
63.37036 -15.434008 0.334646, 63.385124 -15.459579 0.334646,
63.414651 -15.459579 0.334646, 63.429415 -15.434008 0.334646,
63.429414 -15.221267 0.334646, 63.436125 -15.214556 0.334646,
63.463101 -15.201069 0.334646, 63.505402 -15.201068 0.334646,
63.527861 -15.212297 0.334646, 63.53909 -15.234755 0.334646,
63.539089 -15.434008 0.334646, 63.553852 -15.459579 0.334646,
63.58338 -15.459579 0.334646, 63.598144 -15.434008 0.334646,
63.598144 -15.227784 0.334646, 63.594602 -15.221649 0.334646,
63.595026 -15.214579 0.334646, 63.576279 -15.177083 0.334646,
63.568325 -15.171832 0.334646, 63.563074 -15.163878 0.334646,
63.525578 -15.145131 0.334646, 63.518508 -15.145555 0.334646,
63.512373 -15.142013 0.334646, 63.45613 -15.142013 0.334646,
63.449996 -15.145555 0.334646, 63.442925 -15.145131 0.334646,
64.434992 -15.459579 0.334646, 64.46452 -15.459579 0.334646,
64.479283 -15.434008 0.334646, 64.479283 -15.227784 0.334646,
64.475742 -15.221649 0.334646, 64.476166 -15.214579 0.334646,
64.457419 -15.177083 0.334646, 64.449465 -15.171832 0.334646,
64.444213 -15.163878 0.334646, 64.406718 -15.145131 0.334646,
64.399647 -15.145555 0.334646, 64.393513 -15.142013 0.334646,
64.33727 -15.142013 0.334646, 64.331136 -15.145555 0.334646,
64.324065 -15.145131 0.334646, 64.310555 -15.151886 0.334646,
64.310555 -15.040307 0.334646, 64.295791 -15.014735 0.334646,
64.266263 -15.014735 0.334646, 64.2515 -15.040307 0.334646,
64.2515 -15.434008 0.334646, 64.266263 -15.459579 0.334646,
64.295791 -15.459579 0.334646, 64.310555 -15.434008 0.334646,
64.310556 -15.221267 0.334646, 64.317265 -15.214556 0.334646,
64.344241 -15.201069 0.334646, 64.386542 -15.201068 0.334646,
64.409001 -15.212297 0.334646, 64.420229 -15.234755 0.334646,
64.420228 -15.434008 0.334646, 64.648011 -15.234754 0.334646,
64.659242 -15.212297 0.334646, 64.6817 -15.201069 0.334646,
64.742748 -15.201068 0.334646, 64.765206 -15.212297 0.334646,
64.776434 -15.234754 0.334646, 64.776434 -15.241072 0.334646,
64.648013 -15.266757 0.334646, 64.592499 -15.221649 0.334646,
64.588957 -15.227784 0.334646, 64.588957 -15.377765 0.334646,
64.592499 -15.383899 0.334646, 64.592075 -15.39097 0.334646,
64.610822 -15.428465 0.334646, 64.618776 -15.433717 0.334646,
64.624028 -15.44167 0.334646, 64.661523 -15.460418 0.334646,
64.668594 -15.459994 0.334646, 64.674728 -15.463535 0.334646,
64.749719 -15.463535 0.334646, 64.755853 -15.459994 0.334646,
64.762924 -15.460418 0.334646, 64.800419 -15.44167 0.334646,
64.816688 -15.417029 0.334646, 64.803483 -15.390619 0.334646,
64.774009 -15.38885 0.334646, 64.742748 -15.40448 0.334646,
64.6817 -15.404481 0.334646, 64.659242 -15.393252 0.334646,
64.648012 -15.370794 0.334646, 64.648013 -15.326981 0.334646,
64.811752 -15.294233 0.334646, 64.815601 -15.290851 0.334646,
64.820725 -15.290851 0.334646, 64.826003 -15.281709 0.334646,
64.833932 -15.274741 0.334646, 64.832927 -15.269717 0.334646,
64.835489 -15.265279 0.334646, 64.835489 -15.227784 0.334646,
64.831947 -15.221649 0.334646, 64.832372 -15.214579 0.334646,
64.813624 -15.177083 0.334646, 64.80567 -15.171832 0.334646,
64.800419 -15.163878 0.334646, 64.762924 -15.145131 0.334646,
64.755853 -15.145555 0.334646, 64.749719 -15.142013 0.334646,
64.674728 -15.142013 0.334646, 64.668594 -15.145555 0.334646,
64.661523 -15.145131 0.334646, 64.624028 -15.163878 0.334646,
64.618776 -15.171832 0.334646, 64.610822 -15.177083 0.334646,
64.592075 -15.214579 0.334646, 65.295375 -15.156289 0.334646,
65.289417 -15.145969 0.334646, 65.259889 -15.145969 0.334646,
65.245126 -15.171541 0.334646, 65.245126 -15.434008 0.334646,
65.259889 -15.459579 0.334646, 65.289417 -15.459579 0.334646,
65.304181 -15.434008 0.334646, 65.30418 -15.221267 0.334646,
65.310891 -15.214556 0.334646, 65.337867 -15.201069 0.334646,
65.380168 -15.201068 0.334646, 65.402627 -15.212297 0.334646,
65.413855 -15.234755 0.334646, 65.413854 -15.434008 0.334646,
65.428618 -15.459579 0.334646, 65.458146 -15.459579 0.334646,
65.472909 -15.434008 0.334646, 65.472909 -15.234754 0.334646,
65.484139 -15.212297 0.334646, 65.506596 -15.201069 0.334646,
65.548896 -15.201068 0.334646, 65.571355 -15.212297 0.334646,
65.582584 -15.234755 0.334646, 65.582583 -15.434008 0.334646,
65.597347 -15.459579 0.334646, 65.626874 -15.459579 0.334646,
65.641638 -15.434008 0.334646, 65.641638 -15.227784 0.334646,
65.638096 -15.221649 0.334646, 65.638521 -15.214579 0.334646,
65.619773 -15.177083 0.334646, 65.61182 -15.171832 0.334646,
65.606568 -15.163878 0.334646, 65.569073 -15.145131 0.334646,
65.562002 -15.145555 0.334646, 65.555868 -15.142013 0.334646,
65.499625 -15.142013 0.334646, 65.49349 -15.145555 0.334646,
65.48642 -15.145131 0.334646, 65.448924 -15.163878 0.334646,
65.443673 -15.171832 0.334646, 65.443383 -15.172024 0.334646,
65.44309 -15.171832 0.334646, 65.437839 -15.163878 0.334646,
65.400344 -15.145131 0.334646, 65.393273 -15.145555 0.334646,
65.387139 -15.142013 0.334646, 65.330896 -15.142013 0.334646,
65.324762 -15.145555 0.334646, 65.317691 -15.145131 0.334646,
65.852549 -27.077708 0.334646, 65.935508 -27.077709 0.334646,
65.961079 -27.062945 0.334646, 65.961079 -27.033417 0.334646,
65.935508 -27.018654 0.334646, 65.710536 -27.018654 0.334646,
65.684964 -27.033417 0.334646, 65.684964 -27.062945 0.334646,
65.710536 -27.077709 0.334646, 65.793494 -27.077708 0.334646,
65.793494 -27.441882 0.334646, 65.808258 -27.467454 0.334646,
65.837786 -27.467454 0.334646, 65.85255 -27.441882 0.334646,
65.841262 -15.045818 0.334646, 65.839214 -15.038176 0.334646,
65.820467 -15.019428 0.334646, 65.816437 -15.018348 0.334646,
65.814351 -15.014735 0.334646, 65.810181 -15.014736 0.334646,
65.807229 -15.011786 0.334646, 65.799587 -15.013833 0.334646,
65.791945 -15.011786 0.334646, 65.788996 -15.014735 0.334646,
65.784824 -15.014735 0.334646, 65.782739 -15.018349 0.334646,
65.778708 -15.019428 0.334646, 65.75996 -15.038176 0.334646,
65.757913 -15.045818 0.334646, 65.752318 -15.051413 0.334646,
65.754366 -15.059055 0.334646, 65.752318 -15.066698 0.334646,
65.757913 -15.072292 0.334646, 65.759961 -15.079934 0.334646,
65.778708 -15.098682 0.334646, 65.782739 -15.099762 0.334646,
65.784824 -15.103374 0.334646, 65.788996 -15.103375 0.334646,
65.791945 -15.106324 0.334646, 65.799588 -15.104277 0.334646,
65.80723 -15.106324 0.334646, 65.810181 -15.103375 0.334646,
65.814351 -15.103374 0.334646, 65.816438 -15.099762 0.334646,
65.820467 -15.098682 0.334646, 65.839214 -15.079934 0.334646,
65.84126 -15.072292 0.334646, 65.846856 -15.066698 0.334646,
65.844808 -15.059055 0.334646, 65.846856 -15.051413 0.334646,
65.829115 -15.171541 0.334646, 65.814351 -15.145969 0.334646,
65.784824 -15.145969 0.334646, 65.77006 -15.171541 0.334646,
65.77006 -15.434008 0.334646, 65.784824 -15.459579 0.334646,
65.814351 -15.459579 0.334646, 65.829115 -15.434008 0.334646,
65.992606 -15.163878 0.334646, 65.989819 -15.1681 0.334646,
65.984932 -15.169409 0.334646, 65.966185 -15.188157 0.334646,
65.964874 -15.193043 0.334646, 65.960654 -15.195831 0.334646,
65.941906 -15.233326 0.334646, 65.94233 -15.240397 0.334646,
65.938789 -15.246531 0.334646, 65.938789 -15.359017 0.334646,
65.94233 -15.365152 0.334646, 65.941906 -15.372222 0.334646,
65.960654 -15.409718 0.334646, 65.964874 -15.412505 0.334646,
65.966185 -15.417392 0.334646, 65.984932 -15.436139 0.334646,
65.989819 -15.437449 0.334646, 65.992606 -15.441671 0.334646,
66.030102 -15.460418 0.334646, 66.037172 -15.459994 0.334646,
66.043307 -15.463535 0.334646, 66.118298 -15.463535 0.334646,
66.124432 -15.459994 0.334646, 66.131503 -15.460418 0.334646,
66.139269 -15.456534 0.334646, 66.141029 -15.459579 0.334646,
66.170557 -15.459579 0.334646, 66.18532 -15.434008 0.334646,
66.18532 -15.040307 0.334646, 66.170557 -15.014735 0.334646,
66.141029 -15.014735 0.334646, 66.126265 -15.040307 0.334646,
66.126266 -15.145445 0.334646, 66.124432 -15.145555 0.334646,
66.118298 -15.142013 0.334646, 66.043307 -15.142013 0.334646,
66.037172 -15.145555 0.334646, 66.030102 -15.145131 0.334646,
65.997843 -15.253502 0.334646, 66.011331 -15.226527 0.334646,
66.023302 -15.214556 0.334646, 66.050277 -15.201068 0.334646,
66.111327 -15.201069 0.334646, 66.126266 -15.208538 0.334646,
66.126264 -15.397011 0.334646, 66.111327 -15.40448 0.334646,
66.050277 -15.40448 0.334646, 66.023302 -15.390993 0.334646,
66.011331 -15.379022 0.334646, 65.997843 -15.352047 0.334646,
66.372796 -15.397011 0.334646, 66.372798 -15.208538 0.334646,
66.387736 -15.201069 0.334646, 66.448785 -15.201068 0.334646,
66.47576 -15.214556 0.334646, 66.487731 -15.226527 0.334646,
66.501219 -15.253502 0.334646, 66.501219 -15.352047 0.334646,
66.487731 -15.379022 0.334646, 66.47576 -15.390993 0.334646,
66.448785 -15.40448 0.334646, 66.387735 -15.40448 0.334646,
66.367559 -15.460418 0.334646, 66.37463 -15.459994 0.334646,
66.380765 -15.463535 0.334646, 66.455756 -15.463535 0.334646,
66.46189 -15.459994 0.334646, 66.468961 -15.460418 0.334646,
66.506456 -15.44167 0.334646, 66.509242 -15.437448 0.334646,
66.51413 -15.436139 0.334646, 66.532878 -15.417392 0.334646,
66.534186 -15.412505 0.334646, 66.538409 -15.409718 0.334646,
66.557156 -15.372222 0.334646, 66.556732 -15.365152 0.334646,
66.560274 -15.359017 0.334646, 66.560274 -15.246531 0.334646,
66.556732 -15.240397 0.334646, 66.557156 -15.233326 0.334646,
66.538409 -15.195831 0.334646, 66.534186 -15.193044 0.334646,
66.532878 -15.188157 0.334646, 66.51413 -15.169409 0.334646,
66.509242 -15.1681 0.334646, 66.506456 -15.163878 0.334646,
66.468961 -15.145131 0.334646, 66.46189 -15.145555 0.334646,
66.455756 -15.142013 0.334646, 66.380765 -15.142013 0.334646,
66.37463 -15.145555 0.334646, 66.372797 -15.145445 0.334646,
66.372797 -15.040307 0.334646, 66.358033 -15.014735 0.334646,
66.328506 -15.014735 0.334646, 66.313742 -15.040307 0.334646,
66.313742 -15.434008 0.334646, 66.328506 -15.459579 0.334646,
66.358033 -15.459579 0.334646, 66.359791 -15.456534 0.334646,
66.814674 -27.457134 0.334646, 66.820631 -27.467454 0.334646,
66.850159 -27.467454 0.334646, 66.864923 -27.441882 0.334646,
66.864923 -27.179415 0.334646, 66.850159 -27.153843 0.334646,
66.820631 -27.153843 0.334646, 66.805868 -27.179415 0.334646,
66.805868 -27.392156 0.334646, 66.799157 -27.398867 0.334646,
66.772181 -27.412354 0.334646, 66.72988 -27.412354 0.334646,
66.707424 -27.401126 0.334646, 66.696194 -27.378668 0.334646,
66.696194 -27.179415 0.334646, 66.68143 -27.153843 0.334646,
66.651903 -27.153843 0.334646, 66.637139 -27.179415 0.334646,
66.637139 -27.385639 0.334646, 66.640681 -27.391773 0.334646,
66.640256 -27.398844 0.334646, 66.659004 -27.436339 0.334646,
66.666958 -27.441591 0.334646, 66.672209 -27.449545 0.334646,
66.709704 -27.468292 0.334646, 66.716775 -27.467868 0.334646,
66.722909 -27.471409 0.334646, 66.779152 -27.471409 0.334646,
66.785287 -27.467868 0.334646, 66.792357 -27.468292 0.334646,
66.710254 -15.253502 0.334646, 66.723742 -15.226527 0.334646,
66.735713 -15.214556 0.334646, 66.762688 -15.201069 0.334646,
66.80499 -15.201068 0.334646, 66.831966 -15.214556 0.334646,
66.843936 -15.226527 0.334646, 66.857424 -15.253502 0.334646,
66.857424 -15.352047 0.334646, 66.843936 -15.379022 0.334646,
66.831966 -15.390993 0.334646, 66.80499 -15.40448 0.334646,
66.762688 -15.40448 0.334646, 66.735713 -15.390993 0.334646,
66.723742 -15.379022 0.334646, 66.710254 -15.352047 0.334646,
66.894614 -15.195831 0.334646, 66.890392 -15.193044 0.334646,
66.889083 -15.188157 0.334646, 66.870335 -15.169409 0.334646,
66.865447 -15.1681 0.334646, 66.862661 -15.163878 0.334646,
66.825166 -15.145131 0.334646, 66.818094 -15.145555 0.334646,
66.811961 -15.142013 0.334646, 66.755718 -15.142013 0.334646,
66.749583 -15.145555 0.334646, 66.742513 -15.145131 0.334646,
66.705017 -15.163878 0.334646, 66.702229 -15.1681 0.334646,
66.697343 -15.169409 0.334646, 66.678596 -15.188157 0.334646,
66.677285 -15.193043 0.334646, 66.673065 -15.195831 0.334646,
66.654317 -15.233326 0.334646, 66.654741 -15.240397 0.334646,
66.6512 -15.246531 0.334646, 66.6512 -15.359017 0.334646,
66.654741 -15.365152 0.334646, 66.654317 -15.372222 0.334646,
66.673065 -15.409718 0.334646, 66.677285 -15.412505 0.334646,
66.678596 -15.417392 0.334646, 66.697343 -15.436139 0.334646,
66.702229 -15.437449 0.334646, 66.705017 -15.44167 0.334646,
66.742513 -15.460418 0.334646, 66.749583 -15.459994 0.334646,
66.755718 -15.463535 0.334646, 66.811961 -15.463535 0.334646,
66.818094 -15.459994 0.334646, 66.825166 -15.460418 0.334646,
66.862661 -15.441671 0.334646, 66.865447 -15.437448 0.334646,
66.870335 -15.436139 0.334646, 66.889083 -15.417392 0.334646,
66.890392 -15.412505 0.334646, 66.894614 -15.409718 0.334646,
66.913362 -15.372222 0.334646, 66.912937 -15.365152 0.334646,
66.916479 -15.359017 0.334646, 66.916479 -15.246531 0.334646,
66.912937 -15.240397 0.334646, 66.913362 -15.233326 0.334646,
67.436806 -15.163563 0.334646, 67.42665 -15.145969 0.334646,
67.397122 -15.145969 0.334646, 67.382358 -15.171541 0.334646,
67.382358 -15.434008 0.334646, 67.397122 -15.459579 0.334646,
67.42665 -15.459579 0.334646, 67.441413 -15.434008 0.334646,
67.441413 -15.253502 0.334646, 67.454901 -15.226527 0.334646,
67.466872 -15.214556 0.334646, 67.493847 -15.201069 0.334646,
67.524372 -15.201069 0.334646, 67.549943 -15.186305 0.334646,
67.549943 -15.156777 0.334646, 67.524372 -15.142013 0.334646,
67.486876 -15.142013 0.334646, 67.480742 -15.145555 0.334646,
67.473671 -15.145131 0.334646, 68.045322 -15.389689 0.334646,
68.015795 -15.389689 0.334646, 68.001031 -15.41526 0.334646,
68.00103 -15.427037 0.334646, 67.987544 -15.454013 0.334646,
67.972184 -15.469372 0.334646, 67.964541 -15.497893 0.334646,
67.98542 -15.518773 0.334646, 68.013942 -15.511131 0.334646,
68.03269 -15.492383 0.334646, 68.033998 -15.487496 0.334646,
68.038221 -15.484709 0.334646, 68.056969 -15.447213 0.334646,
68.056544 -15.440142 0.334646, 68.060086 -15.434008 0.334646,
68.060086 -15.41526 0.334646, 68.528776 -15.397011 0.334646,
68.528778 -15.208538 0.334646, 68.543717 -15.201069 0.334646,
68.604765 -15.201068 0.334646, 68.63174 -15.214556 0.334646,
68.643711 -15.226527 0.334646, 68.657199 -15.253502 0.334646,
68.657199 -15.352047 0.334646, 68.643711 -15.379022 0.334646,
68.63174 -15.390993 0.334646, 68.604765 -15.40448 0.334646,
68.543716 -15.40448 0.334646, 68.528778 -15.460104 0.334646,
68.530611 -15.459994 0.334646, 68.536745 -15.463535 0.334646,
68.611736 -15.463535 0.334646, 68.61787 -15.459994 0.334646,
68.624941 -15.460418 0.334646, 68.662436 -15.44167 0.334646,
68.665223 -15.437448 0.334646, 68.67011 -15.436139 0.334646,
68.688858 -15.417392 0.334646, 68.690167 -15.412505 0.334646,
68.694389 -15.409718 0.334646, 68.713137 -15.372222 0.334646,
68.712712 -15.365152 0.334646, 68.716254 -15.359017 0.334646,
68.716254 -15.246531 0.334646, 68.712712 -15.240397 0.334646,
68.713137 -15.233326 0.334646, 68.694389 -15.195831 0.334646,
68.690167 -15.193044 0.334646, 68.688858 -15.188157 0.334646,
68.67011 -15.169409 0.334646, 68.665223 -15.1681 0.334646,
68.662436 -15.163878 0.334646, 68.624941 -15.145131 0.334646,
68.61787 -15.145555 0.334646, 68.611736 -15.142013 0.334646,
68.536745 -15.142013 0.334646, 68.530611 -15.145555 0.334646,
68.52354 -15.145131 0.334646, 68.515772 -15.149015 0.334646,
68.514014 -15.145969 0.334646, 68.484486 -15.145969 0.334646,
68.469722 -15.171541 0.334646, 68.469722 -15.565242 0.334646,
68.484486 -15.590813 0.334646, 68.514014 -15.590813 0.334646,
68.528778 -15.565242 0.334646, 68.866235 -15.253502 0.334646,
68.879723 -15.226527 0.334646, 68.891694 -15.214556 0.334646,
68.918669 -15.201069 0.334646, 68.96097 -15.201068 0.334646,
68.987946 -15.214556 0.334646, 68.999917 -15.226527 0.334646,
69.013405 -15.253502 0.334646, 69.013405 -15.352047 0.334646,
68.999917 -15.379022 0.334646, 68.987946 -15.390993 0.334646,
68.96097 -15.40448 0.334646, 68.918669 -15.40448 0.334646,
68.891694 -15.390993 0.334646, 68.879723 -15.379022 0.334646,
68.866235 -15.352047 0.334646, 69.050595 -15.195831 0.334646,
69.046372 -15.193044 0.334646, 69.045063 -15.188157 0.334646,
69.026316 -15.169409 0.334646, 69.021428 -15.1681 0.334646,
69.018642 -15.163878 0.334646, 68.981146 -15.145131 0.334646,
68.974076 -15.145555 0.334646, 68.967941 -15.142013 0.334646,
68.911698 -15.142013 0.334646, 68.905564 -15.145555 0.334646,
68.898493 -15.145131 0.334646, 68.860998 -15.163878 0.334646,
68.85821 -15.1681 0.334646, 68.853324 -15.169409 0.334646,
68.834576 -15.188157 0.334646, 68.833266 -15.193043 0.334646,
68.829045 -15.195831 0.334646, 68.810298 -15.233326 0.334646,
68.810722 -15.240397 0.334646, 68.80718 -15.246531 0.334646,
68.80718 -15.359017 0.334646, 68.810722 -15.365152 0.334646,
68.810298 -15.372222 0.334646, 68.829045 -15.409718 0.334646,
68.833266 -15.412505 0.334646, 68.834576 -15.417392 0.334646,
68.853324 -15.436139 0.334646, 68.85821 -15.437449 0.334646,
68.860998 -15.44167 0.334646, 68.898493 -15.460418 0.334646,
68.905564 -15.459994 0.334646, 68.911698 -15.463535 0.334646,
68.967941 -15.463535 0.334646, 68.974076 -15.459994 0.334646,
68.981146 -15.460418 0.334646, 69.018642 -15.44167 0.334646,
69.021428 -15.437448 0.334646, 69.026316 -15.436139 0.334646,
69.045063 -15.417392 0.334646, 69.046372 -15.412505 0.334646,
69.050595 -15.409718 0.334646, 69.069342 -15.372222 0.334646,
69.068918 -15.365152 0.334646, 69.072459 -15.359017 0.334646,
69.072459 -15.246531 0.334646, 69.068918 -15.240397 0.334646,
69.069342 -15.233326 0.334646, 69.288145 -15.286798 0.334646,
69.382521 -15.19242 0.334646, 69.390164 -15.163899 0.334646,
69.369284 -15.14302 0.334646, 69.340763 -15.150662 0.334646,
69.241188 -15.250236 0.334646, 69.241189 -15.040307 0.334646,
69.226425 -15.014735 0.334646, 69.196897 -15.014735 0.334646,
69.182133 -15.040307 0.334646, 69.182133 -15.434008 0.334646,
69.196897 -15.459579 0.334646, 69.226425 -15.459579 0.334646,
69.241189 -15.434008 0.334646, 69.241189 -15.333753 0.334646,
69.245963 -15.32898 0.334646, 69.33802 -15.451724 0.334646,
69.365174 -15.463323 0.334646, 69.388796 -15.445607 0.334646,
69.385264 -15.416291 0.334646, 69.572045 -15.045818 0.334646,
69.569998 -15.038176 0.334646, 69.55125 -15.019428 0.334646,
69.547221 -15.018348 0.334646, 69.545135 -15.014735 0.334646,
69.540964 -15.014736 0.334646, 69.538013 -15.011786 0.334646,
69.530371 -15.013833 0.334646, 69.522729 -15.011786 0.334646,
69.519779 -15.014735 0.334646, 69.515607 -15.014735 0.334646,
69.513523 -15.018349 0.334646, 69.509492 -15.019428 0.334646,
69.490744 -15.038176 0.334646, 69.488696 -15.045818 0.334646,
69.483102 -15.051413 0.334646, 69.48515 -15.059055 0.334646,
69.483102 -15.066698 0.334646, 69.488696 -15.072292 0.334646,
69.490744 -15.079934 0.334646, 69.509492 -15.098682 0.334646,
69.513522 -15.099762 0.334646, 69.515607 -15.103374 0.334646,
69.51978 -15.103375 0.334646, 69.522729 -15.106324 0.334646,
69.530372 -15.104277 0.334646, 69.538013 -15.106324 0.334646,
69.540964 -15.103375 0.334646, 69.545135 -15.103374 0.334646,
69.547222 -15.099762 0.334646, 69.55125 -15.098682 0.334646,
69.569998 -15.079934 0.334646, 69.572043 -15.072292 0.334646,
69.57764 -15.066698 0.334646, 69.575592 -15.059055 0.334646,
69.57764 -15.051413 0.334646, 69.559898 -15.171541 0.334646,
69.545135 -15.145969 0.334646, 69.515607 -15.145969 0.334646,
69.500843 -15.171541 0.334646, 69.500843 -15.434008 0.334646,
69.515607 -15.459579 0.334646, 69.545135 -15.459579 0.334646,
69.559898 -15.434008 0.334646, 69.738569 -15.156289 0.334646,
69.732611 -15.145969 0.334646, 69.703084 -15.145969 0.334646,
69.68832 -15.171541 0.334646, 69.68832 -15.434008 0.334646,
69.703084 -15.459579 0.334646, 69.732611 -15.459579 0.334646,
69.747375 -15.434008 0.334646, 69.747375 -15.221267 0.334646,
69.754086 -15.214556 0.334646, 69.781061 -15.201069 0.334646,
69.823362 -15.201068 0.334646, 69.845821 -15.212297 0.334646,
69.85705 -15.234755 0.334646, 69.857049 -15.434008 0.334646,
69.871813 -15.459579 0.334646, 69.90134 -15.459579 0.334646,
69.916104 -15.434008 0.334646, 69.916104 -15.227784 0.334646,
69.912562 -15.221649 0.334646, 69.912987 -15.214579 0.334646,
69.894239 -15.177083 0.334646, 69.886285 -15.171832 0.334646,
69.881034 -15.163878 0.334646, 69.843539 -15.145131 0.334646,
69.836468 -15.145555 0.334646, 69.830333 -15.142013 0.334646,
69.774091 -15.142013 0.334646, 69.767956 -15.145555 0.334646,
69.760885 -15.145131 0.334646, 70.213256 -15.460104 0.334646,
70.213256 -15.483281 0.334646, 70.199767 -15.510256 0.334646,
70.187796 -15.522227 0.334646, 70.16082 -15.535714 0.334646,
70.118518 -15.535714 0.334646, 70.087258 -15.520084 0.334646,
70.057784 -15.521853 0.334646, 70.044579 -15.548263 0.334646,
70.060848 -15.572904 0.334646, 70.098343 -15.591652 0.334646,
70.105414 -15.591228 0.334646, 70.111548 -15.594769 0.334646,
70.167791 -15.594769 0.334646, 70.173926 -15.591228 0.334646,
70.180996 -15.591652 0.334646, 70.218492 -15.572904 0.334646,
70.221278 -15.568682 0.334646, 70.226166 -15.567373 0.334646,
70.244913 -15.548626 0.334646, 70.246222 -15.543739 0.334646,
70.250445 -15.540952 0.334646, 70.269192 -15.503456 0.334646,
70.268768 -15.496386 0.334646, 70.272309 -15.490251 0.334646,
70.272309 -15.171541 0.334646, 70.257546 -15.145969 0.334646,
70.228018 -15.145969 0.334646, 70.226258 -15.149014 0.334646,
70.218492 -15.145131 0.334646, 70.211421 -15.145555 0.334646,
70.205287 -15.142013 0.334646, 70.130296 -15.142013 0.334646,
70.124162 -15.145555 0.334646, 70.117091 -15.145131 0.334646,
70.079596 -15.163878 0.334646, 70.076808 -15.1681 0.334646,
70.071922 -15.169409 0.334646, 70.053174 -15.188157 0.334646,
70.051864 -15.193043 0.334646, 70.047643 -15.195831 0.334646,
70.028895 -15.233326 0.334646, 70.02932 -15.240397 0.334646,
70.025778 -15.246531 0.334646, 70.025778 -15.359017 0.334646,
70.02932 -15.365152 0.334646, 70.028895 -15.372222 0.334646,
70.047643 -15.409718 0.334646, 70.051864 -15.412505 0.334646,
70.053174 -15.417392 0.334646, 70.071922 -15.436139 0.334646,
70.076808 -15.437449 0.334646, 70.079596 -15.44167 0.334646,
70.117091 -15.460418 0.334646, 70.124162 -15.459994 0.334646,
70.130296 -15.463535 0.334646, 70.205287 -15.463535 0.334646,
70.211421 -15.459994 0.334646, 70.213255 -15.208538 0.334646,
70.213253 -15.397011 0.334646, 70.198316 -15.40448 0.334646,
70.137268 -15.404481 0.334646, 70.110292 -15.390993 0.334646,
70.09832 -15.379022 0.334646, 70.084832 -15.352047 0.334646,
70.084832 -15.253502 0.334646, 70.09832 -15.226527 0.334646,
70.110292 -15.214556 0.334646, 70.137268 -15.201069 0.334646,
70.198316 -15.201068 0.334646, 70.741 -15.253502 0.334646,
70.754488 -15.226527 0.334646, 70.766459 -15.214556 0.334646,
70.793435 -15.201069 0.334646, 70.835736 -15.201068 0.334646,
70.862711 -15.214556 0.334646, 70.874683 -15.226527 0.334646,
70.88817 -15.253502 0.334646, 70.88817 -15.352047 0.334646,
70.874683 -15.379022 0.334646, 70.862711 -15.390993 0.334646,
70.835736 -15.40448 0.334646, 70.793435 -15.40448 0.334646,
70.766459 -15.390993 0.334646, 70.754488 -15.379022 0.334646,
70.741 -15.352047 0.334646, 70.92536 -15.195831 0.334646,
70.921138 -15.193044 0.334646, 70.919829 -15.188157 0.334646,
70.901081 -15.169409 0.334646, 70.896194 -15.1681 0.334646,
70.893407 -15.163878 0.334646, 70.855912 -15.145131 0.334646,
70.848842 -15.145555 0.334646, 70.842707 -15.142013 0.334646,
70.786464 -15.142013 0.334646, 70.780329 -15.145555 0.334646,
70.773259 -15.145131 0.334646, 70.735763 -15.163878 0.334646,
70.732976 -15.1681 0.334646, 70.728089 -15.169409 0.334646,
70.709342 -15.188157 0.334646, 70.708031 -15.193043 0.334646,
70.703811 -15.195831 0.334646, 70.685063 -15.233326 0.334646,
70.685487 -15.240397 0.334646, 70.681946 -15.246531 0.334646,
70.681946 -15.359017 0.334646, 70.685487 -15.365152 0.334646,
70.685063 -15.372222 0.334646, 70.703811 -15.409718 0.334646,
70.708031 -15.412505 0.334646, 70.709342 -15.417392 0.334646,
70.728089 -15.436139 0.334646, 70.732976 -15.437449 0.334646,
70.735763 -15.441671 0.334646, 70.773259 -15.460418 0.334646,
70.780329 -15.459994 0.334646, 70.786464 -15.463535 0.334646,
70.842707 -15.463535 0.334646, 70.848842 -15.459994 0.334646,
70.855912 -15.460418 0.334646, 70.893407 -15.44167 0.334646,
70.896194 -15.437448 0.334646, 70.901081 -15.436139 0.334646,
70.919829 -15.417392 0.334646, 70.921138 -15.412505 0.334646,
70.92536 -15.409718 0.334646, 70.944108 -15.372222 0.334646,
70.943683 -15.365152 0.334646, 70.947225 -15.359017 0.334646,
70.947225 -15.246531 0.334646, 70.943683 -15.240397 0.334646,
70.944108 -15.233326 0.334646, 71.234434 -15.44926 0.334646,
71.240392 -15.459579 0.334646, 71.269919 -15.459579 0.334646,
71.284683 -15.434008 0.334646, 71.284683 -15.171541 0.334646,
71.269919 -15.145969 0.334646, 71.240392 -15.145969 0.334646,
71.225628 -15.171541 0.334646, 71.225628 -15.384282 0.334646,
71.218917 -15.390993 0.334646, 71.191941 -15.40448 0.334646,
71.149641 -15.404481 0.334646, 71.127184 -15.393252 0.334646,
71.115954 -15.370794 0.334646, 71.115954 -15.171541 0.334646,
71.10119 -15.145969 0.334646, 71.071663 -15.145969 0.334646,
71.056899 -15.171541 0.334646, 71.056899 -15.377765 0.334646,
71.060441 -15.383899 0.334646, 71.060016 -15.39097 0.334646,
71.078764 -15.428465 0.334646, 71.086717 -15.433717 0.334646,
71.091969 -15.44167 0.334646, 71.129464 -15.460418 0.334646,
71.136535 -15.459994 0.334646, 71.142669 -15.463535 0.334646,
71.198913 -15.463535 0.334646, 71.205047 -15.459994 0.334646,
71.212118 -15.460418 0.334646, 71.457396 -15.014735 0.334646,
71.427868 -15.014735 0.334646, 71.413104 -15.040307 0.334646,
71.413105 -15.142014 0.334646, 71.386389 -15.142013 0.334646,
71.360817 -15.156777 0.334646, 71.360817 -15.186305 0.334646,
71.386389 -15.201069 0.334646, 71.413105 -15.201069 0.334646,
71.413104 -15.377765 0.334646, 71.416646 -15.383899 0.334646,
71.416222 -15.39097 0.334646, 71.434969 -15.428465 0.334646,
71.442923 -15.433717 0.334646, 71.448174 -15.44167 0.334646,
71.48567 -15.460418 0.334646, 71.49274 -15.459994 0.334646,
71.498875 -15.463535 0.334646, 71.53637 -15.463535 0.334646,
71.561942 -15.448772 0.334646, 71.561942 -15.419244 0.334646,
71.53637 -15.40448 0.334646, 71.505845 -15.40448 0.334646,
71.483389 -15.393252 0.334646, 71.472159 -15.370794 0.334646,
71.472159 -15.201068 0.334646, 71.53637 -15.201069 0.334646,
71.561942 -15.186305 0.334646, 71.561942 -15.156777 0.334646,
71.53637 -15.142013 0.334646, 71.472159 -15.142013 0.334646,
71.472159 -15.040307 0.334646, 71.98233 -15.014735 0.334646,
71.952803 -15.014735 0.334646, 71.938039 -15.040307 0.334646,
71.93804 -15.142014 0.334646, 71.911323 -15.142013 0.334646,
71.885752 -15.156777 0.334646, 71.885752 -15.186305 0.334646,
71.911323 -15.201069 0.334646, 71.93804 -15.201069 0.334646,
71.938039 -15.377765 0.334646, 71.941581 -15.383899 0.334646,
71.941156 -15.39097 0.334646, 71.959904 -15.428465 0.334646,
71.967858 -15.433717 0.334646, 71.973109 -15.44167 0.334646,
72.010604 -15.460418 0.334646, 72.017675 -15.459994 0.334646,
72.023809 -15.463535 0.334646, 72.061305 -15.463535 0.334646,
72.086876 -15.448772 0.334646, 72.086876 -15.419244 0.334646,
72.061305 -15.40448 0.334646, 72.03078 -15.40448 0.334646,
72.008324 -15.393252 0.334646, 71.997094 -15.370794 0.334646,
71.997093 -15.201068 0.334646, 72.061305 -15.201069 0.334646,
72.086876 -15.186305 0.334646, 72.086876 -15.156777 0.334646,
72.061305 -15.142013 0.334646, 71.997094 -15.142013 0.334646,
71.997094 -15.040307 0.334646, 72.387255 -15.22165 0.334646,
72.387677 -15.214579 0.334646, 72.368929 -15.177083 0.334646,
72.360976 -15.171832 0.334646, 72.355724 -15.163878 0.334646,
72.318229 -15.145131 0.334646, 72.311158 -15.145555 0.334646,
72.305024 -15.142013 0.334646, 72.248781 -15.142013 0.334646,
72.242647 -15.145555 0.334646, 72.235576 -15.145131 0.334646,
72.222066 -15.151886 0.334646, 72.222066 -15.040307 0.334646,
72.207302 -15.014735 0.334646, 72.177774 -15.014735 0.334646,
72.163011 -15.040307 0.334646, 72.163011 -15.434008 0.334646,
72.177774 -15.459579 0.334646, 72.207302 -15.459579 0.334646,
72.222066 -15.434008 0.334646, 72.222067 -15.221267 0.334646,
72.228776 -15.214556 0.334646, 72.255752 -15.201069 0.334646,
72.298052 -15.201068 0.334646, 72.320509 -15.212297 0.334646,
72.331739 -15.234754 0.334646, 72.33174 -15.434008 0.334646,
72.346504 -15.459579 0.334646, 72.376031 -15.459579 0.334646,
72.390795 -15.434008 0.334646, 72.390795 -15.227784 0.334646,
72.559522 -15.234754 0.334646, 72.570753 -15.212297 0.334646,
72.593211 -15.201069 0.334646, 72.654259 -15.201068 0.334646,
72.676717 -15.212297 0.334646, 72.687944 -15.234754 0.334646,
72.687945 -15.241072 0.334646, 72.559524 -15.266757 0.334646,
72.50401 -15.221649 0.334646, 72.500469 -15.227784 0.334646,
72.500469 -15.377765 0.334646, 72.50401 -15.383899 0.334646,
72.503586 -15.39097 0.334646, 72.522333 -15.428465 0.334646,
72.530287 -15.433717 0.334646, 72.535539 -15.44167 0.334646,
72.573034 -15.460418 0.334646, 72.580105 -15.459994 0.334646,
72.586239 -15.463535 0.334646, 72.66123 -15.463535 0.334646,
72.667364 -15.459994 0.334646, 72.674435 -15.460418 0.334646,
72.71193 -15.44167 0.334646, 72.728199 -15.417029 0.334646,
72.714994 -15.390619 0.334646, 72.68552 -15.38885 0.334646,
72.654259 -15.40448 0.334646, 72.593211 -15.404481 0.334646,
72.570753 -15.393252 0.334646, 72.559522 -15.370794 0.334646,
72.559524 -15.326981 0.334646, 72.723263 -15.294233 0.334646,
72.727112 -15.290851 0.334646, 72.732236 -15.290851 0.334646,
72.737514 -15.281709 0.334646, 72.745443 -15.274741 0.334646,
72.744438 -15.269717 0.334646, 72.747 -15.265279 0.334646,
72.747 -15.227784 0.334646, 72.743458 -15.221649 0.334646,
72.743883 -15.214579 0.334646, 72.725135 -15.177083 0.334646,
72.717181 -15.171832 0.334646, 72.71193 -15.163878 0.334646,
72.674435 -15.145131 0.334646, 72.667364 -15.145555 0.334646,
72.66123 -15.142013 0.334646, 72.586239 -15.142013 0.334646,
72.580105 -15.145555 0.334646, 72.573034 -15.145131 0.334646,
72.535539 -15.163878 0.334646, 72.530287 -15.171832 0.334646,
72.522333 -15.177083 0.334646, 72.503586 -15.214579 0.334646,
73.200928 -15.014735 0.334646, 73.1714 -15.014735 0.334646,
73.156637 -15.040307 0.334646, 73.156638 -15.142014 0.334646,
73.129921 -15.142013 0.334646, 73.104349 -15.156777 0.334646,
73.104349 -15.186305 0.334646, 73.129921 -15.201069 0.334646,
73.156638 -15.201069 0.334646, 73.156637 -15.377765 0.334646,
73.160178 -15.383899 0.334646, 73.159754 -15.39097 0.334646,
73.178502 -15.428465 0.334646, 73.186455 -15.433717 0.334646,
73.191707 -15.44167 0.334646, 73.229202 -15.460418 0.334646,
73.236273 -15.459994 0.334646, 73.242407 -15.463535 0.334646,
73.279902 -15.463535 0.334646, 73.305474 -15.448772 0.334646,
73.305474 -15.419244 0.334646, 73.279902 -15.40448 0.334646,
73.249378 -15.40448 0.334646, 73.226921 -15.393252 0.334646,
73.215692 -15.370794 0.334646, 73.215691 -15.201068 0.334646,
73.279902 -15.201069 0.334646, 73.305474 -15.186305 0.334646,
73.305474 -15.156777 0.334646, 73.279902 -15.142013 0.334646,
73.215692 -15.142013 0.334646, 73.215692 -15.040307 0.334646,
73.421915 -15.253502 0.334646, 73.435403 -15.226527 0.334646,
73.447374 -15.214556 0.334646, 73.47435 -15.201069 0.334646,
73.516651 -15.201068 0.334646, 73.543628 -15.214556 0.334646,
73.555597 -15.226527 0.334646, 73.569085 -15.253502 0.334646,
73.569085 -15.352047 0.334646, 73.555597 -15.379022 0.334646,
73.543628 -15.390993 0.334646, 73.516651 -15.40448 0.334646,
73.47435 -15.40448 0.334646, 73.447374 -15.390993 0.334646,
73.435403 -15.379022 0.334646, 73.421915 -15.352047 0.334646,
73.606275 -15.195831 0.334646, 73.602053 -15.193044 0.334646,
73.600744 -15.188157 0.334646, 73.581996 -15.169409 0.334646,
73.577108 -15.1681 0.334646, 73.574322 -15.163878 0.334646,
73.536827 -15.145131 0.334646, 73.529755 -15.145555 0.334646,
73.523622 -15.142013 0.334646, 73.467379 -15.142013 0.334646,
73.461244 -15.145555 0.334646, 73.454174 -15.145131 0.334646,
73.416678 -15.163878 0.334646, 73.41389 -15.1681 0.334646,
73.409004 -15.169409 0.334646, 73.390257 -15.188157 0.334646,
73.388946 -15.193043 0.334646, 73.384726 -15.195831 0.334646,
73.365978 -15.233326 0.334646, 73.366402 -15.240397 0.334646,
73.362861 -15.246531 0.334646, 73.362861 -15.359017 0.334646,
73.366402 -15.365152 0.334646, 73.365978 -15.372222 0.334646,
73.384726 -15.409718 0.334646, 73.388946 -15.412505 0.334646,
73.390257 -15.417392 0.334646, 73.409004 -15.436139 0.334646,
73.41389 -15.437449 0.334646, 73.416678 -15.44167 0.334646,
73.454174 -15.460418 0.334646, 73.461244 -15.459994 0.334646,
73.467379 -15.463535 0.334646, 73.523622 -15.463535 0.334646,
73.529755 -15.459994 0.334646, 73.536827 -15.460418 0.334646,
73.574322 -15.441671 0.334646, 73.577108 -15.437448 0.334646,
73.581996 -15.436139 0.334646, 73.600744 -15.417392 0.334646,
73.602053 -15.412505 0.334646, 73.606275 -15.409718 0.334646,
73.625023 -15.372222 0.334646, 73.624598 -15.365152 0.334646,
73.62814 -15.359017 0.334646, 73.62814 -15.246531 0.334646,
73.624598 -15.240397 0.334646, 73.625023 -15.233326 0.334646,
73.796868 -15.397011 0.334646, 73.796869 -15.208538 0.334646,
73.811808 -15.201069 0.334646, 73.872856 -15.201068 0.334646,
73.899832 -15.214556 0.334646, 73.911803 -15.226527 0.334646,
73.92529 -15.253502 0.334646, 73.92529 -15.352047 0.334646,
73.911803 -15.379022 0.334646, 73.899832 -15.390993 0.334646,
73.872856 -15.40448 0.334646, 73.811808 -15.40448 0.334646,
73.796869 -15.460104 0.334646, 73.798702 -15.459994 0.334646,
73.804837 -15.463535 0.334646, 73.879827 -15.463535 0.334646,
73.885962 -15.459994 0.334646, 73.893032 -15.460418 0.334646,
73.930528 -15.44167 0.334646, 73.933316 -15.437449 0.334646,
73.938201 -15.43614 0.334646, 73.956949 -15.417392 0.334646,
73.958259 -15.412505 0.334646, 73.962481 -15.409718 0.334646,
73.981228 -15.372222 0.334646, 73.980804 -15.365152 0.334646,
73.984346 -15.359017 0.334646, 73.984346 -15.246531 0.334646,
73.980804 -15.240397 0.334646, 73.981228 -15.233326 0.334646,
73.962481 -15.195831 0.334646, 73.958259 -15.193044 0.334646,
73.956949 -15.188157 0.334646, 73.938201 -15.169409 0.334646,
73.933316 -15.1681 0.334646, 73.930528 -15.163878 0.334646,
73.893032 -15.145131 0.334646, 73.885962 -15.145555 0.334646,
73.879827 -15.142013 0.334646, 73.804837 -15.142013 0.334646,
73.798702 -15.145555 0.334646, 73.791631 -15.145131 0.334646,
73.783863 -15.149015 0.334646, 73.782105 -15.145969 0.334646,
73.752578 -15.145969 0.334646, 73.737814 -15.171541 0.334646,
73.737814 -15.565242 0.334646, 73.752578 -15.590813 0.334646,
73.782105 -15.590813 0.334646, 73.796869 -15.565242 0.334646,
59.12371 -29.139401 0.334646, 59.119488 -29.136613 0.334646,
59.118179 -29.131727 0.334646, 59.099431 -29.112979 0.334646,
59.094544 -29.111669 0.334646, 59.091758 -29.107448 0.334646,
59.054262 -29.0887 0.334646, 59.047193 -29.089125 0.334646,
59.041057 -29.085583 0.334646, 58.909824 -29.085583 0.334646,
58.902974 -29.08954 0.334646, 58.89506 -29.089539 0.334646,
58.891106 -29.096392 0.334646, 58.884252 -29.100346 0.334646,
58.884254 -29.108259 0.334646, 58.880296 -29.11511 0.334646,
58.880296 -29.508811 0.334646, 58.884254 -29.515664 0.334646,
58.884252 -29.523575 0.334646, 58.891106 -29.527532 0.334646,
58.89506 -29.534383 0.334646, 58.902974 -29.534384 0.334646,
58.909824 -29.538339 0.334646, 59.059805 -29.538339 0.334646,
59.065939 -29.534797 0.334646, 59.07301 -29.535221 0.334646,
59.110505 -29.516474 0.334646, 59.113292 -29.512251 0.334646,
59.118179 -29.510943 0.334646, 59.136927 -29.492195 0.334646,
59.138236 -29.487308 0.334646, 59.142458 -29.484521 0.334646,
59.161206 -29.447026 0.334646, 59.160781 -29.439955 0.334646,
59.164323 -29.43382 0.334646, 59.164323 -29.377578 0.334646,
59.160781 -29.371443 0.334646, 59.161206 -29.364372 0.334646,
59.142458 -29.326877 0.334646, 59.138236 -29.324089 0.334646,
59.136927 -29.319203 0.334646, 59.118179 -29.300456 0.334646,
59.111336 -29.298622 0.334646, 59.108606 -29.295543 0.334646,
59.118179 -29.285971 0.334646, 59.119488 -29.281084 0.334646,
59.12371 -29.278297 0.334646, 59.142458 -29.240802 0.334646,
59.142033 -29.233731 0.334646, 59.145575 -29.227596 0.334646,
59.145575 -29.190101 0.334646, 59.142033 -29.183967 0.334646,
59.142458 -29.176896 0.334646, 59.451532 -29.524063 0.334646,
59.457489 -29.534383 0.334646, 59.487017 -29.534383 0.334646,
59.501781 -29.508811 0.334646, 59.501781 -29.246344 0.334646,
59.487017 -29.220772 0.334646, 59.457489 -29.220772 0.334646,
59.442726 -29.246344 0.334646, 59.442726 -29.459085 0.334646,
59.436015 -29.465796 0.334646, 59.409039 -29.479283 0.334646,
59.366738 -29.479284 0.334646, 59.344281 -29.468055 0.334646,
59.333052 -29.445598 0.334646, 59.333052 -29.246344 0.334646,
59.318288 -29.220772 0.334646, 59.288761 -29.220772 0.334646,
59.273997 -29.246344 0.334646, 59.273997 -29.452568 0.334646,
59.277539 -29.458703 0.334646, 59.277114 -29.465773 0.334646,
59.295862 -29.503269 0.334646, 59.303815 -29.50852 0.334646,
59.309067 -29.516474 0.334646, 59.346562 -29.535221 0.334646,
59.353633 -29.534797 0.334646, 59.359767 -29.538339 0.334646,
59.41601 -29.538339 0.334646, 59.422145 -29.534797 0.334646,
59.429215 -29.535221 0.334646, 58.939351 -29.273059 0.334646,
58.939353 -29.144638 0.334646, 59.034086 -29.144637 0.334646,
59.061062 -29.158126 0.334646, 59.073033 -29.170097 0.334646,
59.08652 -29.197072 0.334646, 59.08652 -29.220626 0.334646,
59.073033 -29.247601 0.334646, 59.061061 -29.259572 0.334646,
59.034087 -29.27306 0.334646, 59.105268 -29.42685 0.334646,
59.09178 -29.453825 0.334646, 59.079809 -29.465796 0.334646,
59.052833 -29.479283 0.334646, 58.939351 -29.479283 0.334646,
58.939352 -29.332115 0.334646, 59.036265 -29.332114 0.334646,
59.08135 -29.347143 0.334646, 59.09178 -29.357573 0.334646,
59.105268 -29.384548 0.334646, 59.684651 -29.238366 0.334646,
59.674494 -29.220772 0.334646, 59.644966 -29.220772 0.334646,
59.630202 -29.246344 0.334646, 59.630202 -29.508811 0.334646,
59.644966 -29.534383 0.334646, 59.674494 -29.534383 0.334646,
59.689257 -29.508811 0.334646, 59.689257 -29.328305 0.334646,
59.702745 -29.30133 0.334646, 59.714716 -29.289359 0.334646,
59.741691 -29.275872 0.334646, 59.772216 -29.275872 0.334646,
59.797787 -29.261108 0.334646, 59.797787 -29.23158 0.334646,
59.772216 -29.216817 0.334646, 59.73472 -29.216817 0.334646,
59.728586 -29.220358 0.334646, 59.721515 -29.219934 0.334646,
59.945124 -29.120621 0.334646, 59.943076 -29.112979 0.334646,
59.924329 -29.094231 0.334646, 59.920299 -29.093152 0.334646,
59.918213 -29.089539 0.334646, 59.914042 -29.089539 0.334646,
59.911091 -29.086589 0.334646, 59.903449 -29.088636 0.334646,
59.895807 -29.086589 0.334646, 59.892857 -29.089539 0.334646,
59.888685 -29.089539 0.334646, 59.886601 -29.093152 0.334646,
59.88257 -29.094231 0.334646, 59.863822 -29.112979 0.334646,
59.861775 -29.120622 0.334646, 59.85618 -29.126216 0.334646,
59.858228 -29.133858 0.334646, 59.85618 -29.141501 0.334646,
59.861775 -29.147095 0.334646, 59.863822 -29.154737 0.334646,
59.88257 -29.173485 0.334646, 59.8866 -29.174565 0.334646,
59.888685 -29.178178 0.334646, 59.892858 -29.178178 0.334646,
59.895807 -29.181127 0.334646, 59.90345 -29.17908 0.334646,
59.911092 -29.181127 0.334646, 59.914042 -29.178178 0.334646,
59.918213 -29.178178 0.334646, 59.9203 -29.174565 0.334646,
59.924328 -29.173485 0.334646, 59.943076 -29.154737 0.334646,
59.945122 -29.147094 0.334646, 59.950718 -29.141501 0.334646,
59.94867 -29.133858 0.334646, 59.950718 -29.126216 0.334646,
59.932977 -29.246344 0.334646, 59.918213 -29.220772 0.334646,
59.888685 -29.220772 0.334646, 59.873922 -29.246344 0.334646,
59.873922 -29.508811 0.334646, 59.888685 -29.534383 0.334646,
59.918213 -29.534383 0.334646, 59.932977 -29.508811 0.334646,
60.101705 -29.309557 0.334646, 60.112935 -29.287101 0.334646,
60.135393 -29.275872 0.334646, 60.196441 -29.275872 0.334646,
60.218899 -29.287101 0.334646, 60.230127 -29.309557 0.334646,
60.230128 -29.315876 0.334646, 60.101706 -29.34156 0.334646,
60.046193 -29.296453 0.334646, 60.042651 -29.302587 0.334646,
60.042651 -29.452568 0.334646, 60.046193 -29.458703 0.334646,
60.045768 -29.465773 0.334646, 60.064516 -29.503269 0.334646,
60.072469 -29.50852 0.334646, 60.077721 -29.516474 0.334646,
60.115216 -29.535221 0.334646, 60.122287 -29.534797 0.334646,
60.128421 -29.538339 0.334646, 60.203412 -29.538339 0.334646,
60.209546 -29.534797 0.334646, 60.216617 -29.535221 0.334646,
60.254112 -29.516474 0.334646, 60.270382 -29.491833 0.334646,
60.257176 -29.465422 0.334646, 60.227702 -29.463653 0.334646,
60.196441 -29.479283 0.334646, 60.135393 -29.479284 0.334646,
60.112935 -29.468055 0.334646, 60.101705 -29.445597 0.334646,
60.101706 -29.401785 0.334646, 60.265446 -29.369036 0.334646,
60.269294 -29.365654 0.334646, 60.274419 -29.365654 0.334646,
60.279696 -29.356512 0.334646, 60.287625 -29.349544 0.334646,
60.28662 -29.34452 0.334646, 60.289182 -29.340082 0.334646,
60.289182 -29.302587 0.334646, 60.285641 -29.296453 0.334646,
60.286065 -29.289382 0.334646, 60.267317 -29.251887 0.334646,
60.259364 -29.246635 0.334646, 60.254112 -29.238681 0.334646,
60.216617 -29.219934 0.334646, 60.209546 -29.220358 0.334646,
60.203412 -29.216817 0.334646, 60.128421 -29.216817 0.334646,
60.122287 -29.220358 0.334646, 60.115216 -29.219934 0.334646,
60.077721 -29.238681 0.334646, 60.072469 -29.246635 0.334646,
60.064516 -29.251887 0.334646, 60.045768 -29.289382 0.334646,
60.433926 -29.238681 0.334646, 60.431138 -29.242903 0.334646,
60.426252 -29.244213 0.334646, 60.407505 -29.26296 0.334646,
60.406194 -29.267846 0.334646, 60.401974 -29.270634 0.334646,
60.383226 -29.30813 0.334646, 60.38365 -29.3152 0.334646,
60.380109 -29.321335 0.334646, 60.380109 -29.43382 0.334646,
60.38365 -29.439955 0.334646, 60.383226 -29.447026 0.334646,
60.401974 -29.484521 0.334646, 60.406194 -29.487308 0.334646,
60.407505 -29.492195 0.334646, 60.426252 -29.510943 0.334646,
60.431138 -29.512252 0.334646, 60.433926 -29.516474 0.334646,
60.471422 -29.535221 0.334646, 60.478492 -29.534797 0.334646,
60.484627 -29.538339 0.334646, 60.559617 -29.538339 0.334646,
60.565752 -29.534797 0.334646, 60.572822 -29.535221 0.334646,
60.580589 -29.531337 0.334646, 60.582349 -29.534383 0.334646,
60.611876 -29.534383 0.334646, 60.62664 -29.508811 0.334646,
60.62664 -29.11511 0.334646, 60.611876 -29.089539 0.334646,
60.582349 -29.089539 0.334646, 60.567585 -29.11511 0.334646,
60.567585 -29.220248 0.334646, 60.565752 -29.220358 0.334646,
60.559617 -29.216817 0.334646, 60.484627 -29.216817 0.334646,
60.478492 -29.220358 0.334646, 60.471422 -29.219934 0.334646,
60.439163 -29.328305 0.334646, 60.452651 -29.30133 0.334646,
60.464622 -29.289359 0.334646, 60.491598 -29.275872 0.334646,
60.552647 -29.275872 0.334646, 60.567586 -29.283341 0.334646,
60.567584 -29.471814 0.334646, 60.552647 -29.479283 0.334646,
60.491598 -29.479284 0.334646, 60.464622 -29.465796 0.334646,
60.452651 -29.453825 0.334646, 60.439163 -29.42685 0.334646,
61.5359 -15.397011 0.334646, 61.535902 -15.208538 0.334646,
61.550841 -15.201069 0.334646, 61.611889 -15.201068 0.334646,
61.638864 -15.214556 0.334646, 61.650835 -15.226527 0.334646,
61.664323 -15.253502 0.334646, 61.664323 -15.352047 0.334646,
61.650835 -15.379022 0.334646, 61.638864 -15.390993 0.334646,
61.611889 -15.40448 0.334646, 61.55084 -15.40448 0.334646,
61.535902 -15.460104 0.334646, 61.537735 -15.459994 0.334646,
61.543869 -15.463535 0.334646, 61.61886 -15.463535 0.334646,
61.624994 -15.459994 0.334646, 61.632065 -15.460418 0.334646,
61.66956 -15.44167 0.334646, 61.672347 -15.437448 0.334646,
61.677234 -15.436139 0.334646, 61.695982 -15.417392 0.334646,
61.697291 -15.412505 0.334646, 61.701513 -15.409718 0.334646,
61.720261 -15.372222 0.334646, 61.719836 -15.365152 0.334646,
61.723378 -15.359017 0.334646, 61.723378 -15.246531 0.334646,
61.719836 -15.240397 0.334646, 61.720261 -15.233326 0.334646,
61.701513 -15.195831 0.334646, 61.697291 -15.193044 0.334646,
61.695982 -15.188157 0.334646, 61.677234 -15.169409 0.334646,
61.672347 -15.1681 0.334646, 61.66956 -15.163878 0.334646,
61.632065 -15.145131 0.334646, 61.624994 -15.145555 0.334646,
61.61886 -15.142013 0.334646, 61.543869 -15.142013 0.334646,
61.537735 -15.145555 0.334646, 61.530664 -15.145131 0.334646,
61.522896 -15.149015 0.334646, 61.521138 -15.145969 0.334646,
61.49161 -15.145969 0.334646, 61.476846 -15.171541 0.334646,
61.476846 -15.565242 0.334646, 61.49161 -15.590813 0.334646,
61.521138 -15.590813 0.334646, 61.535902 -15.565242 0.334646,
61.461479 -29.231092 0.334646, 61.455521 -29.220772 0.334646,
61.425993 -29.220772 0.334646, 61.41123 -29.246344 0.334646,
61.41123 -29.508811 0.334646, 61.425993 -29.534383 0.334646,
61.455521 -29.534383 0.334646, 61.470285 -29.508811 0.334646,
61.470284 -29.29607 0.334646, 61.476995 -29.289359 0.334646,
61.503972 -29.275872 0.334646, 61.546272 -29.275871 0.334646,
61.568731 -29.287101 0.334646, 61.57996 -29.309558 0.334646,
61.579959 -29.508811 0.334646, 61.594722 -29.534383 0.334646,
61.62425 -29.534383 0.334646, 61.639014 -29.508811 0.334646,
61.639014 -29.302587 0.334646, 61.635472 -29.296453 0.334646,
61.635896 -29.289382 0.334646, 61.617149 -29.251887 0.334646,
61.609195 -29.246635 0.334646, 61.603944 -29.238681 0.334646,
61.566448 -29.219934 0.334646, 61.559378 -29.220358 0.334646,
61.553243 -29.216817 0.334646, 61.497 -29.216817 0.334646,
61.490866 -29.220358 0.334646, 61.483795 -29.219934 0.334646,
61.802505 -29.238681 0.334646, 61.799717 -29.242903 0.334646,
61.794831 -29.244213 0.334646, 61.776083 -29.26296 0.334646,
61.774773 -29.267846 0.334646, 61.770552 -29.270634 0.334646,
61.751805 -29.30813 0.334646, 61.752229 -29.3152 0.334646,
61.748687 -29.321335 0.334646, 61.748687 -29.43382 0.334646,
61.752229 -29.439955 0.334646, 61.751805 -29.447026 0.334646,
61.770552 -29.484521 0.334646, 61.774773 -29.487308 0.334646,
61.776083 -29.492195 0.334646, 61.794831 -29.510943 0.334646,
61.799717 -29.512252 0.334646, 61.802505 -29.516474 0.334646,
61.84 -29.535221 0.334646, 61.847071 -29.534797 0.334646,
61.853206 -29.538339 0.334646, 61.928196 -29.538339 0.334646,
61.934331 -29.534797 0.334646, 61.941402 -29.535221 0.334646,
61.949168 -29.531337 0.334646, 61.950928 -29.534383 0.334646,
61.980456 -29.534383 0.334646, 61.995219 -29.508811 0.334646,
61.995219 -29.11511 0.334646, 61.980456 -29.089539 0.334646,
61.950928 -29.089539 0.334646, 61.936164 -29.11511 0.334646,
61.936164 -29.220248 0.334646, 61.934331 -29.220358 0.334646,
61.928196 -29.216817 0.334646, 61.853206 -29.216817 0.334646,
61.847071 -29.220358 0.334646, 61.84 -29.219934 0.334646,
61.807742 -29.328305 0.334646, 61.82123 -29.30133 0.334646,
61.833201 -29.289359 0.334646, 61.860177 -29.275872 0.334646,
61.921226 -29.275872 0.334646, 61.936165 -29.283341 0.334646,
61.936163 -29.471814 0.334646, 61.921226 -29.479283 0.334646,
61.860177 -29.479284 0.334646, 61.833201 -29.465796 0.334646,
61.82123 -29.453825 0.334646, 61.807742 -29.42685 0.334646,
62.515547 -29.238366 0.334646, 62.50539 -29.220772 0.334646,
62.475862 -29.220772 0.334646, 62.461098 -29.246344 0.334646,
62.461098 -29.508811 0.334646, 62.475862 -29.534383 0.334646,
62.50539 -29.534383 0.334646, 62.520154 -29.508811 0.334646,
62.520153 -29.328305 0.334646, 62.533641 -29.30133 0.334646,
62.545612 -29.289359 0.334646, 62.572587 -29.275872 0.334646,
62.603112 -29.275872 0.334646, 62.628683 -29.261108 0.334646,
62.628683 -29.23158 0.334646, 62.603112 -29.216817 0.334646,
62.565617 -29.216817 0.334646, 62.559482 -29.220358 0.334646,
62.552411 -29.219934 0.334646, 63.401292 -29.341559 0.334646,
63.401294 -29.309558 0.334646, 63.412523 -29.287101 0.334646,
63.43498 -29.275872 0.334646, 63.496029 -29.275872 0.334646,
63.518487 -29.287101 0.334646, 63.529714 -29.309557 0.334646,
63.529715 -29.315875 0.334646, 63.34578 -29.296453 0.334646,
63.342238 -29.302587 0.334646, 63.342238 -29.452568 0.334646,
63.34578 -29.458703 0.334646, 63.345355 -29.465773 0.334646,
63.364103 -29.503269 0.334646, 63.372057 -29.50852 0.334646,
63.377308 -29.516474 0.334646, 63.414804 -29.535221 0.334646,
63.421874 -29.534797 0.334646, 63.428009 -29.538339 0.334646,
63.503 -29.538339 0.334646, 63.509134 -29.534797 0.334646,
63.516205 -29.535221 0.334646, 63.5537 -29.516474 0.334646,
63.569969 -29.491833 0.334646, 63.556764 -29.465422 0.334646,
63.52729 -29.463653 0.334646, 63.496029 -29.479283 0.334646,
63.43498 -29.479284 0.334646, 63.412523 -29.468055 0.334646,
63.401292 -29.445597 0.334646, 63.401292 -29.401784 0.334646,
63.565033 -29.369036 0.334646, 63.568883 -29.365654 0.334646,
63.574006 -29.365654 0.334646, 63.579284 -29.356513 0.334646,
63.587213 -29.349544 0.334646, 63.586209 -29.34452 0.334646,
63.58877 -29.340082 0.334646, 63.58877 -29.302587 0.334646,
63.585228 -29.296453 0.334646, 63.585653 -29.289382 0.334646,
63.566905 -29.251887 0.334646, 63.558951 -29.246635 0.334646,
63.5537 -29.238681 0.334646, 63.516205 -29.219934 0.334646,
63.509134 -29.220358 0.334646, 63.503 -29.216817 0.334646,
63.428009 -29.216817 0.334646, 63.421874 -29.220358 0.334646,
63.414804 -29.219934 0.334646, 63.377308 -29.238681 0.334646,
63.372057 -29.246635 0.334646, 63.364103 -29.251887 0.334646,
63.345355 -29.289382 0.334646, 63.735634 -32.912367 0.334646,
63.731412 -32.909579 0.334646, 63.730103 -32.904693 0.334646,
63.711355 -32.885945 0.334646, 63.706468 -32.884635 0.334646,
63.703681 -32.880414 0.334646, 63.666186 -32.861666 0.334646,
63.659115 -32.862091 0.334646, 63.652981 -32.858549 0.334646,
63.596738 -32.858549 0.334646, 63.590603 -32.862091 0.334646,
63.583533 -32.861666 0.334646, 63.546037 -32.880414 0.334646,
63.543249 -32.884635 0.334646, 63.538363 -32.885945 0.334646,
63.519616 -32.904693 0.334646, 63.518305 -32.909579 0.334646,
63.514085 -32.912367 0.334646, 63.495337 -32.949862 0.334646,
63.495761 -32.956933 0.334646, 63.49222 -32.963067 0.334646,
63.49222 -33.075553 0.334646, 63.495761 -33.081687 0.334646,
63.495337 -33.088758 0.334646, 63.514085 -33.126253 0.334646,
63.518305 -33.12904 0.334646, 63.519616 -33.133927 0.334646,
63.538363 -33.152675 0.334646, 63.543249 -33.153984 0.334646,
63.546037 -33.158206 0.334646, 63.583533 -33.176954 0.334646,
63.590603 -33.176529 0.334646, 63.596738 -33.180071 0.334646,
63.652981 -33.180071 0.334646, 63.659115 -33.176529 0.334646,
63.666186 -33.176954 0.334646, 63.703681 -33.158206 0.334646,
63.706468 -33.153984 0.334646, 63.711355 -33.152675 0.334646,
63.730103 -33.133927 0.334646, 63.731412 -33.12904 0.334646,
63.735634 -33.126253 0.334646, 63.754382 -33.088758 0.334646,
63.753957 -33.081687 0.334646, 63.757499 -33.075553 0.334646,
63.757499 -32.963067 0.334646, 63.753957 -32.956933 0.334646,
63.754382 -32.949862 0.334646, 63.188273 -29.534383 0.334646,
63.217801 -29.534383 0.334646, 63.232565 -29.508811 0.334646,
63.232565 -29.302587 0.334646, 63.229023 -29.296453 0.334646,
63.229447 -29.289382 0.334646, 63.2107 -29.251887 0.334646,
63.202746 -29.246635 0.334646, 63.197494 -29.238681 0.334646,
63.159999 -29.219934 0.334646, 63.152929 -29.220358 0.334646,
63.146794 -29.216817 0.334646, 63.090551 -29.216817 0.334646,
63.084416 -29.220358 0.334646, 63.077346 -29.219934 0.334646,
63.063835 -29.226689 0.334646, 63.063835 -29.11511 0.334646,
63.049072 -29.089539 0.334646, 63.019544 -29.089539 0.334646,
63.00478 -29.11511 0.334646, 63.00478 -29.508811 0.334646,
63.019544 -29.534383 0.334646, 63.049072 -29.534383 0.334646,
63.063835 -29.508811 0.334646, 63.063836 -29.296071 0.334646,
63.070547 -29.289359 0.334646, 63.097522 -29.275872 0.334646,
63.139823 -29.275871 0.334646, 63.162282 -29.287101 0.334646,
63.17351 -29.309558 0.334646, 63.173509 -29.508811 0.334646,
63.752892 -29.238366 0.334646, 63.742735 -29.220772 0.334646,
63.713207 -29.220772 0.334646, 63.698444 -29.246344 0.334646,
63.698444 -29.508811 0.334646, 63.713207 -29.534383 0.334646,
63.742735 -29.534383 0.334646, 63.757499 -29.508811 0.334646,
63.757498 -29.328305 0.334646, 63.770986 -29.30133 0.334646,
63.782957 -29.289359 0.334646, 63.809932 -29.275872 0.334646,
63.840457 -29.275872 0.334646, 63.866029 -29.261108 0.334646,
63.866029 -29.23158 0.334646, 63.840457 -29.216817 0.334646,
63.802962 -29.216817 0.334646, 63.796827 -29.220358 0.334646,
63.789757 -29.219934 0.334646, 63.982469 -29.309557 0.334646,
63.9937 -29.287101 0.334646, 64.016158 -29.275872 0.334646,
64.077206 -29.275872 0.334646, 64.099664 -29.287101 0.334646,
64.110892 -29.309557 0.334646, 64.110893 -29.315876 0.334646,
63.982471 -29.34156 0.334646, 63.926957 -29.296453 0.334646,
63.923416 -29.302587 0.334646, 63.923416 -29.452568 0.334646,
63.926957 -29.458703 0.334646, 63.926533 -29.465773 0.334646,
63.945281 -29.503269 0.334646, 63.953234 -29.50852 0.334646,
63.958486 -29.516474 0.334646, 63.995981 -29.535221 0.334646,
64.003052 -29.534797 0.334646, 64.009186 -29.538339 0.334646,
64.084177 -29.538339 0.334646, 64.090311 -29.534797 0.334646,
64.097382 -29.535221 0.334646, 64.134877 -29.516474 0.334646,
64.151147 -29.491833 0.334646, 64.137941 -29.465422 0.334646,
64.108467 -29.463653 0.334646, 64.077206 -29.479283 0.334646,
64.016158 -29.479284 0.334646, 63.9937 -29.468055 0.334646,
63.98247 -29.445597 0.334646, 63.982471 -29.401785 0.334646,
64.146211 -29.369036 0.334646, 64.150059 -29.365654 0.334646,
64.155183 -29.365654 0.334646, 64.160461 -29.356512 0.334646,
64.16839 -29.349544 0.334646, 64.167385 -29.34452 0.334646,
64.169947 -29.340082 0.334646, 64.169947 -29.302587 0.334646,
64.166406 -29.296453 0.334646, 64.16683 -29.289382 0.334646,
64.148082 -29.251887 0.334646, 64.140129 -29.246635 0.334646,
64.134877 -29.238681 0.334646, 64.097382 -29.219934 0.334646,
64.090311 -29.220358 0.334646, 64.084177 -29.216817 0.334646,
64.009186 -29.216817 0.334646, 64.003052 -29.220358 0.334646,
63.995981 -29.219934 0.334646, 63.958486 -29.238681 0.334646,
63.953234 -29.246635 0.334646, 63.945281 -29.251887 0.334646,
63.926533 -29.289382 0.334646
              ]
            }
            coordIndex [
32, 33, 20, -1, 20, 33, 34, -1, 20, 34, 19, -1, 19, 34, 35, -1,
19, 35, 18, -1, 18, 35, 7, -1, 18, 7, 8, -1, 9, 10, 15, -1,
9, 15, 16, -1, 9, 16, 17, -1, 9, 17, 18, -1, 9, 18, 8, -1,
11, 0, 13, -1, 11, 13, 14, -1, 11, 14, 15, -1, 11, 15, 10, -1,
13, 0, 12, -1, 12, 0, 42, -1, 12, 42, 49, -1, 49, 42, 43, -1,
49, 43, 48, -1, 48, 43, 44, -1, 48, 44, 47, -1, 47, 44, 45, -1,
47, 45, 46, -1, 63, 64, 77, -1, 77, 64, 65, -1, 77, 65, 76, -1,
76, 65, 66, -1, 76, 66, 75, -1, 75, 66, 67, -1, 75, 67, 74, -1,
74, 67, 69, -1, 74, 69, 72, -1, 72, 69, 70, -1, 72, 70, 71, -1,
102, 103, 141, -1, 141, 103, 104, -1, 141, 104, 129, -1, 129, 104, 105, -1,
129, 105, 128, -1, 128, 105, 127, -1, 102, 141, 142, -1, 102, 142, 143, -1,
102, 143, 144, -1, 102, 144, 101, -1, 100, 101, 144, -1, 100, 144, 145, -1,
100, 145, 146, -1, 100, 146, 147, -1, 100, 147, 99, -1, 99, 147, 98, -1,
98, 147, 148, -1, 98, 148, 127, -1, 127, 148, 113, -1, 127, 113, 114, -1,
135, 136, 134, -1, 134, 136, 137, -1, 134, 137, 132, -1, 132, 137, 138, -1,
132, 138, 131, -1, 131, 138, 130, -1, 139, 140, 129, -1, 139, 129, 130, -1,
139, 130, 138, -1, 118, 119, 123, -1, 123, 119, 120, -1, 123, 120, 122, -1,
122, 120, 121, -1, 117, 118, 123, -1, 117, 123, 124, -1, 117, 124, 125, -1,
117, 125, 116, -1, 125, 126, 114, -1, 125, 114, 115, -1, 125, 115, 116, -1,
107, 109, 106, -1, 106, 109, 111, -1, 106, 111, 150, -1, 150, 111, 112, -1,
150, 112, 149, -1, 149, 112, 113, -1, 149, 113, 148, -1, 191, 192, 193, -1,
191, 193, 188, -1, 191, 188, 189, -1, 191, 189, 190, -1, 186, 187, 195, -1,
195, 187, 188, -1, 195, 188, 194, -1, 194, 188, 193, -1, 195, 196, 208, -1,
195, 208, 209, -1, 195, 209, 163, -1, 195, 163, 152, -1, 195, 152, 185, -1,
195, 185, 186, -1, 206, 207, 198, -1, 198, 207, 208, -1, 198, 208, 197, -1,
197, 208, 196, -1, 206, 198, 199, -1, 206, 199, 200, -1, 206, 200, 201, -1,
206, 201, 205, -1, 202, 203, 204, -1, 202, 204, 205, -1, 202, 205, 201, -1,
153, 154, 183, -1, 153, 183, 184, -1, 153, 184, 185, -1, 153, 185, 152, -1,
155, 156, 180, -1, 155, 180, 181, -1, 155, 181, 182, -1, 155, 182, 183, -1,
155, 183, 154, -1, 156, 157, 180, -1, 180, 157, 168, -1, 180, 168, 179, -1,
179, 168, 169, -1, 179, 169, 178, -1, 178, 169, 170, -1, 178, 170, 177, -1,
177, 170, 172, -1, 177, 172, 175, -1, 175, 172, 173, -1, 175, 173, 174, -1,
158, 159, 167, -1, 158, 167, 168, -1, 158, 168, 157, -1, 165, 160, 164, -1,
164, 160, 161, -1, 164, 161, 163, -1, 163, 161, 162, -1, 163, 162, 152, -1,
160, 165, 166, -1, 160, 166, 167, -1, 160, 167, 159, -1, 227, 228, 232, -1,
227, 232, 233, -1, 227, 233, 225, -1, 227, 225, 226, -1, 214, 215, 216, -1,
214, 216, 211, -1, 214, 211, 212, -1, 214, 212, 213, -1, 216, 217, 211, -1,
211, 217, 218, -1, 211, 218, 210, -1, 210, 218, 239, -1, 210, 239, 240, -1,
238, 239, 218, -1, 238, 218, 219, -1, 238, 219, 220, -1, 238, 220, 221, -1,
238, 221, 237, -1, 236, 237, 221, -1, 236, 221, 222, -1, 236, 222, 223, -1,
236, 223, 224, -1, 236, 224, 235, -1, 234, 235, 224, -1, 234, 224, 225, -1,
234, 225, 233, -1, 231, 232, 228, -1, 231, 228, 229, -1, 231, 229, 230, -1,
281, 282, 293, -1, 293, 282, 283, -1, 293, 283, 292, -1, 292, 283, 284, -1,
292, 284, 291, -1, 291, 284, 286, -1, 291, 286, 289, -1, 289, 286, 287, -1,
289, 287, 288, -1, 277, 278, 244, -1, 277, 244, 245, -1, 277, 245, 246, -1,
277, 246, 252, -1, 277, 252, 262, -1, 277, 262, 276, -1, 243, 244, 278, -1,
243, 278, 279, -1, 243, 279, 280, -1, 243, 280, 281, -1, 243, 281, 242, -1,
249, 250, 294, -1, 294, 250, 251, -1, 294, 251, 293, -1, 293, 251, 241, -1,
293, 241, 281, -1, 281, 241, 242, -1, 258, 259, 260, -1, 258, 260, 255, -1,
258, 255, 256, -1, 258, 256, 257, -1, 253, 254, 262, -1, 262, 254, 255, -1,
262, 255, 261, -1, 261, 255, 260, -1, 275, 276, 262, -1, 275, 262, 263, -1,
275, 263, 264, -1, 275, 264, 265, -1, 275, 265, 274, -1, 273, 274, 265, -1,
273, 265, 266, -1, 273, 266, 267, -1, 273, 267, 268, -1, 273, 268, 272, -1,
269, 270, 271, -1, 269, 271, 272, -1, 269, 272, 268, -1, 247, 248, 297, -1,
247, 297, 298, -1, 247, 298, 252, -1, 247, 252, 246, -1, 249, 294, 295, -1,
249, 295, 296, -1, 249, 296, 297, -1, 249, 297, 248, -1, 303, 304, 342, -1,
342, 304, 305, -1, 342, 305, 330, -1, 330, 305, 306, -1, 330, 306, 329, -1,
329, 306, 328, -1, 303, 342, 343, -1, 303, 343, 344, -1, 303, 344, 345, -1,
303, 345, 302, -1, 301, 302, 345, -1, 301, 345, 346, -1, 301, 346, 347, -1,
301, 347, 348, -1, 301, 348, 300, -1, 300, 348, 299, -1, 299, 348, 349, -1,
299, 349, 328, -1, 328, 349, 314, -1, 328, 314, 315, -1, 336, 337, 335, -1,
335, 337, 338, -1, 335, 338, 333, -1, 333, 338, 339, -1, 333, 339, 332, -1,
332, 339, 331, -1, 340, 341, 330, -1, 340, 330, 331, -1, 340, 331, 339, -1,
319, 320, 324, -1, 324, 320, 321, -1, 324, 321, 323, -1, 323, 321, 322, -1,
318, 319, 324, -1, 318, 324, 325, -1, 318, 325, 326, -1, 318, 326, 317, -1,
326, 327, 315, -1, 326, 315, 316, -1, 326, 316, 317, -1, 308, 310, 307, -1,
307, 310, 312, -1, 307, 312, 351, -1, 351, 312, 313, -1, 351, 313, 350, -1,
350, 313, 314, -1, 350, 314, 349, -1, 436, 437, 438, -1, 436, 438, 433, -1,
436, 433, 434, -1, 436, 434, 435, -1, 438, 439, 433, -1, 433, 439, 440, -1,
433, 440, 432, -1, 432, 440, 430, -1, 432, 430, 431, -1, 429, 430, 440, -1,
429, 440, 441, -1, 429, 441, 442, -1, 429, 442, 443, -1, 429, 443, 428, -1,
427, 428, 443, -1, 427, 443, 444, -1, 427, 444, 445, -1, 427, 445, 446, -1,
427, 446, 426, -1, 426, 446, 425, -1, 425, 446, 447, -1, 425, 447, 423, -1,
423, 447, 448, -1, 423, 448, 449, -1, 449, 450, 423, -1, 423, 450, 451, -1,
423, 451, 422, -1, 422, 451, 420, -1, 422, 420, 421, -1, 419, 420, 451, -1,
419, 451, 452, -1, 419, 452, 453, -1, 419, 453, 454, -1, 419, 454, 418, -1,
417, 418, 454, -1, 417, 454, 455, -1, 417, 455, 456, -1, 417, 456, 457, -1,
417, 457, 416, -1, 416, 457, 415, -1, 415, 457, 407, -1, 415, 407, 414, -1,
414, 407, 408, -1, 414, 408, 413, -1, 413, 408, 409, -1, 413, 409, 412, -1,
412, 409, 410, -1, 412, 410, 411, -1, 476, 477, 461, -1, 461, 477, 458, -1,
461, 458, 460, -1, 460, 458, 459, -1, 461, 462, 472, -1, 461, 472, 473, -1,
461, 473, 474, -1, 461, 474, 475, -1, 461, 475, 476, -1, 462, 463, 467, -1,
462, 467, 468, -1, 462, 468, 469, -1, 462, 469, 470, -1, 462, 470, 471, -1,
462, 471, 472, -1, 467, 463, 464, -1, 467, 464, 465, -1, 467, 465, 466, -1,
526, 527, 523, -1, 526, 523, 524, -1, 526, 524, 525, -1, 521, 522, 529, -1,
529, 522, 523, -1, 529, 523, 528, -1, 528, 523, 527, -1, 521, 529, 530, -1,
521, 530, 531, -1, 521, 531, 532, -1, 521, 532, 520, -1, 516, 517, 481, -1,
481, 517, 518, -1, 481, 518, 533, -1, 533, 518, 519, -1, 533, 519, 532, -1,
532, 519, 520, -1, 510, 511, 503, -1, 510, 503, 504, -1, 510, 504, 505, -1,
510, 505, 508, -1, 510, 508, 509, -1, 508, 505, 506, -1, 508, 506, 507, -1,
503, 511, 502, -1, 502, 511, 512, -1, 502, 512, 501, -1, 501, 512, 486, -1,
501, 486, 487, -1, 485, 486, 512, -1, 485, 512, 513, -1, 485, 513, 514, -1,
485, 514, 515, -1, 485, 515, 484, -1, 516, 481, 482, -1, 516, 482, 483, -1,
516, 483, 484, -1, 516, 484, 515, -1, 481, 533, 480, -1, 480, 533, 534, -1,
480, 534, 479, -1, 479, 534, 535, -1, 479, 535, 478, -1, 478, 535, 537, -1,
478, 537, 540, -1, 540, 537, 538, -1, 540, 538, 539, -1, 488, 489, 498, -1,
488, 498, 499, -1, 488, 499, 500, -1, 488, 500, 501, -1, 488, 501, 487, -1,
490, 491, 495, -1, 490, 495, 496, -1, 490, 496, 497, -1, 490, 497, 498, -1,
490, 498, 489, -1, 494, 495, 491, -1, 494, 491, 492, -1, 494, 492, 493, -1,
583, 584, 593, -1, 593, 584, 585, -1, 593, 585, 592, -1, 592, 585, 587, -1,
592, 587, 590, -1, 590, 587, 588, -1, 590, 588, 589, -1, 578, 579, 545, -1,
578, 545, 546, -1, 578, 546, 547, -1, 578, 547, 553, -1, 578, 553, 563, -1,
578, 563, 577, -1, 544, 545, 579, -1, 544, 579, 580, -1, 544, 580, 581, -1,
544, 581, 582, -1, 544, 582, 543, -1, 550, 551, 595, -1, 595, 551, 552, -1,
595, 552, 594, -1, 594, 552, 542, -1, 594, 542, 582, -1, 582, 542, 543, -1,
583, 593, 594, -1, 583, 594, 582, -1, 559, 560, 561, -1, 559, 561, 556, -1,
559, 556, 557, -1, 559, 557, 558, -1, 554, 555, 563, -1, 563, 555, 556, -1,
563, 556, 562, -1, 562, 556, 561, -1, 576, 577, 563, -1, 576, 563, 564, -1,
576, 564, 565, -1, 576, 565, 566, -1, 576, 566, 575, -1, 574, 575, 566, -1,
574, 566, 567, -1, 574, 567, 568, -1, 574, 568, 569, -1, 574, 569, 573, -1,
570, 571, 572, -1, 570, 572, 573, -1, 570, 573, 569, -1, 548, 549, 598, -1,
548, 598, 599, -1, 548, 599, 553, -1, 548, 553, 547, -1, 550, 595, 596, -1,
550, 596, 597, -1, 550, 597, 598, -1, 550, 598, 549, -1, 605, 606, 615, -1,
615, 606, 607, -1, 615, 607, 614, -1, 614, 607, 609, -1, 614, 609, 612, -1,
612, 609, 610, -1, 612, 610, 611, -1, 600, 601, 656, -1, 600, 656, 657, -1,
600, 657, 647, -1, 600, 647, 622, -1, 600, 622, 632, -1, 600, 632, 646, -1,
655, 656, 601, -1, 655, 601, 602, -1, 655, 602, 603, -1, 655, 603, 604, -1,
655, 604, 654, -1, 650, 651, 617, -1, 617, 651, 652, -1, 617, 652, 616, -1,
616, 652, 653, -1, 616, 653, 604, -1, 604, 653, 654, -1, 605, 615, 616, -1,
605, 616, 604, -1, 628, 629, 630, -1, 628, 630, 625, -1, 628, 625, 626, -1,
628, 626, 627, -1, 623, 624, 632, -1, 632, 624, 625, -1, 632, 625, 631, -1,
631, 625, 630, -1, 645, 646, 632, -1, 645, 632, 633, -1, 645, 633, 634, -1,
645, 634, 635, -1, 645, 635, 644, -1, 643, 644, 635, -1, 643, 635, 636, -1,
643, 636, 637, -1, 643, 637, 638, -1, 643, 638, 642, -1, 639, 640, 641, -1,
639, 641, 642, -1, 639, 642, 638, -1, 648, 649, 620, -1, 648, 620, 621, -1,
648, 621, 622, -1, 648, 622, 647, -1, 650, 617, 618, -1, 650, 618, 619, -1,
650, 619, 620, -1, 650, 620, 649, -1, 728, 729, 660, -1, 660, 729, 730, -1,
660, 730, 659, -1, 659, 730, 731, -1, 659, 731, 658, -1, 658, 731, 733, -1,
658, 733, 736, -1, 736, 733, 734, -1, 736, 734, 735, -1, 719, 720, 716, -1,
719, 716, 717, -1, 719, 717, 718, -1, 714, 715, 722, -1, 722, 715, 716, -1,
722, 716, 721, -1, 721, 716, 720, -1, 714, 722, 723, -1, 714, 723, 724, -1,
714, 724, 725, -1, 714, 725, 713, -1, 662, 663, 726, -1, 726, 663, 711, -1,
726, 711, 725, -1, 725, 711, 712, -1, 725, 712, 713, -1, 727, 728, 661, -1,
727, 661, 662, -1, 727, 662, 726, -1, 700, 701, 688, -1, 688, 701, 702, -1,
688, 702, 687, -1, 687, 702, 703, -1, 687, 703, 686, -1, 686, 703, 671, -1,
686, 671, 672, -1, 673, 674, 683, -1, 673, 683, 684, -1, 673, 684, 685, -1,
673, 685, 686, -1, 673, 686, 672, -1, 675, 676, 680, -1, 675, 680, 681, -1,
675, 681, 682, -1, 675, 682, 683, -1, 675, 683, 674, -1, 679, 680, 676, -1,
679, 676, 677, -1, 679, 677, 678, -1, 783, 784, 785, -1, 783, 785, 780, -1,
783, 780, 781, -1, 783, 781, 782, -1, 785, 786, 780, -1, 780, 786, 787, -1,
780, 787, 779, -1, 779, 787, 777, -1, 779, 777, 778, -1, 776, 777, 787, -1,
776, 787, 788, -1, 776, 788, 789, -1, 776, 789, 790, -1, 776, 790, 775, -1,
774, 775, 790, -1, 774, 790, 791, -1, 774, 791, 792, -1, 774, 792, 793, -1,
774, 793, 773, -1, 773, 793, 772, -1, 772, 793, 794, -1, 772, 794, 770, -1,
770, 794, 795, -1, 770, 795, 796, -1, 796, 797, 770, -1, 770, 797, 798, -1,
770, 798, 769, -1, 769, 798, 767, -1, 769, 767, 768, -1, 766, 767, 798, -1,
766, 798, 799, -1, 766, 799, 800, -1, 766, 800, 801, -1, 766, 801, 765, -1,
764, 765, 801, -1, 764, 801, 802, -1, 764, 802, 803, -1, 764, 803, 804, -1,
764, 804, 763, -1, 763, 804, 762, -1, 762, 804, 754, -1, 762, 754, 761, -1,
761, 754, 755, -1, 761, 755, 760, -1, 760, 755, 756, -1, 760, 756, 759, -1,
759, 756, 757, -1, 759, 757, 758, -1, 818, 819, 805, -1, 805, 819, 829, -1,
805, 829, 836, -1, 836, 829, 830, -1, 836, 830, 835, -1, 835, 830, 831, -1,
835, 831, 834, -1, 834, 831, 832, -1, 834, 832, 833, -1, 821, 822, 827, -1,
827, 822, 823, -1, 827, 823, 826, -1, 826, 823, 824, -1, 826, 824, 825, -1,
820, 821, 827, -1, 820, 827, 828, -1, 820, 828, 829, -1, 820, 829, 819, -1,
818, 805, 817, -1, 817, 805, 806, -1, 817, 806, 815, -1, 815, 806, 808, -1,
815, 808, 813, -1, 813, 808, 809, -1, 813, 809, 812, -1, 812, 809, 810, -1,
812, 810, 811, -1, 841, 842, 880, -1, 880, 842, 843, -1, 880, 843, 868, -1,
868, 843, 844, -1, 868, 844, 867, -1, 867, 844, 866, -1, 841, 880, 881, -1,
841, 881, 882, -1, 841, 882, 883, -1, 841, 883, 840, -1, 839, 840, 883, -1,
839, 883, 884, -1, 839, 884, 885, -1, 839, 885, 886, -1, 839, 886, 838, -1,
837, 838, 886, -1, 837, 886, 887, -1, 837, 887, 852, -1, 837, 852, 866, -1,
837, 866, 844, -1, 851, 852, 887, -1, 851, 887, 888, -1, 851, 888, 889, -1,
851, 889, 850, -1, 845, 846, 848, -1, 845, 848, 850, -1, 845, 850, 889, -1,
845, 889, 890, -1, 874, 875, 873, -1, 873, 875, 876, -1, 873, 876, 871, -1,
871, 876, 877, -1, 871, 877, 870, -1, 870, 877, 869, -1, 878, 879, 868, -1,
878, 868, 869, -1, 878, 869, 877, -1, 857, 858, 862, -1, 862, 858, 859, -1,
862, 859, 861, -1, 861, 859, 860, -1, 856, 857, 862, -1, 856, 862, 863, -1,
856, 863, 864, -1, 856, 864, 855, -1, 864, 865, 853, -1, 864, 853, 854, -1,
864, 854, 855, -1, 866, 852, 853, -1, 866, 853, 865, -1, 933, 934, 894, -1,
894, 934, 891, -1, 894, 891, 893, -1, 893, 891, 892, -1, 894, 895, 928, -1,
894, 928, 929, -1, 894, 929, 930, -1, 894, 930, 931, -1, 894, 931, 932, -1,
894, 932, 933, -1, 895, 896, 924, -1, 895, 924, 925, -1, 895, 925, 926, -1,
895, 926, 927, -1, 895, 927, 928, -1, 924, 896, 897, -1, 924, 897, 898, -1,
924, 898, 899, -1, 924, 899, 900, -1, 924, 900, 901, -1, 924, 901, 923, -1,
923, 901, 902, -1, 923, 902, 903, -1, 923, 903, 904, -1, 923, 904, 905, -1,
923, 905, 906, -1, 923, 906, 922, -1, 906, 907, 919, -1, 906, 919, 920, -1,
906, 920, 921, -1, 906, 921, 922, -1, 907, 908, 912, -1, 907, 912, 913, -1,
907, 913, 914, -1, 907, 914, 915, -1, 907, 915, 916, -1, 907, 916, 917, -1,
907, 917, 918, -1, 907, 918, 919, -1, 912, 908, 909, -1, 912, 909, 910, -1,
912, 910, 911, -1, 950, 951, 949, -1, 949, 951, 953, -1, 949, 953, 948, -1,
948, 953, 954, -1, 948, 954, 947, -1, 947, 954, 955, -1, 947, 955, 946, -1,
946, 955, 956, -1, 946, 956, 957, -1, 964, 965, 937, -1, 937, 965, 966, -1,
937, 966, 936, -1, 936, 966, 967, -1, 936, 967, 935, -1, 935, 967, 969, -1,
935, 969, 970, -1, 994, 995, 990, -1, 994, 990, 991, -1, 994, 991, 992, -1,
994, 992, 993, -1, 988, 989, 997, -1, 997, 989, 990, -1, 997, 990, 996, -1,
996, 990, 995, -1, 988, 997, 987, -1, 987, 997, 979, -1, 987, 979, 986, -1,
986, 979, 980, -1, 986, 980, 985, -1, 985, 980, 981, -1, 985, 981, 984, -1,
984, 981, 982, -1, 984, 982, 983, -1, 962, 963, 939, -1, 939, 963, 964, -1,
939, 964, 938, -1, 938, 964, 937, -1, 942, 960, 941, -1, 941, 960, 961, -1,
941, 961, 940, -1, 940, 961, 962, -1, 940, 962, 939, -1, 943, 944, 958, -1,
943, 958, 959, -1, 943, 959, 960, -1, 943, 960, 942, -1, 945, 946, 957, -1,
945, 957, 958, -1, 945, 958, 944, -1, 974, 976, 973, -1, 973, 976, 977, -1,
973, 977, 972, -1, 972, 977, 978, -1, 972, 978, 971, -1, 1048, 1049, 1012, -1,
1012, 1049, 1050, -1, 1012, 1050, 1011, -1, 1011, 1050, 1006, -1, 1011, 1006, 1009, -1,
1009, 1006, 1007, -1, 1009, 1007, 1008, -1, 1584, 1585, 1110, -1, 1110, 1585, 1098, -1,
1110, 1098, 1109, -1, 1109, 1098, 1099, -1, 1109, 1099, 1108, -1, 1108, 1099, 1100, -1,
1108, 1100, 1107, -1, 1107, 1100, 1102, -1, 1107, 1102, 1105, -1, 1105, 1102, 1103, -1,
1105, 1103, 1104, -1, 1154, 1155, 1156, -1, 1154, 1156, 1151, -1, 1154, 1151, 1152, -1,
1154, 1152, 1153, -1, 1149, 1150, 1158, -1, 1158, 1150, 1151, -1, 1158, 1151, 1157, -1,
1157, 1151, 1156, -1, 1158, 1159, 1171, -1, 1158, 1171, 1172, -1, 1158, 1172, 1126, -1,
1158, 1126, 1115, -1, 1158, 1115, 1148, -1, 1158, 1148, 1149, -1, 1169, 1170, 1161, -1,
1161, 1170, 1171, -1, 1161, 1171, 1160, -1, 1160, 1171, 1159, -1, 1169, 1161, 1162, -1,
1169, 1162, 1163, -1, 1169, 1163, 1164, -1, 1169, 1164, 1168, -1, 1165, 1166, 1167, -1,
1165, 1167, 1168, -1, 1165, 1168, 1164, -1, 1116, 1117, 1146, -1, 1116, 1146, 1147, -1,
1116, 1147, 1148, -1, 1116, 1148, 1115, -1, 1118, 1119, 1143, -1, 1118, 1143, 1144, -1,
1118, 1144, 1145, -1, 1118, 1145, 1146, -1, 1118, 1146, 1117, -1, 1119, 1120, 1143, -1,
1143, 1120, 1131, -1, 1143, 1131, 1142, -1, 1142, 1131, 1132, -1, 1142, 1132, 1141, -1,
1141, 1132, 1133, -1, 1141, 1133, 1140, -1, 1140, 1133, 1135, -1, 1140, 1135, 1138, -1,
1138, 1135, 1136, -1, 1138, 1136, 1137, -1, 1121, 1122, 1130, -1, 1121, 1130, 1131, -1,
1121, 1131, 1120, -1, 1128, 1123, 1127, -1, 1127, 1123, 1124, -1, 1127, 1124, 1126, -1,
1126, 1124, 1125, -1, 1126, 1125, 1115, -1, 1123, 1128, 1129, -1, 1123, 1129, 1130, -1,
1123, 1130, 1122, -1, 1218, 1219, 1217, -1, 1217, 1219, 1221, -1, 1217, 1221, 1216, -1,
1216, 1221, 1222, -1, 1216, 1222, 1215, -1, 1215, 1222, 1223, -1, 1215, 1223, 1214, -1,
1214, 1223, 1224, -1, 1214, 1224, 1225, -1, 1232, 1233, 1205, -1, 1205, 1233, 1234, -1,
1205, 1234, 1204, -1, 1204, 1234, 1235, -1, 1204, 1235, 1203, -1, 1203, 1235, 1237, -1,
1203, 1237, 1238, -1, 1230, 1231, 1207, -1, 1207, 1231, 1232, -1, 1207, 1232, 1206, -1,
1206, 1232, 1205, -1, 1210, 1228, 1209, -1, 1209, 1228, 1229, -1, 1209, 1229, 1208, -1,
1208, 1229, 1230, -1, 1208, 1230, 1207, -1, 1211, 1212, 1226, -1, 1211, 1226, 1227, -1,
1211, 1227, 1228, -1, 1211, 1228, 1210, -1, 1213, 1214, 1225, -1, 1213, 1225, 1226, -1,
1213, 1226, 1212, -1, 1242, 1244, 1241, -1, 1241, 1244, 1245, -1, 1241, 1245, 1240, -1,
1240, 1245, 1246, -1, 1240, 1246, 1239, -1, 1285, 1286, 1249, -1, 1249, 1286, 1287, -1,
1249, 1287, 1248, -1, 1248, 1287, 1288, -1, 1248, 1288, 1247, -1, 1247, 1288, 1296, -1,
1247, 1296, 1259, -1, 1288, 1289, 1296, -1, 1296, 1289, 1290, -1, 1296, 1290, 1295, -1,
1295, 1290, 1291, -1, 1295, 1291, 1294, -1, 1294, 1291, 1292, -1, 1294, 1292, 1293, -1,
1278, 1279, 1268, -1, 1268, 1279, 1280, -1, 1268, 1280, 1267, -1, 1267, 1280, 1281, -1,
1267, 1281, 1266, -1, 1266, 1281, 1282, -1, 1266, 1282, 1265, -1, 1265, 1282, 1254, -1,
1265, 1254, 1255, -1, 1256, 1257, 1262, -1, 1256, 1262, 1263, -1, 1256, 1263, 1264, -1,
1256, 1264, 1265, -1, 1256, 1265, 1255, -1, 1258, 1247, 1259, -1, 1258, 1259, 1260, -1,
1258, 1260, 1261, -1, 1258, 1261, 1262, -1, 1258, 1262, 1257, -1, 1315, 1316, 1332, -1,
1315, 1332, 1304, -1, 1315, 1304, 1305, -1, 1315, 1305, 1306, -1, 1315, 1306, 1314, -1,
1306, 1307, 1312, -1, 1306, 1312, 1313, -1, 1306, 1313, 1314, -1, 1308, 1297, 1310, -1,
1308, 1310, 1311, -1, 1308, 1311, 1312, -1, 1308, 1312, 1307, -1, 1310, 1297, 1309, -1,
1309, 1297, 1339, -1, 1309, 1339, 1346, -1, 1346, 1339, 1340, -1, 1346, 1340, 1345, -1,
1345, 1340, 1341, -1, 1345, 1341, 1344, -1, 1344, 1341, 1342, -1, 1344, 1342, 1343, -1,
1277, 1278, 1269, -1, 1277, 1269, 1270, -1, 1277, 1270, 1271, -1, 1277, 1271, 1272, -1,
1277, 1272, 1275, -1, 1277, 1275, 1276, -1, 1275, 1272, 1273, -1, 1275, 1273, 1274, -1,
2677, 2678, 2669, -1, 2677, 2669, 2670, -1, 2677, 2670, 2671, -1, 2677, 2671, 2672, -1,
2677, 2672, 2675, -1, 2677, 2675, 2676, -1, 2675, 2672, 2673, -1, 2675, 2673, 2674, -1,
1327, 1328, 1319, -1, 1327, 1319, 1320, -1, 1327, 1320, 1321, -1, 1327, 1321, 1322, -1,
1327, 1322, 1325, -1, 1327, 1325, 1326, -1, 1325, 1322, 1323, -1, 1325, 1323, 1324, -1,
30, 31, 23, -1, 30, 23, 24, -1, 30, 24, 25, -1, 30, 25, 28, -1,
30, 28, 29, -1, 28, 25, 26, -1, 28, 26, 27, -1, 50, 51, 91, -1,
50, 91, 92, -1, 50, 92, 93, -1, 50, 93, 96, -1, 50, 96, 97, -1,
96, 93, 94, -1, 96, 94, 95, -1, 88, 89, 52, -1, 52, 89, 90, -1,
52, 90, 51, -1, 51, 90, 91, -1, 53, 54, 87, -1, 53, 87, 88, -1,
53, 88, 52, -1, 55, 56, 1402, -1, 55, 1402, 1403, -1, 55, 1403, 1404, -1,
55, 1404, 1405, -1, 55, 1405, 86, -1, 55, 86, 87, -1, 55, 87, 54, -1,
1400, 1401, 58, -1, 58, 1401, 1402, -1, 58, 1402, 57, -1, 57, 1402, 56, -1,
1400, 58, 59, -1, 1400, 59, 60, -1, 1400, 60, 61, -1, 1400, 61, 1399, -1,
79, 1412, 62, -1, 62, 1412, 1397, -1, 62, 1397, 61, -1, 61, 1397, 1398, -1,
61, 1398, 1399, -1, 31, 32, 21, -1, 31, 21, 22, -1, 31, 22, 23, -1,
35, 36, 4, -1, 35, 4, 5, -1, 35, 5, 6, -1, 35, 6, 7, -1,
2, 3, 38, -1, 38, 3, 4, -1, 38, 4, 37, -1, 37, 4, 36, -1,
42, 0, 41, -1, 41, 0, 1, -1, 41, 1, 40, -1, 40, 1, 2, -1,
40, 2, 39, -1, 39, 2, 38, -1, 1319, 1328, 1318, -1, 1318, 1328, 1329, -1,
1318, 1329, 1317, -1, 1317, 1329, 1330, -1, 1317, 1330, 1316, -1, 1316, 1330, 1331, -1,
1316, 1331, 1332, -1, 1332, 1333, 1301, -1, 1332, 1301, 1302, -1, 1332, 1302, 1303, -1,
1332, 1303, 1304, -1, 1299, 1300, 1335, -1, 1335, 1300, 1301, -1, 1335, 1301, 1334, -1,
1334, 1301, 1333, -1, 1339, 1297, 1338, -1, 1338, 1297, 1298, -1, 1338, 1298, 1337, -1,
1337, 1298, 1299, -1, 1337, 1299, 1336, -1, 1336, 1299, 1335, -1, 2668, 2669, 2678, -1,
2668, 2678, 2679, -1, 2668, 2679, 2680, -1, 2668, 2680, 2667, -1, 2654, 2665, 2682, -1,
2682, 2665, 2666, -1, 2682, 2666, 2681, -1, 2681, 2666, 2667, -1, 2681, 2667, 2680, -1,
2682, 2683, 2651, -1, 2682, 2651, 2652, -1, 2682, 2652, 2653, -1, 2682, 2653, 2654, -1,
2649, 2650, 2685, -1, 2685, 2650, 2651, -1, 2685, 2651, 2684, -1, 2684, 2651, 2683, -1,
2685, 2686, 2649, -1, 2649, 2686, 2687, -1, 2649, 2687, 2648, -1, 2648, 2687, 2688, -1,
2648, 2688, 2647, -1, 2647, 2688, 2696, -1, 2647, 2696, 2659, -1, 1282, 1283, 1251, -1,
1282, 1251, 1252, -1, 1282, 1252, 1253, -1, 1282, 1253, 1254, -1, 1249, 1250, 1285, -1,
1285, 1250, 1251, -1, 1285, 1251, 1284, -1, 1284, 1251, 1283, -1, 1368, 1369, 1378, -1,
1378, 1369, 1370, -1, 1378, 1370, 1377, -1, 1377, 1370, 1372, -1, 1377, 1372, 1375, -1,
1375, 1372, 1373, -1, 1375, 1373, 1374, -1, 1389, 1390, 1395, -1, 1395, 1390, 1391, -1,
1395, 1391, 1394, -1, 1394, 1391, 1392, -1, 1394, 1392, 1393, -1, 1395, 1396, 1359, -1,
1395, 1359, 1347, -1, 1395, 1347, 1388, -1, 1395, 1388, 1389, -1, 1348, 1349, 1386, -1,
1348, 1386, 1387, -1, 1348, 1387, 1388, -1, 1348, 1388, 1347, -1, 1350, 1351, 1383, -1,
1350, 1383, 1384, -1, 1350, 1384, 1385, -1, 1350, 1385, 1386, -1, 1350, 1386, 1349, -1,
1364, 1365, 1354, -1, 1354, 1365, 1382, -1, 1354, 1382, 1353, -1, 1353, 1382, 1383, -1,
1353, 1383, 1352, -1, 1352, 1383, 1351, -1, 1357, 1358, 1361, -1, 1361, 1358, 1347, -1,
1361, 1347, 1360, -1, 1360, 1347, 1359, -1, 1357, 1361, 1362, -1, 1357, 1362, 1363, -1,
1357, 1363, 1364, -1, 1357, 1364, 1356, -1, 1364, 1354, 1355, -1, 1364, 1355, 1356, -1,
1379, 1380, 1367, -1, 1367, 1380, 1381, -1, 1367, 1381, 1366, -1, 1366, 1381, 1382, -1,
1366, 1382, 1365, -1, 1368, 1378, 1379, -1, 1368, 1379, 1367, -1, 84, 85, 1407, -1,
1407, 85, 86, -1, 1407, 86, 1406, -1, 1406, 86, 1405, -1, 83, 84, 1407, -1,
83, 1407, 1408, -1, 83, 1408, 1409, -1, 83, 1409, 82, -1, 1409, 1410, 80, -1,
1409, 80, 81, -1, 1409, 81, 82, -1, 80, 1410, 1411, -1, 80, 1411, 1412, -1,
80, 1412, 79, -1, 63, 77, 78, -1, 63, 78, 79, -1, 63, 79, 62, -1,
1428, 1429, 1424, -1, 1428, 1424, 1425, -1, 1428, 1425, 1426, -1, 1428, 1426, 1427, -1,
1422, 1423, 1431, -1, 1431, 1423, 1424, -1, 1431, 1424, 1430, -1, 1430, 1424, 1429, -1,
1422, 1431, 1421, -1, 1421, 1431, 1413, -1, 1421, 1413, 1420, -1, 1420, 1413, 1414, -1,
1420, 1414, 1419, -1, 1419, 1414, 1415, -1, 1419, 1415, 1418, -1, 1418, 1415, 1416, -1,
1418, 1416, 1417, -1, 1435, 1436, 1445, -1, 1445, 1436, 1437, -1, 1445, 1437, 1444, -1,
1444, 1437, 1439, -1, 1444, 1439, 1442, -1, 1442, 1439, 1440, -1, 1442, 1440, 1441, -1,
1456, 1457, 1462, -1, 1462, 1457, 1458, -1, 1462, 1458, 1461, -1, 1461, 1458, 1459, -1,
1461, 1459, 1460, -1, 1462, 1463, 1464, -1, 1462, 1464, 1475, -1, 1462, 1475, 1455, -1,
1462, 1455, 1456, -1, 1476, 1477, 1453, -1, 1476, 1453, 1454, -1, 1476, 1454, 1455, -1,
1476, 1455, 1475, -1, 1478, 1479, 1450, -1, 1478, 1450, 1451, -1, 1478, 1451, 1452, -1,
1478, 1452, 1453, -1, 1478, 1453, 1477, -1, 1479, 1480, 1450, -1, 1450, 1480, 1481, -1,
1450, 1481, 1449, -1, 1449, 1481, 1432, -1, 1449, 1432, 1433, -1, 1470, 1471, 1469, -1,
1470, 1469, 1432, -1, 1470, 1432, 1481, -1, 1446, 1447, 1434, -1, 1434, 1447, 1448, -1,
1434, 1448, 1433, -1, 1433, 1448, 1449, -1, 1435, 1445, 1446, -1, 1435, 1446, 1434, -1,
1473, 1474, 1466, -1, 1466, 1474, 1475, -1, 1466, 1475, 1465, -1, 1465, 1475, 1464, -1,
1473, 1466, 1467, -1, 1473, 1467, 1468, -1, 1473, 1468, 1469, -1, 1473, 1469, 1472, -1,
1486, 1487, 1488, -1, 1486, 1488, 1483, -1, 1486, 1483, 1484, -1, 1486, 1484, 1485, -1,
1488, 1489, 1483, -1, 1483, 1489, 1490, -1, 1483, 1490, 1482, -1, 1482, 1490, 1511, -1,
1482, 1511, 1512, -1, 1510, 1511, 1490, -1, 1510, 1490, 1491, -1, 1510, 1491, 1492, -1,
1510, 1492, 1493, -1, 1510, 1493, 1509, -1, 1508, 1509, 1493, -1, 1508, 1493, 1494, -1,
1508, 1494, 1495, -1, 1508, 1495, 1496, -1, 1508, 1496, 1507, -1, 1507, 1496, 1506, -1,
1506, 1496, 1497, -1, 1506, 1497, 1505, -1, 1505, 1497, 1498, -1, 1505, 1498, 1499, -1,
1505, 1499, 1504, -1, 1504, 1499, 1500, -1, 1504, 1500, 1503, -1, 1503, 1500, 1501, -1,
1503, 1501, 1502, -1, 1528, 1529, 1524, -1, 1528, 1524, 1525, -1, 1528, 1525, 1526, -1,
1528, 1526, 1527, -1, 1522, 1523, 1531, -1, 1531, 1523, 1524, -1, 1531, 1524, 1530, -1,
1530, 1524, 1529, -1, 1522, 1531, 1521, -1, 1521, 1531, 1513, -1, 1521, 1513, 1520, -1,
1520, 1513, 1514, -1, 1520, 1514, 1519, -1, 1519, 1514, 1515, -1, 1519, 1515, 1518, -1,
1518, 1515, 1516, -1, 1518, 1516, 1517, -1, 1544, 1545, 1560, -1, 1560, 1545, 1546, -1,
1560, 1546, 1559, -1, 1559, 1546, 1547, -1, 1559, 1547, 1558, -1, 1558, 1547, 1548, -1,
1558, 1548, 1557, -1, 1557, 1548, 1549, -1, 1557, 1549, 1556, -1, 1556, 1549, 1551, -1,
1556, 1551, 1554, -1, 1554, 1551, 1552, -1, 1554, 1552, 1553, -1, 1534, 1535, 1570, -1,
1570, 1535, 1536, -1, 1570, 1536, 1569, -1, 1569, 1536, 1537, -1, 1569, 1537, 1568, -1,
1568, 1537, 1060, -1, 1568, 1060, 1061, -1, 1062, 1063, 1565, -1, 1062, 1565, 1566, -1,
1062, 1566, 1567, -1, 1062, 1567, 1568, -1, 1062, 1568, 1061, -1, 1064, 1065, 1562, -1,
1064, 1562, 1563, -1, 1064, 1563, 1564, -1, 1064, 1564, 1565, -1, 1064, 1565, 1063, -1,
1543, 1544, 1052, -1, 1052, 1544, 1561, -1, 1052, 1561, 1067, -1, 1067, 1561, 1562, -1,
1067, 1562, 1066, -1, 1066, 1562, 1065, -1, 1093, 1094, 1589, -1, 1093, 1589, 1590, -1,
1093, 1590, 1580, -1, 1093, 1580, 1068, -1, 1093, 1068, 1078, -1, 1093, 1078, 1092, -1,
1588, 1589, 1094, -1, 1588, 1094, 1095, -1, 1588, 1095, 1096, -1, 1588, 1096, 1097, -1,
1588, 1097, 1587, -1, 1586, 1587, 1097, -1, 1586, 1097, 1098, -1, 1586, 1098, 1585, -1,
1074, 1075, 1076, -1, 1074, 1076, 1071, -1, 1074, 1071, 1072, -1, 1074, 1072, 1073, -1,
1069, 1070, 1078, -1, 1078, 1070, 1071, -1, 1078, 1071, 1077, -1, 1077, 1071, 1076, -1,
1091, 1092, 1078, -1, 1091, 1078, 1079, -1, 1091, 1079, 1080, -1, 1091, 1080, 1081, -1,
1091, 1081, 1090, -1, 1089, 1090, 1081, -1, 1089, 1081, 1082, -1, 1089, 1082, 1083, -1,
1089, 1083, 1084, -1, 1089, 1084, 1088, -1, 1085, 1086, 1087, -1, 1085, 1087, 1088, -1,
1085, 1088, 1084, -1, 1581, 1582, 1113, -1, 1581, 1113, 1114, -1, 1581, 1114, 1068, -1,
1581, 1068, 1580, -1, 1583, 1584, 1110, -1, 1583, 1110, 1111, -1, 1583, 1111, 1112, -1,
1583, 1112, 1113, -1, 1583, 1113, 1582, -1, 1591, 1592, 1597, -1, 1591, 1597, 1598, -1,
1591, 1598, 1599, -1, 1591, 1599, 1605, -1, 1591, 1605, 1606, -1, 1657, 1658, 1663, -1,
1657, 1663, 1664, -1, 1657, 1664, 1665, -1, 1657, 1665, 1671, -1, 1657, 1671, 1672, -1,
2642, 2643, 2631, -1, 2631, 2643, 2644, -1, 2631, 2644, 2646, -1, 2646, 2644, 2645, -1,
2633, 2639, 2632, -1, 2632, 2639, 2640, -1, 2632, 2640, 2631, -1, 2631, 2640, 2641, -1,
2631, 2641, 2642, -1, 2633, 2634, 2639, -1, 2639, 2634, 2635, -1, 2639, 2635, 2638, -1,
2638, 2635, 2636, -1, 2638, 2636, 2637, -1, 1669, 1670, 1666, -1, 1669, 1666, 1667, -1,
1669, 1667, 1668, -1, 1671, 1665, 1666, -1, 1671, 1666, 1670, -1, 1661, 1662, 1663, -1,
1661, 1663, 1658, -1, 1661, 1658, 1659, -1, 1661, 1659, 1660, -1, 1603, 1604, 1600, -1,
1603, 1600, 1601, -1, 1603, 1601, 1602, -1, 1605, 1599, 1600, -1, 1605, 1600, 1604, -1,
1595, 1596, 1597, -1, 1595, 1597, 1592, -1, 1595, 1592, 1593, -1, 1595, 1593, 1594, -1,
1608, 1609, 1622, -1, 1622, 1609, 1610, -1, 1622, 1610, 1621, -1, 1621, 1610, 1611, -1,
1621, 1611, 1620, -1, 1620, 1611, 1612, -1, 1620, 1612, 1619, -1, 1619, 1612, 1614, -1,
1619, 1614, 1617, -1, 1617, 1614, 1615, -1, 1617, 1615, 1616, -1, 1631, 1632, 1637, -1,
1637, 1632, 1633, -1, 1637, 1633, 1636, -1, 1636, 1633, 1634, -1, 1636, 1634, 1635, -1,
1637, 1638, 1639, -1, 1637, 1639, 1650, -1, 1637, 1650, 1630, -1, 1637, 1630, 1631, -1,
1651, 1652, 1628, -1, 1651, 1628, 1629, -1, 1651, 1629, 1630, -1, 1651, 1630, 1650, -1,
1653, 1654, 1625, -1, 1653, 1625, 1626, -1, 1653, 1626, 1627, -1, 1653, 1627, 1628, -1,
1653, 1628, 1652, -1, 1654, 1655, 1625, -1, 1625, 1655, 1656, -1, 1625, 1656, 1624, -1,
1624, 1656, 1607, -1, 1624, 1607, 1623, -1, 1623, 1607, 1608, -1, 1623, 1608, 1622, -1,
1645, 1646, 1644, -1, 1645, 1644, 1607, -1, 1645, 1607, 1656, -1, 1648, 1649, 1641, -1,
1641, 1649, 1650, -1, 1641, 1650, 1640, -1, 1640, 1650, 1639, -1, 1648, 1641, 1642, -1,
1648, 1642, 1643, -1, 1648, 1643, 1644, -1, 1648, 1644, 1647, -1, 1725, 1726, 1739, -1,
1739, 1726, 1727, -1, 1739, 1727, 1738, -1, 1738, 1727, 1728, -1, 1738, 1728, 1737, -1,
1737, 1728, 1729, -1, 1737, 1729, 1736, -1, 1736, 1729, 1731, -1, 1736, 1731, 1734, -1,
1734, 1731, 1732, -1, 1734, 1732, 1733, -1, 1748, 1749, 1754, -1, 1754, 1749, 1750, -1,
1754, 1750, 1753, -1, 1753, 1750, 1751, -1, 1753, 1751, 1752, -1, 1754, 1755, 1756, -1,
1754, 1756, 1767, -1, 1754, 1767, 1747, -1, 1754, 1747, 1748, -1, 1768, 1769, 1745, -1,
1768, 1745, 1746, -1, 1768, 1746, 1747, -1, 1768, 1747, 1767, -1, 1770, 1771, 1742, -1,
1770, 1742, 1743, -1, 1770, 1743, 1744, -1, 1770, 1744, 1745, -1, 1770, 1745, 1769, -1,
1771, 1772, 1742, -1, 1742, 1772, 1773, -1, 1742, 1773, 1741, -1, 1741, 1773, 1724, -1,
1741, 1724, 1725, -1, 1762, 1763, 1761, -1, 1762, 1761, 1724, -1, 1762, 1724, 1773, -1,
1725, 1739, 1740, -1, 1725, 1740, 1741, -1, 1765, 1766, 1758, -1, 1758, 1766, 1767, -1,
1758, 1767, 1757, -1, 1757, 1767, 1756, -1, 1765, 1758, 1759, -1, 1765, 1759, 1760, -1,
1765, 1760, 1761, -1, 1765, 1761, 1764, -1, 1836, 1837, 1833, -1, 1836, 1833, 1834, -1,
1836, 1834, 1835, -1, 1831, 1832, 1839, -1, 1839, 1832, 1833, -1, 1839, 1833, 1838, -1,
1838, 1833, 1837, -1, 1831, 1839, 1840, -1, 1831, 1840, 1841, -1, 1831, 1841, 1842, -1,
1831, 1842, 1830, -1, 1843, 1844, 1829, -1, 1843, 1829, 1830, -1, 1843, 1830, 1842, -1,
1845, 1774, 1827, -1, 1845, 1827, 1828, -1, 1845, 1828, 1829, -1, 1845, 1829, 1844, -1,
1810, 1804, 1809, -1, 1809, 1804, 1805, -1, 1809, 1805, 1808, -1, 1808, 1805, 1806, -1,
1808, 1806, 1807, -1, 1801, 1802, 1813, -1, 1813, 1802, 1803, -1, 1813, 1803, 1812, -1,
1812, 1803, 1804, -1, 1812, 1804, 1811, -1, 1811, 1804, 1810, -1, 1801, 1813, 1818, -1,
1818, 1813, 1814, -1, 1818, 1814, 1817, -1, 1817, 1814, 1815, -1, 1817, 1815, 1816, -1,
1799, 1800, 1820, -1, 1820, 1800, 1801, -1, 1820, 1801, 1819, -1, 1819, 1801, 1818, -1,
1798, 1799, 1820, -1, 1798, 1820, 1821, -1, 1798, 1821, 1822, -1, 1798, 1822, 1797, -1,
1792, 1793, 1824, -1, 1824, 1793, 1794, -1, 1824, 1794, 1823, -1, 1823, 1794, 1795, -1,
1823, 1795, 1822, -1, 1822, 1795, 1796, -1, 1822, 1796, 1797, -1, 1824, 1825, 1792, -1,
1792, 1825, 1826, -1, 1792, 1826, 1791, -1, 1791, 1826, 1774, -1, 1791, 1774, 1775, -1,
1777, 1778, 1776, -1, 1776, 1778, 1789, -1, 1776, 1789, 1775, -1, 1775, 1789, 1790, -1,
1775, 1790, 1791, -1, 1789, 1778, 1787, -1, 1787, 1778, 1779, -1, 1787, 1779, 1786, -1,
1786, 1779, 1781, -1, 1786, 1781, 1784, -1, 1784, 1781, 1782, -1, 1784, 1782, 1783, -1,
1847, 1848, 1862, -1, 1847, 1862, 1863, -1, 1847, 1863, 1864, -1, 1847, 1864, 1846, -1,
1860, 1861, 1850, -1, 1850, 1861, 1862, -1, 1850, 1862, 1849, -1, 1849, 1862, 1848, -1,
1860, 1850, 1859, -1, 1859, 1850, 1851, -1, 1859, 1851, 1858, -1, 1858, 1851, 1852, -1,
1858, 1852, 1857, -1, 1857, 1852, 1853, -1, 1857, 1853, 1856, -1, 1856, 1853, 1854, -1,
1856, 1854, 1855, -1, 1904, 1905, 1906, -1, 1904, 1906, 1901, -1, 1904, 1901, 1902, -1,
1904, 1902, 1903, -1, 1899, 1900, 1908, -1, 1908, 1900, 1901, -1, 1908, 1901, 1907, -1,
1907, 1901, 1906, -1, 1908, 1909, 1921, -1, 1908, 1921, 1922, -1, 1908, 1922, 1876, -1,
1908, 1876, 1865, -1, 1908, 1865, 1898, -1, 1908, 1898, 1899, -1, 1919, 1920, 1911, -1,
1911, 1920, 1921, -1, 1911, 1921, 1910, -1, 1910, 1921, 1909, -1, 1919, 1911, 1912, -1,
1919, 1912, 1913, -1, 1919, 1913, 1914, -1, 1919, 1914, 1918, -1, 1915, 1916, 1917, -1,
1915, 1917, 1918, -1, 1915, 1918, 1914, -1, 1866, 1867, 1896, -1, 1866, 1896, 1897, -1,
1866, 1897, 1898, -1, 1866, 1898, 1865, -1, 1868, 1869, 1893, -1, 1868, 1893, 1894, -1,
1868, 1894, 1895, -1, 1868, 1895, 1896, -1, 1868, 1896, 1867, -1, 1869, 1870, 1893, -1,
1893, 1870, 1881, -1, 1893, 1881, 1892, -1, 1892, 1881, 1882, -1, 1892, 1882, 1891, -1,
1891, 1882, 1883, -1, 1891, 1883, 1890, -1, 1890, 1883, 1885, -1, 1890, 1885, 1888, -1,
1888, 1885, 1886, -1, 1888, 1886, 1887, -1, 1871, 1872, 1880, -1, 1871, 1880, 1881, -1,
1871, 1881, 1870, -1, 1878, 1873, 1877, -1, 1877, 1873, 1874, -1, 1877, 1874, 1876, -1,
1876, 1874, 1875, -1, 1876, 1875, 1865, -1, 1873, 1878, 1879, -1, 1873, 1879, 1880, -1,
1873, 1880, 1872, -1, 1938, 1939, 1944, -1, 1938, 1944, 1945, -1, 1938, 1945, 1946, -1,
1938, 1946, 1936, -1, 1938, 1936, 1937, -1, 1923, 1924, 1929, -1, 1929, 1924, 1925, -1,
1929, 1925, 1928, -1, 1928, 1925, 1926, -1, 1928, 1926, 1927, -1, 1951, 1952, 1932, -1,
1932, 1952, 1923, -1, 1932, 1923, 1931, -1, 1931, 1923, 1929, -1, 1931, 1929, 1930, -1,
1950, 1951, 1932, -1, 1950, 1932, 1933, -1, 1950, 1933, 1934, -1, 1950, 1934, 1949, -1,
1934, 1935, 1947, -1, 1934, 1947, 1948, -1, 1934, 1948, 1949, -1, 1936, 1946, 1947, -1,
1936, 1947, 1935, -1, 1942, 1943, 1944, -1, 1942, 1944, 1939, -1, 1942, 1939, 1940, -1,
1942, 1940, 1941, -1, 1957, 1958, 1959, -1, 1957, 1959, 1954, -1, 1957, 1954, 1955, -1,
1957, 1955, 1956, -1, 1959, 1960, 1954, -1, 1954, 1960, 1961, -1, 1954, 1961, 1953, -1,
1953, 1961, 1982, -1, 1953, 1982, 1983, -1, 1981, 1982, 1961, -1, 1981, 1961, 1962, -1,
1981, 1962, 1963, -1, 1981, 1963, 1964, -1, 1981, 1964, 1980, -1, 1979, 1980, 1964, -1,
1979, 1964, 1965, -1, 1979, 1965, 1966, -1, 1979, 1966, 1967, -1, 1979, 1967, 1978, -1,
1978, 1967, 1977, -1, 1977, 1967, 1968, -1, 1977, 1968, 1976, -1, 1976, 1968, 1969, -1,
1976, 1969, 1970, -1, 1976, 1970, 1975, -1, 1975, 1970, 1971, -1, 1975, 1971, 1974, -1,
1974, 1971, 1972, -1, 1974, 1972, 1973, -1, 2027, 2028, 1989, -1, 2027, 1989, 1990, -1,
2027, 1990, 1991, -1, 2027, 1991, 2015, -1, 2027, 2015, 2026, -1, 1987, 1988, 2030, -1,
2030, 1988, 1989, -1, 2030, 1989, 2029, -1, 2029, 1989, 2028, -1, 1987, 2030, 2031, -1,
1987, 2031, 2032, -1, 1987, 2032, 2033, -1, 1987, 2033, 1986, -1, 1986, 2033, 1985, -1,
1985, 2033, 2034, -1, 1985, 2034, 1984, -1, 1984, 2034, 2013, -1, 1984, 2013, 2014, -1,
2021, 2022, 2020, -1, 2020, 2022, 2023, -1, 2020, 2023, 2018, -1, 2018, 2023, 2024, -1,
2018, 2024, 2017, -1, 2017, 2024, 2016, -1, 2025, 2026, 2015, -1, 2025, 2015, 2016, -1,
2025, 2016, 2024, -1, 1991, 1984, 2014, -1, 1991, 2014, 2015, -1, 2004, 2005, 2009, -1,
2009, 2005, 2006, -1, 2009, 2006, 2008, -1, 2008, 2006, 2007, -1, 2003, 2004, 2009, -1,
2003, 2009, 2010, -1, 2003, 2010, 2011, -1, 2003, 2011, 2002, -1, 2011, 2012, 2000, -1,
2011, 2000, 2001, -1, 2011, 2001, 2002, -1, 2013, 2034, 1999, -1, 2013, 1999, 2000, -1,
2013, 2000, 2012, -1, 1993, 1995, 1992, -1, 1992, 1995, 1997, -1, 1992, 1997, 2036, -1,
2036, 1997, 1998, -1, 2036, 1998, 2035, -1, 2035, 1998, 1999, -1, 2035, 1999, 2034, -1,
2053, 2054, 2052, -1, 2052, 2054, 2056, -1, 2052, 2056, 2051, -1, 2051, 2056, 2057, -1,
2051, 2057, 2050, -1, 2050, 2057, 2058, -1, 2050, 2058, 2049, -1, 2049, 2058, 2059, -1,
2049, 2059, 2060, -1, 2067, 2068, 2040, -1, 2040, 2068, 2069, -1, 2040, 2069, 2039, -1,
2039, 2069, 2070, -1, 2039, 2070, 2038, -1, 2038, 2070, 2072, -1, 2038, 2072, 2073, -1,
2111, 2112, 2108, -1, 2111, 2108, 2109, -1, 2111, 2109, 2110, -1, 2106, 2107, 2114, -1,
2114, 2107, 2108, -1, 2114, 2108, 2113, -1, 2113, 2108, 2112, -1, 2106, 2114, 2115, -1,
2106, 2115, 2116, -1, 2106, 2116, 2117, -1, 2106, 2117, 2105, -1, 2087, 2102, 2118, -1,
2118, 2102, 2103, -1, 2118, 2103, 2117, -1, 2117, 2103, 2104, -1, 2117, 2104, 2105, -1,
2166, 2168, 2165, -1, 2165, 2168, 2170, -1, 2165, 2170, 2163, -1, 2163, 2170, 2171, -1,
2163, 2171, 2162, -1, 2162, 2171, 2172, -1, 2162, 2172, 2161, -1, 2161, 2172, 2173, -1,
2161, 2173, 2160, -1, 2160, 2173, 2174, -1, 2160, 2174, 2159, -1, 2159, 2174, 2175, -1,
2159, 2175, 2158, -1, 2158, 2175, 2145, -1, 2158, 2145, 2130, -1, 2092, 2093, 2097, -1,
2097, 2093, 2094, -1, 2097, 2094, 2096, -1, 2096, 2094, 2095, -1, 2091, 2092, 2097, -1,
2091, 2097, 2098, -1, 2091, 2098, 2099, -1, 2091, 2099, 2090, -1, 2099, 2100, 2088, -1,
2099, 2088, 2089, -1, 2099, 2089, 2090, -1, 2088, 2100, 2101, -1, 2088, 2101, 2102, -1,
2088, 2102, 2087, -1, 2126, 2128, 2125, -1, 2125, 2128, 2082, -1, 2125, 2082, 2123, -1,
2123, 2082, 2083, -1, 2123, 2083, 2122, -1, 2122, 2083, 2084, -1, 2122, 2084, 2121, -1,
2121, 2084, 2085, -1, 2121, 2085, 2120, -1, 2120, 2085, 2086, -1, 2120, 2086, 2119, -1,
2119, 2086, 2087, -1, 2119, 2087, 2118, -1, 2065, 2066, 2042, -1, 2042, 2066, 2067, -1,
2042, 2067, 2041, -1, 2041, 2067, 2040, -1, 2045, 2063, 2044, -1, 2044, 2063, 2064, -1,
2044, 2064, 2043, -1, 2043, 2064, 2065, -1, 2043, 2065, 2042, -1, 2046, 2047, 2061, -1,
2046, 2061, 2062, -1, 2046, 2062, 2063, -1, 2046, 2063, 2045, -1, 2048, 2049, 2060, -1,
2048, 2060, 2061, -1, 2048, 2061, 2047, -1, 2077, 2079, 2076, -1, 2076, 2079, 2080, -1,
2076, 2080, 2075, -1, 2075, 2080, 2081, -1, 2075, 2081, 2074, -1, 2188, 2146, 2187, -1,
2187, 2146, 2147, -1, 2187, 2147, 2186, -1, 2186, 2147, 2148, -1, 2186, 2148, 2185, -1,
2185, 2148, 2149, -1, 2185, 2149, 2184, -1, 2184, 2149, 2150, -1, 2184, 2150, 2183, -1,
2183, 2150, 2151, -1, 2183, 2151, 2182, -1, 2182, 2151, 2138, -1, 2182, 2138, 2139, -1,
2140, 2141, 2179, -1, 2140, 2179, 2180, -1, 2140, 2180, 2181, -1, 2140, 2181, 2182, -1,
2140, 2182, 2139, -1, 2142, 2143, 2176, -1, 2142, 2176, 2177, -1, 2142, 2177, 2178, -1,
2142, 2178, 2179, -1, 2142, 2179, 2141, -1, 2176, 2143, 2144, -1, 2176, 2144, 2145, -1,
2176, 2145, 2175, -1, 2213, 2214, 2215, -1, 2213, 2215, 2210, -1, 2213, 2210, 2211, -1,
2213, 2211, 2212, -1, 2215, 2216, 2210, -1, 2210, 2216, 2217, -1, 2210, 2217, 2209, -1,
2209, 2217, 2207, -1, 2209, 2207, 2208, -1, 2206, 2207, 2217, -1, 2206, 2217, 2218, -1,
2206, 2218, 2219, -1, 2206, 2219, 2220, -1, 2206, 2220, 2205, -1, 2204, 2205, 2220, -1,
2204, 2220, 2221, -1, 2204, 2221, 2222, -1, 2204, 2222, 2223, -1, 2204, 2223, 2203, -1,
2203, 2223, 2202, -1, 2202, 2223, 2194, -1, 2202, 2194, 2201, -1, 2201, 2194, 2195, -1,
2201, 2195, 2200, -1, 2200, 2195, 2196, -1, 2200, 2196, 2199, -1, 2199, 2196, 2197, -1,
2199, 2197, 2198, -1, 3787, 3788, 3827, -1, 3787, 3827, 3828, -1, 3787, 3828, 3829, -1,
3787, 3829, 3830, -1, 3787, 3830, 3833, -1, 3787, 3833, 3834, -1, 3833, 3830, 3831, -1,
3833, 3831, 3832, -1, 3827, 3788, 3826, -1, 3826, 3788, 3789, -1, 3826, 3789, 3825, -1,
3825, 3789, 3790, -1, 3825, 3790, 3791, -1, 3825, 3791, 3824, -1, 3824, 3791, 3792, -1,
3824, 3792, 3823, -1, 3823, 3792, 746, -1, 3823, 746, 747, -1, 3792, 3793, 743, -1,
3792, 743, 744, -1, 3792, 744, 745, -1, 3792, 745, 746, -1, 741, 742, 3795, -1,
3795, 742, 743, -1, 3795, 743, 3794, -1, 3794, 743, 3793, -1, 741, 3795, 3796, -1,
741, 3796, 3797, -1, 741, 3797, 3798, -1, 741, 3798, 740, -1, 3815, 3816, 3799, -1,
3799, 3816, 738, -1, 3799, 738, 3798, -1, 3798, 738, 739, -1, 3798, 739, 740, -1,
3799, 3800, 3815, -1, 3815, 3800, 3801, -1, 3815, 3801, 3814, -1, 3814, 3801, 3802, -1,
3814, 3802, 3813, -1, 3813, 3802, 3803, -1, 3813, 3803, 3812, -1, 3812, 3803, 3804, -1,
3812, 3804, 3811, -1, 3811, 3804, 3806, -1, 3811, 3806, 3809, -1, 3809, 3806, 3807, -1,
3809, 3807, 3808, -1, 2228, 2229, 2230, -1, 2228, 2230, 2225, -1, 2228, 2225, 2226, -1,
2228, 2226, 2227, -1, 2230, 2231, 2225, -1, 2225, 2231, 2232, -1, 2225, 2232, 2224, -1,
2224, 2232, 2253, -1, 2224, 2253, 2254, -1, 2252, 2253, 2232, -1, 2252, 2232, 2233, -1,
2252, 2233, 2234, -1, 2252, 2234, 2235, -1, 2252, 2235, 2251, -1, 2250, 2251, 2235, -1,
2250, 2235, 2236, -1, 2250, 2236, 2237, -1, 2250, 2237, 2238, -1, 2250, 2238, 2249, -1,
2249, 2238, 2248, -1, 2248, 2238, 2239, -1, 2248, 2239, 2247, -1, 2247, 2239, 2240, -1,
2247, 2240, 2241, -1, 2247, 2241, 2246, -1, 2246, 2241, 2242, -1, 2246, 2242, 2245, -1,
2245, 2242, 2243, -1, 2245, 2243, 2244, -1, 2262, 2255, 2284, -1, 2284, 2255, 2305, -1,
2284, 2305, 2270, -1, 2270, 2305, 2306, -1, 2270, 2306, 2269, -1, 2269, 2306, 2307, -1,
2269, 2307, 2268, -1, 2268, 2307, 2263, -1, 2268, 2263, 2266, -1, 2266, 2263, 2264, -1,
2266, 2264, 2265, -1, 2338, 2339, 2340, -1, 2338, 2340, 2335, -1, 2338, 2335, 2336, -1,
2338, 2336, 2337, -1, 2340, 2341, 2335, -1, 2335, 2341, 2342, -1, 2335, 2342, 2334, -1,
2334, 2342, 2332, -1, 2334, 2332, 2333, -1, 2331, 2332, 2342, -1, 2331, 2342, 2343, -1,
2331, 2343, 2344, -1, 2331, 2344, 2345, -1, 2331, 2345, 2330, -1, 2329, 2330, 2345, -1,
2329, 2345, 2346, -1, 2329, 2346, 2347, -1, 2329, 2347, 2348, -1, 2329, 2348, 2328, -1,
2328, 2348, 2327, -1, 2327, 2348, 2349, -1, 2327, 2349, 2325, -1, 2325, 2349, 2350, -1,
2325, 2350, 2351, -1, 2351, 2352, 2325, -1, 2325, 2352, 2353, -1, 2325, 2353, 2324, -1,
2324, 2353, 2322, -1, 2324, 2322, 2323, -1, 2321, 2322, 2353, -1, 2321, 2353, 2354, -1,
2321, 2354, 2355, -1, 2321, 2355, 2356, -1, 2321, 2356, 2320, -1, 2319, 2320, 2356, -1,
2319, 2356, 2357, -1, 2319, 2357, 2358, -1, 2319, 2358, 2359, -1, 2319, 2359, 2318, -1,
2318, 2359, 2317, -1, 2317, 2359, 2309, -1, 2317, 2309, 2316, -1, 2316, 2309, 2310, -1,
2316, 2310, 2315, -1, 2315, 2310, 2311, -1, 2315, 2311, 2314, -1, 2314, 2311, 2312, -1,
2314, 2312, 2313, -1, 2364, 2365, 2369, -1, 2364, 2369, 2360, -1, 2364, 2360, 2361, -1,
2364, 2361, 2362, -1, 2364, 2362, 2363, -1, 2360, 2369, 2370, -1, 2360, 2370, 2371, -1,
2360, 2371, 2372, -1, 2360, 2372, 2373, -1, 2368, 2369, 2365, -1, 2368, 2365, 2366, -1,
2368, 2366, 2367, -1, 1002, 1003, 1041, -1, 1041, 1003, 1004, -1, 1041, 1004, 1029, -1,
1029, 1004, 1005, -1, 1029, 1005, 1028, -1, 1028, 1005, 1027, -1, 1002, 1041, 1042, -1,
1002, 1042, 1043, -1, 1002, 1043, 1044, -1, 1002, 1044, 1001, -1, 1000, 1001, 1044, -1,
1000, 1044, 1045, -1, 1000, 1045, 1046, -1, 1000, 1046, 1047, -1, 1000, 1047, 999, -1,
998, 999, 1047, -1, 998, 1047, 1048, -1, 998, 1048, 1013, -1, 998, 1013, 1027, -1,
998, 1027, 1005, -1, 1035, 1036, 1034, -1, 1034, 1036, 1037, -1, 1034, 1037, 1032, -1,
1032, 1037, 1038, -1, 1032, 1038, 1031, -1, 1031, 1038, 1030, -1, 1039, 1040, 1029, -1,
1039, 1029, 1030, -1, 1039, 1030, 1038, -1, 2498, 2499, 2491, -1, 2498, 2491, 2492, -1,
2498, 2492, 2493, -1, 2498, 2493, 2496, -1, 2498, 2496, 2497, -1, 2496, 2493, 2494, -1,
2496, 2494, 2495, -1, 1532, 1533, 1572, -1, 1532, 1572, 1573, -1, 1532, 1573, 1574, -1,
1532, 1574, 1575, -1, 1532, 1575, 1578, -1, 1532, 1578, 1579, -1, 1578, 1575, 1576, -1,
1578, 1576, 1577, -1, 2564, 2565, 2604, -1, 2564, 2604, 2605, -1, 2564, 2605, 2606, -1,
2564, 2606, 2607, -1, 2564, 2607, 2610, -1, 2564, 2610, 2611, -1, 2610, 2607, 2608, -1,
2610, 2608, 2609, -1, 1192, 1193, 1194, -1, 1192, 1194, 1189, -1, 1192, 1189, 1190, -1,
1192, 1190, 1191, -1, 1194, 1195, 1189, -1, 1189, 1195, 1196, -1, 1189, 1196, 1188, -1,
1188, 1196, 1186, -1, 1188, 1186, 1187, -1, 1185, 1186, 1196, -1, 1185, 1196, 1197, -1,
1185, 1197, 1198, -1, 1185, 1198, 1199, -1, 1185, 1199, 1184, -1, 1183, 1184, 1199, -1,
1183, 1199, 1200, -1, 1183, 1200, 1201, -1, 1183, 1201, 1202, -1, 1183, 1202, 1182, -1,
1182, 1202, 1181, -1, 1181, 1202, 1173, -1, 1181, 1173, 1180, -1, 1180, 1173, 1174, -1,
1180, 1174, 1179, -1, 1179, 1174, 1175, -1, 1179, 1175, 1178, -1, 1178, 1175, 1176, -1,
1178, 1176, 1177, -1, 2603, 2604, 2565, -1, 2603, 2565, 2566, -1, 2603, 2566, 2567, -1,
2603, 2567, 2602, -1, 2556, 2600, 2569, -1, 2569, 2600, 2601, -1, 2569, 2601, 2568, -1,
2568, 2601, 2602, -1, 2568, 2602, 2567, -1, 2569, 2570, 2553, -1, 2569, 2553, 2554, -1,
2569, 2554, 2555, -1, 2569, 2555, 2556, -1, 2551, 2552, 2572, -1, 2572, 2552, 2553, -1,
2572, 2553, 2571, -1, 2571, 2553, 2570, -1, 2551, 2572, 2573, -1, 2551, 2573, 2574, -1,
2551, 2574, 2575, -1, 2551, 2575, 2550, -1, 2593, 2563, 2576, -1, 2576, 2563, 2548, -1,
2576, 2548, 2575, -1, 2575, 2548, 2549, -1, 2575, 2549, 2550, -1, 1571, 1572, 1533, -1,
1571, 1533, 1534, -1, 1571, 1534, 1570, -1, 1537, 1538, 1057, -1, 1537, 1057, 1058, -1,
1537, 1058, 1059, -1, 1537, 1059, 1060, -1, 1055, 1056, 1540, -1, 1540, 1056, 1057, -1,
1540, 1057, 1539, -1, 1539, 1057, 1538, -1, 1055, 1540, 1541, -1, 1055, 1541, 1542, -1,
1055, 1542, 1543, -1, 1055, 1543, 1054, -1, 1543, 1052, 1053, -1, 1543, 1053, 1054, -1,
2499, 2500, 2489, -1, 2499, 2489, 2490, -1, 2499, 2490, 2491, -1, 2475, 2486, 2503, -1,
2503, 2486, 2487, -1, 2503, 2487, 2502, -1, 2502, 2487, 2488, -1, 2502, 2488, 2501, -1,
2501, 2488, 2489, -1, 2501, 2489, 2500, -1, 2503, 2504, 2472, -1, 2503, 2472, 2473, -1,
2503, 2473, 2474, -1, 2503, 2474, 2475, -1, 2470, 2471, 2506, -1, 2506, 2471, 2472, -1,
2506, 2472, 2505, -1, 2505, 2472, 2504, -1, 2517, 2480, 2510, -1, 2510, 2480, 2468, -1,
2510, 2468, 2509, -1, 2509, 2468, 2469, -1, 2509, 2469, 2508, -1, 2508, 2469, 2470, -1,
2508, 2470, 2507, -1, 2507, 2470, 2506, -1, 2513, 2515, 2512, -1, 2512, 2515, 2516, -1,
2512, 2516, 2511, -1, 2511, 2516, 2517, -1, 2511, 2517, 2510, -1, 2484, 2485, 2477, -1,
2477, 2485, 2486, -1, 2477, 2486, 2476, -1, 2476, 2486, 2475, -1, 2483, 2484, 2477, -1,
2483, 2477, 2478, -1, 2483, 2478, 2479, -1, 2483, 2479, 2482, -1, 2481, 2482, 2479, -1,
2481, 2479, 2468, -1, 2481, 2468, 2480, -1, 1018, 1019, 1023, -1, 1023, 1019, 1020, -1,
1023, 1020, 1022, -1, 1022, 1020, 1021, -1, 1017, 1018, 1023, -1, 1017, 1023, 1024, -1,
1017, 1024, 1025, -1, 1017, 1025, 1016, -1, 1025, 1026, 1014, -1, 1025, 1014, 1015, -1,
1025, 1015, 1016, -1, 1027, 1013, 1014, -1, 1027, 1014, 1026, -1, 2389, 2390, 2388, -1,
2388, 2390, 2392, -1, 2388, 2392, 2387, -1, 2387, 2392, 2393, -1, 2387, 2393, 2386, -1,
2386, 2393, 2394, -1, 2386, 2394, 2385, -1, 2385, 2394, 2395, -1, 2385, 2395, 2396, -1,
2403, 2404, 2376, -1, 2376, 2404, 2405, -1, 2376, 2405, 2375, -1, 2375, 2405, 2406, -1,
2375, 2406, 2374, -1, 2374, 2406, 2408, -1, 2374, 2408, 2409, -1, 2401, 2402, 2378, -1,
2378, 2402, 2403, -1, 2378, 2403, 2377, -1, 2377, 2403, 2376, -1, 2381, 2399, 2380, -1,
2380, 2399, 2400, -1, 2380, 2400, 2379, -1, 2379, 2400, 2401, -1, 2379, 2401, 2378, -1,
2382, 2383, 2397, -1, 2382, 2397, 2398, -1, 2382, 2398, 2399, -1, 2382, 2399, 2381, -1,
2384, 2385, 2396, -1, 2384, 2396, 2397, -1, 2384, 2397, 2383, -1, 2413, 2415, 2412, -1,
2412, 2415, 2416, -1, 2412, 2416, 2411, -1, 2411, 2416, 2417, -1, 2411, 2417, 2410, -1,
2426, 2428, 2425, -1, 2425, 2428, 2430, -1, 2425, 2430, 2423, -1, 2423, 2430, 2431, -1,
2423, 2431, 2422, -1, 2422, 2431, 2432, -1, 2422, 2432, 2421, -1, 2421, 2432, 2433, -1,
2421, 2433, 2420, -1, 2420, 2433, 2434, -1, 2420, 2434, 2419, -1, 2419, 2434, 2435, -1,
2419, 2435, 2418, -1, 2418, 2435, 2467, -1, 2418, 2467, 2456, -1, 2442, 2443, 2448, -1,
2448, 2443, 2444, -1, 2448, 2444, 2447, -1, 2447, 2444, 2445, -1, 2447, 2445, 2446, -1,
2448, 2449, 2450, -1, 2448, 2450, 2461, -1, 2448, 2461, 2441, -1, 2448, 2441, 2442, -1,
2462, 2463, 2439, -1, 2462, 2439, 2440, -1, 2462, 2440, 2441, -1, 2462, 2441, 2461, -1,
2464, 2465, 2436, -1, 2464, 2436, 2437, -1, 2464, 2437, 2438, -1, 2464, 2438, 2439, -1,
2464, 2439, 2463, -1, 2436, 2465, 2466, -1, 2436, 2466, 2467, -1, 2436, 2467, 2435, -1,
2459, 2460, 2452, -1, 2452, 2460, 2461, -1, 2452, 2461, 2451, -1, 2451, 2461, 2450, -1,
2459, 2452, 2453, -1, 2459, 2453, 2454, -1, 2459, 2454, 2455, -1, 2459, 2455, 2458, -1,
2455, 2418, 2456, -1, 2455, 2456, 2457, -1, 2455, 2457, 2458, -1, 2533, 2534, 2539, -1,
2533, 2539, 2540, -1, 2533, 2540, 2541, -1, 2533, 2541, 2531, -1, 2533, 2531, 2532, -1,
2518, 2519, 2524, -1, 2524, 2519, 2520, -1, 2524, 2520, 2523, -1, 2523, 2520, 2521, -1,
2523, 2521, 2522, -1, 2546, 2547, 2527, -1, 2527, 2547, 2518, -1, 2527, 2518, 2526, -1,
2526, 2518, 2524, -1, 2526, 2524, 2525, -1, 2545, 2546, 2527, -1, 2545, 2527, 2528, -1,
2545, 2528, 2529, -1, 2545, 2529, 2544, -1, 2529, 2530, 2542, -1, 2529, 2542, 2543, -1,
2529, 2543, 2544, -1, 2531, 2541, 2542, -1, 2531, 2542, 2530, -1, 2537, 2538, 2539, -1,
2537, 2539, 2534, -1, 2537, 2534, 2535, -1, 2537, 2535, 2536, -1, 2598, 2599, 2558, -1,
2558, 2599, 2600, -1, 2558, 2600, 2557, -1, 2557, 2600, 2556, -1, 2597, 2598, 2558, -1,
2597, 2558, 2559, -1, 2597, 2559, 2560, -1, 2597, 2560, 2596, -1, 2560, 2561, 2594, -1,
2560, 2594, 2595, -1, 2560, 2595, 2596, -1, 2594, 2561, 2562, -1, 2594, 2562, 2563, -1,
2594, 2563, 2593, -1, 2593, 2576, 2592, -1, 2592, 2576, 2577, -1, 2592, 2577, 2591, -1,
2591, 2577, 2578, -1, 2591, 2578, 2579, -1, 2591, 2579, 2590, -1, 2590, 2579, 2580, -1,
2590, 2580, 2589, -1, 2589, 2580, 2581, -1, 2589, 2581, 2588, -1, 2588, 2581, 2583, -1,
2588, 2583, 2586, -1, 2586, 2583, 2584, -1, 2586, 2584, 2585, -1, 2627, 2628, 2623, -1,
2627, 2623, 2624, -1, 2627, 2624, 2625, -1, 2627, 2625, 2626, -1, 2621, 2622, 2630, -1,
2630, 2622, 2623, -1, 2630, 2623, 2629, -1, 2629, 2623, 2628, -1, 2621, 2630, 2620, -1,
2620, 2630, 2612, -1, 2620, 2612, 2619, -1, 2619, 2612, 2613, -1, 2619, 2613, 2618, -1,
2618, 2613, 2614, -1, 2618, 2614, 2617, -1, 2617, 2614, 2615, -1, 2617, 2615, 2616, -1,
1702, 1703, 1704, -1, 1702, 1704, 1699, -1, 1702, 1699, 1700, -1, 1702, 1700, 1701, -1,
1704, 1705, 1699, -1, 1699, 1705, 1706, -1, 1699, 1706, 1698, -1, 1698, 1706, 1696, -1,
1698, 1696, 1697, -1, 1695, 1696, 1706, -1, 1695, 1706, 1707, -1, 1695, 1707, 1708, -1,
1695, 1708, 1709, -1, 1695, 1709, 1694, -1, 1693, 1694, 1709, -1, 1693, 1709, 1710, -1,
1693, 1710, 1711, -1, 1693, 1711, 1712, -1, 1693, 1712, 1692, -1, 1692, 1712, 1691, -1,
1691, 1712, 1713, -1, 1691, 1713, 1689, -1, 1689, 1713, 1714, -1, 1689, 1714, 1715, -1,
1715, 1716, 1689, -1, 1689, 1716, 1717, -1, 1689, 1717, 1688, -1, 1688, 1717, 1686, -1,
1688, 1686, 1687, -1, 1685, 1686, 1717, -1, 1685, 1717, 1718, -1, 1685, 1718, 1719, -1,
1685, 1719, 1720, -1, 1685, 1720, 1684, -1, 1683, 1684, 1720, -1, 1683, 1720, 1721, -1,
1683, 1721, 1722, -1, 1683, 1722, 1723, -1, 1683, 1723, 1682, -1, 1682, 1723, 1681, -1,
1681, 1723, 1673, -1, 1681, 1673, 1680, -1, 1680, 1673, 1674, -1, 1680, 1674, 1679, -1,
1679, 1674, 1675, -1, 1679, 1675, 1678, -1, 1678, 1675, 1676, -1, 1678, 1676, 1677, -1,
2688, 2689, 2696, -1, 2696, 2689, 2690, -1, 2696, 2690, 2695, -1, 2695, 2690, 2691, -1,
2695, 2691, 2694, -1, 2694, 2691, 2692, -1, 2694, 2692, 2693, -1, 2663, 2664, 2656, -1,
2656, 2664, 2665, -1, 2656, 2665, 2655, -1, 2655, 2665, 2654, -1, 2662, 2663, 2656, -1,
2662, 2656, 2657, -1, 2662, 2657, 2658, -1, 2662, 2658, 2661, -1, 2658, 2647, 2659, -1,
2658, 2659, 2660, -1, 2658, 2660, 2661, -1, 2714, 2715, 2752, -1, 2752, 2715, 2716, -1,
2752, 2716, 2751, -1, 2751, 2716, 2717, -1, 2751, 2717, 2750, -1, 2750, 2717, 2718, -1,
2750, 2718, 2749, -1, 2749, 2718, 2705, -1, 2749, 2705, 2706, -1, 2707, 2708, 2746, -1,
2707, 2746, 2747, -1, 2707, 2747, 2748, -1, 2707, 2748, 2749, -1, 2707, 2749, 2706, -1,
2709, 2710, 2743, -1, 2709, 2743, 2744, -1, 2709, 2744, 2745, -1, 2709, 2745, 2746, -1,
2709, 2746, 2708, -1, 2710, 2711, 2743, -1, 2743, 2711, 2712, -1, 2743, 2712, 2742, -1,
2742, 2712, 2725, -1, 2742, 2725, 2741, -1, 2741, 2725, 2726, -1, 2741, 2726, 2740, -1,
2740, 2726, 2727, -1, 2740, 2727, 2728, -1, 2697, 2698, 2724, -1, 2697, 2724, 2725, -1,
2697, 2725, 2712, -1, 2740, 2728, 2739, -1, 2739, 2728, 2729, -1, 2739, 2729, 2738, -1,
2738, 2729, 2730, -1, 2738, 2730, 2737, -1, 2737, 2730, 2732, -1, 2737, 2732, 2735, -1,
2735, 2732, 2733, -1, 2735, 2733, 2734, -1, 2713, 2714, 2753, -1, 2713, 2753, 2754, -1,
2713, 2754, 2755, -1, 2713, 2755, 2756, -1, 2713, 2756, 2759, -1, 2713, 2759, 2760, -1,
2759, 2756, 2757, -1, 2759, 2757, 2758, -1, 2718, 2719, 2702, -1, 2718, 2702, 2703, -1,
2718, 2703, 2704, -1, 2718, 2704, 2705, -1, 2700, 2701, 2721, -1, 2721, 2701, 2702, -1,
2721, 2702, 2720, -1, 2720, 2702, 2719, -1, 2700, 2721, 2722, -1, 2700, 2722, 2723, -1,
2700, 2723, 2724, -1, 2700, 2724, 2699, -1, 2768, 2769, 2773, -1, 2768, 2773, 2774, -1,
2768, 2774, 2766, -1, 2768, 2766, 2767, -1, 2763, 2764, 2762, -1, 2762, 2764, 2765, -1,
2762, 2765, 2761, -1, 2761, 2765, 2776, -1, 2761, 2776, 2777, -1, 2775, 2776, 2765, -1,
2775, 2765, 2766, -1, 2775, 2766, 2774, -1, 2772, 2773, 2769, -1, 2772, 2769, 2770, -1,
2772, 2770, 2771, -1, 2780, 2761, 2777, -1, 2780, 2777, 2778, -1, 2780, 2778, 2779, -1,
2810, 2811, 2783, -1, 2783, 2811, 2812, -1, 2783, 2812, 2782, -1, 2782, 2812, 2813, -1,
2782, 2813, 2781, -1, 2781, 2813, 2815, -1, 2781, 2815, 2816, -1, 2808, 2809, 2785, -1,
2785, 2809, 2810, -1, 2785, 2810, 2784, -1, 2784, 2810, 2783, -1, 2788, 2806, 2787, -1,
2787, 2806, 2807, -1, 2787, 2807, 2786, -1, 2786, 2807, 2808, -1, 2786, 2808, 2785, -1,
2789, 2790, 2804, -1, 2789, 2804, 2805, -1, 2789, 2805, 2806, -1, 2789, 2806, 2788, -1,
2801, 2802, 2792, -1, 2792, 2802, 2803, -1, 2792, 2803, 2791, -1, 2791, 2803, 2804, -1,
2791, 2804, 2790, -1, 2796, 2797, 2795, -1, 2795, 2797, 2799, -1, 2795, 2799, 2794, -1,
2794, 2799, 2800, -1, 2794, 2800, 2793, -1, 2793, 2800, 2801, -1, 2793, 2801, 2792, -1,
2820, 2822, 2819, -1, 2819, 2822, 2823, -1, 2819, 2823, 2818, -1, 2818, 2823, 2824, -1,
2818, 2824, 2817, -1, 2844, 2845, 2846, -1, 2844, 2846, 2841, -1, 2844, 2841, 2842, -1,
2844, 2842, 2843, -1, 2846, 2847, 2841, -1, 2841, 2847, 2848, -1, 2841, 2848, 2840, -1,
2840, 2848, 2838, -1, 2840, 2838, 2839, -1, 2837, 2838, 2848, -1, 2837, 2848, 2849, -1,
2837, 2849, 2850, -1, 2837, 2850, 2851, -1, 2837, 2851, 2836, -1, 2835, 2836, 2851, -1,
2835, 2851, 2852, -1, 2835, 2852, 2853, -1, 2835, 2853, 2854, -1, 2835, 2854, 2834, -1,
2834, 2854, 2833, -1, 2833, 2854, 2825, -1, 2833, 2825, 2832, -1, 2832, 2825, 2826, -1,
2832, 2826, 2831, -1, 2831, 2826, 2827, -1, 2831, 2827, 2830, -1, 2830, 2827, 2828, -1,
2830, 2828, 2829, -1, 2878, 2879, 2880, -1, 2878, 2880, 2881, -1, 2878, 2881, 2876, -1,
2878, 2876, 2877, -1, 357, 358, 396, -1, 396, 358, 359, -1, 396, 359, 384, -1,
384, 359, 360, -1, 384, 360, 383, -1, 383, 360, 382, -1, 357, 396, 397, -1,
357, 397, 398, -1, 357, 398, 399, -1, 357, 399, 356, -1, 355, 356, 399, -1,
355, 399, 400, -1, 355, 400, 401, -1, 355, 401, 402, -1, 355, 402, 354, -1,
354, 402, 353, -1, 353, 402, 403, -1, 353, 403, 382, -1, 382, 403, 368, -1,
382, 368, 369, -1, 390, 391, 389, -1, 389, 391, 392, -1, 389, 392, 387, -1,
387, 392, 393, -1, 387, 393, 386, -1, 386, 393, 385, -1, 394, 395, 384, -1,
394, 384, 385, -1, 394, 385, 393, -1, 2941, 2942, 2982, -1, 2941, 2982, 2983, -1,
2941, 2983, 2984, -1, 2941, 2984, 2987, -1, 2941, 2987, 2988, -1, 2987, 2984, 2985, -1,
2987, 2985, 2986, -1, 2942, 2943, 2980, -1, 2942, 2980, 2981, -1, 2942, 2981, 2982, -1,
2933, 2977, 2946, -1, 2946, 2977, 2978, -1, 2946, 2978, 2945, -1, 2945, 2978, 2979, -1,
2945, 2979, 2944, -1, 2944, 2979, 2980, -1, 2944, 2980, 2943, -1, 2946, 2947, 2930, -1,
2946, 2930, 2931, -1, 2946, 2931, 2932, -1, 2946, 2932, 2933, -1, 2928, 2929, 2949, -1,
2949, 2929, 2930, -1, 2949, 2930, 2948, -1, 2948, 2930, 2947, -1, 2928, 2949, 2950, -1,
2928, 2950, 2951, -1, 2928, 2951, 2952, -1, 2928, 2952, 2927, -1, 2970, 2940, 2953, -1,
2953, 2940, 2925, -1, 2953, 2925, 2952, -1, 2952, 2925, 2926, -1, 2952, 2926, 2927, -1,
2954, 2955, 2968, -1, 2968, 2955, 2956, -1, 2968, 2956, 2967, -1, 2967, 2956, 2957, -1,
2967, 2957, 2966, -1, 2966, 2957, 2958, -1, 2966, 2958, 2965, -1, 2965, 2958, 2960, -1,
2965, 2960, 2963, -1, 2963, 2960, 2961, -1, 2963, 2961, 2962, -1, 373, 374, 378, -1,
378, 374, 375, -1, 378, 375, 377, -1, 377, 375, 376, -1, 372, 373, 378, -1,
372, 378, 379, -1, 372, 379, 380, -1, 372, 380, 371, -1, 380, 381, 369, -1,
380, 369, 370, -1, 380, 370, 371, -1, 362, 364, 361, -1, 361, 364, 366, -1,
361, 366, 405, -1, 405, 366, 367, -1, 405, 367, 404, -1, 404, 367, 368, -1,
404, 368, 403, -1, 2881, 2882, 2874, -1, 2881, 2874, 2875, -1, 2881, 2875, 2876, -1,
2883, 2884, 2871, -1, 2883, 2871, 2872, -1, 2883, 2872, 2873, -1, 2883, 2873, 2874, -1,
2883, 2874, 2882, -1, 2855, 2856, 2871, -1, 2855, 2871, 2884, -1, 2855, 2884, 2913, -1,
2855, 2913, 2914, -1, 2855, 2914, 2912, -1, 2869, 2870, 2858, -1, 2858, 2870, 2871, -1,
2858, 2871, 2857, -1, 2857, 2871, 2856, -1, 2868, 2869, 2858, -1, 2868, 2858, 2859, -1,
2868, 2859, 2860, -1, 2868, 2860, 2867, -1, 2862, 2864, 2861, -1, 2861, 2864, 2865, -1,
2861, 2865, 2860, -1, 2860, 2865, 2866, -1, 2860, 2866, 2867, -1, 2898, 2900, 2897, -1,
2897, 2900, 2902, -1, 2897, 2902, 2895, -1, 2895, 2902, 2903, -1, 2895, 2903, 2894, -1,
2894, 2903, 2904, -1, 2894, 2904, 2893, -1, 2893, 2904, 2905, -1, 2893, 2905, 2892, -1,
2892, 2905, 2906, -1, 2892, 2906, 2891, -1, 2891, 2906, 2907, -1, 2891, 2907, 2890, -1,
2890, 2907, 2919, -1, 2890, 2919, 2920, -1, 2923, 2924, 2886, -1, 2886, 2924, 2913, -1,
2886, 2913, 2885, -1, 2885, 2913, 2884, -1, 2923, 2886, 2887, -1, 2923, 2887, 2888, -1,
2923, 2888, 2889, -1, 2923, 2889, 2922, -1, 2889, 2890, 2920, -1, 2889, 2920, 2921, -1,
2889, 2921, 2922, -1, 2911, 2912, 2914, -1, 2911, 2914, 2915, -1, 2911, 2915, 2916, -1,
2911, 2916, 2910, -1, 2916, 2917, 2908, -1, 2916, 2908, 2909, -1, 2916, 2909, 2910, -1,
2908, 2917, 2918, -1, 2908, 2918, 2919, -1, 2908, 2919, 2907, -1, 2975, 2976, 2935, -1,
2935, 2976, 2977, -1, 2935, 2977, 2934, -1, 2934, 2977, 2933, -1, 2974, 2975, 2935, -1,
2974, 2935, 2936, -1, 2974, 2936, 2937, -1, 2974, 2937, 2973, -1, 2937, 2938, 2971, -1,
2937, 2971, 2972, -1, 2937, 2972, 2973, -1, 2971, 2938, 2939, -1, 2971, 2939, 2940, -1,
2971, 2940, 2970, -1, 2954, 2968, 2969, -1, 2954, 2969, 2970, -1, 2954, 2970, 2953, -1,
3004, 3005, 3010, -1, 3004, 3010, 3011, -1, 3004, 3011, 3012, -1, 3004, 3012, 3002, -1,
3004, 3002, 3003, -1, 3050, 3044, 3049, -1, 3049, 3044, 3045, -1, 3049, 3045, 3048, -1,
3048, 3045, 3046, -1, 3048, 3046, 3047, -1, 3019, 3020, 3031, -1, 3019, 3031, 3032, -1,
3019, 3032, 3033, -1, 3019, 3033, 3043, -1, 3019, 3043, 3044, -1, 3019, 3044, 3050, -1,
3082, 3076, 3081, -1, 3081, 3076, 3077, -1, 3081, 3077, 3080, -1, 3080, 3077, 3078, -1,
3080, 3078, 3079, -1, 3051, 3052, 3063, -1, 3051, 3063, 3064, -1, 3051, 3064, 3065, -1,
3051, 3065, 3075, -1, 3051, 3075, 3076, -1, 3051, 3076, 3082, -1, 3067, 3068, 3073, -1,
3073, 3068, 3069, -1, 3073, 3069, 3072, -1, 3072, 3069, 3070, -1, 3072, 3070, 3071, -1,
3066, 3067, 3073, -1, 3066, 3073, 3074, -1, 3066, 3074, 3075, -1, 3066, 3075, 3065, -1,
3063, 3052, 3061, -1, 3061, 3052, 3054, -1, 3061, 3054, 3059, -1, 3059, 3054, 3055, -1,
3059, 3055, 3058, -1, 3058, 3055, 3056, -1, 3058, 3056, 3057, -1, 3035, 3036, 3041, -1,
3041, 3036, 3037, -1, 3041, 3037, 3040, -1, 3040, 3037, 3038, -1, 3040, 3038, 3039, -1,
3034, 3035, 3041, -1, 3034, 3041, 3042, -1, 3034, 3042, 3043, -1, 3034, 3043, 3033, -1,
3031, 3020, 3029, -1, 3029, 3020, 3022, -1, 3029, 3022, 3027, -1, 3027, 3022, 3023, -1,
3027, 3023, 3026, -1, 3026, 3023, 3024, -1, 3026, 3024, 3025, -1, 2989, 2990, 2995, -1,
2995, 2990, 2991, -1, 2995, 2991, 2994, -1, 2994, 2991, 2992, -1, 2994, 2992, 2993, -1,
3017, 3018, 2998, -1, 2998, 3018, 2989, -1, 2998, 2989, 2997, -1, 2997, 2989, 2995, -1,
2997, 2995, 2996, -1, 3016, 3017, 2998, -1, 3016, 2998, 2999, -1, 3016, 2999, 3000, -1,
3016, 3000, 3015, -1, 3000, 3001, 3013, -1, 3000, 3013, 3014, -1, 3000, 3014, 3015, -1,
3002, 3012, 3013, -1, 3002, 3013, 3001, -1, 3008, 3009, 3010, -1, 3008, 3010, 3005, -1,
3008, 3005, 3006, -1, 3008, 3006, 3007, -1, 3083, 3084, 3085, -1, 3083, 3085, 3111, -1,
3083, 3111, 3112, -1, 3083, 3112, 3113, -1, 3109, 3110, 3087, -1, 3087, 3110, 3111, -1,
3087, 3111, 3086, -1, 3086, 3111, 3085, -1, 3087, 3088, 3107, -1, 3087, 3107, 3108, -1,
3087, 3108, 3109, -1, 3105, 3106, 3090, -1, 3090, 3106, 3107, -1, 3090, 3107, 3089, -1,
3089, 3107, 3088, -1, 3105, 3090, 3091, -1, 3105, 3091, 3092, -1, 3105, 3092, 3093, -1,
3105, 3093, 3104, -1, 3104, 3093, 3103, -1, 3103, 3093, 3094, -1, 3103, 3094, 3102, -1,
3102, 3094, 3095, -1, 3102, 3095, 3096, -1, 3102, 3096, 3101, -1, 3101, 3096, 3097, -1,
3101, 3097, 3100, -1, 3100, 3097, 3098, -1, 3100, 3098, 3099, -1, 3118, 3119, 3157, -1,
3157, 3119, 3120, -1, 3157, 3120, 3145, -1, 3145, 3120, 3121, -1, 3145, 3121, 3144, -1,
3144, 3121, 3143, -1, 3118, 3157, 3158, -1, 3118, 3158, 3159, -1, 3118, 3159, 3160, -1,
3118, 3160, 3117, -1, 3116, 3117, 3160, -1, 3116, 3160, 3161, -1, 3116, 3161, 3162, -1,
3116, 3162, 3163, -1, 3116, 3163, 3115, -1, 3115, 3163, 3114, -1, 3114, 3163, 3164, -1,
3114, 3164, 3143, -1, 3143, 3164, 3129, -1, 3143, 3129, 3130, -1, 3151, 3152, 3150, -1,
3150, 3152, 3153, -1, 3150, 3153, 3148, -1, 3148, 3153, 3154, -1, 3148, 3154, 3147, -1,
3147, 3154, 3146, -1, 3155, 3156, 3145, -1, 3155, 3145, 3146, -1, 3155, 3146, 3154, -1,
3199, 3193, 3198, -1, 3198, 3193, 3194, -1, 3198, 3194, 3197, -1, 3197, 3194, 3195, -1,
3197, 3195, 3196, -1, 3168, 3169, 3180, -1, 3168, 3180, 3181, -1, 3168, 3181, 3182, -1,
3168, 3182, 3192, -1, 3168, 3192, 3193, -1, 3168, 3193, 3199, -1, 3184, 3185, 3190, -1,
3190, 3185, 3186, -1, 3190, 3186, 3189, -1, 3189, 3186, 3187, -1, 3189, 3187, 3188, -1,
3183, 3184, 3190, -1, 3183, 3190, 3191, -1, 3183, 3191, 3192, -1, 3183, 3192, 3182, -1,
3180, 3169, 3178, -1, 3178, 3169, 3171, -1, 3178, 3171, 3176, -1, 3176, 3171, 3172, -1,
3176, 3172, 3175, -1, 3175, 3172, 3173, -1, 3175, 3173, 3174, -1, 3134, 3135, 3139, -1,
3139, 3135, 3136, -1, 3139, 3136, 3138, -1, 3138, 3136, 3137, -1, 3133, 3134, 3139, -1,
3133, 3139, 3140, -1, 3133, 3140, 3141, -1, 3133, 3141, 3132, -1, 3141, 3142, 3130, -1,
3141, 3130, 3131, -1, 3141, 3131, 3132, -1, 3123, 3125, 3122, -1, 3122, 3125, 3127, -1,
3122, 3127, 3166, -1, 3166, 3127, 3128, -1, 3166, 3128, 3165, -1, 3165, 3128, 3129, -1,
3165, 3129, 3164, -1, 3217, 3218, 3255, -1, 3255, 3218, 3219, -1, 3255, 3219, 3254, -1,
3254, 3219, 3220, -1, 3254, 3220, 3253, -1, 3253, 3220, 3221, -1, 3253, 3221, 3252, -1,
3252, 3221, 3208, -1, 3252, 3208, 3209, -1, 3210, 3211, 3249, -1, 3210, 3249, 3250, -1,
3210, 3250, 3251, -1, 3210, 3251, 3252, -1, 3210, 3252, 3209, -1, 3212, 3213, 3246, -1,
3212, 3246, 3247, -1, 3212, 3247, 3248, -1, 3212, 3248, 3249, -1, 3212, 3249, 3211, -1,
3213, 3214, 3246, -1, 3246, 3214, 3215, -1, 3246, 3215, 3245, -1, 3245, 3215, 3228, -1,
3245, 3228, 3244, -1, 3244, 3228, 3229, -1, 3244, 3229, 3243, -1, 3243, 3229, 3230, -1,
3243, 3230, 3231, -1, 3200, 3201, 3227, -1, 3200, 3227, 3228, -1, 3200, 3228, 3215, -1,
3243, 3231, 3242, -1, 3242, 3231, 3232, -1, 3242, 3232, 3241, -1, 3241, 3232, 3233, -1,
3241, 3233, 3240, -1, 3240, 3233, 3235, -1, 3240, 3235, 3238, -1, 3238, 3235, 3236, -1,
3238, 3236, 3237, -1, 3216, 3217, 3257, -1, 3216, 3257, 3258, -1, 3216, 3258, 3259, -1,
3216, 3259, 3262, -1, 3216, 3262, 3263, -1, 3262, 3259, 3260, -1, 3262, 3260, 3261, -1,
3217, 3255, 3256, -1, 3217, 3256, 3257, -1, 3221, 3222, 3205, -1, 3221, 3205, 3206, -1,
3221, 3206, 3207, -1, 3221, 3207, 3208, -1, 3203, 3204, 3224, -1, 3224, 3204, 3205, -1,
3224, 3205, 3223, -1, 3223, 3205, 3222, -1, 3203, 3224, 3225, -1, 3203, 3225, 3226, -1,
3203, 3226, 3227, -1, 3203, 3227, 3202, -1, 3302, 3303, 3266, -1, 3266, 3303, 3304, -1,
3266, 3304, 3265, -1, 3265, 3304, 3305, -1, 3265, 3305, 3264, -1, 3264, 3305, 3313, -1,
3264, 3313, 3276, -1, 3305, 3306, 3313, -1, 3313, 3306, 3307, -1, 3313, 3307, 3312, -1,
3312, 3307, 3308, -1, 3312, 3308, 3311, -1, 3311, 3308, 3309, -1, 3311, 3309, 3310, -1,
3288, 3294, 3287, -1, 3287, 3294, 3295, -1, 3287, 3295, 3286, -1, 3286, 3295, 3296, -1,
3286, 3296, 3285, -1, 3285, 3296, 3297, -1, 3285, 3297, 3284, -1, 3284, 3297, 3298, -1,
3284, 3298, 3283, -1, 3283, 3298, 3299, -1, 3283, 3299, 3282, -1, 3282, 3299, 3271, -1,
3282, 3271, 3272, -1, 3273, 3274, 3279, -1, 3273, 3279, 3280, -1, 3273, 3280, 3281, -1,
3273, 3281, 3282, -1, 3273, 3282, 3272, -1, 3275, 3264, 3276, -1, 3275, 3276, 3277, -1,
3275, 3277, 3278, -1, 3275, 3278, 3279, -1, 3275, 3279, 3274, -1, 3292, 3293, 3294, -1,
3292, 3294, 3289, -1, 3292, 3289, 3290, -1, 3292, 3290, 3291, -1, 3299, 3300, 3268, -1,
3299, 3268, 3269, -1, 3299, 3269, 3270, -1, 3299, 3270, 3271, -1, 3266, 3267, 3302, -1,
3302, 3267, 3268, -1, 3302, 3268, 3301, -1, 3301, 3268, 3300, -1, 3314, 3315, 3359, -1,
3314, 3359, 3360, -1, 3314, 3360, 3361, -1, 3314, 3361, 3362, -1, 3314, 3362, 3365, -1,
3314, 3365, 3366, -1, 3365, 3362, 3363, -1, 3365, 3363, 3364, -1, 3352, 3353, 3344, -1,
3352, 3344, 3345, -1, 3352, 3345, 3346, -1, 3352, 3346, 3347, -1, 3352, 3347, 3350, -1,
3352, 3350, 3351, -1, 3350, 3347, 3348, -1, 3350, 3348, 3349, -1, 3382, 3383, 3388, -1,
3382, 3388, 3389, -1, 3382, 3389, 3390, -1, 3382, 3390, 3380, -1, 3382, 3380, 3381, -1,
3367, 3368, 3373, -1, 3373, 3368, 3369, -1, 3373, 3369, 3372, -1, 3372, 3369, 3370, -1,
3372, 3370, 3371, -1, 3395, 3396, 3376, -1, 3376, 3396, 3367, -1, 3376, 3367, 3375, -1,
3375, 3367, 3373, -1, 3375, 3373, 3374, -1, 3394, 3395, 3376, -1, 3394, 3376, 3377, -1,
3394, 3377, 3378, -1, 3394, 3378, 3393, -1, 3378, 3379, 3391, -1, 3378, 3391, 3392, -1,
3378, 3392, 3393, -1, 3380, 3390, 3391, -1, 3380, 3391, 3379, -1, 3386, 3387, 3388, -1,
3386, 3388, 3383, -1, 3386, 3383, 3384, -1, 3386, 3384, 3385, -1, 3341, 3342, 3355, -1,
3355, 3342, 3343, -1, 3355, 3343, 3354, -1, 3354, 3343, 3344, -1, 3354, 3344, 3353, -1,
3416, 3407, 3357, -1, 3357, 3407, 3340, -1, 3357, 3340, 3356, -1, 3356, 3340, 3341, -1,
3356, 3341, 3355, -1, 3338, 3339, 3409, -1, 3409, 3339, 3340, -1, 3409, 3340, 3408, -1,
3408, 3340, 3407, -1, 3337, 3338, 3409, -1, 3337, 3409, 3410, -1, 3337, 3410, 3411, -1,
3337, 3411, 3336, -1, 3403, 3404, 3414, -1, 3414, 3404, 3405, -1, 3414, 3405, 3413, -1,
3413, 3405, 3406, -1, 3413, 3406, 3412, -1, 3412, 3406, 3397, -1, 3412, 3397, 3411, -1,
3411, 3397, 3323, -1, 3411, 3323, 3336, -1, 3336, 3323, 3324, -1, 3336, 3324, 3335, -1,
3335, 3324, 3325, -1, 3335, 3325, 3334, -1, 3334, 3325, 3326, -1, 3334, 3326, 3333, -1,
3333, 3326, 3328, -1, 3333, 3328, 3331, -1, 3331, 3328, 3329, -1, 3331, 3329, 3330, -1,
3316, 3317, 3357, -1, 3316, 3357, 3358, -1, 3316, 3358, 3359, -1, 3316, 3359, 3315, -1,
3401, 3402, 3319, -1, 3319, 3402, 3415, -1, 3319, 3415, 3318, -1, 3318, 3415, 3416, -1,
3318, 3416, 3317, -1, 3317, 3416, 3357, -1, 3403, 3414, 3415, -1, 3403, 3415, 3402, -1,
3400, 3401, 3319, -1, 3400, 3319, 3320, -1, 3400, 3320, 3321, -1, 3400, 3321, 3322, -1,
3400, 3322, 3399, -1, 3398, 3399, 3322, -1, 3398, 3322, 3323, -1, 3398, 3323, 3397, -1,
3432, 3433, 3428, -1, 3432, 3428, 3429, -1, 3432, 3429, 3430, -1, 3432, 3430, 3431, -1,
3426, 3427, 3435, -1, 3435, 3427, 3428, -1, 3435, 3428, 3434, -1, 3434, 3428, 3433, -1,
3426, 3435, 3425, -1, 3425, 3435, 3417, -1, 3425, 3417, 3424, -1, 3424, 3417, 3418, -1,
3424, 3418, 3423, -1, 3423, 3418, 3419, -1, 3423, 3419, 3422, -1, 3422, 3419, 3420, -1,
3422, 3420, 3421, -1, 3451, 3452, 3450, -1, 3450, 3452, 3454, -1, 3450, 3454, 3449, -1,
3449, 3454, 3455, -1, 3449, 3455, 3448, -1, 3448, 3455, 3456, -1, 3448, 3456, 3447, -1,
3447, 3456, 3457, -1, 3447, 3457, 3458, -1, 3465, 3466, 3438, -1, 3438, 3466, 3467, -1,
3438, 3467, 3437, -1, 3437, 3467, 3468, -1, 3437, 3468, 3436, -1, 3436, 3468, 3470, -1,
3436, 3470, 3471, -1, 3463, 3464, 3440, -1, 3440, 3464, 3465, -1, 3440, 3465, 3439, -1,
3439, 3465, 3438, -1, 3443, 3461, 3442, -1, 3442, 3461, 3462, -1, 3442, 3462, 3441, -1,
3441, 3462, 3463, -1, 3441, 3463, 3440, -1, 3444, 3445, 3459, -1, 3444, 3459, 3460, -1,
3444, 3460, 3461, -1, 3444, 3461, 3443, -1, 3446, 3447, 3458, -1, 3446, 3458, 3459, -1,
3446, 3459, 3445, -1, 3475, 3477, 3474, -1, 3474, 3477, 3478, -1, 3474, 3478, 3473, -1,
3473, 3478, 3479, -1, 3473, 3479, 3472, -1, 3484, 3485, 3523, -1, 3523, 3485, 3486, -1,
3523, 3486, 3511, -1, 3511, 3486, 3487, -1, 3511, 3487, 3510, -1, 3510, 3487, 3509, -1,
3484, 3523, 3524, -1, 3484, 3524, 3525, -1, 3484, 3525, 3526, -1, 3484, 3526, 3483, -1,
3482, 3483, 3526, -1, 3482, 3526, 3527, -1, 3482, 3527, 3528, -1, 3482, 3528, 3529, -1,
3482, 3529, 3481, -1, 3481, 3529, 3480, -1, 3480, 3529, 3530, -1, 3480, 3530, 3509, -1,
3509, 3530, 3495, -1, 3509, 3495, 3496, -1, 3517, 3518, 3516, -1, 3516, 3518, 3519, -1,
3516, 3519, 3514, -1, 3514, 3519, 3520, -1, 3514, 3520, 3513, -1, 3513, 3520, 3512, -1,
3521, 3522, 3511, -1, 3521, 3511, 3512, -1, 3521, 3512, 3520, -1, 3500, 3501, 3505, -1,
3505, 3501, 3502, -1, 3505, 3502, 3504, -1, 3504, 3502, 3503, -1, 3499, 3500, 3505, -1,
3499, 3505, 3506, -1, 3499, 3506, 3507, -1, 3499, 3507, 3498, -1, 3507, 3508, 3496, -1,
3507, 3496, 3497, -1, 3507, 3497, 3498, -1, 3489, 3491, 3488, -1, 3488, 3491, 3493, -1,
3488, 3493, 3532, -1, 3532, 3493, 3494, -1, 3532, 3494, 3531, -1, 3531, 3494, 3495, -1,
3531, 3495, 3530, -1, 3542, 3544, 3541, -1, 3541, 3544, 3546, -1, 3541, 3546, 3539, -1,
3539, 3546, 3547, -1, 3539, 3547, 3538, -1, 3538, 3547, 3548, -1, 3538, 3548, 3537, -1,
3537, 3548, 3549, -1, 3537, 3549, 3536, -1, 3536, 3549, 3550, -1, 3536, 3550, 3535, -1,
3535, 3550, 3551, -1, 3535, 3551, 3534, -1, 3534, 3551, 3583, -1, 3534, 3583, 3572, -1,
3558, 3559, 3564, -1, 3564, 3559, 3560, -1, 3564, 3560, 3563, -1, 3563, 3560, 3561, -1,
3563, 3561, 3562, -1, 3564, 3565, 3566, -1, 3564, 3566, 3577, -1, 3564, 3577, 3557, -1,
3564, 3557, 3558, -1, 3578, 3579, 3555, -1, 3578, 3555, 3556, -1, 3578, 3556, 3557, -1,
3578, 3557, 3577, -1, 3580, 3581, 3552, -1, 3580, 3552, 3553, -1, 3580, 3553, 3554, -1,
3580, 3554, 3555, -1, 3580, 3555, 3579, -1, 3552, 3581, 3582, -1, 3552, 3582, 3583, -1,
3552, 3583, 3551, -1, 3575, 3576, 3568, -1, 3568, 3576, 3577, -1, 3568, 3577, 3567, -1,
3567, 3577, 3566, -1, 3575, 3568, 3569, -1, 3575, 3569, 3570, -1, 3575, 3570, 3571, -1,
3575, 3571, 3574, -1, 3571, 3534, 3572, -1, 3571, 3572, 3573, -1, 3571, 3573, 3574, -1,
3622, 3623, 3586, -1, 3586, 3623, 3624, -1, 3586, 3624, 3585, -1, 3585, 3624, 3625, -1,
3585, 3625, 3584, -1, 3584, 3625, 3633, -1, 3584, 3633, 3596, -1, 3625, 3626, 3633, -1,
3633, 3626, 3627, -1, 3633, 3627, 3632, -1, 3632, 3627, 3628, -1, 3632, 3628, 3631, -1,
3631, 3628, 3629, -1, 3631, 3629, 3630, -1, 3608, 3614, 3607, -1, 3607, 3614, 3615, -1,
3607, 3615, 3606, -1, 3606, 3615, 3616, -1, 3606, 3616, 3605, -1, 3605, 3616, 3617, -1,
3605, 3617, 3604, -1, 3604, 3617, 3618, -1, 3604, 3618, 3603, -1, 3603, 3618, 3619, -1,
3603, 3619, 3602, -1, 3602, 3619, 3591, -1, 3602, 3591, 3592, -1, 3593, 3594, 3599, -1,
3593, 3599, 3600, -1, 3593, 3600, 3601, -1, 3593, 3601, 3602, -1, 3593, 3602, 3592, -1,
3595, 3584, 3596, -1, 3595, 3596, 3597, -1, 3595, 3597, 3598, -1, 3595, 3598, 3599, -1,
3595, 3599, 3594, -1, 3653, 3654, 3655, -1, 3653, 3655, 3650, -1, 3653, 3650, 3651, -1,
3653, 3651, 3652, -1, 3655, 3656, 3650, -1, 3650, 3656, 3657, -1, 3650, 3657, 3649, -1,
3649, 3657, 3647, -1, 3649, 3647, 3648, -1, 3646, 3647, 3657, -1, 3646, 3657, 3658, -1,
3646, 3658, 3659, -1, 3646, 3659, 3660, -1, 3646, 3660, 3645, -1, 3644, 3645, 3660, -1,
3644, 3660, 3661, -1, 3644, 3661, 3662, -1, 3644, 3662, 3663, -1, 3644, 3663, 3643, -1,
3643, 3663, 3642, -1, 3642, 3663, 3634, -1, 3642, 3634, 3641, -1, 3641, 3634, 3635, -1,
3641, 3635, 3640, -1, 3640, 3635, 3636, -1, 3640, 3636, 3639, -1, 3639, 3636, 3637, -1,
3639, 3637, 3638, -1, 3612, 3613, 3614, -1, 3612, 3614, 3609, -1, 3612, 3609, 3610, -1,
3612, 3610, 3611, -1, 3619, 3620, 3588, -1, 3619, 3588, 3589, -1, 3619, 3589, 3590, -1,
3619, 3590, 3591, -1, 3586, 3587, 3622, -1, 3622, 3587, 3588, -1, 3622, 3588, 3621, -1,
3621, 3588, 3620, -1, 3672, 3674, 3671, -1, 3671, 3674, 3676, -1, 3671, 3676, 3669, -1,
3669, 3676, 3677, -1, 3669, 3677, 3668, -1, 3668, 3677, 3678, -1, 3668, 3678, 3667, -1,
3667, 3678, 3679, -1, 3667, 3679, 3666, -1, 3666, 3679, 3680, -1, 3666, 3680, 3665, -1,
3665, 3680, 3681, -1, 3665, 3681, 3664, -1, 3664, 3681, 3713, -1, 3664, 3713, 3702, -1,
3688, 3689, 3694, -1, 3694, 3689, 3690, -1, 3694, 3690, 3693, -1, 3693, 3690, 3691, -1,
3693, 3691, 3692, -1, 3694, 3695, 3696, -1, 3694, 3696, 3707, -1, 3694, 3707, 3687, -1,
3694, 3687, 3688, -1, 3708, 3709, 3685, -1, 3708, 3685, 3686, -1, 3708, 3686, 3687, -1,
3708, 3687, 3707, -1, 3710, 3711, 3682, -1, 3710, 3682, 3683, -1, 3710, 3683, 3684, -1,
3710, 3684, 3685, -1, 3710, 3685, 3709, -1, 3682, 3711, 3712, -1, 3682, 3712, 3713, -1,
3682, 3713, 3681, -1, 3705, 3706, 3698, -1, 3698, 3706, 3707, -1, 3698, 3707, 3697, -1,
3697, 3707, 3696, -1, 3705, 3698, 3699, -1, 3705, 3699, 3700, -1, 3705, 3700, 3701, -1,
3705, 3701, 3704, -1, 3701, 3664, 3702, -1, 3701, 3702, 3703, -1, 3701, 3703, 3704, -1,
3729, 3730, 3725, -1, 3729, 3725, 3726, -1, 3729, 3726, 3727, -1, 3729, 3727, 3728, -1,
3723, 3724, 3732, -1, 3732, 3724, 3725, -1, 3732, 3725, 3731, -1, 3731, 3725, 3730, -1,
3723, 3732, 3722, -1, 3722, 3732, 3714, -1, 3722, 3714, 3721, -1, 3721, 3714, 3715, -1,
3721, 3715, 3720, -1, 3720, 3715, 3716, -1, 3720, 3716, 3719, -1, 3719, 3716, 3717, -1,
3719, 3717, 3718, -1, 3776, 3777, 3738, -1, 3776, 3738, 3739, -1, 3776, 3739, 3740, -1,
3776, 3740, 3764, -1, 3776, 3764, 3775, -1, 3736, 3737, 3779, -1, 3779, 3737, 3738, -1,
3779, 3738, 3778, -1, 3778, 3738, 3777, -1, 3736, 3779, 3780, -1, 3736, 3780, 3781, -1,
3736, 3781, 3782, -1, 3736, 3782, 3735, -1, 3735, 3782, 3734, -1, 3734, 3782, 3783, -1,
3734, 3783, 3733, -1, 3733, 3783, 3762, -1, 3733, 3762, 3763, -1, 3770, 3771, 3769, -1,
3769, 3771, 3772, -1, 3769, 3772, 3767, -1, 3767, 3772, 3773, -1, 3767, 3773, 3766, -1,
3766, 3773, 3765, -1, 3774, 3775, 3764, -1, 3774, 3764, 3765, -1, 3774, 3765, 3773, -1,
3740, 3733, 3763, -1, 3740, 3763, 3764, -1, 3753, 3754, 3758, -1, 3758, 3754, 3755, -1,
3758, 3755, 3757, -1, 3757, 3755, 3756, -1, 3752, 3753, 3758, -1, 3752, 3758, 3759, -1,
3752, 3759, 3760, -1, 3752, 3760, 3751, -1, 3760, 3761, 3749, -1, 3760, 3749, 3750, -1,
3760, 3750, 3751, -1, 3762, 3783, 3748, -1, 3762, 3748, 3749, -1, 3762, 3749, 3761, -1,
3742, 3744, 3741, -1, 3741, 3744, 3746, -1, 3741, 3746, 3785, -1, 3785, 3746, 3747, -1,
3785, 3747, 3784, -1, 3784, 3747, 3748, -1, 3784, 3748, 3783, -1, 748, 749, 3820, -1,
748, 3820, 3821, -1, 748, 3821, 3822, -1, 748, 3822, 3823, -1, 748, 3823, 747, -1,
750, 751, 3817, -1, 750, 3817, 3818, -1, 750, 3818, 3819, -1, 750, 3819, 3820, -1,
750, 3820, 749, -1, 738, 3816, 753, -1, 753, 3816, 3817, -1, 753, 3817, 752, -1,
752, 3817, 751, -1, 3852, 3853, 3857, -1, 3852, 3857, 3858, -1, 3852, 3858, 3850, -1,
3852, 3850, 3851, -1, 2192, 2193, 2146, -1, 2192, 2146, 2189, -1, 2192, 2189, 2190, -1,
2192, 2190, 2191, -1, 698, 699, 691, -1, 698, 691, 692, -1, 698, 692, 693, -1,
698, 693, 696, -1, 698, 696, 697, -1, 696, 693, 694, -1, 696, 694, 695, -1,
699, 700, 689, -1, 699, 689, 690, -1, 699, 690, 691, -1, 703, 704, 668, -1,
703, 668, 669, -1, 703, 669, 670, -1, 703, 670, 671, -1, 665, 666, 707, -1,
707, 666, 667, -1, 707, 667, 706, -1, 706, 667, 668, -1, 706, 668, 705, -1,
705, 668, 704, -1, 664, 665, 707, -1, 664, 707, 708, -1, 664, 708, 709, -1,
664, 709, 710, -1, 664, 710, 663, -1, 2151, 2152, 2135, -1, 2151, 2135, 2136, -1,
2151, 2136, 2137, -1, 2151, 2137, 2138, -1, 2133, 2134, 2154, -1, 2154, 2134, 2135, -1,
2154, 2135, 2153, -1, 2153, 2135, 2152, -1, 2133, 2154, 2155, -1, 2133, 2155, 2156, -1,
2133, 2156, 2157, -1, 2133, 2157, 2132, -1, 2157, 2158, 2130, -1, 2157, 2130, 2131, -1,
2157, 2131, 2132, -1, 3839, 3840, 3841, -1, 3839, 3841, 3836, -1, 3839, 3836, 3837, -1,
3839, 3837, 3838, -1, 3841, 3842, 3836, -1, 3836, 3842, 3843, -1, 3836, 3843, 3835, -1,
3835, 3843, 3864, -1, 3835, 3864, 3865, -1, 3863, 3864, 3843, -1, 3863, 3843, 3844, -1,
3863, 3844, 3845, -1, 3863, 3845, 3846, -1, 3863, 3846, 3862, -1, 3861, 3862, 3846, -1,
3861, 3846, 3847, -1, 3861, 3847, 3848, -1, 3861, 3848, 3849, -1, 3861, 3849, 3860, -1,
3859, 3860, 3849, -1, 3859, 3849, 3850, -1, 3859, 3850, 3858, -1, 3856, 3857, 3853, -1,
3856, 3853, 3854, -1, 3856, 3854, 3855, -1, 3881, 3882, 3877, -1, 3881, 3877, 3878, -1,
3881, 3878, 3879, -1, 3881, 3879, 3880, -1, 3875, 3876, 3884, -1, 3884, 3876, 3877, -1,
3884, 3877, 3883, -1, 3883, 3877, 3882, -1, 3875, 3884, 3874, -1, 3874, 3884, 3866, -1,
3874, 3866, 3873, -1, 3873, 3866, 3867, -1, 3873, 3867, 3872, -1, 3872, 3867, 3868, -1,
3872, 3868, 3871, -1, 3871, 3868, 3869, -1, 3871, 3869, 3870, -1, 3889, 3890, 3928, -1,
3928, 3890, 3891, -1, 3928, 3891, 3916, -1, 3916, 3891, 3892, -1, 3916, 3892, 3915, -1,
3915, 3892, 3914, -1, 3889, 3928, 3929, -1, 3889, 3929, 3930, -1, 3889, 3930, 3931, -1,
3889, 3931, 3888, -1, 3887, 3888, 3931, -1, 3887, 3931, 3932, -1, 3887, 3932, 3933, -1,
3887, 3933, 3934, -1, 3887, 3934, 3886, -1, 3886, 3934, 3885, -1, 3885, 3934, 3935, -1,
3885, 3935, 3914, -1, 3914, 3935, 3900, -1, 3914, 3900, 3901, -1, 3922, 3923, 3921, -1,
3921, 3923, 3924, -1, 3921, 3924, 3919, -1, 3919, 3924, 3925, -1, 3919, 3925, 3918, -1,
3918, 3925, 3917, -1, 3926, 3927, 3916, -1, 3926, 3916, 3917, -1, 3926, 3917, 3925, -1,
2259, 2260, 2298, -1, 2298, 2260, 2261, -1, 2298, 2261, 2286, -1, 2286, 2261, 2262, -1,
2286, 2262, 2285, -1, 2285, 2262, 2284, -1, 2259, 2298, 2299, -1, 2259, 2299, 2300, -1,
2259, 2300, 2301, -1, 2259, 2301, 2258, -1, 2257, 2258, 2301, -1, 2257, 2301, 2302, -1,
2257, 2302, 2303, -1, 2257, 2303, 2304, -1, 2257, 2304, 2256, -1, 2304, 2305, 2255, -1,
2304, 2255, 2256, -1, 2292, 2293, 2291, -1, 2291, 2293, 2294, -1, 2291, 2294, 2289, -1,
2289, 2294, 2295, -1, 2289, 2295, 2288, -1, 2288, 2295, 2287, -1, 2296, 2297, 2286, -1,
2296, 2286, 2287, -1, 2296, 2287, 2295, -1, 2275, 2276, 2280, -1, 2280, 2276, 2277, -1,
2280, 2277, 2279, -1, 2279, 2277, 2278, -1, 2274, 2275, 2280, -1, 2274, 2280, 2281, -1,
2274, 2281, 2282, -1, 2274, 2282, 2273, -1, 2282, 2283, 2271, -1, 2282, 2271, 2272, -1,
2282, 2272, 2273, -1, 2284, 2270, 2271, -1, 2284, 2271, 2283, -1, 3905, 3906, 3910, -1,
3910, 3906, 3907, -1, 3910, 3907, 3909, -1, 3909, 3907, 3908, -1, 3904, 3905, 3910, -1,
3904, 3910, 3911, -1, 3904, 3911, 3912, -1, 3904, 3912, 3903, -1, 3912, 3913, 3901, -1,
3912, 3901, 3902, -1, 3912, 3902, 3903, -1, 3894, 3896, 3893, -1, 3893, 3896, 3898, -1,
3893, 3898, 3937, -1, 3937, 3898, 3899, -1, 3937, 3899, 3936, -1, 3936, 3899, 3900, -1,
3936, 3900, 3935, -1, 3898, 3896, 3897, -1, 3896, 3894, 3895, -1, 3893, 3937, 3938, -1,
3914, 3901, 3913, -1, 3921, 3919, 3920, -1, 873, 871, 872, -1, 2263, 2307, 2308, -1,
2291, 2289, 2290, -1, 2298, 2286, 2297, -1, 3914, 3892, 3885, -1, 3928, 3916, 3927, -1,
2146, 2188, 2189, -1, 663, 710, 711, -1, 700, 688, 689, -1, 3769, 3767, 3768, -1,
3811, 3809, 3810, -1, 3746, 3744, 3745, -1, 3744, 3742, 3743, -1, 3741, 3785, 3786, -1,
3671, 3669, 3670, -1, 3676, 3674, 3675, -1, 3674, 3672, 3673, -1, 3614, 3608, 3609, -1,
3541, 3539, 3540, -1, 3546, 3544, 3545, -1, 3544, 3542, 3543, -1, 3493, 3491, 3492, -1,
3491, 3489, 3490, -1, 3488, 3532, 3533, -1, 3509, 3496, 3508, -1, 3516, 3514, 3515, -1,
3509, 3487, 3480, -1, 3523, 3511, 3522, -1, 3477, 3475, 3476, -1, 3454, 3452, 3453, -1,
3470, 3468, 3469, -1, 3333, 3331, 3332, -1, 3328, 3326, 3327, -1, 3294, 3288, 3289, -1,
3240, 3238, 3239, -1, 3227, 3201, 3202, -1, 3235, 3233, 3234, -1, 3127, 3125, 3126, -1,
3125, 3123, 3124, -1, 3122, 3166, 3167, -1, 3143, 3130, 3142, -1, 3150, 3148, 3149, -1,
3178, 3176, 3177, -1, 3171, 3169, 3170, -1, 3180, 3178, 3179, -1, 3143, 3121, 3114, -1,
3157, 3145, 3156, -1, 3029, 3027, 3028, -1, 3022, 3020, 3021, -1, 3031, 3029, 3030, -1,
3061, 3059, 3060, -1, 3054, 3052, 3053, -1, 3063, 3061, 3062, -1, 2960, 2958, 2959, -1,
2897, 2895, 2896, -1, 2902, 2900, 2901, -1, 2900, 2898, 2899, -1, 2864, 2862, 2863, -1,
335, 333, 334, -1, 366, 364, 365, -1, 364, 362, 363, -1, 361, 405, 406, -1,
382, 369, 381, -1, 389, 387, 388, -1, 2965, 2963, 2964, -1, 382, 360, 353, -1,
396, 384, 395, -1, 2822, 2820, 2821, -1, 2799, 2797, 2798, -1, 2815, 2813, 2814, -1,
2737, 2735, 2736, -1, 2724, 2698, 2699, -1, 2714, 2752, 2753, -1, 2732, 2730, 2731, -1,
1690, 1691, 1689, -1, 2588, 2586, 2587, -1, 2583, 2581, 2582, -1, 2425, 2423, 2424, -1,
2430, 2428, 2429, -1, 2428, 2426, 2427, -1, 2415, 2413, 2414, -1, 2392, 2390, 2391, -1,
2408, 2406, 2407, -1, 1034, 1032, 1033, -1, 2515, 2513, 2514, -1, 1551, 1549, 1550, -1,
1544, 1560, 1561, -1, 1041, 1029, 1040, -1, 1006, 1050, 1051, -1, 1048, 1012, 1013, -1,
2326, 2327, 2325, -1, 2268, 2266, 2267, -1, 3806, 3804, 3805, -1, 2165, 2163, 2164, -1,
2079, 2077, 2078, -1, 2056, 2054, 2055, -1, 2072, 2070, 2071, -1, 2020, 2018, 2019, -1,
2082, 2128, 2129, -1, 2128, 2126, 2127, -1, 2125, 2123, 2124, -1, 2170, 2168, 2169, -1,
2168, 2166, 2167, -1, 1997, 1995, 1996, -1, 1995, 1993, 1994, -1, 1992, 2036, 2037, -1,
1890, 1888, 1889, -1, 1885, 1883, 1884, -1, 1786, 1784, 1785, -1, 1781, 1779, 1780, -1,
1789, 1787, 1788, -1, 1774, 1826, 1827, -1, 1761, 1763, 1764, -1, 1731, 1729, 1730, -1,
1736, 1734, 1735, -1, 1644, 1646, 1647, -1, 1614, 1612, 1613, -1, 1619, 1617, 1618, -1,
1102, 1100, 1101, -1, 1078, 1068, 1069, -1, 1556, 1554, 1555, -1, 1469, 1471, 1472, -1,
1439, 1437, 1438, -1, 1444, 1442, 1443, -1, 69, 67, 68, -1, 1377, 1375, 1376, -1,
1372, 1370, 1371, -1, 1278, 1268, 1269, -1, 32, 20, 21, -1, 134, 132, 133, -1,
1244, 1242, 1243, -1, 1221, 1219, 1220, -1, 1237, 1235, 1236, -1, 1140, 1138, 1139, -1,
1135, 1133, 1134, -1, 1107, 1105, 1106, -1, 1011, 1009, 1010, -1, 976, 974, 975, -1,
953, 951, 952, -1, 969, 967, 968, -1, 850, 848, 849, -1, 848, 846, 847, -1,
880, 868, 879, -1, 815, 813, 814, -1, 808, 806, 807, -1, 817, 815, 816, -1,
771, 772, 770, -1, 658, 736, 737, -1, 733, 731, 732, -1, 728, 660, 661, -1,
614, 612, 613, -1, 632, 622, 623, -1, 609, 607, 608, -1, 592, 590, 591, -1,
563, 553, 554, -1, 587, 585, 586, -1, 478, 540, 541, -1, 537, 535, 536, -1,
424, 425, 423, -1, 312, 310, 311, -1, 310, 308, 309, -1, 307, 351, 352, -1,
328, 315, 327, -1, 328, 306, 299, -1, 342, 330, 341, -1, 291, 289, 290, -1,
262, 252, 253, -1, 286, 284, 285, -1, 177, 175, 176, -1, 172, 170, 171, -1,
111, 109, 110, -1, 109, 107, 108, -1, 106, 150, 151, -1, 127, 114, 126, -1,
127, 105, 98, -1, 141, 129, 140, -1, 74, 72, 73, -1
            ]
          }
        }
      ]
    }
  ]
}
Transform {
  children [
    Group {
      children [
        Shape {
          appearance Appearance {
            material Material {
              diffuseColor 0.9 0.9 0.9
              specularColor 0.1 0.1 0.1
              emissiveColor 0 0 0
              ambientIntensity 0.9
              transparency 0
              shininess 0.02
            }
          }
          geometry IndexedFaceSet {
            solid TRUE
            coord Coordinate {
              point [
73.346222 -30.920247 -0.334646, 73.316694 -30.920247 -0.334646,
73.301931 -30.945819 -0.334646, 73.301932 -31.257559 -0.334646,
73.288443 -31.284533 -0.334646, 73.276472 -31.296505 -0.334646,
73.249497 -31.309992 -0.334646, 73.188449 -31.309993 -0.334646,
73.161473 -31.296505 -0.334646, 73.149502 -31.284534 -0.334646,
73.136015 -31.257559 -0.334646, 73.136014 -30.945819 -0.334646,
73.12125 -30.920247 -0.334646, 73.091723 -30.920247 -0.334646,
73.076959 -30.945819 -0.334646, 73.076959 -31.264529 -0.334646,
73.080501 -31.270664 -0.334646, 73.080076 -31.277734 -0.334646,
73.098824 -31.31523 -0.334646, 73.103045 -31.318017 -0.334646,
73.104355 -31.322904 -0.334646, 73.123103 -31.341651 -0.334646,
73.127989 -31.34296 -0.334646, 73.130777 -31.347182 -0.334646,
73.168272 -31.36593 -0.334646, 73.175343 -31.365506 -0.334646,
73.181477 -31.369047 -0.334646, 73.256468 -31.369047 -0.334646,
73.262602 -31.365506 -0.334646, 73.269673 -31.36593 -0.334646,
73.307168 -31.347182 -0.334646, 73.309954 -31.34296 -0.334646,
73.314842 -31.341651 -0.334646, 73.33359 -31.322904 -0.334646,
73.334898 -31.318017 -0.334646, 73.339121 -31.31523 -0.334646,
73.357869 -31.277734 -0.334646, 73.357444 -31.270664 -0.334646,
73.360986 -31.264529 -0.334646, 73.360986 -30.945819 -0.334646,
72.982075 -31.336152 -0.334646, 72.982077 -31.324756 -0.334646,
72.978464 -31.32267 -0.334646, 72.977384 -31.318641 -0.334646,
72.757342 -31.098598 -0.334646, 72.742313 -31.053513 -0.334646,
72.742313 -31.02778 -0.334646, 72.755801 -31.000805 -0.334646,
72.767774 -30.988835 -0.334646, 72.794746 -30.975346 -0.334646,
72.874542 -30.975346 -0.334646, 72.90152 -30.988835 -0.334646,
72.916878 -31.004194 -0.334646, 72.9454 -31.011836 -0.334646,
72.966279 -30.990957 -0.334646, 72.958637 -30.962435 -0.334646,
72.939889 -30.943688 -0.334646, 72.935001 -30.942378 -0.334646,
72.932215 -30.938157 -0.334646, 72.89472 -30.919409 -0.334646,
72.887651 -30.919834 -0.334646, 72.881515 -30.916291 -0.334646,
72.787776 -30.916291 -0.334646, 72.781644 -30.919834 -0.334646,
72.774571 -30.919409 -0.334646, 72.737076 -30.938157 -0.334646,
72.734288 -30.942378 -0.334646, 72.729402 -30.943688 -0.334646,
72.710654 -30.962435 -0.334646, 72.709344 -30.967322 -0.334646,
72.705123 -30.970109 -0.334646, 72.686376 -31.007605 -0.334646,
72.6868 -31.014675 -0.334646, 72.683258 -31.02081 -0.334646,
72.683258 -31.058305 -0.334646, 72.685787 -31.062686 -0.334646,
72.684774 -31.067643 -0.334646, 72.703521 -31.123885 -0.334646,
72.708821 -31.128585 -0.334646, 72.710654 -31.135427 -0.334646,
72.88522 -31.309992 -0.334646, 72.712786 -31.309992 -0.334646,
72.687214 -31.324756 -0.334646, 72.687214 -31.354283 -0.334646,
72.712786 -31.369047 -0.334646, 72.956505 -31.369047 -0.334646,
72.960118 -31.366961 -0.334646, 72.964147 -31.368041 -0.334646,
72.972204 -31.359981 -0.334646, 72.982077 -31.354283 -0.334646,
72.982076 -31.350112 -0.334646, 72.985027 -31.347162 -0.334646,
73.820863 -28.802461 -0.334646, 73.799213 -28.789961 -0.334646,
73.031496 -28.789961 -0.334646, 72.26378 -28.789961 -0.334646,
72.242129 -28.802461 -0.334646, 72.242129 -28.827461 -0.334646,
72.26378 -28.839961 -0.334646, 73.031496 -28.839961 -0.334646,
73.799213 -28.839961 -0.334646, 73.820863 -28.827461 -0.334646,
73.820863 -30.818209 -0.334646, 73.799213 -30.805709 -0.334646,
73.031496 -30.805709 -0.334646, 71.673228 -30.805709 -0.334646,
71.651578 -30.818209 -0.334646, 71.651578 -30.843209 -0.334646,
71.673228 -30.855709 -0.334646, 73.031496 -30.855709 -0.334646,
73.799213 -30.855709 -0.334646, 73.820863 -30.843209 -0.334646
              ]
            }
            coordIndex [
38, 37, 39, -1, 39, 37, 0, -1, 0, 37, 35, -1, 35, 37, 36, -1,
32, 31, 1, -1, 32, 1, 33, -1, 33, 1, 0, -1, 33, 0, 34, -1,
34, 0, 35, -1, 31, 30, 1, -1, 1, 30, 3, -1, 3, 30, 4, -1,
4, 30, 5, -1, 5, 30, 29, -1, 16, 14, 13, -1, 16, 13, 18, -1,
18, 13, 12, -1, 18, 12, 19, -1, 19, 12, 20, -1, 6, 5, 27, -1,
27, 5, 28, -1, 28, 5, 29, -1, 8, 7, 24, -1, 24, 7, 25, -1,
25, 7, 26, -1, 26, 7, 27, -1, 27, 7, 6, -1, 22, 21, 11, -1,
22, 11, 23, -1, 23, 11, 10, -1, 23, 10, 24, -1, 24, 10, 9, -1,
24, 9, 8, -1, 20, 12, 21, -1, 21, 12, 11, -1, 54, 53, 55, -1,
55, 53, 56, -1, 56, 53, 57, -1, 57, 53, 58, -1, 58, 53, 52, -1,
52, 51, 58, -1, 58, 51, 59, -1, 59, 51, 60, -1, 60, 51, 61, -1,
61, 51, 50, -1, 50, 49, 61, -1, 61, 49, 62, -1, 62, 49, 63, -1,
63, 49, 64, -1, 64, 49, 48, -1, 45, 66, 65, -1, 45, 65, 46, -1,
46, 65, 64, -1, 46, 64, 47, -1, 47, 64, 48, -1, 41, 40, 42, -1,
42, 40, 89, -1, 89, 40, 90, -1, 90, 40, 91, -1, 44, 43, 80, -1,
80, 43, 85, -1, 85, 43, 86, -1, 86, 43, 87, -1, 87, 43, 88, -1,
88, 43, 89, -1, 89, 43, 42, -1, 67, 66, 45, -1, 67, 45, 68, -1,
68, 45, 44, -1, 68, 44, 79, -1, 79, 44, 80, -1, 75, 73, 72, -1,
75, 72, 77, -1, 77, 72, 70, -1, 77, 70, 78, -1, 78, 70, 69, -1,
78, 69, 79, -1, 79, 69, 68, -1, 82, 81, 84, -1, 84, 81, 85, -1,
85, 81, 80, -1, 98, 96, 95, -1, 98, 95, 99, -1, 99, 95, 94, -1,
99, 94, 100, -1, 100, 94, 93, -1, 100, 93, 101, -1, 101, 93, 92, -1,
108, 106, 105, -1, 108, 105, 109, -1, 109, 105, 104, -1, 109, 104, 110, -1,
110, 104, 103, -1, 110, 103, 111, -1, 111, 103, 102, -1, 106, 108, 107, -1,
96, 98, 97, -1, 75, 77, 76, -1, 73, 75, 74, -1, 82, 84, 83, -1,
70, 72, 71, -1, 16, 18, 17, -1, 14, 16, 15, -1, 1, 3, 2, -1
            ]
          }
        }
      ]
    }
  ]
}
]
}
