#VRML V2.0 utf8
WorldInfo {
  title "/home/atait/.config/kicad/scripting/plugins/kicad-sandwiches/examples/three-board-example/kisandwich-out/three-board-example-sandwich_MID.wrl - Generated by Pcbnew"
}
Transform {
  scale 2.54 2.54 2.54
  children [
Transform {
  rotation -4.3298e-17 -0.70711 0.70711 3.1416
  translation 84 -21 0.826772
  scale 1 1 1
  children [
    Inline {
      url "shapes3D/CUI_DEVICES_CLS0281MAE-L152.wrl"
    } ]
  }
Transform {
  children [
    Group {
      children [
        Shape {
          appearance Appearance {
            material Material {
              diffuseColor 0.07 0.3 0.12
              specularColor 0.01 0.03 0.01
              emissiveColor 0 0 0
              ambientIntensity 0.8
              transparency 0
              shininess 0.02
            }
          }
          geometry IndexedFaceSet {
            solid TRUE
            coord Coordinate {
              point [
92.5 -35.728346 0.310039, 92.5 -13.779528 0.310039,
57.086614 -13.779528 0.310039, 57.086614 -35.728346 0.310039,
90.895551 -21. 0.310039, 90.895551 -21. 0.310039,
90.887428 -21.098024 0.310039, 90.863282 -21.193375 0.310039,
90.823771 -21.283451 0.310039, 90.769973 -21.365795 0.310039,
90.703356 -21.438161 0.310039, 90.625736 -21.498575 0.310039,
90.53923 -21.54539 0.310039, 90.446199 -21.577327 0.310039,
90.34918 -21.593517 0.310039, 90.25082 -21.593517 0.310039,
90.153801 -21.577327 0.310039, 90.06077 -21.54539 0.310039,
89.974264 -21.498575 0.310039, 89.896644 -21.438161 0.310039,
89.830027 -21.365795 0.310039, 89.776229 -21.283451 0.310039,
89.736718 -21.193375 0.310039, 89.712572 -21.098024 0.310039,
89.704449 -21. 0.310039, 89.712572 -20.901976 0.310039,
89.736718 -20.806625 0.310039, 89.776229 -20.716549 0.310039,
89.830027 -20.634205 0.310039, 89.896644 -20.561839 0.310039,
89.974264 -20.501425 0.310039, 90.06077 -20.45461 0.310039,
90.153801 -20.422673 0.310039, 90.25082 -20.406483 0.310039,
90.34918 -20.406483 0.310039, 90.446199 -20.422673 0.310039,
90.53923 -20.45461 0.310039, 90.625736 -20.501425 0.310039,
90.703356 -20.561839 0.310039, 90.769973 -20.634205 0.310039,
90.823771 -20.716549 0.310039, 90.863282 -20.806625 0.310039,
90.887428 -20.901976 0.310039, 71.062992 -31.299213 0.310039,
71.062992 -27.755906 0.310039, 75.590551 -27.755906 0.310039,
75.590551 -31.299213 0.310039, 59.055118 -31.496063 0.310039,
59.055118 -27.559055 0.310039, 63.976378 -27.559055 0.310039,
63.976378 -31.496063 0.310039, 63.63189 -34.645669 0.310039,
63.660086 -34.55889 0.310039, 63.733905 -34.505257 0.310039,
63.82515 -34.505257 0.310039, 63.898969 -34.55889 0.310039,
63.927165 -34.645669 0.310039, 63.898969 -34.732449 0.310039,
63.82515 -34.786081 0.310039, 63.733905 -34.786081 0.310039,
63.660086 -34.732449 0.310039, 68.75 -29.92126 0.310039,
68.778196 -29.834481 0.310039, 68.852015 -29.780848 0.310039,
68.94326 -29.780848 0.310039, 69.017079 -29.834481 0.310039,
69.045276 -29.92126 0.310039, 69.017079 -30.008039 0.310039,
68.94326 -30.061672 0.310039, 68.852015 -30.061672 0.310039,
68.778196 -30.008039 0.310039, 67.959008 -28.093168 0.310039,
67.867763 -28.093168 0.310039, 67.793944 -28.039535 0.310039,
67.765748 -27.952756 0.310039, 67.793944 -27.865977 0.310039,
67.867763 -27.812344 0.310039, 67.959008 -27.812344 0.310039,
68.032827 -27.865977 0.310039, 68.061024 -27.952756 0.310039,
68.032827 -28.039535 0.310039, 67.962598 -34.645669 0.310039,
67.990795 -34.55889 0.310039, 68.064614 -34.505257 0.310039,
68.155859 -34.505257 0.310039, 68.229678 -34.55889 0.310039,
68.257874 -34.645669 0.310039, 68.229678 -34.732449 0.310039,
68.155859 -34.786081 0.310039, 68.064614 -34.786081 0.310039,
67.990795 -34.732449 0.310039, 66.555117 -32.185039 0.310039,
66.594487 -32.116848 0.310039, 66.673227 -32.116848 0.310039,
66.712597 -32.185039 0.310039, 66.673227 -32.25323 0.310039,
66.594487 -32.25323 0.310039, 65.305118 -32.185039 0.310039,
65.276922 -32.271819 0.310039, 65.203103 -32.325451 0.310039,
65.111858 -32.325451 0.310039, 65.038039 -32.271819 0.310039,
65.009843 -32.185039 0.310039, 65.038039 -32.09826 0.310039,
65.111858 -32.044627 0.310039, 65.203103 -32.044627 0.310039,
65.276922 -32.09826 0.310039, 65.994094 -34.645669 0.310039,
66.022291 -34.55889 0.310039, 66.09611 -34.505257 0.310039,
66.187355 -34.505257 0.310039, 66.261174 -34.55889 0.310039,
66.28937 -34.645669 0.310039, 66.261174 -34.732449 0.310039,
66.187355 -34.786081 0.310039, 66.09611 -34.786081 0.310039,
66.022291 -34.732449 0.310039, 78.488022 -21.006972 0.310039,
78.495475 -20.713369 0.310039, 78.518556 -20.42058 0.310039,
78.5572 -20.129435 0.310039, 78.611297 -19.840763 0.310039,
78.680693 -19.555381 0.310039, 78.765191 -19.274102 0.310039,
78.864551 -18.997722 0.310039, 78.978492 -18.727027 0.310039,
79.106689 -18.462785 0.310039, 79.248779 -18.205746 0.310039,
79.404358 -17.956641 0.310039, 79.572985 -17.716177 0.310039,
79.754181 -17.485035 0.310039, 79.947431 -17.263874 0.310039,
80.152187 -17.053319 0.310039, 80.367868 -16.853969 0.310039,
80.593861 -16.666391 0.310039, 80.829524 -16.491116 0.310039,
81.074188 -16.328643 0.310039, 81.327159 -16.179432 0.310039,
81.587719 -16.043907 0.310039, 81.855127 -15.922454 0.310039,
82.128625 -15.815416 0.310039, 82.407437 -15.723098 0.310039,
82.690769 -15.645762 0.310039, 82.977819 -15.583627 0.310039,
83.26777 -15.53687 0.310039, 83.559801 -15.505623 0.310039,
83.853082 -15.489976 0.310039, 84.14678 -15.489972 0.310039,
84.44006 -15.505612 0.310039, 84.732092 -15.536851 0.310039,
85.022045 -15.583601 0.310039, 85.309096 -15.645729 0.310039,
85.592431 -15.723058 0.310039, 85.871244 -15.815369 0.310039,
86.144745 -15.9224 0.310039, 86.412156 -16.043847 0.310039,
86.672719 -16.179365 0.310039, 86.925694 -16.328569 0.310039,
87.170363 -16.491037 0.310039, 87.40603 -16.666305 0.310039,
87.632028 -16.853878 0.310039, 87.847713 -17.053222 0.310039,
88.052474 -17.263771 0.310039, 88.24573 -17.484928 0.310039,
88.426932 -17.716065 0.310039, 88.595565 -17.956526 0.310039,
88.751151 -18.205627 0.310039, 88.893247 -18.462662 0.310039,
89.021451 -18.7269 0.310039, 89.135398 -18.997593 0.310039,
89.234766 -19.27397 0.310039, 89.319271 -19.555247 0.310039,
89.388674 -19.840627 0.310039, 89.442778 -20.129298 0.310039,
89.481429 -20.420441 0.310039, 89.504518 -20.71323 0.310039,
89.511978 -21.006833 0.310039, 89.50379 -21.300416 0.310039,
89.479975 -21.593147 0.310039, 89.440602 -21.884193 0.310039,
89.385783 -22.17273 0.310039, 89.315673 -22.457936 0.310039,
89.23047 -22.739004 0.310039, 89.130418 -23.015133 0.310039,
89.0158 -23.285542 0.310039, 88.886941 -23.549462 0.310039,
88.744208 -23.806144 0.310039, 88.588005 -24.054859 0.310039,
88.418777 -24.2949 0.310039, 88.237002 -24.525587 0.310039,
88.043199 -24.746264 0.310039, 87.837916 -24.956306 0.310039,
87.621737 -25.155114 0.310039, 87.395276 -25.342126 0.310039,
87.395276 -28.433071 0.310039, 85.565067 -28.433071 0.310039,
85.583 -28.5 0.310039, 85.555535 -28.6025 0.310039,
85.4805 -28.677535 0.310039, 85.378 -28.705 0.310039,
85.2755 -28.677535 0.310039, 85.200465 -28.6025 0.310039,
85.173 -28.5 0.310039, 85.190933 -28.433071 0.310039,
82.809067 -28.433071 0.310039, 82.827 -28.5 0.310039,
82.799535 -28.6025 0.310039, 82.7245 -28.677535 0.310039,
82.622 -28.705 0.310039, 82.5195 -28.677535 0.310039,
82.444465 -28.6025 0.310039, 82.417 -28.5 0.310039,
82.434935 -28.433071 0.310039, 80.604724 -28.433071 0.310039,
80.604724 -25.342126 0.310039, 80.378368 -25.155206 0.310039,
80.162183 -24.956402 0.310039, 79.956895 -24.746366 0.310039,
79.763086 -24.525694 0.310039, 79.581306 -24.295011 0.310039,
79.412072 -24.054974 0.310039, 79.255863 -23.806263 0.310039,
79.113123 -23.549585 0.310039, 78.984257 -23.285669 0.310039,
78.869633 -23.015263 0.310039, 78.769573 -22.739135 0.310039,
78.684364 -22.45807 0.310039, 78.614246 -22.172865 0.310039,
78.55942 -21.88433 0.310039, 78.52004 -21.593285 0.310039,
78.496218 -21.300555 0.310039, 78.295551 -21. 0.310039,
78.295551 -21. 0.310039, 78.287428 -21.098024 0.310039,
78.263282 -21.193375 0.310039, 78.223771 -21.283451 0.310039,
78.169973 -21.365795 0.310039, 78.103356 -21.438161 0.310039,
78.025736 -21.498575 0.310039, 77.93923 -21.54539 0.310039,
77.846199 -21.577327 0.310039, 77.74918 -21.593517 0.310039,
77.65082 -21.593517 0.310039, 77.553801 -21.577327 0.310039,
77.46077 -21.54539 0.310039, 77.374264 -21.498575 0.310039,
77.296644 -21.438161 0.310039, 77.230027 -21.365795 0.310039,
77.176229 -21.283451 0.310039, 77.136718 -21.193375 0.310039,
77.112572 -21.098024 0.310039, 77.104449 -21. 0.310039,
77.112572 -20.901976 0.310039, 77.136718 -20.806625 0.310039,
77.176229 -20.716549 0.310039, 77.230027 -20.634205 0.310039,
77.296644 -20.561839 0.310039, 77.374264 -20.501425 0.310039,
77.46077 -20.45461 0.310039, 77.553801 -20.422673 0.310039,
77.65082 -20.406483 0.310039, 77.74918 -20.406483 0.310039,
77.846199 -20.422673 0.310039, 77.93923 -20.45461 0.310039,
78.025736 -20.501425 0.310039, 78.103356 -20.561839 0.310039,
78.169973 -20.634205 0.310039, 78.223771 -20.716549 0.310039,
78.263282 -20.806625 0.310039, 78.287428 -20.901976 0.310039,
92.5 -35.728346 -0.310039, 92.5 -13.779528 -0.310039,
57.086614 -13.779528 -0.310039, 57.086614 -35.728346 -0.310039,
90.895551 -21. -0.310039, 90.895551 -21. -0.310039,
90.887428 -21.098024 -0.310039, 90.863282 -21.193375 -0.310039,
90.823771 -21.283451 -0.310039, 90.769973 -21.365795 -0.310039,
90.703356 -21.438161 -0.310039, 90.625736 -21.498575 -0.310039,
90.53923 -21.54539 -0.310039, 90.446199 -21.577327 -0.310039,
90.34918 -21.593517 -0.310039, 90.25082 -21.593517 -0.310039,
90.153801 -21.577327 -0.310039, 90.06077 -21.54539 -0.310039,
89.974264 -21.498575 -0.310039, 89.896644 -21.438161 -0.310039,
89.830027 -21.365795 -0.310039, 89.776229 -21.283451 -0.310039,
89.736718 -21.193375 -0.310039, 89.712572 -21.098024 -0.310039,
89.704449 -21. -0.310039, 89.712572 -20.901976 -0.310039,
89.736718 -20.806625 -0.310039, 89.776229 -20.716549 -0.310039,
89.830027 -20.634205 -0.310039, 89.896644 -20.561839 -0.310039,
89.974264 -20.501425 -0.310039, 90.06077 -20.45461 -0.310039,
90.153801 -20.422673 -0.310039, 90.25082 -20.406483 -0.310039,
90.34918 -20.406483 -0.310039, 90.446199 -20.422673 -0.310039,
90.53923 -20.45461 -0.310039, 90.625736 -20.501425 -0.310039,
90.703356 -20.561839 -0.310039, 90.769973 -20.634205 -0.310039,
90.823771 -20.716549 -0.310039, 90.863282 -20.806625 -0.310039,
90.887428 -20.901976 -0.310039, 71.062992 -31.299213 -0.310039,
71.062992 -27.755906 -0.310039, 75.590551 -27.755906 -0.310039,
75.590551 -31.299213 -0.310039, 59.055118 -31.496063 -0.310039,
59.055118 -27.559055 -0.310039, 63.976378 -27.559055 -0.310039,
63.976378 -31.496063 -0.310039, 63.63189 -34.645669 -0.310039,
63.660086 -34.55889 -0.310039, 63.733905 -34.505257 -0.310039,
63.82515 -34.505257 -0.310039, 63.898969 -34.55889 -0.310039,
63.927165 -34.645669 -0.310039, 63.898969 -34.732449 -0.310039,
63.82515 -34.786081 -0.310039, 63.733905 -34.786081 -0.310039,
63.660086 -34.732449 -0.310039, 68.75 -29.92126 -0.310039,
68.778196 -29.834481 -0.310039, 68.852015 -29.780848 -0.310039,
68.94326 -29.780848 -0.310039, 69.017079 -29.834481 -0.310039,
69.045276 -29.92126 -0.310039, 69.017079 -30.008039 -0.310039,
68.94326 -30.061672 -0.310039, 68.852015 -30.061672 -0.310039,
68.778196 -30.008039 -0.310039, 67.959008 -28.093168 -0.310039,
67.867763 -28.093168 -0.310039, 67.793944 -28.039535 -0.310039,
67.765748 -27.952756 -0.310039, 67.793944 -27.865977 -0.310039,
67.867763 -27.812344 -0.310039, 67.959008 -27.812344 -0.310039,
68.032827 -27.865977 -0.310039, 68.061024 -27.952756 -0.310039,
68.032827 -28.039535 -0.310039, 67.962598 -34.645669 -0.310039,
67.990795 -34.55889 -0.310039, 68.064614 -34.505257 -0.310039,
68.155859 -34.505257 -0.310039, 68.229678 -34.55889 -0.310039,
68.257874 -34.645669 -0.310039, 68.229678 -34.732449 -0.310039,
68.155859 -34.786081 -0.310039, 68.064614 -34.786081 -0.310039,
67.990795 -34.732449 -0.310039, 66.555117 -32.185039 -0.310039,
66.594487 -32.116848 -0.310039, 66.673227 -32.116848 -0.310039,
66.712597 -32.185039 -0.310039, 66.673227 -32.25323 -0.310039,
66.594487 -32.25323 -0.310039, 65.305118 -32.185039 -0.310039,
65.276922 -32.271819 -0.310039, 65.203103 -32.325451 -0.310039,
65.111858 -32.325451 -0.310039, 65.038039 -32.271819 -0.310039,
65.009843 -32.185039 -0.310039, 65.038039 -32.09826 -0.310039,
65.111858 -32.044627 -0.310039, 65.203103 -32.044627 -0.310039,
65.276922 -32.09826 -0.310039, 65.994094 -34.645669 -0.310039,
66.022291 -34.55889 -0.310039, 66.09611 -34.505257 -0.310039,
66.187355 -34.505257 -0.310039, 66.261174 -34.55889 -0.310039,
66.28937 -34.645669 -0.310039, 66.261174 -34.732449 -0.310039,
66.187355 -34.786081 -0.310039, 66.09611 -34.786081 -0.310039,
66.022291 -34.732449 -0.310039, 78.488022 -21.006972 -0.310039,
78.495475 -20.713369 -0.310039, 78.518556 -20.42058 -0.310039,
78.5572 -20.129435 -0.310039, 78.611297 -19.840763 -0.310039,
78.680693 -19.555381 -0.310039, 78.765191 -19.274102 -0.310039,
78.864551 -18.997722 -0.310039, 78.978492 -18.727027 -0.310039,
79.106689 -18.462785 -0.310039, 79.248779 -18.205746 -0.310039,
79.404358 -17.956641 -0.310039, 79.572985 -17.716177 -0.310039,
79.754181 -17.485035 -0.310039, 79.947431 -17.263874 -0.310039,
80.152187 -17.053319 -0.310039, 80.367868 -16.853969 -0.310039,
80.593861 -16.666391 -0.310039, 80.829524 -16.491116 -0.310039,
81.074188 -16.328643 -0.310039, 81.327159 -16.179432 -0.310039,
81.587719 -16.043907 -0.310039, 81.855127 -15.922454 -0.310039,
82.128625 -15.815416 -0.310039, 82.407437 -15.723098 -0.310039,
82.690769 -15.645762 -0.310039, 82.977819 -15.583627 -0.310039,
83.26777 -15.53687 -0.310039, 83.559801 -15.505623 -0.310039,
83.853082 -15.489976 -0.310039, 84.14678 -15.489972 -0.310039,
84.44006 -15.505612 -0.310039, 84.732092 -15.536851 -0.310039,
85.022045 -15.583601 -0.310039, 85.309096 -15.645729 -0.310039,
85.592431 -15.723058 -0.310039, 85.871244 -15.815369 -0.310039,
86.144745 -15.9224 -0.310039, 86.412156 -16.043847 -0.310039,
86.672719 -16.179365 -0.310039, 86.925694 -16.328569 -0.310039,
87.170363 -16.491037 -0.310039, 87.40603 -16.666305 -0.310039,
87.632028 -16.853878 -0.310039, 87.847713 -17.053222 -0.310039,
88.052474 -17.263771 -0.310039, 88.24573 -17.484928 -0.310039,
88.426932 -17.716065 -0.310039, 88.595565 -17.956526 -0.310039,
88.751151 -18.205627 -0.310039, 88.893247 -18.462662 -0.310039,
89.021451 -18.7269 -0.310039, 89.135398 -18.997593 -0.310039,
89.234766 -19.27397 -0.310039, 89.319271 -19.555247 -0.310039,
89.388674 -19.840627 -0.310039, 89.442778 -20.129298 -0.310039,
89.481429 -20.420441 -0.310039, 89.504518 -20.71323 -0.310039,
89.511978 -21.006833 -0.310039, 89.50379 -21.300416 -0.310039,
89.479975 -21.593147 -0.310039, 89.440602 -21.884193 -0.310039,
89.385783 -22.17273 -0.310039, 89.315673 -22.457936 -0.310039,
89.23047 -22.739004 -0.310039, 89.130418 -23.015133 -0.310039,
89.0158 -23.285542 -0.310039, 88.886941 -23.549462 -0.310039,
88.744208 -23.806144 -0.310039, 88.588005 -24.054859 -0.310039,
88.418777 -24.2949 -0.310039, 88.237002 -24.525587 -0.310039,
88.043199 -24.746264 -0.310039, 87.837916 -24.956306 -0.310039,
87.621737 -25.155114 -0.310039, 87.395276 -25.342126 -0.310039,
87.395276 -28.433071 -0.310039, 85.565067 -28.433071 -0.310039,
85.583 -28.5 -0.310039, 85.555535 -28.6025 -0.310039,
85.4805 -28.677535 -0.310039, 85.378 -28.705 -0.310039,
85.2755 -28.677535 -0.310039, 85.200465 -28.6025 -0.310039,
85.173 -28.5 -0.310039, 85.190933 -28.433071 -0.310039,
82.809067 -28.433071 -0.310039, 82.827 -28.5 -0.310039,
82.799535 -28.6025 -0.310039, 82.7245 -28.677535 -0.310039,
82.622 -28.705 -0.310039, 82.5195 -28.677535 -0.310039,
82.444465 -28.6025 -0.310039, 82.417 -28.5 -0.310039,
82.434935 -28.433071 -0.310039, 80.604724 -28.433071 -0.310039,
80.604724 -25.342126 -0.310039, 80.378368 -25.155206 -0.310039,
80.162183 -24.956402 -0.310039, 79.956895 -24.746366 -0.310039,
79.763086 -24.525694 -0.310039, 79.581306 -24.295011 -0.310039,
79.412072 -24.054974 -0.310039, 79.255863 -23.806263 -0.310039,
79.113123 -23.549585 -0.310039, 78.984257 -23.285669 -0.310039,
78.869633 -23.015263 -0.310039, 78.769573 -22.739135 -0.310039,
78.684364 -22.45807 -0.310039, 78.614246 -22.172865 -0.310039,
78.55942 -21.88433 -0.310039, 78.52004 -21.593285 -0.310039,
78.496218 -21.300555 -0.310039, 78.295551 -21. -0.310039,
78.295551 -21. -0.310039, 78.287428 -21.098024 -0.310039,
78.263282 -21.193375 -0.310039, 78.223771 -21.283451 -0.310039,
78.169973 -21.365795 -0.310039, 78.103356 -21.438161 -0.310039,
78.025736 -21.498575 -0.310039, 77.93923 -21.54539 -0.310039,
77.846199 -21.577327 -0.310039, 77.74918 -21.593517 -0.310039,
77.65082 -21.593517 -0.310039, 77.553801 -21.577327 -0.310039,
77.46077 -21.54539 -0.310039, 77.374264 -21.498575 -0.310039,
77.296644 -21.438161 -0.310039, 77.230027 -21.365795 -0.310039,
77.176229 -21.283451 -0.310039, 77.136718 -21.193375 -0.310039,
77.112572 -21.098024 -0.310039, 77.104449 -21. -0.310039,
77.112572 -20.901976 -0.310039, 77.136718 -20.806625 -0.310039,
77.176229 -20.716549 -0.310039, 77.230027 -20.634205 -0.310039,
77.296644 -20.561839 -0.310039, 77.374264 -20.501425 -0.310039,
77.46077 -20.45461 -0.310039, 77.553801 -20.422673 -0.310039,
77.65082 -20.406483 -0.310039, 77.74918 -20.406483 -0.310039,
77.846199 -20.422673 -0.310039, 77.93923 -20.45461 -0.310039,
78.025736 -20.501425 -0.310039, 78.103356 -20.561839 -0.310039,
78.169973 -20.634205 -0.310039, 78.223771 -20.716549 -0.310039,
78.263282 -20.806625 -0.310039, 78.287428 -20.901976 -0.310039
              ]
            }
            coordIndex [
50, 47, 51, -1, 50, 51, 52, -1, 50, 52, 53, -1, 50, 53, 54, -1,
50, 54, 55, -1, 50, 55, 56, -1, 50, 56, 116, -1, 50, 116, 101, -1,
50, 101, 102, -1, 50, 102, 49, -1, 213, 214, 215, -1, 213, 215, 216, -1,
213, 216, 217, -1, 213, 217, 218, -1, 213, 218, 219, -1, 213, 219, 220, -1,
213, 220, 221, -1, 213, 221, 222, -1, 213, 222, 223, -1, 213, 223, 224, -1,
213, 224, 225, -1, 213, 225, 234, -1, 213, 234, 235, -1, 213, 235, 236, -1,
213, 236, 237, -1, 213, 237, 238, -1, 213, 238, 239, -1, 213, 239, 240, -1,
213, 240, 241, -1, 213, 241, 242, -1, 213, 242, 243, -1, 213, 243, 244, -1,
213, 244, 245, -1, 213, 245, 246, -1, 213, 246, 247, -1, 213, 247, 248, -1,
213, 248, 45, -1, 213, 45, 0, -1, 213, 0, 209, -1, 213, 209, 210, -1,
213, 210, 211, -1, 213, 211, 212, -1, 205, 206, 0, -1, 205, 0, 200, -1,
205, 200, 201, -1, 205, 201, 202, -1, 205, 202, 203, -1, 205, 203, 204, -1,
192, 193, 0, -1, 0, 193, 194, -1, 0, 194, 196, -1, 196, 194, 195, -1,
1, 2, 143, -1, 1, 143, 144, -1, 1, 144, 145, -1, 1, 145, 146, -1,
1, 146, 147, -1, 1, 147, 148, -1, 1, 148, 149, -1, 1, 149, 150, -1,
1, 150, 151, -1, 1, 151, 152, -1, 1, 152, 153, -1, 1, 153, 154, -1,
1, 154, 155, -1, 1, 155, 156, -1, 1, 156, 157, -1, 1, 157, 158, -1,
1, 158, 159, -1, 1, 159, 160, -1, 1, 160, 161, -1, 1, 161, 162, -1,
1, 162, 163, -1, 1, 163, 164, -1, 1, 164, 165, -1, 1, 165, 166, -1,
1, 166, 167, -1, 1, 167, 168, -1, 1, 168, 169, -1, 1, 169, 170, -1,
1, 170, 171, -1, 1, 171, 172, -1, 1, 172, 173, -1, 1, 173, 174, -1,
1, 174, 175, -1, 1, 175, 176, -1, 1, 176, 26, -1, 1, 26, 27, -1,
1, 27, 28, -1, 1, 28, 29, -1, 1, 29, 30, -1, 1, 30, 31, -1,
1, 31, 32, -1, 1, 32, 33, -1, 1, 33, 34, -1, 1, 34, 35, -1,
1, 35, 36, -1, 1, 36, 37, -1, 1, 37, 38, -1, 1, 38, 39, -1,
1, 39, 40, -1, 1, 40, 41, -1, 1, 41, 42, -1, 1, 42, 4, -1,
1, 4, 0, -1, 176, 177, 0, -1, 176, 0, 23, -1, 176, 23, 24, -1,
176, 24, 25, -1, 176, 25, 26, -1, 231, 226, 227, -1, 231, 227, 228, -1,
231, 228, 229, -1, 231, 229, 230, -1, 231, 230, 117, -1, 231, 117, 118, -1,
231, 118, 119, -1, 231, 119, 120, -1, 231, 120, 121, -1, 231, 121, 122, -1,
231, 122, 269, -1, 264, 265, 125, -1, 125, 265, 266, -1, 125, 266, 124, -1,
124, 266, 267, -1, 124, 267, 123, -1, 123, 267, 268, -1, 123, 268, 122, -1,
122, 268, 269, -1, 260, 261, 128, -1, 128, 261, 262, -1, 128, 262, 127, -1,
127, 262, 263, -1, 127, 263, 126, -1, 126, 263, 264, -1, 126, 264, 125, -1,
129, 130, 257, -1, 129, 257, 258, -1, 129, 258, 259, -1, 129, 259, 260, -1,
129, 260, 128, -1, 130, 131, 64, -1, 130, 64, 65, -1, 130, 65, 66, -1,
130, 66, 44, -1, 130, 44, 255, -1, 130, 255, 256, -1, 130, 256, 257, -1,
45, 248, 249, -1, 45, 249, 250, -1, 45, 250, 251, -1, 45, 251, 252, -1,
45, 252, 44, -1, 44, 252, 253, -1, 44, 253, 254, -1, 44, 254, 255, -1,
43, 44, 66, -1, 43, 66, 67, -1, 43, 67, 68, -1, 43, 68, 69, -1,
43, 69, 86, -1, 43, 86, 0, -1, 43, 0, 46, -1, 83, 61, 79, -1,
79, 61, 62, -1, 79, 62, 131, -1, 131, 62, 63, -1, 131, 63, 64, -1,
61, 83, 84, -1, 61, 84, 85, -1, 61, 85, 86, -1, 61, 86, 70, -1,
77, 78, 133, -1, 133, 78, 79, -1, 133, 79, 132, -1, 132, 79, 131, -1,
102, 103, 49, -1, 49, 103, 75, -1, 49, 75, 133, -1, 133, 75, 76, -1,
133, 76, 77, -1, 74, 75, 97, -1, 74, 97, 91, -1, 74, 91, 92, -1,
74, 92, 93, -1, 74, 93, 94, -1, 74, 94, 81, -1, 74, 81, 73, -1,
91, 97, 107, -1, 91, 107, 108, -1, 91, 108, 109, -1, 91, 109, 110, -1,
91, 110, 111, -1, 91, 111, 112, -1, 91, 112, 90, -1, 91, 90, 96, -1,
75, 103, 104, -1, 75, 104, 105, -1, 75, 105, 106, -1, 75, 106, 97, -1,
49, 133, 134, -1, 49, 134, 135, -1, 49, 135, 136, -1, 49, 136, 48, -1,
136, 137, 48, -1, 48, 137, 138, -1, 48, 138, 2, -1, 2, 138, 139, -1,
2, 139, 140, -1, 57, 58, 0, -1, 0, 58, 59, -1, 0, 59, 3, -1,
3, 59, 47, -1, 3, 47, 2, -1, 2, 47, 48, -1, 2, 140, 141, -1,
2, 141, 142, -1, 2, 142, 143, -1, 0, 5, 6, -1, 0, 6, 7, -1,
0, 7, 8, -1, 0, 8, 9, -1, 0, 9, 10, -1, 0, 10, 11, -1,
0, 11, 12, -1, 0, 12, 13, -1, 0, 13, 14, -1, 0, 14, 15, -1,
0, 15, 16, -1, 0, 16, 17, -1, 0, 17, 18, -1, 0, 18, 19, -1,
0, 19, 20, -1, 0, 20, 21, -1, 0, 21, 22, -1, 0, 22, 23, -1,
0, 177, 178, -1, 0, 178, 179, -1, 0, 179, 180, -1, 0, 180, 181, -1,
0, 181, 182, -1, 0, 182, 183, -1, 0, 183, 184, -1, 0, 184, 185, -1,
0, 185, 186, -1, 0, 186, 187, -1, 0, 187, 188, -1, 0, 188, 189, -1,
0, 189, 190, -1, 0, 190, 191, -1, 0, 191, 192, -1, 0, 196, 197, -1,
0, 197, 198, -1, 0, 198, 199, -1, 0, 199, 200, -1, 0, 206, 207, -1,
0, 207, 208, -1, 0, 208, 209, -1, 226, 232, 233, -1, 226, 233, 234, -1,
226, 234, 225, -1, 0, 86, 87, -1, 0, 87, 88, -1, 0, 88, 89, -1,
0, 89, 113, -1, 0, 113, 114, -1, 0, 114, 115, -1, 0, 115, 57, -1,
81, 82, 80, -1, 81, 80, 71, -1, 81, 71, 72, -1, 81, 72, 73, -1,
90, 81, 94, -1, 90, 94, 95, -1, 90, 95, 96, -1, 112, 113, 89, -1,
112, 89, 90, -1, 97, 98, 107, -1, 107, 98, 99, -1, 107, 99, 116, -1,
116, 99, 100, -1, 116, 100, 101, -1, 56, 57, 115, -1, 56, 115, 116, -1,
47, 59, 60, -1, 47, 60, 51, -1, 80, 82, 83, -1, 80, 83, 79, -1,
86, 69, 70, -1, 46, 0, 45, -1, 317, 320, 321, -1, 321, 320, 322, -1,
322, 320, 323, -1, 323, 320, 324, -1, 324, 320, 325, -1, 325, 320, 326, -1,
326, 320, 386, -1, 386, 320, 371, -1, 371, 320, 372, -1, 372, 320, 319, -1,
484, 483, 485, -1, 485, 483, 486, -1, 486, 483, 487, -1, 487, 483, 488, -1,
488, 483, 489, -1, 489, 483, 490, -1, 490, 483, 491, -1, 491, 483, 492, -1,
492, 483, 493, -1, 493, 483, 494, -1, 494, 483, 495, -1, 495, 483, 504, -1,
504, 483, 505, -1, 505, 483, 506, -1, 506, 483, 507, -1, 507, 483, 508, -1,
508, 483, 509, -1, 509, 483, 510, -1, 510, 483, 511, -1, 511, 483, 512, -1,
512, 483, 513, -1, 513, 483, 514, -1, 514, 483, 515, -1, 515, 483, 516, -1,
516, 483, 517, -1, 517, 483, 518, -1, 518, 483, 315, -1, 315, 483, 270, -1,
270, 483, 479, -1, 479, 483, 480, -1, 480, 483, 481, -1, 481, 483, 482, -1,
476, 475, 270, -1, 270, 475, 470, -1, 470, 475, 471, -1, 471, 475, 472, -1,
472, 475, 473, -1, 473, 475, 474, -1, 463, 462, 270, -1, 463, 270, 464, -1,
464, 270, 466, -1, 464, 466, 465, -1, 272, 271, 413, -1, 413, 271, 414, -1,
414, 271, 415, -1, 415, 271, 416, -1, 416, 271, 417, -1, 417, 271, 418, -1,
418, 271, 419, -1, 419, 271, 420, -1, 420, 271, 421, -1, 421, 271, 422, -1,
422, 271, 423, -1, 423, 271, 424, -1, 424, 271, 425, -1, 425, 271, 426, -1,
426, 271, 427, -1, 427, 271, 428, -1, 428, 271, 429, -1, 429, 271, 430, -1,
430, 271, 431, -1, 431, 271, 432, -1, 432, 271, 433, -1, 433, 271, 434, -1,
434, 271, 435, -1, 435, 271, 436, -1, 436, 271, 437, -1, 437, 271, 438, -1,
438, 271, 439, -1, 439, 271, 440, -1, 440, 271, 441, -1, 441, 271, 442, -1,
442, 271, 443, -1, 443, 271, 444, -1, 444, 271, 445, -1, 445, 271, 446, -1,
446, 271, 296, -1, 296, 271, 297, -1, 297, 271, 298, -1, 298, 271, 299, -1,
299, 271, 300, -1, 300, 271, 301, -1, 301, 271, 302, -1, 302, 271, 303, -1,
303, 271, 304, -1, 304, 271, 305, -1, 305, 271, 306, -1, 306, 271, 307, -1,
307, 271, 308, -1, 308, 271, 309, -1, 309, 271, 310, -1, 310, 271, 311, -1,
311, 271, 312, -1, 312, 271, 274, -1, 274, 271, 270, -1, 447, 446, 270, -1,
270, 446, 293, -1, 293, 446, 294, -1, 294, 446, 295, -1, 295, 446, 296, -1,
496, 501, 497, -1, 497, 501, 498, -1, 498, 501, 499, -1, 499, 501, 500, -1,
500, 501, 387, -1, 387, 501, 388, -1, 388, 501, 389, -1, 389, 501, 390, -1,
390, 501, 391, -1, 391, 501, 392, -1, 392, 501, 539, -1, 535, 534, 395, -1,
535, 395, 536, -1, 536, 395, 394, -1, 536, 394, 537, -1, 537, 394, 393, -1,
537, 393, 538, -1, 538, 393, 392, -1, 538, 392, 539, -1, 531, 530, 398, -1,
531, 398, 532, -1, 532, 398, 397, -1, 532, 397, 533, -1, 533, 397, 396, -1,
533, 396, 534, -1, 534, 396, 395, -1, 400, 399, 527, -1, 527, 399, 528, -1,
528, 399, 529, -1, 529, 399, 530, -1, 530, 399, 398, -1, 401, 400, 334, -1,
334, 400, 335, -1, 335, 400, 336, -1, 336, 400, 314, -1, 314, 400, 525, -1,
525, 400, 526, -1, 526, 400, 527, -1, 518, 315, 519, -1, 519, 315, 520, -1,
520, 315, 521, -1, 521, 315, 522, -1, 522, 315, 314, -1, 522, 314, 523, -1,
523, 314, 524, -1, 524, 314, 525, -1, 314, 313, 336, -1, 336, 313, 337, -1,
337, 313, 338, -1, 338, 313, 339, -1, 339, 313, 356, -1, 356, 313, 270, -1,
270, 313, 316, -1, 331, 353, 349, -1, 331, 349, 332, -1, 332, 349, 401, -1,
332, 401, 333, -1, 333, 401, 334, -1, 353, 331, 354, -1, 354, 331, 355, -1,
355, 331, 356, -1, 356, 331, 340, -1, 348, 347, 403, -1, 348, 403, 349, -1,
349, 403, 402, -1, 349, 402, 401, -1, 373, 372, 319, -1, 373, 319, 345, -1,
345, 319, 403, -1, 345, 403, 346, -1, 346, 403, 347, -1, 345, 344, 367, -1,
367, 344, 361, -1, 361, 344, 362, -1, 362, 344, 363, -1, 363, 344, 364, -1,
364, 344, 351, -1, 351, 344, 343, -1, 367, 361, 377, -1, 377, 361, 378, -1,
378, 361, 379, -1, 379, 361, 380, -1, 380, 361, 381, -1, 381, 361, 382, -1,
382, 361, 360, -1, 360, 361, 366, -1, 373, 345, 374, -1, 374, 345, 375, -1,
375, 345, 376, -1, 376, 345, 367, -1, 403, 319, 404, -1, 404, 319, 405, -1,
405, 319, 406, -1, 406, 319, 318, -1, 407, 406, 318, -1, 407, 318, 408, -1,
408, 318, 272, -1, 408, 272, 409, -1, 409, 272, 410, -1, 328, 327, 270, -1,
328, 270, 329, -1, 329, 270, 273, -1, 329, 273, 317, -1, 317, 273, 272, -1,
317, 272, 318, -1, 410, 272, 411, -1, 411, 272, 412, -1, 412, 272, 413, -1,
275, 270, 276, -1, 276, 270, 277, -1, 277, 270, 278, -1, 278, 270, 279, -1,
279, 270, 280, -1, 280, 270, 281, -1, 281, 270, 282, -1, 282, 270, 283, -1,
283, 270, 284, -1, 284, 270, 285, -1, 285, 270, 286, -1, 286, 270, 287, -1,
287, 270, 288, -1, 288, 270, 289, -1, 289, 270, 290, -1, 290, 270, 291, -1,
291, 270, 292, -1, 292, 270, 293, -1, 447, 270, 448, -1, 448, 270, 449, -1,
449, 270, 450, -1, 450, 270, 451, -1, 451, 270, 452, -1, 452, 270, 453, -1,
453, 270, 454, -1, 454, 270, 455, -1, 455, 270, 456, -1, 456, 270, 457, -1,
457, 270, 458, -1, 458, 270, 459, -1, 459, 270, 460, -1, 460, 270, 461, -1,
461, 270, 462, -1, 466, 270, 467, -1, 467, 270, 468, -1, 468, 270, 469, -1,
469, 270, 470, -1, 476, 270, 477, -1, 477, 270, 478, -1, 478, 270, 479, -1,
502, 496, 503, -1, 503, 496, 504, -1, 504, 496, 495, -1, 356, 270, 357, -1,
357, 270, 358, -1, 358, 270, 359, -1, 359, 270, 383, -1, 383, 270, 384, -1,
384, 270, 385, -1, 385, 270, 327, -1, 352, 351, 350, -1, 350, 351, 341, -1,
341, 351, 342, -1, 342, 351, 343, -1, 351, 360, 364, -1, 364, 360, 365, -1,
365, 360, 366, -1, 383, 382, 359, -1, 359, 382, 360, -1, 368, 367, 377, -1,
368, 377, 369, -1, 369, 377, 386, -1, 369, 386, 370, -1, 370, 386, 371, -1,
327, 326, 385, -1, 385, 326, 386, -1, 329, 317, 330, -1, 330, 317, 321, -1,
352, 350, 353, -1, 353, 350, 349, -1, 339, 356, 340, -1, 270, 316, 315, -1,
1, 0, 271, -1, 271, 0, 270, -1, 2, 1, 272, -1, 272, 1, 271, -1,
3, 2, 273, -1, 273, 2, 272, -1, 0, 3, 270, -1, 270, 3, 273, -1,
44, 43, 314, -1, 314, 43, 313, -1, 45, 44, 315, -1, 315, 44, 314, -1,
46, 45, 316, -1, 316, 45, 315, -1, 43, 46, 313, -1, 313, 46, 316, -1,
48, 47, 318, -1, 318, 47, 317, -1, 49, 48, 319, -1, 319, 48, 318, -1,
50, 49, 320, -1, 320, 49, 319, -1, 47, 50, 317, -1, 317, 50, 320, -1,
52, 51, 322, -1, 322, 51, 321, -1, 53, 52, 323, -1, 323, 52, 322, -1,
54, 53, 324, -1, 324, 53, 323, -1, 55, 54, 325, -1, 325, 54, 324, -1,
56, 55, 326, -1, 326, 55, 325, -1, 57, 56, 327, -1, 327, 56, 326, -1,
58, 57, 328, -1, 328, 57, 327, -1, 59, 58, 329, -1, 329, 58, 328, -1,
60, 59, 330, -1, 330, 59, 329, -1, 51, 60, 321, -1, 321, 60, 330, -1,
62, 61, 332, -1, 332, 61, 331, -1, 63, 62, 333, -1, 333, 62, 332, -1,
64, 63, 334, -1, 334, 63, 333, -1, 65, 64, 335, -1, 335, 64, 334, -1,
66, 65, 336, -1, 336, 65, 335, -1, 67, 66, 337, -1, 337, 66, 336, -1,
68, 67, 338, -1, 338, 67, 337, -1, 69, 68, 339, -1, 339, 68, 338, -1,
70, 69, 340, -1, 340, 69, 339, -1, 61, 70, 331, -1, 331, 70, 340, -1,
72, 71, 342, -1, 342, 71, 341, -1, 73, 72, 343, -1, 343, 72, 342, -1,
74, 73, 344, -1, 344, 73, 343, -1, 75, 74, 345, -1, 345, 74, 344, -1,
76, 75, 346, -1, 346, 75, 345, -1, 77, 76, 347, -1, 347, 76, 346, -1,
78, 77, 348, -1, 348, 77, 347, -1, 79, 78, 349, -1, 349, 78, 348, -1,
80, 79, 350, -1, 350, 79, 349, -1, 71, 80, 341, -1, 341, 80, 350, -1,
82, 81, 352, -1, 352, 81, 351, -1, 83, 82, 353, -1, 353, 82, 352, -1,
84, 83, 354, -1, 354, 83, 353, -1, 85, 84, 355, -1, 355, 84, 354, -1,
86, 85, 356, -1, 356, 85, 355, -1, 87, 86, 357, -1, 357, 86, 356, -1,
88, 87, 358, -1, 358, 87, 357, -1, 89, 88, 359, -1, 359, 88, 358, -1,
90, 89, 360, -1, 360, 89, 359, -1, 81, 90, 351, -1, 351, 90, 360, -1,
92, 91, 362, -1, 362, 91, 361, -1, 93, 92, 363, -1, 363, 92, 362, -1,
94, 93, 364, -1, 364, 93, 363, -1, 95, 94, 365, -1, 365, 94, 364, -1,
96, 95, 366, -1, 366, 95, 365, -1, 91, 96, 361, -1, 361, 96, 366, -1,
98, 97, 368, -1, 368, 97, 367, -1, 99, 98, 369, -1, 369, 98, 368, -1,
100, 99, 370, -1, 370, 99, 369, -1, 101, 100, 371, -1, 371, 100, 370, -1,
102, 101, 372, -1, 372, 101, 371, -1, 103, 102, 373, -1, 373, 102, 372, -1,
104, 103, 374, -1, 374, 103, 373, -1, 105, 104, 375, -1, 375, 104, 374, -1,
106, 105, 376, -1, 376, 105, 375, -1, 97, 106, 367, -1, 367, 106, 376, -1,
108, 107, 378, -1, 378, 107, 377, -1, 109, 108, 379, -1, 379, 108, 378, -1,
110, 109, 380, -1, 380, 109, 379, -1, 111, 110, 381, -1, 381, 110, 380, -1,
112, 111, 382, -1, 382, 111, 381, -1, 113, 112, 383, -1, 383, 112, 382, -1,
114, 113, 384, -1, 384, 113, 383, -1, 115, 114, 385, -1, 385, 114, 384, -1,
116, 115, 386, -1, 386, 115, 385, -1, 107, 116, 377, -1, 377, 116, 386, -1,
118, 117, 388, -1, 388, 117, 387, -1, 119, 118, 389, -1, 389, 118, 388, -1,
120, 119, 390, -1, 390, 119, 389, -1, 121, 120, 391, -1, 391, 120, 390, -1,
122, 121, 392, -1, 392, 121, 391, -1, 123, 122, 393, -1, 393, 122, 392, -1,
124, 123, 394, -1, 394, 123, 393, -1, 125, 124, 395, -1, 395, 124, 394, -1,
126, 125, 396, -1, 396, 125, 395, -1, 127, 126, 397, -1, 397, 126, 396, -1,
128, 127, 398, -1, 398, 127, 397, -1, 129, 128, 399, -1, 399, 128, 398, -1,
130, 129, 400, -1, 400, 129, 399, -1, 131, 130, 401, -1, 401, 130, 400, -1,
132, 131, 402, -1, 402, 131, 401, -1, 133, 132, 403, -1, 403, 132, 402, -1,
134, 133, 404, -1, 404, 133, 403, -1, 135, 134, 405, -1, 405, 134, 404, -1,
136, 135, 406, -1, 406, 135, 405, -1, 137, 136, 407, -1, 407, 136, 406, -1,
138, 137, 408, -1, 408, 137, 407, -1, 139, 138, 409, -1, 409, 138, 408, -1,
140, 139, 410, -1, 410, 139, 409, -1, 141, 140, 411, -1, 411, 140, 410, -1,
142, 141, 412, -1, 412, 141, 411, -1, 143, 142, 413, -1, 413, 142, 412, -1,
144, 143, 414, -1, 414, 143, 413, -1, 145, 144, 415, -1, 415, 144, 414, -1,
146, 145, 416, -1, 416, 145, 415, -1, 147, 146, 417, -1, 417, 146, 416, -1,
148, 147, 418, -1, 418, 147, 417, -1, 149, 148, 419, -1, 419, 148, 418, -1,
150, 149, 420, -1, 420, 149, 419, -1, 151, 150, 421, -1, 421, 150, 420, -1,
152, 151, 422, -1, 422, 151, 421, -1, 153, 152, 423, -1, 423, 152, 422, -1,
154, 153, 424, -1, 424, 153, 423, -1, 155, 154, 425, -1, 425, 154, 424, -1,
156, 155, 426, -1, 426, 155, 425, -1, 157, 156, 427, -1, 427, 156, 426, -1,
158, 157, 428, -1, 428, 157, 427, -1, 159, 158, 429, -1, 429, 158, 428, -1,
160, 159, 430, -1, 430, 159, 429, -1, 161, 160, 431, -1, 431, 160, 430, -1,
162, 161, 432, -1, 432, 161, 431, -1, 163, 162, 433, -1, 433, 162, 432, -1,
164, 163, 434, -1, 434, 163, 433, -1, 165, 164, 435, -1, 435, 164, 434, -1,
166, 165, 436, -1, 436, 165, 435, -1, 167, 166, 437, -1, 437, 166, 436, -1,
168, 167, 438, -1, 438, 167, 437, -1, 169, 168, 439, -1, 439, 168, 438, -1,
170, 169, 440, -1, 440, 169, 439, -1, 171, 170, 441, -1, 441, 170, 440, -1,
172, 171, 442, -1, 442, 171, 441, -1, 173, 172, 443, -1, 443, 172, 442, -1,
174, 173, 444, -1, 444, 173, 443, -1, 175, 174, 445, -1, 445, 174, 444, -1,
176, 175, 446, -1, 446, 175, 445, -1, 177, 176, 447, -1, 447, 176, 446, -1,
178, 177, 448, -1, 448, 177, 447, -1, 179, 178, 449, -1, 449, 178, 448, -1,
180, 179, 450, -1, 450, 179, 449, -1, 181, 180, 451, -1, 451, 180, 450, -1,
182, 181, 452, -1, 452, 181, 451, -1, 183, 182, 453, -1, 453, 182, 452, -1,
184, 183, 454, -1, 454, 183, 453, -1, 185, 184, 455, -1, 455, 184, 454, -1,
186, 185, 456, -1, 456, 185, 455, -1, 187, 186, 457, -1, 457, 186, 456, -1,
188, 187, 458, -1, 458, 187, 457, -1, 189, 188, 459, -1, 459, 188, 458, -1,
190, 189, 460, -1, 460, 189, 459, -1, 191, 190, 461, -1, 461, 190, 460, -1,
192, 191, 462, -1, 462, 191, 461, -1, 193, 192, 463, -1, 463, 192, 462, -1,
194, 193, 464, -1, 464, 193, 463, -1, 195, 194, 465, -1, 465, 194, 464, -1,
196, 195, 466, -1, 466, 195, 465, -1, 197, 196, 467, -1, 467, 196, 466, -1,
198, 197, 468, -1, 468, 197, 467, -1, 199, 198, 469, -1, 469, 198, 468, -1,
200, 199, 470, -1, 470, 199, 469, -1, 201, 200, 471, -1, 471, 200, 470, -1,
202, 201, 472, -1, 472, 201, 471, -1, 203, 202, 473, -1, 473, 202, 472, -1,
204, 203, 474, -1, 474, 203, 473, -1, 205, 204, 475, -1, 475, 204, 474, -1,
206, 205, 476, -1, 476, 205, 475, -1, 207, 206, 477, -1, 477, 206, 476, -1,
208, 207, 478, -1, 478, 207, 477, -1, 209, 208, 479, -1, 479, 208, 478, -1,
210, 209, 480, -1, 480, 209, 479, -1, 211, 210, 481, -1, 481, 210, 480, -1,
212, 211, 482, -1, 482, 211, 481, -1, 213, 212, 483, -1, 483, 212, 482, -1,
214, 213, 484, -1, 484, 213, 483, -1, 215, 214, 485, -1, 485, 214, 484, -1,
216, 215, 486, -1, 486, 215, 485, -1, 217, 216, 487, -1, 487, 216, 486, -1,
218, 217, 488, -1, 488, 217, 487, -1, 219, 218, 489, -1, 489, 218, 488, -1,
220, 219, 490, -1, 490, 219, 489, -1, 221, 220, 491, -1, 491, 220, 490, -1,
222, 221, 492, -1, 492, 221, 491, -1, 223, 222, 493, -1, 493, 222, 492, -1,
224, 223, 494, -1, 494, 223, 493, -1, 225, 224, 495, -1, 495, 224, 494, -1,
226, 225, 496, -1, 496, 225, 495, -1, 227, 226, 497, -1, 497, 226, 496, -1,
228, 227, 498, -1, 498, 227, 497, -1, 229, 228, 499, -1, 499, 228, 498, -1,
230, 229, 500, -1, 500, 229, 499, -1, 117, 230, 387, -1, 387, 230, 500, -1
            ]
          }
        }
      ]
    }
  ]
}
Transform {
  children [
    Group {
      children [
        Shape {
          appearance Appearance {
            material Material {
              diffuseColor 0.08 0.5 0.1
              specularColor 0.01 0.05 0.01
              emissiveColor 0 0 0
              ambientIntensity 0.8
              transparency 0
              shininess 0.02
            }
          }
          geometry IndexedFaceSet {
            solid TRUE
            coord Coordinate {
              point [
67.744092 -27.601213 0.314961, 67.733275 -27.623671 0.314961,
67.538335 -27.73622 0.314961, 67.538335 -28.169291 0.314961,
67.733275 -28.28184 0.314961, 67.744092 -28.304299 0.314961,
67.819435 -28.364383 0.314961, 67.913386 -28.385827 0.314961,
68.007337 -28.364383 0.314961, 68.08268 -28.304299 0.314961,
68.093495 -28.28184 0.314961, 68.288436 -28.169291 0.314961,
68.288436 -27.73622 0.314961, 68.093495 -27.623671 0.314961,
68.08268 -27.601213 0.314961, 68.007337 -27.541129 0.314961,
67.913386 -27.519685 0.314961, 67.819435 -27.541129 0.314961,
67.765748 -27.952756 0.314961, 67.793944 -27.865977 0.314961,
67.867763 -27.812344 0.314961, 67.959008 -27.812344 0.314961,
68.032827 -27.865977 0.314961, 68.061024 -27.952756 0.314961,
68.032827 -28.039535 0.314961, 67.959008 -28.093168 0.314961,
67.867763 -28.093168 0.314961, 67.793944 -28.039535 0.314961,
65.002461 -32.185039 0.314961, 65.032067 -32.276158 0.314961,
65.109577 -32.332472 0.314961, 65.205384 -32.332472 0.314961,
65.282894 -32.276158 0.314961, 65.3125 -32.185039 0.314961,
65.282894 -32.093921 0.314961, 65.205384 -32.037607 0.314961,
65.109577 -32.037607 0.314961, 65.032067 -32.093921 0.314961,
65.009843 -32.185039 0.314961, 65.038039 -32.09826 0.314961,
65.111858 -32.044627 0.314961, 65.203103 -32.044627 0.314961,
65.276922 -32.09826 0.314961, 65.305118 -32.185039 0.314961,
65.276922 -32.271819 0.314961, 65.203103 -32.325451 0.314961,
65.111858 -32.325451 0.314961, 65.038039 -32.271819 0.314961,
68.728344 -29.569717 0.314961, 68.717527 -29.592175 0.314961,
68.522587 -29.704724 0.314961, 68.522587 -30.137795 0.314961,
68.578958 -30.170341 0.314961, 68.075438 -30.673863 0.314961,
68.070519 -30.69221 0.314961, 68.061024 -30.708661 0.314961,
68.061025 -31.475679 0.314961, 67.400876 -32.135827 0.314961,
66.775347 -32.135827 0.314961, 66.761261 -32.092475 0.314961,
66.682521 -32.035267 0.314961, 66.585193 -32.035267 0.314961,
66.506452 -32.092475 0.314961, 66.476376 -32.185039 0.314961,
66.506452 -32.277604 0.314961, 66.585193 -32.334812 0.314961,
66.682521 -32.334812 0.314961, 66.761261 -32.277604 0.314961,
66.775347 -32.234252 0.314961, 67.42126 -32.234252 0.314961,
67.437708 -32.224753 0.314961, 67.456058 -32.219838 0.314961,
68.145035 -31.530862 0.314961, 68.149949 -31.512513 0.314961,
68.159449 -31.496063 0.314961, 68.159449 -30.729046 0.314961,
68.667205 -30.22129 0.314961, 68.717527 -30.250344 0.314961,
68.728344 -30.272803 0.314961, 68.803687 -30.332887 0.314961,
68.897638 -30.354331 0.314961, 68.991589 -30.332887 0.314961,
69.066932 -30.272803 0.314961, 69.077746 -30.250344 0.314961,
69.272688 -30.137795 0.314961, 69.272688 -29.704724 0.314961,
69.077746 -29.592175 0.314961, 69.066932 -29.569717 0.314961,
68.991589 -29.509633 0.314961, 68.897638 -29.488189 0.314961,
68.803687 -29.509633 0.314961, 68.75 -29.92126 0.314961,
68.778196 -29.834481 0.314961, 68.852015 -29.780848 0.314961,
68.94326 -29.780848 0.314961, 69.017079 -29.834481 0.314961,
69.045276 -29.92126 0.314961, 69.017079 -30.008039 0.314961,
68.94326 -30.061672 0.314961, 68.852015 -30.061672 0.314961,
68.778196 -30.008039 0.314961, 66.555117 -32.185039 0.314961,
66.594487 -32.116848 0.314961, 66.673227 -32.116848 0.314961,
66.712597 -32.185039 0.314961, 66.673227 -32.25323 0.314961,
66.594487 -32.25323 0.314961, 65.986713 -34.645669 0.314961,
66.016319 -34.736788 0.314961, 66.093829 -34.793102 0.314961,
66.189636 -34.793102 0.314961, 66.267146 -34.736788 0.314961,
66.296752 -34.645669 0.314961, 66.267146 -34.554551 0.314961,
66.189636 -34.498237 0.314961, 66.093829 -34.498237 0.314961,
66.016319 -34.554551 0.314961, 65.994094 -34.645669 0.314961,
66.022291 -34.55889 0.314961, 66.09611 -34.505257 0.314961,
66.187355 -34.505257 0.314961, 66.261174 -34.55889 0.314961,
66.28937 -34.645669 0.314961, 66.261174 -34.732449 0.314961,
66.187355 -34.786081 0.314961, 66.09611 -34.786081 0.314961,
66.022291 -34.732449 0.314961, 67.955217 -34.645669 0.314961,
67.984823 -34.736788 0.314961, 68.062333 -34.793102 0.314961,
68.15814 -34.793102 0.314961, 68.23565 -34.736788 0.314961,
68.265256 -34.645669 0.314961, 68.23565 -34.554551 0.314961,
68.159449 -34.499188 0.314961, 68.159449 -33.858268 0.314961,
68.134843 -33.815648 0.314961, 68.08563 -33.815648 0.314961,
68.061024 -33.858268 0.314961, 68.061024 -34.499188 0.314961,
67.984823 -34.554551 0.314961, 67.962598 -34.645669 0.314961,
67.990795 -34.55889 0.314961, 68.064614 -34.505257 0.314961,
68.155859 -34.505257 0.314961, 68.229678 -34.55889 0.314961,
68.257874 -34.645669 0.314961, 68.229678 -34.732449 0.314961,
68.155859 -34.786081 0.314961, 68.064614 -34.786081 0.314961,
67.990795 -34.732449 0.314961, 63.624508 -34.645669 0.314961,
63.654114 -34.736788 0.314961, 63.731624 -34.793102 0.314961,
63.827431 -34.793102 0.314961, 63.904941 -34.736788 0.314961,
63.934547 -34.645669 0.314961, 63.904941 -34.554551 0.314961,
63.82874 -34.499188 0.314961, 63.82874 -33.858268 0.314961,
63.804134 -33.815648 0.314961, 63.754921 -33.815648 0.314961,
63.730315 -33.858268 0.314961, 63.730315 -34.499188 0.314961,
63.654114 -34.554551 0.314961, 63.63189 -34.645669 0.314961,
63.660086 -34.55889 0.314961, 63.733905 -34.505257 0.314961,
63.82515 -34.505257 0.314961, 63.898969 -34.55889 0.314961,
63.927165 -34.645669 0.314961, 63.898969 -34.732449 0.314961,
63.82515 -34.786081 0.314961, 63.733905 -34.786081 0.314961,
63.660086 -34.732449 0.314961
              ]
            }
            coordIndex [
23, 9, 14, -1, 14, 9, 10, -1, 14, 10, 13, -1, 13, 10, 11, -1,
13, 11, 12, -1, 18, 19, 17, -1, 17, 19, 20, -1, 17, 20, 16, -1,
16, 20, 21, -1, 16, 21, 15, -1, 15, 21, 22, -1, 15, 22, 14, -1,
14, 22, 23, -1, 2, 4, 1, -1, 1, 4, 5, -1, 1, 5, 0, -1,
0, 5, 18, -1, 0, 18, 17, -1, 27, 6, 26, -1, 26, 6, 7, -1,
26, 7, 25, -1, 25, 7, 8, -1, 25, 8, 24, -1, 24, 8, 9, -1,
24, 9, 23, -1, 18, 5, 6, -1, 18, 6, 27, -1, 32, 33, 43, -1,
43, 33, 34, -1, 43, 34, 42, -1, 42, 34, 35, -1, 42, 35, 41, -1,
41, 35, 40, -1, 28, 38, 37, -1, 37, 38, 39, -1, 37, 39, 36, -1,
36, 39, 40, -1, 36, 40, 35, -1, 44, 45, 31, -1, 44, 31, 32, -1,
44, 32, 43, -1, 38, 29, 47, -1, 47, 29, 30, -1, 47, 30, 46, -1,
46, 30, 31, -1, 46, 31, 45, -1, 96, 82, 87, -1, 87, 82, 83, -1,
87, 83, 86, -1, 86, 83, 84, -1, 86, 84, 85, -1, 91, 92, 90, -1,
90, 92, 93, -1, 90, 93, 89, -1, 89, 93, 94, -1, 89, 94, 88, -1,
88, 94, 95, -1, 88, 95, 87, -1, 87, 95, 96, -1, 91, 90, 48, -1,
91, 48, 78, -1, 91, 78, 79, -1, 91, 79, 100, -1, 100, 79, 99, -1,
99, 79, 80, -1, 99, 80, 98, -1, 98, 80, 81, -1, 98, 81, 97, -1,
97, 81, 82, -1, 97, 82, 96, -1, 55, 56, 54, -1, 54, 56, 72, -1,
54, 72, 53, -1, 53, 72, 75, -1, 53, 75, 52, -1, 52, 75, 76, -1,
52, 76, 49, -1, 49, 76, 77, -1, 49, 77, 48, -1, 48, 77, 78, -1,
50, 51, 52, -1, 50, 52, 49, -1, 75, 72, 73, -1, 75, 73, 74, -1,
56, 57, 69, -1, 56, 69, 70, -1, 56, 70, 71, -1, 56, 71, 72, -1,
105, 66, 104, -1, 104, 66, 67, -1, 104, 67, 59, -1, 59, 67, 68, -1,
59, 68, 58, -1, 58, 68, 69, -1, 58, 69, 57, -1, 60, 61, 102, -1,
60, 102, 103, -1, 60, 103, 104, -1, 60, 104, 59, -1, 101, 102, 61, -1,
101, 61, 62, -1, 101, 62, 65, -1, 101, 65, 106, -1, 106, 65, 66, -1,
106, 66, 105, -1, 62, 63, 64, -1, 62, 64, 65, -1, 111, 112, 122, -1,
122, 112, 113, -1, 122, 113, 121, -1, 121, 113, 114, -1, 121, 114, 120, -1,
120, 114, 119, -1, 107, 117, 116, -1, 116, 117, 118, -1, 116, 118, 115, -1,
115, 118, 119, -1, 115, 119, 114, -1, 123, 124, 110, -1, 123, 110, 111, -1,
123, 111, 122, -1, 117, 108, 126, -1, 126, 108, 109, -1, 126, 109, 125, -1,
125, 109, 110, -1, 125, 110, 124, -1, 131, 132, 146, -1, 146, 132, 133, -1,
146, 133, 145, -1, 145, 133, 134, -1, 145, 134, 144, -1, 144, 134, 135, -1,
144, 135, 136, -1, 127, 141, 140, -1, 140, 141, 142, -1, 140, 142, 139, -1,
139, 142, 143, -1, 139, 143, 137, -1, 137, 143, 144, -1, 137, 144, 136, -1,
147, 148, 130, -1, 147, 130, 131, -1, 147, 131, 146, -1, 141, 128, 150, -1,
150, 128, 129, -1, 150, 129, 149, -1, 149, 129, 130, -1, 149, 130, 148, -1,
155, 156, 170, -1, 170, 156, 157, -1, 170, 157, 169, -1, 169, 157, 158, -1,
169, 158, 168, -1, 168, 158, 159, -1, 168, 159, 160, -1, 151, 165, 164, -1,
164, 165, 166, -1, 164, 166, 163, -1, 163, 166, 167, -1, 163, 167, 161, -1,
161, 167, 168, -1, 161, 168, 160, -1, 171, 172, 154, -1, 171, 154, 155, -1,
171, 155, 170, -1, 165, 152, 174, -1, 174, 152, 153, -1, 174, 153, 173, -1,
173, 153, 154, -1, 173, 154, 172, -1, 152, 165, 151, -1, 163, 161, 162, -1,
128, 141, 127, -1, 139, 137, 138, -1, 108, 117, 107, -1, 29, 38, 28, -1,
4, 2, 3, -1
            ]
          }
        }
      ]
    }
  ]
}
Transform {
  children [
    Group {
      children [
        Shape {
          appearance Appearance {
            material Material {
              diffuseColor 0.749 0.756 0.761
              specularColor 0.749 0.756 0.761
              emissiveColor 0 0 0
              ambientIntensity 0.8
              transparency 0
              shininess 0.8
            }
          }
          geometry IndexedFaceSet {
            solid TRUE
            coord Coordinate {
              point [
85.607201 -29.164512 0.319882, 85.672439 -29.089224 0.319882,
85.713823 -28.998606 0.319882, 85.728 -28.9 0.319882,
85.728001 -28.433071 0.319882, 85.565069 -28.433072 0.319882,
85.583 -28.5 0.319882, 85.555535 -28.6025 0.319882,
85.4805 -28.677535 0.319882, 85.378 -28.705 0.319882,
85.2755 -28.677535 0.319882, 85.200465 -28.6025 0.319882,
85.173 -28.5 0.319882, 85.190936 -28.433072 0.319882,
85.028003 -28.433072 0.319882, 85.028 -28.9 0.319882,
85.042177 -28.998606 0.319882, 85.083561 -29.089224 0.319882,
85.148799 -29.164512 0.319882, 85.232605 -29.218371 0.319882,
85.32819 -29.246438 0.319882, 85.42781 -29.246438 0.319882,
85.523395 -29.218371 0.319882, 82.851201 -29.164512 0.319882,
82.916439 -29.089224 0.319882, 82.957823 -28.998606 0.319882,
82.972 -28.9 0.319882, 82.972001 -28.433071 0.319882,
82.809068 -28.433071 0.319882, 82.827 -28.5 0.319882,
82.799535 -28.6025 0.319882, 82.7245 -28.677535 0.319882,
82.622 -28.705 0.319882, 82.5195 -28.677535 0.319882,
82.444465 -28.6025 0.319882, 82.417 -28.5 0.319882,
82.434935 -28.433071 0.319882, 82.272001 -28.433071 0.319882,
82.272 -28.9 0.319882, 82.286177 -28.998606 0.319882,
82.327561 -29.089224 0.319882, 82.392799 -29.164512 0.319882,
82.476605 -29.218371 0.319882, 82.57219 -29.246438 0.319882,
82.67181 -29.246438 0.319882, 82.767395 -29.218371 0.319882,
77.01809 -20.606299 0.319882, 76.939428 -20.796205 0.319882,
76.912598 -21. 0.319882, 76.939428 -21.203795 0.319882,
77.01809 -21.393701 0.319882, 77.143223 -21.556777 0.319882,
77.306299 -21.68191 0.319882, 77.496205 -21.760572 0.319882,
77.7 -21.787402 0.319882, 77.903795 -21.760572 0.319882,
78.093701 -21.68191 0.319882, 78.256777 -21.556777 0.319882,
78.38191 -21.393701 0.319882, 78.460572 -21.203795 0.319882,
78.487402 -21. 0.319882, 78.460572 -20.796205 0.319882,
78.38191 -20.606299 0.319882, 78.256777 -20.443223 0.319882,
78.093701 -20.31809 0.319882, 77.903795 -20.239428 0.319882,
77.7 -20.212598 0.319882, 77.496205 -20.239428 0.319882,
77.306299 -20.31809 0.319882, 77.143223 -20.443223 0.319882,
77.104449 -21. 0.319882, 77.112572 -20.901976 0.319882,
77.136718 -20.806625 0.319882, 77.176229 -20.716549 0.319882,
77.230027 -20.634205 0.319882, 77.296644 -20.561839 0.319882,
77.374264 -20.501425 0.319882, 77.46077 -20.45461 0.319882,
77.553801 -20.422673 0.319882, 77.65082 -20.406483 0.319882,
77.74918 -20.406483 0.319882, 77.846199 -20.422673 0.319882,
77.93923 -20.45461 0.319882, 78.025736 -20.501425 0.319882,
78.103356 -20.561839 0.319882, 78.169973 -20.634205 0.319882,
78.223771 -20.716549 0.319882, 78.263282 -20.806625 0.319882,
78.287428 -20.901976 0.319882, 78.295551 -21. 0.319882,
78.295551 -21. 0.319882, 78.287428 -21.098024 0.319882,
78.263282 -21.193375 0.319882, 78.223771 -21.283451 0.319882,
78.169973 -21.365795 0.319882, 78.103356 -21.438161 0.319882,
78.025736 -21.498575 0.319882, 77.93923 -21.54539 0.319882,
77.846199 -21.577327 0.319882, 77.74918 -21.593517 0.319882,
77.65082 -21.593517 0.319882, 77.553801 -21.577327 0.319882,
77.46077 -21.54539 0.319882, 77.374264 -21.498575 0.319882,
77.296644 -21.438161 0.319882, 77.230027 -21.365795 0.319882,
77.176229 -21.283451 0.319882, 77.136718 -21.193375 0.319882,
77.112572 -21.098024 0.319882, 89.61809 -20.606299 0.319882,
89.539428 -20.796205 0.319882, 89.512598 -21. 0.319882,
89.539428 -21.203795 0.319882, 89.61809 -21.393701 0.319882,
89.743223 -21.556777 0.319882, 89.906299 -21.68191 0.319882,
90.096205 -21.760572 0.319882, 90.3 -21.787402 0.319882,
90.503795 -21.760572 0.319882, 90.693701 -21.68191 0.319882,
90.856777 -21.556777 0.319882, 90.98191 -21.393701 0.319882,
91.060572 -21.203795 0.319882, 91.087402 -21. 0.319882,
91.060572 -20.796205 0.319882, 90.98191 -20.606299 0.319882,
90.856777 -20.443223 0.319882, 90.693701 -20.31809 0.319882,
90.503795 -20.239428 0.319882, 90.3 -20.212598 0.319882,
90.096205 -20.239428 0.319882, 89.906299 -20.31809 0.319882,
89.743223 -20.443223 0.319882, 89.704449 -21. 0.319882,
89.712572 -20.901976 0.319882, 89.736718 -20.806625 0.319882,
89.776229 -20.716549 0.319882, 89.830027 -20.634205 0.319882,
89.896644 -20.561839 0.319882, 89.974264 -20.501425 0.319882,
90.06077 -20.45461 0.319882, 90.153801 -20.422673 0.319882,
90.25082 -20.406483 0.319882, 90.34918 -20.406483 0.319882,
90.446199 -20.422673 0.319882, 90.53923 -20.45461 0.319882,
90.625736 -20.501425 0.319882, 90.703356 -20.561839 0.319882,
90.769973 -20.634205 0.319882, 90.823771 -20.716549 0.319882,
90.863282 -20.806625 0.319882, 90.887428 -20.901976 0.319882,
90.895551 -21. 0.319882, 90.895551 -21. 0.319882,
90.887428 -21.098024 0.319882, 90.863282 -21.193375 0.319882,
90.823771 -21.283451 0.319882, 90.769973 -21.365795 0.319882,
90.703356 -21.438161 0.319882, 90.625736 -21.498575 0.319882,
90.53923 -21.54539 0.319882, 90.446199 -21.577327 0.319882,
90.34918 -21.593517 0.319882, 90.25082 -21.593517 0.319882,
90.153801 -21.577327 0.319882, 90.06077 -21.54539 0.319882,
89.974264 -21.498575 0.319882, 89.896644 -21.438161 0.319882,
89.830027 -21.365795 0.319882, 89.776229 -21.283451 0.319882,
89.736718 -21.193375 0.319882, 89.712572 -21.098024 0.319882
              ]
            }
            coordIndex [
12, 13, 14, -1, 12, 14, 16, -1, 12, 16, 17, -1, 12, 17, 18, -1,
12, 18, 19, -1, 12, 19, 11, -1, 4, 5, 6, -1, 4, 6, 0, -1,
4, 0, 1, -1, 4, 1, 2, -1, 4, 2, 3, -1, 11, 19, 10, -1,
10, 19, 20, -1, 10, 20, 9, -1, 9, 20, 21, -1, 9, 21, 8, -1,
8, 21, 22, -1, 8, 22, 7, -1, 7, 22, 0, -1, 7, 0, 6, -1,
35, 36, 37, -1, 35, 37, 39, -1, 35, 39, 40, -1, 35, 40, 41, -1,
35, 41, 42, -1, 35, 42, 34, -1, 27, 28, 29, -1, 27, 29, 23, -1,
27, 23, 24, -1, 27, 24, 25, -1, 27, 25, 26, -1, 34, 42, 33, -1,
33, 42, 43, -1, 33, 43, 32, -1, 32, 43, 44, -1, 32, 44, 31, -1,
31, 44, 45, -1, 31, 45, 30, -1, 30, 45, 23, -1, 30, 23, 29, -1,
60, 61, 59, -1, 59, 61, 62, -1, 59, 62, 58, -1, 58, 62, 89, -1,
85, 86, 63, -1, 63, 86, 87, -1, 63, 87, 62, -1, 62, 87, 88, -1,
62, 88, 89, -1, 82, 83, 64, -1, 64, 83, 84, -1, 64, 84, 63, -1,
63, 84, 85, -1, 65, 66, 80, -1, 65, 80, 81, -1, 65, 81, 82, -1,
65, 82, 64, -1, 76, 77, 67, -1, 67, 77, 78, -1, 67, 78, 66, -1,
66, 78, 79, -1, 66, 79, 80, -1, 68, 69, 73, -1, 68, 73, 74, -1,
68, 74, 75, -1, 68, 75, 76, -1, 68, 76, 67, -1, 69, 46, 70, -1,
69, 70, 71, -1, 69, 71, 72, -1, 69, 72, 73, -1, 90, 91, 58, -1,
58, 91, 92, -1, 58, 92, 57, -1, 57, 92, 93, -1, 57, 93, 94, -1,
95, 96, 56, -1, 95, 56, 57, -1, 95, 57, 94, -1, 97, 98, 55, -1,
97, 55, 56, -1, 97, 56, 96, -1, 99, 100, 54, -1, 99, 54, 55, -1,
99, 55, 98, -1, 101, 102, 53, -1, 101, 53, 54, -1, 101, 54, 100, -1,
103, 104, 52, -1, 103, 52, 53, -1, 103, 53, 102, -1, 104, 105, 52, -1,
52, 105, 106, -1, 52, 106, 51, -1, 51, 106, 107, -1, 51, 107, 108, -1,
48, 49, 47, -1, 47, 49, 50, -1, 47, 50, 46, -1, 46, 50, 51, -1,
46, 51, 70, -1, 70, 51, 108, -1, 123, 124, 122, -1, 122, 124, 125, -1,
122, 125, 121, -1, 121, 125, 152, -1, 148, 149, 126, -1, 126, 149, 150, -1,
126, 150, 125, -1, 125, 150, 151, -1, 125, 151, 152, -1, 145, 146, 127, -1,
127, 146, 147, -1, 127, 147, 126, -1, 126, 147, 148, -1, 128, 129, 143, -1,
128, 143, 144, -1, 128, 144, 145, -1, 128, 145, 127, -1, 139, 140, 130, -1,
130, 140, 141, -1, 130, 141, 129, -1, 129, 141, 142, -1, 129, 142, 143, -1,
131, 132, 136, -1, 131, 136, 137, -1, 131, 137, 138, -1, 131, 138, 139, -1,
131, 139, 130, -1, 132, 109, 133, -1, 132, 133, 134, -1, 132, 134, 135, -1,
132, 135, 136, -1, 153, 154, 121, -1, 121, 154, 155, -1, 121, 155, 120, -1,
120, 155, 156, -1, 120, 156, 157, -1, 158, 159, 119, -1, 158, 119, 120, -1,
158, 120, 157, -1, 160, 161, 118, -1, 160, 118, 119, -1, 160, 119, 159, -1,
162, 163, 117, -1, 162, 117, 118, -1, 162, 118, 161, -1, 164, 165, 116, -1,
164, 116, 117, -1, 164, 117, 163, -1, 166, 167, 115, -1, 166, 115, 116, -1,
166, 116, 165, -1, 167, 168, 115, -1, 115, 168, 169, -1, 115, 169, 114, -1,
114, 169, 170, -1, 114, 170, 171, -1, 111, 112, 110, -1, 110, 112, 113, -1,
110, 113, 109, -1, 109, 113, 114, -1, 109, 114, 133, -1, 133, 114, 171, -1,
39, 37, 38, -1, 16, 14, 15, -1
            ]
          }
        }
      ]
    }
  ]
}
Transform {
  children [
    Group {
      children [
        Shape {
          appearance Appearance {
            material Material {
              diffuseColor 0.08 0.5 0.1
              specularColor 0.01 0.05 0.01
              emissiveColor 0 0 0
              ambientIntensity 0.8
              transparency 0
              shininess 0.02
            }
          }
          geometry IndexedFaceSet {
            solid TRUE
            coord Coordinate {
              point [
67.744092 -27.601213 -0.314961, 67.733275 -27.623671 -0.314961,
67.538335 -27.73622 -0.314961, 67.538335 -28.169291 -0.314961,
67.733275 -28.28184 -0.314961, 67.744092 -28.304299 -0.314961,
67.819435 -28.364383 -0.314961, 67.913386 -28.385827 -0.314961,
68.007337 -28.364383 -0.314961, 68.08268 -28.304299 -0.314961,
68.093495 -28.28184 -0.314961, 68.288436 -28.169291 -0.314961,
68.288436 -27.73622 -0.314961, 68.093495 -27.623671 -0.314961,
68.08268 -27.601213 -0.314961, 68.007337 -27.541129 -0.314961,
67.913386 -27.519685 -0.314961, 67.819435 -27.541129 -0.314961,
67.765748 -27.952756 -0.314961, 67.793944 -27.865977 -0.314961,
67.867763 -27.812344 -0.314961, 67.959008 -27.812344 -0.314961,
68.032827 -27.865977 -0.314961, 68.061024 -27.952756 -0.314961,
68.032827 -28.039535 -0.314961, 67.959008 -28.093168 -0.314961,
67.867763 -28.093168 -0.314961, 67.793944 -28.039535 -0.314961,
66.506452 -32.092475 -0.314961, 66.492366 -32.135827 -0.314961,
65.532529 -32.135826 -0.314961, 65.532531 -31.968504 -0.314961,
65.337589 -31.855954 -0.314961, 65.326775 -31.833496 -0.314961,
65.251432 -31.773412 -0.314961, 65.15748 -31.751969 -0.314961,
65.063529 -31.773412 -0.314961, 64.988186 -31.833496 -0.314961,
64.97737 -31.855954 -0.314961, 64.78243 -31.968504 -0.314961,
64.78243 -32.401575 -0.314961, 64.97737 -32.514123 -0.314961,
64.988186 -32.536582 -0.314961, 65.063529 -32.596666 -0.314961,
65.15748 -32.61811 -0.314961, 65.251432 -32.596666 -0.314961,
65.326775 -32.536582 -0.314961, 65.337589 -32.514123 -0.314961,
65.532531 -32.401575 -0.314961, 65.53253 -32.234252 -0.314961,
66.492366 -32.234252 -0.314961, 66.506452 -32.277604 -0.314961,
66.585193 -32.334812 -0.314961, 66.682521 -32.334812 -0.314961,
66.761261 -32.277604 -0.314961, 66.791337 -32.185039 -0.314961,
66.761261 -32.092475 -0.314961, 66.682521 -32.035267 -0.314961,
66.585193 -32.035267 -0.314961, 66.555117 -32.185039 -0.314961,
66.594487 -32.116848 -0.314961, 66.673227 -32.116848 -0.314961,
66.712597 -32.185039 -0.314961, 66.673227 -32.25323 -0.314961,
66.594487 -32.25323 -0.314961, 65.009843 -32.185039 -0.314961,
65.038039 -32.09826 -0.314961, 65.111858 -32.044627 -0.314961,
65.203103 -32.044627 -0.314961, 65.276922 -32.09826 -0.314961,
65.305118 -32.185039 -0.314961, 65.276922 -32.271819 -0.314961,
65.203103 -32.325451 -0.314961, 65.111858 -32.325451 -0.314961,
65.038039 -32.271819 -0.314961, 68.742618 -29.92126 -0.314961,
68.772224 -30.012378 -0.314961, 68.849734 -30.068692 -0.314961,
68.945542 -30.068692 -0.314961, 69.023051 -30.012378 -0.314961,
69.052657 -29.92126 -0.314961, 69.023051 -29.830142 -0.314961,
68.945542 -29.773827 -0.314961, 68.849734 -29.773827 -0.314961,
68.772224 -29.830142 -0.314961, 68.75 -29.92126 -0.314961,
68.778196 -29.834481 -0.314961, 68.852015 -29.780848 -0.314961,
68.94326 -29.780848 -0.314961, 69.017079 -29.834481 -0.314961,
69.045276 -29.92126 -0.314961, 69.017079 -30.008039 -0.314961,
68.94326 -30.061672 -0.314961, 68.852015 -30.061672 -0.314961,
68.778196 -30.008039 -0.314961, 65.972438 -34.294126 -0.314961,
65.961622 -34.316584 -0.314961, 65.766682 -34.429134 -0.314961,
65.766682 -34.862205 -0.314961, 65.961622 -34.974753 -0.314961,
65.972438 -34.997212 -0.314961, 66.047781 -35.057296 -0.314961,
66.141732 -35.07874 -0.314961, 66.235683 -35.057296 -0.314961,
66.311027 -34.997212 -0.314961, 66.321841 -34.974753 -0.314961,
66.516783 -34.862205 -0.314961, 66.516783 -34.429134 -0.314961,
66.321843 -34.316585 -0.314961, 66.311027 -34.294126 -0.314961,
66.235683 -34.234042 -0.314961, 66.190946 -34.223831 -0.314961,
66.190945 -33.858268 -0.314961, 66.166339 -33.815648 -0.314961,
66.117126 -33.815648 -0.314961, 66.09252 -33.858268 -0.314961,
66.09252 -34.223831 -0.314961, 66.047781 -34.234042 -0.314961,
65.994094 -34.645669 -0.314961, 66.022291 -34.55889 -0.314961,
66.09611 -34.505257 -0.314961, 66.187355 -34.505257 -0.314961,
66.261174 -34.55889 -0.314961, 66.28937 -34.645669 -0.314961,
66.261174 -34.732449 -0.314961, 66.187355 -34.786081 -0.314961,
66.09611 -34.786081 -0.314961, 66.022291 -34.732449 -0.314961,
67.940942 -34.294126 -0.314961, 67.930126 -34.316584 -0.314961,
67.735186 -34.429134 -0.314961, 67.735186 -34.862205 -0.314961,
67.930126 -34.974753 -0.314961, 67.940942 -34.997212 -0.314961,
68.016285 -35.057296 -0.314961, 68.110236 -35.07874 -0.314961,
68.204187 -35.057296 -0.314961, 68.27953 -34.997212 -0.314961,
68.290345 -34.974753 -0.314961, 68.485287 -34.862205 -0.314961,
68.485287 -34.429134 -0.314961, 68.290345 -34.316584 -0.314961,
68.27953 -34.294126 -0.314961, 68.204187 -34.234042 -0.314961,
68.110236 -34.212598 -0.314961, 68.016285 -34.234042 -0.314961,
67.962598 -34.645669 -0.314961, 67.990795 -34.55889 -0.314961,
68.064614 -34.505257 -0.314961, 68.155859 -34.505257 -0.314961,
68.229678 -34.55889 -0.314961, 68.257874 -34.645669 -0.314961,
68.229678 -34.732449 -0.314961, 68.155859 -34.786081 -0.314961,
68.064614 -34.786081 -0.314961, 67.990795 -34.732449 -0.314961,
63.610233 -34.294126 -0.314961, 63.599417 -34.316584 -0.314961,
63.404477 -34.429134 -0.314961, 63.404477 -34.862205 -0.314961,
63.599417 -34.974753 -0.314961, 63.610233 -34.997212 -0.314961,
63.685576 -35.057296 -0.314961, 63.779528 -35.07874 -0.314961,
63.873479 -35.057296 -0.314961, 63.948822 -34.997212 -0.314961,
63.959636 -34.974753 -0.314961, 64.154578 -34.862205 -0.314961,
64.154578 -34.429134 -0.314961, 63.959636 -34.316584 -0.314961,
63.948822 -34.294126 -0.314961, 63.873479 -34.234042 -0.314961,
63.779528 -34.212598 -0.314961, 63.685576 -34.234042 -0.314961,
63.63189 -34.645669 -0.314961, 63.660086 -34.55889 -0.314961,
63.733905 -34.505257 -0.314961, 63.82515 -34.505257 -0.314961,
63.898969 -34.55889 -0.314961, 63.927165 -34.645669 -0.314961,
63.898969 -34.732449 -0.314961, 63.82515 -34.786081 -0.314961,
63.733905 -34.786081 -0.314961, 63.660086 -34.732449 -0.314961
              ]
            }
            coordIndex [
9, 23, 14, -1, 9, 14, 10, -1, 10, 14, 13, -1, 10, 13, 11, -1,
11, 13, 12, -1, 19, 18, 17, -1, 19, 17, 20, -1, 20, 17, 16, -1,
20, 16, 21, -1, 21, 16, 15, -1, 21, 15, 22, -1, 22, 15, 14, -1,
22, 14, 23, -1, 4, 2, 1, -1, 4, 1, 5, -1, 5, 1, 0, -1,
5, 0, 18, -1, 18, 0, 17, -1, 6, 27, 26, -1, 6, 26, 7, -1,
7, 26, 25, -1, 7, 25, 8, -1, 8, 25, 24, -1, 8, 24, 9, -1,
9, 24, 23, -1, 5, 18, 6, -1, 6, 18, 27, -1, 61, 60, 57, -1,
61, 57, 62, -1, 62, 57, 56, -1, 62, 56, 54, -1, 54, 56, 55, -1,
52, 51, 28, -1, 52, 28, 59, -1, 59, 28, 58, -1, 59, 58, 60, -1,
60, 58, 57, -1, 54, 53, 62, -1, 62, 53, 63, -1, 63, 53, 64, -1,
64, 53, 52, -1, 28, 51, 50, -1, 28, 50, 29, -1, 29, 50, 49, -1,
29, 49, 30, -1, 30, 49, 48, -1, 30, 48, 32, -1, 32, 48, 47, -1,
32, 47, 33, -1, 33, 47, 46, -1, 33, 46, 70, -1, 70, 46, 71, -1,
71, 46, 45, -1, 71, 45, 72, -1, 72, 45, 44, -1, 72, 44, 73, -1,
73, 44, 43, -1, 73, 43, 74, -1, 74, 43, 65, -1, 66, 65, 36, -1,
36, 65, 37, -1, 37, 65, 42, -1, 42, 65, 43, -1, 39, 38, 41, -1,
41, 38, 42, -1, 42, 38, 37, -1, 80, 79, 90, -1, 80, 90, 81, -1,
81, 90, 89, -1, 81, 89, 82, -1, 82, 89, 88, -1, 82, 88, 87, -1,
85, 75, 84, -1, 85, 84, 86, -1, 86, 84, 83, -1, 86, 83, 87, -1,
87, 83, 82, -1, 92, 91, 78, -1, 78, 91, 79, -1, 79, 91, 90, -1,
76, 85, 94, -1, 76, 94, 77, -1, 77, 94, 93, -1, 77, 93, 78, -1,
78, 93, 92, -1, 104, 123, 109, -1, 104, 109, 105, -1, 105, 109, 108, -1,
105, 108, 106, -1, 106, 108, 107, -1, 123, 122, 109, -1, 109, 122, 110, -1,
110, 122, 111, -1, 111, 122, 121, -1, 111, 121, 112, -1, 112, 121, 113, -1,
113, 121, 114, -1, 114, 121, 120, -1, 119, 118, 117, -1, 119, 117, 120, -1,
120, 117, 116, -1, 120, 116, 114, -1, 114, 116, 115, -1, 101, 127, 126, -1,
101, 126, 102, -1, 102, 126, 125, -1, 102, 125, 103, -1, 103, 125, 124, -1,
103, 124, 104, -1, 104, 124, 123, -1, 117, 118, 95, -1, 95, 118, 100, -1,
100, 118, 101, -1, 101, 118, 127, -1, 97, 96, 99, -1, 99, 96, 100, -1,
100, 96, 95, -1, 137, 151, 142, -1, 137, 142, 138, -1, 138, 142, 141, -1,
138, 141, 139, -1, 139, 141, 140, -1, 147, 146, 145, -1, 147, 145, 148, -1,
148, 145, 144, -1, 148, 144, 149, -1, 149, 144, 143, -1, 149, 143, 150, -1,
150, 143, 142, -1, 150, 142, 151, -1, 132, 130, 129, -1, 132, 129, 133, -1,
133, 129, 128, -1, 133, 128, 146, -1, 146, 128, 145, -1, 134, 155, 154, -1,
134, 154, 135, -1, 135, 154, 153, -1, 135, 153, 136, -1, 136, 153, 152, -1,
136, 152, 137, -1, 137, 152, 151, -1, 133, 146, 134, -1, 134, 146, 155, -1,
33, 70, 69, -1, 33, 69, 34, -1, 34, 69, 68, -1, 34, 68, 35, -1,
35, 68, 67, -1, 35, 67, 36, -1, 36, 67, 66, -1, 165, 179, 170, -1,
165, 170, 166, -1, 166, 170, 169, -1, 166, 169, 167, -1, 167, 169, 168, -1,
175, 174, 173, -1, 175, 173, 176, -1, 176, 173, 172, -1, 176, 172, 177, -1,
177, 172, 171, -1, 177, 171, 178, -1, 178, 171, 170, -1, 178, 170, 179, -1,
160, 158, 157, -1, 160, 157, 161, -1, 161, 157, 156, -1, 161, 156, 174, -1,
174, 156, 173, -1, 162, 183, 182, -1, 162, 182, 163, -1, 163, 182, 181, -1,
163, 181, 164, -1, 164, 181, 180, -1, 164, 180, 165, -1, 165, 180, 179, -1,
161, 174, 162, -1, 162, 174, 183, -1, 158, 160, 159, -1, 32, 31, 30, -1,
130, 132, 131, -1, 97, 99, 98, -1, 85, 76, 75, -1, 39, 41, 40, -1,
52, 59, 64, -1, 2, 4, 3, -1
            ]
          }
        }
      ]
    }
  ]
}
Transform {
  children [
    Group {
      children [
        Shape {
          appearance Appearance {
            material Material {
              diffuseColor 0.749 0.756 0.761
              specularColor 0.749 0.756 0.761
              emissiveColor 0 0 0
              ambientIntensity 0.8
              transparency 0
              shininess 0.8
            }
          }
          geometry IndexedFaceSet {
            solid TRUE
            coord Coordinate {
              point [
85.607201 -29.164512 -0.319882, 85.672439 -29.089224 -0.319882,
85.713823 -28.998606 -0.319882, 85.728 -28.9 -0.319882,
85.728001 -28.433071 -0.319882, 85.565069 -28.433072 -0.319882,
85.583 -28.5 -0.319882, 85.555535 -28.6025 -0.319882,
85.4805 -28.677535 -0.319882, 85.378 -28.705 -0.319882,
85.2755 -28.677535 -0.319882, 85.200465 -28.6025 -0.319882,
85.173 -28.5 -0.319882, 85.190936 -28.433072 -0.319882,
85.028003 -28.433072 -0.319882, 85.028 -28.9 -0.319882,
85.042177 -28.998606 -0.319882, 85.083561 -29.089224 -0.319882,
85.148799 -29.164512 -0.319882, 85.232605 -29.218371 -0.319882,
85.32819 -29.246438 -0.319882, 85.42781 -29.246438 -0.319882,
85.523395 -29.218371 -0.319882, 82.851201 -29.164512 -0.319882,
82.916439 -29.089224 -0.319882, 82.957823 -28.998606 -0.319882,
82.972 -28.9 -0.319882, 82.972001 -28.433071 -0.319882,
82.809068 -28.433071 -0.319882, 82.827 -28.5 -0.319882,
82.799535 -28.6025 -0.319882, 82.7245 -28.677535 -0.319882,
82.622 -28.705 -0.319882, 82.5195 -28.677535 -0.319882,
82.444465 -28.6025 -0.319882, 82.417 -28.5 -0.319882,
82.434935 -28.433071 -0.319882, 82.272001 -28.433071 -0.319882,
82.272 -28.9 -0.319882, 82.286177 -28.998606 -0.319882,
82.327561 -29.089224 -0.319882, 82.392799 -29.164512 -0.319882,
82.476605 -29.218371 -0.319882, 82.57219 -29.246438 -0.319882,
82.67181 -29.246438 -0.319882, 82.767395 -29.218371 -0.319882,
77.01809 -20.606299 -0.319882, 76.939428 -20.796205 -0.319882,
76.912598 -21. -0.319882, 76.939428 -21.203795 -0.319882,
77.01809 -21.393701 -0.319882, 77.143223 -21.556777 -0.319882,
77.306299 -21.68191 -0.319882, 77.496205 -21.760572 -0.319882,
77.7 -21.787402 -0.319882, 77.903795 -21.760572 -0.319882,
78.093701 -21.68191 -0.319882, 78.256777 -21.556777 -0.319882,
78.38191 -21.393701 -0.319882, 78.460572 -21.203795 -0.319882,
78.487402 -21. -0.319882, 78.460572 -20.796205 -0.319882,
78.38191 -20.606299 -0.319882, 78.256777 -20.443223 -0.319882,
78.093701 -20.31809 -0.319882, 77.903795 -20.239428 -0.319882,
77.7 -20.212598 -0.319882, 77.496205 -20.239428 -0.319882,
77.306299 -20.31809 -0.319882, 77.143223 -20.443223 -0.319882,
77.104449 -21. -0.319882, 77.112572 -20.901976 -0.319882,
77.136718 -20.806625 -0.319882, 77.176229 -20.716549 -0.319882,
77.230027 -20.634205 -0.319882, 77.296644 -20.561839 -0.319882,
77.374264 -20.501425 -0.319882, 77.46077 -20.45461 -0.319882,
77.553801 -20.422673 -0.319882, 77.65082 -20.406483 -0.319882,
77.74918 -20.406483 -0.319882, 77.846199 -20.422673 -0.319882,
77.93923 -20.45461 -0.319882, 78.025736 -20.501425 -0.319882,
78.103356 -20.561839 -0.319882, 78.169973 -20.634205 -0.319882,
78.223771 -20.716549 -0.319882, 78.263282 -20.806625 -0.319882,
78.287428 -20.901976 -0.319882, 78.295551 -21. -0.319882,
78.295551 -21. -0.319882, 78.287428 -21.098024 -0.319882,
78.263282 -21.193375 -0.319882, 78.223771 -21.283451 -0.319882,
78.169973 -21.365795 -0.319882, 78.103356 -21.438161 -0.319882,
78.025736 -21.498575 -0.319882, 77.93923 -21.54539 -0.319882,
77.846199 -21.577327 -0.319882, 77.74918 -21.593517 -0.319882,
77.65082 -21.593517 -0.319882, 77.553801 -21.577327 -0.319882,
77.46077 -21.54539 -0.319882, 77.374264 -21.498575 -0.319882,
77.296644 -21.438161 -0.319882, 77.230027 -21.365795 -0.319882,
77.176229 -21.283451 -0.319882, 77.136718 -21.193375 -0.319882,
77.112572 -21.098024 -0.319882, 89.61809 -20.606299 -0.319882,
89.539428 -20.796205 -0.319882, 89.512598 -21. -0.319882,
89.539428 -21.203795 -0.319882, 89.61809 -21.393701 -0.319882,
89.743223 -21.556777 -0.319882, 89.906299 -21.68191 -0.319882,
90.096205 -21.760572 -0.319882, 90.3 -21.787402 -0.319882,
90.503795 -21.760572 -0.319882, 90.693701 -21.68191 -0.319882,
90.856777 -21.556777 -0.319882, 90.98191 -21.393701 -0.319882,
91.060572 -21.203795 -0.319882, 91.087402 -21. -0.319882,
91.060572 -20.796205 -0.319882, 90.98191 -20.606299 -0.319882,
90.856777 -20.443223 -0.319882, 90.693701 -20.31809 -0.319882,
90.503795 -20.239428 -0.319882, 90.3 -20.212598 -0.319882,
90.096205 -20.239428 -0.319882, 89.906299 -20.31809 -0.319882,
89.743223 -20.443223 -0.319882, 89.704449 -21. -0.319882,
89.712572 -20.901976 -0.319882, 89.736718 -20.806625 -0.319882,
89.776229 -20.716549 -0.319882, 89.830027 -20.634205 -0.319882,
89.896644 -20.561839 -0.319882, 89.974264 -20.501425 -0.319882,
90.06077 -20.45461 -0.319882, 90.153801 -20.422673 -0.319882,
90.25082 -20.406483 -0.319882, 90.34918 -20.406483 -0.319882,
90.446199 -20.422673 -0.319882, 90.53923 -20.45461 -0.319882,
90.625736 -20.501425 -0.319882, 90.703356 -20.561839 -0.319882,
90.769973 -20.634205 -0.319882, 90.823771 -20.716549 -0.319882,
90.863282 -20.806625 -0.319882, 90.887428 -20.901976 -0.319882,
90.895551 -21. -0.319882, 90.895551 -21. -0.319882,
90.887428 -21.098024 -0.319882, 90.863282 -21.193375 -0.319882,
90.823771 -21.283451 -0.319882, 90.769973 -21.365795 -0.319882,
90.703356 -21.438161 -0.319882, 90.625736 -21.498575 -0.319882,
90.53923 -21.54539 -0.319882, 90.446199 -21.577327 -0.319882,
90.34918 -21.593517 -0.319882, 90.25082 -21.593517 -0.319882,
90.153801 -21.577327 -0.319882, 90.06077 -21.54539 -0.319882,
89.974264 -21.498575 -0.319882, 89.896644 -21.438161 -0.319882,
89.830027 -21.365795 -0.319882, 89.776229 -21.283451 -0.319882,
89.736718 -21.193375 -0.319882, 89.712572 -21.098024 -0.319882
              ]
            }
            coordIndex [
13, 12, 14, -1, 14, 12, 16, -1, 16, 12, 17, -1, 17, 12, 18, -1,
18, 12, 19, -1, 19, 12, 11, -1, 5, 4, 6, -1, 6, 4, 0, -1,
0, 4, 1, -1, 1, 4, 2, -1, 2, 4, 3, -1, 19, 11, 10, -1,
19, 10, 20, -1, 20, 10, 9, -1, 20, 9, 21, -1, 21, 9, 8, -1,
21, 8, 22, -1, 22, 8, 7, -1, 22, 7, 0, -1, 0, 7, 6, -1,
36, 35, 37, -1, 37, 35, 39, -1, 39, 35, 40, -1, 40, 35, 41, -1,
41, 35, 42, -1, 42, 35, 34, -1, 28, 27, 29, -1, 29, 27, 23, -1,
23, 27, 24, -1, 24, 27, 25, -1, 25, 27, 26, -1, 42, 34, 33, -1,
42, 33, 43, -1, 43, 33, 32, -1, 43, 32, 44, -1, 44, 32, 31, -1,
44, 31, 45, -1, 45, 31, 30, -1, 45, 30, 23, -1, 23, 30, 29, -1,
61, 60, 59, -1, 61, 59, 62, -1, 62, 59, 58, -1, 62, 58, 89, -1,
86, 85, 63, -1, 86, 63, 87, -1, 87, 63, 62, -1, 87, 62, 88, -1,
88, 62, 89, -1, 83, 82, 64, -1, 83, 64, 84, -1, 84, 64, 63, -1,
84, 63, 85, -1, 66, 65, 80, -1, 80, 65, 81, -1, 81, 65, 82, -1,
82, 65, 64, -1, 77, 76, 67, -1, 77, 67, 78, -1, 78, 67, 66, -1,
78, 66, 79, -1, 79, 66, 80, -1, 69, 68, 73, -1, 73, 68, 74, -1,
74, 68, 75, -1, 75, 68, 76, -1, 76, 68, 67, -1, 46, 69, 70, -1,
70, 69, 71, -1, 71, 69, 72, -1, 72, 69, 73, -1, 91, 90, 58, -1,
91, 58, 92, -1, 92, 58, 57, -1, 92, 57, 93, -1, 93, 57, 94, -1,
96, 95, 56, -1, 56, 95, 57, -1, 57, 95, 94, -1, 98, 97, 55, -1,
55, 97, 56, -1, 56, 97, 96, -1, 100, 99, 54, -1, 54, 99, 55, -1,
55, 99, 98, -1, 102, 101, 53, -1, 53, 101, 54, -1, 54, 101, 100, -1,
104, 103, 52, -1, 52, 103, 53, -1, 53, 103, 102, -1, 105, 104, 52, -1,
105, 52, 106, -1, 106, 52, 51, -1, 106, 51, 107, -1, 107, 51, 108, -1,
49, 48, 47, -1, 49, 47, 50, -1, 50, 47, 46, -1, 50, 46, 51, -1,
51, 46, 70, -1, 51, 70, 108, -1, 124, 123, 122, -1, 124, 122, 125, -1,
125, 122, 121, -1, 125, 121, 152, -1, 149, 148, 126, -1, 149, 126, 150, -1,
150, 126, 125, -1, 150, 125, 151, -1, 151, 125, 152, -1, 146, 145, 127, -1,
146, 127, 147, -1, 147, 127, 126, -1, 147, 126, 148, -1, 129, 128, 143, -1,
143, 128, 144, -1, 144, 128, 145, -1, 145, 128, 127, -1, 140, 139, 130, -1,
140, 130, 141, -1, 141, 130, 129, -1, 141, 129, 142, -1, 142, 129, 143, -1,
132, 131, 136, -1, 136, 131, 137, -1, 137, 131, 138, -1, 138, 131, 139, -1,
139, 131, 130, -1, 109, 132, 133, -1, 133, 132, 134, -1, 134, 132, 135, -1,
135, 132, 136, -1, 154, 153, 121, -1, 154, 121, 155, -1, 155, 121, 120, -1,
155, 120, 156, -1, 156, 120, 157, -1, 159, 158, 119, -1, 119, 158, 120, -1,
120, 158, 157, -1, 161, 160, 118, -1, 118, 160, 119, -1, 119, 160, 159, -1,
163, 162, 117, -1, 117, 162, 118, -1, 118, 162, 161, -1, 165, 164, 116, -1,
116, 164, 117, -1, 117, 164, 163, -1, 167, 166, 115, -1, 115, 166, 116, -1,
116, 166, 165, -1, 168, 167, 115, -1, 168, 115, 169, -1, 169, 115, 114, -1,
169, 114, 170, -1, 170, 114, 171, -1, 112, 111, 110, -1, 112, 110, 113, -1,
113, 110, 109, -1, 113, 109, 114, -1, 114, 109, 133, -1, 114, 133, 171, -1,
37, 39, 38, -1, 14, 16, 15, -1
            ]
          }
        }
      ]
    }
  ]
}
Transform {
  children [
    Group {
      children [
        Shape {
          appearance Appearance {
            material Material {
              diffuseColor 0.749 0.756 0.761
              specularColor 0.749 0.756 0.761
              emissiveColor 0 0 0
              ambientIntensity 0.8
              transparency 0
              shininess 0.8
            }
          }
          geometry IndexedFaceSet {
            solid TRUE
            coord Coordinate {
              point [
85.578 -28.5 0.319882, 85.551205 -28.4 0.319882,
85.478 -28.326795 0.319882, 85.378 -28.3 0.319882,
85.278 -28.326795 0.319882, 85.204795 -28.4 0.319882,
85.178 -28.5 0.319882, 85.204795 -28.6 0.319882,
85.278 -28.673205 0.319882, 85.378 -28.7 0.319882,
85.478 -28.673205 0.319882, 85.551205 -28.6 0.319882,
82.822 -28.5 0.319882, 82.795205 -28.4 0.319882,
82.722 -28.326795 0.319882, 82.622 -28.3 0.319882,
82.522 -28.326795 0.319882, 82.448795 -28.4 0.319882,
82.422 -28.5 0.319882, 82.448795 -28.6 0.319882,
82.522 -28.673205 0.319882, 82.622 -28.7 0.319882,
82.722 -28.673205 0.319882, 82.795205 -28.6 0.319882,
78.290551 -21. 0.319882, 78.282497 -20.902799 0.319882,
78.258553 -20.808248 0.319882, 78.219374 -20.718929 0.319882,
78.166028 -20.637276 0.319882, 78.099969 -20.565518 0.319882,
78.023001 -20.505611 0.319882, 77.937222 -20.459189 0.319882,
77.844972 -20.42752 0.319882, 77.748767 -20.411466 0.319882,
77.651233 -20.411466 0.319882, 77.555028 -20.42752 0.319882,
77.462778 -20.459189 0.319882, 77.376999 -20.505611 0.319882,
77.300031 -20.565518 0.319882, 77.233972 -20.637276 0.319882,
77.180626 -20.718929 0.319882, 77.141447 -20.808248 0.319882,
77.117503 -20.902799 0.319882, 77.109449 -21. 0.319882,
77.117503 -21.097201 0.319882, 77.141447 -21.191752 0.319882,
77.180626 -21.281071 0.319882, 77.233972 -21.362724 0.319882,
77.300031 -21.434482 0.319882, 77.376999 -21.494389 0.319882,
77.462778 -21.540811 0.319882, 77.555028 -21.57248 0.319882,
77.651233 -21.588534 0.319882, 77.748767 -21.588534 0.319882,
77.844972 -21.57248 0.319882, 77.937222 -21.540811 0.319882,
78.023001 -21.494389 0.319882, 78.099969 -21.434482 0.319882,
78.166028 -21.362724 0.319882, 78.219374 -21.281071 0.319882,
78.258553 -21.191752 0.319882, 78.282497 -21.097201 0.319882,
78.290551 -21. 0.319882, 90.890551 -21. 0.319882,
90.882497 -20.902799 0.319882, 90.858553 -20.808248 0.319882,
90.819374 -20.718929 0.319882, 90.766028 -20.637276 0.319882,
90.699969 -20.565518 0.319882, 90.623001 -20.505611 0.319882,
90.537222 -20.459189 0.319882, 90.444972 -20.42752 0.319882,
90.348767 -20.411466 0.319882, 90.251233 -20.411466 0.319882,
90.155028 -20.42752 0.319882, 90.062778 -20.459189 0.319882,
89.976999 -20.505611 0.319882, 89.900031 -20.565518 0.319882,
89.833972 -20.637276 0.319882, 89.780626 -20.718929 0.319882,
89.741447 -20.808248 0.319882, 89.717503 -20.902799 0.319882,
89.709449 -21. 0.319882, 89.717503 -21.097201 0.319882,
89.741447 -21.191752 0.319882, 89.780626 -21.281071 0.319882,
89.833972 -21.362724 0.319882, 89.900031 -21.434482 0.319882,
89.976999 -21.494389 0.319882, 90.062778 -21.540811 0.319882,
90.155028 -21.57248 0.319882, 90.251233 -21.588534 0.319882,
90.348767 -21.588534 0.319882, 90.444972 -21.57248 0.319882,
90.537222 -21.540811 0.319882, 90.623001 -21.494389 0.319882,
90.699969 -21.434482 0.319882, 90.766028 -21.362724 0.319882,
90.819374 -21.281071 0.319882, 90.858553 -21.191752 0.319882,
90.882497 -21.097201 0.319882, 90.890551 -21. 0.319882,
85.578 -28.5 -0.319882, 85.551205 -28.4 -0.319882,
85.478 -28.326795 -0.319882, 85.378 -28.3 -0.319882,
85.278 -28.326795 -0.319882, 85.204795 -28.4 -0.319882,
85.178 -28.5 -0.319882, 85.204795 -28.6 -0.319882,
85.278 -28.673205 -0.319882, 85.378 -28.7 -0.319882,
85.478 -28.673205 -0.319882, 85.551205 -28.6 -0.319882,
82.822 -28.5 -0.319882, 82.795205 -28.4 -0.319882,
82.722 -28.326795 -0.319882, 82.622 -28.3 -0.319882,
82.522 -28.326795 -0.319882, 82.448795 -28.4 -0.319882,
82.422 -28.5 -0.319882, 82.448795 -28.6 -0.319882,
82.522 -28.673205 -0.319882, 82.622 -28.7 -0.319882,
82.722 -28.673205 -0.319882, 82.795205 -28.6 -0.319882,
78.290551 -21. -0.319882, 78.282497 -20.902799 -0.319882,
78.258553 -20.808248 -0.319882, 78.219374 -20.718929 -0.319882,
78.166028 -20.637276 -0.319882, 78.099969 -20.565518 -0.319882,
78.023001 -20.505611 -0.319882, 77.937222 -20.459189 -0.319882,
77.844972 -20.42752 -0.319882, 77.748767 -20.411466 -0.319882,
77.651233 -20.411466 -0.319882, 77.555028 -20.42752 -0.319882,
77.462778 -20.459189 -0.319882, 77.376999 -20.505611 -0.319882,
77.300031 -20.565518 -0.319882, 77.233972 -20.637276 -0.319882,
77.180626 -20.718929 -0.319882, 77.141447 -20.808248 -0.319882,
77.117503 -20.902799 -0.319882, 77.109449 -21. -0.319882,
77.117503 -21.097201 -0.319882, 77.141447 -21.191752 -0.319882,
77.180626 -21.281071 -0.319882, 77.233972 -21.362724 -0.319882,
77.300031 -21.434482 -0.319882, 77.376999 -21.494389 -0.319882,
77.462778 -21.540811 -0.319882, 77.555028 -21.57248 -0.319882,
77.651233 -21.588534 -0.319882, 77.748767 -21.588534 -0.319882,
77.844972 -21.57248 -0.319882, 77.937222 -21.540811 -0.319882,
78.023001 -21.494389 -0.319882, 78.099969 -21.434482 -0.319882,
78.166028 -21.362724 -0.319882, 78.219374 -21.281071 -0.319882,
78.258553 -21.191752 -0.319882, 78.282497 -21.097201 -0.319882,
78.290551 -21. -0.319882, 90.890551 -21. -0.319882,
90.882497 -20.902799 -0.319882, 90.858553 -20.808248 -0.319882,
90.819374 -20.718929 -0.319882, 90.766028 -20.637276 -0.319882,
90.699969 -20.565518 -0.319882, 90.623001 -20.505611 -0.319882,
90.537222 -20.459189 -0.319882, 90.444972 -20.42752 -0.319882,
90.348767 -20.411466 -0.319882, 90.251233 -20.411466 -0.319882,
90.155028 -20.42752 -0.319882, 90.062778 -20.459189 -0.319882,
89.976999 -20.505611 -0.319882, 89.900031 -20.565518 -0.319882,
89.833972 -20.637276 -0.319882, 89.780626 -20.718929 -0.319882,
89.741447 -20.808248 -0.319882, 89.717503 -20.902799 -0.319882,
89.709449 -21. -0.319882, 89.717503 -21.097201 -0.319882,
89.741447 -21.191752 -0.319882, 89.780626 -21.281071 -0.319882,
89.833972 -21.362724 -0.319882, 89.900031 -21.434482 -0.319882,
89.976999 -21.494389 -0.319882, 90.062778 -21.540811 -0.319882,
90.155028 -21.57248 -0.319882, 90.251233 -21.588534 -0.319882,
90.348767 -21.588534 -0.319882, 90.444972 -21.57248 -0.319882,
90.537222 -21.540811 -0.319882, 90.623001 -21.494389 -0.319882,
90.699969 -21.434482 -0.319882, 90.766028 -21.362724 -0.319882,
90.819374 -21.281071 -0.319882, 90.858553 -21.191752 -0.319882,
90.882497 -21.097201 -0.319882, 90.890551 -21. -0.319882
              ]
            }
            coordIndex [
 
1, 103, 0, -1, 103, 102, 0, -1, 2, 104, 1, -1, 104, 103, 1, -1,
3, 105, 2, -1, 105, 104, 2, -1, 4, 106, 3, -1, 106, 105, 3, -1,
5, 107, 4, -1, 107, 106, 4, -1, 6, 108, 5, -1, 108, 107, 5, -1,
7, 109, 6, -1, 109, 108, 6, -1, 8, 110, 7, -1, 110, 109, 7, -1,
9, 111, 8, -1, 111, 110, 8, -1, 10, 112, 9, -1, 112, 111, 9, -1,
11, 113, 10, -1, 113, 112, 10, -1, 0, 102, 11, -1, 102, 113, 11, -1,
13, 115, 12, -1, 115, 114, 12, -1, 14, 116, 13, -1, 116, 115, 13, -1,
15, 117, 14, -1, 117, 116, 14, -1, 16, 118, 15, -1, 118, 117, 15, -1,
17, 119, 16, -1, 119, 118, 16, -1, 18, 120, 17, -1, 120, 119, 17, -1,
19, 121, 18, -1, 121, 120, 18, -1, 20, 122, 19, -1, 122, 121, 19, -1,
21, 123, 20, -1, 123, 122, 20, -1, 22, 124, 21, -1, 124, 123, 21, -1,
23, 125, 22, -1, 125, 124, 22, -1, 12, 114, 23, -1, 114, 125, 23, -1,
25, 127, 24, -1, 127, 126, 24, -1, 26, 128, 25, -1, 128, 127, 25, -1,
27, 129, 26, -1, 129, 128, 26, -1, 28, 130, 27, -1, 130, 129, 27, -1,
29, 131, 28, -1, 131, 130, 28, -1, 30, 132, 29, -1, 132, 131, 29, -1,
31, 133, 30, -1, 133, 132, 30, -1, 32, 134, 31, -1, 134, 133, 31, -1,
33, 135, 32, -1, 135, 134, 32, -1, 34, 136, 33, -1, 136, 135, 33, -1,
35, 137, 34, -1, 137, 136, 34, -1, 36, 138, 35, -1, 138, 137, 35, -1,
37, 139, 36, -1, 139, 138, 36, -1, 38, 140, 37, -1, 140, 139, 37, -1,
39, 141, 38, -1, 141, 140, 38, -1, 40, 142, 39, -1, 142, 141, 39, -1,
41, 143, 40, -1, 143, 142, 40, -1, 42, 144, 41, -1, 144, 143, 41, -1,
43, 145, 42, -1, 145, 144, 42, -1, 44, 146, 43, -1, 146, 145, 43, -1,
45, 147, 44, -1, 147, 146, 44, -1, 46, 148, 45, -1, 148, 147, 45, -1,
47, 149, 46, -1, 149, 148, 46, -1, 48, 150, 47, -1, 150, 149, 47, -1,
49, 151, 48, -1, 151, 150, 48, -1, 50, 152, 49, -1, 152, 151, 49, -1,
51, 153, 50, -1, 153, 152, 50, -1, 52, 154, 51, -1, 154, 153, 51, -1,
53, 155, 52, -1, 155, 154, 52, -1, 54, 156, 53, -1, 156, 155, 53, -1,
55, 157, 54, -1, 157, 156, 54, -1, 56, 158, 55, -1, 158, 157, 55, -1,
57, 159, 56, -1, 159, 158, 56, -1, 58, 160, 57, -1, 160, 159, 57, -1,
59, 161, 58, -1, 161, 160, 58, -1, 60, 162, 59, -1, 162, 161, 59, -1,
61, 163, 60, -1, 163, 162, 60, -1, 62, 164, 61, -1, 164, 163, 61, -1,
24, 126, 62, -1, 126, 164, 62, -1, 64, 166, 63, -1, 166, 165, 63, -1, 65, 167, 64, -1, 167, 166, 64, -1, 66, 168, 65, -1, 168, 167, 65, -1,
67, 169, 66, -1, 169, 168, 66, -1, 68, 170, 67, -1, 170, 169, 67, -1,
69, 171, 68, -1, 171, 170, 68, -1, 70, 172, 69, -1, 172, 171, 69, -1,
71, 173, 70, -1, 173, 172, 70, -1, 72, 174, 71, -1, 174, 173, 71, -1,
73, 175, 72, -1, 175, 174, 72, -1, 74, 176, 73, -1, 176, 175, 73, -1,
75, 177, 74, -1, 177, 176, 74, -1, 76, 178, 75, -1, 178, 177, 75, -1,
77, 179, 76, -1, 179, 178, 76, -1, 78, 180, 77, -1, 180, 179, 77, -1,
79, 181, 78, -1, 181, 180, 78, -1, 80, 182, 79, -1, 182, 181, 79, -1,
81, 183, 80, -1, 183, 182, 80, -1, 82, 184, 81, -1, 184, 183, 81, -1,
83, 185, 82, -1, 185, 184, 82, -1, 84, 186, 83, -1, 186, 185, 83, -1,
85, 187, 84, -1, 187, 186, 84, -1, 86, 188, 85, -1, 188, 187, 85, -1,
87, 189, 86, -1, 189, 188, 86, -1, 88, 190, 87, -1, 190, 189, 87, -1,
89, 191, 88, -1, 191, 190, 88, -1, 90, 192, 89, -1, 192, 191, 89, -1,
91, 193, 90, -1, 193, 192, 90, -1, 92, 194, 91, -1, 194, 193, 91, -1,
93, 195, 92, -1, 195, 194, 92, -1, 94, 196, 93, -1, 196, 195, 93, -1,
95, 197, 94, -1, 197, 196, 94, -1, 96, 198, 95, -1, 198, 197, 95, -1,
97, 199, 96, -1, 199, 198, 96, -1, 98, 200, 97, -1, 200, 199, 97, -1,
99, 201, 98, -1, 201, 200, 98, -1, 100, 202, 99, -1, 202, 201, 99, -1,
101, 203, 100, -1, 203, 202, 100, -1, 63, 165, 101, -1, 165, 203, 101, -1
            ]
          }
        }
      ]
    }
  ]
}
Transform {
  children [
    Group {
      children [
        Shape {
          appearance Appearance {
            material Material {
              diffuseColor 0.9 0.9 0.9
              specularColor 0.1 0.1 0.1
              emissiveColor 0 0 0
              ambientIntensity 0.9
              transparency 0
              shininess 0.02
            }
          }
          geometry IndexedFaceSet {
            solid TRUE
            coord Coordinate {
              point [
70.533066 -16.833819 0.334646, 70.532904 -16.87154 0.334646,
70.532904 -16.871544 0.334646, 70.533035 -16.906968 0.334646,
70.533035 -16.906972 0.334646, 70.533459 -16.940061 0.334646,
70.533459 -16.940067 0.334646, 70.534175 -16.970785 0.334646,
70.534176 -16.970791 0.334646, 70.53518 -16.999103 0.334646,
70.535181 -16.99911 0.334646, 70.536474 -17.02498 0.334646,
70.536474 -17.024989 0.334646, 70.538054 -17.048381 0.334646,
70.538055 -17.048392 0.334646, 70.53992 -17.06927 0.334646,
70.539922 -17.069284 0.334646, 70.54207 -17.087612 0.334646,
70.542073 -17.087631 0.334646, 70.544504 -17.103372 0.334646,
70.544508 -17.103398 0.334646, 70.54722 -17.116518 0.334646,
70.547229 -17.116556 0.334646, 70.55022 -17.127018 0.334646,
70.550241 -17.127076 0.334646, 70.553509 -17.134844 0.334646,
70.553563 -17.134942 0.334646, 70.557108 -17.139981 0.334646,
70.557185 -17.140068 0.334646, 70.557267 -17.140129 0.334646,
70.561087 -17.142402 0.334646, 70.561217 -17.142457 0.334646,
70.561318 -17.142474 0.334646, 70.56142 -17.142471 0.334646,
70.565513 -17.141942 0.334646, 70.565583 -17.141928 0.334646,
70.565678 -17.141892 0.334646, 70.565765 -17.141838 0.334646,
70.570129 -17.138472 0.334646, 70.570175 -17.138432 0.334646,
70.570241 -17.138354 0.334646, 70.574616 -17.131959 0.334646,
70.574652 -17.131896 0.334646, 70.579375 -17.122404 0.334646,
70.579391 -17.122368 0.334646, 70.584419 -17.109972 0.334646,
70.584428 -17.109948 0.334646, 70.589719 -17.094844 0.334646,
70.589724 -17.094828 0.334646, 70.595237 -17.077209 0.334646,
70.59524 -17.077196 0.334646, 70.600932 -17.057259 0.334646,
70.600935 -17.057249 0.334646, 70.606765 -17.035186 0.334646,
70.606767 -17.035178 0.334646, 70.612693 -17.011184 0.334646,
70.612695 -17.011178 0.334646, 70.618675 -16.985448 0.334646,
70.618676 -16.985442 0.334646, 70.624669 -16.958171 0.334646,
70.62467 -16.958166 0.334646, 70.630632 -16.929548 0.334646,
70.630633 -16.929543 0.334646, 70.636524 -16.899773 0.334646,
70.636525 -16.899768 0.334646, 70.642303 -16.86904 0.334646,
70.642304 -16.869036 0.334646, 70.647926 -16.837545 0.334646,
70.647927 -16.83754 0.334646, 70.653352 -16.80548 0.334646,
70.653352 -16.805476 0.334646, 70.658539 -16.773042 0.334646,
70.658539 -16.773037 0.334646, 70.663444 -16.740423 0.334646,
70.663445 -16.740418 0.334646, 70.668027 -16.707819 0.334646,
70.668028 -16.707814 0.334646, 70.672246 -16.675425 0.334646,
70.672246 -16.675419 0.334646, 70.676057 -16.643434 0.334646,
70.676058 -16.643425 0.334646, 70.680451 -16.600665 0.334646,
70.680452 -16.600659 0.334646, 70.683859 -16.563369 0.334646,
70.683859 -16.563361 0.334646, 70.686279 -16.530987 0.334646,
70.68628 -16.530975 0.334646, 70.687713 -16.502959 0.334646,
70.687714 -16.502942 0.334646, 70.688161 -16.478728 0.334646,
70.688161 -16.478706 0.334646, 70.687621 -16.457738 0.334646,
70.687619 -16.457708 0.334646, 70.686093 -16.439429 0.334646,
70.686088 -16.439393 0.334646, 70.683575 -16.423247 0.334646,
70.683567 -16.423205 0.334646, 70.680068 -16.408636 0.334646,
70.680056 -16.408594 0.334646, 70.67557 -16.395044 0.334646,
70.675556 -16.395007 0.334646, 70.670083 -16.381921 0.334646,
70.670061 -16.381874 0.334646, 70.656681 -16.35718 0.334646,
70.656648 -16.357127 0.334646, 70.643479 -16.338467 0.334646,
70.643416 -16.338394 0.334646, 70.630481 -16.325815 0.334646,
70.63044 -16.32578 0.334646, 70.630354 -16.325724 0.334646,
70.617678 -16.319275 0.334646, 70.617554 -16.31923 0.334646,
70.617453 -16.319218 0.334646, 70.605059 -16.318945 0.334646,
70.604913 -16.318963 0.334646, 70.604818 -16.318999 0.334646,
70.592732 -16.32495 0.334646, 70.592664 -16.324991 0.334646,
70.592586 -16.325057 0.334646, 70.580833 -16.33728 0.334646,
70.580765 -16.337369 0.334646, 70.569367 -16.355911 0.334646,
70.569341 -16.355959 0.334646, 70.565594 -16.363794 0.334646,
70.565569 -16.363854 0.334646, 70.562007 -16.374514 0.334646,
70.561996 -16.374552 0.334646, 70.558625 -16.387995 0.334646,
70.558619 -16.388022 0.334646, 70.555443 -16.404204 0.334646,
70.555439 -16.404223 0.334646, 70.552462 -16.423102 0.334646,
70.55246 -16.423117 0.334646, 70.549686 -16.444647 0.334646,
70.549685 -16.444659 0.334646, 70.547119 -16.468798 0.334646,
70.547118 -16.468808 0.334646, 70.544763 -16.495513 0.334646,
70.544763 -16.49552 0.334646, 70.542625 -16.524748 0.334646,
70.542624 -16.524754 0.334646, 70.540707 -16.556459 0.334646,
70.540707 -16.556465 0.334646, 70.539015 -16.590606 0.334646,
70.539015 -16.590611 0.334646, 70.537552 -16.627142 0.334646,
70.537552 -16.627146 0.334646, 70.536323 -16.666026 0.334646,
70.536323 -16.66603 0.334646, 70.535332 -16.707214 0.334646,
70.534278 -16.751615 0.334646, 70.534278 -16.751618 0.334646,
70.533524 -16.793828 0.334646, 70.533524 -16.793831 0.334646,
70.533066 -16.833815 0.334646, 67.58215 -19.004906 0.334646,
67.567591 -18.976385 0.334646, 67.553411 -18.947694 0.334646,
67.539788 -18.919239 0.334646, 67.526905 -18.89144 0.334646,
67.514934 -18.864691 0.334646, 67.504064 -18.839424 0.334646,
67.494472 -18.816046 0.334646, 67.486343 -18.794978 0.334646,
67.479852 -18.776626 0.334646, 67.475181 -18.761404 0.334646,
67.472506 -18.749714 0.334646, 67.472502 -18.749696 0.334646,
67.465099 -18.721902 0.334646, 67.465082 -18.72185 0.334646,
67.456777 -18.700044 0.334646, 67.456745 -18.699975 0.334646,
67.44812 -18.684528 0.334646, 67.448042 -18.684421 0.334646,
67.439679 -18.675707 0.334646, 67.439599 -18.675639 0.334646,
67.439509 -18.675589 0.334646, 67.439412 -18.675558 0.334646,
67.431894 -18.673947 0.334646, 67.431795 -18.673936 0.334646,
67.431693 -18.673944 0.334646, 67.431595 -18.673972 0.334646,
67.431504 -18.674018 0.334646, 67.431424 -18.674081 0.334646,
67.425333 -18.679948 0.334646, 67.425291 -18.679995 0.334646,
67.425234 -18.68008 0.334646, 67.425196 -18.680175 0.334646,
67.421114 -18.693891 0.334646, 67.421094 -18.694004 0.334646,
67.419604 -18.715941 0.334646, 67.419603 -18.715993 0.334646,
67.41998 -18.727353 0.334646, 67.419982 -18.727379 0.334646,
67.4211 -18.740613 0.334646, 67.421102 -18.740632 0.334646,
67.422941 -18.755658 0.334646, 67.422943 -18.755672 0.334646,
67.42548 -18.772408 0.334646, 67.425482 -18.77242 0.334646,
67.428698 -18.790784 0.334646, 67.4287 -18.790794 0.334646,
67.432573 -18.810703 0.334646, 67.432575 -18.810711 0.334646,
67.437085 -18.832084 0.334646, 67.437086 -18.832091 0.334646,
67.442211 -18.854846 0.334646, 67.442213 -18.854852 0.334646,
67.447933 -18.878907 0.334646, 67.447934 -18.878913 0.334646,
67.454229 -18.904185 0.334646, 67.45423 -18.904189 0.334646,
67.461078 -18.930597 0.334646, 67.461079 -18.930601 0.334646,
67.468458 -18.958062 0.334646, 67.468459 -18.958066 0.334646,
67.47635 -18.986498 0.334646, 67.476352 -18.986502 0.334646,
67.484733 -19.015823 0.334646, 67.484735 -19.015826 0.334646,
67.493586 -19.045954 0.334646, 67.493587 -19.045958 0.334646,
67.502887 -19.076811 0.334646, 67.502888 -19.076814 0.334646,
67.512616 -19.108309 0.334646, 67.512617 -19.108313 0.334646,
67.522752 -19.140369 0.334646, 67.522752 -19.140372 0.334646,
67.533273 -19.172905 0.334646, 67.542214 -19.201007 0.334646,
67.550238 -19.227872 0.334646, 67.557338 -19.253604 0.334646,
67.563529 -19.278387 0.334646, 67.568805 -19.302319 0.334646,
67.573168 -19.325533 0.334646, 67.57663 -19.348219 0.334646,
67.579184 -19.37045 0.334646, 67.580837 -19.392401 0.334646,
67.581593 -19.414199 0.334646, 67.581451 -19.435982 0.334646,
67.580417 -19.457899 0.334646, 67.578491 -19.48006 0.334646,
67.575676 -19.502633 0.334646, 67.571977 -19.525719 0.334646,
67.567389 -19.549505 0.334646, 67.561926 -19.574071 0.334646,
67.555581 -19.599596 0.334646, 67.548356 -19.626213 0.334646,
67.540262 -19.654031 0.334646, 67.531292 -19.683219 0.334646,
67.531293 -19.683219 0.334646, 67.523506 -19.70806 0.334646,
67.523502 -19.708072 0.334646, 67.516283 -19.733147 0.334646,
67.51628 -19.733158 0.334646, 67.50963 -19.758424 0.334646,
67.509627 -19.758436 0.334646, 67.50355 -19.783853 0.334646,
67.503547 -19.783865 0.334646, 67.498044 -19.809392 0.334646,
67.498041 -19.809404 0.334646, 67.493113 -19.835001 0.334646,
67.493111 -19.835013 0.334646, 67.488762 -19.86064 0.334646,
67.48876 -19.860651 0.334646, 67.48499 -19.886268 0.334646,
67.484989 -19.88628 0.334646, 67.481801 -19.911845 0.334646,
67.4818 -19.911857 0.334646, 67.479196 -19.937332 0.334646,
67.479194 -19.937344 0.334646, 67.477177 -19.962687 0.334646,
67.477176 -19.962699 0.334646, 67.475746 -19.98787 0.334646,
67.475745 -19.987883 0.334646, 67.474906 -20.012842 0.334646,
67.474905 -20.012854 0.334646, 67.474657 -20.037561 0.334646,
67.474657 -20.037574 0.334646, 67.475003 -20.061988 0.334646,
67.475004 -20.062001 0.334646, 67.475945 -20.086082 0.334646,
67.475946 -20.086095 0.334646, 67.477486 -20.109803 0.334646,
67.477487 -20.109817 0.334646, 67.479627 -20.13311 0.334646,
67.479628 -20.133125 0.334646, 67.48237 -20.155965 0.334646,
67.482372 -20.15598 0.334646, 67.485719 -20.178325 0.334646,
67.485721 -20.178341 0.334646, 67.489673 -20.200151 0.334646,
67.489676 -20.200167 0.334646, 67.494236 -20.221403 0.334646,
67.49424 -20.22142 0.334646, 67.49941 -20.24204 0.334646,
67.499413 -20.242054 0.334646, 67.50898 -20.276117 0.334646,
67.508982 -20.276126 0.334646, 67.519151 -20.309903 0.334646,
67.519154 -20.309912 0.334646, 67.529752 -20.342981 0.334646,
67.529755 -20.34299 0.334646, 67.540608 -20.374925 0.334646,
67.540611 -20.374934 0.334646, 67.551545 -20.405311 0.334646,
67.551549 -20.40532 0.334646, 67.562391 -20.433714 0.334646,
67.562395 -20.433724 0.334646, 67.572971 -20.45971 0.334646,
67.572976 -20.459723 0.334646, 67.583111 -20.482876 0.334646,
67.583119 -20.482892 0.334646, 67.592641 -20.502788 0.334646,
67.592652 -20.50281 0.334646, 67.601386 -20.519024 0.334646,
67.601406 -20.519059 0.334646, 67.609179 -20.531166 0.334646,
67.609225 -20.531228 0.334646, 67.615862 -20.538804 0.334646,
67.615937 -20.538874 0.334646, 67.616024 -20.538928 0.334646,
67.621352 -20.541548 0.334646, 67.621485 -20.541592 0.334646,
67.621586 -20.541601 0.334646, 67.621688 -20.54159 0.334646,
67.621785 -20.54156 0.334646, 67.621875 -20.541511 0.334646,
67.621953 -20.541446 0.334646, 67.625201 -20.538143 0.334646,
67.625285 -20.53803 0.334646, 67.625326 -20.537936 0.334646,
67.628372 -20.52841 0.334646, 67.628388 -20.528346 0.334646,
67.631183 -20.513173 0.334646, 67.631188 -20.513143 0.334646,
67.633685 -20.492898 0.334646, 67.633687 -20.492879 0.334646,
67.635838 -20.468137 0.334646, 67.635839 -20.468124 0.334646,
67.637596 -20.439461 0.334646, 67.637596 -20.43945 0.334646,
67.63891 -20.407441 0.334646, 67.638911 -20.407432 0.334646,
67.639734 -20.372652 0.334646, 67.639734 -20.372644 0.334646,
67.640019 -20.335668 0.334646, 67.640204 -20.312391 0.334646,
67.640751 -20.288246 0.334646, 67.641647 -20.263377 0.334646,
67.642883 -20.237885 0.334646, 67.642883 -20.237885 0.334646,
67.644446 -20.211902 0.334646, 67.646324 -20.185548 0.334646,
67.648506 -20.158944 0.334646, 67.648506 -20.158944 0.334646,
67.65098 -20.132228 0.334646, 67.653735 -20.105505 0.334646,
67.656759 -20.078906 0.334646, 67.660041 -20.052553 0.334646,
67.663569 -20.02657 0.334646, 67.667331 -20.001072 0.334646,
67.671314 -19.976202 0.334646, 67.67551 -19.952065 0.334646,
67.679906 -19.928782 0.334646, 67.679906 -19.928782 0.334646,
67.686626 -19.893539 0.334646, 67.686626 -19.893536 0.334646,
67.692917 -19.859578 0.334646, 67.692917 -19.859575 0.334646,
67.698772 -19.826844 0.334646, 67.698773 -19.826841 0.334646,
67.704187 -19.795279 0.334646, 67.704187 -19.795274 0.334646,
67.709154 -19.764824 0.334646, 67.709154 -19.764819 0.334646,
67.713667 -19.735422 0.334646, 67.713667 -19.735417 0.334646,
67.71772 -19.707016 0.334646, 67.717721 -19.70701 0.334646,
67.721307 -19.679547 0.334646, 67.721308 -19.679541 0.334646,
67.724423 -19.652958 0.334646, 67.724424 -19.65295 0.334646,
67.727061 -19.627191 0.334646, 67.727062 -19.627182 0.334646,
67.729215 -19.602187 0.334646, 67.729216 -19.602178 0.334646,
67.730878 -19.577889 0.334646, 67.730879 -19.577879 0.334646,
67.732046 -19.55424 0.334646, 67.732046 -19.554229 0.334646,
67.732711 -19.531181 0.334646, 67.732711 -19.53117 0.334646,
67.732867 -19.508655 0.334646, 67.732867 -19.508643 0.334646,
67.732509 -19.486605 0.334646, 67.732509 -19.486592 0.334646,
67.73163 -19.464971 0.334646, 67.731629 -19.464958 0.334646,
67.730224 -19.443697 0.334646, 67.730223 -19.443683 0.334646,
67.728285 -19.422725 0.334646, 67.728284 -19.422711 0.334646,
67.725807 -19.401997 0.334646, 67.725806 -19.401983 0.334646,
67.722785 -19.381456 0.334646, 67.722782 -19.381442 0.334646,
67.71921 -19.361044 0.334646, 67.719208 -19.36103 0.334646,
67.715079 -19.340704 0.334646, 67.715076 -19.34069 0.334646,
67.710385 -19.320376 0.334646, 67.710381 -19.320363 0.334646,
67.705121 -19.300005 0.334646, 67.705117 -19.299993 0.334646,
67.699281 -19.279532 0.334646, 67.699278 -19.27952 0.334646,
67.692861 -19.2589 0.334646, 67.692857 -19.258889 0.334646,
67.685853 -19.238051 0.334646, 67.68585 -19.238041 0.334646,
67.678252 -19.216927 0.334646, 67.678249 -19.216917 0.334646,
67.670052 -19.19547 0.334646, 67.670048 -19.195461 0.334646,
67.661246 -19.173623 0.334646, 67.661243 -19.173615 0.334646,
67.65183 -19.151328 0.334646, 67.651826 -19.151321 0.334646,
67.641795 -19.128527 0.334646, 67.641793 -19.128521 0.334646,
67.631137 -19.105162 0.334646, 67.631135 -19.105157 0.334646,
67.61985 -19.081176 0.334646, 67.619848 -19.08117 0.334646,
67.607927 -19.056509 0.334646, 67.607925 -19.056505 0.334646,
67.595363 -19.031106 0.334646, 67.595361 -19.031103 0.334646,
67.582151 -19.004908 0.334646, 68.145434 -18.470235 0.334646,
68.145435 -18.470235 0.334646, 68.133679 -18.445061 0.334646,
68.122263 -18.420237 0.334646, 68.111267 -18.395951 0.334646,
68.100773 -18.372391 0.334646, 68.090861 -18.349748 0.334646,
68.081615 -18.328212 0.334646, 68.073113 -18.307973 0.334646,
68.06544 -18.28922 0.334646, 68.058678 -18.272152 0.334646,
68.052902 -18.256937 0.334646, 68.035927 -18.210133 0.334646,
68.035926 -18.21013 0.334646, 68.020754 -18.169205 0.334646,
68.020752 -18.1692 0.334646, 68.007198 -18.133815 0.334646,
68.007195 -18.133807 0.334646, 67.995074 -18.103618 0.334646,
67.99507 -18.103606 0.334646, 67.984194 -18.078264 0.334646,
67.984187 -18.078248 0.334646, 67.974371 -18.057407 0.334646,
67.974359 -18.057383 0.334646, 67.965415 -18.0407 0.334646,
67.965394 -18.040665 0.334646, 67.957136 -18.02779 0.334646,
67.9571 -18.027739 0.334646, 67.949341 -18.018328 0.334646,
67.949275 -18.018262 0.334646, 67.941828 -18.011969 0.334646,
67.941718 -18.011897 0.334646, 67.934398 -18.008375 0.334646,
67.934347 -18.008354 0.334646, 67.934248 -18.008329 0.334646,
67.926867 -18.007231 0.334646, 67.926785 -18.007226 0.334646,
67.926683 -18.007237 0.334646, 67.926586 -18.007268 0.334646,
67.910872 -18.013973 0.334646, 67.910742 -18.014053 0.334646,
67.91067 -18.014126 0.334646, 67.896785 -18.03141 0.334646,
67.896713 -18.03153 0.334646, 67.886416 -18.055457 0.334646,
67.886379 -18.055587 0.334646, 67.88456 -18.067954 0.334646,
67.884555 -18.068006 0.334646, 67.883832 -18.083919 0.334646,
67.883832 -18.083951 0.334646, 67.884138 -18.103036 0.334646,
67.884139 -18.103058 0.334646, 67.885404 -18.124941 0.334646,
67.885406 -18.124957 0.334646, 67.887562 -18.149264 0.334646,
67.887563 -18.149277 0.334646, 67.890542 -18.175634 0.334646,
67.890543 -18.175644 0.334646, 67.894276 -18.203678 0.334646,
67.894277 -18.203686 0.334646, 67.898694 -18.233021 0.334646,
67.898696 -18.233029 0.334646, 67.903729 -18.263292 0.334646,
67.90373 -18.263299 0.334646, 67.909311 -18.294116 0.334646,
67.909313 -18.294123 0.334646, 67.915373 -18.325119 0.334646,
67.915374 -18.325126 0.334646, 67.921844 -18.355928 0.334646,
67.921846 -18.355935 0.334646, 67.928658 -18.386169 0.334646,
67.92866 -18.386177 0.334646, 67.935744 -18.415468 0.334646,
67.935747 -18.415477 0.334646, 67.943036 -18.443451 0.334646,
67.943039 -18.443461 0.334646, 67.950463 -18.469745 0.334646,
67.950467 -18.469757 0.334646, 67.957958 -18.493976 0.334646,
67.957963 -18.493992 0.334646, 67.965453 -18.515772 0.334646,
67.96546 -18.515793 0.334646, 67.972879 -18.53476 0.334646,
67.972891 -18.534789 0.334646, 67.980171 -18.550569 0.334646,
67.980188 -18.550603 0.334646, 67.988467 -18.565604 0.334646,
67.988476 -18.565619 0.334646, 67.998755 -18.58285 0.334646,
67.998761 -18.58286 0.334646, 68.010763 -18.601914 0.334646,
68.010769 -18.601922 0.334646, 68.024219 -18.622391 0.334646,
68.024224 -18.622398 0.334646, 68.038846 -18.643874 0.334646,
68.038851 -18.64388 0.334646, 68.054371 -18.665956 0.334646,
68.054375 -18.665961 0.334646, 68.070516 -18.68823 0.334646,
68.07052 -18.688236 0.334646, 68.087007 -18.710289 0.334646,
68.087012 -18.710296 0.334646, 68.103569 -18.731727 0.334646,
68.103574 -18.731734 0.334646, 68.119926 -18.752135 0.334646,
68.11993 -18.752141 0.334646, 68.133775 -18.768969 0.334646,
68.148233 -18.787318 0.334646, 68.163115 -18.806922 0.334646,
68.17821 -18.827488 0.334646, 68.193297 -18.848705 0.334646,
68.208184 -18.870308 0.334646, 68.222646 -18.89198 0.334646,
68.236491 -18.913457 0.334646, 68.249493 -18.934419 0.334646,
68.261464 -18.954607 0.334646, 68.272174 -18.973696 0.334646,
68.281432 -18.991425 0.334646, 68.281434 -18.991428 0.334646,
68.302055 -19.03039 0.334646, 68.302062 -19.030404 0.334646,
68.318183 -19.058826 0.334646, 68.318201 -19.058856 0.334646,
68.330447 -19.077437 0.334646, 68.330505 -19.077509 0.334646,
68.339505 -19.086947 0.334646, 68.339611 -19.087033 0.334646,
68.339703 -19.087077 0.334646, 68.339802 -19.087102 0.334646,
68.346181 -19.088094 0.334646, 68.346268 -19.0881 0.334646,
68.346369 -19.088089 0.334646, 68.346466 -19.088058 0.334646,
68.346556 -19.088009 0.334646, 68.346634 -19.087943 0.334646,
68.346698 -19.087863 0.334646, 68.351083 -19.081107 0.334646,
68.351123 -19.081032 0.334646, 68.351155 -19.080935 0.334646,
68.354174 -19.067129 0.334646, 68.354182 -19.067081 0.334646,
68.356232 -19.05046 0.334646, 68.356235 -19.05043 0.334646,
68.357343 -19.033297 0.334646, 68.357344 -19.033268 0.334646,
68.357497 -19.015578 0.334646, 68.357496 -19.01555 0.334646,
68.356679 -18.997254 0.334646, 68.356677 -18.997228 0.334646,
68.354876 -18.978279 0.334646, 68.354873 -18.978255 0.334646,
68.352074 -18.958607 0.334646, 68.35207 -18.958585 0.334646,
68.348259 -18.93819 0.334646, 68.348256 -18.93817 0.334646,
68.34342 -18.916981 0.334646, 68.343415 -18.916963 0.334646,
68.337539 -18.894934 0.334646, 68.337535 -18.894917 0.334646,
68.330606 -18.872 0.334646, 68.330601 -18.871985 0.334646,
68.322604 -18.848133 0.334646, 68.3226 -18.84812 0.334646,
68.313522 -18.823285 0.334646, 68.313518 -18.823274 0.334646,
68.303344 -18.797409 0.334646, 68.30334 -18.797399 0.334646,
68.292058 -18.770459 0.334646, 68.292054 -18.770449 0.334646,
68.279648 -18.742385 0.334646, 68.279644 -18.742377 0.334646,
68.266102 -18.713143 0.334646, 68.266099 -18.713135 0.334646,
68.251406 -18.682683 0.334646, 68.251402 -18.682676 0.334646,
68.235543 -18.650959 0.334646, 68.235541 -18.650954 0.334646,
68.218503 -18.617924 0.334646, 68.218502 -18.617924 0.334646,
68.206429 -18.594656 0.334646, 68.20643 -18.594656 0.334646,
68.194204 -18.570593 0.334646, 68.181911 -18.545931 0.334646,
68.169631 -18.520857 0.334646, 68.157444 -18.495561 0.334646,
66.547452 -23.325848 0.334646, 66.516671 -23.313513 0.334646,
66.516665 -23.313511 0.334646, 66.484887 -23.301241 0.334646,
66.484883 -23.301239 0.334646, 66.453255 -23.289354 0.334646,
66.453251 -23.289352 0.334646, 66.422068 -23.277956 0.334646,
66.422063 -23.277954 0.334646, 66.391619 -23.26715 0.334646,
66.391615 -23.267149 0.334646, 66.362204 -23.257041 0.334646,
66.362198 -23.257039 0.334646, 66.334116 -23.247732 0.334646,
66.33411 -23.24773 0.334646, 66.30765 -23.239327 0.334646,
66.307643 -23.239325 0.334646, 66.283099 -23.23193 0.334646,
66.28309 -23.231927 0.334646, 66.260758 -23.225643 0.334646,
66.260746 -23.22564 0.334646, 66.24092 -23.220572 0.334646,
66.240902 -23.220569 0.334646, 66.223876 -23.21682 0.334646,
66.22385 -23.216815 0.334646, 66.209919 -23.21449 0.334646,
66.209872 -23.214484 0.334646, 66.19933 -23.213686 0.334646,
66.199267 -23.213685 0.334646, 66.181168 -23.214506 0.334646,
66.181131 -23.214509 0.334646, 66.168425 -23.216002 0.334646,
66.168294 -23.216035 0.334646, 66.161487 -23.218729 0.334646,
66.161429 -23.218756 0.334646, 66.161345 -23.218813 0.334646,
66.161273 -23.218886 0.334646, 66.161217 -23.218971 0.334646,
66.161179 -23.219066 0.334646, 66.161159 -23.219166 0.334646,
66.160759 -23.223585 0.334646, 66.160766 -23.223728 0.334646,
66.160794 -23.223826 0.334646, 66.160841 -23.223916 0.334646,
66.160905 -23.223996 0.334646, 66.167419 -23.230667 0.334646,
66.1675 -23.230734 0.334646, 66.181436 -23.240184 0.334646,
66.181466 -23.240203 0.334646, 66.203331 -23.252958 0.334646,
66.203344 -23.252965 0.334646, 66.233647 -23.269552 0.334646,
66.233652 -23.269554 0.334646, 66.272895 -23.290496 0.334646,
66.291653 -23.300699 0.334646, 66.311842 -23.311879 0.334646,
66.333196 -23.323878 0.334646, 66.355448 -23.336537 0.334646,
66.378333 -23.349698 0.334646, 66.378333 -23.349698 0.334646,
66.40158 -23.3632 0.334646, 66.424926 -23.376889 0.334646,
66.424926 -23.376889 0.334646, 66.448106 -23.390605 0.334646,
66.470848 -23.404185 0.334646, 66.492889 -23.417477 0.334646,
66.513964 -23.43032 0.334646, 66.533799 -23.442552 0.334646,
66.533799 -23.442552 0.334646, 66.552139 -23.454022 0.334646,
66.552145 -23.454026 0.334646, 66.578373 -23.469931 0.334646,
66.578378 -23.469934 0.334646, 66.603817 -23.485031 0.334646,
66.603822 -23.485034 0.334646, 66.628548 -23.499353 0.334646,
66.628554 -23.499356 0.334646, 66.652641 -23.512929 0.334646,
66.652647 -23.512932 0.334646, 66.676172 -23.52579 0.334646,
66.676178 -23.525793 0.334646, 66.699215 -23.537968 0.334646,
66.699222 -23.537971 0.334646, 66.721846 -23.549494 0.334646,
66.721854 -23.549498 0.334646, 66.74414 -23.5604 0.334646,
66.744148 -23.560404 0.334646, 66.766172 -23.570717 0.334646,
66.76618 -23.570721 0.334646, 66.788017 -23.580477 0.334646,
66.788026 -23.580481 0.334646, 66.809751 -23.589711 0.334646,
66.80976 -23.589714 0.334646, 66.831448 -23.59845 0.334646,
66.831457 -23.598453 0.334646, 66.853183 -23.606725 0.334646,
66.853193 -23.606729 0.334646, 66.875033 -23.614569 0.334646,
66.875042 -23.614572 0.334646, 66.897071 -23.622013 0.334646,
66.89708 -23.622016 0.334646, 66.919372 -23.629087 0.334646,
66.919381 -23.62909 0.334646, 66.942013 -23.635824 0.334646,
66.942022 -23.635827 0.334646, 66.965069 -23.642255 0.334646,
66.965076 -23.642257 0.334646, 66.988612 -23.648412 0.334646,
66.98862 -23.648414 0.334646, 67.01272 -23.654325 0.334646,
67.012728 -23.654326 0.334646, 67.037468 -23.660026 0.334646,
67.037474 -23.660028 0.334646, 67.06293 -23.665548 0.334646,
67.062943 -23.66555 0.334646, 67.087259 -23.670145 0.334646,
67.08727 -23.670147 0.334646, 67.111699 -23.674237 0.334646,
67.111709 -23.674238 0.334646, 67.136239 -23.677824 0.334646,
67.13625 -23.677825 0.334646, 67.160869 -23.680908 0.334646,
67.160879 -23.680909 0.334646, 67.185578 -23.683491 0.334646,
67.185589 -23.683492 0.334646, 67.210356 -23.685574 0.334646,
67.210367 -23.685575 0.334646, 67.235191 -23.687159 0.334646,
67.235201 -23.68716 0.334646, 67.260072 -23.688246 0.334646,
67.260083 -23.688247 0.334646, 67.28499 -23.688839 0.334646,
67.285 -23.688839 0.334646, 67.309932 -23.688936 0.334646,
67.309943 -23.688936 0.334646, 67.334889 -23.688541 0.334646,
67.334899 -23.68854 0.334646, 67.359848 -23.687653 0.334646,
67.359858 -23.687653 0.334646, 67.384799 -23.686276 0.334646,
67.384809 -23.686276 0.334646, 67.409732 -23.684411 0.334646,
67.409742 -23.68441 0.334646, 67.434635 -23.682058 0.334646,
67.434645 -23.682057 0.334646, 67.459497 -23.679219 0.334646,
67.459507 -23.679218 0.334646, 67.484309 -23.675896 0.334646,
67.484319 -23.675894 0.334646, 67.509058 -23.67209 0.334646,
67.509068 -23.672088 0.334646, 67.533734 -23.667802 0.334646,
67.533744 -23.6678 0.334646, 67.558326 -23.663033 0.334646,
67.558335 -23.663031 0.334646, 67.582823 -23.657787 0.334646,
67.582833 -23.657784 0.334646, 67.607214 -23.652062 0.334646,
67.607224 -23.65206 0.334646, 67.631489 -23.645862 0.334646,
67.631499 -23.645859 0.334646, 67.655636 -23.639187 0.334646,
67.655646 -23.639184 0.334646, 67.679645 -23.632039 0.334646,
67.679655 -23.632035 0.334646, 67.703504 -23.624419 0.334646,
67.703514 -23.624415 0.334646, 67.727203 -23.616328 0.334646,
67.727213 -23.616325 0.334646, 67.750731 -23.607769 0.334646,
67.750741 -23.607765 0.334646, 67.774078 -23.598742 0.334646,
67.774088 -23.598738 0.334646, 67.797231 -23.589249 0.334646,
67.797241 -23.589245 0.334646, 67.820181 -23.579291 0.334646,
67.820191 -23.579287 0.334646, 67.842916 -23.56887 0.334646,
67.842926 -23.568865 0.334646, 67.865426 -23.557987 0.334646,
67.865436 -23.557982 0.334646, 67.887699 -23.546643 0.334646,
67.887709 -23.546638 0.334646, 67.909726 -23.53484 0.334646,
67.909735 -23.534835 0.334646, 67.931494 -23.522579 0.334646,
67.931504 -23.522574 0.334646, 67.952993 -23.509862 0.334646,
67.953006 -23.509853 0.334646, 67.962811 -23.50364 0.334646,
67.962826 -23.50363 0.334646, 67.974204 -23.49583 0.334646,
67.974215 -23.495822 0.334646, 67.987067 -23.486524 0.334646,
67.987074 -23.486518 0.334646, 68.001299 -23.475809 0.334646,
68.001305 -23.475804 0.334646, 68.016804 -23.463774 0.334646,
68.016809 -23.46377 0.334646, 68.03348 -23.450506 0.334646,
68.033484 -23.450502 0.334646, 68.051229 -23.436093 0.334646,
68.051233 -23.43609 0.334646, 68.069951 -23.420624 0.334646,
68.069954 -23.420621 0.334646, 68.089546 -23.404186 0.334646,
68.089548 -23.404183 0.334646, 68.109914 -23.386868 0.334646,
68.109916 -23.386866 0.334646, 68.130955 -23.368758 0.334646,
68.130957 -23.368756 0.334646, 68.15257 -23.349944 0.334646,
68.152572 -23.349942 0.334646, 68.174657 -23.330515 0.334646,
68.174659 -23.330513 0.334646, 68.197119 -23.310558 0.334646,
68.19712 -23.310557 0.334646, 68.219853 -23.290163 0.334646,
68.219855 -23.290161 0.334646, 68.242761 -23.269417 0.334646,
68.242763 -23.269415 0.334646, 68.265742 -23.248407 0.334646,
68.265744 -23.248406 0.334646, 68.288696 -23.227224 0.334646,
68.288698 -23.227223 0.334646, 68.311525 -23.205956 0.334646,
68.311527 -23.205954 0.334646, 68.334126 -23.184689 0.334646,
68.334127 -23.184688 0.334646, 68.358122 -23.162007 0.334646,
68.382139 -23.139392 0.334646, 68.406073 -23.116939 0.334646,
68.429812 -23.094746 0.334646, 68.429813 -23.094746 0.334646,
68.453252 -23.072913 0.334646, 68.476282 -23.051533 0.334646,
68.498794 -23.030709 0.334646, 68.498794 -23.030709 0.334646,
68.520682 -23.010536 0.334646, 68.541835 -22.991113 0.334646,
68.562146 -22.972536 0.334646, 68.581508 -22.954904 0.334646,
68.599809 -22.938315 0.334646, 68.59981 -22.938315 0.334646,
68.616947 -22.922866 0.334646, 68.632808 -22.908657 0.334646,
68.647288 -22.895781 0.334646, 68.660273 -22.884343 0.334646,
68.671661 -22.874436 0.334646, 68.681339 -22.866159 0.334646,
68.681339 -22.866159 0.334646, 68.6892 -22.859611 0.334646,
68.711131 -22.843184 0.334646, 68.734043 -22.827283 0.334646,
68.757689 -22.812017 0.334646, 68.781807 -22.797499 0.334646,
68.806193 -22.783813 0.334646, 68.830556 -22.771089 0.334646,
68.854675 -22.759419 0.334646, 68.878314 -22.748905 0.334646,
68.901212 -22.739659 0.334646, 68.923124 -22.731786 0.334646,
68.94382 -22.725385 0.334646, 68.963039 -22.720566 0.334646,
68.980539 -22.71743 0.334646, 68.996106 -22.716078 0.334646,
68.996107 -22.716078 0.334646, 69.023296 -22.713636 0.334646,
69.023374 -22.713622 0.334646, 69.049457 -22.707184 0.334646,
69.049528 -22.707161 0.334646, 69.072063 -22.698061 0.334646,
69.072146 -22.698018 0.334646, 69.088692 -22.687589 0.334646,
69.088755 -22.687543 0.334646, 69.088825 -22.687469 0.334646,
69.09694 -22.677046 0.334646, 69.096988 -22.676971 0.334646,
69.097027 -22.676877 0.334646, 69.097047 -22.676777 0.334646,
69.097047 -22.676675 0.334646, 69.097027 -22.676574 0.334646,
69.094268 -22.667491 0.334646, 69.094236 -22.667411 0.334646,
69.094182 -22.667325 0.334646, 69.094112 -22.66725 0.334646,
69.094029 -22.667191 0.334646, 69.081372 -22.659922 0.334646,
69.081263 -22.659875 0.334646, 69.060482 -22.653613 0.334646,
69.060429 -22.6536 0.334646, 69.034142 -22.648621 0.334646,
69.034106 -22.648616 0.334646, 69.004929 -22.645201 0.334646,
69.004896 -22.645198 0.334646, 68.975446 -22.643626 0.334646,
68.975408 -22.643625 0.334646, 68.948301 -22.644174 0.334646,
68.948243 -22.644178 0.334646, 68.926096 -22.647127 0.334646,
68.926036 -22.647138 0.334646, 68.908126 -22.651711 0.334646,
68.908111 -22.651715 0.334646, 68.88991 -22.656945 0.334646,
68.889896 -22.656949 0.334646, 68.871412 -22.66283 0.334646,
68.871398 -22.662834 0.334646, 68.852639 -22.669361 0.334646,
68.852626 -22.669365 0.334646, 68.833598 -22.676533 0.334646,
68.833587 -22.676538 0.334646, 68.814298 -22.684343 0.334646,
68.814287 -22.684347 0.334646, 68.794746 -22.692783 0.334646,
68.794735 -22.692787 0.334646, 68.774949 -22.70185 0.334646,
68.774939 -22.701855 0.334646, 68.754915 -22.711539 0.334646,
68.754906 -22.711544 0.334646, 68.734651 -22.721845 0.334646,
68.734643 -22.72185 0.334646, 68.714166 -22.732763 0.334646,
68.714157 -22.732768 0.334646, 68.693467 -22.744289 0.334646,
68.693459 -22.744293 0.334646, 68.67256 -22.756417 0.334646,
68.672553 -22.756421 0.334646, 68.651455 -22.769141 0.334646,
68.651448 -22.769146 0.334646, 68.630158 -22.782459 0.334646,
68.630151 -22.782463 0.334646, 68.608677 -22.796365 0.334646,
68.60867 -22.796369 0.334646, 68.58702 -22.810853 0.334646,
68.587013 -22.810857 0.334646, 68.565194 -22.825919 0.334646,
68.565188 -22.825923 0.334646, 68.543207 -22.841558 0.334646,
68.543201 -22.841562 0.334646, 68.521066 -22.857766 0.334646,
68.521061 -22.85777 0.334646, 68.49878 -22.874537 0.334646,
68.498774 -22.874541 0.334646, 68.476354 -22.891866 0.334646,
68.476349 -22.89187 0.334646, 68.453798 -22.909749 0.334646,
68.453794 -22.909753 0.334646, 68.43112 -22.928181 0.334646,
68.431115 -22.928185 0.334646, 68.408325 -22.947157 0.334646,
68.40832 -22.947161 0.334646, 68.385422 -22.966672 0.334646,
68.385418 -22.966676 0.334646, 68.36242 -22.98672 0.334646,
68.362415 -22.986724 0.334646, 68.339324 -23.007299 0.334646,
68.33932 -23.007303 0.334646, 68.316143 -23.028402 0.334646,
68.316139 -23.028405 0.334646, 68.292885 -23.050024 0.334646,
68.292881 -23.050027 0.334646, 68.269556 -23.072161 0.334646,
68.243143 -23.096971 0.334646, 68.217703 -23.120582 0.334646,
68.193185 -23.14303 0.334646, 68.169519 -23.164366 0.334646,
68.169519 -23.164367 0.334646, 68.146656 -23.184624 0.334646,
68.146656 -23.184623 0.334646, 68.124521 -23.203857 0.334646,
68.10307 -23.222098 0.334646, 68.08223 -23.239398 0.334646,
68.061944 -23.255798 0.334646, 68.042146 -23.271346 0.334646,
68.022793 -23.286071 0.334646, 68.003799 -23.300035 0.334646,
67.985132 -23.313262 0.334646, 67.966709 -23.32581 0.334646,
67.948471 -23.337721 0.334646, 67.930369 -23.349031 0.334646,
67.912336 -23.359787 0.334646, 67.894316 -23.37003 0.334646,
67.876239 -23.379807 0.334646, 67.858044 -23.389164 0.334646,
67.839678 -23.398139 0.334646, 67.821081 -23.406774 0.334646,
67.802198 -23.415111 0.334646, 67.802198 -23.415111 0.334646,
67.782949 -23.423201 0.334646, 67.76278 -23.431067 0.334646,
67.742538 -23.438551 0.334646, 67.722224 -23.44565 0.334646,
67.701804 -23.452372 0.334646, 67.681304 -23.458707 0.334646,
67.660713 -23.464657 0.334646, 67.640002 -23.470228 0.334646,
67.619202 -23.475408 0.334646, 67.598269 -23.480208 0.334646,
67.577238 -23.484618 0.334646, 67.556064 -23.488645 0.334646,
67.534775 -23.492282 0.334646, 67.513352 -23.495531 0.334646,
67.491781 -23.498393 0.334646, 67.470063 -23.500867 0.334646,
67.448203 -23.50295 0.334646, 67.426193 -23.504643 0.334646,
67.404006 -23.505946 0.334646, 67.381672 -23.506856 0.334646,
67.359147 -23.507376 0.334646, 67.336461 -23.507502 0.334646,
67.313581 -23.507236 0.334646, 67.29053 -23.506576 0.334646,
67.29053 -23.506576 0.334646, 67.267268 -23.505521 0.334646,
67.267268 -23.505522 0.334646, 67.243826 -23.504073 0.334646,
67.220164 -23.502228 0.334646, 67.196307 -23.499987 0.334646,
67.172235 -23.49735 0.334646, 67.147933 -23.494315 0.334646,
67.123415 -23.490882 0.334646, 67.098674 -23.487052 0.334646,
67.073693 -23.482823 0.334646, 67.048471 -23.478193 0.334646,
67.022997 -23.473162 0.334646, 66.997287 -23.467733 0.334646,
66.997287 -23.467733 0.334646, 66.971307 -23.4619 0.334646,
66.945074 -23.455666 0.334646, 66.91858 -23.449031 0.334646,
66.91858 -23.44903 0.334646, 66.891802 -23.441989 0.334646,
66.864754 -23.434546 0.334646, 66.837429 -23.426699 0.334646,
66.809806 -23.418445 0.334646, 66.781901 -23.409788 0.334646,
66.753688 -23.400722 0.334646, 66.725177 -23.39125 0.334646,
66.696358 -23.381372 0.334646, 66.66723 -23.371087 0.334646,
66.637773 -23.36039 0.334646, 66.608001 -23.349288 0.334646,
66.577892 -23.337772 0.334646, 66.592832 -22.44618 0.334646,
66.592821 -22.446079 0.334646, 66.589153 -22.428365 0.334646,
66.58912 -22.428262 0.334646, 66.58907 -22.428173 0.334646,
66.579312 -22.414155 0.334646, 66.579263 -22.414095 0.334646,
66.579186 -22.414028 0.334646, 66.565089 -22.404033 0.334646,
66.564955 -22.403965 0.334646, 66.548272 -22.398321 0.334646,
66.548134 -22.398294 0.334646, 66.530616 -22.397328 0.334646,
66.530464 -22.397342 0.334646, 66.513863 -22.401381 0.334646,
66.513785 -22.401407 0.334646, 66.513695 -22.401455 0.334646,
66.499762 -22.410826 0.334646, 66.499676 -22.410899 0.334646,
66.499613 -22.41098 0.334646, 66.4901 -22.42601 0.334646,
66.490062 -22.426082 0.334646, 66.490031 -22.426179 0.334646,
66.485884 -22.445442 0.334646, 66.485872 -22.445529 0.334646,
66.485878 -22.445631 0.334646, 66.48886 -22.464917 0.334646,
66.488885 -22.465013 0.334646, 66.488928 -22.465106 0.334646,
66.498115 -22.480411 0.334646, 66.498199 -22.480517 0.334646,
66.498279 -22.480581 0.334646, 66.516291 -22.492185 0.334646,
66.516386 -22.492234 0.334646, 66.516485 -22.492261 0.334646,
66.536944 -22.495787 0.334646, 66.537024 -22.495795 0.334646,
66.537126 -22.495787 0.334646, 66.557481 -22.492114 0.334646,
66.557552 -22.492096 0.334646, 66.557645 -22.492055 0.334646,
66.575344 -22.482062 0.334646, 66.575422 -22.482009 0.334646,
66.575493 -22.481936 0.334646, 66.587985 -22.466504 0.334646,
66.588054 -22.466393 0.334646, 66.588087 -22.466297 0.334646,
66.592818 -22.446304 0.334646, 68.368143 -22.338435 0.334646,
68.368125 -22.338334 0.334646, 68.362197 -22.317403 0.334646,
68.362169 -22.317327 0.334646, 68.362117 -22.317239 0.334646,
68.36205 -22.317163 0.334646, 68.347509 -22.303693 0.334646,
68.347446 -22.303644 0.334646, 68.347357 -22.303595 0.334646,
68.347259 -22.303565 0.334646, 68.328968 -22.299821 0.334646,
68.328835 -22.299811 0.334646, 68.328734 -22.299827 0.334646,
68.328638 -22.299862 0.334646, 68.31146 -22.308111 0.334646,
68.311395 -22.308148 0.334646, 68.311316 -22.308213 0.334646,
68.311252 -22.308293 0.334646, 68.299368 -22.326223 0.334646,
68.299312 -22.326333 0.334646, 68.299287 -22.326433 0.334646,
68.296498 -22.344748 0.334646, 68.296496 -22.344895 0.334646,
68.296519 -22.344994 0.334646, 68.30187 -22.36073 0.334646,
68.301905 -22.36081 0.334646, 68.301962 -22.360895 0.334646,
68.302035 -22.360967 0.334646, 68.31457 -22.371158 0.334646,
68.314658 -22.371215 0.334646, 68.314752 -22.371253 0.334646,
68.314853 -22.371272 0.334646, 68.333619 -22.372953 0.334646,
68.333678 -22.372955 0.334646, 68.33378 -22.372942 0.334646,
68.333877 -22.37291 0.334646, 68.350644 -22.365449 0.334646,
68.350721 -22.365406 0.334646, 68.3508 -22.365341 0.334646,
68.363169 -22.352973 0.334646, 68.363252 -22.352865 0.334646,
68.363294 -22.352772 0.334646, 68.368117 -22.338644 0.334646,
68.368141 -22.338537 0.334646, 66.113976 -22.306566 0.334646,
66.113959 -22.306466 0.334646, 66.108944 -22.287866 0.334646,
66.108894 -22.287743 0.334646, 66.108835 -22.28766 0.334646,
66.095675 -22.272494 0.334646, 66.095624 -22.272443 0.334646,
66.095541 -22.272384 0.334646, 66.077063 -22.261761 0.334646,
66.076923 -22.261706 0.334646, 66.055954 -22.256735 0.334646,
66.055891 -22.256724 0.334646, 66.055789 -22.256722 0.334646,
66.035154 -22.25851 0.334646, 66.035041 -22.258533 0.334646,
66.034947 -22.258573 0.334646, 66.017476 -22.268228 0.334646,
66.017409 -22.268272 0.334646, 66.017334 -22.268343 0.334646,
66.017275 -22.268426 0.334646, 66.010092 -22.280996 0.334646,
66.010041 -22.281121 0.334646, 66.005102 -22.299871 0.334646,
66.005087 -22.299957 0.334646, 66.00325 -22.320513 0.334646,
66.003254 -22.320631 0.334646, 66.005811 -22.339073 0.334646,
66.005827 -22.33915 0.334646, 66.005866 -22.339245 0.334646,
66.005922 -22.33933 0.334646, 66.014836 -22.350302 0.334646,
66.014931 -22.350393 0.334646, 66.015019 -22.350445 0.334646,
66.015116 -22.350479 0.334646, 66.032253 -22.354712 0.334646,
66.032309 -22.354723 0.334646, 66.032411 -22.354726 0.334646,
66.059637 -22.352954 0.334646, 66.059706 -22.352945 0.334646,
66.084116 -22.348039 0.334646, 66.084167 -22.348027 0.334646,
66.084261 -22.347987 0.334646, 66.100996 -22.33896 0.334646,
66.101106 -22.338881 0.334646, 66.101173 -22.338804 0.334646,
66.110798 -22.325285 0.334646, 66.110861 -22.325168 0.334646,
66.110888 -22.325069 0.334646, 66.11397 -22.306687 0.334646,
68.055871 -22.094452 0.334646, 68.05568 -22.075311 0.334646,
68.055673 -22.075233 0.334646, 68.055647 -22.075135 0.334646,
68.048945 -22.057045 0.334646, 68.048905 -22.056961 0.334646,
68.048845 -22.056879 0.334646, 68.037282 -22.043955 0.334646,
68.037177 -22.043865 0.334646, 68.037087 -22.043818 0.334646,
68.023824 -22.038548 0.334646, 68.023754 -22.038526 0.334646,
68.023653 -22.038512 0.334646, 68.023551 -22.038518 0.334646,
68.008289 -22.040909 0.334646, 68.008204 -22.04093 0.334646,
68.008111 -22.040972 0.334646, 67.990548 -22.051028 0.334646,
67.990463 -22.051088 0.334646, 67.9703 -22.068814 0.334646,
67.970255 -22.068859 0.334646, 67.95312 -22.088155 0.334646,
67.953058 -22.088241 0.334646, 67.942631 -22.106398 0.334646,
67.942575 -22.106538 0.334646, 67.938713 -22.122889 0.334646,
67.938699 -22.123002 0.334646, 67.938708 -22.123104 0.334646,
67.941269 -22.136982 0.334646, 67.941283 -22.137039 0.334646,
67.941322 -22.137134 0.334646, 67.94138 -22.137219 0.334646,
67.950221 -22.147957 0.334646, 67.950317 -22.148047 0.334646,
67.950404 -22.148099 0.334646, 67.965385 -22.155031 0.334646,
67.965444 -22.155054 0.334646, 67.965544 -22.155076 0.334646,
67.986521 -22.157535 0.334646, 67.986669 -22.157531 0.334646,
68.007058 -22.154097 0.334646, 68.007119 -22.154083 0.334646,
68.007213 -22.154045 0.334646, 68.025083 -22.144674 0.334646,
68.025202 -22.144589 0.334646, 68.039753 -22.13068 0.334646,
68.039837 -22.130575 0.334646, 68.050273 -22.113524 0.334646,
68.050328 -22.113399 0.334646, 68.05585 -22.094604 0.334646,
68.055862 -22.094554 0.334646, 66.46356 -22.057349 0.334646,
66.463556 -22.057247 0.334646, 66.463533 -22.057148 0.334646,
66.46349 -22.057055 0.334646, 66.456381 -22.044878 0.334646,
66.456336 -22.044814 0.334646, 66.456265 -22.044741 0.334646,
66.434937 -22.026931 0.334646, 66.434894 -22.026899 0.334646,
66.411548 -22.0111 0.334646, 66.411473 -22.011058 0.334646,
66.390823 -22.001579 0.334646, 66.390693 -22.001539 0.334646,
66.372138 -21.99838 0.334646, 66.372057 -21.998372 0.334646,
66.371956 -21.998381 0.334646, 66.354894 -22.00154 0.334646,
66.354818 -22.00156 0.334646, 66.354725 -22.001603 0.334646,
66.338554 -22.011082 0.334646, 66.33845 -22.011162 0.334646,
66.322569 -22.026961 0.334646, 66.322504 -22.027039 0.334646,
66.311072 -22.044021 0.334646, 66.311015 -22.044133 0.334646,
66.305248 -22.059974 0.334646, 66.305232 -22.060027 0.334646,
66.305217 -22.060128 0.334646, 66.304546 -22.074516 0.334646,
66.304548 -22.074593 0.334646, 66.304569 -22.074693 0.334646,
66.308426 -22.087317 0.334646, 66.308453 -22.087387 0.334646,
66.308505 -22.087474 0.334646, 66.316322 -22.098022 0.334646,
66.316358 -22.098065 0.334646, 66.316434 -22.098133 0.334646,
66.327642 -22.106293 0.334646, 66.32776 -22.106357 0.334646,
66.341792 -22.111817 0.334646, 66.341903 -22.111847 0.334646,
66.35819 -22.114296 0.334646, 66.358293 -22.114301 0.334646,
66.376267 -22.113426 0.334646, 66.376361 -22.113413 0.334646,
66.395454 -22.108904 0.334646, 66.39554 -22.108875 0.334646,
66.415183 -22.100419 0.334646, 66.41526 -22.100378 0.334646,
66.434886 -22.087663 0.334646, 66.434936 -22.087626 0.334646,
66.456264 -22.069874 0.334646, 66.45632 -22.069819 0.334646,
66.45638 -22.069737 0.334646, 66.46349 -22.05758 0.334646,
66.463544 -22.05745 0.334646, 68.513663 -21.961544 0.334646,
68.513657 -21.961404 0.334646, 68.513628 -21.961305 0.334646,
68.506577 -21.943478 0.334646, 68.506533 -21.943393 0.334646,
68.506471 -21.943312 0.334646, 68.4948 -21.930969 0.334646,
68.494726 -21.930904 0.334646, 68.494638 -21.930853 0.334646,
68.479851 -21.924097 0.334646, 68.479769 -21.924068 0.334646,
68.479669 -21.924051 0.334646, 68.463269 -21.922984 0.334646,
68.463193 -21.922984 0.334646, 68.463092 -21.923003 0.334646,
68.446583 -21.927726 0.334646, 68.446516 -21.927751 0.334646,
68.446428 -21.927801 0.334646, 68.431313 -21.938417 0.334646,
68.431261 -21.938459 0.334646, 68.431192 -21.938535 0.334646,
68.418974 -21.955146 0.334646, 68.418911 -21.955261 0.334646,
68.410182 -21.976986 0.334646, 68.410158 -21.977061 0.334646,
68.410145 -21.977162 0.334646, 68.409565 -21.994164 0.334646,
68.40957 -21.994256 0.334646, 68.409594 -21.994356 0.334646,
68.409637 -21.994448 0.334646, 68.416707 -22.006346 0.334646,
68.416775 -22.006437 0.334646, 68.416852 -22.006504 0.334646,
68.416941 -22.006555 0.334646, 68.431163 -22.012967 0.334646,
68.431262 -22.013 0.334646, 68.431364 -22.013013 0.334646,
68.452242 -22.013557 0.334646, 68.452363 -22.013546 0.334646,
68.479398 -22.00784 0.334646, 68.479453 -22.007825 0.334646,
68.479546 -22.007784 0.334646, 68.499874 -21.996318 0.334646,
68.499971 -21.996247 0.334646, 68.500039 -21.996171 0.334646,
68.511918 -21.979867 0.334646, 68.511958 -21.979802 0.334646,
68.511996 -21.979708 0.334646, 68.512016 -21.979607 0.334646,
67.478844 -24.570285 0.334646, 67.478843 -24.570236 0.334646,
67.477616 -24.554411 0.334646, 67.477607 -24.554347 0.334646,
67.474931 -24.541146 0.334646, 67.474905 -24.541059 0.334646,
67.470874 -24.530803 0.334646, 67.470805 -24.530679 0.334646,
67.465512 -24.52369 0.334646, 67.465425 -24.5236 0.334646,
67.465339 -24.523544 0.334646, 67.45888 -24.520144 0.334646,
67.458804 -24.520111 0.334646, 67.458704 -24.520088 0.334646,
67.458602 -24.520085 0.334646, 67.451068 -24.520595 0.334646,
67.450943 -24.520619 0.334646, 67.45085 -24.520659 0.334646,
67.442336 -24.525401 0.334646, 67.442223 -24.525485 0.334646,
67.432822 -24.53478 0.334646, 67.432766 -24.534846 0.334646,
67.422572 -24.549015 0.334646, 67.422541 -24.549064 0.334646,
67.411649 -24.568429 0.334646, 67.41163 -24.568466 0.334646,
67.399458 -24.594814 0.334646, 67.39944 -24.594859 0.334646,
67.389598 -24.622616 0.334646, 67.389585 -24.622657 0.334646,
67.382189 -24.650724 0.334646, 67.38218 -24.650765 0.334646,
67.377346 -24.678043 0.334646, 67.37734 -24.678089 0.334646,
67.375183 -24.703478 0.334646, 67.375181 -24.703537 0.334646,
67.375818 -24.725937 0.334646, 67.375827 -24.726021 0.334646,
67.379373 -24.744334 0.334646, 67.379419 -24.744469 0.334646,
67.385989 -24.757596 0.334646, 67.386014 -24.757642 0.334646,
67.386077 -24.757722 0.334646, 67.386154 -24.757789 0.334646,
67.395865 -24.764631 0.334646, 67.395923 -24.764666 0.334646,
67.396017 -24.764705 0.334646, 67.396118 -24.764724 0.334646,
67.39622 -24.764723 0.334646, 67.408282 -24.763449 0.334646,
67.408381 -24.763428 0.334646, 67.408476 -24.763389 0.334646,
67.40856 -24.763331 0.334646, 67.422683 -24.751598 0.334646,
67.422777 -24.751496 0.334646, 67.43727 -24.730798 0.334646,
67.437315 -24.73072 0.334646, 67.450491 -24.702551 0.334646,
67.450506 -24.702515 0.334646, 67.459939 -24.677697 0.334646,
67.45995 -24.677665 0.334646, 67.467371 -24.653542 0.334646,
67.46738 -24.653509 0.334646, 67.472883 -24.630403 0.334646,
67.47289 -24.630369 0.334646, 67.476571 -24.6086 0.334646,
67.476576 -24.608564 0.334646, 67.478527 -24.588455 0.334646,
67.47853 -24.588413 0.334646, 66.918222 -24.544556 0.334646,
66.917936 -24.526801 0.334646, 66.91793 -24.526735 0.334646,
66.914055 -24.500059 0.334646, 66.914038 -24.499983 0.334646,
66.907966 -24.479828 0.334646, 66.907917 -24.479715 0.334646,
66.899959 -24.466095 0.334646, 66.899896 -24.466008 0.334646,
66.89982 -24.465939 0.334646, 66.890289 -24.45887 0.334646,
66.8902 -24.458818 0.334646, 66.890104 -24.458783 0.334646,
66.890003 -24.458769 0.334646, 66.879209 -24.458265 0.334646,
66.87914 -24.458267 0.334646, 66.87904 -24.458285 0.334646,
66.878945 -24.458323 0.334646, 66.867199 -24.464402 0.334646,
66.867144 -24.464435 0.334646, 66.867066 -24.464501 0.334646,
66.85468 -24.477177 0.334646, 66.854617 -24.477254 0.334646,
66.841901 -24.496543 0.334646, 66.841869 -24.4966 0.334646,
66.829135 -24.522517 0.334646, 66.829115 -24.522565 0.334646,
66.819853 -24.547415 0.334646, 66.819844 -24.547442 0.334646,
66.811441 -24.57453 0.334646, 66.811435 -24.574553 0.334646,
66.803973 -24.603143 0.334646, 66.803969 -24.603163 0.334646,
66.79753 -24.632521 0.334646, 66.797526 -24.632539 0.334646,
66.792193 -24.661929 0.334646, 66.792191 -24.661947 0.334646,
66.788046 -24.690633 0.334646, 66.788043 -24.690653 0.334646,
66.785168 -24.7179 0.334646, 66.785166 -24.717923 0.334646,
66.783643 -24.742996 0.334646, 66.783642 -24.743025 0.334646,
66.783553 -24.765188 0.334646, 66.783555 -24.76523 0.334646,
66.784982 -24.783748 0.334646, 66.784992 -24.783817 0.334646,
66.788019 -24.797955 0.334646, 66.788067 -24.798087 0.334646,
66.792774 -24.807109 0.334646, 66.792845 -24.807212 0.334646,
66.79292 -24.807282 0.334646, 66.793007 -24.807335 0.334646,
66.799478 -24.810506 0.334646, 66.799576 -24.810543 0.334646,
66.799677 -24.810559 0.334646, 66.799779 -24.810554 0.334646,
66.799878 -24.81053 0.334646, 66.808713 -24.80745 0.334646,
66.8088 -24.80741 0.334646, 66.808883 -24.807351 0.334646,
66.818923 -24.798613 0.334646, 66.818988 -24.798545 0.334646,
66.829917 -24.784904 0.334646, 66.829947 -24.784861 0.334646,
66.841446 -24.767072 0.334646, 66.841465 -24.767042 0.334646,
66.853216 -24.745859 0.334646, 66.853228 -24.745836 0.334646,
66.864914 -24.722015 0.334646, 66.864923 -24.721995 0.334646,
66.876225 -24.69629 0.334646, 66.876233 -24.696272 0.334646,
66.886833 -24.669438 0.334646, 66.886841 -24.669419 0.334646,
66.896422 -24.642212 0.334646, 66.896428 -24.642192 0.334646,
66.904672 -24.615365 0.334646, 66.904679 -24.615341 0.334646,
66.911267 -24.58965 0.334646, 66.911274 -24.58962 0.334646,
66.915889 -24.565819 0.334646, 66.915895 -24.565777 0.334646,
66.918219 -24.544621 0.334646, 66.45105 -23.832145 0.334646,
66.451049 -23.832116 0.334646, 66.450299 -23.816573 0.334646,
66.450296 -23.816538 0.334646, 66.448659 -23.80258 0.334646,
66.448652 -23.802535 0.334646, 66.446111 -23.790244 0.334646,
66.446095 -23.790187 0.334646, 66.44263 -23.779642 0.334646,
66.4426 -23.779569 0.334646, 66.438193 -23.770852 0.334646,
66.438137 -23.770764 0.334646, 66.432769 -23.763955 0.334646,
66.432674 -23.763862 0.334646, 66.426326 -23.759041 0.334646,
66.426194 -23.758969 0.334646, 66.418848 -23.756217 0.334646,
66.418724 -23.756188 0.334646, 66.418622 -23.756186 0.334646,
66.405081 -23.757304 0.334646, 66.405011 -23.757315 0.334646,
66.404915 -23.757347 0.334646, 66.404826 -23.757397 0.334646,
66.39244 -23.766075 0.334646, 66.392379 -23.766125 0.334646,
66.392312 -23.766203 0.334646, 66.380311 -23.783301 0.334646,
66.380266 -23.783379 0.334646, 66.36788 -23.809757 0.334646,
66.367864 -23.809798 0.334646, 66.354323 -23.846316 0.334646,
66.354315 -23.846338 0.334646, 66.349488 -23.86138 0.334646,
66.349485 -23.861388 0.334646, 66.344112 -23.879126 0.334646,
66.34411 -23.879132 0.334646, 66.338243 -23.899343 0.334646,
66.338242 -23.899347 0.334646, 66.331932 -23.921808 0.334646,
66.331931 -23.921812 0.334646, 66.325231 -23.946302 0.334646,
66.325231 -23.946304 0.334646, 66.318193 -23.9726 0.334646,
66.318193 -23.972602 0.334646, 66.310869 -24.000482 0.334646,
66.310869 -24.000484 0.334646, 66.303311 -24.029725 0.334646,
66.303311 -24.029726 0.334646, 66.295571 -24.060106 0.334646,
66.295571 -24.060107 0.334646, 66.287702 -24.091404 0.334646,
66.287701 -24.091406 0.334646, 66.279754 -24.123396 0.334646,
66.279754 -24.123397 0.334646, 66.271781 -24.15586 0.334646,
66.271781 -24.155861 0.334646, 66.263834 -24.188574 0.334646,
66.263834 -24.188575 0.334646, 66.255967 -24.221315 0.334646,
66.255966 -24.221316 0.334646, 66.248228 -24.253861 0.334646,
66.248228 -24.253862 0.334646, 66.240673 -24.285989 0.334646,
66.240672 -24.28599 0.334646, 66.233352 -24.317478 0.334646,
66.233352 -24.317479 0.334646, 66.226318 -24.348105 0.334646,
66.226317 -24.348106 0.334646, 66.219622 -24.377648 0.334646,
66.219622 -24.377649 0.334646, 66.213317 -24.405884 0.334646,
66.213316 -24.405885 0.334646, 66.207454 -24.432591 0.334646,
66.207454 -24.432593 0.334646, 66.202086 -24.457547 0.334646,
66.202085 -24.45755 0.334646, 66.197265 -24.48053 0.334646,
66.197264 -24.480533 0.334646, 66.193043 -24.501318 0.334646,
66.193042 -24.501322 0.334646, 66.189471 -24.519689 0.334646,
66.18947 -24.519694 0.334646, 66.186602 -24.53542 0.334646,
66.1866 -24.535429 0.334646, 66.184487 -24.548291 0.334646,
66.184485 -24.548307 0.334646, 66.183179 -24.558083 0.334646,
66.183176 -24.558117 0.334646, 66.182729 -24.564586 0.334646,
66.182736 -24.564715 0.334646, 66.182764 -24.564813 0.334646,
66.182811 -24.564904 0.334646, 66.186025 -24.569888 0.334646,
66.186081 -24.569959 0.334646, 66.186157 -24.570028 0.334646,
66.186245 -24.570079 0.334646, 66.186342 -24.570113 0.334646,
66.186443 -24.570126 0.334646, 66.186544 -24.57012 0.334646,
66.186643 -24.570094 0.334646, 66.186735 -24.57005 0.334646,
66.193995 -24.565598 0.334646, 66.194053 -24.565557 0.334646,
66.194125 -24.565485 0.334646, 66.204822 -24.552492 0.334646,
66.204856 -24.552446 0.334646, 66.218383 -24.531806 0.334646,
66.218399 -24.53178 0.334646, 66.234148 -24.504385 0.334646,
66.234159 -24.504367 0.334646, 66.251523 -24.471113 0.334646,
66.251525 -24.471108 0.334646, 66.266458 -24.441735 0.334646,
66.266462 -24.441728 0.334646, 66.280956 -24.412002 0.334646,
66.28096 -24.411995 0.334646, 66.294996 -24.381999 0.334646,
66.294999 -24.381991 0.334646, 66.308559 -24.351805 0.334646,
66.308562 -24.351798 0.334646, 66.321627 -24.321501 0.334646,
66.32163 -24.321494 0.334646, 66.334181 -24.291168 0.334646,
66.334184 -24.291161 0.334646, 66.346202 -24.260887 0.334646,
66.346205 -24.26088 0.334646, 66.357672 -24.230738 0.334646,
66.357675 -24.230731 0.334646, 66.368573 -24.200802 0.334646,
66.368576 -24.200795 0.334646, 66.378885 -24.17116 0.334646,
66.378888 -24.171153 0.334646, 66.388591 -24.141892 0.334646,
66.388593 -24.141885 0.334646, 66.39767 -24.11308 0.334646,
66.397673 -24.113072 0.334646, 66.406106 -24.084802 0.334646,
66.406108 -24.084794 0.334646, 66.413879 -24.057141 0.334646,
66.413881 -24.057132 0.334646, 66.42097 -24.030177 0.334646,
66.420972 -24.030168 0.334646, 66.427361 -24.00399 0.334646,
66.427363 -24.00398 0.334646, 66.433034 -23.978661 0.334646,
66.433036 -23.978651 0.334646, 66.437969 -23.954272 0.334646,
66.437971 -23.95426 0.334646, 66.442148 -23.930901 0.334646,
66.44215 -23.930888 0.334646, 66.445553 -23.90863 0.334646,
66.445555 -23.908615 0.334646, 66.448164 -23.887539 0.334646,
66.448166 -23.887522 0.334646, 66.449963 -23.867707 0.334646,
66.449964 -23.867687 0.334646, 66.450931 -23.849216 0.334646,
66.450932 -23.849193 0.334646, 65.386276 -22.465815 0.334646,
65.385155 -22.45333 0.334646, 65.385134 -22.453225 0.334646,
65.385095 -22.45313 0.334646, 65.380098 -22.443801 0.334646,
65.380068 -22.443752 0.334646, 65.380002 -22.443674 0.334646,
65.379922 -22.44361 0.334646, 65.370925 -22.437769 0.334646,
65.37082 -22.437716 0.334646, 65.370721 -22.437691 0.334646,
65.357598 -22.435669 0.334646, 65.357459 -22.435667 0.334646,
65.357359 -22.435689 0.334646, 65.352065 -22.437398 0.334646,
65.351966 -22.437443 0.334646, 65.343306 -22.442424 0.334646,
65.343271 -22.442446 0.334646, 65.331527 -22.450476 0.334646,
65.331509 -22.450489 0.334646, 65.316965 -22.461346 0.334646,
65.316954 -22.461354 0.334646, 65.299892 -22.474815 0.334646,
65.299883 -22.474822 0.334646, 65.280587 -22.490665 0.334646,
65.280581 -22.49067 0.334646, 65.259334 -22.508672 0.334646,
65.259329 -22.508676 0.334646, 65.236414 -22.528615 0.334646,
65.236409 -22.528619 0.334646, 65.212109 -22.550273 0.334646,
65.212105 -22.550277 0.334646, 65.186704 -22.573422 0.334646,
65.1867 -22.573426 0.334646, 65.160481 -22.597841 0.334646,
65.160477 -22.597845 0.334646, 65.133723 -22.623307 0.334646,
65.133719 -22.623311 0.334646, 65.104989 -22.651254 0.334646,
65.104985 -22.651257 0.334646, 65.077748 -22.678274 0.334646,
65.077744 -22.678277 0.334646, 65.052306 -22.704033 0.334646,
65.052302 -22.704038 0.334646, 65.028967 -22.728201 0.334646,
65.028963 -22.728206 0.334646, 65.008037 -22.750443 0.334646,
65.008031 -22.75045 0.334646, 64.989819 -22.770429 0.334646,
64.989812 -22.770437 0.334646, 64.97462 -22.787824 0.334646,
64.974609 -22.787837 0.334646, 64.962741 -22.8023 0.334646,
64.962724 -22.802321 0.334646, 64.954486 -22.813527 0.334646,
64.954452 -22.813579 0.334646, 64.950149 -22.821194 0.334646,
64.950125 -22.821243 0.334646, 64.950094 -22.821341 0.334646,
64.950082 -22.821442 0.334646, 64.950019 -22.825134 0.334646,
64.950028 -22.825235 0.334646, 64.950056 -22.825333 0.334646,
64.950102 -22.825424 0.334646, 64.950165 -22.825505 0.334646,
64.950243 -22.825571 0.334646, 64.950332 -22.82562 0.334646,
64.956952 -22.828501 0.334646, 64.957074 -22.828537 0.334646,
64.957176 -22.828544 0.334646, 64.9676 -22.828206 0.334646,
64.967704 -22.828192 0.334646, 64.981514 -22.824896 0.334646,
64.981568 -22.82488 0.334646, 64.998344 -22.818887 0.334646,
64.998378 -22.818874 0.334646, 65.017702 -22.810443 0.334646,
65.017725 -22.810433 0.334646, 65.039178 -22.799827 0.334646,
65.039195 -22.799819 0.334646, 65.062359 -22.787298 0.334646,
65.062372 -22.787291 0.334646, 65.086827 -22.773116 0.334646,
65.086839 -22.773109 0.334646, 65.112166 -22.75754 0.334646,
65.112176 -22.757533 0.334646, 65.137957 -22.740833 0.334646,
65.137967 -22.740826 0.334646, 65.163782 -22.723254 0.334646,
65.163792 -22.723247 0.334646, 65.189223 -22.705063 0.334646,
65.189233 -22.705056 0.334646, 65.21386 -22.686522 0.334646,
65.213871 -22.686513 0.334646, 65.237276 -22.66789 0.334646,
65.237289 -22.66788 0.334646, 65.259053 -22.649428 0.334646,
65.259067 -22.649415 0.334646, 65.278771 -22.631395 0.334646,
65.278789 -22.631378 0.334646, 65.296013 -22.614052 0.334646,
65.296033 -22.614031 0.334646, 65.318525 -22.588766 0.334646,
65.318543 -22.588744 0.334646, 65.338038 -22.564308 0.334646,
65.338057 -22.564283 0.334646, 65.354429 -22.541007 0.334646,
65.354449 -22.540976 0.334646, 65.367573 -22.519194 0.334646,
65.367595 -22.519154 0.334646, 65.377346 -22.499197 0.334646,
65.377369 -22.499141 0.334646, 65.383621 -22.481342 0.334646,
65.383643 -22.481257 0.334646, 65.386271 -22.46595 0.334646,
64.048065 -22.535669 0.334646, 64.037511 -22.549943 0.334646,
64.037511 -22.549943 0.334646, 64.026102 -22.564722 0.334646,
64.013837 -22.580016 0.334646, 64.000733 -22.595809 0.334646,
63.98682 -22.612067 0.334646, 63.972099 -22.628793 0.334646,
63.956588 -22.64597 0.334646, 63.940315 -22.66357 0.334646,
63.940314 -22.66357 0.334646, 63.923279 -22.681595 0.334646,
63.923279 -22.681596 0.334646, 63.905513 -22.700015 0.334646,
63.88702 -22.718824 0.334646, 63.86782 -22.738006 0.334646,
63.847931 -22.757545 0.334646, 63.827364 -22.777428 0.334646,
63.806144 -22.797633 0.334646, 63.78428 -22.818152 0.334646,
63.761786 -22.83897 0.334646, 63.738687 -22.860065 0.334646,
63.714991 -22.88143 0.334646, 63.690716 -22.903046 0.334646,
63.665879 -22.9249 0.334646, 63.640495 -22.946975 0.334646,
63.614581 -22.969257 0.334646, 63.588153 -22.991731 0.334646,
63.561226 -23.014382 0.334646, 63.533816 -23.037196 0.334646,
63.505939 -23.060156 0.334646, 63.477968 -23.083046 0.334646,
63.477965 -23.083049 0.334646, 63.451113 -23.105421 0.334646,
63.451109 -23.105424 0.334646, 63.425407 -23.127238 0.334646,
63.425403 -23.127241 0.334646, 63.400879 -23.148458 0.334646,
63.400875 -23.148462 0.334646, 63.37756 -23.169043 0.334646,
63.377556 -23.169047 0.334646, 63.35548 -23.188952 0.334646,
63.355475 -23.188956 0.334646, 63.334667 -23.208147 0.334646,
63.334662 -23.208151 0.334646, 63.315152 -23.226587 0.334646,
63.315147 -23.226592 0.334646, 63.296964 -23.244233 0.334646,
63.296959 -23.244239 0.334646, 63.280133 -23.261047 0.334646,
63.280128 -23.261053 0.334646, 63.264689 -23.276989 0.334646,
63.264683 -23.276996 0.334646, 63.250662 -23.292019 0.334646,
63.250654 -23.292027 0.334646, 63.23808 -23.306098 0.334646,
63.238071 -23.306109 0.334646, 63.226974 -23.319189 0.334646,
63.226963 -23.319201 0.334646, 63.217372 -23.331251 0.334646,
63.217359 -23.331267 0.334646, 63.209304 -23.342246 0.334646,
63.209289 -23.342268 0.334646, 63.2028 -23.352137 0.334646,
63.202781 -23.352169 0.334646, 63.197887 -23.36089 0.334646,
63.197864 -23.360937 0.334646, 63.194596 -23.368469 0.334646,
63.194569 -23.368547 0.334646, 63.192956 -23.374852 0.334646,
63.19294 -23.374988 0.334646, 63.193012 -23.380025 0.334646,
63.193028 -23.380146 0.334646, 63.193063 -23.380242 0.334646,
63.19485 -23.383972 0.334646, 63.194885 -23.384035 0.334646,
63.194949 -23.384114 0.334646, 63.195028 -23.38418 0.334646,
63.198559 -23.386563 0.334646, 63.198656 -23.386615 0.334646,
63.198754 -23.386643 0.334646, 63.204059 -23.387641 0.334646,
63.204187 -23.38765 0.334646, 63.211296 -23.387222 0.334646,
63.211373 -23.387212 0.334646, 63.220317 -23.38532 0.334646,
63.220365 -23.385307 0.334646, 63.231172 -23.381912 0.334646,
63.231204 -23.3819 0.334646, 63.243905 -23.376961 0.334646,
63.243928 -23.376952 0.334646, 63.258551 -23.37043 0.334646,
63.258569 -23.370421 0.334646, 63.275144 -23.362277 0.334646,
63.275159 -23.36227 0.334646, 63.28653 -23.356233 0.334646,
63.286545 -23.356224 0.334646, 63.300817 -23.348037 0.334646,
63.300826 -23.348031 0.334646, 63.317639 -23.337917 0.334646,
63.317646 -23.337913 0.334646, 63.336643 -23.326097 0.334646,
63.336648 -23.326094 0.334646, 63.357468 -23.312802 0.334646,
63.357472 -23.312799 0.334646, 63.379759 -23.298256 0.334646,
63.379763 -23.298254 0.334646, 63.403156 -23.282684 0.334646,
63.40316 -23.282681 0.334646, 63.427301 -23.26631 0.334646,
63.427304 -23.266307 0.334646, 63.451835 -23.249359 0.334646,
63.451839 -23.249357 0.334646, 63.476399 -23.232057 0.334646,
63.476403 -23.232054 0.334646, 63.500636 -23.214628 0.334646,
63.500637 -23.214628 0.334646, 63.518803 -23.201507 0.334646,
63.538057 -23.187766 0.334646, 63.558211 -23.173529 0.334646,
63.579076 -23.15892 0.334646, 63.600467 -23.144062 0.334646,
63.600467 -23.144062 0.334646, 63.622191 -23.129083 0.334646,
63.644065 -23.114105 0.334646, 63.6659 -23.099251 0.334646,
63.687507 -23.084648 0.334646, 63.7087 -23.070418 0.334646,
63.729291 -23.056685 0.334646, 63.749088 -23.043577 0.334646,
63.767908 -23.031215 0.334646, 63.785564 -23.019722 0.334646,
63.785564 -23.019722 0.334646, 63.801864 -23.009226 0.334646,
63.801867 -23.009224 0.334646, 63.825601 -22.993682 0.334646,
63.825609 -22.993676 0.334646, 63.848917 -22.977768 0.334646,
63.848926 -22.977762 0.334646, 63.871791 -22.961505 0.334646,
63.871798 -22.961499 0.334646, 63.894203 -22.944911 0.334646,
63.894211 -22.944905 0.334646, 63.916138 -22.928003 0.334646,
63.916146 -22.927997 0.334646, 63.937576 -22.9108 0.334646,
63.937584 -22.910793 0.334646, 63.9585 -22.893318 0.334646,
63.958508 -22.893311 0.334646, 63.978894 -22.875576 0.334646,
63.978902 -22.875569 0.334646, 63.998738 -22.857591 0.334646,
63.998746 -22.857584 0.334646, 64.018016 -22.839381 0.334646,
64.018024 -22.839373 0.334646, 64.036709 -22.820963 0.334646,
64.036717 -22.820955 0.334646, 64.054801 -22.802355 0.334646,
64.054809 -22.802347 0.334646, 64.072273 -22.783575 0.334646,
64.072281 -22.783567 0.334646, 64.089107 -22.764641 0.334646,
64.089115 -22.764631 0.334646, 64.105287 -22.745569 0.334646,
64.105294 -22.745559 0.334646, 64.120793 -22.726378 0.334646,
64.120801 -22.726368 0.334646, 64.135609 -22.707085 0.334646,
64.135618 -22.707074 0.334646, 64.149719 -22.687708 0.334646,
64.149726 -22.687696 0.334646, 64.163101 -22.668264 0.334646,
64.163109 -22.668252 0.334646, 64.175741 -22.648772 0.334646,
64.175748 -22.648759 0.334646, 64.187619 -22.629248 0.334646,
64.187627 -22.629235 0.334646, 64.198719 -22.609711 0.334646,
64.198726 -22.609696 0.334646, 64.209022 -22.590177 0.334646,
64.20903 -22.590161 0.334646, 64.227474 -22.551968 0.334646,
64.22748 -22.551956 0.334646, 64.242189 -22.519383 0.334646,
64.242198 -22.519362 0.334646, 64.253269 -22.491574 0.334646,
64.253281 -22.491537 0.334646, 64.260809 -22.467696 0.334646,
64.260824 -22.46764 0.334646, 64.264905 -22.44691 0.334646,
64.264915 -22.44683 0.334646, 64.265646 -22.428375 0.334646,
64.265641 -22.428278 0.334646, 64.263119 -22.411262 0.334646,
64.263096 -22.411168 0.334646, 64.257417 -22.394754 0.334646,
64.257385 -22.394682 0.334646, 64.248644 -22.378035 0.334646,
64.248618 -22.37799 0.334646, 64.236912 -22.360272 0.334646,
64.23689 -22.360242 0.334646, 64.217999 -22.335701 0.334646,
64.21792 -22.335618 0.334646, 64.201234 -22.321732 0.334646,
64.201115 -22.321658 0.334646, 64.201019 -22.321625 0.334646,
64.185393 -22.317999 0.334646, 64.185283 -22.317986 0.334646,
64.185181 -22.317994 0.334646, 64.185083 -22.318022 0.334646,
64.169372 -22.324262 0.334646, 64.169291 -22.324302 0.334646,
64.16921 -22.324364 0.334646, 64.152269 -22.340073 0.334646,
64.152181 -22.34018 0.334646, 64.145799 -22.350437 0.334646,
64.145784 -22.350463 0.334646, 64.137078 -22.366425 0.334646,
64.13707 -22.366439 0.334646, 64.126704 -22.386834 0.334646,
64.126698 -22.386843 0.334646, 64.115333 -22.410398 0.334646,
64.115329 -22.410407 0.334646, 64.103628 -22.435849 0.334646,
64.103624 -22.435858 0.334646, 64.09225 -22.461914 0.334646,
64.087237 -22.472725 0.334646, 64.081269 -22.484136 0.334646,
64.074341 -22.496172 0.334646, 64.066492 -22.508774 0.334646,
64.05773 -22.521941 0.334646, 69.634915 -22.557851 0.334646,
69.634905 -22.55775 0.334646, 69.63313 -22.548815 0.334646,
69.633093 -22.5487 0.334646, 69.627942 -22.537377 0.334646,
69.627912 -22.53732 0.334646, 69.619649 -22.523843 0.334646,
69.619627 -22.52381 0.334646, 69.608516 -22.508412 0.334646,
69.6085 -22.508391 0.334646, 69.594804 -22.491307 0.334646,
69.594792 -22.491293 0.334646, 69.578774 -22.472758 0.334646,
69.578765 -22.472747 0.334646, 69.56069 -22.452996 0.334646,
69.560681 -22.452987 0.334646, 69.540813 -22.432254 0.334646,
69.540806 -22.432246 0.334646, 69.519406 -22.410764 0.334646,
69.5194 -22.410758 0.334646, 69.496733 -22.388763 0.334646,
69.496728 -22.388757 0.334646, 69.473058 -22.366482 0.334646,
69.473053 -22.366477 0.334646, 69.448643 -22.344156 0.334646,
69.448638 -22.344151 0.334646, 69.423752 -22.32202 0.334646,
69.423746 -22.322016 0.334646, 69.398648 -22.300309 0.334646,
69.398642 -22.300304 0.334646, 69.373594 -22.279255 0.334646,
69.373589 -22.27925 0.334646, 69.348855 -22.259093 0.334646,
69.348848 -22.259088 0.334646, 69.324693 -22.240058 0.334646,
69.324685 -22.240052 0.334646, 69.301371 -22.222383 0.334646,
69.301362 -22.222376 0.334646, 69.279153 -22.206302 0.334646,
69.279142 -22.206294 0.334646, 69.258302 -22.192051 0.334646,
69.258286 -22.192041 0.334646, 69.239078 -22.179862 0.334646,
69.239058 -22.179849 0.334646, 69.221746 -22.169969 0.334646,
69.221715 -22.169952 0.334646, 69.206562 -22.162605 0.334646,
69.206511 -22.162583 0.334646, 69.193781 -22.158002 0.334646,
69.193685 -22.157978 0.334646, 69.183642 -22.156399 0.334646,
69.183508 -22.156395 0.334646, 69.158238 -22.158965 0.334646,
69.158126 -22.158989 0.334646, 69.137346 -22.165933 0.334646,
69.137249 -22.165978 0.334646, 69.137167 -22.166037 0.334646,
69.125299 -22.176523 0.334646, 69.125227 -22.176602 0.334646,
69.125174 -22.176689 0.334646, 69.125139 -22.176785 0.334646,
69.125124 -22.176886 0.334646, 69.124909 -22.180931 0.334646,
69.12492 -22.181065 0.334646, 69.12495 -22.181162 0.334646,
69.127764 -22.187787 0.334646, 69.127802 -22.18786 0.334646,
69.133444 -22.19686 0.334646, 69.133467 -22.196893 0.334646,
69.141735 -22.208066 0.334646, 69.14175 -22.208085 0.334646,
69.152441 -22.221227 0.334646, 69.152451 -22.221239 0.334646,
69.165364 -22.236146 0.334646, 69.165372 -22.236156 0.334646,
69.180306 -22.252625 0.334646, 69.180312 -22.252632 0.334646,
69.197063 -22.27046 0.334646, 69.197068 -22.270466 0.334646,
69.215436 -22.28945 0.334646, 69.215441 -22.289454 0.334646,
69.235222 -22.30939 0.334646, 69.235226 -22.309394 0.334646,
69.256221 -22.330078 0.334646, 69.256225 -22.330082 0.334646,
69.27823 -22.351311 0.334646, 69.278234 -22.351315 0.334646,
69.301048 -22.372885 0.334646, 69.301052 -22.372889 0.334646,
69.324472 -22.394597 0.334646, 69.324476 -22.394601 0.334646,
69.348302 -22.416244 0.334646, 69.348306 -22.416248 0.334646,
69.372335 -22.437623 0.334646, 69.372339 -22.437626 0.334646,
69.396369 -22.458529 0.334646, 69.396374 -22.458533 0.334646,
69.420204 -22.47876 0.334646, 69.420209 -22.478765 0.334646,
69.443636 -22.498112 0.334646, 69.443642 -22.498117 0.334646,
69.466465 -22.516383 0.334646, 69.46648 -22.516394 0.334646,
69.490609 -22.534305 0.334646, 69.490652 -22.534333 0.334646,
69.515821 -22.549392 0.334646, 69.515864 -22.549415 0.334646,
69.541037 -22.561423 0.334646, 69.541084 -22.561443 0.334646,
69.565226 -22.570202 0.334646, 69.565281 -22.570219 0.334646,
69.587356 -22.575531 0.334646, 69.587433 -22.575544 0.334646,
69.606405 -22.577213 0.334646, 69.606526 -22.577209 0.334646,
69.62136 -22.575035 0.334646, 69.621475 -22.575004 0.334646,
69.621566 -22.574957 0.334646, 69.631226 -22.568743 0.334646,
69.631339 -22.568645 0.334646, 69.631397 -22.568561 0.334646,
69.631439 -22.568468 0.334646, 69.634889 -22.558015 0.334646,
69.634905 -22.557953 0.334646, 65.485849 -22.044111 0.334646,
65.485724 -22.030055 0.334646, 65.48572 -22.029994 0.334646,
65.485698 -22.029894 0.334646, 65.485656 -22.029801 0.334646,
65.480358 -22.020524 0.334646, 65.48031 -22.020454 0.334646,
65.480239 -22.020381 0.334646, 65.480154 -22.020324 0.334646,
65.48006 -22.020285 0.334646, 65.469236 -22.016937 0.334646,
65.469115 -22.016915 0.334646, 65.469013 -22.016918 0.334646,
65.468914 -22.016941 0.334646, 65.464037 -22.018604 0.334646,
65.463969 -22.018633 0.334646, 65.454386 -22.023507 0.334646,
65.454366 -22.023517 0.334646, 65.44052 -22.031341 0.334646,
65.44051 -22.031346 0.334646, 65.422842 -22.041855 0.334646,
65.422835 -22.041859 0.334646, 65.401791 -22.05479 0.334646,
65.401786 -22.054793 0.334646, 65.377807 -22.069883 0.334646,
65.377803 -22.069886 0.334646, 65.351332 -22.086873 0.334646,
65.351329 -22.086875 0.334646, 65.322811 -22.105495 0.334646,
65.322807 -22.105497 0.334646, 65.292683 -22.125487 0.334646,
65.29268 -22.125489 0.334646, 65.261394 -22.146586 0.334646,
65.261391 -22.146589 0.334646, 65.221776 -22.173867 0.334646,
65.221771 -22.173871 0.334646, 65.18665 -22.198716 0.334646,
65.186643 -22.198721 0.334646, 65.155898 -22.221247 0.334646,
65.155889 -22.221254 0.334646, 65.129408 -22.241574 0.334646,
65.129395 -22.241584 0.334646, 65.107061 -22.259814 0.334646,
65.107044 -22.259828 0.334646, 65.088742 -22.276082 0.334646,
65.088719 -22.276103 0.334646, 65.074333 -22.290495 0.334646,
65.074303 -22.290529 0.334646, 65.063719 -22.303173 0.334646,
65.063676 -22.303231 0.334646, 65.056778 -22.314242 0.334646,
65.056728 -22.314346 0.334646, 65.053401 -22.323838 0.334646,
65.05338 -22.323917 0.334646, 65.053372 -22.324019 0.334646,
65.053501 -22.332106 0.334646, 65.05352 -22.33224 0.334646,
65.053558 -22.332335 0.334646, 65.057027 -22.339132 0.334646,
65.057085 -22.339222 0.334646, 65.057156 -22.339294 0.334646,
65.063851 -22.344917 0.334646, 65.063939 -22.344976 0.334646,
65.064033 -22.345016 0.334646, 65.064133 -22.345036 0.334646,
65.070309 -22.345661 0.334646, 65.07038 -22.345663 0.334646,
65.070481 -22.345649 0.334646, 65.081315 -22.343081 0.334646,
65.081373 -22.343063 0.334646, 65.096318 -22.337619 0.334646,
65.096346 -22.337607 0.334646, 65.114854 -22.329601 0.334646,
65.114872 -22.329593 0.334646, 65.136395 -22.319343 0.334646,
65.136407 -22.319337 0.334646, 65.160398 -22.307158 0.334646,
65.160407 -22.307154 0.334646, 65.186318 -22.293362 0.334646,
65.186325 -22.293358 0.334646, 65.213609 -22.278269 0.334646,
65.213615 -22.278266 0.334646, 65.241723 -22.262196 0.334646,
65.241729 -22.262193 0.334646, 65.270114 -22.245459 0.334646,
65.27012 -22.245456 0.334646, 65.298234 -22.228374 0.334646,
65.29824 -22.22837 0.334646, 65.325535 -22.211256 0.334646,
65.325542 -22.211251 0.334646, 65.351471 -22.19442 0.334646,
65.351479 -22.194415 0.334646, 65.375494 -22.178183 0.334646,
65.375504 -22.178176 0.334646, 65.397056 -22.16286 0.334646,
65.39707 -22.162851 0.334646, 65.415613 -22.148767 0.334646,
65.415632 -22.148751 0.334646, 65.430619 -22.136215 0.334646,
65.430649 -22.136187 0.334646, 65.44153 -22.125515 0.334646,
65.441574 -22.125465 0.334646, 65.458607 -22.103787 0.334646,
65.458641 -22.103739 0.334646, 65.471915 -22.082243 0.334646,
65.471946 -22.082185 0.334646, 65.481107 -22.062018 0.334646,
65.481137 -22.061936 0.334646, 65.485831 -22.04425 0.334646,
64.846751 -22.061946 0.334646, 64.814299 -22.091859 0.334646,
64.780709 -22.122676 0.334646, 64.780708 -22.122676 0.334646,
64.751781 -22.14935 0.334646, 64.751778 -22.149353 0.334646,
64.724024 -22.17534 0.334646, 64.724021 -22.175343 0.334646,
64.697694 -22.200374 0.334646, 64.697691 -22.200377 0.334646,
64.673049 -22.224181 0.334646, 64.673046 -22.224185 0.334646,
64.650343 -22.246494 0.334646, 64.650339 -22.246497 0.334646,
64.629833 -22.26704 0.334646, 64.629829 -22.267044 0.334646,
64.611775 -22.285552 0.334646, 64.611769 -22.285557 0.334646,
64.596423 -22.30176 0.334646, 64.596416 -22.301768 0.334646,
64.584035 -22.315394 0.334646, 64.584024 -22.315407 0.334646,
64.574863 -22.326189 0.334646, 64.574841 -22.326217 0.334646,
64.569157 -22.333883 0.334646, 64.569101 -22.333978 0.334646,
64.56715 -22.33826 0.334646, 64.567117 -22.338357 0.334646,
64.567103 -22.338459 0.334646, 64.56711 -22.338561 0.334646,
64.568557 -22.347363 0.334646, 64.568568 -22.347414 0.334646,
64.568604 -22.347509 0.334646, 64.568658 -22.347596 0.334646,
64.573053 -22.353304 0.334646, 64.573119 -22.353375 0.334646,
64.573201 -22.353435 0.334646, 64.573294 -22.353478 0.334646,
64.580718 -22.356063 0.334646, 64.580815 -22.356087 0.334646,
64.580917 -22.356092 0.334646, 64.591452 -22.355529 0.334646,
64.591561 -22.355511 0.334646, 64.605287 -22.351774 0.334646,
64.605347 -22.351753 0.334646, 64.622346 -22.344813 0.334646,
64.622382 -22.344797 0.334646, 64.642735 -22.334628 0.334646,
64.642758 -22.334615 0.334646, 64.666547 -22.321191 0.334646,
64.666563 -22.321182 0.334646, 64.693868 -22.304475 0.334646,
64.69388 -22.304468 0.334646, 64.724783 -22.284452 0.334646,
64.724791 -22.284446 0.334646, 64.759373 -22.261095 0.334646,
64.759381 -22.261089 0.334646, 64.777718 -22.248198 0.334646,
64.797562 -22.234488 0.334646, 64.818654 -22.220134 0.334646,
64.840726 -22.205314 0.334646, 64.840726 -22.205314 0.334646,
64.863524 -22.190198 0.334646, 64.886783 -22.174961 0.334646,
64.910246 -22.159776 0.334646, 64.933643 -22.144822 0.334646,
64.95672 -22.130268 0.334646, 64.979216 -22.11629 0.334646,
65.000866 -22.103062 0.334646, 65.021416 -22.090756 0.334646,
65.040594 -22.079551 0.334646, 65.040603 -22.079546 0.334646,
65.065956 -22.064106 0.334646, 65.065967 -22.064098 0.334646,
65.090717 -22.048154 0.334646, 65.090728 -22.048147 0.334646,
65.11485 -22.03173 0.334646, 65.114861 -22.031722 0.334646,
65.138332 -22.014863 0.334646, 65.138343 -22.014855 0.334646,
65.16114 -21.997583 0.334646, 65.161151 -21.997575 0.334646,
65.183251 -21.979922 0.334646, 65.183261 -21.979914 0.334646,
65.20464 -21.96191 0.334646, 65.20465 -21.961901 0.334646,
65.225285 -21.943577 0.334646, 65.225296 -21.943567 0.334646,
65.245163 -21.924954 0.334646, 65.245173 -21.924944 0.334646,
65.264248 -21.906071 0.334646, 65.264258 -21.906061 0.334646,
65.282519 -21.886959 0.334646, 65.28253 -21.886949 0.334646,
65.299952 -21.867649 0.334646, 65.299963 -21.867637 0.334646,
65.316524 -21.84817 0.334646, 65.316533 -21.848158 0.334646,
65.33221 -21.828554 0.334646, 65.33222 -21.828541 0.334646,
65.346988 -21.80883 0.334646, 65.346998 -21.808817 0.334646,
65.360834 -21.78903 0.334646, 65.360844 -21.789016 0.334646,
65.373725 -21.769184 0.334646, 65.373735 -21.769168 0.334646,
65.385637 -21.749321 0.334646, 65.385646 -21.749304 0.334646,
65.396546 -21.729474 0.334646, 65.396556 -21.729456 0.334646,
65.40643 -21.709671 0.334646, 65.406439 -21.709652 0.334646,
65.415265 -21.689944 0.334646, 65.415274 -21.689923 0.334646,
65.423027 -21.670322 0.334646, 65.423036 -21.670299 0.334646,
65.429693 -21.650837 0.334646, 65.429701 -21.650813 0.334646,
65.435239 -21.631519 0.334646, 65.435245 -21.631492 0.334646,
65.439641 -21.612398 0.334646, 65.439646 -21.612369 0.334646,
65.442875 -21.593504 0.334646, 65.44288 -21.593472 0.334646,
65.444919 -21.574868 0.334646, 65.444922 -21.574835 0.334646,
65.445748 -21.55652 0.334646, 65.445748 -21.556466 0.334646,
65.444037 -21.527532 0.334646, 65.444029 -21.527467 0.334646,
65.439233 -21.501951 0.334646, 65.439215 -21.501879 0.334646,
65.431835 -21.480213 0.334646, 65.4318 -21.480132 0.334646,
65.422339 -21.462748 0.334646, 65.422274 -21.462655 0.334646,
65.411232 -21.449983 0.334646, 65.411196 -21.449945 0.334646,
65.411115 -21.449883 0.334646, 65.398995 -21.442354 0.334646,
65.398898 -21.442307 0.334646, 65.398799 -21.442282 0.334646,
65.386104 -21.440329 0.334646, 65.385967 -21.440326 0.334646,
65.385867 -21.440347 0.334646, 65.373097 -21.4444 0.334646,
65.373001 -21.444442 0.334646, 65.372917 -21.4445 0.334646,
65.360574 -21.454991 0.334646, 65.360477 -21.455101 0.334646,
65.349063 -21.472461 0.334646, 65.349022 -21.472536 0.334646,
65.340936 -21.490831 0.334646, 65.340924 -21.490859 0.334646,
65.332291 -21.513997 0.334646, 65.332284 -21.514018 0.334646,
65.324042 -21.539383 0.334646, 65.324035 -21.539405 0.334646,
65.317122 -21.564378 0.334646, 65.315296 -21.570309 0.334646,
65.3125 -21.576988 0.334646, 65.308713 -21.584446 0.334646,
65.303945 -21.592661 0.334646, 65.298174 -21.601659 0.334646,
65.291402 -21.611434 0.334646, 65.283626 -21.621988 0.334646,
65.274841 -21.633324 0.334646, 65.265035 -21.645456 0.334646,
65.254206 -21.658384 0.334646, 65.242348 -21.672113 0.334646,
65.229456 -21.686647 0.334646, 65.215522 -21.701996 0.334646,
65.20055 -21.718153 0.334646, 65.184524 -21.735134 0.334646,
65.167443 -21.752942 0.334646, 65.1493 -21.77158 0.334646,
65.130089 -21.791055 0.334646, 65.109806 -21.811371 0.334646,
65.088445 -21.832534 0.334646, 65.066 -21.854548 0.334646,
65.042466 -21.87742 0.334646, 65.017835 -21.901155 0.334646,
64.992106 -21.925754 0.334646, 64.992106 -21.925754 0.334646,
64.96527 -21.951227 0.334646, 64.93732 -21.977578 0.334646,
64.908256 -22.004811 0.334646, 64.878069 -22.032932 0.334646,
69.088142 -21.524252 0.334646, 69.071454 -21.511531 0.334646,
69.071439 -21.51152 0.334646, 69.054809 -21.499766 0.334646,
69.054792 -21.499754 0.334646, 69.038181 -21.488933 0.334646,
69.038164 -21.488923 0.334646, 69.021532 -21.479 0.334646,
69.021514 -21.47899 0.334646, 69.004823 -21.469932 0.334646,
69.004804 -21.469922 0.334646, 68.988014 -21.461695 0.334646,
68.987994 -21.461686 0.334646, 68.971066 -21.454254 0.334646,
68.971046 -21.454245 0.334646, 68.953941 -21.447575 0.334646,
68.95392 -21.447568 0.334646, 68.936598 -21.441625 0.334646,
68.936578 -21.441619 0.334646, 68.919 -21.436369 0.334646,
68.91898 -21.436364 0.334646, 68.901106 -21.431773 0.334646,
68.901088 -21.431768 0.334646, 68.882879 -21.427802 0.334646,
68.882861 -21.427798 0.334646, 68.864279 -21.424422 0.334646,
68.864257 -21.424418 0.334646, 68.829797 -21.419692 0.334646,
68.829687 -21.419689 0.334646, 68.810891 -21.421134 0.334646,
68.810746 -21.421166 0.334646, 68.810655 -21.421211 0.334646,
68.810574 -21.421274 0.334646, 68.810507 -21.421351 0.334646,
68.804406 -21.429906 0.334646, 68.804345 -21.430018 0.334646,
68.804318 -21.430116 0.334646, 68.804309 -21.430218 0.334646,
68.804321 -21.430319 0.334646, 68.807948 -21.44692 0.334646,
68.807969 -21.446992 0.334646, 68.808014 -21.447084 0.334646,
68.81589 -21.459788 0.334646, 68.815958 -21.459875 0.334646,
68.831189 -21.475655 0.334646, 68.831228 -21.475691 0.334646,
68.852093 -21.493295 0.334646, 68.852121 -21.493317 0.334646,
68.876902 -21.511496 0.334646, 68.876927 -21.511513 0.334646,
68.903902 -21.529017 0.334646, 68.903914 -21.529024 0.334646,
68.920439 -21.539145 0.334646, 68.936849 -21.549947 0.334646,
68.953159 -21.561448 0.334646, 68.969413 -21.573686 0.334646,
68.985582 -21.586646 0.334646, 69.001731 -21.600383 0.334646,
69.017834 -21.614882 0.334646, 69.033925 -21.630176 0.334646,
69.050033 -21.646296 0.334646, 69.066151 -21.663237 0.334646,
69.082296 -21.681018 0.334646, 69.082295 -21.681018 0.334646,
69.098498 -21.699674 0.334646, 69.114774 -21.719222 0.334646,
69.131118 -21.739655 0.334646, 69.147567 -21.761017 0.334646,
69.164128 -21.783316 0.334646, 69.180819 -21.806571 0.334646,
69.197655 -21.8308 0.334646, 69.214651 -21.85602 0.334646,
69.231824 -21.88225 0.334646, 69.249189 -21.909507 0.334646,
69.266763 -21.937811 0.334646, 69.284554 -21.966876 0.334646,
69.284557 -21.966882 0.334646, 69.302041 -21.994663 0.334646,
69.302045 -21.994669 0.334646, 69.319261 -22.021194 0.334646,
69.319266 -22.0212 0.334646, 69.336252 -22.046502 0.334646,
69.336257 -22.046509 0.334646, 69.353053 -22.070617 0.334646,
69.353059 -22.070625 0.334646, 69.369704 -22.093569 0.334646,
69.36971 -22.093578 0.334646, 69.386243 -22.11539 0.334646,
69.38625 -22.115399 0.334646, 69.402709 -22.136109 0.334646,
69.402717 -22.136119 0.334646, 69.419143 -22.155757 0.334646,
69.419152 -22.155768 0.334646, 69.435582 -22.174365 0.334646,
69.435592 -22.174376 0.334646, 69.452066 -22.191963 0.334646,
69.452078 -22.191974 0.334646, 69.468635 -22.208581 0.334646,
69.468647 -22.208593 0.334646, 69.485326 -22.224251 0.334646,
69.48534 -22.224263 0.334646, 69.50218 -22.239002 0.334646,
69.502194 -22.239014 0.334646, 69.519235 -22.252865 0.334646,
69.51925 -22.252876 0.334646, 69.53653 -22.26587 0.334646,
69.536547 -22.265881 0.334646, 69.554105 -22.278047 0.334646,
69.554122 -22.278059 0.334646, 69.571997 -22.289428 0.334646,
69.572015 -22.289439 0.334646, 69.590247 -22.300042 0.334646,
69.590265 -22.300052 0.334646, 69.608892 -22.30992 0.334646,
69.60891 -22.309929 0.334646, 69.627972 -22.319092 0.334646,
69.62799 -22.3191 0.334646, 69.647525 -22.327589 0.334646,
69.647543 -22.327597 0.334646, 69.667591 -22.335442 0.334646,
69.667608 -22.335448 0.334646, 69.688207 -22.34268 0.334646,
69.688224 -22.342685 0.334646, 69.709415 -22.349335 0.334646,
69.70943 -22.349339 0.334646, 69.73125 -22.355437 0.334646,
69.731265 -22.355441 0.334646, 69.753754 -22.361016 0.334646,
69.753768 -22.361019 0.334646, 69.776964 -22.366104 0.334646,
69.776977 -22.366106 0.334646, 69.80092 -22.370731 0.334646,
69.800932 -22.370733 0.334646, 69.825661 -22.374927 0.334646,
69.825681 -22.37493 0.334646, 69.853382 -22.378537 0.334646,
69.8534 -22.378539 0.334646, 69.876631 -22.380766 0.334646,
69.876659 -22.380768 0.334646, 69.895412 -22.38158 0.334646,
69.895458 -22.38158 0.334646, 69.909725 -22.380942 0.334646,
69.909813 -22.380931 0.334646, 69.919585 -22.378809 0.334646,
69.919681 -22.378778 0.334646, 69.91977 -22.378728 0.334646,
69.92504 -22.375088 0.334646, 69.92513 -22.375008 0.334646,
69.925191 -22.374926 0.334646, 69.925235 -22.374834 0.334646,
69.925259 -22.374735 0.334646, 69.926017 -22.369541 0.334646,
69.926019 -22.369407 0.334646, 69.925997 -22.369307 0.334646,
69.925957 -22.369213 0.334646, 69.922194 -22.362431 0.334646,
69.922109 -22.362318 0.334646, 69.913818 -22.353913 0.334646,
69.913769 -22.353869 0.334646, 69.900941 -22.343807 0.334646,
69.900911 -22.343786 0.334646, 69.883538 -22.332032 0.334646,
69.883519 -22.33202 0.334646, 69.861592 -22.31854 0.334646,
69.861579 -22.318532 0.334646, 69.835089 -22.303291 0.334646,
69.83508 -22.303285 0.334646, 69.80402 -22.286248 0.334646,
69.781468 -22.273897 0.334646, 69.760032 -22.261743 0.334646,
69.760032 -22.261743 0.334646, 69.739636 -22.249706 0.334646,
69.72015 -22.237672 0.334646, 69.7015 -22.225566 0.334646,
69.683592 -22.213294 0.334646, 69.666294 -22.200742 0.334646,
69.64955 -22.187846 0.334646, 69.633219 -22.17448 0.334646,
69.617246 -22.160586 0.334646, 69.601488 -22.146031 0.334646,
69.585886 -22.130759 0.334646, 69.57032 -22.114654 0.334646,
69.554694 -22.097626 0.334646, 69.538905 -22.079574 0.334646,
69.522875 -22.060429 0.334646, 69.50648 -22.040066 0.334646,
69.489644 -22.018422 0.334646, 69.472251 -21.995375 0.334646,
69.454214 -21.970852 0.334646, 69.435432 -21.944752 0.334646,
69.415806 -21.916982 0.334646, 69.395239 -21.887449 0.334646,
69.395238 -21.887448 0.334646, 69.372275 -21.854586 0.334646,
69.372273 -21.854583 0.334646, 69.349997 -21.823237 0.334646,
69.349995 -21.823233 0.334646, 69.328367 -21.793369 0.334646,
69.328363 -21.793365 0.334646, 69.307343 -21.764947 0.334646,
69.30734 -21.764943 0.334646, 69.286889 -21.737939 0.334646,
69.286885 -21.737933 0.334646, 69.266963 -21.712308 0.334646,
69.266959 -21.712302 0.334646, 69.247528 -21.688022 0.334646,
69.247523 -21.688015 0.334646, 69.228543 -21.665045 0.334646,
69.228537 -21.665038 0.334646, 69.209969 -21.643344 0.334646,
69.209962 -21.643336 0.334646, 69.191766 -21.622883 0.334646,
69.191759 -21.622875 0.334646, 69.173897 -21.60363 0.334646,
69.173889 -21.603621 0.334646, 69.15632 -21.585548 0.334646,
69.156311 -21.585539 0.334646, 69.138996 -21.568606 0.334646,
69.138986 -21.568596 0.334646, 69.121888 -21.552767 0.334646,
69.121876 -21.552756 0.334646, 69.104954 -21.537997 0.334646,
69.104941 -21.537987 0.334646, 69.088156 -21.524263 0.334646,
64.662264 -20.988347 0.334646, 64.66204 -20.976035 0.334646,
64.662028 -20.975932 0.334646, 64.659799 -20.965863 0.334646,
64.659751 -20.965734 0.334646, 64.652959 -20.952806 0.334646,
64.652931 -20.952757 0.334646, 64.652866 -20.952679 0.334646,
64.644448 -20.944292 0.334646, 64.644357 -20.944219 0.334646,
64.644266 -20.944174 0.334646, 64.634177 -20.94033 0.334646,
64.634063 -20.940301 0.334646, 64.633961 -20.940297 0.334646,
64.622157 -20.940998 0.334646, 64.622098 -20.941005 0.334646,
64.622 -20.941032 0.334646, 64.608434 -20.946279 0.334646,
64.608342 -20.946325 0.334646, 64.592971 -20.956119 0.334646,
64.592917 -20.956158 0.334646, 64.575695 -20.970501 0.334646,
64.575663 -20.970531 0.334646, 64.556544 -20.989424 0.334646,
64.556523 -20.989446 0.334646, 64.535463 -21.012891 0.334646,
64.535449 -21.012908 0.334646, 64.512403 -21.040906 0.334646,
64.512392 -21.040919 0.334646, 64.487315 -21.073471 0.334646,
64.487304 -21.073485 0.334646, 64.468117 -21.100223 0.334646,
64.468112 -21.10023 0.334646, 64.449265 -21.127429 0.334646,
64.44926 -21.127436 0.334646, 64.43081 -21.154972 0.334646,
64.430806 -21.154979 0.334646, 64.412808 -21.18273 0.334646,
64.412804 -21.182737 0.334646, 64.395317 -21.21058 0.334646,
64.395313 -21.210586 0.334646, 64.378393 -21.238396 0.334646,
64.378389 -21.238403 0.334646, 64.362091 -21.266058 0.334646,
64.362087 -21.266065 0.334646, 64.346468 -21.293442 0.334646,
64.346465 -21.293448 0.334646, 64.331582 -21.320424 0.334646,
64.331578 -21.320431 0.334646, 64.317488 -21.346881 0.334646,
64.317484 -21.346889 0.334646, 64.304243 -21.372691 0.334646,
64.304239 -21.372698 0.334646, 64.291903 -21.397729 0.334646,
64.291899 -21.397737 0.334646, 64.280524 -21.421874 0.334646,
64.28052 -21.421883 0.334646, 64.270165 -21.445001 0.334646,
64.27016 -21.445011 0.334646, 64.260879 -21.466989 0.334646,
64.260874 -21.467001 0.334646, 64.252725 -21.487713 0.334646,
64.25272 -21.487728 0.334646, 64.245758 -21.507053 0.334646,
64.245752 -21.50707 0.334646, 64.240035 -21.524884 0.334646,
64.240029 -21.524906 0.334646, 64.235613 -21.541086 0.334646,
64.235606 -21.541115 0.334646, 64.232546 -21.555537 0.334646,
64.232539 -21.555578 0.334646, 64.230894 -21.568119 0.334646,
64.23089 -21.568178 0.334646, 64.230716 -21.578717 0.334646,
64.230722 -21.578808 0.334646, 64.232075 -21.587219 0.334646,
64.232119 -21.58736 0.334646, 64.235055 -21.59352 0.334646,
64.235121 -21.593624 0.334646, 64.235193 -21.593697 0.334646,
64.239769 -21.597483 0.334646, 64.239899 -21.597562 0.334646,
64.239996 -21.597593 0.334646, 64.246269 -21.598882 0.334646,
64.246347 -21.598892 0.334646, 64.246449 -21.598887 0.334646,
64.256359 -21.597442 0.334646, 64.256468 -21.597413 0.334646,
64.267625 -21.593184 0.334646, 64.267694 -21.593152 0.334646,
64.279993 -21.586303 0.334646, 64.280037 -21.586275 0.334646,
64.293373 -21.576966 0.334646, 64.293404 -21.576943 0.334646,
64.307671 -21.565337 0.334646, 64.307693 -21.565319 0.334646,
64.322787 -21.551579 0.334646, 64.322804 -21.551563 0.334646,
64.33862 -21.535851 0.334646, 64.338633 -21.535838 0.334646,
64.355067 -21.518316 0.334646, 64.355078 -21.518304 0.334646,
64.372024 -21.499134 0.334646, 64.372032 -21.499124 0.334646,
64.389386 -21.478468 0.334646, 64.389393 -21.478459 0.334646,
64.407049 -21.45648 0.334646, 64.407056 -21.456472 0.334646,
64.424909 -21.433331 0.334646, 64.424915 -21.433323 0.334646,
64.442862 -21.409183 0.334646, 64.442867 -21.409176 0.334646,
64.460802 -21.384199 0.334646, 64.460806 -21.384192 0.334646,
64.478624 -21.35854 0.334646, 64.478628 -21.358533 0.334646,
64.496223 -21.332368 0.334646, 64.496228 -21.332362 0.334646,
64.513496 -21.305846 0.334646, 64.5135 -21.30584 0.334646,
64.530336 -21.279136 0.334646, 64.530341 -21.27913 0.334646,
64.546641 -21.2524 0.334646, 64.546644 -21.252393 0.334646,
64.562302 -21.225798 0.334646, 64.562307 -21.225791 0.334646,
64.577219 -21.199495 0.334646, 64.577223 -21.199487 0.334646,
64.591283 -21.173652 0.334646, 64.591288 -21.173643 0.334646,
64.604392 -21.14843 0.334646, 64.604397 -21.14842 0.334646,
64.616439 -21.123992 0.334646, 64.616444 -21.12398 0.334646,
64.627321 -21.100499 0.334646, 64.627327 -21.100485 0.334646,
64.636933 -21.078113 0.334646, 64.636939 -21.078097 0.334646,
64.645169 -21.056995 0.334646, 64.645176 -21.056975 0.334646,
64.651924 -21.037307 0.334646, 64.651933 -21.037281 0.334646,
64.657096 -21.019209 0.334646, 64.657104 -21.019174 0.334646,
64.660576 -21.00286 0.334646, 64.660584 -21.002812 0.334646,
64.662261 -20.988417 0.334646, 69.760308 -21.080786 0.334646,
69.760308 -21.080786 0.334646, 69.751584 -21.047407 0.334646,
69.742503 -21.011785 0.334646, 69.742503 -21.011783 0.334646,
69.731117 -20.967809 0.334646, 69.731116 -20.967807 0.334646,
69.72076 -20.928763 0.334646, 69.720759 -20.928759 0.334646,
69.711248 -20.894205 0.334646, 69.711246 -20.894198 0.334646,
69.702392 -20.863694 0.334646, 69.702389 -20.863685 0.334646,
69.694005 -20.83679 0.334646, 69.694 -20.836777 0.334646,
69.6859 -20.813052 0.334646, 69.685893 -20.813035 0.334646,
69.677889 -20.792041 0.334646, 69.67788 -20.792019 0.334646,
69.669785 -20.773314 0.334646, 69.669773 -20.773289 0.334646,
69.6614 -20.756433 0.334646, 69.661385 -20.756406 0.334646,
69.652547 -20.74096 0.334646, 69.65253 -20.740933 0.334646,
69.64304 -20.726456 0.334646, 69.643023 -20.726431 0.334646,
69.632694 -20.712484 0.334646, 69.632678 -20.712464 0.334646,
69.621323 -20.698605 0.334646, 69.621311 -20.69859 0.334646,
69.608743 -20.684381 0.334646, 69.608698 -20.684336 0.334646,
69.590364 -20.668121 0.334646, 69.590287 -20.668065 0.334646,
69.569237 -20.655422 0.334646, 69.569163 -20.655385 0.334646,
69.546988 -20.646526 0.334646, 69.546908 -20.646502 0.334646,
69.525198 -20.64164 0.334646, 69.525102 -20.641628 0.334646,
69.505447 -20.640974 0.334646, 69.505311 -20.640988 0.334646,
69.489303 -20.644756 0.334646, 69.489188 -20.644798 0.334646,
69.489102 -20.644852 0.334646, 69.47833 -20.653255 0.334646,
69.478246 -20.653337 0.334646, 69.47819 -20.653422 0.334646,
69.478152 -20.653517 0.334646, 69.474207 -20.666765 0.334646,
69.474187 -20.666878 0.334646, 69.47419 -20.66698 0.334646,
69.47497 -20.673047 0.334646, 69.474982 -20.673107 0.334646,
69.477263 -20.682194 0.334646, 69.477271 -20.682222 0.334646,
69.480967 -20.694137 0.334646, 69.480972 -20.694153 0.334646,
69.485994 -20.708704 0.334646, 69.485998 -20.708713 0.334646,
69.492259 -20.725706 0.334646, 69.492261 -20.725714 0.334646,
69.499674 -20.744956 0.334646, 69.499676 -20.744961 0.334646,
69.508152 -20.766259 0.334646, 69.508154 -20.766264 0.334646,
69.517605 -20.789426 0.334646, 69.517607 -20.78943 0.334646,
69.527946 -20.814263 0.334646, 69.527948 -20.814266 0.334646,
69.539088 -20.840578 0.334646, 69.539089 -20.84058 0.334646,
69.550942 -20.868178 0.334646, 69.550943 -20.86818 0.334646,
69.563422 -20.896869 0.334646, 69.563422 -20.896871 0.334646,
69.576439 -20.926461 0.334646, 69.576439 -20.926462 0.334646,
69.589906 -20.956759 0.334646, 69.589907 -20.956761 0.334646,
69.603735 -20.987571 0.334646, 69.603736 -20.987572 0.334646,
69.617839 -21.018704 0.334646, 69.61784 -21.018706 0.334646,
69.63213 -21.049966 0.334646, 69.632131 -21.049967 0.334646,
69.646521 -21.081163 0.334646, 69.646522 -21.081165 0.334646,
69.660923 -21.112103 0.334646, 69.660924 -21.112105 0.334646,
69.67525 -21.142594 0.334646, 69.67525 -21.142596 0.334646,
69.689413 -21.172441 0.334646, 69.689413 -21.172443 0.334646,
69.703324 -21.201454 0.334646, 69.703326 -21.201456 0.334646,
69.716898 -21.229438 0.334646, 69.716899 -21.22944 0.334646,
69.730045 -21.256201 0.334646, 69.730046 -21.256204 0.334646,
69.742678 -21.28155 0.334646, 69.74268 -21.281553 0.334646,
69.75471 -21.305293 0.334646, 69.754712 -21.305296 0.334646,
69.766052 -21.327237 0.334646, 69.766055 -21.327241 0.334646,
69.776619 -21.347189 0.334646, 69.776622 -21.347195 0.334646,
69.786321 -21.364957 0.334646, 69.786325 -21.364965 0.334646,
69.795072 -21.38035 0.334646, 69.795078 -21.380361 0.334646,
69.802785 -21.393174 0.334646, 69.802796 -21.393191 0.334646,
69.809375 -21.403241 0.334646, 69.809386 -21.403257 0.334646,
69.827107 -21.428204 0.334646, 69.827121 -21.428223 0.334646,
69.846169 -21.452684 0.334646, 69.846182 -21.4527 0.334646,
69.866009 -21.476189 0.334646, 69.866022 -21.476204 0.334646,
69.886081 -21.498235 0.334646, 69.886094 -21.49825 0.334646,
69.905835 -21.518337 0.334646, 69.905851 -21.518352 0.334646,
69.924728 -21.53601 0.334646, 69.924748 -21.536028 0.334646,
69.942211 -21.550769 0.334646, 69.942239 -21.550791 0.334646,
69.957742 -21.56213 0.334646, 69.95779 -21.562162 0.334646,
69.970783 -21.569613 0.334646, 69.970889 -21.569659 0.334646,
69.980825 -21.572736 0.334646, 69.980918 -21.572756 0.334646,
69.98102 -21.572757 0.334646, 69.98112 -21.572739 0.334646,
69.987452 -21.570956 0.334646, 69.987528 -21.570929 0.334646,
69.987616 -21.570877 0.334646, 69.987693 -21.57081 0.334646,
69.987754 -21.570728 0.334646, 69.987799 -21.570637 0.334646,
69.987825 -21.570538 0.334646, 69.987831 -21.570436 0.334646,
69.987563 -21.563091 0.334646, 69.98755 -21.562991 0.334646,
69.987517 -21.562894 0.334646, 69.980239 -21.546824 0.334646,
69.980217 -21.54678 0.334646, 69.967093 -21.523809 0.334646,
69.967081 -21.523789 0.334646, 69.949278 -21.495743 0.334646,
69.949268 -21.495729 0.334646, 69.92795 -21.464433 0.334646,
69.927941 -21.46442 0.334646, 69.914881 -21.446415 0.334646,
69.902603 -21.428808 0.334646, 69.891043 -21.411454 0.334646,
69.88013 -21.394193 0.334646, 69.869799 -21.376876 0.334646,
69.860004 -21.359386 0.334646, 69.850657 -21.341529 0.334646,
69.84172 -21.323209 0.334646, 69.833106 -21.304231 0.334646,
69.82477 -21.284484 0.334646, 69.816647 -21.26382 0.334646,
69.808661 -21.242059 0.334646, 69.800765 -21.219097 0.334646,
69.792883 -21.194749 0.334646, 69.784961 -21.168894 0.334646,
69.776933 -21.14138 0.334646, 69.768736 -21.112058 0.334646,
64.427926 -20.518294 0.334646, 64.427415 -20.547217 0.334646,
64.427415 -20.547217 0.334646, 64.426893 -20.565828 0.334646,
64.425378 -20.586724 0.334646, 64.422954 -20.609394 0.334646,
64.419707 -20.633336 0.334646, 64.415718 -20.658068 0.334646,
64.411069 -20.683109 0.334646, 64.405841 -20.70797 0.334646,
64.400126 -20.732122 0.334646, 64.393997 -20.755119 0.334646,
64.387543 -20.776446 0.334646, 64.373331 -20.821972 0.334646,
64.37333 -20.821979 0.334646, 64.362585 -20.858216 0.334646,
64.362581 -20.858232 0.334646, 64.355221 -20.88623 0.334646,
64.355214 -20.886262 0.334646, 64.351157 -20.907071 0.334646,
64.351148 -20.907141 0.334646, 64.350311 -20.921812 0.334646,
64.350325 -20.921963 0.334646, 64.352626 -20.931545 0.334646,
64.352648 -20.931615 0.334646, 64.352694 -20.931706 0.334646,
64.352758 -20.931785 0.334646, 64.358115 -20.93733 0.334646,
64.358157 -20.937369 0.334646, 64.358243 -20.937426 0.334646,
64.358337 -20.937466 0.334646, 64.366667 -20.940022 0.334646,
64.366791 -20.940044 0.334646, 64.378011 -20.940663 0.334646,
64.378094 -20.940661 0.334646, 64.378194 -20.940641 0.334646,
64.384091 -20.938811 0.334646, 64.384222 -20.93875 0.334646,
64.392333 -20.933439 0.334646, 64.392383 -20.933402 0.334646,
64.402502 -20.924875 0.334646, 64.402528 -20.924852 0.334646,
64.41445 -20.913375 0.334646, 64.414466 -20.913359 0.334646,
64.427985 -20.899197 0.334646, 64.427996 -20.899185 0.334646,
64.442906 -20.882603 0.334646, 64.442914 -20.882594 0.334646,
64.459009 -20.863856 0.334646, 64.459015 -20.863848 0.334646,
64.476091 -20.843221 0.334646, 64.476096 -20.843215 0.334646,
64.493944 -20.820962 0.334646, 64.493949 -20.820957 0.334646,
64.512366 -20.797345 0.334646, 64.51237 -20.79734 0.334646,
64.531148 -20.772635 0.334646, 64.531152 -20.77263 0.334646,
64.550087 -20.747095 0.334646, 64.55009 -20.747091 0.334646,
64.568975 -20.720993 0.334646, 64.568978 -20.720988 0.334646,
64.587608 -20.694592 0.334646, 64.587611 -20.694586 0.334646,
64.605779 -20.668157 0.334646, 64.605783 -20.668152 0.334646,
64.623283 -20.641955 0.334646, 64.623288 -20.641949 0.334646,
64.639915 -20.61625 0.334646, 64.63992 -20.616242 0.334646,
64.655469 -20.591306 0.334646, 64.655474 -20.591297 0.334646,
64.669737 -20.567389 0.334646, 64.669742 -20.567381 0.334646,
64.717659 -20.483631 0.334646, 64.7177 -20.48354 0.334646,
64.717723 -20.48344 0.334646, 64.717726 -20.483338 0.334646,
64.71771 -20.483237 0.334646, 64.717674 -20.483142 0.334646,
64.71762 -20.483055 0.334646, 64.671795 -20.423274 0.334646,
64.654163 -20.39809 0.334646, 64.642982 -20.378543 0.334646,
64.638006 -20.361944 0.334646, 64.638957 -20.345528 0.334646,
64.645641 -20.326502 0.334646, 64.65788 -20.302147 0.334646,
64.657887 -20.302134 0.334646, 64.67107 -20.273976 0.334646,
64.671097 -20.273906 0.334646, 64.678102 -20.250849 0.334646,
64.678124 -20.250719 0.334646, 64.67888 -20.232484 0.334646,
64.678871 -20.232364 0.334646, 64.678843 -20.232266 0.334646,
64.673281 -20.218571 0.334646, 64.673254 -20.218513 0.334646,
64.673195 -20.21843 0.334646, 64.673122 -20.218359 0.334646,
64.661174 -20.208924 0.334646, 64.661094 -20.208872 0.334646,
64.661 -20.208833 0.334646, 64.642596 -20.203379 0.334646,
64.642485 -20.203358 0.334646, 64.617556 -20.201602 0.334646,
64.617441 -20.201607 0.334646, 64.598809 -20.204424 0.334646,
64.598684 -20.204459 0.334646, 64.579107 -20.212725 0.334646,
64.579019 -20.212772 0.334646, 64.558977 -20.226214 0.334646,
64.558915 -20.226263 0.334646, 64.538887 -20.244604 0.334646,
64.538843 -20.244651 0.334646, 64.51931 -20.267618 0.334646,
64.519285 -20.267649 0.334646, 64.503235 -20.28972 0.334646,
64.503222 -20.289738 0.334646, 64.48893 -20.311219 0.334646,
64.488916 -20.311241 0.334646, 64.476312 -20.332374 0.334646,
64.476297 -20.3324 0.334646, 64.465314 -20.353428 0.334646,
64.4653 -20.353457 0.334646, 64.455867 -20.374622 0.334646,
64.455854 -20.374654 0.334646, 64.447903 -20.396199 0.334646,
64.447892 -20.396232 0.334646, 64.441354 -20.418401 0.334646,
64.441345 -20.418433 0.334646, 64.436151 -20.441467 0.334646,
64.436145 -20.441498 0.334646, 64.432225 -20.46564 0.334646,
64.432221 -20.465669 0.334646, 64.429506 -20.491161 0.334646,
64.429504 -20.491186 0.334646, 64.427926 -20.518273 0.334646,
69.670777 -20.161558 0.334646, 69.657751 -20.139628 0.334646,
69.657741 -20.139611 0.334646, 69.645002 -20.119916 0.334646,
69.644989 -20.119897 0.334646, 69.632461 -20.10234 0.334646,
69.632444 -20.102317 0.334646, 69.620054 -20.086802 0.334646,
69.620032 -20.086776 0.334646, 69.607702 -20.073203 0.334646,
69.607675 -20.073176 0.334646, 69.595331 -20.061446 0.334646,
69.595298 -20.061417 0.334646, 69.582865 -20.051435 0.334646,
69.582826 -20.051407 0.334646, 69.570228 -20.043073 0.334646,
69.570183 -20.043046 0.334646, 69.557346 -20.036263 0.334646,
69.557298 -20.036241 0.334646, 69.544145 -20.030911 0.334646,
69.544096 -20.030894 0.334646, 69.530554 -20.026919 0.334646,
69.530506 -20.026907 0.334646, 69.516498 -20.024189 0.334646,
69.516454 -20.024182 0.334646, 69.501906 -20.022623 0.334646,
69.501867 -20.02262 0.334646, 69.486703 -20.022122 0.334646,
69.486644 -20.022123 0.334646, 69.461708 -20.024124 0.334646,
69.461641 -20.024133 0.334646, 69.461543 -20.024165 0.334646,
69.445581 -20.031057 0.334646, 69.445495 -20.031105 0.334646,
69.445417 -20.03117 0.334646, 69.445352 -20.03125 0.334646,
69.436871 -20.044139 0.334646, 69.436811 -20.044261 0.334646,
69.436789 -20.04436 0.334646, 69.434294 -20.064349 0.334646,
69.434296 -20.064494 0.334646, 69.436019 -20.075526 0.334646,
69.43604 -20.075611 0.334646, 69.440989 -20.090333 0.334646,
69.441006 -20.090378 0.334646, 69.448853 -20.108183 0.334646,
69.448866 -20.10821 0.334646, 69.459282 -20.128493 0.334646,
69.459293 -20.128513 0.334646, 69.471951 -20.150665 0.334646,
69.471961 -20.150682 0.334646, 69.486532 -20.174098 0.334646,
69.486541 -20.174113 0.334646, 69.502696 -20.198185 0.334646,
69.502707 -20.1982 0.334646, 69.520115 -20.222319 0.334646,
69.533143 -20.24075 0.334646, 69.547022 -20.260971 0.334646,
69.561524 -20.282599 0.334646, 69.576405 -20.305234 0.334646,
69.59144 -20.328502 0.334646, 69.606393 -20.352013 0.334646,
69.62103 -20.37538 0.334646, 69.635118 -20.398215 0.334646,
69.648426 -20.420137 0.334646, 69.648426 -20.420137 0.334646,
69.660714 -20.440748 0.334646, 69.660713 -20.440748 0.334646,
69.671757 -20.459676 0.334646, 69.671757 -20.459677 0.334646,
69.685537 -20.483154 0.334646, 69.685545 -20.483167 0.334646,
69.700814 -20.50753 0.334646, 69.700821 -20.50754 0.334646,
69.717328 -20.532494 0.334646, 69.717334 -20.532504 0.334646,
69.734829 -20.557754 0.334646, 69.734835 -20.557763 0.334646,
69.753067 -20.583014 0.334646, 69.753072 -20.583022 0.334646,
69.77179 -20.607978 0.334646, 69.771796 -20.607985 0.334646,
69.790749 -20.632352 0.334646, 69.790754 -20.632359 0.334646,
69.809692 -20.65584 0.334646, 69.809698 -20.655847 0.334646,
69.82837 -20.678146 0.334646, 69.828377 -20.678154 0.334646,
69.846531 -20.698977 0.334646, 69.846539 -20.698986 0.334646,
69.863926 -20.718036 0.334646, 69.863935 -20.718046 0.334646,
69.880304 -20.73503 0.334646, 69.880317 -20.735042 0.334646,
69.895416 -20.749662 0.334646, 69.895434 -20.749679 0.334646,
69.909013 -20.761641 0.334646, 69.909041 -20.761664 0.334646,
69.920849 -20.770671 0.334646, 69.920901 -20.770706 0.334646,
69.930687 -20.776464 0.334646, 69.930804 -20.776515 0.334646,
69.938319 -20.778728 0.334646, 69.938426 -20.778748 0.334646,
69.938528 -20.778746 0.334646, 69.938627 -20.778724 0.334646,
69.943618 -20.777096 0.334646, 69.94374 -20.777038 0.334646,
69.94382 -20.776974 0.334646, 69.943886 -20.776896 0.334646,
69.943935 -20.776807 0.334646, 69.943966 -20.77671 0.334646,
69.946343 -20.765572 0.334646, 69.946354 -20.765451 0.334646,
69.946341 -20.765349 0.334646, 69.94196 -20.745823 0.334646,
69.941933 -20.745739 0.334646, 69.931575 -20.720607 0.334646,
69.931548 -20.720552 0.334646, 69.915995 -20.692598 0.334646,
69.915987 -20.692584 0.334646, 69.90936 -20.681494 0.334646,
69.901573 -20.667407 0.334646, 69.892772 -20.650614 0.334646,
69.88312 -20.631428 0.334646, 69.872775 -20.610165 0.334646,
69.861896 -20.587134 0.334646, 69.850647 -20.562654 0.334646,
69.839179 -20.537021 0.334646, 69.827658 -20.510563 0.334646,
69.816241 -20.483586 0.334646, 69.805088 -20.456404 0.334646,
69.794358 -20.429326 0.334646, 69.794355 -20.429318 0.334646,
69.77633 -20.385974 0.334646, 69.776328 -20.38597 0.334646,
69.759191 -20.345645 0.334646, 69.759189 -20.345641 0.334646,
69.742865 -20.308237 0.334646, 69.742862 -20.308231 0.334646,
69.727276 -20.273652 0.334646, 69.727272 -20.273645 0.334646,
69.712349 -20.241791 0.334646, 69.712345 -20.241782 0.334646,
69.698008 -20.212556 0.334646, 69.698003 -20.212546 0.334646,
69.684179 -20.18585 0.334646, 69.684172 -20.185837 0.334646,
69.670785 -20.161573 0.334646, 65.46247 -24.242642 0.334646,
65.462469 -24.242644 0.334646, 65.451387 -24.26966 0.334646,
65.451385 -24.269663 0.334646, 65.440502 -24.296582 0.334646,
65.440502 -24.296585 0.334646, 65.429841 -24.323355 0.334646,
65.429839 -24.323357 0.334646, 65.419425 -24.349924 0.334646,
65.419424 -24.349927 0.334646, 65.409279 -24.376236 0.334646,
65.409278 -24.376239 0.334646, 65.399426 -24.402236 0.334646,
65.399424 -24.402239 0.334646, 65.389889 -24.427871 0.334646,
65.389888 -24.427874 0.334646, 65.380693 -24.453088 0.334646,
65.380692 -24.453091 0.334646, 65.37186 -24.477831 0.334646,
65.371859 -24.477834 0.334646, 65.363415 -24.502048 0.334646,
65.363414 -24.502052 0.334646, 65.355381 -24.525684 0.334646,
65.35538 -24.525688 0.334646, 65.347781 -24.548686 0.334646,
65.347779 -24.548691 0.334646, 65.340639 -24.571 0.334646,
65.340637 -24.571006 0.334646, 65.333978 -24.592572 0.334646,
65.333976 -24.592578 0.334646, 65.327822 -24.613349 0.334646,
65.32782 -24.613355 0.334646, 65.322195 -24.633276 0.334646,
65.322193 -24.633283 0.334646, 65.31712 -24.6523 0.334646,
65.31712 -24.652302 0.334646, 65.308174 -24.68635 0.334646,
65.308173 -24.686354 0.334646, 65.299827 -24.71913 0.334646,
65.299826 -24.719134 0.334646, 65.292072 -24.750627 0.334646,
65.292072 -24.750631 0.334646, 65.284904 -24.780829 0.334646,
65.284903 -24.780834 0.334646, 65.278316 -24.809727 0.334646,
65.278315 -24.809732 0.334646, 65.272301 -24.837308 0.334646,
65.2723 -24.837313 0.334646, 65.266853 -24.863562 0.334646,
65.266852 -24.863568 0.334646, 65.261965 -24.888478 0.334646,
65.261964 -24.888484 0.334646, 65.257631 -24.912044 0.334646,
65.25763 -24.912051 0.334646, 65.253845 -24.934251 0.334646,
65.253844 -24.934258 0.334646, 65.2506 -24.955085 0.334646,
65.250599 -24.955093 0.334646, 65.24789 -24.974538 0.334646,
65.247889 -24.974547 0.334646, 65.245708 -24.992597 0.334646,
65.245707 -24.992608 0.334646, 65.244047 -25.009252 0.334646,
65.244046 -25.009265 0.334646, 65.242902 -25.024493 0.334646,
65.242901 -25.024508 0.334646, 65.242267 -25.038309 0.334646,
65.242266 -25.038327 0.334646, 65.242133 -25.050689 0.334646,
65.242134 -25.050711 0.334646, 65.242498 -25.061624 0.334646,
65.242499 -25.061653 0.334646, 65.243352 -25.071104 0.334646,
65.243357 -25.071143 0.334646, 65.244693 -25.079122 0.334646,
65.244706 -25.079176 0.334646, 65.246519 -25.085672 0.334646,
65.246546 -25.085748 0.334646, 65.248829 -25.09075 0.334646,
65.248894 -25.090855 0.334646, 65.251641 -25.094351 0.334646,
65.251695 -25.094411 0.334646, 65.251776 -25.094473 0.334646,
65.25498 -25.096452 0.334646, 65.25509 -25.096504 0.334646,
65.25519 -25.096526 0.334646, 65.258845 -25.096978 0.334646,
65.258942 -25.096981 0.334646, 65.259043 -25.096965 0.334646,
65.263142 -25.095878 0.334646, 65.26327 -25.095825 0.334646,
65.267807 -25.093189 0.334646, 65.267882 -25.093137 0.334646,
65.27285 -25.088939 0.334646, 65.272894 -25.088897 0.334646,
65.278289 -25.083128 0.334646, 65.278317 -25.083095 0.334646,
65.284129 -25.075743 0.334646, 65.284148 -25.075717 0.334646,
65.290373 -25.066771 0.334646, 65.290386 -25.06675 0.334646,
65.297016 -25.056198 0.334646, 65.297026 -25.056182 0.334646,
65.304056 -25.044013 0.334646, 65.304063 -25.044 0.334646,
65.311486 -25.030204 0.334646, 65.311492 -25.030192 0.334646,
65.319301 -25.014757 0.334646, 65.319306 -25.014748 0.334646,
65.327494 -24.997663 0.334646, 65.327498 -24.997654 0.334646,
65.33606 -24.978909 0.334646, 65.336064 -24.978901 0.334646,
65.344993 -24.958484 0.334646, 65.344996 -24.958478 0.334646,
65.354285 -24.936377 0.334646, 65.354288 -24.936371 0.334646,
65.363931 -24.912576 0.334646, 65.363934 -24.912571 0.334646,
65.373925 -24.887071 0.334646, 65.373927 -24.887066 0.334646,
65.38426 -24.85985 0.334646, 65.384261 -24.859845 0.334646,
65.394929 -24.830901 0.334646, 65.39493 -24.830896 0.334646,
65.405926 -24.800214 0.334646, 65.405927 -24.800213 0.334646,
65.412443 -24.781864 0.334646, 65.419941 -24.762164 0.334646,
65.428348 -24.741243 0.334646, 65.437575 -24.719272 0.334646,
65.447537 -24.696411 0.334646, 65.458148 -24.672824 0.334646,
65.469325 -24.648665 0.334646, 65.469325 -24.648665 0.334646,
65.480978 -24.624109 0.334646, 65.493026 -24.599303 0.334646,
65.505384 -24.574414 0.334646, 65.517965 -24.549601 0.334646,
65.530685 -24.525026 0.334646, 65.543461 -24.500845 0.334646,
65.5562 -24.477232 0.334646, 65.556201 -24.477232 0.334646,
65.568828 -24.454331 0.334646, 65.568828 -24.454331 0.334646,
65.581248 -24.43232 0.334646, 65.593383 -24.411348 0.334646,
65.616574 -24.372662 0.334646, 65.616575 -24.372659 0.334646,
65.638656 -24.335351 0.334646, 65.638657 -24.335348 0.334646,
65.659638 -24.299388 0.334646, 65.65964 -24.299385 0.334646,
65.679533 -24.264742 0.334646, 65.679535 -24.264738 0.334646,
65.698352 -24.231383 0.334646, 65.698354 -24.231379 0.334646,
65.716105 -24.19928 0.334646, 65.716107 -24.199276 0.334646,
65.732805 -24.168405 0.334646, 65.732807 -24.1684 0.334646,
65.748461 -24.138725 0.334646, 65.748464 -24.13872 0.334646,
65.763087 -24.110212 0.334646, 65.76309 -24.110206 0.334646,
65.776693 -24.082835 0.334646, 65.776696 -24.082828 0.334646,
65.789291 -24.056563 0.334646, 65.789294 -24.056556 0.334646,
65.800891 -24.031367 0.334646, 65.800894 -24.031359 0.334646,
65.811505 -24.007216 0.334646, 65.811509 -24.007207 0.334646,
65.821144 -23.98408 0.334646, 65.821148 -23.98407 0.334646,
65.82982 -23.961928 0.334646, 65.829825 -23.961917 0.334646,
65.837544 -23.940731 0.334646, 65.837549 -23.940718 0.334646,
65.844328 -23.920458 0.334646, 65.844332 -23.920443 0.334646,
65.850181 -23.901078 0.334646, 65.850186 -23.901061 0.334646,
65.855117 -23.882561 0.334646, 65.855122 -23.882543 0.334646,
65.859145 -23.864878 0.334646, 65.85915 -23.864857 0.334646,
65.862278 -23.847996 0.334646, 65.862281 -23.847973 0.334646,
65.864525 -23.831887 0.334646, 65.864528 -23.831861 0.334646,
65.865899 -23.816519 0.334646, 65.8659 -23.816491 0.334646,
65.866409 -23.801863 0.334646, 65.866409 -23.801833 0.334646,
65.866068 -23.787889 0.334646, 65.866066 -23.787856 0.334646,
65.864885 -23.774565 0.334646, 65.86488 -23.77453 0.334646,
65.862872 -23.761864 0.334646, 65.862864 -23.761827 0.334646,
65.860039 -23.749754 0.334646, 65.860028 -23.749716 0.334646,
65.856398 -23.738206 0.334646, 65.856384 -23.738168 0.334646,
65.851959 -23.727192 0.334646, 65.851943 -23.727155 0.334646,
65.846736 -23.716681 0.334646, 65.846699 -23.716619 0.334646,
65.834149 -23.698269 0.334646, 65.834065 -23.698173 0.334646,
65.819322 -23.68509 0.334646, 65.8192 -23.685009 0.334646,
65.802872 -23.677217 0.334646, 65.802821 -23.677196 0.334646,
65.802722 -23.677171 0.334646, 65.785419 -23.674692 0.334646,
65.785364 -23.674687 0.334646, 65.785262 -23.674694 0.334646,
65.767592 -23.677552 0.334646, 65.767453 -23.677594 0.334646,
65.750027 -23.685813 0.334646, 65.749919 -23.685881 0.334646,
65.733344 -23.699482 0.334646, 65.733267 -23.699561 0.334646,
65.718153 -23.718569 0.334646, 65.718122 -23.718613 0.334646,
65.708966 -23.732968 0.334646, 65.708961 -23.732976 0.334646,
65.699462 -23.748474 0.334646, 65.699458 -23.748481 0.334646,
65.68964 -23.765068 0.334646, 65.689637 -23.765074 0.334646,
65.679523 -23.782696 0.334646, 65.67952 -23.782702 0.334646,
65.669134 -23.801306 0.334646, 65.669131 -23.80131 0.334646,
65.658497 -23.820842 0.334646, 65.658494 -23.820846 0.334646,
65.647635 -23.841251 0.334646, 65.647633 -23.841256 0.334646,
65.636572 -23.86248 0.334646, 65.63657 -23.862484 0.334646,
65.625331 -23.884475 0.334646, 65.625329 -23.884478 0.334646,
65.613935 -23.907181 0.334646, 65.613934 -23.907185 0.334646,
65.602409 -23.930546 0.334646, 65.602408 -23.930548 0.334646,
65.590776 -23.954514 0.334646, 65.590775 -23.954517 0.334646,
65.579059 -23.979033 0.334646, 65.579058 -23.979035 0.334646,
65.567282 -24.004048 0.334646, 65.567281 -24.004051 0.334646,
65.555469 -24.029506 0.334646, 65.555468 -24.029509 0.334646,
65.543642 -24.055353 0.334646, 65.543641 -24.055355 0.334646,
65.531826 -24.081534 0.334646, 65.531825 -24.081537 0.334646,
65.520044 -24.107997 0.334646, 65.520043 -24.107999 0.334646,
65.50832 -24.134687 0.334646, 65.508319 -24.134689 0.334646,
65.496677 -24.16155 0.334646, 65.496676 -24.161553 0.334646,
65.485139 -24.188533 0.334646, 65.485137 -24.188535 0.334646,
65.473728 -24.215581 0.334646, 65.473727 -24.215584 0.334646,
65.734083 -18.75716 0.334646, 65.733701 -18.770777 0.334646,
65.733701 -18.770786 0.334646, 65.73354 -18.785218 0.334646,
65.73354 -18.785224 0.334646, 65.73354 -18.80064 0.334646,
65.73354 -18.800643 0.334646, 65.733643 -18.817215 0.334646,
65.733643 -18.817216 0.334646, 65.733789 -18.835112 0.334646,
65.733921 -18.854503 0.334646, 65.733978 -18.875561 0.334646,
65.733978 -18.87557 0.334646, 65.734672 -18.910735 0.334646,
65.734672 -18.910746 0.334646, 65.736028 -18.945004 0.334646,
65.736028 -18.945015 0.334646, 65.738001 -18.97816 0.334646,
65.738002 -18.97817 0.334646, 65.740547 -19.009999 0.334646,
65.740548 -19.010011 0.334646, 65.743622 -19.040317 0.334646,
65.743624 -19.040328 0.334646, 65.747183 -19.068908 0.334646,
65.747185 -19.068921 0.334646, 65.751185 -19.095569 0.334646,
65.751187 -19.095583 0.334646, 65.755585 -19.120094 0.334646,
65.755588 -19.120111 0.334646, 65.760338 -19.142281 0.334646,
65.760343 -19.142302 0.334646, 65.765402 -19.161926 0.334646,
65.765409 -19.161952 0.334646, 65.770733 -19.178825 0.334646,
65.770746 -19.178861 0.334646, 65.776291 -19.192778 0.334646,
65.776315 -19.19283 0.334646, 65.782036 -19.203586 0.334646,
65.782087 -19.203665 0.334646, 65.787942 -19.211055 0.334646,
65.787988 -19.211107 0.334646, 65.788069 -19.21117 0.334646,
65.794011 -19.214991 0.334646, 65.79409 -19.215032 0.334646,
65.794187 -19.215063 0.334646, 65.794289 -19.215073 0.334646,
65.800277 -19.215119 0.334646, 65.800378 -19.21511 0.334646,
65.800476 -19.215081 0.334646, 65.800567 -19.215033 0.334646,
65.806555 -19.211099 0.334646, 65.806656 -19.211012 0.334646,
65.806717 -19.21093 0.334646, 65.810985 -19.203763 0.334646,
65.811024 -19.203682 0.334646, 65.816173 -19.190208 0.334646,
65.816185 -19.190174 0.334646, 65.821983 -19.171188 0.334646,
65.821989 -19.171168 0.334646, 65.828206 -19.147463 0.334646,
65.828209 -19.147448 0.334646, 65.834611 -19.119817 0.334646,
65.834613 -19.119804 0.334646, 65.840969 -19.089041 0.334646,
65.840971 -19.089029 0.334646, 65.847048 -19.055926 0.334646,
65.84705 -19.055915 0.334646, 65.852616 -19.021272 0.334646,
65.856047 -19.001259 0.334646, 65.86001 -18.980665 0.334646,
65.864506 -18.95948 0.334646, 65.869526 -18.937739 0.334646,
65.875067 -18.915462 0.334646, 65.881125 -18.892664 0.334646,
65.881125 -18.892664 0.334646, 65.887689 -18.869391 0.334646,
65.894761 -18.84564 0.334646, 65.902334 -18.821436 0.334646,
65.910398 -18.79682 0.334646, 65.918956 -18.771789 0.334646,
65.927994 -18.746389 0.334646, 65.937515 -18.720623 0.334646,
65.947511 -18.694515 0.334646, 65.957972 -18.668104 0.334646,
65.968901 -18.641394 0.334646, 65.980291 -18.614407 0.334646,
65.980292 -18.614406 0.334646, 65.992576 -18.585008 0.334646,
65.992578 -18.585003 0.334646, 66.004475 -18.555694 0.334646,
66.004477 -18.555689 0.334646, 66.015974 -18.526515 0.334646,
66.015976 -18.526511 0.334646, 66.027062 -18.49752 0.334646,
66.027064 -18.497515 0.334646, 66.037726 -18.468753 0.334646,
66.037728 -18.468748 0.334646, 66.047954 -18.440262 0.334646,
66.047956 -18.440257 0.334646, 66.057735 -18.412093 0.334646,
66.057737 -18.412088 0.334646, 66.067056 -18.384294 0.334646,
66.067058 -18.384288 0.334646, 66.075906 -18.35691 0.334646,
66.075907 -18.356904 0.334646, 66.084272 -18.329989 0.334646,
66.084274 -18.329983 0.334646, 66.092142 -18.303577 0.334646,
66.092144 -18.30357 0.334646, 66.099504 -18.27772 0.334646,
66.099506 -18.277714 0.334646, 66.106347 -18.252467 0.334646,
66.106349 -18.25246 0.334646, 66.112659 -18.227862 0.334646,
66.11266 -18.227854 0.334646, 66.118426 -18.203952 0.334646,
66.118428 -18.203944 0.334646, 66.123637 -18.180785 0.334646,
66.123639 -18.180777 0.334646, 66.12828 -18.158408 0.334646,
66.128282 -18.158398 0.334646, 66.132344 -18.136865 0.334646,
66.132346 -18.136855 0.334646, 66.135816 -18.116205 0.334646,
66.135818 -18.116193 0.334646, 66.138684 -18.096473 0.334646,
66.138686 -18.09646 0.334646, 66.140936 -18.077716 0.334646,
66.140937 -18.077702 0.334646, 66.142559 -18.059981 0.334646,
66.142561 -18.059964 0.334646, 66.143543 -18.043312 0.334646,
66.143543 -18.043293 0.334646, 66.143874 -18.027758 0.334646,
66.143873 -18.027721 0.334646, 66.142511 -18.000212 0.334646,
66.142506 -18.000159 0.334646, 66.138651 -17.974744 0.334646,
66.138641 -17.974692 0.334646, 66.132716 -17.951809 0.334646,
66.132699 -17.951755 0.334646, 66.125128 -17.931841 0.334646,
66.125101 -17.931781 0.334646, 66.116308 -17.915272 0.334646,
66.116263 -17.915202 0.334646, 66.106672 -17.902537 0.334646,
66.106592 -17.902453 0.334646, 66.096624 -17.894066 0.334646,
66.096561 -17.894021 0.334646, 66.09647 -17.893976 0.334646,
66.08655 -17.890306 0.334646, 66.086492 -17.890289 0.334646,
66.086391 -17.890274 0.334646, 66.086289 -17.89028 0.334646,
66.076841 -17.891763 0.334646, 66.076769 -17.89178 0.334646,
66.076675 -17.89182 0.334646, 66.07659 -17.891877 0.334646,
66.068037 -17.898951 0.334646, 66.067971 -17.899016 0.334646,
66.067913 -17.8991 0.334646, 66.06068 -17.912201 0.334646,
66.060634 -17.912312 0.334646, 66.055143 -17.931877 0.334646,
66.055134 -17.931911 0.334646, 66.051315 -17.950267 0.334646,
66.051312 -17.950281 0.334646, 66.047222 -17.972947 0.334646,
66.04722 -17.972954 0.334646, 66.043041 -17.998015 0.334646,
66.04304 -17.998018 0.334646, 66.03895 -18.023559 0.334646,
66.03895 -18.023559 0.334646, 66.035132 -18.047647 0.334646,
66.031751 -18.061355 0.334646, 66.026514 -18.078338 0.334646,
66.019605 -18.098124 0.334646, 66.0112 -18.120267 0.334646,
66.001476 -18.144309 0.334646, 65.990626 -18.16977 0.334646,
65.978817 -18.196218 0.334646, 65.966233 -18.223189 0.334646,
65.953048 -18.250235 0.334646, 65.939453 -18.276882 0.334646,
65.917719 -18.318763 0.334646, 65.897563 -18.357543 0.334646,
65.878925 -18.393392 0.334646, 65.861746 -18.426479 0.334646,
65.861746 -18.42648 0.334646, 65.845967 -18.456975 0.334646,
65.845966 -18.456976 0.334646, 65.831528 -18.485051 0.334646,
65.831528 -18.485053 0.334646, 65.818372 -18.510877 0.334646,
65.818371 -18.51088 0.334646, 65.806439 -18.534624 0.334646,
65.806437 -18.534628 0.334646, 65.795669 -18.556461 0.334646,
65.795667 -18.556466 0.334646, 65.786004 -18.576561 0.334646,
65.786001 -18.576567 0.334646, 65.777385 -18.595091 0.334646,
65.777381 -18.595099 0.334646, 65.769752 -18.612225 0.334646,
65.769748 -18.612235 0.334646, 65.763048 -18.628131 0.334646,
65.763043 -18.628143 0.334646, 65.757212 -18.642981 0.334646,
65.757206 -18.642996 0.334646, 65.752185 -18.656946 0.334646,
65.75218 -18.656962 0.334646, 65.74791 -18.670194 0.334646,
65.747905 -18.670212 0.334646, 65.744328 -18.682896 0.334646,
65.744322 -18.682917 0.334646, 65.741378 -18.695223 0.334646,
65.741374 -18.695244 0.334646, 65.739005 -18.707344 0.334646,
65.739001 -18.707365 0.334646, 65.737147 -18.719427 0.334646,
65.737145 -18.719447 0.334646, 65.735747 -18.731643 0.334646,
65.735745 -18.731661 0.334646, 65.734746 -18.74416 0.334646,
65.734745 -18.744175 0.334646, 65.734083 -18.757148 0.334646,
63.235537 -16.201312 0.334646, 63.235011 -16.232262 0.334646,
63.235011 -16.232269 0.334646, 63.234897 -16.264517 0.334646,
63.234897 -16.264524 0.334646, 63.235193 -16.298091 0.334646,
63.235193 -16.298097 0.334646, 63.235893 -16.333002 0.334646,
63.235894 -16.333007 0.334646, 63.236998 -16.36927 0.334646,
63.236998 -16.369275 0.334646, 63.238502 -16.406914 0.334646,
63.238502 -16.406918 0.334646, 63.240403 -16.445953 0.334646,
63.240403 -16.445957 0.334646, 63.242698 -16.486407 0.334646,
63.242698 -16.486411 0.334646, 63.245384 -16.528296 0.334646,
63.245384 -16.5283 0.334646, 63.248458 -16.571637 0.334646,
63.249327 -16.584272 0.334646, 63.250221 -16.597936 0.334646,
63.25114 -16.612598 0.334646, 63.251139 -16.612598 0.334646,
63.25208 -16.628226 0.334646, 63.253043 -16.644792 0.334646,
63.254024 -16.662265 0.334646, 63.255024 -16.680613 0.334646,
63.256041 -16.699807 0.334646, 63.257074 -16.719817 0.334646,
63.25812 -16.740612 0.334646, 63.259179 -16.762161 0.334646,
63.260249 -16.784435 0.334646, 63.260248 -16.784435 0.334646,
63.261328 -16.807403 0.334646, 63.262415 -16.831034 0.334646,
63.26351 -16.855298 0.334646, 63.264609 -16.880166 0.334646,
63.265713 -16.905606 0.334646, 63.266819 -16.931587 0.334646,
63.267926 -16.958081 0.334646, 63.269032 -16.985055 0.334646,
63.270137 -17.012481 0.334646, 63.271238 -17.040327 0.334646,
63.272334 -17.068563 0.334646, 63.273424 -17.09716 0.334646,
63.274507 -17.126086 0.334646, 63.27558 -17.15531 0.334646,
63.276643 -17.184804 0.334646, 63.277693 -17.214535 0.334646,
63.27873 -17.244476 0.334646, 63.279753 -17.274593 0.334646,
63.280759 -17.304858 0.334646, 63.281747 -17.335239 0.334646,
63.282716 -17.365707 0.334646, 63.283664 -17.396231 0.334646,
63.28459 -17.426781 0.334646, 63.285493 -17.457327 0.334646,
63.28637 -17.487837 0.334646, 63.287221 -17.518282 0.334646,
63.287221 -17.518282 0.334646, 63.288044 -17.548631 0.334646,
63.288838 -17.578854 0.334646, 63.289601 -17.608921 0.334646,
63.290332 -17.638802 0.334646, 63.291642 -17.692112 0.334646,
63.29292 -17.743044 0.334646, 63.29292 -17.743044 0.334646,
63.294171 -17.791666 0.334646, 63.295397 -17.838047 0.334646,
63.295397 -17.838047 0.334646, 63.296605 -17.882256 0.334646,
63.296605 -17.882256 0.334646, 63.297797 -17.924361 0.334646,
63.297797 -17.924361 0.334646, 63.298979 -17.964431 0.334646,
63.298979 -17.964432 0.334646, 63.300155 -18.002536 0.334646,
63.300155 -18.002537 0.334646, 63.301328 -18.038744 0.334646,
63.301328 -18.038744 0.334646, 63.302504 -18.073123 0.334646,
63.302504 -18.073124 0.334646, 63.303687 -18.105743 0.334646,
63.303687 -18.105744 0.334646, 63.304881 -18.136671 0.334646,
63.304881 -18.136673 0.334646, 63.30609 -18.165978 0.334646,
63.30609 -18.16598 0.334646, 63.307319 -18.193732 0.334646,
63.307319 -18.193734 0.334646, 63.308572 -18.220001 0.334646,
63.308572 -18.220003 0.334646, 63.309854 -18.244855 0.334646,
63.309854 -18.244857 0.334646, 63.311169 -18.268362 0.334646,
63.311169 -18.268365 0.334646, 63.31252 -18.290591 0.334646,
63.31252 -18.290594 0.334646, 63.313913 -18.311611 0.334646,
63.313913 -18.311614 0.334646, 63.315352 -18.331491 0.334646,
63.315353 -18.331494 0.334646, 63.316842 -18.350298 0.334646,
63.316842 -18.350302 0.334646, 63.318385 -18.368103 0.334646,
63.318386 -18.368107 0.334646, 63.319988 -18.384974 0.334646,
63.319989 -18.384979 0.334646, 63.321654 -18.40098 0.334646,
63.321655 -18.400985 0.334646, 63.323388 -18.416189 0.334646,
63.323388 -18.416195 0.334646, 63.325193 -18.430671 0.334646,
63.325194 -18.430676 0.334646, 63.327075 -18.444493 0.334646,
63.327076 -18.4445 0.334646, 63.329037 -18.457726 0.334646,
63.329038 -18.457732 0.334646, 63.331085 -18.470437 0.334646,
63.331086 -18.470444 0.334646, 63.333222 -18.482695 0.334646,
63.333223 -18.482702 0.334646, 63.335452 -18.49457 0.334646,
63.335453 -18.494576 0.334646, 63.33778 -18.506128 0.334646,
63.337782 -18.506135 0.334646, 63.340211 -18.517441 0.334646,
63.340212 -18.517447 0.334646, 63.342748 -18.528574 0.334646,
63.34275 -18.52858 0.334646, 63.345397 -18.539599 0.334646,
63.345398 -18.539604 0.334646, 63.34816 -18.550582 0.334646,
63.348161 -18.550588 0.334646, 63.353889 -18.572315 0.334646,
63.353889 -18.572316 0.334646, 63.359171 -18.592265 0.334646,
63.359172 -18.592267 0.334646, 63.364124 -18.610676 0.334646,
63.364125 -18.610679 0.334646, 63.368863 -18.627787 0.334646,
63.368865 -18.627793 0.334646, 63.373506 -18.643836 0.334646,
63.373508 -18.643843 0.334646, 63.378167 -18.659061 0.334646,
63.37817 -18.659071 0.334646, 63.382964 -18.673702 0.334646,
63.382968 -18.673713 0.334646, 63.388012 -18.687994 0.334646,
63.388017 -18.688006 0.334646, 63.393428 -18.702176 0.334646,
63.393433 -18.702188 0.334646, 63.399326 -18.716484 0.334646,
63.399331 -18.716497 0.334646, 63.405824 -18.731158 0.334646,
63.40583 -18.731169 0.334646, 63.413038 -18.746433 0.334646,
63.413043 -18.746443 0.334646, 63.421082 -18.762548 0.334646,
63.421087 -18.762556 0.334646, 63.430073 -18.77974 0.334646,
63.430076 -18.779747 0.334646, 63.440126 -18.798248 0.334646,
63.44013 -18.798254 0.334646, 63.451359 -18.81831 0.334646,
63.451361 -18.818315 0.334646, 63.463886 -18.840164 0.334646,
63.463888 -18.840167 0.334646, 63.477824 -18.864048 0.334646,
63.477826 -18.86405 0.334646, 63.49329 -18.8902 0.334646,
63.493291 -18.890202 0.334646, 63.5104 -18.91886 0.334646,
63.5104 -18.918861 0.334646, 63.529269 -18.950264 0.334646,
63.529269 -18.950265 0.334646, 63.550013 -18.984652 0.334646,
63.550013 -18.984652 0.334646, 63.57275 -19.02226 0.334646,
63.597594 -19.063329 0.334646, 63.759088 -19.330506 0.334646,
63.769082 -19.571727 0.334646, 63.769082 -19.57173 0.334646,
63.77118 -19.61593 0.334646, 63.771181 -19.615933 0.334646,
63.773259 -19.654871 0.334646, 63.77326 -19.654876 0.334646,
63.775424 -19.689089 0.334646, 63.775425 -19.689097 0.334646,
63.77778 -19.71912 0.334646, 63.777781 -19.719132 0.334646,
63.780432 -19.745502 0.334646, 63.780433 -19.745518 0.334646,
63.783485 -19.768771 0.334646, 63.783488 -19.768791 0.334646,
63.787045 -19.789463 0.334646, 63.78705 -19.789488 0.334646,
63.791218 -19.808114 0.334646, 63.791225 -19.808143 0.334646,
63.796109 -19.825259 0.334646, 63.796119 -19.82529 0.334646,
63.801822 -19.841432 0.334646, 63.801833 -19.841461 0.334646,
63.808463 -19.857166 0.334646, 63.808474 -19.85719 0.334646,
63.816134 -19.872993 0.334646, 63.816144 -19.873011 0.334646,
63.82494 -19.889448 0.334646, 63.824947 -19.88946 0.334646,
63.834983 -19.907067 0.334646, 63.834985 -19.907071 0.334646,
63.851587 -19.935617 0.334646, 63.86415 -19.959328 0.334646,
63.872967 -19.979568 0.334646, 63.878322 -19.997685 0.334646,
63.88051 -20.015041 0.334646, 63.879814 -20.033012 0.334646,
63.876509 -20.052966 0.334646, 63.870869 -20.076263 0.334646,
63.865333 -20.0979 0.334646, 63.865327 -20.097928 0.334646,
63.860663 -20.121491 0.334646, 63.860659 -20.121515 0.334646,
63.856852 -20.146687 0.334646, 63.85685 -20.146707 0.334646,
63.853886 -20.173169 0.334646, 63.853885 -20.173187 0.334646,
63.85175 -20.20062 0.334646, 63.851749 -20.200636 0.334646,
63.85043 -20.228721 0.334646, 63.850429 -20.228736 0.334646,
63.849909 -20.257155 0.334646, 63.849909 -20.257169 0.334646,
63.850176 -20.285603 0.334646, 63.850176 -20.285618 0.334646,
63.851213 -20.313748 0.334646, 63.851214 -20.313762 0.334646,
63.853009 -20.341269 0.334646, 63.85301 -20.341285 0.334646,
63.855548 -20.367851 0.334646, 63.85555 -20.367868 0.334646,
63.858816 -20.393173 0.334646, 63.858819 -20.393193 0.334646,
63.862799 -20.416919 0.334646, 63.862803 -20.416942 0.334646,
63.867483 -20.438771 0.334646, 63.86749 -20.438799 0.334646,
63.872856 -20.458411 0.334646, 63.872867 -20.458448 0.334646,
63.878903 -20.475525 0.334646, 63.878907 -20.475535 0.334646,
63.886651 -20.496076 0.334646, 63.893727 -20.51886 0.334646,
63.899811 -20.542535 0.334646, 63.904568 -20.56572 0.334646,
63.907663 -20.587011 0.334646, 63.90877 -20.60507 0.334646,
63.90877 -20.605073 0.334646, 63.90963 -20.617959 0.334646,
63.909635 -20.618 0.334646, 63.912105 -20.634992 0.334646,
63.912109 -20.635015 0.334646, 63.916024 -20.655491 0.334646,
63.916027 -20.655507 0.334646, 63.921224 -20.678843 0.334646,
63.921226 -20.678854 0.334646, 63.927539 -20.704428 0.334646,
63.927541 -20.704437 0.334646, 63.934806 -20.731624 0.334646,
63.934808 -20.731632 0.334646, 63.942859 -20.759809 0.334646,
63.942861 -20.759817 0.334646, 63.951535 -20.788361 0.334646,
63.951538 -20.788369 0.334646, 63.960669 -20.816654 0.334646,
63.971241 -20.850053 0.334646, 63.980317 -20.881154 0.334646,
63.98788 -20.91002 0.334646, 63.993905 -20.936686 0.334646,
63.99839 -20.96128 0.334646, 64.00131 -20.983817 0.334646,
64.002652 -21.004379 0.334646, 64.002403 -21.023036 0.334646,
64.000546 -21.039853 0.334646, 63.998818 -21.048534 0.334646,
63.995895 -21.060292 0.334646, 63.991847 -21.074917 0.334646,
63.986741 -21.092217 0.334646, 63.980656 -21.11196 0.334646,
63.973655 -21.133961 0.334646, 63.965811 -21.158007 0.334646,
63.957195 -21.183895 0.334646, 63.947877 -21.21142 0.334646,
63.937928 -21.240379 0.334646, 63.927417 -21.270565 0.334646,
63.927417 -21.270565 0.334646, 63.916414 -21.301778 0.334646,
63.916415 -21.301778 0.334646, 63.904993 -21.333807 0.334646,
63.904993 -21.333807 0.334646, 63.89322 -21.366454 0.334646,
63.881168 -21.399509 0.334646, 63.868906 -21.432774 0.334646,
63.850394 -21.482806 0.334646, 63.850393 -21.482808 0.334646,
63.833588 -21.528746 0.334646, 63.833587 -21.528749 0.334646,
63.818458 -21.570787 0.334646, 63.818457 -21.570791 0.334646,
63.804976 -21.609124 0.334646, 63.804974 -21.609129 0.334646,
63.793111 -21.64395 0.334646, 63.793108 -21.643957 0.334646,
63.782832 -21.67546 0.334646, 63.78283 -21.675469 0.334646,
63.774112 -21.703848 0.334646, 63.774109 -21.703859 0.334646,
63.76692 -21.729308 0.334646, 63.766917 -21.729323 0.334646,
63.761227 -21.752035 0.334646, 63.761222 -21.752055 0.334646,
63.757002 -21.772224 0.334646, 63.756998 -21.772251 0.334646,
63.754217 -21.790071 0.334646, 63.754213 -21.790106 0.334646,
63.752843 -21.805772 0.334646, 63.752841 -21.805818 0.334646,
63.752852 -21.819522 0.334646, 63.752855 -21.819581 0.334646,
63.754217 -21.831517 0.334646, 63.75423 -21.831589 0.334646,
63.756912 -21.841952 0.334646, 63.75694 -21.842032 0.334646,
63.760915 -21.851016 0.334646, 63.760959 -21.851096 0.334646,
63.766196 -21.858893 0.334646, 63.76625 -21.858961 0.334646,
63.772719 -21.865767 0.334646, 63.772776 -21.865818 0.334646,
63.780448 -21.871825 0.334646, 63.780497 -21.871859 0.334646,
63.789342 -21.877262 0.334646, 63.789381 -21.877283 0.334646,
63.79937 -21.882275 0.334646, 63.799376 -21.882278 0.334646,
63.818187 -21.891388 0.334646, 63.832031 -21.900551 0.334646,
63.840904 -21.910432 0.334646, 63.844845 -21.921719 0.334646,
63.843859 -21.935196 0.334646, 63.837854 -21.951608 0.334646,
63.826765 -21.971622 0.334646, 63.810552 -21.995909 0.334646,
63.789182 -22.025148 0.334646, 63.78918 -22.025151 0.334646,
63.768919 -22.053329 0.334646, 63.768905 -22.053348 0.334646,
63.753242 -22.077389 0.334646, 63.753219 -22.077428 0.334646,
63.742021 -22.098365 0.334646, 63.741991 -22.098433 0.334646,
63.735128 -22.1173 0.334646, 63.735102 -22.117401 0.334646,
63.73244 -22.135231 0.334646, 63.732436 -22.135348 0.334646,
63.733844 -22.153174 0.334646, 63.733862 -22.153275 0.334646,
63.739208 -22.172129 0.334646, 63.739232 -22.172195 0.334646,
63.748383 -22.193111 0.334646, 63.748401 -22.193148 0.334646,
63.761226 -22.217159 0.334646, 63.761233 -22.217172 0.334646,
63.77286 -22.237524 0.334646, 63.780141 -22.253804 0.334646,
63.782689 -22.26809 0.334646, 63.780133 -22.282548 0.334646,
63.772017 -22.299341 0.334646, 63.75788 -22.32056 0.334646,
63.737313 -22.348265 0.334646, 63.729556 -22.357852 0.334646,
63.720236 -22.36868 0.334646, 63.709463 -22.380641 0.334646,
63.697313 -22.393669 0.334646, 63.697313 -22.393668 0.334646,
63.683855 -22.407698 0.334646, 63.669178 -22.422651 0.334646,
63.653361 -22.438452 0.334646, 63.636487 -22.455028 0.334646,
63.618634 -22.472306 0.334646, 63.599883 -22.490213 0.334646,
63.58032 -22.508671 0.334646, 63.560019 -22.527613 0.334646,
63.539067 -22.546958 0.334646, 63.517539 -22.566638 0.334646,
63.495516 -22.58658 0.334646, 63.473085 -22.606704 0.334646,
63.45032 -22.626943 0.334646, 63.427305 -22.64722 0.334646,
63.40412 -22.667463 0.334646, 63.380845 -22.687598 0.334646,
63.357563 -22.707551 0.334646, 63.334352 -22.727249 0.334646,
63.311294 -22.746618 0.334646, 63.288468 -22.765586 0.334646,
63.288468 -22.765587 0.334646, 63.265961 -22.784075 0.334646,
63.243846 -22.802015 0.334646, 63.222206 -22.819335 0.334646,
63.201127 -22.835953 0.334646, 63.18068 -22.851806 0.334646,
63.160959 -22.866808 0.334646, 63.148095 -22.876372 0.334646,
63.133552 -22.886747 0.334646, 63.11743 -22.89788 0.334646,
63.099881 -22.909676 0.334646, 63.081017 -22.922076 0.334646,
63.060978 -22.934994 0.334646, 63.039894 -22.948357 0.334646,
63.017887 -22.962092 0.334646, 62.99509 -22.976122 0.334646,
62.971629 -22.990375 0.334646, 62.947641 -23.00477 0.334646,
62.923245 -23.019238 0.334646, 62.898581 -23.033697 0.334646,
62.873769 -23.048078 0.334646, 62.84894 -23.062304 0.334646,
62.824229 -23.076297 0.334646, 62.799757 -23.089986 0.334646,
62.775661 -23.103292 0.334646, 62.752062 -23.116144 0.334646,
62.752062 -23.116144 0.334646, 62.71628 -23.135378 0.334646,
62.716278 -23.135379 0.334646, 62.681743 -23.154119 0.334646,
62.681741 -23.15412 0.334646, 62.648426 -23.172388 0.334646,
62.648424 -23.172389 0.334646, 62.616299 -23.190205 0.334646,
62.616296 -23.190206 0.334646, 62.585331 -23.207594 0.334646,
62.585328 -23.207596 0.334646, 62.555492 -23.224577 0.334646,
62.555489 -23.224579 0.334646, 62.526751 -23.241176 0.334646,
62.526748 -23.241178 0.334646, 62.49908 -23.257415 0.334646,
62.499076 -23.257417 0.334646, 62.472447 -23.273314 0.334646,
62.472443 -23.273316 0.334646, 62.446822 -23.288896 0.334646,
62.446819 -23.288898 0.334646, 62.422176 -23.304184 0.334646,
62.422172 -23.304186 0.334646, 62.398478 -23.3192 0.334646,
62.398473 -23.319203 0.334646, 62.375697 -23.333967 0.334646,
62.375692 -23.33397 0.334646, 62.353804 -23.348506 0.334646,
62.353799 -23.348509 0.334646, 62.332769 -23.36284 0.334646,
62.332764 -23.362843 0.334646, 62.312561 -23.376991 0.334646,
62.312556 -23.376996 0.334646, 62.293151 -23.390983 0.334646,
62.293145 -23.390987 0.334646, 62.274507 -23.404837 0.334646,
62.274501 -23.404841 0.334646, 62.256601 -23.418574 0.334646,
62.256594 -23.41858 0.334646, 62.239401 -23.43222 0.334646,
62.239394 -23.432225 0.334646, 62.222878 -23.445794 0.334646,
62.22287 -23.4458 0.334646, 62.207001 -23.459319 0.334646,
62.206994 -23.459326 0.334646, 62.191741 -23.472819 0.334646,
62.191733 -23.472825 0.334646, 62.177067 -23.486314 0.334646,
62.177059 -23.486321 0.334646, 62.162949 -23.499828 0.334646,
62.162941 -23.499836 0.334646, 62.149357 -23.513383 0.334646,
62.149349 -23.513391 0.334646, 62.136261 -23.527001 0.334646,
62.136254 -23.527009 0.334646, 62.123631 -23.540705 0.334646,
62.123624 -23.540713 0.334646, 62.111437 -23.554516 0.334646,
62.11143 -23.554524 0.334646, 62.099648 -23.568457 0.334646,
62.099641 -23.568465 0.334646, 62.088235 -23.58255 0.334646,
62.088228 -23.582559 0.334646, 62.077167 -23.596818 0.334646,
62.077161 -23.596826 0.334646, 62.066415 -23.611282 0.334646,
62.066409 -23.611291 0.334646, 62.055948 -23.625965 0.334646,
62.055942 -23.625974 0.334646, 62.045735 -23.64089 0.334646,
62.045725 -23.640906 0.334646, 62.029991 -23.66577 0.334646,
62.029975 -23.665797 0.334646, 62.01732 -23.68869 0.334646,
62.017304 -23.688722 0.334646, 62.007591 -23.709562 0.334646,
62.007575 -23.709602 0.334646, 62.000669 -23.728307 0.334646,
62.000654 -23.728358 0.334646, 61.996419 -23.744846 0.334646,
61.996406 -23.744913 0.334646, 61.994706 -23.759102 0.334646,
61.994704 -23.759194 0.334646, 61.995402 -23.771002 0.334646,
61.995426 -23.771128 0.334646, 61.998388 -23.780472 0.334646,
61.998415 -23.780539 0.334646, 61.998467 -23.780626 0.334646,
62.003556 -23.787424 0.334646, 62.003626 -23.787501 0.334646,
62.003708 -23.787561 0.334646, 62.010787 -23.791731 0.334646,
62.010869 -23.79177 0.334646, 62.010968 -23.791796 0.334646,
62.019902 -23.793257 0.334646, 62.02005 -23.793259 0.334646,
62.030702 -23.791928 0.334646, 62.030807 -23.791903 0.334646,
62.043041 -23.787698 0.334646, 62.043114 -23.787667 0.334646,
62.056795 -23.780504 0.334646, 62.056846 -23.780474 0.334646,
62.071838 -23.770274 0.334646, 62.071876 -23.770245 0.334646,
62.088042 -23.756924 0.334646, 62.088071 -23.756898 0.334646,
62.105276 -23.740375 0.334646, 62.105299 -23.740351 0.334646,
62.123406 -23.720543 0.334646, 62.123426 -23.72052 0.334646,
62.142298 -23.697346 0.334646, 62.142302 -23.697342 0.334646,
62.152419 -23.684629 0.334646, 62.163089 -23.671807 0.334646,
62.174309 -23.658888 0.334646, 62.186085 -23.645863 0.334646,
62.198441 -23.632712 0.334646, 62.211383 -23.619429 0.334646,
62.2249 -23.606026 0.334646, 62.2249 -23.606027 0.334646,
62.23902 -23.59248 0.334646, 62.253752 -23.578783 0.334646,
62.269084 -23.564945 0.334646, 62.285043 -23.550945 0.334646,
62.301632 -23.536781 0.334646, 62.318858 -23.522447 0.334646,
62.33673 -23.507937 0.334646, 62.35526 -23.49324 0.334646,
62.374443 -23.478361 0.334646, 62.394306 -23.463279 0.334646,
62.414838 -23.448001 0.334646, 62.436065 -23.432509 0.334646,
62.45798 -23.416808 0.334646, 62.4806 -23.400882 0.334646,
62.503935 -23.384727 0.334646, 62.527983 -23.368342 0.334646,
62.552765 -23.351712 0.334646, 62.578278 -23.334839 0.334646,
62.604539 -23.317709 0.334646, 62.631546 -23.300323 0.334646,
62.631547 -23.300324 0.334646, 62.65932 -23.282669 0.334646,
62.65932 -23.282668 0.334646, 62.687857 -23.264743 0.334646,
62.717176 -23.246537 0.334646, 62.747274 -23.228047 0.334646,
62.778168 -23.209265 0.334646, 62.809863 -23.190184 0.334646,
62.84237 -23.170798 0.334646, 62.84237 -23.170798 0.334646,
62.87847 -23.149221 0.334646, 62.878471 -23.14922 0.334646,
62.913945 -23.127899 0.334646, 62.913946 -23.127898 0.334646,
62.948796 -23.106829 0.334646, 62.948797 -23.106828 0.334646,
62.983028 -23.086009 0.334646, 62.983029 -23.086008 0.334646,
63.016643 -23.065437 0.334646, 63.016644 -23.065436 0.334646,
63.049643 -23.04511 0.334646, 63.049644 -23.045109 0.334646,
63.082032 -23.025025 0.334646, 63.082033 -23.025024 0.334646,
63.113813 -23.005181 0.334646, 63.113814 -23.00518 0.334646,
63.144989 -22.985573 0.334646, 63.144991 -22.985572 0.334646,
63.175563 -22.9662 0.334646, 63.175565 -22.966199 0.334646,
63.205539 -22.947059 0.334646, 63.205541 -22.947058 0.334646,
63.234919 -22.928148 0.334646, 63.23492 -22.928148 0.334646,
63.263705 -22.909465 0.334646, 63.263707 -22.909463 0.334646,
63.291902 -22.891005 0.334646, 63.291904 -22.891004 0.334646,
63.319512 -22.872767 0.334646, 63.319514 -22.872766 0.334646,
63.346538 -22.854749 0.334646, 63.34654 -22.854748 0.334646,
63.372984 -22.836948 0.334646, 63.372986 -22.836946 0.334646,
63.398852 -22.81936 0.334646, 63.398854 -22.819359 0.334646,
63.424145 -22.801984 0.334646, 63.424148 -22.801983 0.334646,
63.448867 -22.784818 0.334646, 63.448869 -22.784817 0.334646,
63.47302 -22.767858 0.334646, 63.473022 -22.767856 0.334646,
63.496608 -22.751102 0.334646, 63.49661 -22.7511 0.334646,
63.519633 -22.734547 0.334646, 63.519636 -22.734545 0.334646,
63.542099 -22.718191 0.334646, 63.542102 -22.718189 0.334646,
63.564009 -22.702031 0.334646, 63.564011 -22.702029 0.334646,
63.585365 -22.686065 0.334646, 63.585367 -22.686063 0.334646,
63.60617 -22.67029 0.334646, 63.606174 -22.670288 0.334646,
63.626429 -22.654704 0.334646, 63.626432 -22.654701 0.334646,
63.646143 -22.639303 0.334646, 63.646146 -22.6393 0.334646,
63.665316 -22.624086 0.334646, 63.66532 -22.624083 0.334646,
63.683951 -22.60905 0.334646, 63.683954 -22.609047 0.334646,
63.702051 -22.594192 0.334646, 63.702054 -22.594189 0.334646,
63.719619 -22.579509 0.334646, 63.719622 -22.579506 0.334646,
63.736657 -22.565 0.334646, 63.736661 -22.564997 0.334646,
63.75317 -22.550661 0.334646, 63.753174 -22.550658 0.334646,
63.769159 -22.536491 0.334646, 63.769163 -22.536487 0.334646,
63.784629 -22.522485 0.334646, 63.784633 -22.522481 0.334646,
63.799582 -22.508643 0.334646, 63.799586 -22.508638 0.334646,
63.814021 -22.49496 0.334646, 63.814026 -22.494956 0.334646,
63.827949 -22.481435 0.334646, 63.827954 -22.481431 0.334646,
63.841369 -22.468066 0.334646, 63.841374 -22.468061 0.334646,
63.854285 -22.454849 0.334646, 63.85429 -22.454843 0.334646,
63.866699 -22.441781 0.334646, 63.866704 -22.441776 0.334646,
63.878614 -22.428861 0.334646, 63.878619 -22.428855 0.334646,
63.890033 -22.416086 0.334646, 63.890039 -22.416079 0.334646,
63.900961 -22.403452 0.334646, 63.900966 -22.403446 0.334646,
63.911398 -22.390959 0.334646, 63.911404 -22.390952 0.334646,
63.921348 -22.378602 0.334646, 63.921355 -22.378594 0.334646,
63.930816 -22.36638 0.334646, 63.930822 -22.366372 0.334646,
63.939803 -22.354289 0.334646, 63.939809 -22.354281 0.334646,
63.948312 -22.342328 0.334646, 63.948319 -22.342319 0.334646,
63.956347 -22.330493 0.334646, 63.956354 -22.330483 0.334646,
63.963911 -22.318783 0.334646, 63.963917 -22.318772 0.334646,
63.971006 -22.307193 0.334646, 63.971012 -22.307182 0.334646,
63.977635 -22.295722 0.334646, 63.977642 -22.29571 0.334646,
63.983803 -22.284368 0.334646, 63.983809 -22.284355 0.334646,
63.98951 -22.273127 0.334646, 63.989517 -22.273114 0.334646,
63.994762 -22.261997 0.334646, 63.994768 -22.261983 0.334646,
63.999559 -22.250976 0.334646, 63.99957 -22.25095 0.334646,
64.008728 -22.226522 0.334646, 64.008743 -22.226473 0.334646,
64.014238 -22.205751 0.334646, 64.014253 -22.205667 0.334646,
64.016085 -22.186716 0.334646, 64.016085 -22.186617 0.334646,
64.014253 -22.1675 0.334646, 64.014239 -22.167419 0.334646,
64.008744 -22.146203 0.334646, 64.00873 -22.146156 0.334646,
63.999572 -22.120903 0.334646, 63.999564 -22.120883 0.334646,
63.991998 -22.10243 0.334646, 63.986739 -22.086163 0.334646,
63.984009 -22.070835 0.334646, 63.984022 -22.055172 0.334646,
63.987014 -22.037902 0.334646, 63.993222 -22.017775 0.334646,
64.002889 -21.993534 0.334646, 64.016238 -21.963951 0.334646,
64.03351 -21.927763 0.334646, 64.033515 -21.927754 0.334646,
64.05197 -21.886994 0.334646, 64.051975 -21.886983 0.334646,
64.06564 -21.854847 0.334646, 64.065651 -21.85482 0.334646,
64.074782 -21.82965 0.334646, 64.074798 -21.829596 0.334646,
64.079653 -21.809733 0.334646, 64.079667 -21.809636 0.334646,
64.080503 -21.793419 0.334646, 64.080493 -21.793288 0.334646,
64.077569 -21.77906 0.334646, 64.077531 -21.778946 0.334646,
64.071104 -21.765048 0.334646, 64.07107 -21.764987 0.334646,
64.061396 -21.749759 0.334646, 64.061377 -21.749731 0.334646,
64.046516 -21.729414 0.334646, 64.046456 -21.729346 0.334646,
64.027659 -21.711265 0.334646, 64.027603 -21.711218 0.334646,
64.007692 -21.696867 0.334646, 64.007621 -21.696824 0.334646,
63.989419 -21.687698 0.334646, 63.989354 -21.68767 0.334646,
63.979863 -21.684427 0.334646, 63.972019 -21.681091 0.334646,
63.965973 -21.677038 0.334646, 63.961811 -21.671626 0.334646,
63.959611 -21.664149 0.334646, 63.95953 -21.653879 0.334646,
63.96174 -21.640161 0.334646, 63.966396 -21.622351 0.334646,
63.973643 -21.599794 0.334646, 63.983607 -21.571872 0.334646,
63.996442 -21.537894 0.334646, 64.012281 -21.497217 0.334646,
64.01228 -21.497217 0.334646, 64.031261 -21.44919 0.334646,
64.031261 -21.44919 0.334646, 64.053524 -21.393147 0.334646,
64.053526 -21.393144 0.334646, 64.066292 -21.360306 0.334646,
64.066294 -21.3603 0.334646, 64.078052 -21.328853 0.334646,
64.078054 -21.328846 0.334646, 64.088811 -21.298711 0.334646,
64.088814 -21.298702 0.334646, 64.098578 -21.269802 0.334646,
64.098581 -21.269793 0.334646, 64.107363 -21.242047 0.334646,
64.107366 -21.242036 0.334646, 64.115173 -21.215367 0.334646,
64.115176 -21.215355 0.334646, 64.122018 -21.189684 0.334646,
64.122022 -21.18967 0.334646, 64.127907 -21.164919 0.334646,
64.12791 -21.164904 0.334646, 64.132848 -21.140993 0.334646,
64.132851 -21.140976 0.334646, 64.136849 -21.117826 0.334646,
64.136852 -21.117808 0.334646, 64.13992 -21.095342 0.334646,
64.139922 -21.095322 0.334646, 64.14207 -21.073461 0.334646,
64.142071 -21.07344 0.334646, 64.143306 -21.052105 0.334646,
64.143307 -21.052083 0.334646, 64.143638 -21.031195 0.334646,
64.143638 -21.031173 0.334646, 64.143074 -21.010654 0.334646,
64.143073 -21.010631 0.334646, 64.141624 -20.990402 0.334646,
64.141621 -20.990379 0.334646, 64.139294 -20.970361 0.334646,
64.139291 -20.970339 0.334646, 64.136097 -20.950454 0.334646,
64.136093 -20.950432 0.334646, 64.132039 -20.930601 0.334646,
64.132034 -20.930581 0.334646, 64.127129 -20.910726 0.334646,
64.127124 -20.910706 0.334646, 64.121378 -20.890748 0.334646,
64.121372 -20.89073 0.334646, 64.114793 -20.87059 0.334646,
64.114787 -20.870574 0.334646, 64.107384 -20.850174 0.334646,
64.107382 -20.850168 0.334646, 64.101654 -20.834903 0.334646,
64.096421 -20.820282 0.334646, 64.091658 -20.806044 0.334646,
64.087344 -20.79194 0.334646, 64.083451 -20.7777 0.334646,
64.079953 -20.763055 0.334646, 64.076835 -20.747783 0.334646,
64.074067 -20.731594 0.334646, 64.071628 -20.714251 0.334646,
64.069493 -20.695467 0.334646, 64.06764 -20.675017 0.334646,
64.066046 -20.652633 0.334646, 64.064687 -20.628057 0.334646,
64.063541 -20.601031 0.334646, 64.062583 -20.571304 0.334646,
64.062584 -20.571304 0.334646, 64.061792 -20.538606 0.334646,
64.061142 -20.502692 0.334646, 64.060611 -20.463301 0.334646,
64.060176 -20.420178 0.334646, 64.059813 -20.373063 0.334646,
64.059498 -20.321702 0.334646, 64.059149 -20.267467 0.334646,
64.059149 -20.267465 0.334646, 64.058713 -20.21797 0.334646,
64.058713 -20.217969 0.334646, 64.058171 -20.172946 0.334646,
64.058171 -20.172944 0.334646, 64.057505 -20.132127 0.334646,
64.057505 -20.132124 0.334646, 64.056695 -20.095246 0.334646,
64.056695 -20.095242 0.334646, 64.055722 -20.062035 0.334646,
64.055722 -20.062031 0.334646, 64.054568 -20.032228 0.334646,
64.054567 -20.032222 0.334646, 64.053212 -20.005557 0.334646,
64.053211 -20.00555 0.334646, 64.051636 -19.981755 0.334646,
64.051635 -19.981745 0.334646, 64.049821 -19.960554 0.334646,
64.04982 -19.960541 0.334646, 64.047748 -19.941686 0.334646,
64.047746 -19.941671 0.334646, 64.045397 -19.924885 0.334646,
64.045394 -19.924867 0.334646, 64.042749 -19.909882 0.334646,
64.042745 -19.909861 0.334646, 64.039785 -19.896412 0.334646,
64.039779 -19.896388 0.334646, 64.036484 -19.884207 0.334646,
64.036477 -19.884181 0.334646, 64.032829 -19.873001 0.334646,
64.03282 -19.872976 0.334646, 64.0288 -19.862529 0.334646,
64.028791 -19.862505 0.334646, 64.02438 -19.852525 0.334646,
64.02437 -19.852506 0.334646, 64.019549 -19.842725 0.334646,
64.019546 -19.842719 0.334646, 64.011654 -19.827251 0.334646,
64.004684 -19.810584 0.334646, 63.998599 -19.792467 0.334646,
63.99336 -19.772635 0.334646, 63.98893 -19.75083 0.334646,
63.985278 -19.726817 0.334646, 63.982367 -19.700332 0.334646,
63.980161 -19.671126 0.334646, 63.978627 -19.638968 0.334646,
63.978627 -19.638968 0.334646, 63.977728 -19.603567 0.334646,
63.977087 -19.579027 0.334646, 63.977087 -19.579018 0.334646,
63.976034 -19.555017 0.334646, 63.976033 -19.555007 0.334646,
63.974548 -19.531492 0.334646, 63.974547 -19.531481 0.334646,
63.972611 -19.508399 0.334646, 63.97261 -19.508388 0.334646,
63.970204 -19.485685 0.334646, 63.970202 -19.485673 0.334646,
63.967308 -19.463298 0.334646, 63.967306 -19.463285 0.334646,
63.963904 -19.441184 0.334646, 63.963902 -19.441171 0.334646,
63.959974 -19.41929 0.334646, 63.959972 -19.419277 0.334646,
63.955499 -19.397565 0.334646, 63.955496 -19.397552 0.334646,
63.950459 -19.375954 0.334646, 63.950456 -19.375941 0.334646,
63.944836 -19.354406 0.334646, 63.944832 -19.354393 0.334646,
63.938611 -19.332867 0.334646, 63.938607 -19.332854 0.334646,
63.931766 -19.311285 0.334646, 63.931762 -19.311272 0.334646,
63.924281 -19.289606 0.334646, 63.924277 -19.289594 0.334646,
63.916139 -19.267779 0.334646, 63.916134 -19.267767 0.334646,
63.907319 -19.245749 0.334646, 63.907314 -19.245738 0.334646,
63.897804 -19.223465 0.334646, 63.897799 -19.223454 0.334646,
63.887573 -19.200873 0.334646, 63.887569 -19.200863 0.334646,
63.87661 -19.177921 0.334646, 63.876606 -19.177912 0.334646,
63.864895 -19.154555 0.334646, 63.864891 -19.154546 0.334646,
63.852409 -19.130722 0.334646, 63.852405 -19.130715 0.334646,
63.839133 -19.106371 0.334646, 63.839129 -19.106364 0.334646,
63.825049 -19.081447 0.334646, 63.825045 -19.081441 0.334646,
63.810137 -19.055898 0.334646, 63.810134 -19.055892 0.334646,
63.79438 -19.02967 0.334646, 63.794377 -19.029665 0.334646,
63.777757 -19.002712 0.334646, 63.777755 -19.002707 0.334646,
63.760252 -18.974969 0.334646, 63.749117 -18.957184 0.334646,
63.738293 -18.939878 0.334646, 63.738293 -18.939879 0.334646,
63.727777 -18.923026 0.334646, 63.727778 -18.923026 0.334646,
63.717562 -18.906595 0.334646, 63.717562 -18.906595 0.334646,
63.707643 -18.890558 0.334646, 63.698014 -18.874885 0.334646,
63.688669 -18.859548 0.334646, 63.679603 -18.844517 0.334646,
63.670811 -18.829761 0.334646, 63.662285 -18.815253 0.334646,
63.654022 -18.800963 0.334646, 63.646014 -18.786861 0.334646,
63.638257 -18.772919 0.334646, 63.630748 -18.759111 0.334646,
63.623473 -18.745395 0.334646, 63.616434 -18.731755 0.334646,
63.609623 -18.718157 0.334646, 63.609622 -18.718157 0.334646,
63.603037 -18.704579 0.334646, 63.596661 -18.690971 0.334646,
63.590502 -18.67733 0.334646, 63.584543 -18.663601 0.334646,
63.578785 -18.649774 0.334646, 63.573222 -18.635813 0.334646,
63.56785 -18.621697 0.334646, 63.562654 -18.607373 0.334646,
63.557638 -18.592834 0.334646, 63.552793 -18.578045 0.334646,
63.548113 -18.562975 0.334646, 63.543595 -18.547603 0.334646,
63.539227 -18.531876 0.334646, 63.53501 -18.515789 0.334646,
63.530937 -18.499311 0.334646, 63.530937 -18.499311 0.334646,
63.526998 -18.482391 0.334646, 63.526998 -18.482391 0.334646,
63.523194 -18.465028 0.334646, 63.519512 -18.447167 0.334646,
63.515952 -18.428797 0.334646, 63.512507 -18.409883 0.334646,
63.509171 -18.390395 0.334646, 63.505938 -18.370304 0.334646,
63.502803 -18.34958 0.334646, 63.499759 -18.328196 0.334646,
63.496803 -18.306123 0.334646, 63.496803 -18.306123 0.334646,
63.493926 -18.283323 0.334646, 63.491126 -18.259778 0.334646,
63.488394 -18.235454 0.334646, 63.485726 -18.210321 0.334646,
63.485726 -18.210321 0.334646, 63.483116 -18.184352 0.334646,
63.480559 -18.157516 0.334646, 63.478049 -18.129784 0.334646,
63.47558 -18.101129 0.334646, 63.473146 -18.071515 0.334646,
63.470743 -18.04092 0.334646, 63.468363 -18.009314 0.334646,
63.468364 -18.009314 0.334646, 63.466003 -17.976662 0.334646,
63.463655 -17.942939 0.334646, 63.461315 -17.908117 0.334646,
63.458976 -17.872164 0.334646, 63.456633 -17.835052 0.334646,
63.456634 -17.835052 0.334646, 63.454281 -17.79675 0.334646,
63.451914 -17.757231 0.334646, 63.449526 -17.716465 0.334646,
63.447111 -17.674422 0.334646, 63.444663 -17.631074 0.334646,
63.442178 -17.586391 0.334646, 63.43965 -17.540342 0.334646,
63.437072 -17.4929 0.334646, 63.434439 -17.444035 0.334646,
63.431746 -17.393719 0.334646, 63.428987 -17.34192 0.334646,
63.426156 -17.28861 0.334646, 63.423248 -17.233761 0.334646,
63.420202 -17.176883 0.334646, 63.417291 -17.121853 0.334646,
63.414516 -17.068634 0.334646, 63.411876 -17.017192 0.334646,
63.409372 -16.967491 0.334646, 63.407006 -16.919498 0.334646,
63.404776 -16.873176 0.334646, 63.404777 -16.873176 0.334646,
63.402685 -16.828489 0.334646, 63.400733 -16.785405 0.334646,
63.39892 -16.743887 0.334646, 63.397246 -16.7039 0.334646,
63.395713 -16.665409 0.334646, 63.394321 -16.62838 0.334646,
63.39307 -16.592778 0.334646, 63.391962 -16.558565 0.334646,
63.390996 -16.525712 0.334646, 63.390996 -16.525712 0.334646,
63.390174 -16.494176 0.334646, 63.389495 -16.463927 0.334646,
63.388961 -16.43493 0.334646, 63.388572 -16.407148 0.334646,
63.388328 -16.380548 0.334646, 63.388231 -16.355096 0.334646,
63.38828 -16.330753 0.334646, 63.388477 -16.307485 0.334646,
63.388821 -16.285259 0.334646, 63.389315 -16.264034 0.334646,
63.389314 -16.264034 0.334646, 63.389956 -16.243789 0.334646,
63.390748 -16.224475 0.334646, 63.391689 -16.206062 0.334646,
63.392782 -16.188515 0.334646, 63.394026 -16.171798 0.334646,
63.395421 -16.155878 0.334646, 63.396969 -16.140718 0.334646,
63.39867 -16.126284 0.334646, 63.400525 -16.112541 0.334646,
63.402533 -16.099453 0.334646, 63.404696 -16.086985 0.334646,
63.407014 -16.075104 0.334646, 63.409487 -16.063773 0.334646,
63.41212 -16.052945 0.334646, 63.41212 -16.052945 0.334646,
63.414904 -16.042622 0.334646, 63.417852 -16.032718 0.334646,
63.420949 -16.023251 0.334646, 63.424209 -16.014145 0.334646,
63.427634 -16.005365 0.334646, 63.427634 -16.005365 0.334646,
63.431208 -15.996917 0.334646, 63.434954 -15.988711 0.334646,
63.438848 -15.980765 0.334646, 63.442916 -15.972993 0.334646,
63.447132 -15.965412 0.334646, 63.460188 -15.944787 0.334646,
63.47388 -15.928441 0.334646, 63.488878 -15.915969 0.334646,
63.505859 -15.906969 0.334646, 63.525507 -15.901055 0.334646,
63.548509 -15.897849 0.334646, 63.56187 -15.897 0.334646,
63.5754 -15.897596 0.334646, 63.589526 -15.899838 0.334646,
63.604674 -15.903926 0.334646, 63.621281 -15.910069 0.334646,
63.639745 -15.918459 0.334646, 63.660521 -15.929316 0.334646,
63.684007 -15.942828 0.334646, 63.71062 -15.959195 0.334646,
63.740783 -15.978616 0.334646, 63.77493 -16.001302 0.334646,
63.813477 -16.027449 0.334646, 63.832269 -16.040417 0.334646,
63.850861 -16.053506 0.334646, 63.850861 -16.053506 0.334646,
63.869248 -16.066715 0.334646, 63.88745 -16.080063 0.334646,
63.905473 -16.093559 0.334646, 63.923326 -16.107211 0.334646,
63.941024 -16.121034 0.334646, 63.958563 -16.135028 0.334646,
63.975965 -16.149214 0.334646, 63.975965 -16.149214 0.334646,
63.993239 -16.163602 0.334646, 64.010387 -16.178196 0.334646,
64.027417 -16.193005 0.334646, 64.044348 -16.208048 0.334646,
64.061185 -16.223331 0.334646, 64.077939 -16.238865 0.334646,
64.09462 -16.254664 0.334646, 64.111228 -16.270726 0.334646,
64.127784 -16.287075 0.334646, 64.144293 -16.303715 0.334646,
64.160764 -16.320659 0.334646, 64.177211 -16.337919 0.334646,
64.193633 -16.355494 0.334646, 64.210048 -16.373408 0.334646,
64.226468 -16.39167 0.334646, 64.242891 -16.410278 0.334646,
64.259336 -16.429256 0.334646, 64.275809 -16.448609 0.334646,
64.292324 -16.468351 0.334646, 64.308881 -16.488483 0.334646,
64.325497 -16.509024 0.334646, 64.34218 -16.529983 0.334646,
64.358938 -16.551369 0.334646, 64.375781 -16.573193 0.334646,
64.392719 -16.595465 0.334646, 64.409761 -16.618195 0.334646,
64.426917 -16.641394 0.334646, 64.444198 -16.665076 0.334646,
64.444198 -16.665076 0.334646, 64.461607 -16.689242 0.334646,
64.479159 -16.71391 0.334646, 64.496863 -16.739089 0.334646,
64.514727 -16.76479 0.334646, 64.532761 -16.791021 0.334646,
64.550975 -16.817794 0.334646, 64.569378 -16.845119 0.334646,
64.595628 -16.884494 0.334646, 64.595629 -16.884495 0.334646,
64.620744 -16.921972 0.334646, 64.620744 -16.921973 0.334646,
64.64477 -16.957609 0.334646, 64.644771 -16.95761 0.334646,
64.667756 -16.991462 0.334646, 64.667757 -16.991464 0.334646,
64.689747 -17.023589 0.334646, 64.689749 -17.023591 0.334646,
64.710793 -17.054046 0.334646, 64.710794 -17.054049 0.334646,
64.73094 -17.082891 0.334646, 64.730942 -17.082894 0.334646,
64.750235 -17.110181 0.334646, 64.750237 -17.110183 0.334646,
64.768727 -17.135972 0.334646, 64.76873 -17.135975 0.334646,
64.786463 -17.160322 0.334646, 64.786465 -17.160325 0.334646,
64.803489 -17.183287 0.334646, 64.803493 -17.183291 0.334646,
64.819855 -17.204926 0.334646, 64.819858 -17.20493 0.334646,
64.835607 -17.225294 0.334646, 64.835611 -17.2253 0.334646,
64.850792 -17.24445 0.334646, 64.850796 -17.244456 0.334646,
64.865459 -17.26245 0.334646, 64.865464 -17.262456 0.334646,
64.879654 -17.279351 0.334646, 64.87966 -17.279357 0.334646,
64.893426 -17.29521 0.334646, 64.893432 -17.295217 0.334646,
64.906822 -17.310085 0.334646, 64.906829 -17.310093 0.334646,
64.919889 -17.324032 0.334646, 64.919896 -17.32404 0.334646,
64.932674 -17.337108 0.334646, 64.932682 -17.337116 0.334646,
64.945225 -17.34937 0.334646, 64.945235 -17.349379 0.334646,
64.957591 -17.360876 0.334646, 64.9576 -17.360885 0.334646,
64.969817 -17.371681 0.334646, 64.969828 -17.371691 0.334646,
64.981952 -17.381844 0.334646, 64.981963 -17.381854 0.334646,
64.994042 -17.391421 0.334646, 64.994053 -17.39143 0.334646,
65.006135 -17.400469 0.334646, 65.006147 -17.400478 0.334646,
65.01828 -17.409044 0.334646, 65.018291 -17.409052 0.334646,
65.030521 -17.417205 0.334646, 65.030533 -17.417212 0.334646,
65.042908 -17.425006 0.334646, 65.042919 -17.425013 0.334646,
65.055486 -17.432507 0.334646, 65.055496 -17.432513 0.334646,
65.068304 -17.439763 0.334646, 65.068313 -17.439768 0.334646,
65.091398 -17.452258 0.334646, 65.091409 -17.452264 0.334646,
65.112259 -17.4629 0.334646, 65.112277 -17.462909 0.334646,
65.131562 -17.471828 0.334646, 65.131587 -17.471839 0.334646,
65.149981 -17.47918 0.334646, 65.150013 -17.479191 0.334646,
65.168186 -17.485091 0.334646, 65.168222 -17.485101 0.334646,
65.186848 -17.489698 0.334646, 65.186883 -17.489705 0.334646,
65.206633 -17.493136 0.334646, 65.206664 -17.493141 0.334646,
65.22821 -17.495545 0.334646, 65.228235 -17.495547 0.334646,
65.252249 -17.497061 0.334646, 65.252267 -17.497061 0.334646,
65.279421 -17.497823 0.334646, 65.279433 -17.497824 0.334646,
65.3104 -17.497971 0.334646, 65.310407 -17.497971 0.334646,
65.345857 -17.497643 0.334646, 65.345863 -17.497643 0.334646,
65.370161 -17.49716 0.334646, 65.370169 -17.49716 0.334646,
65.393243 -17.496375 0.334646, 65.393252 -17.496375 0.334646,
65.41537 -17.495234 0.334646, 65.415381 -17.495233 0.334646,
65.436811 -17.493683 0.334646, 65.436824 -17.493682 0.334646,
65.457834 -17.49167 0.334646, 65.457847 -17.491668 0.334646,
65.478705 -17.489139 0.334646, 65.478718 -17.489137 0.334646,
65.499692 -17.486037 0.334646, 65.499706 -17.486035 0.334646,
65.521064 -17.482312 0.334646, 65.521076 -17.48231 0.334646,
65.543087 -17.477909 0.334646, 65.543098 -17.477907 0.334646,
65.566029 -17.472776 0.334646, 65.566039 -17.472774 0.334646,
65.590157 -17.466859 0.334646, 65.590167 -17.466856 0.334646,
65.615741 -17.460103 0.334646, 65.615749 -17.460101 0.334646,
65.643048 -17.452457 0.334646, 65.643054 -17.452456 0.334646,
65.672345 -17.443866 0.334646, 65.67235 -17.443865 0.334646,
65.703902 -17.434276 0.334646, 65.703906 -17.434275 0.334646,
65.737985 -17.423635 0.334646, 65.737989 -17.423635 0.334646,
65.774865 -17.411889 0.334646, 65.774867 -17.411888 0.334646,
65.812183 -17.399848 0.334646, 65.812183 -17.399848 0.334646,
65.847977 -17.388446 0.334646, 65.847977 -17.388446 0.334646,
65.882316 -17.377672 0.334646, 65.915278 -17.367512 0.334646,
65.946937 -17.357952 0.334646, 65.977357 -17.348984 0.334646,
66.006624 -17.340591 0.334646, 66.034799 -17.332764 0.334646,
66.061959 -17.325488 0.334646, 66.088172 -17.318754 0.334646,
66.11352 -17.312546 0.334646, 66.138071 -17.306854 0.334646,
66.161902 -17.301662 0.334646, 66.185082 -17.296961 0.334646,
66.185082 -17.296961 0.334646, 66.207672 -17.292739 0.334646,
66.229764 -17.288982 0.334646, 66.251432 -17.285676 0.334646,
66.272726 -17.282812 0.334646, 66.293734 -17.280376 0.334646,
66.31454 -17.278354 0.334646, 66.335188 -17.276737 0.334646,
66.355785 -17.275509 0.334646, 66.376367 -17.27466 0.334646,
66.397046 -17.274177 0.334646, 66.417859 -17.274047 0.334646,
66.438898 -17.274258 0.334646, 66.460243 -17.274798 0.334646,
66.481949 -17.275655 0.334646, 66.504096 -17.276815 0.334646,
66.526757 -17.278267 0.334646, 66.526757 -17.278267 0.334646,
66.563659 -17.280576 0.334646, 66.563664 -17.280577 0.334646,
66.596132 -17.28232 0.334646, 66.59614 -17.282321 0.334646,
66.624812 -17.283419 0.334646, 66.624825 -17.28342 0.334646,
66.650338 -17.283794 0.334646, 66.650356 -17.283794 0.334646,
66.673347 -17.283367 0.334646, 66.67337 -17.283366 0.334646,
66.694476 -17.282057 0.334646, 66.694503 -17.282055 0.334646,
66.714362 -17.279788 0.334646, 66.714391 -17.279784 0.334646,
66.73364 -17.276478 0.334646, 66.733668 -17.276472 0.334646,
66.752943 -17.27205 0.334646, 66.752968 -17.272044 0.334646,
66.772906 -17.266427 0.334646, 66.772925 -17.266421 0.334646,
66.794164 -17.25953 0.334646, 66.794178 -17.259526 0.334646,
66.817354 -17.251283 0.334646, 66.817363 -17.251279 0.334646,
66.843114 -17.241605 0.334646, 66.843119 -17.241604 0.334646,
66.872082 -17.23042 0.334646, 66.872082 -17.23042 0.334646,
66.90388 -17.218103 0.334646, 66.90388 -17.218102 0.334646,
66.932924 -17.20732 0.334646, 66.959589 -17.198052 0.334646,
66.984209 -17.190292 0.334646, 67.007117 -17.18403 0.334646,
67.028688 -17.179247 0.334646, 67.049246 -17.175939 0.334646,
67.069147 -17.174088 0.334646, 67.088752 -17.173683 0.334646,
67.108393 -17.174713 0.334646, 67.128429 -17.177167 0.334646,
67.149216 -17.181035 0.334646, 67.171082 -17.186304 0.334646,
67.194393 -17.192967 0.334646, 67.219497 -17.201013 0.334646,
67.246724 -17.210426 0.334646, 67.246731 -17.210429 0.334646,
67.26787 -17.217368 0.334646, 67.26789 -17.217374 0.334646,
67.290433 -17.223785 0.334646, 67.29045 -17.223789 0.334646,
67.31412 -17.229623 0.334646, 67.314137 -17.229627 0.334646,
67.338657 -17.234837 0.334646, 67.338673 -17.23484 0.334646,
67.363768 -17.239379 0.334646, 67.363783 -17.239381 0.334646,
67.389174 -17.243202 0.334646, 67.38919 -17.243204 0.334646,
67.414601 -17.246258 0.334646, 67.414617 -17.24626 0.334646,
67.439772 -17.2485 0.334646, 67.439789 -17.248501 0.334646,
67.464409 -17.24988 0.334646, 67.464428 -17.249881 0.334646,
67.488238 -17.250351 0.334646, 67.488239 -17.250351 0.334646,
67.510825 -17.250758 0.334646, 67.535155 -17.251929 0.334646,
67.560736 -17.253794 0.334646, 67.587068 -17.256282 0.334646,
67.613596 -17.259318 0.334646, 67.639834 -17.262833 0.334646,
67.665266 -17.266755 0.334646, 67.689344 -17.271008 0.334646,
67.711593 -17.275527 0.334646, 67.731462 -17.280233 0.334646,
67.731466 -17.280234 0.334646, 67.744008 -17.283106 0.334646,
67.744022 -17.283109 0.334646, 67.758993 -17.286087 0.334646,
67.759003 -17.286089 0.334646, 67.776222 -17.289153 0.334646,
67.77623 -17.289154 0.334646, 67.795515 -17.292285 0.334646,
67.795522 -17.292285 0.334646, 67.816695 -17.295463 0.334646,
67.8167 -17.295464 0.334646, 67.839581 -17.298669 0.334646,
67.839585 -17.29867 0.334646, 67.863994 -17.301883 0.334646,
67.863998 -17.301883 0.334646, 67.889754 -17.305085 0.334646,
67.889757 -17.305085 0.334646, 67.916679 -17.308256 0.334646,
67.916682 -17.308256 0.334646, 67.944592 -17.311375 0.334646,
67.944594 -17.311376 0.334646, 67.973311 -17.314424 0.334646,
67.973314 -17.314424 0.334646, 68.002657 -17.317383 0.334646,
68.002659 -17.317383 0.334646, 68.032449 -17.320233 0.334646,
68.032452 -17.320233 0.334646, 68.062508 -17.322953 0.334646,
68.062511 -17.322953 0.334646, 68.092653 -17.325524 0.334646,
68.092656 -17.325524 0.334646, 68.122704 -17.327927 0.334646,
68.122706 -17.327927 0.334646, 68.152481 -17.330141 0.334646,
68.152484 -17.330142 0.334646, 68.189904 -17.33267 0.334646,
68.226234 -17.335302 0.334646, 68.226234 -17.335302 0.334646,
68.261491 -17.33804 0.334646, 68.295691 -17.340887 0.334646,
68.295691 -17.340888 0.334646, 68.328866 -17.343849 0.334646,
68.361026 -17.346926 0.334646, 68.392187 -17.350123 0.334646,
68.42238 -17.353444 0.334646, 68.451619 -17.356892 0.334646,
68.479928 -17.36047 0.334646, 68.507319 -17.364182 0.334646,
68.53381 -17.36803 0.334646, 68.559431 -17.372019 0.334646,
68.584203 -17.376152 0.334646, 68.608134 -17.380431 0.334646,
68.631242 -17.384861 0.334646, 68.653568 -17.389446 0.334646,
68.675102 -17.394187 0.334646, 68.695896 -17.399091 0.334646,
68.715944 -17.404157 0.334646, 68.735266 -17.409389 0.334646,
68.753909 -17.414796 0.334646, 68.771859 -17.420373 0.334646,
68.789157 -17.42613 0.334646, 68.80581 -17.432065 0.334646,
68.821854 -17.438189 0.334646, 68.837302 -17.444502 0.334646,
68.852157 -17.451 0.334646, 68.866459 -17.457695 0.334646,
68.903565 -17.475682 0.334646, 68.903574 -17.475686 0.334646,
68.935897 -17.490521 0.334646, 68.935913 -17.490528 0.334646,
68.964109 -17.502328 0.334646, 68.964134 -17.502338 0.334646,
68.988858 -17.51122 0.334646, 68.988895 -17.511232 0.334646,
69.010804 -17.517315 0.334646, 69.010856 -17.517326 0.334646,
69.030606 -17.520726 0.334646, 69.03067 -17.520733 0.334646,
69.048918 -17.521567 0.334646, 69.048989 -17.521565 0.334646,
69.06639 -17.519952 0.334646, 69.066458 -17.519942 0.334646,
69.083667 -17.515998 0.334646, 69.083722 -17.515981 0.334646,
69.101396 -17.509824 0.334646, 69.101434 -17.509809 0.334646,
69.120229 -17.501557 0.334646, 69.120283 -17.501529 0.334646,
69.12539 -17.498527 0.334646, 69.125425 -17.498504 0.334646,
69.132077 -17.493836 0.334646, 69.132096 -17.493822 0.334646,
69.140232 -17.487547 0.334646, 69.140244 -17.487537 0.334646,
69.149802 -17.479713 0.334646, 69.14981 -17.479706 0.334646,
69.160728 -17.47039 0.334646, 69.160734 -17.470385 0.334646,
69.17295 -17.459636 0.334646, 69.172955 -17.459632 0.334646,
69.186407 -17.447509 0.334646, 69.186411 -17.447505 0.334646,
69.201037 -17.434065 0.334646, 69.20104 -17.434063 0.334646,
69.216778 -17.419365 0.334646, 69.216781 -17.419363 0.334646,
69.233569 -17.403465 0.334646, 69.233572 -17.403463 0.334646,
69.251348 -17.386424 0.334646, 69.25135 -17.386422 0.334646,
69.270052 -17.368299 0.334646, 69.270054 -17.368298 0.334646,
69.28962 -17.34915 0.334646, 69.289622 -17.349148 0.334646,
69.30999 -17.329034 0.334646, 69.309991 -17.329032 0.334646,
69.3311 -17.308009 0.334646, 69.331101 -17.308008 0.334646,
69.352887 -17.286134 0.334646, 69.352889 -17.286133 0.334646,
69.375291 -17.263467 0.334646, 69.375292 -17.263466 0.334646,
69.398248 -17.240067 0.334646, 69.39825 -17.240065 0.334646,
69.421698 -17.21599 0.334646, 69.421699 -17.215989 0.334646,
69.445577 -17.191296 0.334646, 69.445578 -17.191294 0.334646,
69.469824 -17.166042 0.334646, 69.469826 -17.166041 0.334646,
69.494378 -17.140288 0.334646, 69.494379 -17.140287 0.334646,
69.519176 -17.114091 0.334646, 69.519177 -17.11409 0.334646,
69.544155 -17.08751 0.334646, 69.544156 -17.087508 0.334646,
69.569252 -17.060605 0.334646, 69.600719 -17.027319 0.334646,
69.631804 -16.994591 0.334646, 69.662506 -16.96242 0.334646,
69.692824 -16.930809 0.334646, 69.722756 -16.899759 0.334646,
69.7523 -16.86927 0.334646, 69.781454 -16.839345 0.334646,
69.810217 -16.809985 0.334646, 69.838587 -16.78119 0.334646,
69.866563 -16.752962 0.334646, 69.894143 -16.725303 0.334646,
69.921325 -16.698213 0.334646, 69.948108 -16.671694 0.334646,
69.974491 -16.645746 0.334646, 70.000468 -16.620374 0.334646,
70.000469 -16.620374 0.334646, 70.026044 -16.595574 0.334646,
70.051212 -16.571353 0.334646, 70.051212 -16.571354 0.334646,
70.075974 -16.547709 0.334646, 70.100328 -16.524641 0.334646,
70.124267 -16.502155 0.334646, 70.147798 -16.480248 0.334646,
70.17091 -16.458927 0.334646, 70.193611 -16.438185 0.334646,
70.215891 -16.418033 0.334646, 70.237754 -16.398465 0.334646,
70.259195 -16.379484 0.334646, 70.280214 -16.361093 0.334646,
70.30081 -16.343291 0.334646, 70.32098 -16.326081 0.334646,
70.340722 -16.309463 0.334646, 70.360035 -16.29344 0.334646,
70.378921 -16.278009 0.334646, 70.397368 -16.26318 0.334646,
70.415385 -16.248945 0.334646, 70.432966 -16.235311 0.334646,
70.450109 -16.222276 0.334646, 70.466814 -16.209844 0.334646,
70.483078 -16.198014 0.334646, 70.4989 -16.186789 0.334646,
70.514283 -16.176165 0.334646, 70.529216 -16.166151 0.334646,
70.543694 -16.156751 0.334646, 70.557737 -16.14795 0.334646,
70.571314 -16.13977 0.334646, 70.584446 -16.132198 0.334646,
70.597133 -16.125233 0.334646, 70.609356 -16.118888 0.334646,
70.621113 -16.113162 0.334646, 70.63241 -16.108053 0.334646,
70.643262 -16.103555 0.334646, 70.653633 -16.099683 0.334646,
70.663554 -16.096428 0.334646, 70.672991 -16.093798 0.334646,
70.681966 -16.091789 0.334646, 70.690472 -16.090403 0.334646,
70.698495 -16.089642 0.334646, 70.706047 -16.089506 0.334646,
70.713117 -16.089993 0.334646, 70.719711 -16.091104 0.334646,
70.725823 -16.092839 0.334646, 70.731452 -16.095196 0.334646,
70.736607 -16.09818 0.334646, 70.74128 -16.101787 0.334646,
70.745481 -16.106028 0.334646, 70.749204 -16.1109 0.334646,
70.752449 -16.116409 0.334646, 70.755218 -16.122568 0.334646,
70.757501 -16.129362 0.334646, 70.759301 -16.136812 0.334646,
70.76047 -16.143103 0.334646, 70.7616 -16.15047 0.334646,
70.762685 -16.158865 0.334646, 70.763731 -16.168294 0.334646,
70.764735 -16.178729 0.334646, 70.765696 -16.19013 0.334646,
70.766616 -16.202493 0.334646, 70.767495 -16.21579 0.334646,
70.768334 -16.23 0.334646, 70.769132 -16.245101 0.334646,
70.769131 -16.245101 0.334646, 70.769889 -16.26107 0.334646,
70.770606 -16.277888 0.334646, 70.771283 -16.295531 0.334646,
70.77192 -16.313978 0.334646, 70.772519 -16.333207 0.334646,
70.773077 -16.353198 0.334646, 70.773077 -16.353198 0.334646,
70.773597 -16.373927 0.334646, 70.774078 -16.395374 0.334646,
70.77452 -16.417516 0.334646, 70.774925 -16.440333 0.334646,
70.775292 -16.463802 0.334646, 70.77562 -16.487902 0.334646,
70.775912 -16.512611 0.334646, 70.776166 -16.537908 0.334646,
70.776383 -16.563771 0.334646, 70.776564 -16.590178 0.334646,
70.776708 -16.617107 0.334646, 70.776816 -16.644538 0.334646,
70.776888 -16.672449 0.334646, 70.776924 -16.700817 0.334646,
70.776926 -16.72962 0.334646, 70.776891 -16.758839 0.334646,
70.776822 -16.78845 0.334646, 70.776719 -16.818433 0.334646,
70.77658 -16.848765 0.334646, 70.776408 -16.879425 0.334646,
70.776202 -16.910391 0.334646, 70.775962 -16.941643 0.334646,
70.775688 -16.973156 0.334646, 70.775382 -17.004911 0.334646,
70.775043 -17.036887 0.334646, 70.77467 -17.06906 0.334646,
70.774266 -17.101409 0.334646, 70.77383 -17.133914 0.334646,
70.773361 -17.166552 0.334646, 70.772861 -17.199302 0.334646,
70.77233 -17.232141 0.334646, 70.771767 -17.265048 0.334646,
70.771174 -17.298002 0.334646, 70.77055 -17.330982 0.334646,
70.769895 -17.363965 0.334646, 70.769211 -17.396929 0.334646,
70.768496 -17.429854 0.334646, 70.767752 -17.462717 0.334646,
70.766979 -17.495496 0.334646, 70.766176 -17.528171 0.334646,
70.765344 -17.56072 0.334646, 70.764485 -17.593121 0.334646,
70.764485 -17.593121 0.334646, 70.763597 -17.625352 0.334646,
70.76268 -17.657392 0.334646, 70.761736 -17.689218 0.334646,
70.760764 -17.72081 0.334646, 70.759765 -17.752146 0.334646,
70.758739 -17.783204 0.334646, 70.757685 -17.813963 0.334646,
70.756606 -17.8444 0.334646, 70.755499 -17.874494 0.334646,
70.754367 -17.904225 0.334646, 70.753209 -17.933569 0.334646,
70.752026 -17.962505 0.334646, 70.750817 -17.991012 0.334646,
70.749583 -18.019069 0.334646, 70.748324 -18.046652 0.334646,
70.747041 -18.073742 0.334646, 70.747041 -18.073742 0.334646,
70.745733 -18.100315 0.334646, 70.744401 -18.126351 0.334646,
70.743046 -18.151827 0.334646, 70.741667 -18.176723 0.334646,
70.740264 -18.201017 0.334646, 70.738839 -18.224687 0.334646,
70.738839 -18.224687 0.334646, 70.737391 -18.247709 0.334646,
70.73592 -18.270066 0.334646, 70.734427 -18.291733 0.334646,
70.732911 -18.312692 0.334646, 70.732912 -18.312692 0.334646,
70.731375 -18.332916 0.334646, 70.731374 -18.332918 0.334646,
70.728778 -18.368894 0.334646, 70.728778 -18.368894 0.334646,
70.726309 -18.401628 0.334646, 70.726308 -18.401628 0.334646,
70.723885 -18.431448 0.334646, 70.721429 -18.458674 0.334646,
70.718857 -18.48363 0.334646, 70.71609 -18.50665 0.334646,
70.713048 -18.528037 0.334646, 70.709654 -18.548108 0.334646,
70.70582 -18.567215 0.334646, 70.701465 -18.585687 0.334646,
70.696519 -18.603806 0.334646, 70.690894 -18.621917 0.334646,
70.684506 -18.640365 0.334646, 70.67728 -18.659443 0.334646,
70.669126 -18.679502 0.334646, 70.659979 -18.700833 0.334646,
70.649744 -18.723785 0.334646, 70.638345 -18.748673 0.334646,
70.625703 -18.775819 0.334646, 70.611735 -18.805546 0.334646,
70.611733 -18.80555 0.334646, 70.595489 -18.840889 0.334646,
70.595487 -18.840892 0.334646, 70.579892 -18.875414 0.334646,
70.579891 -18.875417 0.334646, 70.564942 -18.909139 0.334646,
70.564941 -18.909143 0.334646, 70.550634 -18.942081 0.334646,
70.550632 -18.942085 0.334646, 70.536965 -18.974256 0.334646,
70.536963 -18.97426 0.334646, 70.523932 -19.005683 0.334646,
70.52393 -19.005687 0.334646, 70.511531 -19.036377 0.334646,
70.51153 -19.036382 0.334646, 70.49976 -19.066356 0.334646,
70.499758 -19.066361 0.334646, 70.488614 -19.095638 0.334646,
70.488611 -19.095643 0.334646, 70.478089 -19.124237 0.334646,
70.478087 -19.124243 0.334646, 70.468183 -19.152173 0.334646,
70.468181 -19.15218 0.334646, 70.458893 -19.179462 0.334646,
70.458891 -19.179468 0.334646, 70.450215 -19.206119 0.334646,
70.450212 -19.206126 0.334646, 70.442144 -19.232164 0.334646,
70.442142 -19.232172 0.334646, 70.434679 -19.257613 0.334646,
70.434677 -19.257621 0.334646, 70.427816 -19.282481 0.334646,
70.427813 -19.28249 0.334646, 70.42155 -19.306789 0.334646,
70.421548 -19.306798 0.334646, 70.415879 -19.33055 0.334646,
70.415877 -19.330559 0.334646, 70.4108 -19.353782 0.334646,
70.410798 -19.353793 0.334646, 70.406308 -19.376504 0.334646,
70.406306 -19.376515 0.334646, 70.402401 -19.39873 0.334646,
70.402399 -19.398742 0.334646, 70.399076 -19.42048 0.334646,
70.399074 -19.420492 0.334646, 70.396328 -19.441769 0.334646,
70.396326 -19.441781 0.334646, 70.394154 -19.462613 0.334646,
70.394153 -19.462626 0.334646, 70.392552 -19.483031 0.334646,
70.392551 -19.483046 0.334646, 70.391517 -19.50304 0.334646,
70.391516 -19.503054 0.334646, 70.391046 -19.522656 0.334646,
70.391046 -19.522671 0.334646, 70.391137 -19.541896 0.334646,
70.391137 -19.541911 0.334646, 70.391785 -19.560776 0.334646,
70.391785 -19.560793 0.334646, 70.392986 -19.579316 0.334646,
70.392987 -19.579332 0.334646, 70.394739 -19.597529 0.334646,
70.394741 -19.597546 0.334646, 70.397039 -19.615434 0.334646,
70.397041 -19.615451 0.334646, 70.399883 -19.633048 0.334646,
70.399886 -19.633065 0.334646, 70.403268 -19.650387 0.334646,
70.403271 -19.650404 0.334646, 70.407189 -19.667469 0.334646,
70.407193 -19.667485 0.334646, 70.411644 -19.684309 0.334646,
70.411649 -19.684325 0.334646, 70.41663 -19.700925 0.334646,
70.416635 -19.700941 0.334646, 70.422142 -19.717335 0.334646,
70.422147 -19.71735 0.334646, 70.428177 -19.733554 0.334646,
70.428181 -19.733566 0.334646, 70.467989 -19.833031 0.334646,
70.396328 -19.970422 0.334646, 70.396327 -19.970426 0.334646,
70.380216 -20.001828 0.334646, 70.380208 -20.001843 0.334646,
70.366163 -20.031509 0.334646, 70.366155 -20.031527 0.334646,
70.354168 -20.05958 0.334646, 70.354159 -20.059602 0.334646,
70.344224 -20.086166 0.334646, 70.344214 -20.086193 0.334646,
70.336324 -20.111391 0.334646, 70.336315 -20.111423 0.334646,
70.330463 -20.135381 0.334646, 70.330455 -20.135419 0.334646,
70.326633 -20.158261 0.334646, 70.326628 -20.158304 0.334646,
70.324831 -20.180153 0.334646, 70.324829 -20.180201 0.334646,
70.325049 -20.201181 0.334646, 70.325052 -20.201233 0.334646,
70.327283 -20.221469 0.334646, 70.327292 -20.221522 0.334646,
70.331526 -20.241137 0.334646, 70.33154 -20.241189 0.334646,
70.337772 -20.260308 0.334646, 70.33779 -20.260356 0.334646,
70.346011 -20.279103 0.334646, 70.346032 -20.279146 0.334646,
70.356237 -20.297644 0.334646, 70.356258 -20.297681 0.334646,
70.368439 -20.316056 0.334646, 70.368443 -20.316061 0.334646,
70.377904 -20.329959 0.334646, 70.386097 -20.343474 0.334646,
70.393039 -20.357004 0.334646, 70.398739 -20.37094 0.334646,
70.403203 -20.385661 0.334646, 70.406439 -20.401562 0.334646,
70.408454 -20.419035 0.334646, 70.409251 -20.438468 0.334646,
70.408835 -20.460248 0.334646, 70.407213 -20.484751 0.334646,
70.404388 -20.512366 0.334646, 70.400365 -20.543489 0.334646,
70.395151 -20.578496 0.334646, 70.388752 -20.617772 0.334646,
70.381174 -20.661706 0.334646, 70.381174 -20.661706 0.334646,
70.372423 -20.710676 0.334646, 70.372423 -20.710678 0.334646,
70.365813 -20.748372 0.334646, 70.365812 -20.748378 0.334646,
70.359831 -20.784628 0.334646, 70.35983 -20.784633 0.334646,
70.354477 -20.819454 0.334646, 70.354476 -20.819461 0.334646,
70.349752 -20.852865 0.334646, 70.349752 -20.852872 0.334646,
70.345657 -20.884874 0.334646, 70.345656 -20.884881 0.334646,
70.342191 -20.915494 0.334646, 70.34219 -20.915503 0.334646,
70.339355 -20.944741 0.334646, 70.339354 -20.944751 0.334646,
70.337148 -20.972629 0.334646, 70.337148 -20.972639 0.334646,
70.335572 -20.99917 0.334646, 70.335571 -20.999181 0.334646,
70.334626 -21.024379 0.334646, 70.334625 -21.024392 0.334646,
70.33431 -21.048271 0.334646, 70.33431 -21.048285 0.334646,
70.334625 -21.070858 0.334646, 70.334625 -21.070874 0.334646,
70.335571 -21.092156 0.334646, 70.335572 -21.092174 0.334646,
70.337148 -21.112178 0.334646, 70.33715 -21.112198 0.334646,
70.339358 -21.130938 0.334646, 70.339361 -21.13096 0.334646,
70.3422 -21.14845 0.334646, 70.342205 -21.148476 0.334646,
70.345675 -21.16473 0.334646, 70.345682 -21.164758 0.334646,
70.349783 -21.17979 0.334646, 70.349793 -21.179822 0.334646,
70.354525 -21.19364 0.334646, 70.359168 -21.207628 0.334646,
70.362497 -21.22323 0.334646, 70.364538 -21.240792 0.334646,
70.365304 -21.260626 0.334646, 70.364811 -21.283056 0.334646,
70.363073 -21.308378 0.334646, 70.360106 -21.336904 0.334646,
70.355924 -21.36897 0.334646, 70.350546 -21.404854 0.334646,
70.346813 -21.42867 0.334646, 70.346811 -21.428679 0.334646,
70.343607 -21.451626 0.334646, 70.343606 -21.451636 0.334646,
70.340928 -21.473964 0.334646, 70.340927 -21.473975 0.334646,
70.338772 -21.49593 0.334646, 70.338771 -21.495942 0.334646,
70.337135 -21.517774 0.334646, 70.337134 -21.517786 0.334646,
70.336014 -21.539741 0.334646, 70.336013 -21.539754 0.334646,
70.335406 -21.562081 0.334646, 70.335406 -21.562093 0.334646,
70.335306 -21.585041 0.334646, 70.335306 -21.585052 0.334646,
70.335713 -21.608869 0.334646, 70.335713 -21.608878 0.334646,
70.336621 -21.633811 0.334646, 70.336621 -21.63382 0.334646,
70.338027 -21.660118 0.334646, 70.338028 -21.660126 0.334646,
70.339928 -21.688037 0.334646, 70.339928 -21.688043 0.334646,
70.34232 -21.717815 0.334646, 70.34232 -21.71782 0.334646,
70.3452 -21.749701 0.334646, 70.3452 -21.749705 0.334646,
70.348563 -21.783944 0.334646, 70.348564 -21.783946 0.334646,
70.351537 -21.812709 0.334646, 70.35417 -21.839345 0.334646,
70.35417 -21.839345 0.334646, 70.356446 -21.86413 0.334646,
70.356446 -21.86413 0.334646, 70.358353 -21.887361 0.334646,
70.359876 -21.909322 0.334646, 70.361002 -21.9303 0.334646,
70.361717 -21.950582 0.334646, 70.362006 -21.970456 0.334646,
70.361856 -21.990221 0.334646, 70.361252 -22.010128 0.334646,
70.36018 -22.030511 0.334646, 70.358628 -22.051616 0.334646,
70.356579 -22.073759 0.334646, 70.35402 -22.097216 0.334646,
70.350937 -22.122277 0.334646, 70.347317 -22.149226 0.334646,
70.347317 -22.149226 0.334646, 70.343143 -22.178356 0.334646,
70.343144 -22.178356 0.334646, 70.338405 -22.209941 0.334646,
70.333086 -22.244279 0.334646, 70.333086 -22.244279 0.334646,
70.327172 -22.281655 0.334646, 70.327172 -22.281655 0.334646,
70.320652 -22.322346 0.334646, 70.266798 -22.635575 0.334646,
70.266793 -22.635714 0.334646, 70.266812 -22.635814 0.334646,
70.304728 -22.761436 0.334646, 70.313584 -22.791416 0.334646,
70.321142 -22.819565 0.334646, 70.327383 -22.846068 0.334646,
70.332285 -22.871098 0.334646, 70.335837 -22.89487 0.334646,
70.338023 -22.917581 0.334646, 70.338824 -22.939409 0.334646,
70.338223 -22.960546 0.334646, 70.336203 -22.981206 0.334646,
70.332749 -23.001553 0.334646, 70.327839 -23.021811 0.334646,
70.321462 -23.042147 0.334646, 70.313592 -23.062775 0.334646,
70.304217 -23.083875 0.334646, 70.293316 -23.105643 0.334646,
70.28087 -23.128274 0.334646, 70.266866 -23.151956 0.334646,
70.250803 -23.178446 0.334646, 70.250797 -23.178456 0.334646,
70.237301 -23.201835 0.334646, 70.237292 -23.201851 0.334646,
70.226154 -23.222863 0.334646, 70.226142 -23.222888 0.334646,
70.217156 -23.24228 0.334646, 70.217141 -23.242314 0.334646,
70.210098 -23.260832 0.334646, 70.210085 -23.260873 0.334646,
70.204778 -23.279263 0.334646, 70.204767 -23.279306 0.334646,
70.200989 -23.298315 0.334646, 70.200983 -23.298354 0.334646,
70.198525 -23.318728 0.334646, 70.198522 -23.318759 0.334646,
70.197178 -23.341243 0.334646, 70.197177 -23.341265 0.334646,
70.196739 -23.366606 0.334646, 70.196739 -23.36662 0.334646,
70.196998 -23.395562 0.334646, 70.197136 -23.42546 0.334646,
70.196207 -23.452891 0.334646, 70.194181 -23.478247 0.334646,
70.191026 -23.501861 0.334646, 70.186707 -23.524123 0.334646,
70.181194 -23.545381 0.334646, 70.174451 -23.566008 0.334646,
70.166451 -23.586352 0.334646, 70.157152 -23.606797 0.334646,
70.15101 -23.619911 0.334646, 70.150997 -23.619941 0.334646,
70.144601 -23.636169 0.334646, 70.144593 -23.636189 0.334646,
70.13802 -23.655231 0.334646, 70.138015 -23.655248 0.334646,
70.131339 -23.676806 0.334646, 70.131335 -23.676819 0.334646,
70.124633 -23.700595 0.334646, 70.12463 -23.700606 0.334646,
70.117978 -23.726301 0.334646, 70.117976 -23.726311 0.334646,
70.11145 -23.753628 0.334646, 70.111448 -23.753636 0.334646,
70.105124 -23.782276 0.334646, 70.105122 -23.782284 0.334646,
70.099076 -23.811948 0.334646, 70.099074 -23.811956 0.334646,
70.093382 -23.842346 0.334646, 70.09338 -23.842354 0.334646,
70.088117 -23.873171 0.334646, 70.088116 -23.87318 0.334646,
70.083359 -23.904126 0.334646, 70.083359 -23.904128 0.334646,
70.078839 -23.934326 0.334646, 70.078838 -23.934326 0.334646,
70.074255 -23.964085 0.334646, 70.069603 -23.993419 0.334646,
70.064879 -24.022338 0.334646, 70.060078 -24.050855 0.334646,
70.055196 -24.078983 0.334646, 70.055196 -24.078983 0.334646,
70.05023 -24.106727 0.334646, 70.045174 -24.134105 0.334646,
70.040024 -24.161129 0.334646, 70.040025 -24.161129 0.334646,
70.034779 -24.187804 0.334646, 70.034778 -24.187804 0.334646,
70.02943 -24.214147 0.334646, 70.023975 -24.240169 0.334646,
70.01841 -24.265881 0.334646, 70.012731 -24.291295 0.334646,
70.006933 -24.316422 0.334646, 70.001012 -24.341273 0.334646,
69.994963 -24.365865 0.334646, 69.988784 -24.390197 0.334646,
69.982469 -24.414293 0.334646, 69.976015 -24.438158 0.334646,
69.969416 -24.461807 0.334646, 69.962669 -24.485251 0.334646,
69.955769 -24.5085 0.334646, 69.948713 -24.531567 0.334646,
69.941495 -24.554467 0.334646, 69.934115 -24.577199 0.334646,
69.926563 -24.599788 0.334646, 69.918839 -24.622241 0.334646,
69.910936 -24.644569 0.334646, 69.902852 -24.666783 0.334646,
69.894581 -24.688897 0.334646, 69.88612 -24.710921 0.334646,
69.877463 -24.73287 0.334646, 69.86861 -24.754745 0.334646,
69.859553 -24.776569 0.334646, 69.850288 -24.79835 0.334646,
69.840813 -24.820098 0.334646, 69.83112 -24.841827 0.334646,
69.821209 -24.863547 0.334646, 69.811073 -24.88527 0.334646,
69.800709 -24.907007 0.334646, 69.790113 -24.92877 0.334646,
69.790112 -24.92877 0.334646, 69.779277 -24.950575 0.334646,
69.768204 -24.972422 0.334646, 69.756885 -24.994334 0.334646,
69.756884 -24.994334 0.334646, 69.745315 -25.016318 0.334646,
69.733492 -25.038386 0.334646, 69.721409 -25.060553 0.334646,
69.709068 -25.08282 0.334646, 69.696459 -25.10521 0.334646,
69.683579 -25.12773 0.334646, 69.670425 -25.150393 0.334646,
69.656991 -25.173208 0.334646, 69.643274 -25.196189 0.334646,
69.62927 -25.219347 0.334646, 69.614974 -25.242693 0.334646,
69.600383 -25.266239 0.334646, 69.585491 -25.289997 0.334646,
69.570293 -25.31398 0.334646, 69.570294 -25.31398 0.334646,
69.55479 -25.338193 0.334646, 69.530781 -25.37536 0.334646,
69.53078 -25.375361 0.334646, 69.508095 -25.410611 0.334646,
69.508095 -25.410611 0.334646, 69.486688 -25.444023 0.334646,
69.486687 -25.444024 0.334646, 69.466512 -25.475678 0.334646,
69.466511 -25.475679 0.334646, 69.44752 -25.505652 0.334646,
69.447519 -25.505653 0.334646, 69.429666 -25.534025 0.334646,
69.429665 -25.534027 0.334646, 69.412904 -25.560876 0.334646,
69.412902 -25.560878 0.334646, 69.397184 -25.586285 0.334646,
69.397183 -25.586287 0.334646, 69.382463 -25.610328 0.334646,
69.382461 -25.61033 0.334646, 69.368692 -25.633086 0.334646,
69.36869 -25.633089 0.334646, 69.355825 -25.654637 0.334646,
69.355823 -25.65464 0.334646, 69.343815 -25.675061 0.334646,
69.343813 -25.675065 0.334646, 69.332616 -25.694436 0.334646,
69.332613 -25.694439 0.334646, 69.32218 -25.71284 0.334646,
69.322177 -25.712844 0.334646, 69.312461 -25.730354 0.334646,
69.312458 -25.730359 0.334646, 69.303412 -25.747055 0.334646,
69.303409 -25.74706 0.334646, 69.294986 -25.763023 0.334646,
69.294983 -25.763029 0.334646, 69.287137 -25.778336 0.334646,
69.287134 -25.778342 0.334646, 69.279818 -25.793074 0.334646,
69.279815 -25.79308 0.334646, 69.272982 -25.807314 0.334646,
69.272979 -25.80732 0.334646, 69.266583 -25.821136 0.334646,
69.26658 -25.821143 0.334646, 69.260574 -25.834619 0.334646,
69.260571 -25.834626 0.334646, 69.254907 -25.847842 0.334646,
69.254905 -25.847848 0.334646, 69.249538 -25.860882 0.334646,
69.24953 -25.860901 0.334646, 69.236115 -25.897553 0.334646,
69.2361 -25.8976 0.334646, 69.229289 -25.923536 0.334646,
69.229272 -25.92366 0.334646, 69.228971 -25.942042 0.334646,
69.228983 -25.942162 0.334646, 69.229015 -25.942259 0.334646,
69.235129 -25.956246 0.334646, 69.235169 -25.956321 0.334646,
69.235233 -25.956401 0.334646, 69.247667 -25.969152 0.334646,
69.247745 -25.969218 0.334646, 69.259781 -25.977496 0.334646,
69.259876 -25.977547 0.334646, 69.272097 -25.982667 0.334646,
69.272219 -25.982702 0.334646, 69.284687 -25.984627 0.334646,
69.284819 -25.98463 0.334646, 69.297594 -25.98332 0.334646,
69.297713 -25.983293 0.334646, 69.310855 -25.978709 0.334646,
69.310945 -25.978668 0.334646, 69.324515 -25.970772 0.334646,
69.324579 -25.970729 0.334646, 69.338639 -25.959482 0.334646,
69.338682 -25.959443 0.334646, 69.353292 -25.944807 0.334646,
69.353322 -25.944774 0.334646, 69.368543 -25.926709 0.334646,
69.368563 -25.926683 0.334646, 69.384456 -25.905151 0.334646,
69.384471 -25.90513 0.334646, 69.401096 -25.880092 0.334646,
69.401107 -25.880074 0.334646, 69.418525 -25.851492 0.334646,
69.418533 -25.851478 0.334646, 69.436806 -25.819313 0.334646,
69.436812 -25.819302 0.334646, 69.455999 -25.783514 0.334646,
69.462981 -25.770484 0.334646, 69.470823 -25.755945 0.334646,
69.479471 -25.739995 0.334646, 69.488872 -25.722731 0.334646,
69.498972 -25.704252 0.334646, 69.509716 -25.684656 0.334646,
69.52105 -25.664039 0.334646, 69.521051 -25.664039 0.334646,
69.532922 -25.6425 0.334646, 69.545276 -25.620136 0.334646,
69.558059 -25.597045 0.334646, 69.571217 -25.573326 0.334646,
69.584695 -25.549074 0.334646, 69.598441 -25.52439 0.334646,
69.6124 -25.499369 0.334646, 69.626517 -25.474109 0.334646,
69.64074 -25.44871 0.334646, 69.655014 -25.423268 0.334646,
69.669285 -25.397881 0.334646, 69.6835 -25.372647 0.334646,
69.697604 -25.347663 0.334646, 69.711543 -25.323028 0.334646,
69.725264 -25.298837 0.334646, 69.745527 -25.263589 0.334646,
69.745528 -25.263589 0.334646, 69.76513 -25.229401 0.334646,
69.76513 -25.2294 0.334646, 69.784085 -25.196238 0.334646,
69.784085 -25.196237 0.334646, 69.802406 -25.164065 0.334646,
69.802406 -25.164064 0.334646, 69.820109 -25.132846 0.334646,
69.820109 -25.132845 0.334646, 69.837207 -25.102546 0.334646,
69.837208 -25.102544 0.334646, 69.853717 -25.073127 0.334646,
69.853717 -25.073126 0.334646, 69.869651 -25.044555 0.334646,
69.869652 -25.044554 0.334646, 69.885026 -25.016794 0.334646,
69.885027 -25.016792 0.334646, 69.899855 -24.989806 0.334646,
69.899856 -24.989805 0.334646, 69.914154 -24.963558 0.334646,
69.914155 -24.963556 0.334646, 69.927937 -24.938011 0.334646,
69.927938 -24.938009 0.334646, 69.941218 -24.913132 0.334646,
69.941219 -24.91313 0.334646, 69.954012 -24.888883 0.334646,
69.954013 -24.888881 0.334646, 69.966334 -24.865229 0.334646,
69.966335 -24.865227 0.334646, 69.978199 -24.842134 0.334646,
69.9782 -24.842131 0.334646, 69.98962 -24.819562 0.334646,
69.989622 -24.819559 0.334646, 70.000614 -24.797477 0.334646,
70.000615 -24.797473 0.334646, 70.011194 -24.775842 0.334646,
70.011196 -24.775839 0.334646, 70.021375 -24.754623 0.334646,
70.021376 -24.754619 0.334646, 70.031171 -24.733783 0.334646,
70.031173 -24.733779 0.334646, 70.040598 -24.713287 0.334646,
70.0406 -24.713282 0.334646, 70.04967 -24.693097 0.334646,
70.049672 -24.693093 0.334646, 70.058402 -24.67318 0.334646,
70.058404 -24.673175 0.334646, 70.066807 -24.653497 0.334646,
70.066809 -24.653493 0.334646, 70.074902 -24.634015 0.334646,
70.074904 -24.634009 0.334646, 70.082699 -24.614695 0.334646,
70.082701 -24.61469 0.334646, 70.090215 -24.595504 0.334646,
70.090217 -24.595499 0.334646, 70.097464 -24.576405 0.334646,
70.097466 -24.5764 0.334646, 70.10446 -24.557362 0.334646,
70.104462 -24.557357 0.334646, 70.111218 -24.538339 0.334646,
70.11122 -24.538333 0.334646, 70.117752 -24.5193 0.334646,
70.117754 -24.519295 0.334646, 70.124078 -24.500209 0.334646,
70.12408 -24.500204 0.334646, 70.13021 -24.481031 0.334646,
70.130211 -24.481026 0.334646, 70.136162 -24.46173 0.334646,
70.136163 -24.461725 0.334646, 70.141949 -24.442269 0.334646,
70.141951 -24.442265 0.334646, 70.147587 -24.422613 0.334646,
70.147588 -24.422609 0.334646, 70.153088 -24.402726 0.334646,
70.153089 -24.402722 0.334646, 70.158469 -24.382572 0.334646,
70.15847 -24.382568 0.334646, 70.163743 -24.362115 0.334646,
70.163744 -24.362111 0.334646, 70.168925 -24.341319 0.334646,
70.168926 -24.341315 0.334646, 70.174031 -24.320148 0.334646,
70.174031 -24.320145 0.334646, 70.179074 -24.298567 0.334646,
70.179075 -24.298564 0.334646, 70.184069 -24.276539 0.334646,
70.18407 -24.276536 0.334646, 70.189032 -24.254029 0.334646,
70.189033 -24.254026 0.334646, 70.193976 -24.231 0.334646,
70.193976 -24.230997 0.334646, 70.198916 -24.207417 0.334646,
70.198917 -24.207414 0.334646, 70.203867 -24.183243 0.334646,
70.203867 -24.183241 0.334646, 70.208843 -24.158443 0.334646,
70.208844 -24.158442 0.334646, 70.21386 -24.132982 0.334646,
70.213861 -24.13298 0.334646, 70.218932 -24.106822 0.334646,
70.218932 -24.10682 0.334646, 70.224072 -24.079931 0.334646,
70.224072 -24.079931 0.334646, 70.230176 -24.04911 0.334646,
70.236496 -24.018245 0.334646, 70.242984 -23.987555 0.334646,
70.242984 -23.987555 0.334646, 70.24959 -23.957259 0.334646,
70.256264 -23.927579 0.334646, 70.262956 -23.898733 0.334646,
70.269617 -23.870942 0.334646, 70.276197 -23.844424 0.334646,
70.282646 -23.819401 0.334646, 70.282646 -23.819401 0.334646,
70.288917 -23.796085 0.334646, 70.294954 -23.774715 0.334646,
70.300713 -23.755493 0.334646, 70.306142 -23.738648 0.334646,
70.311193 -23.72439 0.334646, 70.315815 -23.712943 0.334646,
70.322505 -23.69644 0.334646, 70.322513 -23.696418 0.334646,
70.329309 -23.677176 0.334646, 70.329315 -23.677158 0.334646,
70.336085 -23.655667 0.334646, 70.336089 -23.655653 0.334646,
70.342701 -23.632404 0.334646, 70.342704 -23.632392 0.334646,
70.349026 -23.607877 0.334646, 70.349029 -23.607865 0.334646,
70.354929 -23.582575 0.334646, 70.354931 -23.582563 0.334646,
70.360278 -23.55699 0.334646, 70.36028 -23.556977 0.334646,
70.364941 -23.531611 0.334646, 70.364943 -23.531597 0.334646,
70.368786 -23.50693 0.334646, 70.368789 -23.506913 0.334646,
70.371681 -23.483445 0.334646, 70.37514 -23.458977 0.334646,
70.379451 -23.433758 0.334646, 70.384526 -23.408163 0.334646,
70.39027 -23.38263 0.334646, 70.396589 -23.357575 0.334646,
70.403392 -23.333408 0.334646, 70.410574 -23.310585 0.334646,
70.418052 -23.289496 0.334646, 70.425725 -23.270578 0.334646,
70.433511 -23.254221 0.334646, 70.43351 -23.254221 0.334646,
70.435473 -23.250374 0.334646, 70.435474 -23.250372 0.334646,
70.437391 -23.246591 0.334646, 70.437393 -23.246589 0.334646,
70.439258 -23.242859 0.334646, 70.43926 -23.242855 0.334646,
70.441076 -23.239149 0.334646, 70.441078 -23.239144 0.334646,
70.442844 -23.235433 0.334646, 70.442847 -23.235427 0.334646,
70.444565 -23.231685 0.334646, 70.444569 -23.231677 0.334646,
70.446239 -23.227875 0.334646, 70.446243 -23.227867 0.334646,
70.447867 -23.223978 0.334646, 70.44787 -23.223969 0.334646,
70.449449 -23.219966 0.334646, 70.449453 -23.219956 0.334646,
70.450987 -23.21581 0.334646, 70.450991 -23.2158 0.334646,
70.452481 -23.211485 0.334646, 70.452484 -23.211474 0.334646,
70.453932 -23.206962 0.334646, 70.453935 -23.206951 0.334646,
70.455341 -23.202215 0.334646, 70.455344 -23.202204 0.334646,
70.456709 -23.197215 0.334646, 70.456712 -23.197204 0.334646,
70.458038 -23.191935 0.334646, 70.45804 -23.191925 0.334646,
70.459327 -23.186348 0.334646, 70.459329 -23.186338 0.334646,
70.460578 -23.180426 0.334646, 70.46058 -23.180417 0.334646,
70.461792 -23.174142 0.334646, 70.461794 -23.174133 0.334646,
70.46297 -23.167467 0.334646, 70.462971 -23.16746 0.334646,
70.464113 -23.160376 0.334646, 70.464114 -23.160369 0.334646,
70.465221 -23.152839 0.334646, 70.465222 -23.152833 0.334646,
70.466296 -23.14483 0.334646, 70.466297 -23.144824 0.334646,
70.46734 -23.13632 0.334646, 70.467341 -23.136314 0.334646,
70.468352 -23.127281 0.334646, 70.468352 -23.127277 0.334646,
70.469334 -23.117688 0.334646, 70.469334 -23.117683 0.334646,
70.470286 -23.107511 0.334646, 70.470287 -23.107507 0.334646,
70.471211 -23.096723 0.334646, 70.471211 -23.09672 0.334646,
70.472108 -23.085297 0.334646, 70.472109 -23.085294 0.334646,
70.472979 -23.073204 0.334646, 70.472979 -23.073201 0.334646,
70.473825 -23.060418 0.334646, 70.473825 -23.060415 0.334646,
70.474646 -23.04691 0.334646, 70.474646 -23.046907 0.334646,
70.475444 -23.032653 0.334646, 70.475444 -23.032651 0.334646,
70.47622 -23.017619 0.334646, 70.47622 -23.017617 0.334646,
70.476974 -23.001781 0.334646, 70.476974 -23.001779 0.334646,
70.477708 -22.985111 0.334646, 70.477708 -22.985109 0.334646,
70.478422 -22.967581 0.334646, 70.478422 -22.96758 0.334646,
70.479118 -22.949165 0.334646, 70.479118 -22.949163 0.334646,
70.479796 -22.929833 0.334646, 70.479796 -22.929831 0.334646,
70.480457 -22.909559 0.334646, 70.480457 -22.909557 0.334646,
70.481104 -22.888314 0.334646, 70.481104 -22.888313 0.334646,
70.481735 -22.866073 0.334646, 70.481735 -22.866072 0.334646,
70.482353 -22.842805 0.334646, 70.482353 -22.842804 0.334646,
70.482958 -22.818485 0.334646, 70.482958 -22.818485 0.334646,
70.483551 -22.793085 0.334646, 70.483551 -22.793084 0.334646,
70.484133 -22.766576 0.334646, 70.484133 -22.766575 0.334646,
70.484706 -22.738931 0.334646, 70.484706 -22.738931 0.334646,
70.48527 -22.710124 0.334646, 70.48527 -22.710123 0.334646,
70.485826 -22.680125 0.334646, 70.485826 -22.680124 0.334646,
70.486374 -22.648907 0.334646, 70.486374 -22.648907 0.334646,
70.486917 -22.616444 0.334646, 70.486917 -22.616443 0.334646,
70.487456 -22.582706 0.334646, 70.487989 -22.547668 0.334646,
70.487989 -22.547667 0.334646, 70.48852 -22.5113 0.334646,
70.489049 -22.473576 0.334646, 70.489049 -22.473576 0.334646,
70.489576 -22.434467 0.334646, 70.490104 -22.393947 0.334646,
70.490104 -22.393947 0.334646, 70.490632 -22.351987 0.334646,
70.491162 -22.308561 0.334646, 70.491694 -22.26364 0.334646,
70.491694 -22.263639 0.334646, 70.492231 -22.217196 0.334646,
70.492772 -22.169203 0.334646, 70.493319 -22.119632 0.334646,
70.493319 -22.119631 0.334646, 70.493872 -22.068456 0.334646,
70.494432 -22.015648 0.334646, 70.495002 -21.961179 0.334646,
70.49558 -21.905022 0.334646, 70.496169 -21.84715 0.334646,
70.49677 -21.787535 0.334646, 70.49677 -21.787535 0.334646,
70.497383 -21.72615 0.334646, 70.498009 -21.662966 0.334646,
70.498649 -21.597956 0.334646, 70.499305 -21.531093 0.334646,
70.499977 -21.462348 0.334646, 70.500666 -21.391695 0.334646,
70.501374 -21.319106 0.334646, 70.501824 -21.266943 0.334646,
70.502276 -21.218495 0.334646, 70.502744 -21.173563 0.334646,
70.503249 -21.13195 0.334646, 70.503806 -21.093458 0.334646,
70.504435 -21.057888 0.334646, 70.505153 -21.025042 0.334646,
70.505976 -20.994719 0.334646, 70.505976 -20.994719 0.334646,
70.506924 -20.966731 0.334646, 70.508013 -20.94087 0.334646,
70.509262 -20.916941 0.334646, 70.510688 -20.894745 0.334646,
70.512309 -20.874085 0.334646, 70.514142 -20.854763 0.334646,
70.516206 -20.836569 0.334646, 70.518516 -20.819338 0.334646,
70.521092 -20.802837 0.334646, 70.523952 -20.786881 0.334646,
70.527115 -20.771259 0.334646, 70.530592 -20.755806 0.334646,
70.53441 -20.74028 0.334646, 70.538578 -20.724522 0.334646,
70.543122 -20.708306 0.334646, 70.548055 -20.691443 0.334646,
70.553396 -20.673735 0.334646, 70.559163 -20.654983 0.334646,
70.57013 -20.619233 0.334646, 70.570132 -20.619226 0.334646,
70.579765 -20.586281 0.334646, 70.579768 -20.586272 0.334646,
70.588064 -20.555868 0.334646, 70.588067 -20.555856 0.334646,
70.595021 -20.527731 0.334646, 70.595025 -20.527715 0.334646,
70.600633 -20.501606 0.334646, 70.600637 -20.501587 0.334646,
70.604896 -20.477231 0.334646, 70.604899 -20.477207 0.334646,
70.607804 -20.454342 0.334646, 70.607807 -20.454313 0.334646,
70.609353 -20.432675 0.334646, 70.609354 -20.432643 0.334646,
70.609537 -20.41197 0.334646, 70.609537 -20.411935 0.334646,
70.608354 -20.391965 0.334646, 70.60835 -20.391928 0.334646,
70.605796 -20.372396 0.334646, 70.60579 -20.372361 0.334646,
70.601861 -20.353006 0.334646, 70.601853 -20.352972 0.334646,
70.596544 -20.333531 0.334646, 70.596535 -20.333502 0.334646,
70.589843 -20.313712 0.334646, 70.589834 -20.313687 0.334646,
70.581755 -20.293286 0.334646, 70.581747 -20.293266 0.334646,
70.572276 -20.271991 0.334646, 70.572268 -20.271975 0.334646,
70.561401 -20.249562 0.334646, 70.561395 -20.24955 0.334646,
70.549128 -20.225737 0.334646, 70.487374 -20.102334 0.334646,
70.549126 -19.982886 0.334646, 70.562137 -19.958275 0.334646,
70.562142 -19.958266 0.334646, 70.573507 -19.935747 0.334646,
70.573514 -19.935733 0.334646, 70.583271 -19.914879 0.334646,
70.58328 -19.914858 0.334646, 70.591467 -19.895237 0.334646,
70.591477 -19.895211 0.334646, 70.598132 -19.876395 0.334646,
70.598143 -19.876362 0.334646, 70.603304 -19.857922 0.334646,
70.603313 -19.857883 0.334646, 70.607018 -19.83939 0.334646,
70.607024 -19.83935 0.334646, 70.609312 -19.820374 0.334646,
70.609316 -19.820335 0.334646, 70.610224 -19.800448 0.334646,
70.610225 -19.800413 0.334646, 70.609792 -19.779185 0.334646,
70.60979 -19.779156 0.334646, 70.608054 -19.756157 0.334646,
70.608052 -19.756135 0.334646, 70.605052 -19.730936 0.334646,
70.605049 -19.730919 0.334646, 70.600822 -19.703091 0.334646,
70.60082 -19.70308 0.334646, 70.595403 -19.672194 0.334646,
70.595402 -19.672186 0.334646, 70.588835 -19.637813 0.334646,
70.588834 -19.637809 0.334646, 70.581155 -19.59952 0.334646,
70.577172 -19.578742 0.334646, 70.577172 -19.578742 0.334646,
70.573605 -19.558606 0.334646, 70.573605 -19.558606 0.334646,
70.570476 -19.539036 0.334646, 70.567804 -19.519944 0.334646,
70.565605 -19.501206 0.334646, 70.563901 -19.482768 0.334646,
70.562709 -19.464508 0.334646, 70.56205 -19.446344 0.334646,
70.561942 -19.428186 0.334646, 70.562404 -19.409913 0.334646,
70.563454 -19.391479 0.334646, 70.565111 -19.372764 0.334646,
70.5674 -19.353653 0.334646, 70.57033 -19.334106 0.334646,
70.573928 -19.313985 0.334646, 70.578211 -19.293211 0.334646,
70.583201 -19.271679 0.334646, 70.588909 -19.249331 0.334646,
70.595364 -19.22603 0.334646, 70.602576 -19.201722 0.334646,
70.610572 -19.176287 0.334646, 70.619367 -19.149641 0.334646,
70.628981 -19.12169 0.334646, 70.639433 -19.092341 0.334646,
70.650744 -19.061498 0.334646, 70.650744 -19.061498 0.334646,
70.662928 -19.02908 0.334646, 70.676009 -18.99498 0.334646,
70.676009 -18.99498 0.334646, 70.690006 -18.959109 0.334646,
70.690005 -18.959109 0.334646, 70.704933 -18.92138 0.334646,
70.720815 -18.881691 0.334646, 70.720816 -18.881689 0.334646,
70.73231 -18.852639 0.334646, 70.732311 -18.852637 0.334646,
70.743361 -18.824554 0.334646, 70.743362 -18.824553 0.334646,
70.753978 -18.797385 0.334646, 70.753979 -18.797384 0.334646,
70.764169 -18.77108 0.334646, 70.764169 -18.771079 0.334646,
70.773941 -18.745588 0.334646, 70.773941 -18.745585 0.334646,
70.783304 -18.720856 0.334646, 70.783306 -18.720854 0.334646,
70.792268 -18.696833 0.334646, 70.792269 -18.696831 0.334646,
70.800839 -18.67347 0.334646, 70.80084 -18.673467 0.334646,
70.809026 -18.650713 0.334646, 70.809028 -18.650709 0.334646,
70.816839 -18.62851 0.334646, 70.81684 -18.628506 0.334646,
70.824285 -18.606812 0.334646, 70.824287 -18.606808 0.334646,
70.831374 -18.585567 0.334646, 70.831376 -18.585562 0.334646,
70.838114 -18.564722 0.334646, 70.838115 -18.564717 0.334646,
70.844513 -18.544226 0.334646, 70.844514 -18.544221 0.334646,
70.850579 -18.52403 0.334646, 70.850581 -18.524024 0.334646,
70.856322 -18.504079 0.334646, 70.856324 -18.504073 0.334646,
70.86175 -18.484325 0.334646, 70.861752 -18.484318 0.334646,
70.866872 -18.464714 0.334646, 70.866873 -18.464707 0.334646,
70.871694 -18.445196 0.334646, 70.871696 -18.445189 0.334646,
70.876229 -18.425719 0.334646, 70.87623 -18.425712 0.334646,
70.880481 -18.406232 0.334646, 70.880483 -18.406225 0.334646,
70.884461 -18.386684 0.334646, 70.884463 -18.386677 0.334646,
70.888178 -18.367024 0.334646, 70.888179 -18.367017 0.334646,
70.891639 -18.347199 0.334646, 70.89164 -18.347192 0.334646,
70.894853 -18.327158 0.334646, 70.894854 -18.327151 0.334646,
70.897829 -18.306851 0.334646, 70.89783 -18.306844 0.334646,
70.900575 -18.286226 0.334646, 70.900576 -18.286219 0.334646,
70.903101 -18.265231 0.334646, 70.903101 -18.265224 0.334646,
70.905413 -18.243815 0.334646, 70.905413 -18.243809 0.334646,
70.907521 -18.221927 0.334646, 70.907522 -18.221921 0.334646,
70.909434 -18.199515 0.334646, 70.909434 -18.199509 0.334646,
70.91116 -18.176528 0.334646, 70.91116 -18.176523 0.334646,
70.912707 -18.152915 0.334646, 70.912707 -18.15291 0.334646,
70.914085 -18.128624 0.334646, 70.914085 -18.12862 0.334646,
70.915301 -18.103604 0.334646, 70.915302 -18.1036 0.334646,
70.916365 -18.077802 0.334646, 70.916365 -18.077799 0.334646,
70.917284 -18.05117 0.334646, 70.917284 -18.051167 0.334646,
70.918068 -18.023653 0.334646, 70.918069 -18.02365 0.334646,
70.918725 -17.995202 0.334646, 70.918725 -17.995199 0.334646,
70.919264 -17.965763 0.334646, 70.919264 -17.965761 0.334646,
70.919692 -17.935288 0.334646, 70.919692 -17.935286 0.334646,
70.920019 -17.903723 0.334646, 70.920019 -17.903721 0.334646,
70.920254 -17.871017 0.334646, 70.920254 -17.871015 0.334646,
70.920404 -17.837119 0.334646, 70.920404 -17.837118 0.334646,
70.920478 -17.801978 0.334646, 70.920478 -17.801977 0.334646,
70.920485 -17.765542 0.334646, 70.920485 -17.765541 0.334646,
70.920433 -17.727759 0.334646, 70.920433 -17.727759 0.334646,
70.920332 -17.688579 0.334646, 70.920332 -17.688578 0.334646,
70.920207 -17.661881 0.334646, 70.920207 -17.66188 0.334646,
70.920029 -17.634588 0.334646, 70.920029 -17.634587 0.334646,
70.919799 -17.606733 0.334646, 70.919799 -17.606732 0.334646,
70.919518 -17.578346 0.334646, 70.919518 -17.578345 0.334646,
70.919187 -17.549461 0.334646, 70.919187 -17.54946 0.334646,
70.918808 -17.520109 0.334646, 70.918808 -17.520109 0.334646,
70.918381 -17.490323 0.334646, 70.918381 -17.490322 0.334646,
70.917909 -17.460135 0.334646, 70.917909 -17.460135 0.334646,
70.917393 -17.429578 0.334646, 70.917393 -17.429577 0.334646,
70.916832 -17.398681 0.334646, 70.916832 -17.398681 0.334646,
70.91623 -17.36748 0.334646, 70.91623 -17.36748 0.334646,
70.915587 -17.336005 0.334646, 70.915587 -17.336005 0.334646,
70.914904 -17.304289 0.334646, 70.914904 -17.304289 0.334646,
70.914183 -17.272364 0.334646, 70.914183 -17.272363 0.334646,
70.913426 -17.240261 0.334646, 70.913426 -17.240261 0.334646,
70.912632 -17.208014 0.334646, 70.912632 -17.208014 0.334646,
70.911804 -17.175655 0.334646, 70.911804 -17.175654 0.334646,
70.910943 -17.143215 0.334646, 70.910943 -17.143214 0.334646,
70.91005 -17.110726 0.334646, 70.91005 -17.110725 0.334646,
70.909126 -17.078221 0.334646, 70.909126 -17.078221 0.334646,
70.908173 -17.045733 0.334646, 70.908173 -17.045732 0.334646,
70.907192 -17.013293 0.334646, 70.907192 -17.013292 0.334646,
70.906183 -16.980933 0.334646, 70.906183 -16.980932 0.334646,
70.90515 -16.948685 0.334646, 70.90515 -16.948685 0.334646,
70.904092 -16.916582 0.334646, 70.904092 -16.916582 0.334646,
70.903011 -16.884657 0.334646, 70.903011 -16.884656 0.334646,
70.901909 -16.85294 0.334646, 70.901909 -16.85294 0.334646,
70.900785 -16.821465 0.334646, 70.900785 -16.821464 0.334646,
70.899643 -16.790263 0.334646, 70.899643 -16.790262 0.334646,
70.898483 -16.759366 0.334646, 70.898483 -16.759365 0.334646,
70.897306 -16.728807 0.334646, 70.897306 -16.728807 0.334646,
70.896114 -16.698618 0.334646, 70.896114 -16.698617 0.334646,
70.894907 -16.668831 0.334646, 70.894907 -16.668831 0.334646,
70.893688 -16.639478 0.334646, 70.893688 -16.639478 0.334646,
70.892457 -16.610593 0.334646, 70.892457 -16.610592 0.334646,
70.891216 -16.582204 0.334646, 70.891216 -16.582204 0.334646,
70.889965 -16.554348 0.334646, 70.889965 -16.554347 0.334646,
70.888707 -16.527054 0.334646, 70.888707 -16.527053 0.334646,
70.887443 -16.500354 0.334646, 70.887442 -16.500354 0.334646,
70.886172 -16.474283 0.334646, 70.886172 -16.474282 0.334646,
70.884898 -16.44887 0.334646, 70.884898 -16.44887 0.334646,
70.883622 -16.42415 0.334646, 70.883622 -16.424149 0.334646,
70.882344 -16.400152 0.334646, 70.882344 -16.400151 0.334646,
70.881065 -16.376911 0.334646, 70.881065 -16.37691 0.334646,
70.879788 -16.354458 0.334646, 70.879788 -16.354457 0.334646,
70.878514 -16.332825 0.334646, 70.878514 -16.332824 0.334646,
70.877243 -16.312044 0.334646, 70.877242 -16.312043 0.334646,
70.875976 -16.292148 0.334646, 70.875976 -16.292146 0.334646,
70.874716 -16.273168 0.334646, 70.874716 -16.273167 0.334646,
70.873463 -16.255137 0.334646, 70.873463 -16.255136 0.334646,
70.872219 -16.238088 0.334646, 70.872219 -16.238085 0.334646,
70.870985 -16.222051 0.334646, 70.870985 -16.222048 0.334646,
70.869763 -16.207059 0.334646, 70.869762 -16.207056 0.334646,
70.868552 -16.193144 0.334646, 70.868552 -16.193141 0.334646,
70.867355 -16.18034 0.334646, 70.867355 -16.180336 0.334646,
70.866174 -16.168676 0.334646, 70.866173 -16.168671 0.334646,
70.865008 -16.158185 0.334646, 70.865007 -16.158179 0.334646,
70.86386 -16.148899 0.334646, 70.863859 -16.148891 0.334646,
70.86273 -16.14085 0.334646, 70.862729 -16.140838 0.334646,
70.86162 -16.134068 0.334646, 70.861617 -16.13405 0.334646,
70.86053 -16.128583 0.334646, 70.860517 -16.12853 0.334646,
70.854094 -16.107895 0.334646, 70.85407 -16.107834 0.334646,
70.844774 -16.087473 0.334646, 70.844747 -16.087422 0.334646,
70.832875 -16.067603 0.334646, 70.832846 -16.06756 0.334646,
70.818695 -16.048552 0.334646, 70.818665 -16.048515 0.334646,
70.802533 -16.030587 0.334646, 70.802501 -16.030554 0.334646,
70.784687 -16.013975 0.334646, 70.784652 -16.013945 0.334646,
70.765452 -15.998982 0.334646, 70.765415 -15.998955 0.334646,
70.745128 -15.985878 0.334646, 70.745085 -15.985853 0.334646,
70.724008 -15.974929 0.334646, 70.723959 -15.974907 0.334646,
70.70239 -15.966406 0.334646, 70.702333 -15.966387 0.334646,
70.68057 -15.960577 0.334646, 70.680518 -15.960566 0.334646,
70.672101 -15.95922 0.334646, 70.672078 -15.959217 0.334646,
70.663576 -15.958233 0.334646, 70.663553 -15.958231 0.334646,
70.654947 -15.957624 0.334646, 70.654924 -15.957622 0.334646,
70.646197 -15.957407 0.334646, 70.646173 -15.957407 0.334646,
70.637307 -15.957597 0.334646, 70.637283 -15.957598 0.334646,
70.628261 -15.958209 0.334646, 70.628237 -15.958211 0.334646,
70.619039 -15.959256 0.334646, 70.619016 -15.959259 0.334646,
70.609625 -15.960752 0.334646, 70.609603 -15.960756 0.334646,
70.600001 -15.962713 0.334646, 70.59998 -15.962718 0.334646,
70.590149 -15.965152 0.334646, 70.590129 -15.965157 0.334646,
70.580051 -15.968084 0.334646, 70.580032 -15.96809 0.334646,
70.569689 -15.971523 0.334646, 70.569671 -15.971529 0.334646,
70.559045 -15.975483 0.334646, 70.559029 -15.975489 0.334646,
70.548102 -15.979978 0.334646, 70.548087 -15.979985 0.334646,
70.536841 -15.985023 0.334646, 70.536827 -15.985029 0.334646,
70.525244 -15.990631 0.334646, 70.525232 -15.990638 0.334646,
70.513294 -15.996819 0.334646, 70.513282 -15.996825 0.334646,
70.500972 -16.003598 0.334646, 70.500961 -16.003604 0.334646,
70.488259 -16.010985 0.334646, 70.48825 -16.010991 0.334646,
70.475139 -16.018993 0.334646, 70.47513 -16.018998 0.334646,
70.461593 -16.027636 0.334646, 70.461585 -16.027641 0.334646,
70.447603 -16.03693 0.334646, 70.447595 -16.036935 0.334646,
70.43315 -16.046888 0.334646, 70.433143 -16.046892 0.334646,
70.418218 -16.057524 0.334646, 70.418212 -16.057529 0.334646,
70.402787 -16.068854 0.334646, 70.402781 -16.068858 0.334646,
70.38684 -16.080891 0.334646, 70.386835 -16.080895 0.334646,
70.370358 -16.093651 0.334646, 70.370354 -16.093654 0.334646,
70.353324 -16.107146 0.334646, 70.35332 -16.10715 0.334646,
70.33572 -16.121393 0.334646, 70.335717 -16.121396 0.334646,
70.317528 -16.136405 0.334646, 70.317524 -16.136407 0.334646,
70.298729 -16.152196 0.334646, 70.298726 -16.152198 0.334646,
70.279306 -16.168781 0.334646, 70.279302 -16.168783 0.334646,
70.25924 -16.186174 0.334646, 70.259237 -16.186176 0.334646,
70.238514 -16.20439 0.334646, 70.238511 -16.204393 0.334646,
70.217109 -16.223444 0.334646, 70.217107 -16.223446 0.334646,
70.195008 -16.243349 0.334646, 70.195006 -16.243351 0.334646,
70.172192 -16.26412 0.334646, 70.17219 -16.264121 0.334646,
70.148644 -16.28577 0.334646, 70.148642 -16.285772 0.334646,
70.124345 -16.308317 0.334646, 70.124344 -16.308318 0.334646,
70.099278 -16.331772 0.334646, 70.099276 -16.331773 0.334646,
70.073424 -16.35615 0.334646, 70.073423 -16.356152 0.334646,
70.046767 -16.381467 0.334646, 70.046765 -16.381468 0.334646,
70.019286 -16.407736 0.334646, 70.019285 -16.407737 0.334646,
69.990965 -16.434971 0.334646, 69.990964 -16.434972 0.334646,
69.961785 -16.463188 0.334646, 69.961785 -16.463189 0.334646,
69.93173 -16.4924 0.334646, 69.931729 -16.492401 0.334646,
69.900779 -16.522622 0.334646, 69.900778 -16.522623 0.334646,
69.868917 -16.553869 0.334646, 69.868916 -16.55387 0.334646,
69.836123 -16.586154 0.334646, 69.836122 -16.586155 0.334646,
69.802381 -16.619492 0.334646, 69.802381 -16.619493 0.334646,
69.767674 -16.653898 0.334646, 69.767673 -16.653898 0.334646,
69.731981 -16.689385 0.334646, 69.731981 -16.689386 0.334646,
69.695286 -16.725969 0.334646, 69.695286 -16.72597 0.334646,
69.657571 -16.763663 0.334646, 69.65757 -16.763664 0.334646,
69.618817 -16.802483 0.334646, 69.580532 -16.840879 0.334646,
69.544055 -16.877359 0.334646, 69.509318 -16.911965 0.334646,
69.476256 -16.944737 0.334646, 69.444803 -16.975718 0.334646,
69.414893 -17.004945 0.334646, 69.386457 -17.032464 0.334646,
69.359437 -17.058308 0.334646, 69.359437 -17.058307 0.334646,
69.333756 -17.082526 0.334646, 69.30936 -17.10515 0.334646,
69.286169 -17.126233 0.334646, 69.264134 -17.145799 0.334646,
69.243175 -17.163902 0.334646, 69.223232 -17.180579 0.334646,
69.204229 -17.195876 0.334646, 69.186126 -17.209816 0.334646,
69.168827 -17.222461 0.334646, 69.152284 -17.233839 0.334646,
69.136423 -17.243998 0.334646, 69.121189 -17.252969 0.334646,
69.106504 -17.260804 0.334646, 69.092311 -17.267536 0.334646,
69.078539 -17.27321 0.334646, 69.065119 -17.277868 0.334646,
69.05199 -17.281549 0.334646, 69.039084 -17.284296 0.334646,
69.026338 -17.286147 0.334646, 69.013675 -17.287147 0.334646,
69.001037 -17.287334 0.334646, 68.988347 -17.28675 0.334646,
68.975551 -17.285434 0.334646, 68.962583 -17.283428 0.334646,
68.949359 -17.280769 0.334646, 68.935823 -17.277499 0.334646,
68.921926 -17.273663 0.334646, 68.907572 -17.269294 0.334646,
68.892705 -17.264435 0.334646, 68.877272 -17.25913 0.334646,
68.87727 -17.259129 0.334646, 68.862568 -17.254156 0.334646,
68.862559 -17.254153 0.334646, 68.847432 -17.24935 0.334646,
68.847423 -17.249348 0.334646, 68.831819 -17.244709 0.334646,
68.831809 -17.244707 0.334646, 68.815672 -17.240227 0.334646,
68.815663 -17.240225 0.334646, 68.79894 -17.235897 0.334646,
68.798932 -17.235895 0.334646, 68.781569 -17.231713 0.334646,
68.78156 -17.231711 0.334646, 68.763503 -17.22767 0.334646,
68.763495 -17.227668 0.334646, 68.74469 -17.22376 0.334646,
68.744682 -17.223759 0.334646, 68.725075 -17.219978 0.334646,
68.725069 -17.219977 0.334646, 68.704606 -17.216319 0.334646,
68.704599 -17.216317 0.334646, 68.683227 -17.212774 0.334646,
68.683221 -17.212773 0.334646, 68.660886 -17.209339 0.334646,
68.66088 -17.209338 0.334646, 68.637528 -17.206007 0.334646,
68.637523 -17.206006 0.334646, 68.613099 -17.202773 0.334646,
68.613094 -17.202772 0.334646, 68.587546 -17.19963 0.334646,
68.587541 -17.199629 0.334646, 68.560813 -17.196571 0.334646,
68.560809 -17.19657 0.334646, 68.532849 -17.193591 0.334646,
68.532846 -17.193591 0.334646, 68.503599 -17.190684 0.334646,
68.503595 -17.190684 0.334646, 68.473008 -17.187844 0.334646,
68.473005 -17.187844 0.334646, 68.441023 -17.185064 0.334646,
68.44102 -17.185064 0.334646, 68.407591 -17.182338 0.334646,
68.407588 -17.182338 0.334646, 68.372656 -17.179661 0.334646,
68.372654 -17.179661 0.334646, 68.336166 -17.177025 0.334646,
68.336164 -17.177025 0.334646, 68.298066 -17.174426 0.334646,
68.298064 -17.174426 0.334646, 68.258303 -17.171856 0.334646,
68.258301 -17.171856 0.334646, 68.216822 -17.16931 0.334646,
68.216822 -17.169311 0.334646, 68.185161 -17.167322 0.334646,
68.185161 -17.167321 0.334646, 68.153826 -17.165143 0.334646,
68.122893 -17.162788 0.334646, 68.092426 -17.160265 0.334646,
68.092426 -17.160265 0.334646, 68.062483 -17.157583 0.334646,
68.033141 -17.154756 0.334646, 68.004461 -17.151793 0.334646,
67.976515 -17.148704 0.334646, 67.94936 -17.1455 0.334646,
67.923063 -17.14219 0.334646, 67.923063 -17.142191 0.334646,
67.897704 -17.138787 0.334646, 67.87333 -17.1353 0.334646,
67.850027 -17.13174 0.334646, 67.827842 -17.128117 0.334646,
67.806862 -17.124443 0.334646, 67.787131 -17.120724 0.334646,
67.768741 -17.116978 0.334646, 67.751738 -17.113209 0.334646,
67.736184 -17.109428 0.334646, 67.736184 -17.109428 0.334646,
67.713021 -17.103691 0.334646, 67.71301 -17.103688 0.334646,
67.689583 -17.098446 0.334646, 67.689571 -17.098444 0.334646,
67.665898 -17.093697 0.334646, 67.665887 -17.093695 0.334646,
67.641982 -17.089444 0.334646, 67.641971 -17.089442 0.334646,
67.61785 -17.085687 0.334646, 67.617839 -17.085685 0.334646,
67.593518 -17.082425 0.334646, 67.593507 -17.082423 0.334646,
67.569 -17.079659 0.334646, 67.568989 -17.079658 0.334646,
67.544313 -17.077389 0.334646, 67.544302 -17.077388 0.334646,
67.519471 -17.075615 0.334646, 67.519461 -17.075615 0.334646,
67.494491 -17.074337 0.334646, 67.494481 -17.074336 0.334646,
67.469387 -17.073554 0.334646, 67.469377 -17.073554 0.334646,
67.444174 -17.073267 0.334646, 67.444164 -17.073267 0.334646,
67.418869 -17.073476 0.334646, 67.418867 -17.073476 0.334646,
67.393169 -17.073822 0.334646, 67.366435 -17.073794 0.334646,
67.339073 -17.073407 0.334646, 67.311517 -17.07268 0.334646,
67.284211 -17.07163 0.334646, 67.257585 -17.070275 0.334646,
67.232066 -17.068631 0.334646, 67.208084 -17.066717 0.334646,
67.186062 -17.064548 0.334646, 67.166462 -17.062146 0.334646,
67.149683 -17.059524 0.334646, 67.149667 -17.059522 0.334646,
67.127222 -17.056718 0.334646, 67.127202 -17.056716 0.334646,
67.106227 -17.054904 0.334646, 67.1062 -17.054902 0.334646,
67.086093 -17.05418 0.334646, 67.086062 -17.05418 0.334646,
67.066222 -17.054645 0.334646, 67.066189 -17.054647 0.334646,
67.046014 -17.056399 0.334646, 67.045982 -17.056402 0.334646,
67.02487 -17.059539 0.334646, 67.024843 -17.059544 0.334646,
67.002193 -17.064163 0.334646, 67.002171 -17.064168 0.334646,
66.977382 -17.070367 0.334646, 66.977365 -17.070371 0.334646,
66.949835 -17.078249 0.334646, 66.949823 -17.078253 0.334646,
66.918951 -17.087907 0.334646, 66.918943 -17.08791 0.334646,
66.884132 -17.099438 0.334646, 66.849316 -17.11052 0.334646,
66.817633 -17.11988 0.334646, 66.788772 -17.127582 0.334646,
66.76236 -17.133709 0.334646, 66.738083 -17.138327 0.334646,
66.715608 -17.141507 0.334646, 66.694598 -17.143321 0.334646,
66.674702 -17.143843 0.334646, 66.655611 -17.143143 0.334646,
66.636952 -17.141291 0.334646, 66.607223 -17.137094 0.334646,
66.607219 -17.137093 0.334646, 66.578133 -17.13323 0.334646,
66.578128 -17.133229 0.334646, 66.549669 -17.129706 0.334646,
66.549664 -17.129705 0.334646, 66.521798 -17.126525 0.334646,
66.521793 -17.126524 0.334646, 66.494491 -17.123691 0.334646,
66.494485 -17.123691 0.334646, 66.467712 -17.121209 0.334646,
66.467706 -17.121209 0.334646, 66.441431 -17.119082 0.334646,
66.441424 -17.119082 0.334646, 66.415615 -17.117314 0.334646,
66.415608 -17.117313 0.334646, 66.390233 -17.115908 0.334646,
66.390226 -17.115908 0.334646, 66.365251 -17.114869 0.334646,
66.365244 -17.114868 0.334646, 66.340639 -17.114199 0.334646,
66.340631 -17.114199 0.334646, 66.316363 -17.113904 0.334646,
66.316355 -17.113904 0.334646, 66.292393 -17.113986 0.334646,
66.292384 -17.113986 0.334646, 66.268694 -17.114449 0.334646,
66.268686 -17.11445 0.334646, 66.245237 -17.115298 0.334646,
66.245228 -17.115298 0.334646, 66.221987 -17.116535 0.334646,
66.221978 -17.116536 0.334646, 66.198915 -17.118166 0.334646,
66.198906 -17.118167 0.334646, 66.175986 -17.120193 0.334646,
66.175976 -17.120193 0.334646, 66.153169 -17.12262 0.334646,
66.15316 -17.122621 0.334646, 66.130432 -17.125451 0.334646,
66.130423 -17.125452 0.334646, 66.107743 -17.12869 0.334646,
66.107734 -17.128692 0.334646, 66.08507 -17.132341 0.334646,
66.085061 -17.132342 0.334646, 66.062381 -17.136407 0.334646,
66.062372 -17.136408 0.334646, 66.039643 -17.140891 0.334646,
66.039635 -17.140893 0.334646, 66.016825 -17.145799 0.334646,
66.016817 -17.145801 0.334646, 65.993894 -17.151133 0.334646,
65.993886 -17.151135 0.334646, 65.970819 -17.156898 0.334646,
65.970811 -17.1569 0.334646, 65.947566 -17.163096 0.334646,
65.947559 -17.163098 0.334646, 65.924105 -17.169733 0.334646,
65.924098 -17.169735 0.334646, 65.900403 -17.17681 0.334646,
65.900396 -17.176813 0.334646, 65.876428 -17.184334 0.334646,
65.876421 -17.184336 0.334646, 65.852146 -17.192306 0.334646,
65.852141 -17.192307 0.334646, 65.827528 -17.20073 0.334646,
65.827522 -17.200732 0.334646, 65.802541 -17.209612 0.334646,
65.802535 -17.209614 0.334646, 65.777151 -17.218954 0.334646,
65.777146 -17.218956 0.334646, 65.751328 -17.228759 0.334646,
65.751323 -17.228761 0.334646, 65.725039 -17.239032 0.334646,
65.69223 -17.251785 0.334646, 65.660648 -17.263407 0.334646,
65.630242 -17.273903 0.334646, 65.600975 -17.28327 0.334646,
65.572772 -17.291521 0.334646, 65.545573 -17.298661 0.334646,
65.519365 -17.304684 0.334646, 65.494037 -17.309608 0.334646,
65.469581 -17.313429 0.334646, 65.445931 -17.316153 0.334646,
65.423016 -17.317786 0.334646, 65.400799 -17.318333 0.334646,
65.379219 -17.317797 0.334646, 65.358235 -17.316183 0.334646,
65.337769 -17.313496 0.334646, 65.317795 -17.309743 0.334646,
65.298226 -17.30492 0.334646, 65.279036 -17.299041 0.334646,
65.26016 -17.292107 0.334646, 65.24154 -17.284118 0.334646,
65.223121 -17.275081 0.334646, 65.204863 -17.265004 0.334646,
65.192869 -17.257753 0.334646, 65.180376 -17.249594 0.334646,
65.167405 -17.240545 0.334646, 65.153969 -17.230619 0.334646,
65.140054 -17.219806 0.334646, 65.125694 -17.208136 0.334646,
65.110895 -17.195617 0.334646, 65.095646 -17.18224 0.334646,
65.079977 -17.168033 0.334646, 65.063888 -17.152998 0.334646,
65.047389 -17.137146 0.334646, 65.030489 -17.120485 0.334646,
65.013196 -17.103024 0.334646, 64.995524 -17.084778 0.334646,
64.977473 -17.065746 0.334646, 64.959053 -17.04594 0.334646,
64.940279 -17.025375 0.334646, 64.921156 -17.004057 0.334646,
64.901694 -16.981996 0.334646, 64.881902 -16.959201 0.334646,
64.861789 -16.935683 0.334646, 64.861789 -16.935683 0.334646,
64.841359 -16.911444 0.334646, 64.820626 -16.886502 0.334646,
64.799598 -16.860862 0.334646, 64.778282 -16.834535 0.334646,
64.756689 -16.807529 0.334646, 64.734826 -16.779854 0.334646,
64.712703 -16.751519 0.334646, 64.690327 -16.722533 0.334646,
64.690327 -16.722532 0.334646, 64.67738 -16.705817 0.334646,
64.677377 -16.705813 0.334646, 64.663612 -16.688364 0.334646,
64.663609 -16.68836 0.334646, 64.649098 -16.670259 0.334646,
64.649096 -16.670256 0.334646, 64.633911 -16.651585 0.334646,
64.633909 -16.651582 0.334646, 64.618122 -16.632423 0.334646,
64.61812 -16.63242 0.334646, 64.601804 -16.612856 0.334646,
64.601802 -16.612853 0.334646, 64.585026 -16.592964 0.334646,
64.585024 -16.592962 0.334646, 64.567863 -16.572831 0.334646,
64.567861 -16.57283 0.334646, 64.550384 -16.552539 0.334646,
64.550383 -16.552537 0.334646, 64.532664 -16.53217 0.334646,
64.532662 -16.532168 0.334646, 64.514772 -16.511804 0.334646,
64.514771 -16.511802 0.334646, 64.496783 -16.491525 0.334646,
64.496781 -16.491523 0.334646, 64.478765 -16.471415 0.334646,
64.478764 -16.471413 0.334646, 64.460794 -16.451556 0.334646,
64.460792 -16.451554 0.334646, 64.442938 -16.432029 0.334646,
64.442937 -16.432027 0.334646, 64.425272 -16.412917 0.334646,
64.42527 -16.412914 0.334646, 64.407866 -16.3943 0.334646,
64.407864 -16.394298 0.334646, 64.390793 -16.376264 0.334646,
64.390791 -16.376261 0.334646, 64.374124 -16.358888 0.334646,
64.374121 -16.358885 0.334646, 64.357931 -16.342254 0.334646,
64.357928 -16.342251 0.334646, 64.342286 -16.326446 0.334646,
64.342283 -16.326443 0.334646, 64.327261 -16.311544 0.334646,
64.32726 -16.311543 0.334646, 64.299837 -16.284525 0.334646,
64.299834 -16.284522 0.334646, 64.27266 -16.258176 0.334646,
64.272657 -16.258174 0.334646, 64.245736 -16.232504 0.334646,
64.245733 -16.232501 0.334646, 64.219069 -16.207508 0.334646,
64.219066 -16.207505 0.334646, 64.192663 -16.183191 0.334646,
64.192659 -16.183188 0.334646, 64.16652 -16.159556 0.334646,
64.166517 -16.159552 0.334646, 64.140646 -16.136603 0.334646,
64.140643 -16.1366 0.334646, 64.115044 -16.114337 0.334646,
64.11504 -16.114333 0.334646, 64.089717 -16.092757 0.334646,
64.089713 -16.092754 0.334646, 64.06467 -16.071868 0.334646,
64.064665 -16.071865 0.334646, 64.039906 -16.05167 0.334646,
64.039901 -16.051667 0.334646, 64.015428 -16.032167 0.334646,
64.015423 -16.032163 0.334646, 63.991241 -16.013359 0.334646,
63.991236 -16.013355 0.334646, 63.967348 -15.995249 0.334646,
63.967343 -15.995245 0.334646, 63.943754 -15.977839 0.334646,
63.943748 -15.977835 0.334646, 63.920461 -15.961132 0.334646,
63.920455 -15.961128 0.334646, 63.897474 -15.945129 0.334646,
63.897467 -15.945124 0.334646, 63.874796 -15.929832 0.334646,
63.874789 -15.929828 0.334646, 63.852431 -15.915244 0.334646,
63.852424 -15.915239 0.334646, 63.830383 -15.901367 0.334646,
63.830375 -15.901362 0.334646, 63.808655 -15.888202 0.334646,
63.808647 -15.888197 0.334646, 63.787252 -15.875752 0.334646,
63.787243 -15.875747 0.334646, 63.766177 -15.864019 0.334646,
63.766167 -15.864014 0.334646, 63.745433 -15.853005 0.334646,
63.745423 -15.853 0.334646, 63.725025 -15.842713 0.334646,
63.725014 -15.842707 0.334646, 63.704956 -15.833143 0.334646,
63.704944 -15.833138 0.334646, 63.685229 -15.824299 0.334646,
63.685217 -15.824294 0.334646, 63.66585 -15.816183 0.334646,
63.665837 -15.816178 0.334646, 63.64682 -15.808796 0.334646,
63.646806 -15.808791 0.334646, 63.628144 -15.802141 0.334646,
63.62813 -15.802136 0.334646, 63.609827 -15.79622 0.334646,
63.609811 -15.796215 0.334646, 63.59187 -15.791035 0.334646,
63.591853 -15.791031 0.334646, 63.574279 -15.786589 0.334646,
63.574261 -15.786585 0.334646, 63.557056 -15.782883 0.334646,
63.557037 -15.782879 0.334646, 63.540206 -15.77992 0.334646,
63.540185 -15.779917 0.334646, 63.523731 -15.777702 0.334646,
63.523709 -15.777699 0.334646, 63.507637 -15.77623 0.334646,
63.507614 -15.776228 0.334646, 63.491926 -15.775508 0.334646,
63.491901 -15.775508 0.334646, 63.476603 -15.775539 0.334646,
63.476577 -15.775539 0.334646, 63.461671 -15.776323 0.334646,
63.461643 -15.776325 0.334646, 63.447134 -15.777863 0.334646,
63.447105 -15.777867 0.334646, 63.432996 -15.780162 0.334646,
63.432966 -15.780168 0.334646, 63.41926 -15.783222 0.334646,
63.41923 -15.78323 0.334646, 63.405932 -15.787045 0.334646,
63.405901 -15.787055 0.334646, 63.393015 -15.791633 0.334646,
63.392984 -15.791646 0.334646, 63.380513 -15.79699 0.334646,
63.380482 -15.797004 0.334646, 63.36843 -15.803116 0.334646,
63.3684 -15.803132 0.334646, 63.35758 -15.809538 0.334646,
63.357546 -15.809559 0.334646, 63.347207 -15.816819 0.334646,
63.347175 -15.816844 0.334646, 63.337313 -15.824978 0.334646,
63.337283 -15.825004 0.334646, 63.327896 -15.834031 0.334646,
63.327869 -15.834059 0.334646, 63.318953 -15.843998 0.334646,
63.318929 -15.844026 0.334646, 63.310481 -15.854897 0.334646,
63.310461 -15.854925 0.334646, 63.302479 -15.866747 0.334646,
63.302461 -15.866775 0.334646, 63.294941 -15.879567 0.334646,
63.294927 -15.879594 0.334646, 63.287866 -15.893376 0.334646,
63.287854 -15.893401 0.334646, 63.28125 -15.908193 0.334646,
63.28124 -15.908216 0.334646, 63.275089 -15.924036 0.334646,
63.275081 -15.924057 0.334646, 63.269381 -15.940925 0.334646,
63.269375 -15.940946 0.334646, 63.264122 -15.95888 0.334646,
63.264117 -15.958899 0.334646, 63.259309 -15.97792 0.334646,
63.259305 -15.977938 0.334646, 63.254939 -15.998065 0.334646,
63.254936 -15.998081 0.334646, 63.251008 -16.019333 0.334646,
63.251006 -16.019347 0.334646, 63.247513 -16.041744 0.334646,
63.247511 -16.041757 0.334646, 63.244452 -16.065317 0.334646,
63.24445 -16.065329 0.334646, 63.241821 -16.090073 0.334646,
63.24182 -16.090084 0.334646, 63.239617 -16.11603 0.334646,
63.239616 -16.11604 0.334646, 63.237837 -16.143208 0.334646,
63.237837 -16.143217 0.334646, 63.236478 -16.171626 0.334646,
63.236478 -16.171635 0.334646, 63.235537 -16.201304 0.334646,
66.851233 -20.003171 0.334646, 66.851233 -20.003165 0.334646,
66.850503 -19.975366 0.334646, 66.850502 -19.975357 0.334646,
66.849413 -19.950475 0.334646, 66.849413 -19.950462 0.334646,
66.847893 -19.928068 0.334646, 66.847891 -19.928052 0.334646,
66.845869 -19.907716 0.334646, 66.845866 -19.907696 0.334646,
66.843269 -19.88899 0.334646, 66.843266 -19.888967 0.334646,
66.840023 -19.871462 0.334646, 66.840017 -19.871437 0.334646,
66.836056 -19.854704 0.334646, 66.83605 -19.854679 0.334646,
66.831299 -19.838289 0.334646, 66.831291 -19.838265 0.334646,
66.825679 -19.821789 0.334646, 66.825672 -19.82177 0.334646,
66.819126 -19.804778 0.334646, 66.81912 -19.804763 0.334646,
66.811569 -19.786828 0.334646, 66.811565 -19.786817 0.334646,
66.802936 -19.767508 0.334646, 66.802933 -19.767502 0.334646,
66.793156 -19.746391 0.334646, 66.793155 -19.746388 0.334646,
66.782157 -19.723046 0.334646, 66.712415 -19.573569 0.334646,
66.712415 -19.110872 0.334646, 66.712383 -19.052671 0.334646,
66.712383 -19.05267 0.334646, 66.712274 -18.999381 0.334646,
66.712274 -18.999381 0.334646, 66.712073 -18.950771 0.334646,
66.712073 -18.950769 0.334646, 66.711763 -18.906605 0.334646,
66.711763 -18.906603 0.334646, 66.711328 -18.866651 0.334646,
66.711328 -18.866648 0.334646, 66.71075 -18.830675 0.334646,
66.71075 -18.830671 0.334646, 66.710014 -18.798444 0.334646,
66.710013 -18.798439 0.334646, 66.709102 -18.769724 0.334646,
66.709102 -18.769718 0.334646, 66.707998 -18.744281 0.334646,
66.707997 -18.744274 0.334646, 66.706685 -18.721883 0.334646,
66.706684 -18.721872 0.334646, 66.705147 -18.702294 0.334646,
66.705146 -18.702281 0.334646, 66.703367 -18.685283 0.334646,
66.703365 -18.685265 0.334646, 66.701328 -18.670613 0.334646,
66.701325 -18.67059 0.334646, 66.699013 -18.65805 0.334646,
66.699007 -18.65802 0.334646, 66.696404 -18.647359 0.334646,
66.696394 -18.647323 0.334646, 66.693483 -18.638309 0.334646,
66.693467 -18.638265 0.334646, 66.690232 -18.630663 0.334646,
66.690208 -18.630613 0.334646, 66.686632 -18.624191 0.334646,
66.6866 -18.624141 0.334646, 66.682667 -18.618665 0.334646,
66.68263 -18.618619 0.334646, 66.678322 -18.613856 0.334646,
66.678288 -18.613821 0.334646, 66.660076 -18.597099 0.334646,
66.660007 -18.597046 0.334646, 66.659916 -18.596999 0.334646,
66.647504 -18.592055 0.334646, 66.647401 -18.592026 0.334646,
66.647299 -18.592018 0.334646, 66.647198 -18.59203 0.334646,
66.647101 -18.592062 0.334646, 66.647012 -18.592112 0.334646,
66.636475 -18.599511 0.334646, 66.636393 -18.599582 0.334646,
66.636331 -18.599663 0.334646, 66.623743 -18.619972 0.334646,
66.6237 -18.620059 0.334646, 66.618866 -18.632596 0.334646,
66.618855 -18.632627 0.334646, 66.613156 -18.650701 0.334646,
66.613151 -18.650719 0.334646, 66.606932 -18.673287 0.334646,
66.606928 -18.6733 0.334646, 66.600536 -18.699317 0.334646,
66.600533 -18.69933 0.334646, 66.594315 -18.727752 0.334646,
66.594312 -18.727765 0.334646, 66.588613 -18.757549 0.334646,
66.58861 -18.757564 0.334646, 66.583777 -18.787657 0.334646,
66.580741 -18.804917 0.334646, 66.577198 -18.824299 0.334646,
66.573208 -18.845515 0.334646, 66.568832 -18.868274 0.334646,
66.564129 -18.892287 0.334646, 66.564129 -18.892287 0.334646,
66.559159 -18.917265 0.334646, 66.553981 -18.942919 0.334646,
66.548656 -18.968959 0.334646, 66.548656 -18.968959 0.334646,
66.543243 -18.995095 0.334646, 66.537802 -19.021039 0.334646,
66.532392 -19.046501 0.334646, 66.527074 -19.071191 0.334646,
66.521906 -19.094823 0.334646, 66.521906 -19.094826 0.334646,
66.515153 -19.12643 0.334646, 66.515152 -19.126439 0.334646,
66.509043 -19.157569 0.334646, 66.509041 -19.157578 0.334646,
66.503575 -19.188209 0.334646, 66.503573 -19.188218 0.334646,
66.49875 -19.218321 0.334646, 66.498748 -19.218331 0.334646,
66.494569 -19.24788 0.334646, 66.494567 -19.247889 0.334646,
66.49103 -19.276858 0.334646, 66.491029 -19.276868 0.334646,
66.488135 -19.305228 0.334646, 66.488134 -19.305239 0.334646,
66.485883 -19.332965 0.334646, 66.485883 -19.332976 0.334646,
66.484275 -19.360041 0.334646, 66.484274 -19.360052 0.334646,
66.48331 -19.386429 0.334646, 66.483309 -19.386441 0.334646,
66.482988 -19.412102 0.334646, 66.482988 -19.412116 0.334646,
66.483309 -19.437035 0.334646, 66.48331 -19.437049 0.334646,
66.484274 -19.4612 0.334646, 66.484275 -19.461215 0.334646,
66.485883 -19.48457 0.334646, 66.485885 -19.484585 0.334646,
66.488135 -19.507119 0.334646, 66.488137 -19.507136 0.334646,
66.491031 -19.528819 0.334646, 66.491034 -19.528838 0.334646,
66.494571 -19.549646 0.334646, 66.494574 -19.549665 0.334646,
66.498754 -19.56957 0.334646, 66.498759 -19.569591 0.334646,
66.503583 -19.588567 0.334646, 66.503589 -19.588589 0.334646,
66.509055 -19.606608 0.334646, 66.509063 -19.606633 0.334646,
66.515172 -19.623669 0.334646, 66.515183 -19.623695 0.334646,
66.521935 -19.63972 0.334646, 66.521943 -19.639739 0.334646,
66.529089 -19.65497 0.334646, 66.529098 -19.654989 0.334646,
66.538346 -19.67287 0.334646, 66.538352 -19.672883 0.334646,
66.549415 -19.692947 0.334646, 66.54942 -19.692956 0.334646,
66.562011 -19.714735 0.334646, 66.562015 -19.714743 0.334646,
66.575849 -19.737768 0.334646, 66.575853 -19.737774 0.334646,
66.590643 -19.761578 0.334646, 66.590646 -19.761584 0.334646,
66.606106 -19.785697 0.334646, 66.606111 -19.785704 0.334646,
66.621954 -19.809658 0.334646, 66.621959 -19.809665 0.334646,
66.6379 -19.832994 0.334646, 66.637904 -19.833001 0.334646,
66.653657 -19.855235 0.334646, 66.653658 -19.855237 0.334646,
66.749301 -19.988763 0.334646, 66.769187 -20.283824 0.334646,
66.769187 -20.283825 0.334646, 66.771413 -20.31586 0.334646,
66.771413 -20.315864 0.334646, 66.773711 -20.346002 0.334646,
66.773711 -20.346005 0.334646, 66.776074 -20.374256 0.334646,
66.776075 -20.37426 0.334646, 66.778497 -20.400634 0.334646,
66.778498 -20.400639 0.334646, 66.780973 -20.425146 0.334646,
66.780973 -20.425151 0.334646, 66.783495 -20.447802 0.334646,
66.783496 -20.447808 0.334646, 66.786057 -20.468614 0.334646,
66.786057 -20.46862 0.334646, 66.788652 -20.487591 0.334646,
66.788654 -20.487599 0.334646, 66.791275 -20.504745 0.334646,
66.791277 -20.504755 0.334646, 66.793919 -20.520086 0.334646,
66.793922 -20.520098 0.334646, 66.796578 -20.533625 0.334646,
66.796581 -20.53364 0.334646, 66.799246 -20.545373 0.334646,
66.79925 -20.545393 0.334646, 66.801916 -20.555343 0.334646,
66.801924 -20.555369 0.334646, 66.804584 -20.563547 0.334646,
66.804598 -20.563585 0.334646, 66.807247 -20.57 0.334646,
66.807275 -20.570057 0.334646, 66.809906 -20.57472 0.334646,
66.80997 -20.574811 0.334646, 66.812577 -20.577733 0.334646,
66.812659 -20.577807 0.334646, 66.812747 -20.577859 0.334646,
66.815323 -20.57905 0.334646, 66.815444 -20.579089 0.334646,
66.815546 -20.579098 0.334646, 66.815648 -20.579087 0.334646,
66.818186 -20.578557 0.334646, 66.818253 -20.578539 0.334646,
66.818345 -20.578495 0.334646, 66.818428 -20.578435 0.334646,
66.820922 -20.576194 0.334646, 66.821017 -20.576081 0.334646,
66.823461 -20.572141 0.334646, 66.823498 -20.57207 0.334646,
66.825886 -20.566441 0.334646, 66.825903 -20.566395 0.334646,
66.828228 -20.559087 0.334646, 66.828237 -20.559056 0.334646,
66.830492 -20.550078 0.334646, 66.830497 -20.550056 0.334646,
66.832677 -20.539421 0.334646, 66.83268 -20.539404 0.334646,
66.834777 -20.52712 0.334646, 66.834779 -20.527107 0.334646,
66.836788 -20.513186 0.334646, 66.836789 -20.513176 0.334646,
66.838703 -20.497628 0.334646, 66.838704 -20.497619 0.334646,
66.840516 -20.480454 0.334646, 66.840517 -20.480447 0.334646,
66.842221 -20.461676 0.334646, 66.842221 -20.46167 0.334646,
66.843811 -20.441303 0.334646, 66.843811 -20.441297 0.334646,
66.84528 -20.419346 0.334646, 66.84528 -20.419341 0.334646,
66.846621 -20.395814 0.334646, 66.846621 -20.395809 0.334646,
66.847829 -20.370719 0.334646, 66.847829 -20.370714 0.334646,
66.848897 -20.344069 0.334646, 66.848897 -20.344065 0.334646,
66.849818 -20.315876 0.334646, 66.849818 -20.315872 0.334646,
66.850586 -20.28615 0.334646, 66.850586 -20.286146 0.334646,
66.851194 -20.254901 0.334646, 66.851194 -20.254898 0.334646,
66.851637 -20.222141 0.334646, 66.851637 -20.222137 0.334646,
66.851907 -20.187877 0.334646, 66.851907 -20.187874 0.334646,
66.851998 -20.152123 0.334646, 66.851998 -20.152122 0.334646,
66.851987 -20.108366 0.334646, 66.851987 -20.108365 0.334646,
66.851903 -20.069242 0.334646, 66.851903 -20.069239 0.334646,
66.851675 -20.03432 0.334646, 66.851675 -20.034316 0.334646
              ]
            }
            coordIndex [
153, 154, 5, -1, 5, 0, 3, -1, 3, 0, 1, -1, 90, 91, 87, -1,
92, 93, 85, -1, 92, 86, 87, -1, 94, 95, 83, -1, 94, 84, 85, -1,
94, 85, 93, -1, 96, 97, 81, -1, 96, 82, 83, -1, 96, 83, 95, -1,
98, 99, 79, -1, 98, 80, 81, -1, 98, 81, 97, -1, 100, 101, 77, -1,
100, 78, 79, -1, 100, 79, 99, -1, 102, 103, 71, -1, 102, 72, 73, -1,
102, 74, 75, -1, 102, 76, 77, -1, 102, 77, 101, -1, 104, 105, 67, -1,
104, 68, 69, -1, 104, 70, 71, -1, 104, 71, 103, -1, 106, 107, 61, -1,
106, 62, 63, -1, 106, 64, 65, -1, 106, 66, 67, -1, 106, 67, 105, -1,
109, 60, 61, -1, 109, 61, 108, -1, 108, 61, 107, -1, 109, 110, 57, -1,
109, 58, 59, -1, 112, 56, 57, -1, 112, 57, 111, -1, 111, 57, 110, -1,
112, 113, 53, -1, 112, 54, 55, -1, 115, 52, 53, -1, 115, 53, 114, -1,
114, 53, 113, -1, 115, 116, 49, -1, 115, 50, 51, -1, 118, 48, 49, -1,
118, 49, 117, -1, 117, 49, 116, -1, 118, 119, 45, -1, 118, 46, 47, -1,
120, 121, 38, -1, 120, 38, 39, -1, 120, 39, 40, -1, 120, 40, 41, -1,
120, 41, 42, -1, 120, 42, 43, -1, 120, 43, 44, -1, 120, 44, 45, -1,
120, 45, 119, -1, 122, 123, 36, -1, 122, 36, 37, -1, 122, 37, 38, -1,
122, 38, 121, -1, 36, 123, 35, -1, 35, 123, 124, -1, 35, 124, 34, -1,
34, 124, 125, -1, 34, 125, 126, -1, 126, 127, 30, -1, 126, 30, 31, -1,
126, 31, 32, -1, 126, 32, 33, -1, 126, 33, 34, -1, 128, 129, 27, -1,
128, 27, 28, -1, 128, 28, 29, -1, 128, 29, 30, -1, 130, 131, 25, -1,
130, 25, 26, -1, 130, 26, 27, -1, 132, 133, 23, -1, 132, 23, 24, -1,
132, 24, 25, -1, 134, 135, 21, -1, 134, 21, 22, -1, 134, 22, 23, -1,
21, 136, 137, -1, 21, 138, 20, -1, 19, 138, 139, -1, 19, 140, 18, -1,
17, 140, 141, -1, 17, 142, 16, -1, 15, 142, 143, -1, 15, 144, 14, -1,
13, 144, 145, -1, 13, 146, 12, -1, 11, 146, 147, -1, 11, 148, 149, -1,
11, 149, 10, -1, 9, 149, 150, -1, 9, 151, 8, -1, 7, 151, 152, -1,
7, 153, 5, -1, 250, 251, 301, -1, 250, 302, 303, -1, 250, 303, 248, -1,
155, 156, 233, -1, 155, 233, 234, -1, 155, 234, 235, -1, 155, 235, 236, -1,
155, 236, 237, -1, 155, 237, 238, -1, 155, 238, 311, -1, 229, 230, 157, -1,
157, 230, 231, -1, 157, 231, 156, -1, 156, 231, 232, -1, 156, 232, 233, -1,
159, 227, 228, -1, 159, 228, 158, -1, 158, 228, 229, -1, 158, 229, 157, -1,
160, 161, 224, -1, 160, 225, 226, -1, 160, 226, 159, -1, 162, 221, 222, -1,
162, 222, 161, -1, 161, 223, 224, -1, 163, 164, 218, -1, 163, 219, 220, -1,
163, 220, 162, -1, 164, 165, 216, -1, 164, 217, 218, -1, 167, 215, 216, -1,
166, 216, 165, -1, 169, 213, 214, -1, 169, 214, 168, -1, 168, 214, 167, -1,
171, 211, 212, -1, 171, 212, 170, -1, 170, 212, 169, -1, 173, 209, 210, -1,
173, 210, 172, -1, 172, 210, 171, -1, 173, 174, 206, -1, 173, 207, 208, -1,
206, 174, 175, -1, 206, 175, 176, -1, 206, 176, 177, -1, 206, 177, 205, -1,
177, 178, 202, -1, 177, 203, 204, -1, 202, 178, 179, -1, 202, 179, 180, -1,
202, 180, 181, -1, 202, 181, 182, -1, 202, 182, 183, -1, 202, 183, 201, -1,
183, 184, 198, -1, 183, 199, 200, -1, 198, 184, 185, -1, 198, 185, 186, -1,
198, 186, 187, -1, 198, 187, 197, -1, 188, 195, 196, -1, 188, 196, 187, -1,
189, 190, 192, -1, 189, 193, 194, -1, 189, 194, 188, -1, 395, 396, 392, -1,
397, 398, 390, -1, 397, 391, 392, -1, 399, 400, 388, -1, 399, 389, 390, -1,
401, 402, 386, -1, 401, 387, 388, -1, 403, 404, 384, -1, 403, 385, 386, -1,
405, 406, 382, -1, 405, 383, 384, -1, 407, 408, 380, -1, 407, 381, 382, -1,
409, 410, 378, -1, 409, 379, 380, -1, 411, 412, 376, -1, 411, 377, 378, -1,
413, 414, 374, -1, 413, 375, 376, -1, 415, 416, 372, -1, 415, 373, 374, -1,
417, 418, 368, -1, 417, 369, 370, -1, 417, 371, 372, -1, 419, 420, 366, -1,
419, 367, 368, -1, 421, 422, 364, -1, 421, 365, 366, -1, 423, 424, 362, -1,
423, 362, 363, -1, 423, 363, 364, -1, 425, 426, 360, -1, 425, 360, 361, -1,
425, 361, 362, -1, 427, 428, 357, -1, 427, 357, 358, -1, 427, 358, 359, -1,
427, 359, 360, -1, 429, 430, 350, -1, 429, 351, 352, -1, 429, 352, 353, -1,
429, 353, 355, -1, 429, 355, 356, -1, 429, 356, 357, -1, 431, 432, 334, -1,
431, 335, 336, -1, 431, 337, 338, -1, 431, 339, 340, -1, 431, 341, 342, -1,
431, 343, 345, -1, 431, 345, 346, -1, 431, 346, 347, -1, 431, 347, 348, -1,
431, 348, 349, -1, 431, 349, 350, -1, 433, 434, 322, -1, 433, 322, 323, -1,
433, 323, 324, -1, 433, 324, 325, -1, 433, 325, 326, -1, 433, 326, 327, -1,
433, 327, 328, -1, 433, 328, 329, -1, 433, 329, 330, -1, 433, 330, 331, -1,
433, 331, 332, -1, 433, 332, 333, -1, 433, 333, 334, -1, 435, 436, 317, -1,
435, 317, 318, -1, 435, 318, 319, -1, 435, 319, 320, -1, 435, 320, 321, -1,
435, 321, 322, -1, 437, 438, 315, -1, 437, 315, 316, -1, 437, 316, 317, -1,
439, 440, 311, -1, 439, 312, 313, -1, 439, 314, 315, -1, 311, 238, 239, -1,
311, 239, 240, -1, 311, 240, 241, -1, 311, 241, 242, -1, 311, 242, 310, -1,
309, 242, 243, -1, 309, 243, 244, -1, 309, 244, 308, -1, 307, 244, 245, -1,
307, 245, 246, -1, 307, 246, 306, -1, 247, 304, 305, -1, 247, 305, 246, -1,
252, 253, 299, -1, 252, 300, 301, -1, 299, 254, 255, -1, 299, 256, 298, -1,
297, 256, 257, -1, 297, 258, 296, -1, 295, 258, 259, -1, 295, 260, 294, -1,
293, 260, 261, -1, 293, 262, 292, -1, 291, 262, 263, -1, 291, 264, 290, -1,
289, 264, 265, -1, 289, 266, 288, -1, 287, 266, 267, -1, 287, 268, 286, -1,
285, 268, 269, -1, 285, 270, 284, -1, 283, 270, 271, -1, 283, 272, 282, -1,
281, 272, 273, -1, 281, 274, 280, -1, 279, 274, 275, -1, 279, 276, 277, -1,
444, 546, 547, -1, 444, 547, 443, -1, 443, 547, 441, -1, 445, 446, 543, -1,
445, 544, 545, -1, 445, 545, 444, -1, 447, 448, 541, -1, 447, 542, 543, -1,
447, 543, 446, -1, 449, 450, 539, -1, 449, 540, 541, -1, 449, 541, 448, -1,
451, 452, 537, -1, 451, 538, 539, -1, 451, 539, 450, -1, 452, 453, 535, -1,
452, 536, 537, -1, 454, 455, 533, -1, 454, 534, 535, -1, 456, 457, 531, -1,
456, 532, 533, -1, 458, 459, 529, -1, 458, 530, 531, -1, 460, 461, 527, -1,
460, 528, 529, -1, 462, 463, 525, -1, 462, 525, 526, -1, 462, 526, 527, -1,
464, 465, 521, -1, 464, 522, 523, -1, 464, 524, 525, -1, 466, 467, 519, -1,
466, 520, 521, -1, 466, 521, 465, -1, 468, 469, 517, -1, 468, 518, 519, -1,
468, 519, 467, -1, 470, 471, 515, -1, 470, 516, 517, -1, 470, 517, 469, -1,
472, 473, 513, -1, 472, 514, 515, -1, 472, 515, 471, -1, 475, 512, 513, -1,
475, 513, 474, -1, 474, 513, 473, -1, 511, 475, 476, -1, 511, 476, 477, -1,
511, 477, 478, -1, 511, 478, 479, -1, 511, 479, 510, -1, 479, 480, 507, -1,
479, 508, 509, -1, 482, 506, 507, -1, 482, 507, 481, -1, 481, 507, 480, -1,
482, 483, 501, -1, 482, 502, 503, -1, 482, 504, 505, -1, 484, 485, 495, -1,
484, 496, 497, -1, 484, 498, 499, -1, 484, 500, 501, -1, 484, 501, 483, -1,
486, 487, 493, -1, 486, 494, 495, -1, 486, 495, 485, -1, 488, 489, 491, -1,
488, 492, 493, -1, 488, 493, 487, -1, 6794, 6795, 5176, -1, 5176, 6796, 5175, -1,
5175, 6796, 6797, -1, 5174, 6798, 5173, -1, 5173, 6798, 6799, -1, 5173, 6799, 6801, -1,
617, 618, 553, -1, 553, 619, 552, -1, 552, 619, 620, -1, 552, 620, 622, -1,
587, 588, 584, -1, 589, 590, 582, -1, 589, 583, 584, -1, 591, 592, 580, -1,
591, 580, 581, -1, 591, 581, 582, -1, 593, 594, 577, -1, 593, 577, 578, -1,
593, 578, 579, -1, 593, 579, 580, -1, 595, 596, 570, -1, 595, 570, 571, -1,
595, 571, 572, -1, 595, 572, 573, -1, 595, 573, 574, -1, 595, 574, 575, -1,
595, 575, 576, -1, 595, 576, 577, -1, 597, 598, 566, -1, 597, 566, 567, -1,
597, 567, 568, -1, 597, 568, 569, -1, 597, 569, 570, -1, 566, 599, 600, -1,
566, 601, 565, -1, 564, 565, 601, -1, 564, 601, 602, -1, 564, 603, 563, -1,
562, 563, 603, -1, 562, 603, 604, -1, 562, 605, 606, -1, 562, 607, 561, -1,
560, 607, 608, -1, 560, 609, 559, -1, 558, 609, 610, -1, 558, 611, 557, -1,
611, 612, 557, -1, 557, 613, 556, -1, 556, 613, 614, -1, 615, 616, 554, -1,
615, 554, 555, -1, 615, 555, 556, -1, 617, 553, 554, -1, 552, 622, 551, -1,
551, 622, 623, -1, 551, 623, 550, -1, 550, 623, 624, -1, 550, 624, 549, -1,
549, 624, 625, -1, 549, 625, 548, -1, 548, 625, 441, -1, 548, 441, 547, -1,
6792, 6793, 5179, -1, 5179, 6794, 5177, -1, 5177, 6794, 5176, -1, 6802, 5170, 5171, -1,
6802, 5171, 6801, -1, 6801, 5172, 5173, -1, 6805, 5165, 6804, -1, 6803, 5166, 5167, -1,
6803, 5167, 6802, -1, 6802, 5168, 5169, -1, 5736, 6037, 5735, -1, 5735, 6037, 5731, -1,
5735, 5731, 5734, -1, 5734, 5731, 5732, -1, 5686, 5687, 5703, -1, 5686, 5703, 6072, -1,
5686, 6073, 6074, -1, 5686, 6074, 5684, -1, 5632, 5633, 5673, -1, 5632, 5673, 5674, -1,
5632, 5674, 5675, -1, 5632, 5675, 6080, -1, 5632, 6080, 5631, -1, 5633, 5634, 5669, -1,
5633, 5669, 5671, -1, 5633, 5671, 5672, -1, 5633, 5672, 5673, -1, 5634, 5635, 5666, -1,
5634, 5666, 5667, -1, 5634, 5668, 5669, -1, 5635, 5636, 5664, -1, 5635, 5665, 5666, -1,
5637, 5638, 5662, -1, 5637, 5663, 5664, -1, 5639, 5640, 5660, -1, 5639, 5661, 5662, -1,
5641, 5642, 5658, -1, 5641, 5659, 5660, -1, 5643, 5644, 5656, -1, 5643, 5657, 5658, -1,
5645, 5646, 5654, -1, 5645, 5655, 5656, -1, 5647, 5648, 5652, -1, 5647, 5653, 5654, -1,
5652, 5649, 5650, -1, 5591, 5592, 5628, -1, 5591, 5628, 5629, -1, 5591, 5629, 5630, -1,
5591, 5630, 6082, -1, 5593, 5594, 5626, -1, 5593, 5626, 5627, -1, 5593, 5627, 5628, -1,
5595, 5596, 5624, -1, 5595, 5624, 5625, -1, 5595, 5625, 5626, -1, 5597, 5598, 5622, -1,
5597, 5623, 5624, -1, 5599, 5600, 5620, -1, 5599, 5621, 5622, -1, 5601, 5602, 5618, -1,
5601, 5619, 5620, -1, 5606, 5615, 5605, -1, 5605, 5615, 5616, -1, 5604, 5617, 5603, -1,
5603, 5617, 5618, -1, 5607, 5608, 5614, -1, 5609, 5610, 5612, -1, 5609, 5613, 5614, -1,
5539, 5540, 5575, -1, 5539, 5575, 5576, -1, 5539, 5576, 5577, -1, 5539, 5577, 5578, -1,
5539, 5578, 5579, -1, 5539, 5579, 6091, -1, 5539, 6091, 6092, -1, 5539, 6092, 6093, -1,
5539, 6093, 6095, -1, 5539, 6095, 6096, -1, 5539, 6097, 6098, -1, 5539, 6099, 6100, -1,
5539, 6101, 6102, -1, 5539, 6103, 6104, -1, 5539, 6105, 6106, -1, 5539, 6107, 6108, -1,
5539, 6109, 6110, -1, 5539, 6111, 6112, -1, 5539, 6113, 6114, -1, 5539, 6115, 6116, -1,
5539, 6117, 6118, -1, 5539, 6119, 6120, -1, 5539, 6121, 6122, -1, 5539, 6123, 6124, -1,
5539, 6125, 6126, -1, 5539, 6127, 6128, -1, 5539, 6129, 6130, -1, 5539, 6131, 6132, -1,
5539, 6133, 6134, -1, 5539, 6135, 6136, -1, 5539, 6137, 6138, -1, 5539, 6139, 6140, -1,
5539, 6141, 6142, -1, 5539, 6142, 5482, -1, 5539, 5482, 5483, -1, 5539, 5484, 5485, -1,
5539, 5486, 5487, -1, 5539, 5488, 5489, -1, 5539, 5490, 5538, -1, 5537, 5490, 5491, -1,
5537, 5492, 5536, -1, 5535, 5492, 5493, -1, 5535, 5494, 5534, -1, 5533, 5494, 5495, -1,
5533, 5496, 5532, -1, 5531, 5496, 5497, -1, 5531, 5498, 5530, -1, 5529, 5498, 5499, -1,
5529, 5500, 5528, -1, 5527, 5500, 5501, -1, 5527, 5502, 5526, -1, 5525, 5502, 5503, -1,
5525, 5504, 5524, -1, 5523, 5504, 5505, -1, 5523, 5506, 5522, -1, 5521, 5506, 5507, -1,
5521, 5508, 5520, -1, 5519, 5508, 5509, -1, 5519, 5510, 5518, -1, 5517, 5510, 5511, -1,
5517, 5512, 5516, -1, 5515, 5512, 5513, -1, 6271, 6272, 6268, -1, 6271, 6268, 6269, -1,
6271, 6269, 6270, -1, 6273, 6274, 6266, -1, 6273, 6267, 6268, -1, 6273, 6268, 6272, -1,
6275, 6276, 6264, -1, 6275, 6265, 6266, -1, 6275, 6266, 6274, -1, 6277, 6278, 6262, -1,
6277, 6263, 6264, -1, 6277, 6264, 6276, -1, 6279, 6280, 6260, -1, 6279, 6261, 6262, -1,
6281, 6282, 6258, -1, 6281, 6259, 6260, -1, 6283, 6284, 6256, -1, 6283, 6257, 6258, -1,
6285, 6286, 6254, -1, 6285, 6255, 6256, -1, 6287, 6288, 6252, -1, 6287, 6252, 6253, -1,
6287, 6253, 6254, -1, 6288, 6289, 6238, -1, 6288, 6238, 6239, -1, 6288, 6239, 6240, -1,
6288, 6240, 6241, -1, 6288, 6241, 6242, -1, 6288, 6242, 6243, -1, 6288, 6243, 6244, -1,
6288, 6244, 6245, -1, 6288, 6245, 6246, -1, 6288, 6246, 6247, -1, 6288, 6247, 6248, -1,
6288, 6248, 6249, -1, 6288, 6249, 6250, -1, 6288, 6250, 6251, -1, 6288, 6251, 6252, -1,
6222, 6223, 6228, -1, 6228, 6223, 6224, -1, 6228, 6224, 6227, -1, 6227, 6224, 6225, -1,
6227, 6225, 6226, -1, 6228, 6229, 6202, -1, 6228, 6202, 6204, -1, 6228, 6204, 6205, -1,
6228, 6205, 6206, -1, 6228, 6206, 6208, -1, 6228, 6208, 6209, -1, 6228, 6209, 6210, -1,
6228, 6210, 6212, -1, 6228, 6212, 6213, -1, 6228, 6213, 6214, -1, 6228, 6214, 6215, -1,
6228, 6215, 6216, -1, 6228, 6216, 6217, -1, 6228, 6217, 6219, -1, 6228, 6219, 6220, -1,
6228, 6220, 6221, -1, 6228, 6221, 6222, -1, 6229, 6230, 6289, -1, 6229, 6289, 6196, -1,
6229, 6196, 6198, -1, 6229, 6198, 6199, -1, 6229, 6199, 6201, -1, 6229, 6201, 6202, -1,
6289, 6230, 6231, -1, 6289, 6231, 6232, -1, 6289, 6232, 6233, -1, 6289, 6233, 6235, -1,
6289, 6235, 6236, -1, 6289, 6236, 6237, -1, 6289, 6237, 6238, -1, 6289, 6290, 5478, -1,
6289, 5478, 6183, -1, 6289, 6183, 6185, -1, 6289, 6185, 6187, -1, 6289, 6187, 6189, -1,
6289, 6189, 6191, -1, 6289, 6191, 6193, -1, 6289, 6193, 6195, -1, 6289, 6195, 6196, -1,
6091, 5579, 5580, -1, 6091, 5580, 5581, -1, 6091, 5581, 5582, -1, 6091, 5582, 6090, -1,
6085, 6086, 5587, -1, 5587, 6086, 6087, -1, 5587, 6087, 5585, -1, 5585, 6087, 6088, -1,
5585, 6088, 5584, -1, 5584, 6088, 6089, -1, 5584, 6089, 5583, -1, 5583, 6089, 6090, -1,
5583, 6090, 5582, -1, 6083, 6084, 5589, -1, 5589, 6084, 6085, -1, 5588, 6085, 5587, -1,
5589, 5590, 6082, -1, 5630, 5631, 6080, -1, 5630, 6081, 6082, -1, 5677, 6079, 6080, -1,
5677, 6080, 5676, -1, 5676, 6080, 5675, -1, 6078, 5677, 5678, -1, 6078, 5678, 5679, -1,
6078, 5679, 5680, -1, 6078, 5680, 6077, -1, 6076, 5680, 5681, -1, 6076, 5681, 5682, -1,
6076, 5682, 6075, -1, 6074, 5682, 5683, -1, 5687, 5688, 5701, -1, 5687, 5701, 5702, -1,
5687, 5702, 5703, -1, 5689, 5691, 5699, -1, 5689, 5699, 5700, -1, 5689, 5700, 5701, -1,
5705, 6071, 6072, -1, 5705, 6072, 5704, -1, 5704, 6072, 5703, -1, 5706, 5707, 6068, -1,
5706, 6069, 6070, -1, 5706, 6070, 5705, -1, 6063, 6064, 5709, -1, 5709, 6064, 6065, -1,
5709, 6065, 5708, -1, 5708, 6065, 6066, -1, 5708, 6066, 5707, -1, 5707, 6067, 6068, -1,
5710, 5711, 6061, -1, 5710, 6061, 6062, -1, 5710, 6062, 6063, -1, 5710, 6063, 5709, -1,
5711, 5712, 6058, -1, 5711, 6059, 6060, -1, 5711, 6060, 6061, -1, 6054, 6055, 5713, -1,
5713, 6055, 6056, -1, 5713, 6056, 5712, -1, 5712, 6056, 6057, -1, 5712, 6057, 6058, -1,
6052, 6053, 5715, -1, 5715, 6053, 6054, -1, 5714, 6054, 5713, -1, 6051, 5715, 5716, -1,
6051, 5717, 6050, -1, 6049, 6050, 5717, -1, 6049, 5717, 5718, -1, 6049, 5719, 6048, -1,
5721, 6044, 6045, -1, 5721, 6045, 5720, -1, 5720, 6046, 5719, -1, 5719, 6046, 6047, -1,
5723, 6042, 6043, -1, 5723, 6043, 5722, -1, 5722, 6043, 5721, -1, 5725, 6040, 6041, -1,
5725, 6041, 5724, -1, 5724, 6041, 5723, -1, 5727, 6038, 6039, -1, 5727, 6039, 5726, -1,
5726, 6039, 5725, -1, 6037, 5727, 5728, -1, 6037, 5729, 5730, -1, 5737, 5738, 6035, -1,
5737, 6036, 6037, -1, 5737, 6037, 5736, -1, 5739, 6032, 6033, -1, 5739, 6033, 5738, -1,
5738, 6034, 6035, -1, 5740, 5741, 6029, -1, 5740, 6030, 6031, -1, 5740, 6031, 5739, -1,
5741, 5742, 6025, -1, 5741, 6026, 6027, -1, 5741, 6028, 6029, -1, 5742, 5743, 6021, -1,
5742, 6022, 6023, -1, 5742, 6024, 6025, -1, 5743, 5744, 6019, -1, 5743, 6020, 6021, -1,
5745, 5746, 6017, -1, 5745, 6018, 6019, -1, 5745, 6019, 5744, -1, 5747, 5748, 6015, -1,
5747, 6016, 6017, -1, 5749, 5750, 6013, -1, 5749, 6014, 6015, -1, 5751, 5752, 6011, -1,
5751, 6012, 6013, -1, 5753, 5754, 6009, -1, 5753, 6010, 6011, -1, 5755, 5756, 6007, -1,
5755, 6008, 6009, -1, 5757, 5758, 6005, -1, 5757, 6006, 6007, -1, 5759, 5760, 6003, -1,
5759, 6004, 6005, -1, 5761, 5762, 6001, -1, 5761, 6002, 6003, -1, 5763, 5764, 5999, -1,
5763, 6000, 6001, -1, 5999, 5765, 5766, -1, 5999, 5767, 5998, -1, 5997, 5767, 5768, -1,
5997, 5769, 5996, -1, 5995, 5769, 5770, -1, 5995, 5770, 5771, -1, 5995, 5771, 5994, -1,
5993, 5771, 5772, -1, 5993, 5772, 5773, -1, 5993, 5773, 5992, -1, 5991, 5773, 5775, -1,
5991, 5775, 5776, -1, 5991, 5776, 5990, -1, 5696, 5697, 5692, -1, 5692, 5697, 5698, -1,
5692, 5698, 5691, -1, 5691, 5698, 5699, -1, 5695, 5696, 5692, -1, 5695, 5692, 5693, -1,
5695, 5693, 5694, -1, 5777, 5988, 5989, -1, 5777, 5989, 5776, -1, 5987, 5777, 5779, -1,
5987, 5779, 5780, -1, 5987, 5781, 5986, -1, 5985, 5781, 5782, -1, 5985, 5782, 5783, -1,
5985, 5783, 5984, -1, 5983, 5783, 5784, -1, 5983, 5784, 5785, -1, 5983, 5785, 5982, -1,
5981, 5785, 5786, -1, 5981, 5786, 5787, -1, 5981, 5787, 5980, -1, 5788, 5978, 5979, -1,
5788, 5979, 5787, -1, 5790, 5976, 5977, -1, 5790, 5977, 5789, -1, 5789, 5977, 5788, -1,
5792, 5974, 5975, -1, 5792, 5975, 5791, -1, 5791, 5975, 5790, -1, 5794, 5972, 5973, -1,
5794, 5973, 5793, -1, 5793, 5973, 5792, -1, 5796, 5970, 5971, -1, 5796, 5971, 5795, -1,
5795, 5971, 5794, -1, 5797, 5798, 5967, -1, 5797, 5968, 5969, -1, 5797, 5969, 5796, -1,
5799, 5800, 5965, -1, 5799, 5966, 5967, -1, 5799, 5967, 5798, -1, 5801, 5802, 5963, -1,
5801, 5964, 5965, -1, 5801, 5965, 5800, -1, 5803, 5804, 5961, -1, 5803, 5962, 5963, -1,
5803, 5963, 5802, -1, 5804, 5805, 5959, -1, 5804, 5960, 5961, -1, 5806, 5807, 5957, -1,
5806, 5958, 5959, -1, 5806, 5959, 5805, -1, 5808, 5809, 5955, -1, 5808, 5956, 5957, -1,
5808, 5957, 5807, -1, 5810, 5811, 5953, -1, 5810, 5954, 5955, -1, 5810, 5955, 5809, -1,
5811, 5812, 5951, -1, 5811, 5952, 5953, -1, 5814, 5950, 5951, -1, 5813, 5951, 5812, -1,
5816, 5948, 5949, -1, 5816, 5949, 5815, -1, 5815, 5949, 5814, -1, 5818, 5946, 5947, -1,
5817, 5947, 5816, -1, 5818, 5819, 5945, -1, 5945, 5819, 5820, -1, 5945, 5820, 5944, -1,
5944, 5820, 5821, -1, 5944, 5821, 5943, -1, 5943, 5821, 5822, -1, 5943, 5822, 5942, -1,
5942, 5822, 5823, -1, 5942, 5823, 5824, -1, 5933, 5934, 5831, -1, 5831, 5934, 5935, -1,
5831, 5935, 5830, -1, 5830, 5935, 5936, -1, 5830, 5936, 5829, -1, 5829, 5936, 5937, -1,
5829, 5937, 5828, -1, 5828, 5937, 5938, -1, 5828, 5938, 5827, -1, 5827, 5938, 5939, -1,
5827, 5939, 5826, -1, 5826, 5939, 5940, -1, 5826, 5940, 5825, -1, 5825, 5940, 5941, -1,
5825, 5941, 5824, -1, 5824, 5941, 5942, -1, 5930, 5931, 5834, -1, 5834, 5931, 5932, -1,
5834, 5932, 5833, -1, 5833, 5932, 5933, -1, 5833, 5933, 5831, -1, 5836, 5929, 5930, -1,
5835, 5930, 5834, -1, 5927, 5928, 5836, -1, 5927, 5836, 5837, -1, 5927, 5838, 5926, -1,
5925, 5926, 5838, -1, 5925, 5838, 5839, -1, 5925, 5840, 5924, -1, 5923, 5924, 5840, -1,
5923, 5840, 5841, -1, 5923, 5842, 5922, -1, 5921, 5922, 5842, -1, 5921, 5842, 5843, -1,
5921, 5844, 5920, -1, 5919, 5844, 5845, -1, 5919, 5846, 5918, -1, 5917, 5846, 5847, -1,
5917, 5848, 5916, -1, 5915, 5848, 5849, -1, 5915, 5850, 5914, -1, 5913, 5850, 5851, -1,
5913, 5852, 5853, -1, 5913, 5854, 5912, -1, 5911, 5912, 5854, -1, 5911, 5854, 5855, -1,
5911, 5856, 5910, -1, 5909, 5910, 5856, -1, 5909, 5856, 5857, -1, 5909, 5858, 5908, -1,
5907, 5908, 5858, -1, 5907, 5858, 5859, -1, 5907, 5860, 5906, -1, 5905, 5906, 5860, -1,
5905, 5860, 5861, -1, 5905, 5862, 5863, -1, 5905, 5864, 5904, -1, 5903, 5904, 5864, -1,
5903, 5864, 5865, -1, 5903, 5866, 5902, -1, 5901, 5902, 5866, -1, 5901, 5866, 5867, -1,
5901, 5868, 5869, -1, 5901, 5870, 5900, -1, 5899, 5900, 5870, -1, 5899, 5870, 5871, -1,
5899, 5872, 5873, -1, 5899, 5874, 5898, -1, 5897, 5898, 5874, -1, 5897, 5874, 5875, -1,
5897, 5876, 5877, -1, 5897, 5878, 5896, -1, 5895, 5896, 5878, -1, 5895, 5878, 5879, -1,
5895, 5880, 5881, -1, 5895, 5882, 5894, -1, 5893, 5894, 5882, -1, 5893, 5882, 5883, -1,
5893, 5883, 5884, -1, 5893, 5884, 5892, -1, 5884, 5885, 5890, -1, 5884, 5890, 5891, -1,
5884, 5891, 5892, -1, 5886, 5887, 5888, -1, 5886, 5888, 5889, -1, 5886, 5889, 5890, -1,
5886, 5890, 5885, -1, 693, 695, 626, -1, 693, 626, 627, -1, 693, 628, 692, -1,
691, 692, 628, -1, 691, 628, 629, -1, 691, 630, 690, -1, 630, 631, 690, -1,
690, 632, 689, -1, 689, 632, 687, -1, 632, 633, 687, -1, 687, 634, 686, -1,
686, 634, 635, -1, 686, 636, 685, -1, 685, 636, 637, -1, 684, 638, 683, -1,
683, 638, 639, -1, 640, 641, 681, -1, 640, 681, 682, -1, 640, 682, 683, -1,
642, 643, 680, -1, 642, 680, 681, -1, 644, 645, 679, -1, 644, 679, 680, -1,
679, 646, 647, -1, 679, 648, 678, -1, 677, 648, 649, -1, 677, 650, 651, -1,
677, 651, 652, -1, 677, 652, 676, -1, 675, 652, 653, -1, 675, 653, 654, -1,
675, 654, 674, -1, 673, 674, 654, -1, 673, 654, 655, -1, 673, 655, 656, -1,
673, 656, 657, -1, 673, 657, 658, -1, 673, 658, 672, -1, 671, 672, 658, -1,
671, 658, 659, -1, 671, 659, 660, -1, 671, 660, 661, -1, 671, 661, 662, -1,
671, 662, 663, -1, 671, 663, 664, -1, 671, 664, 665, -1, 671, 665, 670, -1,
665, 666, 667, -1, 665, 667, 668, -1, 665, 668, 669, -1, 665, 669, 670, -1,
1057, 724, 725, -1, 1057, 725, 1056, -1, 1055, 726, 727, -1, 1055, 727, 1054, -1,
1054, 728, 729, -1, 1058, 1059, 721, -1, 1058, 722, 723, -1, 1058, 723, 1057, -1,
1060, 718, 719, -1, 1060, 719, 1059, -1, 1059, 720, 721, -1, 1061, 714, 715, -1,
1061, 715, 1060, -1, 1060, 716, 717, -1, 1062, 1063, 711, -1, 1062, 712, 713, -1,
1062, 713, 1061, -1, 1063, 1064, 707, -1, 1063, 708, 709, -1, 1063, 710, 711, -1,
1065, 704, 705, -1, 1065, 705, 1064, -1, 1064, 706, 707, -1, 1066, 1067, 701, -1,
1066, 702, 703, -1, 1066, 703, 1065, -1, 1067, 1068, 697, -1, 1067, 698, 699, -1,
1067, 700, 701, -1, 1068, 626, 695, -1, 1068, 696, 697, -1, 1053, 732, 733, -1,
1053, 733, 1052, -1, 1051, 734, 735, -1, 1051, 735, 1050, -1, 1050, 736, 737, -1,
1054, 730, 731, -1, 1054, 731, 1053, -1, 1039, 757, 1038, -1, 1037, 758, 759, -1,
1037, 759, 1036, -1, 1036, 760, 761, -1, 1040, 1041, 755, -1, 1040, 756, 757, -1,
1042, 752, 753, -1, 1042, 753, 1041, -1, 1041, 754, 755, -1, 1043, 1044, 749, -1,
1043, 750, 751, -1, 1043, 751, 1042, -1, 1045, 746, 747, -1, 1045, 747, 1044, -1,
1044, 748, 749, -1, 1046, 1047, 743, -1, 1046, 744, 745, -1, 1046, 745, 1045, -1,
1048, 740, 741, -1, 1048, 741, 1047, -1, 1047, 742, 743, -1, 1049, 1050, 737, -1,
1049, 738, 739, -1, 1049, 739, 1048, -1, 1014, 798, 799, -1, 1014, 799, 1013, -1,
1012, 800, 801, -1, 1012, 801, 1011, -1, 1011, 802, 803, -1, 1015, 1016, 795, -1,
1015, 796, 797, -1, 1015, 797, 1014, -1, 1017, 792, 793, -1, 1017, 793, 1016, -1,
1016, 794, 795, -1, 1019, 790, 791, -1, 1019, 791, 1018, -1, 1018, 791, 1017, -1,
1020, 1021, 787, -1, 1020, 788, 789, -1, 1020, 789, 1019, -1, 1022, 784, 785, -1,
1022, 785, 1021, -1, 1021, 786, 787, -1, 1023, 1024, 781, -1, 1023, 782, 783, -1,
1023, 783, 1022, -1, 1024, 1025, 779, -1, 1024, 780, 781, -1, 1026, 1027, 777, -1,
1026, 778, 779, -1, 1026, 779, 1025, -1, 1028, 774, 775, -1, 1028, 775, 1027, -1,
1027, 776, 777, -1, 1029, 1030, 771, -1, 1029, 772, 773, -1, 1029, 773, 1028, -1,
1031, 768, 769, -1, 1031, 769, 1030, -1, 1030, 770, 771, -1, 1032, 1033, 765, -1,
1032, 766, 767, -1, 1032, 767, 1031, -1, 1033, 1034, 763, -1, 1033, 764, 765, -1,
1035, 1036, 761, -1, 1035, 762, 763, -1, 1035, 763, 1034, -1, 907, 908, 902, -1,
907, 902, 903, -1, 907, 903, 904, -1, 907, 904, 905, -1, 907, 905, 906, -1,
902, 908, 909, -1, 902, 909, 910, -1, 902, 910, 911, -1, 902, 911, 912, -1,
902, 912, 901, -1, 912, 913, 899, -1, 912, 899, 900, -1, 912, 900, 901, -1,
914, 915, 897, -1, 914, 897, 898, -1, 914, 898, 899, -1, 914, 899, 913, -1,
916, 917, 895, -1, 916, 895, 896, -1, 916, 896, 897, -1, 916, 897, 915, -1,
918, 919, 893, -1, 918, 893, 894, -1, 918, 894, 895, -1, 918, 895, 917, -1,
920, 921, 890, -1, 920, 890, 891, -1, 920, 892, 893, -1, 920, 893, 919, -1,
922, 923, 889, -1, 922, 889, 890, -1, 922, 890, 921, -1, 924, 925, 888, -1,
924, 888, 889, -1, 924, 889, 923, -1, 926, 927, 887, -1, 926, 887, 888, -1,
926, 888, 925, -1, 928, 929, 886, -1, 928, 886, 887, -1, 930, 931, 885, -1,
930, 885, 886, -1, 932, 933, 884, -1, 932, 884, 885, -1, 884, 934, 935, -1,
884, 936, 883, -1, 936, 937, 883, -1, 883, 938, 882, -1, 882, 938, 939, -1,
881, 882, 940, -1, 881, 940, 941, -1, 881, 942, 880, -1, 880, 942, 943, -1,
880, 944, 945, -1, 880, 946, 879, -1, 946, 947, 879, -1, 879, 948, 878, -1,
878, 948, 949, -1, 950, 951, 875, -1, 950, 875, 877, -1, 950, 877, 878, -1,
952, 953, 873, -1, 952, 873, 874, -1, 952, 874, 875, -1, 954, 955, 871, -1,
954, 871, 872, -1, 954, 872, 873, -1, 956, 957, 870, -1, 956, 870, 871, -1,
958, 959, 868, -1, 958, 869, 870, -1, 960, 961, 867, -1, 960, 867, 868, -1,
962, 963, 866, -1, 962, 866, 867, -1, 964, 965, 865, -1, 964, 865, 866, -1,
966, 967, 862, -1, 966, 863, 864, -1, 966, 864, 865, -1, 862, 968, 969, -1,
862, 970, 861, -1, 970, 971, 861, -1, 861, 972, 860, -1, 860, 972, 973, -1,
974, 975, 858, -1, 974, 859, 860, -1, 976, 977, 857, -1, 976, 857, 858, -1,
978, 979, 856, -1, 978, 856, 857, -1, 980, 981, 855, -1, 980, 855, 856, -1,
982, 983, 853, -1, 982, 854, 855, -1, 984, 985, 851, -1, 984, 852, 853, -1,
986, 987, 849, -1, 986, 850, 851, -1, 988, 846, 847, -1, 988, 847, 987, -1,
987, 848, 849, -1, 989, 842, 843, -1, 989, 843, 988, -1, 988, 844, 845, -1,
990, 991, 839, -1, 990, 840, 841, -1, 990, 841, 989, -1, 992, 993, 837, -1,
992, 838, 839, -1, 994, 995, 835, -1, 994, 836, 837, -1, 996, 832, 833, -1,
996, 833, 995, -1, 995, 834, 835, -1, 997, 998, 829, -1, 997, 830, 831, -1,
997, 831, 996, -1, 999, 826, 827, -1, 999, 827, 998, -1, 998, 828, 829, -1,
1000, 1001, 823, -1, 1000, 824, 825, -1, 1000, 825, 999, -1, 1001, 1002, 819, -1,
1001, 820, 821, -1, 1001, 822, 823, -1, 1003, 816, 817, -1, 1003, 817, 1002, -1,
1002, 818, 819, -1, 1004, 812, 813, -1, 1004, 813, 1003, -1, 1003, 814, 815, -1,
1006, 810, 811, -1, 1006, 811, 1005, -1, 1005, 811, 1004, -1, 1007, 1008, 807, -1,
1007, 808, 809, -1, 1007, 809, 1006, -1, 1009, 804, 805, -1, 1009, 805, 1008, -1,
1008, 806, 807, -1, 1010, 1011, 803, -1, 1010, 803, 1009, -1, 7229, 7244, 7245, -1,
7229, 7245, 7247, -1, 7241, 7243, 7229, -1, 7241, 7229, 7239, -1, 7239, 7229, 7237, -1,
7235, 7237, 7229, -1, 7235, 7229, 7233, -1, 7233, 7229, 7231, -1, 7203, 7457, 7458, -1,
7202, 7459, 7201, -1, 7201, 7459, 7461, -1, 7200, 7461, 7462, -1, 7207, 7453, 7454, -1,
7206, 7455, 7205, -1, 7205, 7455, 7456, -1, 7204, 7456, 7203, -1, 7209, 7449, 7450, -1,
7208, 7451, 7207, -1, 7207, 7451, 7452, -1, 7209, 7210, 7446, -1, 7209, 7447, 7448, -1,
7211, 7212, 7442, -1, 7211, 7443, 7444, -1, 7211, 7445, 7446, -1, 7213, 7214, 7438, -1,
7213, 7439, 7440, -1, 7213, 7441, 7442, -1, 7215, 7216, 7434, -1, 7215, 7435, 7436, -1,
7215, 7437, 7438, -1, 7217, 7218, 7428, -1, 7217, 7428, 7429, -1, 7217, 7429, 7430, -1,
7217, 7430, 7431, -1, 7217, 7431, 7432, -1, 7217, 7433, 7434, -1, 7219, 7220, 7424, -1,
7219, 7424, 7425, -1, 7219, 7425, 7426, -1, 7219, 7426, 7427, -1, 7219, 7427, 7428, -1,
7221, 7222, 7413, -1, 7221, 7413, 7414, -1, 7221, 7414, 7415, -1, 7221, 7415, 7416, -1,
7221, 7416, 7417, -1, 7221, 7417, 7418, -1, 7221, 7418, 7419, -1, 7221, 7419, 7420, -1,
7221, 7420, 7421, -1, 7221, 7421, 7422, -1, 7221, 7422, 7423, -1, 7221, 7423, 7424, -1,
7223, 7224, 7407, -1, 7223, 7407, 7408, -1, 7223, 7408, 7409, -1, 7223, 7409, 7410, -1,
7223, 7410, 7411, -1, 7223, 7411, 7412, -1, 7223, 7412, 7413, -1, 7225, 7226, 7399, -1,
7225, 7400, 7401, -1, 7225, 7402, 7403, -1, 7225, 7404, 7405, -1, 7225, 7406, 7407, -1,
7227, 7228, 7391, -1, 7227, 7392, 7393, -1, 7227, 7394, 7395, -1, 7227, 7396, 7397, -1,
7227, 7398, 7399, -1, 7228, 7229, 7378, -1, 7228, 7378, 7379, -1, 7228, 7379, 7381, -1,
7228, 7382, 7383, -1, 7228, 7384, 7385, -1, 7228, 7386, 7387, -1, 7228, 7388, 7389, -1,
7228, 7390, 7391, -1, 7229, 7248, 7249, -1, 7229, 7250, 7251, -1, 7229, 7252, 7253, -1,
7229, 7254, 7255, -1, 7229, 7256, 7257, -1, 7229, 7258, 7259, -1, 7229, 7259, 7260, -1,
7229, 7260, 7261, -1, 7229, 7261, 7262, -1, 7229, 7262, 7263, -1, 7229, 7263, 7264, -1,
7229, 7264, 7265, -1, 7229, 7265, 7266, -1, 7229, 7266, 7267, -1, 7229, 7267, 7268, -1,
7229, 7268, 7269, -1, 7229, 7269, 7270, -1, 7229, 7270, 7271, -1, 7229, 7271, 7272, -1,
7229, 7272, 7273, -1, 7229, 7273, 7377, -1, 7229, 7377, 7378, -1, 7376, 7273, 7274, -1,
7376, 7274, 7275, -1, 7376, 7275, 7276, -1, 7376, 7276, 7277, -1, 7376, 7277, 7278, -1,
7376, 7278, 7279, -1, 7376, 7279, 7375, -1, 7374, 7279, 7280, -1, 7374, 7280, 7281, -1,
7374, 7281, 7282, -1, 7374, 7282, 7283, -1, 7374, 7283, 7284, -1, 7374, 7284, 7373, -1,
7372, 7284, 7285, -1, 7372, 7285, 7286, -1, 7372, 7286, 7287, -1, 7372, 7288, 7289, -1,
7372, 7290, 7371, -1, 7370, 7290, 7291, -1, 7370, 7292, 7293, -1, 7370, 7294, 7369, -1,
7368, 7294, 7295, -1, 7368, 7296, 7297, -1, 7368, 7297, 7298, -1, 7368, 7298, 7299, -1,
7368, 7299, 7367, -1, 7366, 7299, 7300, -1, 7366, 7300, 7301, -1, 7366, 7301, 7302, -1,
7366, 7303, 7365, -1, 7364, 7303, 7304, -1, 7364, 7304, 7305, -1, 7364, 7305, 7363, -1,
7362, 7305, 7306, -1, 7362, 7307, 7308, -1, 7362, 7308, 7361, -1, 7360, 7308, 7309, -1,
7360, 7309, 7310, -1, 7360, 7310, 7359, -1, 7311, 7357, 7358, -1, 7311, 7358, 7310, -1,
7313, 7355, 7356, -1, 7312, 7356, 7311, -1, 7315, 7353, 7354, -1, 7314, 7354, 7313, -1,
7317, 7351, 7352, -1, 7316, 7352, 7315, -1, 7319, 7349, 7350, -1, 7318, 7350, 7317, -1,
7321, 7347, 7348, -1, 7320, 7348, 7319, -1, 7323, 7345, 7346, -1, 7322, 7346, 7321, -1,
7323, 7324, 7344, -1, 7344, 7325, 7343, -1, 7343, 7325, 7326, -1, 7342, 7327, 7341, -1,
7341, 7327, 7328, -1, 7340, 7329, 7339, -1, 7339, 7329, 7330, -1, 7338, 7331, 7332, -1,
7338, 7332, 7337, -1, 7336, 7333, 7334, -1, 7472, 7463, 7464, -1, 7472, 7464, 7470, -1,
7465, 7466, 7468, -1, 7465, 7469, 7470, -1, 1116, 1069, 1070, -1, 1116, 1070, 1071, -1,
1116, 1071, 1072, -1, 1116, 1072, 1073, -1, 1116, 1073, 1115, -1, 1073, 1074, 1113, -1,
1073, 1113, 1114, -1, 1073, 1114, 1115, -1, 1111, 1112, 1076, -1, 1076, 1112, 1113, -1,
1076, 1113, 1075, -1, 1075, 1113, 1074, -1, 1110, 1111, 1076, -1, 1110, 1076, 1077, -1,
1110, 1077, 1078, -1, 1110, 1078, 1109, -1, 1078, 1079, 1107, -1, 1078, 1107, 1108, -1,
1078, 1108, 1109, -1, 1080, 1081, 1104, -1, 1080, 1104, 1105, -1, 1080, 1105, 1106, -1,
1080, 1106, 1107, -1, 1080, 1107, 1079, -1, 1082, 1083, 1101, -1, 1082, 1101, 1102, -1,
1082, 1102, 1103, -1, 1082, 1103, 1104, -1, 1082, 1104, 1081, -1, 1101, 1083, 1084, -1,
1101, 1084, 1085, -1, 1101, 1085, 1086, -1, 1101, 1086, 1087, -1, 1101, 1087, 1088, -1,
1101, 1088, 1100, -1, 1088, 1089, 1098, -1, 1088, 1098, 1099, -1, 1088, 1099, 1100, -1,
1096, 1097, 1091, -1, 1091, 1097, 1098, -1, 1091, 1098, 1090, -1, 1090, 1098, 1089, -1,
1093, 1094, 1092, -1, 1092, 1094, 1095, -1, 1092, 1095, 1091, -1, 1091, 1095, 1096, -1,
1118, 1119, 1156, -1, 1118, 1156, 1157, -1, 1118, 1157, 1158, -1, 1118, 1158, 1159, -1,
1118, 1159, 1160, -1, 1118, 1160, 1117, -1, 1156, 1119, 1120, -1, 1156, 1120, 1121, -1,
1156, 1121, 1122, -1, 1156, 1122, 1155, -1, 1122, 1123, 1153, -1, 1122, 1153, 1154, -1,
1122, 1154, 1155, -1, 1153, 1123, 1124, -1, 1153, 1124, 1125, -1, 1153, 1125, 1126, -1,
1153, 1126, 1152, -1, 1126, 1127, 1149, -1, 1126, 1149, 1150, -1, 1126, 1150, 1151, -1,
1126, 1151, 1152, -1, 1149, 1127, 1128, -1, 1149, 1128, 1129, -1, 1149, 1129, 1130, -1,
1149, 1130, 1148, -1, 1130, 1131, 1145, -1, 1130, 1145, 1146, -1, 1130, 1146, 1147, -1,
1130, 1147, 1148, -1, 1145, 1131, 1132, -1, 1145, 1132, 1133, -1, 1145, 1133, 1134, -1,
1145, 1134, 1144, -1, 1134, 1135, 1141, -1, 1134, 1141, 1142, -1, 1134, 1142, 1143, -1,
1134, 1143, 1144, -1, 1135, 1136, 1141, -1, 1141, 1136, 1137, -1, 1141, 1137, 1140, -1,
1140, 1137, 1138, -1, 1140, 1138, 1139, -1, 1162, 1163, 1206, -1, 1162, 1206, 1207, -1,
1162, 1207, 1208, -1, 1162, 1208, 1209, -1, 1162, 1209, 1161, -1, 1204, 1205, 1165, -1,
1165, 1205, 1206, -1, 1165, 1206, 1164, -1, 1164, 1206, 1163, -1, 1203, 1204, 1165, -1,
1203, 1165, 1166, -1, 1203, 1166, 1167, -1, 1203, 1167, 1168, -1, 1203, 1168, 1202, -1,
1168, 1169, 1200, -1, 1168, 1200, 1201, -1, 1168, 1201, 1202, -1, 1170, 1171, 1198, -1,
1170, 1198, 1199, -1, 1170, 1199, 1200, -1, 1170, 1200, 1169, -1, 1198, 1171, 1172, -1,
1198, 1172, 1173, -1, 1198, 1173, 1174, -1, 1198, 1174, 1175, -1, 1198, 1175, 1176, -1,
1198, 1176, 1197, -1, 1176, 1177, 1195, -1, 1176, 1195, 1196, -1, 1176, 1196, 1197, -1,
1195, 1177, 1178, -1, 1195, 1178, 1179, -1, 1195, 1179, 1180, -1, 1195, 1180, 1194, -1,
1180, 1181, 1191, -1, 1180, 1191, 1192, -1, 1180, 1192, 1193, -1, 1180, 1193, 1194, -1,
1182, 1183, 1187, -1, 1182, 1187, 1188, -1, 1182, 1188, 1189, -1, 1182, 1189, 1190, -1,
1182, 1190, 1191, -1, 1182, 1191, 1181, -1, 1184, 1185, 1186, -1, 1184, 1186, 1187, -1,
1184, 1187, 1183, -1, 1259, 1260, 1210, -1, 1259, 1210, 1211, -1, 1259, 1211, 1212, -1,
1259, 1212, 1213, -1, 1259, 1213, 1258, -1, 1257, 1258, 1213, -1, 1257, 1213, 1214, -1,
1257, 1214, 1215, -1, 1257, 1215, 1216, -1, 1257, 1216, 1256, -1, 1255, 1256, 1216, -1,
1255, 1216, 1217, -1, 1255, 1217, 1218, -1, 1255, 1218, 1219, -1, 1255, 1219, 1254, -1,
1253, 1254, 1219, -1, 1253, 1219, 1220, -1, 1253, 1220, 1221, -1, 1253, 1221, 1222, -1,
1253, 1222, 1223, -1, 1253, 1223, 1224, -1, 1253, 1224, 1225, -1, 1253, 1225, 1226, -1,
1253, 1226, 1252, -1, 1226, 1227, 1250, -1, 1226, 1250, 1251, -1, 1226, 1251, 1252, -1,
1228, 1229, 1248, -1, 1228, 1248, 1249, -1, 1228, 1249, 1250, -1, 1228, 1250, 1227, -1,
1230, 1231, 1245, -1, 1230, 1245, 1246, -1, 1230, 1246, 1247, -1, 1230, 1247, 1248, -1,
1230, 1248, 1229, -1, 1232, 1233, 1242, -1, 1232, 1242, 1243, -1, 1232, 1243, 1244, -1,
1232, 1244, 1245, -1, 1232, 1245, 1231, -1, 1234, 1235, 1238, -1, 1234, 1238, 1239, -1,
1234, 1239, 1240, -1, 1234, 1240, 1241, -1, 1234, 1241, 1242, -1, 1234, 1242, 1233, -1,
1235, 1236, 1237, -1, 1235, 1237, 1238, -1, 1316, 1261, 1262, -1, 1316, 1262, 1263, -1,
1316, 1263, 1264, -1, 1316, 1264, 1315, -1, 1309, 1310, 1269, -1, 1269, 1310, 1311, -1,
1269, 1311, 1268, -1, 1268, 1311, 1312, -1, 1268, 1312, 1267, -1, 1267, 1312, 1313, -1,
1267, 1313, 1266, -1, 1266, 1313, 1314, -1, 1266, 1314, 1265, -1, 1265, 1314, 1315, -1,
1265, 1315, 1264, -1, 1308, 1309, 1269, -1, 1308, 1269, 1270, -1, 1308, 1270, 1271, -1,
1308, 1271, 1307, -1, 1306, 1307, 1271, -1, 1306, 1271, 1272, -1, 1306, 1272, 1273, -1,
1306, 1273, 1305, -1, 1304, 1305, 1273, -1, 1304, 1273, 1274, -1, 1304, 1274, 1275, -1,
1304, 1275, 1276, -1, 1304, 1276, 1303, -1, 1302, 1303, 1276, -1, 1302, 1276, 1277, -1,
1302, 1277, 1278, -1, 1302, 1278, 1279, -1, 1302, 1279, 1301, -1, 1300, 1301, 1279, -1,
1300, 1279, 1280, -1, 1300, 1280, 1281, -1, 1300, 1281, 1299, -1, 1298, 1299, 1281, -1,
1298, 1281, 1282, -1, 1298, 1282, 1283, -1, 1298, 1283, 1297, -1, 1283, 1284, 1295, -1,
1283, 1295, 1296, -1, 1283, 1296, 1297, -1, 1285, 1286, 1292, -1, 1285, 1292, 1293, -1,
1285, 1293, 1294, -1, 1285, 1294, 1295, -1, 1285, 1295, 1284, -1, 1290, 1291, 1288, -1,
1288, 1291, 1292, -1, 1288, 1292, 1287, -1, 1287, 1292, 1286, -1, 1319, 1320, 1362, -1,
1319, 1362, 1363, -1, 1319, 1363, 1364, -1, 1319, 1364, 1365, -1, 1319, 1365, 1317, -1,
1319, 1317, 1318, -1, 1360, 1361, 1322, -1, 1322, 1361, 1362, -1, 1322, 1362, 1321, -1,
1321, 1362, 1320, -1, 1359, 1360, 1322, -1, 1359, 1322, 1323, -1, 1359, 1323, 1324, -1,
1359, 1324, 1325, -1, 1359, 1325, 1326, -1, 1359, 1326, 1327, -1, 1359, 1327, 1328, -1,
1359, 1328, 1358, -1, 1328, 1329, 1356, -1, 1328, 1356, 1357, -1, 1328, 1357, 1358, -1,
1354, 1355, 1331, -1, 1331, 1355, 1356, -1, 1331, 1356, 1330, -1, 1330, 1356, 1329, -1,
1354, 1331, 1332, -1, 1354, 1332, 1333, -1, 1354, 1333, 1334, -1, 1354, 1334, 1353, -1,
1335, 1336, 1352, -1, 1335, 1352, 1353, -1, 1335, 1353, 1334, -1, 1337, 1338, 1351, -1,
1337, 1351, 1352, -1, 1337, 1352, 1336, -1, 1339, 1340, 1347, -1, 1339, 1347, 1348, -1,
1339, 1348, 1349, -1, 1339, 1349, 1350, -1, 1339, 1350, 1351, -1, 1339, 1351, 1338, -1,
1345, 1346, 1342, -1, 1342, 1346, 1347, -1, 1342, 1347, 1341, -1, 1341, 1347, 1340, -1,
1342, 1343, 1344, -1, 1342, 1344, 1345, -1, 1367, 1368, 1433, -1, 1367, 1433, 1434, -1,
1367, 1434, 1366, -1, 1369, 1370, 1431, -1, 1369, 1431, 1432, -1, 1369, 1432, 1433, -1,
1369, 1433, 1368, -1, 1371, 1372, 1429, -1, 1371, 1429, 1430, -1, 1371, 1430, 1431, -1,
1371, 1431, 1370, -1, 1373, 1374, 1427, -1, 1373, 1427, 1428, -1, 1373, 1428, 1429, -1,
1373, 1429, 1372, -1, 1425, 1426, 1376, -1, 1376, 1426, 1427, -1, 1376, 1427, 1375, -1,
1375, 1427, 1374, -1, 1425, 1376, 1377, -1, 1425, 1377, 1378, -1, 1425, 1378, 1379, -1,
1425, 1379, 1380, -1, 1425, 1380, 1381, -1, 1425, 1381, 1382, -1, 1425, 1382, 1383, -1,
1425, 1383, 1424, -1, 1423, 1424, 1383, -1, 1423, 1383, 1384, -1, 1423, 1384, 1385, -1,
1423, 1385, 1422, -1, 1421, 1422, 1385, -1, 1421, 1385, 1386, -1, 1421, 1386, 1387, -1,
1421, 1387, 1420, -1, 1419, 1420, 1387, -1, 1419, 1387, 1388, -1, 1419, 1388, 1389, -1,
1419, 1389, 1390, -1, 1419, 1390, 1391, -1, 1419, 1391, 1418, -1, 1391, 1392, 1415, -1,
1391, 1415, 1416, -1, 1391, 1416, 1417, -1, 1391, 1417, 1418, -1, 1393, 1394, 1410, -1,
1393, 1410, 1411, -1, 1393, 1411, 1412, -1, 1393, 1412, 1413, -1, 1393, 1413, 1414, -1,
1393, 1414, 1415, -1, 1393, 1415, 1392, -1, 1395, 1396, 1406, -1, 1395, 1406, 1407, -1,
1395, 1407, 1408, -1, 1395, 1408, 1409, -1, 1395, 1409, 1410, -1, 1395, 1410, 1394, -1,
1397, 1398, 1404, -1, 1397, 1404, 1405, -1, 1397, 1405, 1406, -1, 1397, 1406, 1396, -1,
1399, 1400, 1402, -1, 1399, 1402, 1403, -1, 1399, 1403, 1404, -1, 1399, 1404, 1398, -1,
1516, 1517, 1437, -1, 1437, 1517, 1518, -1, 1437, 1518, 1436, -1, 1436, 1518, 1435, -1,
1439, 1515, 1516, -1, 1439, 1516, 1438, -1, 1438, 1516, 1437, -1, 1441, 1513, 1514, -1,
1441, 1514, 1440, -1, 1440, 1514, 1439, -1, 1512, 1441, 1442, -1, 1512, 1442, 1443, -1,
1512, 1443, 1444, -1, 1512, 1444, 1511, -1, 1510, 1444, 1445, -1, 1510, 1445, 1446, -1,
1510, 1446, 1447, -1, 1510, 1447, 1448, -1, 1510, 1448, 1509, -1, 1508, 1448, 1449, -1,
1508, 1449, 1450, -1, 1508, 1450, 1451, -1, 1508, 1451, 1452, -1, 1508, 1452, 1507, -1,
1506, 1452, 1453, -1, 1506, 1453, 1454, -1, 1506, 1454, 1455, -1, 1506, 1455, 1505, -1,
1504, 1455, 1456, -1, 1504, 1456, 1457, -1, 1504, 1457, 1503, -1, 1502, 1457, 1458, -1,
1502, 1458, 1459, -1, 1502, 1459, 1501, -1, 1459, 1460, 1498, -1, 1459, 1498, 1499, -1,
1459, 1499, 1500, -1, 1459, 1500, 1501, -1, 1498, 1460, 1461, -1, 1498, 1461, 1462, -1,
1498, 1463, 1497, -1, 1496, 1497, 1463, -1, 1496, 1463, 1464, -1, 1496, 1465, 1495, -1,
1465, 1466, 1493, -1, 1465, 1493, 1494, -1, 1465, 1494, 1495, -1, 1467, 1468, 1488, -1,
1467, 1488, 1489, -1, 1467, 1489, 1490, -1, 1467, 1490, 1491, -1, 1467, 1491, 1492, -1,
1467, 1492, 1493, -1, 1469, 1470, 1484, -1, 1469, 1484, 1485, -1, 1469, 1485, 1486, -1,
1469, 1486, 1487, -1, 1469, 1487, 1488, -1, 1471, 1472, 1483, -1, 1471, 1483, 1484, -1,
1473, 1474, 1482, -1, 1473, 1482, 1483, -1, 1475, 1476, 1480, -1, 1475, 1480, 1481, -1,
1475, 1481, 1482, -1, 1477, 1478, 1479, -1, 1477, 1479, 1480, -1, 1520, 1521, 1675, -1,
1522, 1523, 1673, -1, 1522, 1674, 1675, -1, 1522, 1675, 1521, -1, 1524, 1525, 1671, -1,
1524, 1672, 1673, -1, 1524, 1673, 1523, -1, 1526, 1527, 1669, -1, 1526, 1670, 1671, -1,
1526, 1671, 1525, -1, 1528, 1529, 1667, -1, 1528, 1668, 1669, -1, 1528, 1669, 1527, -1,
1530, 1531, 1663, -1, 1530, 1664, 1665, -1, 1530, 1666, 1667, -1, 1530, 1667, 1529, -1,
1532, 1533, 1661, -1, 1532, 1662, 1663, -1, 1532, 1663, 1531, -1, 1534, 1535, 1659, -1,
1534, 1660, 1661, -1, 1534, 1661, 1533, -1, 1537, 1658, 1659, -1, 1537, 1659, 1536, -1,
1536, 1659, 1535, -1, 1537, 1538, 1655, -1, 1537, 1656, 1657, -1, 1655, 1538, 1539, -1,
1655, 1539, 1540, -1, 1655, 1540, 1541, -1, 1655, 1541, 1654, -1, 1653, 1541, 1542, -1,
1653, 1542, 1543, -1, 1653, 1543, 1544, -1, 1653, 1544, 1652, -1, 1651, 1544, 1545, -1,
1651, 1545, 1546, -1, 1651, 1546, 1650, -1, 1546, 1547, 1647, -1, 1546, 1648, 1649, -1,
1548, 1549, 1645, -1, 1548, 1646, 1647, -1, 1548, 1647, 1547, -1, 1645, 1550, 1551, -1,
1645, 1552, 1644, -1, 1643, 1552, 1553, -1, 1643, 1554, 1555, -1, 1643, 1556, 1642, -1,
1641, 1556, 1557, -1, 1641, 1558, 1559, -1, 1641, 1560, 1640, -1, 1639, 1560, 1561, -1,
1639, 1562, 1563, -1, 1639, 1564, 1638, -1, 1637, 1564, 1565, -1, 1637, 1566, 1567, -1,
1637, 1568, 1636, -1, 1635, 1568, 1569, -1, 1635, 1570, 1634, -1, 1633, 1570, 1571, -1,
1633, 1572, 1573, -1, 1633, 1574, 1632, -1, 1631, 1574, 1575, -1, 1631, 1576, 1577, -1,
1631, 1578, 1630, -1, 1629, 1578, 1579, -1, 1629, 1580, 1581, -1, 1629, 1582, 1628, -1,
1627, 1582, 1583, -1, 1627, 1584, 1585, -1, 1627, 1586, 1587, -1, 1627, 1588, 1626, -1,
1625, 1588, 1589, -1, 1625, 1590, 1591, -1, 1625, 1592, 1624, -1, 1623, 1624, 1592, -1,
1623, 1592, 1593, -1, 1623, 1594, 1595, -1, 1623, 1596, 1622, -1, 1596, 1597, 1620, -1,
1596, 1620, 1621, -1, 1596, 1621, 1622, -1, 1620, 1598, 1599, -1, 1620, 1600, 1619, -1,
1618, 1619, 1600, -1, 1618, 1600, 1601, -1, 1618, 1602, 1617, -1, 1602, 1603, 1611, -1,
1602, 1611, 1612, -1, 1602, 1612, 1613, -1, 1602, 1613, 1614, -1, 1602, 1614, 1615, -1,
1602, 1615, 1616, -1, 1602, 1616, 1617, -1, 1611, 1604, 1605, -1, 1611, 1605, 1606, -1,
1611, 1606, 1610, -1, 1606, 1607, 1608, -1, 1606, 1608, 1609, -1, 1606, 1609, 1610, -1,
3411, 3412, 3547, -1, 3411, 3547, 3277, -1, 3411, 3278, 3409, -1, 3278, 3279, 3409, -1,
3409, 3280, 3408, -1, 3408, 3280, 3281, -1, 3407, 3408, 3282, -1, 3407, 3282, 3283, -1,
3407, 3284, 3406, -1, 3405, 3406, 3284, -1, 3405, 3284, 3285, -1, 3405, 3286, 3404, -1,
3288, 3403, 3404, -1, 3287, 3404, 3286, -1, 3290, 3401, 3402, -1, 3289, 3402, 3288, -1,
3292, 3399, 3400, -1, 3291, 3400, 3290, -1, 3294, 3397, 3398, -1, 3293, 3398, 3292, -1,
3296, 3395, 3396, -1, 3295, 3396, 3294, -1, 3394, 3296, 3297, -1, 3394, 3298, 3299, -1,
3394, 3300, 3393, -1, 3392, 3300, 3301, -1, 3392, 3302, 3391, -1, 3390, 3302, 3303, -1,
3390, 3304, 3389, -1, 3388, 3304, 3305, -1, 3388, 3306, 3307, -1, 3388, 3308, 3387, -1,
3386, 3308, 3309, -1, 3386, 3310, 3385, -1, 3384, 3310, 3311, -1, 3384, 3312, 3383, -1,
3382, 3312, 3313, -1, 3382, 3314, 3381, -1, 3380, 3314, 3315, -1, 3380, 3316, 3379, -1,
3378, 3316, 3317, -1, 3378, 3318, 3377, -1, 3376, 3318, 3319, -1, 3376, 3320, 3375, -1,
3320, 3321, 3373, -1, 3320, 3373, 3374, -1, 3322, 3323, 3370, -1, 3322, 3370, 3371, -1,
3322, 3371, 3372, -1, 3322, 3372, 3373, -1, 3324, 3325, 3368, -1, 3324, 3368, 3369, -1,
3324, 3369, 3370, -1, 3326, 3327, 3366, -1, 3326, 3366, 3367, -1, 3326, 3367, 3368, -1,
3328, 3329, 3363, -1, 3328, 3363, 3364, -1, 3328, 3364, 3365, -1, 3328, 3365, 3366, -1,
3330, 3331, 3360, -1, 3330, 3360, 3361, -1, 3330, 3361, 3362, -1, 3330, 3362, 3363, -1,
3332, 3333, 3357, -1, 3332, 3357, 3358, -1, 3332, 3358, 3359, -1, 3332, 3359, 3360, -1,
3334, 3335, 3355, -1, 3334, 3355, 3356, -1, 3334, 3356, 3357, -1, 3336, 3337, 3353, -1,
3336, 3353, 3354, -1, 3336, 3354, 3355, -1, 3338, 3339, 3351, -1, 3338, 3351, 3352, -1,
3338, 3352, 3353, -1, 3340, 3341, 3349, -1, 3340, 3349, 3350, -1, 3340, 3350, 3351, -1,
3342, 3343, 3347, -1, 3342, 3348, 3349, -1, 3344, 3346, 3347, -1, 1791, 1677, 1678, -1,
1791, 1678, 1679, -1, 1791, 1679, 1680, -1, 1791, 1680, 1790, -1, 1789, 1790, 1680, -1,
1789, 1680, 1681, -1, 1789, 1681, 1682, -1, 1789, 1682, 1683, -1, 1789, 1683, 1684, -1,
1789, 1684, 1788, -1, 1787, 1788, 1684, -1, 1787, 1684, 1685, -1, 1787, 1685, 1686, -1,
1787, 1686, 1687, -1, 1787, 1687, 1786, -1, 1785, 1786, 1687, -1, 1785, 1687, 1688, -1,
1785, 1688, 1689, -1, 1785, 1689, 1690, -1, 1785, 1690, 1784, -1, 1783, 1784, 1690, -1,
1783, 1690, 1691, -1, 1783, 1691, 1692, -1, 1783, 1692, 1693, -1, 1783, 1693, 1694, -1,
1783, 1694, 1782, -1, 1781, 1694, 1695, -1, 1781, 1696, 1780, -1, 1779, 1696, 1697, -1,
1779, 1698, 1699, -1, 1779, 1700, 1778, -1, 1777, 1700, 1701, -1, 1777, 1702, 1776, -1,
1775, 1702, 1703, -1, 1775, 1704, 1774, -1, 1704, 1705, 1771, -1, 1704, 1772, 1773, -1,
1706, 1707, 1769, -1, 1706, 1770, 1771, -1, 1708, 1709, 1767, -1, 1708, 1768, 1769, -1,
1710, 1711, 1765, -1, 1710, 1766, 1767, -1, 1712, 1713, 1763, -1, 1712, 1764, 1765, -1,
1714, 1715, 1761, -1, 1714, 1762, 1763, -1, 1716, 1717, 1759, -1, 1716, 1760, 1761, -1,
1718, 1719, 1757, -1, 1718, 1758, 1759, -1, 1720, 1721, 1755, -1, 1720, 1756, 1757, -1,
1722, 1723, 1753, -1, 1722, 1754, 1755, -1, 1724, 1725, 1751, -1, 1724, 1751, 1752, -1,
1724, 1752, 1753, -1, 1726, 1727, 1749, -1, 1726, 1749, 1750, -1, 1726, 1750, 1751, -1,
1728, 1729, 1747, -1, 1728, 1747, 1748, -1, 1728, 1748, 1749, -1, 1730, 1731, 1744, -1,
1730, 1744, 1745, -1, 1730, 1745, 1746, -1, 1730, 1746, 1747, -1, 1732, 1733, 1741, -1,
1732, 1741, 1742, -1, 1732, 1742, 1743, -1, 1732, 1743, 1744, -1, 1732, 1744, 1731, -1,
1734, 1735, 1740, -1, 1734, 1740, 1741, -1, 1734, 1741, 1733, -1, 1736, 1737, 1738, -1,
1736, 1738, 1739, -1, 1736, 1739, 1740, -1, 1736, 1740, 1735, -1, 1794, 1795, 1947, -1,
1794, 1948, 1949, -1, 1794, 1949, 1792, -1, 1984, 1985, 1981, -1, 1984, 1981, 1982, -1,
1984, 1982, 1983, -1, 1986, 1987, 1979, -1, 1986, 1979, 1980, -1, 1986, 1980, 1981, -1,
1986, 1981, 1985, -1, 1988, 1989, 1977, -1, 1988, 1977, 1978, -1, 1988, 1978, 1979, -1,
1988, 1979, 1987, -1, 1990, 1991, 1975, -1, 1990, 1976, 1977, -1, 1990, 1977, 1989, -1,
1992, 1993, 1973, -1, 1992, 1974, 1975, -1, 1992, 1975, 1991, -1, 1994, 1995, 1971, -1,
1994, 1972, 1973, -1, 1994, 1973, 1993, -1, 1997, 1970, 1971, -1, 1997, 1971, 1996, -1,
1996, 1971, 1995, -1, 1997, 1998, 1967, -1, 1997, 1968, 1969, -1, 1967, 1998, 1999, -1,
1967, 1999, 2000, -1, 1967, 2000, 2001, -1, 1967, 2001, 1966, -1, 1965, 2001, 2002, -1,
1965, 2002, 2003, -1, 1965, 2003, 2004, -1, 1965, 2004, 1964, -1, 1963, 2004, 2005, -1,
1963, 2005, 2006, -1, 1963, 2006, 1962, -1, 1961, 2006, 2007, -1, 1961, 2008, 2009, -1,
1961, 2010, 1960, -1, 1959, 2010, 2011, -1, 1959, 2012, 1958, -1, 1957, 2012, 2013, -1,
1957, 2014, 1956, -1, 1955, 2014, 2015, -1, 1955, 2016, 2017, -1, 1955, 2017, 1954, -1,
1953, 2017, 2018, -1, 1953, 2018, 2019, -1, 1953, 2019, 2020, -1, 1953, 2020, 1952, -1,
1951, 2020, 2021, -1, 1951, 2021, 2022, -1, 1951, 2022, 1950, -1, 2022, 1792, 1949, -1,
1795, 1796, 1945, -1, 1795, 1946, 1947, -1, 1797, 1798, 1943, -1, 1797, 1944, 1945, -1,
1797, 1945, 1796, -1, 1799, 1940, 1941, -1, 1799, 1941, 1798, -1, 1798, 1942, 1943, -1,
1939, 1799, 1800, -1, 1939, 1800, 1801, -1, 1939, 1802, 1938, -1, 1804, 1936, 1937, -1,
1804, 1937, 1802, -1, 1805, 1806, 1933, -1, 1805, 1934, 1935, -1, 1805, 1935, 1804, -1,
1807, 1930, 1931, -1, 1807, 1931, 1806, -1, 1806, 1932, 1933, -1, 1809, 1928, 1929, -1,
1809, 1929, 1808, -1, 1808, 1929, 1807, -1, 1810, 1811, 1924, -1, 1810, 1924, 1925, -1,
1810, 1926, 1927, -1, 1810, 1927, 1809, -1, 1917, 1918, 1815, -1, 1815, 1918, 1919, -1,
1815, 1919, 1814, -1, 1814, 1919, 1920, -1, 1814, 1920, 1813, -1, 1813, 1920, 1921, -1,
1813, 1921, 1812, -1, 1812, 1921, 1922, -1, 1812, 1922, 1811, -1, 1811, 1922, 1923, -1,
1912, 1913, 1819, -1, 1819, 1914, 1818, -1, 1818, 1914, 1915, -1, 1818, 1915, 1817, -1,
1817, 1915, 1916, -1, 1817, 1916, 1816, -1, 1816, 1916, 1917, -1, 1816, 1917, 1815, -1,
1820, 1821, 1910, -1, 1820, 1910, 1911, -1, 1820, 1911, 1912, -1, 1820, 1912, 1819, -1,
1822, 1908, 1909, -1, 1822, 1909, 1821, -1, 1821, 1909, 1910, -1, 1824, 1906, 1907, -1,
1823, 1907, 1822, -1, 1824, 1825, 1903, -1, 1824, 1904, 1905, -1, 1826, 1827, 1901, -1,
1826, 1902, 1903, -1, 1828, 1829, 1899, -1, 1828, 1900, 1901, -1, 1830, 1831, 1897, -1,
1830, 1898, 1899, -1, 1832, 1833, 1895, -1, 1832, 1896, 1897, -1, 1834, 1835, 1893, -1,
1834, 1894, 1895, -1, 1836, 1837, 1891, -1, 1836, 1892, 1893, -1, 1838, 1839, 1889, -1,
1838, 1890, 1891, -1, 1840, 1841, 1887, -1, 1840, 1888, 1889, -1, 1842, 1843, 1885, -1,
1842, 1886, 1887, -1, 1844, 1845, 1883, -1, 1844, 1884, 1885, -1, 1846, 1847, 1881, -1,
1846, 1882, 1883, -1, 1848, 1849, 1879, -1, 1848, 1879, 1880, -1, 1848, 1880, 1881, -1,
1850, 1851, 1877, -1, 1850, 1877, 1878, -1, 1850, 1878, 1879, -1, 1852, 1853, 1875, -1,
1852, 1875, 1876, -1, 1852, 1876, 1877, -1, 1854, 1855, 1873, -1, 1854, 1873, 1874, -1,
1854, 1874, 1875, -1, 1856, 1857, 1870, -1, 1856, 1870, 1871, -1, 1856, 1871, 1872, -1,
1856, 1872, 1873, -1, 1856, 1873, 1855, -1, 1858, 1859, 1866, -1, 1858, 1866, 1867, -1,
1858, 1867, 1868, -1, 1858, 1868, 1869, -1, 1858, 1869, 1870, -1, 1858, 1870, 1857, -1,
1860, 1861, 1863, -1, 1860, 1863, 1864, -1, 1860, 1864, 1865, -1, 1860, 1865, 1866, -1,
1860, 1866, 1859, -1, 6325, 6294, 6295, -1, 6324, 6295, 6322, -1, 5435, 5436, 6358, -1,
6358, 5437, 5439, -1, 5435, 6359, 6360, -1, 5435, 6360, 5433, -1, 5426, 5427, 6360, -1,
6360, 5427, 5428, -1, 6360, 5428, 5430, -1, 5419, 5420, 6362, -1, 6362, 5420, 5421, -1,
6362, 5421, 5423, -1, 5406, 5407, 6364, -1, 5406, 6365, 6366, -1, 5406, 6366, 5404, -1,
6368, 6587, 5378, -1, 6368, 5378, 5379, -1, 6368, 5379, 5380, -1, 6368, 5380, 5381, -1,
6368, 5381, 5382, -1, 6368, 5382, 5383, -1, 6368, 5383, 5384, -1, 6368, 5384, 5385, -1,
6368, 5385, 5386, -1, 6368, 5386, 5387, -1, 6368, 5387, 5388, -1, 6368, 5388, 5389, -1,
6368, 5389, 5390, -1, 6368, 5390, 6367, -1, 6366, 5390, 5391, -1, 6366, 5391, 5392, -1,
6366, 5392, 5393, -1, 6366, 5393, 5394, -1, 6366, 5394, 5395, -1, 6366, 5395, 5396, -1,
6366, 5396, 5397, -1, 6366, 5397, 5398, -1, 6366, 5398, 5399, -1, 6366, 5399, 5400, -1,
6366, 5400, 5401, -1, 6366, 5401, 5402, -1, 6366, 5402, 5403, -1, 6366, 5403, 5404, -1,
6364, 5407, 5408, -1, 6364, 5408, 5409, -1, 6364, 5409, 5410, -1, 6364, 5410, 5411, -1,
6364, 5411, 5412, -1, 6364, 5412, 5413, -1, 6364, 5413, 5414, -1, 6364, 5414, 5415, -1,
6364, 5415, 5416, -1, 6364, 5416, 6363, -1, 6362, 5416, 5417, -1, 6362, 5417, 5418, -1,
6362, 5418, 5419, -1, 5425, 6361, 6362, -1, 5425, 6362, 5424, -1, 5424, 6362, 5423, -1,
6360, 5430, 5431, -1, 6360, 5431, 5432, -1, 6360, 5432, 5433, -1, 6358, 5439, 5440, -1,
6358, 5441, 5442, -1, 6358, 5442, 5443, -1, 6358, 5443, 6357, -1, 6356, 5443, 5444, -1,
6356, 5444, 5445, -1, 6356, 5445, 5446, -1, 6356, 5446, 5447, -1, 6356, 5447, 5448, -1,
6356, 5448, 6355, -1, 6355, 5448, 5449, -1, 6355, 5449, 5450, -1, 6355, 5450, 5451, -1,
6355, 5451, 6354, -1, 6354, 5451, 5452, -1, 6354, 5452, 5453, -1, 6354, 5453, 6352, -1,
5360, 5361, 6587, -1, 6587, 5361, 5362, -1, 6587, 5362, 5364, -1, 5353, 5354, 6587, -1,
6587, 5354, 5355, -1, 6587, 5355, 5357, -1, 6396, 6553, 6554, -1, 6396, 6554, 6395, -1,
6394, 6555, 6556, -1, 6394, 6556, 6558, -1, 6550, 6552, 6396, -1, 6550, 6396, 6548, -1,
6547, 6397, 6398, -1, 6546, 6398, 6544, -1, 6542, 6544, 6398, -1, 6542, 6398, 6541, -1,
6540, 6399, 6400, -1, 6540, 6400, 6538, -1, 6538, 6400, 6536, -1, 6534, 6401, 6402, -1,
6534, 6402, 6532, -1, 6528, 6403, 6404, -1, 6528, 6404, 6526, -1, 6519, 6520, 6406, -1,
6406, 6520, 6522, -1, 6406, 6522, 6405, -1, 6404, 6523, 6524, -1, 6404, 6524, 6526, -1,
6518, 6407, 6408, -1, 6518, 6408, 6516, -1, 6509, 6510, 6410, -1, 6410, 6510, 6512, -1,
6410, 6512, 6409, -1, 6408, 6513, 6514, -1, 6408, 6514, 6516, -1, 6508, 6411, 6412, -1,
6508, 6412, 6506, -1, 6499, 6500, 6414, -1, 6414, 6500, 6502, -1, 6414, 6502, 6413, -1,
6412, 6503, 6504, -1, 6412, 6504, 6506, -1, 6491, 6492, 6418, -1, 6418, 6492, 6494, -1,
6418, 6494, 6417, -1, 6416, 6495, 6496, -1, 6416, 6496, 6498, -1, 6483, 6484, 6422, -1,
6422, 6484, 6486, -1, 6422, 6486, 6421, -1, 6420, 6487, 6488, -1, 6420, 6488, 6490, -1,
6429, 6473, 6474, -1, 6428, 6474, 6476, -1, 6428, 6476, 6427, -1, 6426, 6477, 6478, -1,
6426, 6478, 6480, -1, 6468, 6470, 6432, -1, 6468, 6432, 6467, -1, 6466, 6433, 6434, -1,
6464, 6435, 6436, -1, 6464, 6436, 6462, -1, 6456, 6441, 6442, -1, 6456, 6442, 6454, -1,
6443, 6444, 6452, -1, 6443, 6453, 6454, -1, 6445, 6446, 6450, -1, 6445, 6451, 6452, -1,
6447, 6449, 6450, -1, 6437, 6438, 6460, -1, 6437, 6461, 6462, -1, 6439, 6440, 6458, -1,
6439, 6459, 6460, -1, 6458, 6441, 6457, -1, 6431, 6432, 6470, -1, 6431, 6471, 6472, -1,
6425, 6426, 6480, -1, 6425, 6481, 6482, -1, 6423, 6424, 6482, -1, 6491, 6419, 6420, -1,
6415, 6416, 6498, -1, 6402, 6529, 6530, -1, 6402, 6531, 6532, -1, 6535, 6536, 6400, -1,
6394, 6559, 6560, -1, 6394, 6561, 6562, -1, 6394, 6563, 6393, -1, 6392, 6563, 6564, -1,
6392, 6565, 6566, -1, 6392, 6567, 6568, -1, 6392, 6569, 6570, -1, 6392, 6571, 6391, -1,
6390, 6571, 6572, -1, 6390, 6573, 6574, -1, 6390, 6574, 6575, -1, 6390, 6575, 6389, -1,
6388, 6575, 6576, -1, 6388, 6576, 6577, -1, 6388, 6577, 6387, -1, 6386, 6577, 6578, -1,
6386, 6578, 6579, -1, 6386, 6579, 6385, -1, 6579, 6580, 6382, -1, 6579, 6383, 6384, -1,
6581, 6582, 6378, -1, 6581, 6379, 6380, -1, 6581, 6381, 6382, -1, 6581, 6382, 6580, -1,
6583, 6584, 6374, -1, 6583, 6375, 6376, -1, 6583, 6377, 6378, -1, 6583, 6378, 6582, -1,
6585, 6586, 6370, -1, 6585, 6371, 6372, -1, 6585, 6373, 6374, -1, 6585, 6374, 6584, -1,
6587, 6369, 6370, -1, 6587, 6370, 6586, -1, 6587, 5364, 5365, -1, 6587, 5365, 5366, -1,
6587, 5366, 5367, -1, 6587, 5367, 5368, -1, 6587, 5368, 5369, -1, 6587, 5369, 5370, -1,
6587, 5370, 5371, -1, 6587, 5371, 5372, -1, 6587, 5372, 5373, -1, 6587, 5373, 5374, -1,
6587, 5374, 5375, -1, 6587, 5375, 5376, -1, 6587, 5376, 5377, -1, 6587, 5377, 5378, -1,
6587, 5357, 5358, -1, 6587, 5358, 5359, -1, 6587, 5359, 5360, -1, 6587, 6588, 5351, -1,
6587, 5351, 5352, -1, 6587, 5352, 5353, -1, 6589, 6590, 5340, -1, 6589, 5340, 5341, -1,
6589, 5341, 5342, -1, 6589, 5342, 5343, -1, 6589, 5343, 5344, -1, 6589, 5344, 5345, -1,
6589, 5345, 5346, -1, 6589, 5346, 5347, -1, 6589, 5347, 5348, -1, 6589, 5348, 5349, -1,
6589, 5349, 5350, -1, 6589, 5350, 5351, -1, 6589, 5351, 6588, -1, 6591, 6592, 5336, -1,
6591, 5336, 5337, -1, 6591, 5337, 5338, -1, 6591, 5338, 5339, -1, 6591, 5339, 5340, -1,
6591, 5340, 6590, -1, 6593, 6594, 5333, -1, 6593, 5333, 5334, -1, 6593, 5334, 5335, -1,
6593, 5335, 5336, -1, 6593, 5336, 6592, -1, 6595, 6596, 5330, -1, 6595, 5330, 5331, -1,
6595, 5331, 5332, -1, 6595, 5332, 5333, -1, 6595, 5333, 6594, -1, 6597, 6598, 5329, -1,
6597, 5329, 5330, -1, 6597, 5330, 6596, -1, 5329, 6599, 6600, -1, 5329, 6600, 5328, -1,
5328, 6601, 6602, -1, 6603, 6604, 5327, -1, 6603, 5327, 5328, -1, 6605, 6606, 5326, -1,
6605, 5326, 5327, -1, 6607, 6608, 5325, -1, 6607, 5325, 5326, -1, 6609, 6610, 5324, -1,
6609, 5324, 5325, -1, 5324, 6611, 6612, -1, 5324, 6613, 5323, -1, 6613, 6614, 5323, -1,
5323, 6615, 5322, -1, 5322, 6615, 6616, -1, 5321, 5322, 6617, -1, 5321, 6617, 6618, -1,
5321, 6619, 5320, -1, 5320, 6619, 6620, -1, 5320, 6621, 6622, -1, 5320, 6623, 5319, -1,
6623, 6624, 5319, -1, 5319, 6625, 5318, -1, 5318, 6625, 6626, -1, 5317, 5318, 6627, -1,
5317, 6627, 6628, -1, 5317, 6629, 5316, -1, 5316, 6629, 6630, -1, 5316, 6631, 6632, -1,
5316, 6633, 5315, -1, 6633, 6634, 5315, -1, 5315, 6635, 5314, -1, 5314, 6635, 6636, -1,
5313, 5314, 6637, -1, 5313, 6637, 6638, -1, 5313, 6639, 5312, -1, 5312, 6639, 6640, -1,
5312, 6641, 6642, -1, 5312, 6643, 5311, -1, 6643, 6644, 5311, -1, 5311, 6645, 5310, -1,
5310, 6645, 6646, -1, 5309, 5310, 6647, -1, 5309, 6647, 6648, -1, 5309, 6649, 5308, -1,
6649, 6650, 5308, -1, 5308, 6651, 5307, -1, 5307, 6651, 6652, -1, 5306, 5307, 6653, -1,
5306, 6653, 6654, -1, 5306, 6655, 5305, -1, 6655, 6656, 5305, -1, 5305, 6657, 5304, -1,
5304, 6657, 6658, -1, 5303, 5304, 6659, -1, 5303, 6659, 6660, -1, 5303, 6661, 6662, -1,
5303, 6663, 5302, -1, 6663, 6664, 5302, -1, 5302, 6665, 5301, -1, 5301, 6665, 6666, -1,
5300, 5301, 6667, -1, 5300, 6667, 6668, -1, 5300, 6669, 5299, -1, 6669, 6670, 5299, -1,
5299, 6671, 5298, -1, 5298, 6671, 6672, -1, 5297, 5298, 6673, -1, 5297, 6673, 6674, -1,
5297, 6675, 5296, -1, 5295, 5296, 6675, -1, 5295, 6675, 6676, -1, 5295, 6677, 5294, -1,
6679, 5293, 5294, -1, 6678, 5294, 6677, -1, 6679, 6680, 5292, -1, 5292, 6681, 5291, -1,
5291, 6681, 6682, -1, 6683, 6684, 5289, -1, 6683, 5290, 5291, -1, 6685, 6686, 5288, -1,
6685, 5288, 5289, -1, 6687, 6688, 5287, -1, 6687, 5287, 5288, -1, 6689, 6690, 5286, -1,
6689, 5286, 5287, -1, 6691, 6692, 5285, -1, 6691, 5285, 5286, -1, 6693, 6694, 5283, -1,
6693, 5283, 5284, -1, 6693, 5284, 5285, -1, 6695, 6696, 5282, -1, 6695, 5282, 5283, -1,
6697, 6698, 5281, -1, 6697, 5281, 5282, -1, 6699, 6700, 5280, -1, 6699, 5280, 5281, -1,
6701, 6702, 5279, -1, 6701, 5279, 5280, -1, 6703, 6704, 5277, -1, 6703, 5277, 5278, -1,
6703, 5278, 5279, -1, 5273, 5274, 6707, -1, 6707, 5274, 5275, -1, 6707, 5275, 6706, -1,
6706, 5275, 5276, -1, 6706, 5276, 6705, -1, 6705, 5276, 5277, -1, 6708, 5271, 5272, -1,
6708, 5272, 6707, -1, 6709, 6710, 5268, -1, 6709, 5269, 5270, -1, 6709, 5270, 6708, -1,
6710, 6711, 5264, -1, 6710, 5265, 5266, -1, 6710, 5267, 5268, -1, 6712, 5261, 5262, -1,
6712, 5262, 6711, -1, 6711, 5263, 5264, -1, 6713, 6714, 5258, -1, 6713, 5259, 5260, -1,
6713, 5260, 6712, -1, 6715, 6716, 5256, -1, 6715, 5257, 5258, -1, 6716, 6717, 5252, -1,
6716, 5253, 5254, -1, 6716, 5255, 5256, -1, 6718, 5249, 5250, -1, 6718, 5250, 6717, -1,
6717, 5251, 5252, -1, 6719, 6720, 5246, -1, 6719, 5247, 5248, -1, 6719, 5248, 6718, -1,
6721, 5243, 5244, -1, 6721, 5244, 6720, -1, 6720, 5245, 5246, -1, 6722, 6723, 5238, -1,
6722, 5239, 5240, -1, 6722, 5241, 5242, -1, 6722, 5242, 6721, -1, 6724, 5235, 5236, -1,
6724, 5236, 6723, -1, 6723, 5237, 5238, -1, 6725, 6726, 5230, -1, 6725, 5231, 5232, -1,
6725, 5233, 5234, -1, 6725, 5234, 6724, -1, 6726, 6727, 5226, -1, 6726, 5226, 5227, -1,
6726, 5227, 5228, -1, 6726, 5229, 5230, -1, 5222, 5223, 6728, -1, 6728, 5223, 5224, -1,
6728, 5224, 6727, -1, 6727, 5224, 5225, -1, 6727, 5225, 5226, -1, 6729, 6730, 5220, -1,
6729, 5220, 5221, -1, 6729, 5221, 5222, -1, 6729, 5222, 6728, -1, 6730, 6731, 5218, -1,
6730, 5218, 5219, -1, 6730, 5219, 5220, -1, 6732, 6733, 5216, -1, 6732, 5216, 5217, -1,
6732, 5217, 5218, -1, 6732, 5218, 6731, -1, 6733, 6734, 5214, -1, 6733, 5214, 5215, -1,
6733, 5215, 5216, -1, 6735, 6736, 5212, -1, 6735, 5212, 5213, -1, 6735, 5213, 5214, -1,
6735, 5214, 6734, -1, 6736, 6737, 5210, -1, 6736, 5210, 5211, -1, 6736, 5211, 5212, -1,
6738, 6739, 5208, -1, 6738, 5209, 5210, -1, 6738, 5210, 6737, -1, 6740, 6741, 5206, -1,
6740, 5207, 5208, -1, 6740, 5208, 6739, -1, 6743, 5205, 5206, -1, 6743, 5206, 6742, -1,
6742, 5206, 6741, -1, 5204, 6743, 6744, -1, 5204, 6744, 6745, -1, 5204, 6746, 5203, -1,
6746, 6747, 5203, -1, 5203, 6748, 5202, -1, 5202, 6748, 6749, -1, 5201, 5202, 6750, -1,
5201, 6750, 6751, -1, 5201, 6752, 5200, -1, 6752, 6753, 5200, -1, 5200, 6754, 5199, -1,
5199, 6754, 6755, -1, 5198, 5199, 6756, -1, 5198, 6756, 6757, -1, 5198, 6758, 5197, -1,
6758, 6759, 5197, -1, 5197, 6760, 5196, -1, 5196, 6760, 6761, -1, 5195, 5196, 6762, -1,
5195, 6762, 6763, -1, 5195, 6764, 5194, -1, 6764, 6765, 5194, -1, 5194, 6766, 5193, -1,
5193, 6766, 6767, -1, 5192, 5193, 6768, -1, 5192, 6768, 6769, -1, 5192, 6770, 5191, -1,
6770, 6771, 5191, -1, 5191, 6772, 5190, -1, 5190, 6772, 6773, -1, 5189, 5190, 6774, -1,
5189, 6774, 6775, -1, 5189, 6776, 5188, -1, 5186, 5187, 6778, -1, 6778, 5187, 5188, -1,
6777, 5188, 6776, -1, 6778, 6779, 5186, -1, 5186, 6780, 5185, -1, 5185, 6780, 6781, -1,
5184, 5185, 6782, -1, 5184, 6782, 6783, -1, 5184, 6784, 5183, -1, 6784, 6785, 5183, -1,
5183, 6786, 5182, -1, 5182, 6786, 6787, -1, 5181, 5182, 6788, -1, 5181, 6788, 6789, -1,
5181, 6790, 5180, -1, 5180, 6790, 6791, -1, 5180, 6792, 5179, -1, 6351, 5453, 5454, -1,
6351, 5454, 6350, -1, 6350, 5454, 5455, -1, 6350, 5455, 6349, -1, 6349, 5455, 5456, -1,
6349, 5456, 6347, -1, 6347, 5456, 5457, -1, 6347, 5457, 6346, -1, 6346, 5457, 5458, -1,
6346, 5458, 6345, -1, 6345, 5458, 5459, -1, 5460, 5461, 6343, -1, 5460, 6343, 6344, -1,
5460, 6344, 6345, -1, 5462, 5463, 6340, -1, 5462, 6340, 6341, -1, 5462, 6341, 6342, -1,
5462, 6342, 6343, -1, 5464, 5465, 6335, -1, 5464, 6335, 6336, -1, 5464, 6336, 6337, -1,
5464, 6337, 6338, -1, 5464, 6338, 6339, -1, 5464, 6339, 6340, -1, 5466, 5467, 6332, -1,
5466, 6332, 6333, -1, 5466, 6333, 6334, -1, 5466, 6334, 6335, -1, 6305, 6306, 6310, -1,
6310, 6306, 6307, -1, 6309, 6307, 6308, -1, 6303, 6304, 6312, -1, 6312, 6304, 6305, -1,
6311, 6305, 6310, -1, 6301, 6302, 6314, -1, 6314, 6302, 6303, -1, 6313, 6303, 6312, -1,
6299, 6300, 6316, -1, 6316, 6300, 6301, -1, 6315, 6301, 6314, -1, 6318, 6298, 6299, -1,
6317, 6299, 6316, -1, 6320, 6296, 6297, -1, 6319, 6297, 6318, -1, 6321, 6322, 6295, -1,
6321, 6295, 6320, -1, 6293, 6325, 6326, -1, 6293, 6326, 6327, -1, 6293, 6327, 6328, -1,
6293, 6328, 6329, -1, 6293, 6329, 6330, -1, 6293, 6330, 6292, -1, 6291, 6330, 6331, -1,
6291, 6331, 6332, -1, 6291, 6332, 5467, -1, 6291, 5468, 6290, -1, 6290, 5468, 5469, -1,
6290, 5470, 5471, -1, 6290, 5472, 5473, -1, 6290, 5474, 5475, -1, 6290, 5476, 5477, -1,
6181, 6183, 5478, -1, 6181, 5478, 6179, -1, 6179, 5478, 6177, -1, 5478, 5479, 6167, -1,
5478, 6167, 6169, -1, 5478, 6169, 6171, -1, 5478, 6171, 6173, -1, 5478, 6173, 6175, -1,
5478, 6175, 6176, -1, 6166, 5480, 6165, -1, 6165, 5480, 6163, -1, 6159, 6160, 5480, -1,
5480, 6161, 6163, -1, 6157, 6159, 5480, -1, 6157, 5480, 6155, -1, 5480, 5481, 6142, -1,
5480, 6143, 6144, -1, 5480, 6145, 6146, -1, 5480, 6147, 6148, -1, 5480, 6149, 6150, -1,
5480, 6151, 6153, -1, 5480, 6153, 6154, -1, 5541, 5542, 5573, -1, 5541, 5573, 5574, -1,
5541, 5574, 5575, -1, 5543, 5544, 5570, -1, 5543, 5571, 5572, -1, 5543, 5572, 5573, -1,
5545, 5546, 5568, -1, 5545, 5568, 5569, -1, 5545, 5569, 5570, -1, 5547, 5548, 5566, -1,
5547, 5566, 5567, -1, 5547, 5567, 5568, -1, 5549, 5550, 5564, -1, 5549, 5564, 5565, -1,
5549, 5565, 5566, -1, 5551, 5552, 5562, -1, 5551, 5562, 5563, -1, 5551, 5563, 5564, -1,
5551, 5564, 5550, -1, 5553, 5554, 5560, -1, 5553, 5560, 5561, -1, 5553, 5561, 5562, -1,
5553, 5562, 5552, -1, 5555, 5556, 5558, -1, 5555, 5558, 5559, -1, 5555, 5559, 5560, -1,
5555, 5560, 5554, -1, 2024, 2025, 2145, -1, 2024, 2145, 2146, -1, 2024, 2146, 2023, -1,
2026, 2027, 2141, -1, 2026, 2141, 2142, -1, 2026, 2142, 2143, -1, 2026, 2143, 2144, -1,
2026, 2144, 2145, -1, 2026, 2145, 2025, -1, 2028, 2029, 2138, -1, 2028, 2138, 2139, -1,
2028, 2139, 2140, -1, 2028, 2140, 2141, -1, 2028, 2141, 2027, -1, 2138, 2029, 2030, -1,
2138, 2030, 2031, -1, 2138, 2032, 2137, -1, 2136, 2137, 2032, -1, 2136, 2032, 2033, -1,
2136, 2034, 2135, -1, 2134, 2135, 2034, -1, 2134, 2034, 2035, -1, 2134, 2036, 2133, -1,
2132, 2133, 2036, -1, 2132, 2036, 2037, -1, 2132, 2038, 2131, -1, 2130, 2131, 2038, -1,
2130, 2038, 2039, -1, 2130, 2040, 2041, -1, 2130, 2042, 2129, -1, 2128, 2129, 2042, -1,
2128, 2042, 2043, -1, 2128, 2044, 2127, -1, 2126, 2127, 2044, -1, 2126, 2044, 2045, -1,
2126, 2046, 2125, -1, 2124, 2046, 2047, -1, 2124, 2048, 2123, -1, 2122, 2048, 2049, -1,
2122, 2050, 2121, -1, 2120, 2050, 2051, -1, 2120, 2052, 2119, -1, 2118, 2052, 2053, -1,
2118, 2054, 2117, -1, 2116, 2054, 2055, -1, 2116, 2056, 2115, -1, 2114, 2056, 2057, -1,
2114, 2058, 2113, -1, 2112, 2058, 2059, -1, 2112, 2060, 2111, -1, 2110, 2060, 2061, -1,
2110, 2062, 2109, -1, 2108, 2062, 2063, -1, 2108, 2064, 2107, -1, 2106, 2064, 2065, -1,
2106, 2066, 2105, -1, 2104, 2066, 2067, -1, 2104, 2067, 2068, -1, 2104, 2068, 2103, -1,
2102, 2068, 2069, -1, 2102, 2069, 2070, -1, 2102, 2070, 2101, -1, 2100, 2070, 2071, -1,
2100, 2071, 2072, -1, 2100, 2072, 2073, -1, 2100, 2073, 2074, -1, 2100, 2074, 2099, -1,
2074, 2075, 2096, -1, 2074, 2097, 2098, -1, 2076, 2077, 2092, -1, 2076, 2093, 2094, -1,
2076, 2095, 2096, -1, 2076, 2096, 2075, -1, 2090, 2091, 2079, -1, 2079, 2091, 2092, -1,
2079, 2092, 2078, -1, 2078, 2092, 2077, -1, 2079, 2080, 2088, -1, 2079, 2088, 2089, -1,
2079, 2089, 2090, -1, 2088, 2080, 2081, -1, 2088, 2081, 2082, -1, 2088, 2082, 2083, -1,
2088, 2083, 2084, -1, 2088, 2084, 2087, -1, 2084, 2085, 2086, -1, 2084, 2086, 2087, -1,
2255, 2147, 2148, -1, 2255, 2148, 2149, -1, 2255, 2149, 2150, -1, 2255, 2150, 2151, -1,
2255, 2151, 2254, -1, 2253, 2254, 2151, -1, 2253, 2151, 2152, -1, 2253, 2152, 2153, -1,
2253, 2153, 2154, -1, 2253, 2154, 2155, -1, 2253, 2155, 2156, -1, 2253, 2156, 2252, -1,
2251, 2252, 2156, -1, 2251, 2156, 2157, -1, 2251, 2157, 2158, -1, 2251, 2158, 2159, -1,
2251, 2159, 2160, -1, 2251, 2160, 2161, -1, 2251, 2161, 2162, -1, 2251, 2162, 2250, -1,
2249, 2250, 2162, -1, 2249, 2162, 2163, -1, 2249, 2164, 2248, -1, 2247, 2248, 2164, -1,
2247, 2164, 2165, -1, 2247, 2166, 2246, -1, 2245, 2246, 2166, -1, 2245, 2166, 2167, -1,
2245, 2168, 2244, -1, 2243, 2168, 2169, -1, 2243, 2170, 2242, -1, 2241, 2170, 2171, -1,
2241, 2172, 2240, -1, 2172, 2173, 2237, -1, 2172, 2238, 2239, -1, 2174, 2175, 2235, -1,
2174, 2236, 2237, -1, 2176, 2177, 2233, -1, 2176, 2234, 2235, -1, 2178, 2179, 2231, -1,
2178, 2232, 2233, -1, 2180, 2181, 2229, -1, 2180, 2230, 2231, -1, 2182, 2183, 2227, -1,
2182, 2228, 2229, -1, 2184, 2185, 2223, -1, 2184, 2224, 2225, -1, 2184, 2226, 2227, -1,
2186, 2187, 2221, -1, 2186, 2222, 2223, -1, 2188, 2189, 2219, -1, 2188, 2220, 2221, -1,
2190, 2191, 2217, -1, 2190, 2218, 2219, -1, 2192, 2193, 2215, -1, 2192, 2215, 2216, -1,
2192, 2216, 2217, -1, 2194, 2195, 2208, -1, 2194, 2208, 2209, -1, 2194, 2209, 2210, -1,
2194, 2210, 2211, -1, 2194, 2211, 2212, -1, 2194, 2212, 2213, -1, 2194, 2213, 2214, -1,
2194, 2214, 2215, -1, 2194, 2215, 2193, -1, 2196, 2197, 2205, -1, 2196, 2205, 2206, -1,
2196, 2206, 2207, -1, 2196, 2207, 2208, -1, 2196, 2208, 2195, -1, 2198, 2199, 2202, -1,
2198, 2202, 2203, -1, 2198, 2203, 2204, -1, 2198, 2204, 2205, -1, 2198, 2205, 2197, -1,
2200, 2201, 2202, -1, 2200, 2202, 2199, -1, 2315, 2316, 2256, -1, 2256, 2316, 2318, -1,
2256, 2318, 2443, -1, 2443, 2318, 2319, -1, 2443, 2319, 2442, -1, 2442, 2319, 2320, -1,
2442, 2320, 2441, -1, 2441, 2320, 2321, -1, 2441, 2321, 2322, -1, 2257, 2258, 2314, -1,
2257, 2314, 2315, -1, 2257, 2315, 2256, -1, 2259, 2260, 2311, -1, 2259, 2312, 2313, -1,
2259, 2313, 2314, -1, 2261, 2262, 2309, -1, 2261, 2310, 2311, -1, 2309, 2263, 2264, -1,
2309, 2265, 2308, -1, 2307, 2265, 2266, -1, 2307, 2267, 2306, -1, 2305, 2267, 2268, -1,
2305, 2269, 2304, -1, 2303, 2269, 2270, -1, 2303, 2271, 2302, -1, 2301, 2302, 2271, -1,
2301, 2271, 2272, -1, 2301, 2273, 2300, -1, 2299, 2300, 2273, -1, 2299, 2273, 2274, -1,
2299, 2275, 2298, -1, 2297, 2298, 2275, -1, 2297, 2275, 2276, -1, 2297, 2277, 2296, -1,
2277, 2278, 2294, -1, 2277, 2294, 2295, -1, 2277, 2295, 2296, -1, 2279, 2280, 2290, -1,
2279, 2290, 2291, -1, 2279, 2291, 2292, -1, 2279, 2292, 2293, -1, 2279, 2293, 2294, -1,
2279, 2294, 2278, -1, 2281, 2282, 2286, -1, 2281, 2286, 2287, -1, 2281, 2287, 2288, -1,
2281, 2288, 2289, -1, 2281, 2289, 2290, -1, 2281, 2290, 2280, -1, 2283, 2284, 2285, -1,
2283, 2285, 2286, -1, 2283, 2286, 2282, -1, 2383, 2384, 2380, -1, 2383, 2380, 2381, -1,
2383, 2381, 2382, -1, 2385, 2386, 2376, -1, 2385, 2377, 2378, -1, 2385, 2379, 2380, -1,
2385, 2380, 2384, -1, 2387, 2388, 2374, -1, 2387, 2375, 2376, -1, 2387, 2376, 2386, -1,
2389, 2390, 2370, -1, 2389, 2371, 2372, -1, 2389, 2373, 2374, -1, 2389, 2374, 2388, -1,
2391, 2392, 2368, -1, 2391, 2369, 2370, -1, 2391, 2370, 2390, -1, 2394, 2367, 2368, -1,
2394, 2368, 2393, -1, 2393, 2368, 2392, -1, 2366, 2394, 2395, -1, 2366, 2395, 2396, -1,
2366, 2396, 2397, -1, 2366, 2397, 2365, -1, 2364, 2397, 2398, -1, 2364, 2398, 2399, -1,
2364, 2399, 2400, -1, 2364, 2400, 2363, -1, 2400, 2401, 2360, -1, 2400, 2361, 2362, -1,
2403, 2359, 2360, -1, 2403, 2360, 2402, -1, 2402, 2360, 2401, -1, 2358, 2403, 2404, -1,
2358, 2404, 2405, -1, 2358, 2405, 2406, -1, 2358, 2406, 2407, -1, 2358, 2407, 2357, -1,
2356, 2407, 2408, -1, 2356, 2409, 2410, -1, 2356, 2411, 2355, -1, 2354, 2411, 2412, -1,
2354, 2413, 2414, -1, 2354, 2414, 2353, -1, 2352, 2414, 2415, -1, 2352, 2415, 2416, -1,
2352, 2416, 2417, -1, 2352, 2417, 2418, -1, 2352, 2418, 2351, -1, 2350, 2418, 2419, -1,
2350, 2419, 2420, -1, 2350, 2420, 2421, -1, 2350, 2421, 2349, -1, 2348, 2421, 2422, -1,
2348, 2422, 2423, -1, 2348, 2423, 2347, -1, 2424, 2345, 2346, -1, 2424, 2346, 2423, -1,
2426, 2343, 2344, -1, 2426, 2344, 2425, -1, 2425, 2344, 2424, -1, 2427, 2428, 2340, -1,
2427, 2341, 2342, -1, 2427, 2342, 2426, -1, 2429, 2430, 2338, -1, 2429, 2339, 2340, -1,
2429, 2340, 2428, -1, 2431, 2335, 2336, -1, 2431, 2336, 2430, -1, 2430, 2337, 2338, -1,
2432, 2433, 2332, -1, 2432, 2333, 2334, -1, 2432, 2334, 2431, -1, 2433, 2434, 2330, -1,
2433, 2331, 2332, -1, 2435, 2436, 2328, -1, 2435, 2329, 2330, -1, 2435, 2330, 2434, -1,
2436, 2437, 2325, -1, 2436, 2325, 2326, -1, 2436, 2327, 2328, -1, 2324, 2325, 2437, -1,
2324, 2437, 2438, -1, 2324, 2439, 2323, -1, 2440, 2441, 2322, -1, 2440, 2322, 2323, -1,
2440, 2323, 2439, -1, 2506, 2508, 2444, -1, 2506, 2444, 2445, -1, 2506, 2446, 2505, -1,
2446, 2447, 2505, -1, 2505, 2448, 2504, -1, 2504, 2448, 2449, -1, 2503, 2504, 2450, -1,
2503, 2450, 2451, -1, 2503, 2452, 2502, -1, 2452, 2453, 2502, -1, 2502, 2454, 2501, -1,
2501, 2454, 2455, -1, 2500, 2501, 2456, -1, 2500, 2456, 2457, -1, 2500, 2458, 2499, -1,
2497, 2498, 2460, -1, 2460, 2498, 2499, -1, 2459, 2499, 2458, -1, 2460, 2461, 2497, -1,
2497, 2462, 2496, -1, 2496, 2462, 2463, -1, 2464, 2465, 2494, -1, 2464, 2495, 2496, -1,
2494, 2466, 2467, -1, 2494, 2468, 2493, -1, 2492, 2468, 2469, -1, 2492, 2470, 2491, -1,
2470, 2471, 2488, -1, 2470, 2488, 2489, -1, 2470, 2489, 2490, -1, 2470, 2490, 2491, -1,
2472, 2473, 2486, -1, 2472, 2486, 2487, -1, 2472, 2487, 2488, -1, 2472, 2488, 2471, -1,
2486, 2473, 2474, -1, 2486, 2474, 2475, -1, 2486, 2475, 2476, -1, 2486, 2476, 2477, -1,
2486, 2477, 2485, -1, 2477, 2478, 2483, -1, 2477, 2483, 2484, -1, 2477, 2484, 2485, -1,
2479, 2480, 2482, -1, 2479, 2482, 2483, -1, 2479, 2483, 2478, -1, 2593, 2594, 2598, -1,
2598, 2594, 2595, -1, 2598, 2595, 2597, -1, 2597, 2595, 2596, -1, 2598, 2599, 2590, -1,
2598, 2590, 2591, -1, 2598, 2591, 2592, -1, 2598, 2592, 2593, -1, 2600, 2601, 2587, -1,
2600, 2587, 2588, -1, 2600, 2588, 2589, -1, 2600, 2589, 2590, -1, 2600, 2590, 2599, -1,
2602, 2603, 2585, -1, 2602, 2585, 2586, -1, 2602, 2586, 2587, -1, 2602, 2587, 2601, -1,
2604, 2605, 2583, -1, 2604, 2583, 2584, -1, 2604, 2584, 2585, -1, 2604, 2585, 2603, -1,
2606, 2607, 2581, -1, 2606, 2582, 2583, -1, 2608, 2609, 2579, -1, 2608, 2580, 2581, -1,
2610, 2611, 2577, -1, 2610, 2578, 2579, -1, 2612, 2574, 2575, -1, 2612, 2575, 2611, -1,
2611, 2576, 2577, -1, 2614, 2572, 2573, -1, 2613, 2573, 2612, -1, 2615, 2616, 2569, -1,
2615, 2570, 2571, -1, 2615, 2571, 2614, -1, 2617, 2566, 2567, -1, 2617, 2567, 2616, -1,
2616, 2568, 2569, -1, 2618, 2619, 2563, -1, 2618, 2564, 2565, -1, 2618, 2565, 2617, -1,
2620, 2621, 2561, -1, 2620, 2562, 2563, -1, 2620, 2563, 2619, -1, 2622, 2558, 2559, -1,
2622, 2559, 2621, -1, 2621, 2560, 2561, -1, 2623, 2624, 2555, -1, 2623, 2556, 2557, -1,
2623, 2557, 2622, -1, 2624, 2625, 2553, -1, 2624, 2554, 2555, -1, 2626, 2627, 2551, -1,
2626, 2552, 2553, -1, 2626, 2553, 2625, -1, 2628, 2548, 2549, -1, 2628, 2549, 2627, -1,
2627, 2550, 2551, -1, 2629, 2630, 2545, -1, 2629, 2546, 2547, -1, 2629, 2547, 2628, -1,
2631, 2542, 2543, -1, 2631, 2543, 2630, -1, 2630, 2544, 2545, -1, 2632, 2633, 2537, -1,
2632, 2538, 2539, -1, 2632, 2540, 2541, -1, 2632, 2541, 2631, -1, 2634, 2534, 2535, -1,
2634, 2535, 2633, -1, 2633, 2536, 2537, -1, 2636, 2532, 2533, -1, 2635, 2533, 2634, -1,
2638, 2530, 2531, -1, 2637, 2531, 2636, -1, 2638, 2639, 2527, -1, 2638, 2528, 2529, -1,
2640, 2641, 2525, -1, 2640, 2526, 2527, -1, 2642, 2643, 2523, -1, 2642, 2524, 2525, -1,
2644, 2645, 2521, -1, 2644, 2522, 2523, -1, 2646, 2647, 2519, -1, 2646, 2520, 2521, -1,
2648, 2649, 2517, -1, 2648, 2517, 2518, -1, 2648, 2518, 2519, -1, 2650, 2651, 2516, -1,
2650, 2516, 2517, -1, 2652, 2653, 2515, -1, 2652, 2515, 2516, -1, 2654, 2655, 2514, -1,
2654, 2514, 2515, -1, 2656, 2657, 2513, -1, 2656, 2513, 2514, -1, 2658, 2659, 2512, -1,
2658, 2512, 2513, -1, 2660, 2661, 2511, -1, 2660, 2511, 2512, -1, 2662, 2663, 2510, -1,
2662, 2510, 2511, -1, 2664, 2665, 2509, -1, 2664, 2509, 2510, -1, 2666, 2667, 2508, -1,
2666, 2508, 2509, -1, 2812, 2813, 2670, -1, 2670, 2813, 2814, -1, 2670, 2814, 2669, -1,
2669, 2814, 2668, -1, 2810, 2811, 2672, -1, 2672, 2811, 2812, -1, 2672, 2812, 2671, -1,
2671, 2812, 2670, -1, 2810, 2672, 2673, -1, 2810, 2673, 2674, -1, 2810, 2674, 2675, -1,
2810, 2675, 2809, -1, 2675, 2676, 2806, -1, 2675, 2807, 2808, -1, 2678, 2805, 2806, -1,
2678, 2806, 2677, -1, 2677, 2806, 2676, -1, 2804, 2678, 2679, -1, 2804, 2679, 2680, -1,
2804, 2680, 2681, -1, 2804, 2681, 2803, -1, 2802, 2681, 2682, -1, 2802, 2682, 2683, -1,
2802, 2683, 2684, -1, 2802, 2684, 2801, -1, 2800, 2684, 2685, -1, 2800, 2685, 2686, -1,
2800, 2686, 2799, -1, 2798, 2686, 2687, -1, 2798, 2687, 2688, -1, 2798, 2688, 2797, -1,
2688, 2689, 2794, -1, 2688, 2795, 2796, -1, 2690, 2691, 2792, -1, 2690, 2793, 2794, -1,
2690, 2794, 2689, -1, 2692, 2693, 2790, -1, 2692, 2791, 2792, -1, 2694, 2695, 2786, -1,
2694, 2787, 2788, -1, 2694, 2789, 2790, -1, 2696, 2697, 2784, -1, 2696, 2785, 2786, -1,
2698, 2699, 2782, -1, 2698, 2783, 2784, -1, 2700, 2701, 2780, -1, 2700, 2781, 2782, -1,
2702, 2703, 2778, -1, 2702, 2779, 2780, -1, 2704, 2705, 2776, -1, 2704, 2777, 2778, -1,
2706, 2707, 2774, -1, 2706, 2775, 2776, -1, 2708, 2709, 2772, -1, 2708, 2773, 2774, -1,
2710, 2711, 2770, -1, 2710, 2771, 2772, -1, 2712, 2713, 2768, -1, 2712, 2769, 2770, -1,
2714, 2715, 2766, -1, 2714, 2767, 2768, -1, 2716, 2717, 2764, -1, 2716, 2765, 2766, -1,
2718, 2719, 2762, -1, 2718, 2763, 2764, -1, 2720, 2721, 2760, -1, 2720, 2760, 2761, -1,
2720, 2761, 2762, -1, 2760, 2722, 2723, -1, 2760, 2724, 2759, -1, 2758, 2759, 2724, -1,
2758, 2724, 2725, -1, 2758, 2726, 2757, -1, 2756, 2757, 2726, -1, 2756, 2726, 2727, -1,
2756, 2728, 2755, -1, 2754, 2755, 2728, -1, 2754, 2728, 2729, -1, 2754, 2730, 2753, -1,
2730, 2731, 2751, -1, 2730, 2751, 2752, -1, 2730, 2752, 2753, -1, 2751, 2732, 2733, -1,
2751, 2734, 2750, -1, 2734, 2735, 2748, -1, 2734, 2748, 2749, -1, 2734, 2749, 2750, -1,
2736, 2737, 2745, -1, 2736, 2745, 2746, -1, 2736, 2746, 2747, -1, 2736, 2747, 2748, -1,
2738, 2739, 2743, -1, 2738, 2743, 2744, -1, 2738, 2744, 2745, -1, 2738, 2745, 2737, -1,
2740, 2741, 2742, -1, 2740, 2742, 2743, -1, 2740, 2743, 2739, -1, 2815, 2817, 2918, -1,
2815, 2919, 2920, -1, 2815, 2920, 2989, -1, 2817, 2818, 2916, -1, 2817, 2917, 2918, -1,
2916, 2819, 2820, -1, 2916, 2821, 2915, -1, 2914, 2821, 2822, -1, 2914, 2823, 2913, -1,
2912, 2823, 2824, -1, 2912, 2825, 2911, -1, 2910, 2825, 2826, -1, 2910, 2827, 2828, -1,
2910, 2829, 2909, -1, 2908, 2829, 2830, -1, 2908, 2831, 2832, -1, 2908, 2833, 2907, -1,
2906, 2833, 2834, -1, 2906, 2835, 2836, -1, 2906, 2837, 2905, -1, 2904, 2837, 2838, -1,
2904, 2839, 2903, -1, 2902, 2839, 2840, -1, 2902, 2841, 2842, -1, 2902, 2843, 2901, -1,
2900, 2843, 2844, -1, 2900, 2845, 2899, -1, 2898, 2845, 2846, -1, 2898, 2846, 2847, -1,
2898, 2847, 2897, -1, 2896, 2847, 2848, -1, 2896, 2848, 2849, -1, 2896, 2849, 2895, -1,
2849, 2850, 2892, -1, 2849, 2893, 2894, -1, 2851, 2852, 2888, -1, 2851, 2889, 2890, -1,
2851, 2891, 2892, -1, 2851, 2892, 2850, -1, 2853, 2854, 2884, -1, 2853, 2885, 2886, -1,
2853, 2887, 2888, -1, 2853, 2888, 2852, -1, 2855, 2856, 2880, -1, 2855, 2881, 2882, -1,
2855, 2883, 2884, -1, 2855, 2884, 2854, -1, 2857, 2858, 2876, -1, 2857, 2877, 2878, -1,
2857, 2879, 2880, -1, 2857, 2880, 2856, -1, 2860, 2875, 2876, -1, 2860, 2876, 2859, -1,
2859, 2876, 2858, -1, 2860, 2861, 2872, -1, 2860, 2873, 2874, -1, 2872, 2861, 2862, -1,
2872, 2862, 2863, -1, 2872, 2863, 2864, -1, 2872, 2864, 2871, -1, 2864, 2865, 2868, -1,
2864, 2868, 2869, -1, 2864, 2869, 2870, -1, 2865, 2866, 2867, -1, 2865, 2867, 2868, -1,
2961, 2962, 2956, -1, 2961, 2956, 2957, -1, 2961, 2957, 2958, -1, 2961, 2958, 2959, -1,
2961, 2959, 2960, -1, 2953, 2954, 2964, -1, 2964, 2954, 2955, -1, 2964, 2955, 2963, -1,
2963, 2955, 2956, -1, 2963, 2956, 2962, -1, 2964, 2965, 2950, -1, 2964, 2950, 2951, -1,
2964, 2951, 2952, -1, 2964, 2952, 2953, -1, 2966, 2967, 2948, -1, 2966, 2948, 2949, -1,
2966, 2949, 2950, -1, 2966, 2950, 2965, -1, 2968, 2969, 2946, -1, 2968, 2946, 2947, -1,
2968, 2947, 2948, -1, 2970, 2971, 2944, -1, 2970, 2944, 2945, -1, 2970, 2945, 2946, -1,
2972, 2973, 2942, -1, 2972, 2943, 2944, -1, 2973, 2974, 2940, -1, 2973, 2941, 2942, -1,
2975, 2976, 2938, -1, 2975, 2939, 2940, -1, 2975, 2940, 2974, -1, 2977, 2978, 2936, -1,
2977, 2937, 2938, -1, 2977, 2938, 2976, -1, 2979, 2980, 2934, -1, 2979, 2935, 2936, -1,
2979, 2936, 2978, -1, 2981, 2982, 2932, -1, 2981, 2933, 2934, -1, 2981, 2934, 2980, -1,
2983, 2984, 2930, -1, 2983, 2931, 2932, -1, 2983, 2932, 2982, -1, 2985, 2927, 2928, -1,
2985, 2928, 2984, -1, 2984, 2929, 2930, -1, 2986, 2987, 2924, -1, 2986, 2925, 2926, -1,
2986, 2926, 2985, -1, 2988, 2989, 2922, -1, 2988, 2923, 2924, -1, 2988, 2924, 2987, -1,
2989, 2921, 2922, -1, 3126, 3127, 3034, -1, 3034, 2990, 2992, -1, 3085, 3086, 3081, -1,
3085, 3081, 3082, -1, 3085, 3082, 3083, -1, 3085, 3083, 3084, -1, 3081, 3086, 3087, -1,
3081, 3087, 3088, -1, 3081, 3088, 3089, -1, 3081, 3089, 3080, -1, 3079, 3080, 3089, -1,
3079, 3089, 3090, -1, 3079, 3090, 3091, -1, 3079, 3091, 3092, -1, 3079, 3092, 3078, -1,
3092, 3093, 3076, -1, 3092, 3076, 3077, -1, 3094, 3095, 3056, -1, 3094, 3057, 3074, -1,
3094, 3074, 3075, -1, 3094, 3075, 3076, -1, 3094, 3076, 3093, -1, 3096, 3097, 3054, -1,
3096, 3055, 3056, -1, 3096, 3056, 3095, -1, 3098, 3099, 3052, -1, 3098, 3053, 3054, -1,
3098, 3054, 3097, -1, 3100, 3101, 3050, -1, 3100, 3051, 3052, -1, 3100, 3052, 3099, -1,
3102, 3103, 3048, -1, 3102, 3049, 3050, -1, 3102, 3050, 3101, -1, 3104, 3105, 3046, -1,
3104, 3047, 3048, -1, 3104, 3048, 3103, -1, 3106, 3107, 3044, -1, 3106, 3045, 3046, -1,
3106, 3046, 3105, -1, 3108, 3109, 3042, -1, 3108, 3043, 3044, -1, 3042, 3110, 3111, -1,
3042, 3112, 3041, -1, 3040, 3112, 3113, -1, 3040, 3113, 3114, -1, 3040, 3114, 3039, -1,
3038, 3114, 3115, -1, 3038, 3115, 3116, -1, 3038, 3116, 3117, -1, 3038, 3117, 3118, -1,
3038, 3118, 3037, -1, 3036, 3118, 3119, -1, 3036, 3119, 3120, -1, 3036, 3120, 3121, -1,
3036, 3121, 3122, -1, 3036, 3122, 3123, -1, 3036, 3124, 3125, -1, 3036, 3126, 3035, -1,
3034, 2992, 2993, -1, 3034, 2993, 2994, -1, 3034, 2994, 2995, -1, 3034, 2995, 2996, -1,
3034, 2996, 2997, -1, 3034, 2997, 3033, -1, 3032, 2997, 2998, -1, 3032, 2998, 2999, -1,
3032, 2999, 3031, -1, 3030, 3031, 2999, -1, 3030, 2999, 3000, -1, 3030, 3000, 3001, -1,
3030, 3001, 3029, -1, 3026, 3027, 3002, -1, 3002, 3027, 3028, -1, 3002, 3028, 3001, -1,
3001, 3028, 3029, -1, 3002, 3003, 3023, -1, 3002, 3023, 3024, -1, 3002, 3024, 3025, -1,
3002, 3025, 3026, -1, 3004, 3005, 3021, -1, 3004, 3021, 3022, -1, 3004, 3022, 3023, -1,
3006, 3007, 3017, -1, 3006, 3017, 3018, -1, 3006, 3018, 3019, -1, 3006, 3019, 3020, -1,
3006, 3020, 3021, -1, 3008, 3009, 3013, -1, 3008, 3013, 3014, -1, 3008, 3014, 3015, -1,
3008, 3015, 3016, -1, 3008, 3016, 3017, -1, 3008, 3017, 3007, -1, 3010, 3011, 3012, -1,
3010, 3012, 3013, -1, 3010, 3013, 3009, -1, 3070, 3064, 3069, -1, 3069, 3064, 3065, -1,
3069, 3065, 3068, -1, 3068, 3065, 3066, -1, 3068, 3066, 3067, -1, 3071, 3072, 3060, -1,
3071, 3061, 3062, -1, 3071, 3063, 3064, -1, 3071, 3064, 3070, -1, 3073, 3074, 3058, -1,
3073, 3059, 3060, -1, 3073, 3060, 3072, -1, 3194, 3196, 3128, -1, 3194, 3128, 3129, -1,
3194, 3130, 3193, -1, 3192, 3130, 3131, -1, 3192, 3132, 3191, -1, 3132, 3133, 3191, -1,
3191, 3134, 3190, -1, 3190, 3134, 3135, -1, 3190, 3135, 3136, -1, 3136, 3137, 3190, -1,
3190, 3137, 3138, -1, 3190, 3138, 3189, -1, 3189, 3138, 3139, -1, 3189, 3139, 3140, -1,
3188, 3189, 3140, -1, 3188, 3140, 3141, -1, 3188, 3141, 3142, -1, 3188, 3142, 3187, -1,
3142, 3143, 3187, -1, 3187, 3143, 3144, -1, 3187, 3144, 3186, -1, 3186, 3144, 3145, -1,
3186, 3145, 3146, -1, 3185, 3186, 3146, -1, 3185, 3146, 3147, -1, 3185, 3147, 3148, -1,
3185, 3148, 3184, -1, 3148, 3149, 3184, -1, 3184, 3149, 3150, -1, 3184, 3150, 3183, -1,
3183, 3150, 3151, -1, 3183, 3151, 3152, -1, 3152, 3153, 3181, -1, 3152, 3182, 3183, -1,
3181, 3153, 3154, -1, 3181, 3154, 3155, -1, 3181, 3155, 3156, -1, 3181, 3156, 3180, -1,
3156, 3157, 3177, -1, 3156, 3178, 3179, -1, 3159, 3176, 3177, -1, 3159, 3177, 3158, -1,
3158, 3177, 3157, -1, 3159, 3160, 3173, -1, 3159, 3174, 3175, -1, 3173, 3160, 3161, -1,
3173, 3161, 3162, -1, 3173, 3162, 3163, -1, 3173, 3163, 3172, -1, 3171, 3172, 3163, -1,
3171, 3163, 3164, -1, 3171, 3164, 3165, -1, 3171, 3165, 3166, -1, 3171, 3166, 3170, -1,
3166, 3167, 3168, -1, 3166, 3168, 3169, -1, 3166, 3169, 3170, -1, 3242, 3243, 3234, -1,
3242, 3234, 3235, -1, 3242, 3235, 3236, -1, 3242, 3236, 3237, -1, 3242, 3237, 3238, -1,
3242, 3238, 3239, -1, 3242, 3239, 3240, -1, 3242, 3240, 3241, -1, 3244, 3245, 3230, -1,
3244, 3230, 3231, -1, 3244, 3231, 3232, -1, 3244, 3232, 3233, -1, 3244, 3233, 3234, -1,
3244, 3234, 3243, -1, 3246, 3247, 3226, -1, 3246, 3226, 3227, -1, 3246, 3227, 3228, -1,
3246, 3228, 3229, -1, 3246, 3229, 3230, -1, 3246, 3230, 3245, -1, 3224, 3225, 3249, -1,
3249, 3225, 3226, -1, 3249, 3226, 3248, -1, 3250, 3251, 3222, -1, 3250, 3223, 3224, -1,
3250, 3224, 3249, -1, 3252, 3253, 3220, -1, 3252, 3221, 3222, -1, 3252, 3222, 3251, -1,
3253, 3254, 3218, -1, 3253, 3219, 3220, -1, 3255, 3256, 3216, -1, 3255, 3217, 3218, -1,
3255, 3218, 3254, -1, 3256, 3257, 3214, -1, 3256, 3215, 3216, -1, 3258, 3259, 3212, -1,
3258, 3213, 3214, -1, 3258, 3214, 3257, -1, 3261, 3211, 3212, -1, 3260, 3212, 3259, -1,
3263, 3209, 3210, -1, 3262, 3210, 3261, -1, 3265, 3207, 3208, -1, 3264, 3208, 3263, -1,
3267, 3205, 3206, -1, 3266, 3206, 3265, -1, 3269, 3203, 3204, -1, 3268, 3204, 3267, -1,
3271, 3201, 3202, -1, 3270, 3202, 3269, -1, 3273, 3199, 3200, -1, 3272, 3200, 3271, -1,
3275, 3197, 3198, -1, 3274, 3198, 3273, -1, 3276, 3196, 3275, -1, 3548, 3549, 3557, -1,
3557, 3550, 3555, -1, 3555, 3550, 3553, -1, 3551, 3553, 3550, -1, 3548, 3557, 3558, -1,
3548, 3558, 3559, -1, 3548, 3559, 3561, -1, 4802, 4803, 3925, -1, 3925, 4803, 4804, -1,
3925, 4804, 4806, -1, 4794, 4796, 3929, -1, 4794, 3929, 4793, -1, 4793, 3930, 3931, -1,
4776, 3940, 3941, -1, 4776, 3941, 4775, -1, 4775, 3941, 4773, -1, 4769, 4770, 3941, -1,
4769, 3942, 3943, -1, 4769, 3943, 4767, -1, 4756, 4757, 3945, -1, 4756, 3946, 3947, -1,
4756, 3947, 4754, -1, 3955, 4709, 4710, -1, 3955, 4710, 4712, -1, 4649, 4650, 4051, -1,
4051, 4650, 4651, -1, 4051, 4651, 4653, -1, 4618, 4536, 4537, -1, 4617, 4537, 4615, -1,
4611, 4613, 4537, -1, 4611, 4537, 4609, -1, 4609, 4537, 4607, -1, 4601, 4602, 4537, -1,
4537, 4602, 4603, -1, 4537, 4603, 4607, -1, 4607, 4603, 4605, -1, 4595, 4596, 4537, -1,
4537, 4596, 4597, -1, 4537, 4597, 4599, -1, 3473, 3469, 3470, -1, 3473, 3470, 3472, -1,
3475, 3467, 3468, -1, 3475, 3468, 3474, -1, 3474, 3468, 3473, -1, 3477, 3465, 3466, -1,
3477, 3466, 3476, -1, 3476, 3466, 3475, -1, 3479, 3463, 3464, -1, 3479, 3464, 3478, -1,
3478, 3464, 3477, -1, 3481, 3461, 3462, -1, 3481, 3462, 3480, -1, 3480, 3462, 3479, -1,
3483, 3459, 3460, -1, 3483, 3460, 3482, -1, 3482, 3460, 3481, -1, 3485, 3457, 3458, -1,
3485, 3458, 3484, -1, 3484, 3458, 3483, -1, 3485, 3486, 3454, -1, 3485, 3455, 3456, -1,
3487, 3488, 3450, -1, 3487, 3451, 3452, -1, 3487, 3453, 3454, -1, 3487, 3454, 3486, -1,
3489, 3490, 3448, -1, 3489, 3449, 3450, -1, 3489, 3450, 3488, -1, 3492, 3447, 3448, -1,
3492, 3448, 3491, -1, 3491, 3448, 3490, -1, 3492, 3493, 3444, -1, 3492, 3445, 3446, -1,
3495, 3443, 3444, -1, 3495, 3444, 3494, -1, 3494, 3444, 3493, -1, 3497, 3441, 3442, -1,
3497, 3442, 3496, -1, 3496, 3442, 3495, -1, 3499, 3439, 3440, -1, 3499, 3440, 3498, -1,
3498, 3440, 3497, -1, 3501, 3437, 3438, -1, 3501, 3438, 3500, -1, 3500, 3438, 3499, -1,
3503, 3435, 3436, -1, 3503, 3436, 3502, -1, 3502, 3436, 3501, -1, 3434, 3503, 3504, -1,
3434, 3505, 3506, -1, 3434, 3507, 3433, -1, 3432, 3507, 3508, -1, 3432, 3509, 3431, -1,
3430, 3509, 3510, -1, 3430, 3511, 3512, -1, 3430, 3513, 3429, -1, 3428, 3513, 3514, -1,
3428, 3515, 3516, -1, 3428, 3517, 3427, -1, 3426, 3517, 3518, -1, 3426, 3519, 3520, -1,
3426, 3521, 3425, -1, 3424, 3521, 3522, -1, 3424, 3523, 3524, -1, 3424, 3525, 3423, -1,
3525, 3526, 3423, -1, 3423, 3527, 3422, -1, 3422, 3527, 3528, -1, 3421, 3422, 3529, -1,
3421, 3529, 3530, -1, 3421, 3531, 3419, -1, 3682, 3683, 3677, -1, 3682, 3678, 3679, -1,
3682, 3680, 3681, -1, 3684, 3685, 3673, -1, 3684, 3674, 3675, -1, 3684, 3676, 3677, -1,
3684, 3677, 3683, -1, 3686, 3687, 3671, -1, 3686, 3672, 3673, -1, 3686, 3673, 3685, -1,
3688, 3689, 3667, -1, 3688, 3668, 3669, -1, 3688, 3670, 3671, -1, 3688, 3671, 3687, -1,
3690, 3691, 3663, -1, 3690, 3664, 3665, -1, 3690, 3666, 3667, -1, 3690, 3667, 3689, -1,
3692, 3693, 3661, -1, 3692, 3662, 3663, -1, 3692, 3663, 3691, -1, 3694, 3695, 3657, -1,
3694, 3658, 3659, -1, 3694, 3660, 3661, -1, 3694, 3661, 3693, -1, 3697, 3656, 3657, -1,
3697, 3657, 3696, -1, 3696, 3657, 3695, -1, 3655, 3697, 3698, -1, 3655, 3698, 3699, -1,
3655, 3699, 3700, -1, 3655, 3700, 3701, -1, 3655, 3701, 3654, -1, 3653, 3701, 3702, -1,
3653, 3702, 3703, -1, 3653, 3703, 3704, -1, 3653, 3704, 3705, -1, 3653, 3705, 3652, -1,
3651, 3705, 3706, -1, 3651, 3706, 3707, -1, 3651, 3707, 3708, -1, 3651, 3708, 3650, -1,
3649, 3708, 3709, -1, 3649, 3709, 3710, -1, 3649, 3710, 3648, -1, 3647, 3710, 3711, -1,
3647, 3711, 3712, -1, 3647, 3712, 3713, -1, 3647, 3714, 3646, -1, 3645, 3714, 3715, -1,
3645, 3716, 3717, -1, 3645, 3718, 3719, -1, 3645, 3720, 3644, -1, 3643, 3720, 3721, -1,
3643, 3721, 3722, -1, 3643, 3722, 3642, -1, 3641, 3722, 3723, -1, 3641, 3723, 3724, -1,
3641, 3724, 3640, -1, 3725, 3638, 3639, -1, 3725, 3639, 3724, -1, 3726, 3727, 3635, -1,
3726, 3636, 3637, -1, 3726, 3637, 3725, -1, 3628, 3629, 3731, -1, 3731, 3629, 3630, -1,
3731, 3630, 3730, -1, 3730, 3630, 3631, -1, 3730, 3631, 3729, -1, 3729, 3631, 3632, -1,
3729, 3632, 3728, -1, 3728, 3632, 3633, -1, 3728, 3633, 3727, -1, 3727, 3634, 3635, -1,
3625, 3626, 3732, -1, 3732, 3626, 3627, -1, 3732, 3627, 3731, -1, 3731, 3627, 3628, -1,
3733, 3734, 3622, -1, 3733, 3622, 3623, -1, 3733, 3623, 3624, -1, 3733, 3624, 3625, -1,
3733, 3625, 3732, -1, 3618, 3619, 3734, -1, 3734, 3619, 3620, -1, 3734, 3620, 3622, -1,
3616, 3617, 3736, -1, 3736, 3617, 3618, -1, 3735, 3618, 3734, -1, 3736, 3737, 3613, -1,
3736, 3614, 3615, -1, 3736, 3615, 3616, -1, 3738, 3739, 3609, -1, 3738, 3610, 3611, -1,
3738, 3612, 3613, -1, 3740, 3741, 3605, -1, 3740, 3606, 3607, -1, 3740, 3608, 3609, -1,
3742, 3743, 3598, -1, 3742, 3598, 3599, -1, 3742, 3599, 3600, -1, 3742, 3600, 3601, -1,
3742, 3601, 3602, -1, 3742, 3602, 3603, -1, 3742, 3603, 3604, -1, 3742, 3604, 3605, -1,
3744, 3745, 3594, -1, 3744, 3594, 3595, -1, 3744, 3595, 3596, -1, 3744, 3596, 3597, -1,
3744, 3597, 3598, -1, 3746, 3747, 3587, -1, 3746, 3587, 3588, -1, 3746, 3588, 3589, -1,
3746, 3589, 3590, -1, 3746, 3590, 3591, -1, 3746, 3591, 3592, -1, 3746, 3592, 3593, -1,
3746, 3593, 3594, -1, 3748, 3749, 3585, -1, 3748, 3585, 3586, -1, 3748, 3586, 3587, -1,
3750, 3751, 3581, -1, 3750, 3581, 3582, -1, 3750, 3582, 3583, -1, 3750, 3583, 3584, -1,
3750, 3584, 3585, -1, 3752, 3753, 3579, -1, 3752, 3580, 3581, -1, 3754, 3755, 3577, -1,
3754, 3578, 3579, -1, 3756, 3757, 3575, -1, 3756, 3576, 3577, -1, 3758, 3759, 3573, -1,
3758, 3574, 3575, -1, 3760, 3761, 3571, -1, 3760, 3572, 3573, -1, 3762, 3763, 3569, -1,
3762, 3570, 3571, -1, 3764, 3765, 3567, -1, 3764, 3568, 3569, -1, 3766, 3767, 3565, -1,
3766, 3566, 3567, -1, 3768, 3769, 3563, -1, 3768, 3564, 3565, -1, 3563, 3770, 3771, -1,
3563, 3772, 3562, -1, 3772, 3773, 3561, -1, 3418, 3531, 3532, -1, 3418, 3533, 3534, -1,
3418, 3535, 3417, -1, 3535, 3536, 3417, -1, 3417, 3537, 3416, -1, 3416, 3537, 3538, -1,
3415, 3416, 3539, -1, 3415, 3539, 3540, -1, 3415, 3541, 3414, -1, 3541, 3542, 3414, -1,
3414, 3543, 3413, -1, 3413, 3543, 3544, -1, 3412, 3413, 3545, -1, 3412, 3545, 3546, -1,
4564, 4565, 4561, -1, 4566, 4567, 4559, -1, 4566, 4560, 4561, -1, 4568, 4569, 4557, -1,
4568, 4558, 4559, -1, 4570, 4571, 4555, -1, 4570, 4556, 4557, -1, 4572, 4573, 4553, -1,
4572, 4554, 4555, -1, 4574, 4575, 4551, -1, 4574, 4552, 4553, -1, 4576, 4577, 4549, -1,
4576, 4550, 4551, -1, 4578, 4579, 4547, -1, 4578, 4548, 4549, -1, 4547, 4580, 4581, -1,
4547, 4582, 4546, -1, 4583, 4544, 4545, -1, 4583, 4545, 4582, -1, 4585, 4542, 4543, -1,
4585, 4543, 4584, -1, 4584, 4543, 4583, -1, 4541, 4585, 4586, -1, 4541, 4586, 4587, -1,
4541, 4587, 4588, -1, 4541, 4588, 4540, -1, 4539, 4588, 4589, -1, 4539, 4589, 4590, -1,
4539, 4590, 4591, -1, 4539, 4591, 4592, -1, 4539, 4592, 4593, -1, 4539, 4593, 4538, -1,
4537, 4593, 4594, -1, 4537, 4594, 4595, -1, 4600, 4601, 4537, -1, 4600, 4537, 4599, -1,
4614, 4615, 4537, -1, 4535, 4618, 4619, -1, 4535, 4620, 4621, -1, 4535, 4622, 4623, -1,
4535, 4624, 4625, -1, 4535, 4626, 4627, -1, 4535, 4628, 4629, -1, 4535, 4630, 4631, -1,
4535, 4632, 4633, -1, 4535, 4634, 4635, -1, 4535, 4636, 4534, -1, 4533, 4636, 4637, -1,
4533, 4638, 4639, -1, 4533, 4640, 4641, -1, 4533, 4642, 4532, -1, 4532, 4642, 4643, -1,
4532, 4643, 4644, -1, 4532, 4644, 4056, -1, 4532, 4056, 4057, -1, 4532, 4057, 4058, -1,
4532, 4058, 4059, -1, 4532, 4059, 4530, -1, 4530, 4059, 4060, -1, 4530, 4060, 4061, -1,
4530, 4061, 4062, -1, 4530, 4062, 4529, -1, 4527, 4528, 4064, -1, 4064, 4528, 4529, -1,
4064, 4529, 4063, -1, 4063, 4529, 4062, -1, 4065, 4066, 4525, -1, 4065, 4525, 4526, -1,
4065, 4526, 4527, -1, 4065, 4527, 4064, -1, 4053, 4054, 4645, -1, 4645, 4054, 4055, -1,
4645, 4055, 4644, -1, 4644, 4055, 4056, -1, 4645, 4646, 4053, -1, 4053, 4646, 4647, -1,
4053, 4647, 4052, -1, 4052, 4647, 4648, -1, 4052, 4648, 4649, -1, 4051, 4653, 4654, -1,
4051, 4655, 4656, -1, 4051, 4657, 4658, -1, 4051, 4659, 4660, -1, 4051, 4661, 4050, -1,
4050, 4661, 4662, -1, 4050, 4663, 4664, -1, 4050, 4665, 4666, -1, 4050, 4667, 4049, -1,
4049, 4667, 4668, -1, 4049, 4669, 4670, -1, 4049, 4671, 4048, -1, 4047, 4671, 4672, -1,
4047, 4673, 4674, -1, 4047, 4675, 4046, -1, 4045, 4675, 4676, -1, 4045, 4677, 4044, -1,
4043, 4677, 4678, -1, 4043, 4679, 4042, -1, 4041, 4679, 4680, -1, 4041, 4681, 4040, -1,
4039, 4681, 4682, -1, 4039, 4683, 4038, -1, 4683, 4684, 4030, -1, 4683, 4030, 4031, -1,
4683, 4032, 4033, -1, 4683, 4033, 4034, -1, 4683, 4034, 4035, -1, 4683, 4036, 4037, -1,
4685, 4686, 4028, -1, 4685, 4028, 4029, -1, 4685, 4029, 4030, -1, 4687, 4688, 4027, -1,
4687, 4027, 4028, -1, 4689, 4690, 3989, -1, 4689, 3989, 3990, -1, 4689, 3990, 4026, -1,
4689, 4026, 4027, -1, 4691, 4692, 3988, -1, 4691, 3988, 3989, -1, 4693, 4694, 3987, -1,
4693, 3987, 3988, -1, 4695, 4696, 3986, -1, 4695, 3986, 3987, -1, 4697, 4698, 3984, -1,
4697, 3985, 3986, -1, 4699, 4700, 3980, -1, 4699, 3981, 3982, -1, 4699, 3983, 3984, -1,
4701, 4702, 3974, -1, 4701, 3974, 3975, -1, 4701, 3975, 3976, -1, 4701, 3977, 3978, -1,
4701, 3979, 3980, -1, 4703, 4704, 3964, -1, 4703, 3965, 3966, -1, 4703, 3967, 3968, -1,
4703, 3969, 3970, -1, 4703, 3971, 3972, -1, 4703, 3973, 3974, -1, 4705, 4706, 3956, -1,
4705, 3956, 3958, -1, 4705, 3959, 3960, -1, 4705, 3961, 3962, -1, 4705, 3963, 3964, -1,
3955, 3956, 4706, -1, 3955, 4706, 4707, -1, 3955, 4707, 4708, -1, 3955, 4713, 4714, -1,
3955, 4714, 4715, -1, 3955, 4715, 4716, -1, 3955, 4716, 4717, -1, 3955, 4717, 4718, -1,
3955, 4718, 4719, -1, 3955, 4719, 4720, -1, 3955, 4720, 4721, -1, 3955, 4721, 4722, -1,
3955, 4722, 4723, -1, 3955, 4723, 4724, -1, 3955, 4724, 4725, -1, 3955, 4725, 4726, -1,
3955, 4727, 4728, -1, 3955, 4728, 3954, -1, 3954, 4728, 4729, -1, 3954, 4729, 4730, -1,
3954, 4730, 4731, -1, 3954, 4731, 4732, -1, 3954, 4732, 4733, -1, 3954, 4733, 3953, -1,
3953, 4733, 4734, -1, 3953, 4734, 4735, -1, 3953, 4735, 4736, -1, 3953, 4736, 4737, -1,
3953, 4737, 3952, -1, 3951, 4737, 4738, -1, 3951, 4738, 4739, -1, 3951, 4739, 4740, -1,
3951, 4740, 4741, -1, 3951, 4741, 4742, -1, 3951, 4742, 3950, -1, 4505, 4506, 4502, -1,
4505, 4502, 4503, -1, 4505, 4503, 4504, -1, 4507, 4508, 4500, -1, 4507, 4500, 4501, -1,
4507, 4501, 4502, -1, 4507, 4502, 4506, -1, 4509, 4510, 4498, -1, 4509, 4499, 4500, -1,
4509, 4500, 4508, -1, 4511, 4512, 4496, -1, 4511, 4497, 4498, -1, 4511, 4498, 4510, -1,
4513, 4514, 4494, -1, 4513, 4495, 4496, -1, 4513, 4496, 4512, -1, 4515, 4516, 4493, -1,
4515, 4493, 4494, -1, 4515, 4494, 4514, -1, 4517, 4518, 4491, -1, 4517, 4491, 4492, -1,
4517, 4492, 4493, -1, 4517, 4493, 4516, -1, 4519, 4520, 4489, -1, 4519, 4489, 4490, -1,
4519, 4490, 4491, -1, 4519, 4491, 4518, -1, 4486, 4487, 4468, -1, 4468, 4487, 4488, -1,
4468, 4488, 4467, -1, 4467, 4488, 4489, -1, 4466, 4489, 4520, -1, 4466, 4520, 4465, -1,
4521, 4522, 4462, -1, 4521, 4463, 4464, -1, 4521, 4464, 4520, -1, 4522, 4523, 4460, -1,
4522, 4461, 4462, -1, 4457, 4458, 4066, -1, 4066, 4459, 4525, -1, 4525, 4459, 4460, -1,
4525, 4460, 4524, -1, 4524, 4460, 4523, -1, 4067, 4455, 4456, -1, 4067, 4456, 4066, -1,
4068, 4069, 4452, -1, 4068, 4453, 4454, -1, 4068, 4454, 4067, -1, 4070, 4072, 4450, -1,
4070, 4451, 4452, -1, 4471, 4472, 4485, -1, 4484, 4473, 4474, -1, 4484, 4474, 4483, -1,
4483, 4474, 4475, -1, 4483, 4475, 4482, -1, 4482, 4475, 4476, -1, 4482, 4476, 4481, -1,
4481, 4476, 4477, -1, 4481, 4477, 4480, -1, 4480, 4477, 4478, -1, 4480, 4478, 4479, -1,
4486, 4469, 4470, -1, 4486, 4470, 4485, -1, 4124, 4437, 4438, -1, 4124, 4438, 4123, -1,
4123, 4438, 4079, -1, 4123, 4079, 4122, -1, 4122, 4079, 4080, -1, 4121, 4122, 4081, -1,
4121, 4081, 4082, -1, 4121, 4083, 4120, -1, 4085, 4119, 4120, -1, 4084, 4120, 4083, -1,
4116, 4117, 4087, -1, 4087, 4117, 4118, -1, 4086, 4118, 4085, -1, 4114, 4115, 4089, -1,
4089, 4115, 4116, -1, 4088, 4116, 4087, -1, 4112, 4113, 4091, -1, 4091, 4113, 4114, -1,
4090, 4114, 4089, -1, 4110, 4111, 4093, -1, 4093, 4111, 4112, -1, 4092, 4112, 4091, -1,
4108, 4109, 4095, -1, 4095, 4109, 4110, -1, 4094, 4110, 4093, -1, 4106, 4107, 4097, -1,
4097, 4107, 4108, -1, 4096, 4108, 4095, -1, 4102, 4103, 4099, -1, 4099, 4103, 4104, -1,
4099, 4104, 4098, -1, 4098, 4104, 4105, -1, 4098, 4105, 4097, -1, 4097, 4105, 4106, -1,
4100, 4101, 4102, -1, 4100, 4102, 4099, -1, 4072, 4073, 4448, -1, 4072, 4449, 4450, -1,
4074, 4075, 4446, -1, 4074, 4447, 4448, -1, 4076, 4443, 4444, -1, 4076, 4444, 4075, -1,
4075, 4445, 4446, -1, 4077, 4078, 4438, -1, 4077, 4439, 4440, -1, 4077, 4441, 4442, -1,
4077, 4442, 4076, -1, 4125, 4126, 4434, -1, 4125, 4435, 4436, -1, 4125, 4436, 4124, -1,
4127, 4431, 4432, -1, 4127, 4432, 4126, -1, 4126, 4433, 4434, -1, 4129, 4429, 4430, -1,
4128, 4430, 4127, -1, 4148, 4149, 4129, -1, 4129, 4149, 4150, -1, 4129, 4150, 4428, -1,
4428, 4150, 4151, -1, 4428, 4151, 4152, -1, 4131, 4147, 4148, -1, 4130, 4148, 4129, -1,
4144, 4145, 4133, -1, 4133, 4145, 4146, -1, 4133, 4146, 4132, -1, 4132, 4146, 4131, -1,
4142, 4143, 4135, -1, 4135, 4143, 4144, -1, 4135, 4144, 4134, -1, 4134, 4144, 4133, -1,
4140, 4141, 4137, -1, 4137, 4141, 4142, -1, 4137, 4142, 4136, -1, 4136, 4142, 4135, -1,
4138, 4139, 4140, -1, 4138, 4140, 4137, -1, 3991, 3992, 4024, -1, 3991, 4025, 4026, -1,
3991, 4026, 3990, -1, 3993, 4021, 4022, -1, 3993, 4022, 3992, -1, 3992, 4022, 4023, -1,
3992, 4023, 4024, -1, 3995, 4019, 4020, -1, 3994, 4020, 3993, -1, 3997, 4017, 4018, -1,
3996, 4018, 3995, -1, 3999, 4015, 4016, -1, 3998, 4016, 3997, -1, 4001, 4013, 4014, -1,
4000, 4014, 3999, -1, 4003, 4011, 4012, -1, 4002, 4012, 4001, -1, 4005, 4009, 4010, -1,
4004, 4010, 4003, -1, 4006, 4008, 4005, -1, 4153, 4425, 4426, -1, 4153, 4426, 4152, -1,
4152, 4427, 4428, -1, 4154, 4155, 4422, -1, 4154, 4423, 4424, -1, 4154, 4424, 4153, -1,
4156, 4157, 4420, -1, 4156, 4421, 4422, -1, 4156, 4422, 4155, -1, 4157, 4158, 4418, -1,
4157, 4419, 4420, -1, 4159, 4160, 4416, -1, 4159, 4417, 4418, -1, 4161, 4162, 4414, -1,
4161, 4415, 4416, -1, 4161, 4416, 4160, -1, 4163, 4411, 4412, -1, 4163, 4412, 4162, -1,
4162, 4413, 4414, -1, 4164, 4165, 4408, -1, 4164, 4409, 4410, -1, 4164, 4410, 4163, -1,
4166, 4405, 4406, -1, 4166, 4406, 4165, -1, 4165, 4407, 4408, -1, 4167, 4168, 4402, -1,
4167, 4403, 4404, -1, 4167, 4404, 4166, -1, 4169, 4399, 4400, -1, 4169, 4400, 4168, -1,
4168, 4401, 4402, -1, 4171, 4397, 4398, -1, 4171, 4398, 4170, -1, 4170, 4398, 4169, -1,
4172, 4173, 4394, -1, 4172, 4395, 4396, -1, 4172, 4396, 4171, -1, 4174, 4391, 4392, -1,
4174, 4392, 4173, -1, 4173, 4393, 4394, -1, 4175, 4176, 4388, -1, 4175, 4389, 4390, -1,
4175, 4390, 4174, -1, 4177, 4385, 4386, -1, 4177, 4386, 4176, -1, 4176, 4387, 4388, -1,
4178, 4179, 4382, -1, 4178, 4383, 4384, -1, 4178, 4384, 4177, -1, 4181, 4381, 4382, -1,
4181, 4382, 4180, -1, 4182, 4183, 4378, -1, 4182, 4379, 4380, -1, 4182, 4380, 4181, -1,
4183, 4184, 4376, -1, 4183, 4377, 4378, -1, 4185, 4186, 4374, -1, 4185, 4375, 4376, -1,
4185, 4376, 4184, -1, 4187, 4188, 4372, -1, 4187, 4373, 4374, -1, 4187, 4374, 4186, -1,
4189, 4190, 4370, -1, 4189, 4371, 4372, -1, 4189, 4372, 4188, -1, 4190, 4191, 4368, -1,
4190, 4369, 4370, -1, 4192, 4193, 4366, -1, 4192, 4367, 4368, -1, 4192, 4368, 4191, -1,
4194, 4195, 4364, -1, 4194, 4365, 4366, -1, 4194, 4366, 4193, -1, 4196, 4361, 4362, -1,
4196, 4362, 4195, -1, 4195, 4363, 4364, -1, 4198, 4359, 4360, -1, 4198, 4360, 4197, -1,
4197, 4360, 4196, -1, 4199, 4200, 4356, -1, 4199, 4357, 4358, -1, 4199, 4358, 4198, -1,
4201, 4202, 4354, -1, 4201, 4355, 4356, -1, 4201, 4356, 4200, -1, 4354, 4202, 4353, -1,
4353, 4202, 4203, -1, 4353, 4203, 4352, -1, 4352, 4203, 4204, -1, 4352, 4204, 4205, -1,
4206, 4207, 4350, -1, 4206, 4350, 4351, -1, 4206, 4351, 4352, -1, 4208, 4209, 4349, -1,
4208, 4349, 4350, -1, 4212, 4346, 4347, -1, 4211, 4348, 4210, -1, 4210, 4348, 4349, -1,
4212, 4213, 4345, -1, 4345, 4214, 4344, -1, 4344, 4214, 4215, -1, 4343, 4344, 4216, -1,
4343, 4216, 4217, -1, 4343, 4218, 4342, -1, 4341, 4342, 4218, -1, 4341, 4218, 4219, -1,
4341, 4220, 4340, -1, 4220, 4221, 4340, -1, 4340, 4222, 4339, -1, 4339, 4222, 4223, -1,
4338, 4339, 4224, -1, 4338, 4224, 4225, -1, 4338, 4226, 4337, -1, 4226, 4227, 4337, -1,
4337, 4228, 4336, -1, 4336, 4228, 4229, -1, 4335, 4336, 4230, -1, 4335, 4230, 4231, -1,
4335, 4232, 4334, -1, 4333, 4334, 4232, -1, 4333, 4232, 4233, -1, 4333, 4234, 4332, -1,
4234, 4235, 4332, -1, 4332, 4236, 4331, -1, 4331, 4236, 4237, -1, 4330, 4331, 4238, -1,
4330, 4238, 4239, -1, 4330, 4240, 4329, -1, 4240, 4241, 4329, -1, 4329, 4242, 4328, -1,
4328, 4242, 4243, -1, 4327, 4328, 4244, -1, 4327, 4244, 4245, -1, 4327, 4246, 4326, -1,
4246, 4247, 4324, -1, 4246, 4325, 4326, -1, 4248, 4249, 4323, -1, 4248, 4323, 4324, -1,
4250, 4251, 4322, -1, 4250, 4322, 4323, -1, 4252, 4253, 4321, -1, 4252, 4321, 4322, -1,
4254, 4255, 4319, -1, 4254, 4319, 4320, -1, 4254, 4320, 4321, -1, 4256, 4257, 4318, -1,
4256, 4318, 4319, -1, 4258, 4259, 4316, -1, 4258, 4317, 4318, -1, 4316, 4260, 4261, -1,
4316, 4262, 4315, -1, 4314, 4262, 4263, -1, 4314, 4264, 4313, -1, 4312, 4313, 4264, -1,
4312, 4264, 4265, -1, 4312, 4266, 4267, -1, 4312, 4268, 4311, -1, 4310, 4311, 4268, -1,
4310, 4268, 4269, -1, 4310, 4270, 4309, -1, 4308, 4309, 4270, -1, 4308, 4270, 4271, -1,
4308, 4272, 4307, -1, 4306, 4307, 4272, -1, 4306, 4272, 4273, -1, 4306, 4274, 4275, -1,
4306, 4276, 4305, -1, 4276, 4277, 4302, -1, 4276, 4302, 4303, -1, 4276, 4303, 4304, -1,
4276, 4304, 4305, -1, 4278, 4279, 4300, -1, 4278, 4300, 4301, -1, 4278, 4301, 4302, -1,
4280, 4281, 4297, -1, 4280, 4297, 4298, -1, 4280, 4298, 4299, -1, 4280, 4299, 4300, -1,
4280, 4300, 4279, -1, 4282, 4283, 4294, -1, 4282, 4294, 4295, -1, 4282, 4295, 4296, -1,
4282, 4296, 4297, -1, 4282, 4297, 4281, -1, 4284, 4285, 4291, -1, 4284, 4291, 4292, -1,
4284, 4292, 4293, -1, 4284, 4293, 4294, -1, 4284, 4294, 4283, -1, 4286, 4287, 4289, -1,
4286, 4289, 4290, -1, 4286, 4290, 4291, -1, 4286, 4291, 4285, -1, 3949, 4742, 4744, -1,
3949, 4745, 4746, -1, 3949, 4746, 4747, -1, 3949, 4747, 4748, -1, 3949, 4748, 4749, -1,
3949, 4749, 3948, -1, 3947, 4749, 4750, -1, 3947, 4750, 4751, -1, 3947, 4751, 4752, -1,
3947, 4752, 4753, -1, 3947, 4753, 4754, -1, 3945, 4757, 4758, -1, 3945, 4758, 4759, -1,
3945, 4760, 4761, -1, 3945, 4761, 4762, -1, 3945, 4762, 4763, -1, 3945, 4763, 3944, -1,
3943, 4763, 4764, -1, 3943, 4764, 4765, -1, 3943, 4765, 4766, -1, 3943, 4766, 4767, -1,
3941, 4770, 4771, -1, 3941, 4771, 4772, -1, 3941, 4772, 4773, -1, 3939, 4776, 4777, -1,
3939, 4777, 4778, -1, 3939, 4778, 4779, -1, 3939, 4779, 4780, -1, 3939, 4780, 3938, -1,
3937, 4780, 4781, -1, 3937, 4781, 4782, -1, 3937, 4782, 4783, -1, 3937, 4783, 4784, -1,
3937, 4784, 3936, -1, 3935, 4784, 4785, -1, 3935, 4785, 4786, -1, 3935, 4786, 4787, -1,
3935, 4787, 3934, -1, 3933, 4787, 4788, -1, 3933, 4788, 4789, -1, 3933, 4789, 4790, -1,
3933, 4790, 3932, -1, 3931, 4790, 4791, -1, 3931, 4791, 4792, -1, 3931, 4792, 4793, -1,
4797, 4798, 3927, -1, 4797, 3928, 3929, -1, 4797, 3929, 4796, -1, 3927, 4798, 4799, -1,
3927, 4799, 4800, -1, 3927, 4800, 4801, -1, 3927, 4801, 3926, -1, 4801, 4802, 3925, -1,
3925, 4806, 4807, -1, 3925, 4807, 4808, -1, 3925, 4808, 4809, -1, 3925, 4809, 4810, -1,
3925, 4810, 4811, -1, 3925, 4811, 3924, -1, 3779, 3781, 3774, -1, 3779, 3774, 3775, -1,
3779, 3776, 3777, -1, 3783, 3785, 7196, -1, 3783, 7196, 7197, -1, 3783, 7198, 3782, -1,
3781, 7198, 7199, -1, 3787, 3789, 7192, -1, 3787, 7192, 7193, -1, 3787, 7194, 3786, -1,
3785, 7194, 7195, -1, 3791, 3793, 7188, -1, 3791, 7188, 7189, -1, 3791, 7190, 3790, -1,
3789, 7190, 7191, -1, 7172, 7173, 3827, -1, 7172, 3827, 3828, -1, 7172, 3828, 3829, -1,
7172, 3829, 3830, -1, 7172, 3830, 3831, -1, 7172, 3831, 3832, -1, 7172, 3832, 3833, -1,
7172, 3833, 3835, -1, 7174, 7175, 3821, -1, 7174, 3821, 3822, -1, 7174, 3822, 3823, -1,
7174, 3823, 3824, -1, 7174, 3824, 3825, -1, 7174, 3825, 3826, -1, 7174, 3826, 3827, -1,
7176, 7177, 3816, -1, 7176, 3816, 3817, -1, 7176, 3817, 3818, -1, 7176, 3818, 3819, -1,
7176, 3819, 3820, -1, 7176, 3820, 3821, -1, 7178, 7179, 3811, -1, 7178, 3811, 3812, -1,
7178, 3812, 3813, -1, 7178, 3813, 3814, -1, 7178, 3814, 3815, -1, 7178, 3815, 3816, -1,
7180, 7181, 3806, -1, 7180, 3806, 3808, -1, 7180, 3808, 3809, -1, 7180, 3809, 3810, -1,
7180, 3810, 3811, -1, 7182, 7183, 3801, -1, 7182, 3801, 3802, -1, 7182, 3802, 3803, -1,
7182, 3803, 3804, -1, 7182, 3804, 3805, -1, 7182, 3805, 3806, -1, 7184, 7185, 3796, -1,
7184, 3796, 3798, -1, 7184, 3798, 3799, -1, 7184, 3799, 3800, -1, 7184, 3800, 3801, -1,
7186, 7187, 3793, -1, 7186, 3793, 3794, -1, 7186, 3794, 3795, -1, 7186, 3795, 3796, -1,
7168, 7169, 3843, -1, 7168, 3843, 3845, -1, 7168, 3846, 3847, -1, 7168, 3847, 3849, -1,
7168, 3849, 3851, -1, 7168, 3851, 3853, -1, 7168, 3853, 3855, -1, 7168, 3855, 7167, -1,
7170, 7171, 3835, -1, 7170, 3835, 3836, -1, 7170, 3836, 3837, -1, 7170, 3837, 3838, -1,
7170, 3838, 3839, -1, 7170, 3839, 3840, -1, 7170, 3840, 3842, -1, 7170, 3842, 3843, -1,
7166, 7167, 3855, -1, 7166, 3855, 3857, -1, 7166, 3857, 3859, -1, 7166, 3859, 3861, -1,
7166, 3861, 3863, -1, 7166, 3864, 3865, -1, 7166, 3865, 3867, -1, 7166, 3867, 3869, -1,
7166, 3869, 7165, -1, 7156, 7157, 3907, -1, 7156, 3908, 3909, -1, 7156, 3909, 3911, -1,
7156, 3911, 7155, -1, 7158, 7159, 3899, -1, 7158, 3900, 3901, -1, 7158, 3902, 3903, -1,
7158, 3904, 3905, -1, 7158, 3906, 3907, -1, 7158, 3907, 7157, -1, 7160, 7161, 3891, -1,
7160, 3892, 3893, -1, 7160, 3894, 3895, -1, 7160, 3896, 3897, -1, 7160, 3898, 3899, -1,
7160, 3899, 7159, -1, 7162, 7163, 3881, -1, 7162, 3882, 3883, -1, 7162, 3884, 3885, -1,
7162, 3886, 3887, -1, 7162, 3888, 3889, -1, 7162, 3890, 3891, -1, 7162, 3891, 7161, -1,
7164, 7165, 3869, -1, 7164, 3869, 3871, -1, 7164, 3872, 3873, -1, 7164, 3873, 3875, -1,
7164, 3876, 3877, -1, 7164, 3878, 3879, -1, 7164, 3880, 3881, -1, 7164, 3881, 7163, -1,
4870, 4872, 7086, -1, 4870, 7086, 7087, -1, 4870, 7088, 4869, -1, 4867, 4868, 7090, -1,
7090, 4868, 4869, -1, 7089, 4869, 7088, -1, 7090, 7091, 4867, -1, 4867, 7092, 4866, -1,
4866, 7092, 7093, -1, 4865, 4866, 7094, -1, 4865, 7094, 7095, -1, 4865, 7096, 4864, -1,
7096, 7097, 4864, -1, 4864, 7098, 4863, -1, 4863, 7098, 4861, -1, 7098, 7099, 4861, -1,
4861, 7100, 4860, -1, 4860, 7100, 7101, -1, 7102, 7103, 4860, -1, 4860, 7104, 4859, -1,
4859, 7104, 7105, -1, 7106, 7107, 4859, -1, 4859, 7108, 4858, -1, 4858, 7108, 7109, -1,
4857, 4858, 7110, -1, 4857, 7110, 7111, -1, 4857, 7112, 7113, -1, 4857, 7114, 4856, -1,
7114, 7115, 4856, -1, 4856, 7116, 4855, -1, 4855, 7116, 7117, -1, 4854, 4855, 7118, -1,
4854, 7118, 7119, -1, 4854, 7120, 4853, -1, 7120, 7121, 4853, -1, 4853, 7122, 4852, -1,
4852, 7122, 7123, -1, 7124, 7125, 4850, -1, 7124, 4850, 4851, -1, 7124, 4851, 4852, -1,
7126, 7127, 4849, -1, 7126, 4849, 4850, -1, 7128, 7129, 4848, -1, 7128, 4848, 4849, -1,
7130, 7131, 4847, -1, 7130, 4847, 4848, -1, 4847, 7132, 7133, -1, 4847, 7134, 4846, -1,
7134, 7135, 4846, -1, 4846, 7136, 4845, -1, 4845, 7136, 7137, -1, 4844, 4845, 7138, -1,
4844, 7138, 7139, -1, 4844, 7140, 4843, -1, 4840, 4841, 7142, -1, 7142, 4841, 4842, -1,
7141, 4842, 4843, -1, 7141, 4843, 7140, -1, 4839, 4840, 7142, -1, 4839, 7142, 7143, -1,
4839, 7144, 4838, -1, 7144, 7145, 4834, -1, 7144, 4834, 4835, -1, 7144, 4835, 4837, -1,
7144, 4837, 4838, -1, 7146, 7147, 4828, -1, 7146, 4828, 4829, -1, 7146, 4829, 4831, -1,
7146, 4831, 4832, -1, 7146, 4832, 4833, -1, 7146, 4833, 4834, -1, 7148, 7149, 4821, -1,
7148, 4821, 4822, -1, 7148, 4822, 4823, -1, 7148, 4823, 4824, -1, 7148, 4824, 4825, -1,
7148, 4825, 4826, -1, 7148, 4826, 4827, -1, 7148, 4827, 4828, -1, 7148, 4828, 7147, -1,
7150, 7151, 4813, -1, 7150, 4813, 4814, -1, 7150, 4814, 4816, -1, 7150, 4816, 4817, -1,
7150, 4817, 4818, -1, 7150, 4818, 4819, -1, 7150, 4819, 4820, -1, 7150, 4820, 4821, -1,
7150, 4821, 7149, -1, 7151, 3921, 4812, -1, 4812, 3922, 4811, -1, 4811, 3922, 3923, -1,
7152, 7153, 3915, -1, 7152, 3916, 3917, -1, 7152, 3918, 3919, -1, 7152, 3920, 3921, -1,
7152, 3921, 7151, -1, 7154, 7155, 3911, -1, 7154, 3912, 3913, -1, 7154, 3914, 3915, -1,
7154, 3915, 7153, -1, 7006, 7008, 4934, -1, 7006, 4935, 4936, -1, 7006, 4936, 7005, -1,
7009, 4931, 4932, -1, 7009, 4932, 7008, -1, 7008, 4933, 4934, -1, 7010, 4927, 4928, -1,
7010, 4928, 7009, -1, 7009, 4929, 4930, -1, 7011, 7012, 4924, -1, 7011, 4925, 4926, -1,
7011, 4926, 7010, -1, 7013, 4921, 4922, -1, 7013, 4922, 7012, -1, 7012, 4923, 4924, -1,
7014, 7015, 4918, -1, 7014, 4919, 4920, -1, 7014, 4920, 7013, -1, 7016, 7017, 4916, -1,
7016, 4917, 4918, -1, 7018, 7019, 4914, -1, 7018, 4915, 4916, -1, 4914, 7020, 7021, -1,
4914, 7022, 4913, -1, 4912, 7022, 7023, -1, 4912, 7024, 4911, -1, 4910, 7024, 7025, -1,
4910, 7026, 7027, -1, 4910, 7028, 4909, -1, 4908, 7028, 7029, -1, 4908, 7030, 4907, -1,
7030, 7031, 4907, -1, 4907, 7032, 4906, -1, 4906, 7032, 7033, -1, 4905, 4906, 7034, -1,
4905, 7034, 7035, -1, 4905, 7036, 7037, -1, 4905, 7038, 4904, -1, 4903, 4904, 7038, -1,
4903, 7038, 7039, -1, 4903, 7040, 4902, -1, 7040, 7041, 4902, -1, 4902, 7042, 4901, -1,
4901, 7042, 7043, -1, 7044, 7045, 4899, -1, 7044, 4900, 4901, -1, 7046, 7047, 4898, -1,
7046, 4898, 4899, -1, 7048, 7049, 4897, -1, 7048, 4897, 4898, -1, 7050, 7051, 4896, -1,
7050, 4896, 4897, -1, 7052, 7053, 4895, -1, 7052, 4895, 4896, -1, 7054, 7055, 4894, -1,
7054, 4894, 4895, -1, 4894, 7056, 7057, -1, 4894, 7058, 4893, -1, 4891, 4892, 7060, -1,
7060, 4892, 4893, -1, 7059, 4893, 7058, -1, 4889, 4890, 7062, -1, 7062, 4890, 4891, -1,
7061, 4891, 7060, -1, 7062, 7063, 4889, -1, 4889, 7064, 4888, -1, 4888, 7064, 7065, -1,
7066, 7067, 4886, -1, 7066, 4886, 4887, -1, 7066, 4887, 4888, -1, 7068, 7069, 4884, -1,
7068, 4884, 4885, -1, 7068, 4885, 4886, -1, 7070, 7071, 4883, -1, 7070, 4883, 4884, -1,
7072, 7073, 4881, -1, 7072, 4881, 4882, -1, 7072, 4882, 4883, -1, 7074, 7075, 4880, -1,
7074, 4880, 4881, -1, 7076, 7077, 4878, -1, 7076, 4878, 4879, -1, 7076, 4879, 4880, -1,
7078, 7079, 4877, -1, 7078, 4877, 4878, -1, 7080, 7081, 4875, -1, 7080, 4875, 4876, -1,
7080, 4876, 4877, -1, 7082, 7083, 4874, -1, 7082, 4874, 4875, -1, 7084, 7085, 4872, -1,
7084, 4872, 4873, -1, 7084, 4873, 4874, -1, 6952, 6953, 5032, -1, 5032, 6954, 5031, -1,
5031, 6954, 6955, -1, 5030, 6956, 5028, -1, 5028, 6956, 6957, -1, 6960, 5027, 5028, -1,
6959, 5028, 6958, -1, 6962, 5025, 5026, -1, 6961, 5026, 6960, -1, 6963, 6964, 5022, -1,
6963, 5023, 5024, -1, 6963, 5024, 6962, -1, 6965, 5019, 5020, -1, 6965, 5020, 6964, -1,
6964, 5021, 5022, -1, 6966, 6967, 5016, -1, 6966, 5017, 5018, -1, 6966, 5018, 6965, -1,
6968, 5013, 5014, -1, 6968, 5014, 6967, -1, 6967, 5015, 5016, -1, 6969, 6970, 5008, -1,
6969, 5009, 5010, -1, 6969, 5011, 5012, -1, 6969, 5012, 6968, -1, 6971, 5005, 5006, -1,
6971, 5006, 6970, -1, 6970, 5007, 5008, -1, 6972, 6973, 5002, -1, 6972, 5003, 5004, -1,
6972, 5004, 6971, -1, 6974, 4999, 5000, -1, 6974, 5000, 6973, -1, 6973, 5001, 5002, -1,
6975, 6976, 4996, -1, 6975, 4997, 4998, -1, 6975, 4998, 6974, -1, 6977, 4993, 4994, -1,
6977, 4994, 6976, -1, 6976, 4995, 4996, -1, 6979, 4991, 4992, -1, 6979, 4992, 6978, -1,
6978, 4992, 6977, -1, 6980, 6981, 4988, -1, 6980, 4989, 4990, -1, 6980, 4990, 6979, -1,
6982, 6983, 4986, -1, 6982, 4987, 4988, -1, 6982, 4988, 6981, -1, 6984, 4983, 4984, -1,
6984, 4984, 6983, -1, 6983, 4985, 4986, -1, 4980, 4981, 6986, -1, 6986, 4981, 4982, -1,
6986, 4982, 6985, -1, 6985, 4982, 6984, -1, 6987, 6988, 4978, -1, 6987, 4978, 4979, -1,
6987, 4979, 4980, -1, 6987, 4980, 6986, -1, 6989, 6990, 4976, -1, 6989, 4976, 4977, -1,
6989, 4977, 4978, -1, 6989, 4978, 6988, -1, 6991, 4973, 4974, -1, 6991, 4974, 6990, -1,
6990, 4975, 4976, -1, 6993, 4971, 4972, -1, 6993, 4972, 6992, -1, 6992, 4972, 6991, -1,
6994, 6995, 4968, -1, 6994, 4969, 4970, -1, 6994, 4970, 6993, -1, 6996, 4965, 4966, -1,
6996, 4966, 6995, -1, 6995, 4967, 4968, -1, 6997, 4961, 4962, -1, 6997, 4962, 6996, -1,
6996, 4963, 4964, -1, 6998, 6999, 4958, -1, 6998, 4959, 4960, -1, 6998, 4960, 6997, -1,
6999, 7000, 4954, -1, 6999, 4955, 4956, -1, 6999, 4957, 4958, -1, 7001, 4951, 4952, -1,
7001, 4952, 7000, -1, 7000, 4953, 4954, -1, 7002, 4947, 4948, -1, 7002, 4948, 7001, -1,
7001, 4949, 4950, -1, 7003, 7004, 4942, -1, 7003, 4943, 4944, -1, 7003, 4945, 4946, -1,
7003, 4946, 7002, -1, 7005, 4939, 4940, -1, 7005, 4940, 7004, -1, 7004, 4941, 4942, -1,
7005, 4937, 4938, -1, 6806, 6807, 5163, -1, 6806, 5164, 5165, -1, 6806, 5165, 6805, -1,
6808, 5160, 5161, -1, 6808, 5161, 6807, -1, 6807, 5162, 5163, -1, 6809, 6810, 5157, -1,
6809, 5158, 5159, -1, 6809, 5159, 6808, -1, 6811, 6812, 5155, -1, 6811, 5156, 5157, -1,
6813, 5152, 5153, -1, 6813, 5153, 6812, -1, 6812, 5154, 5155, -1, 6814, 6815, 5149, -1,
6814, 5150, 5151, -1, 6814, 5151, 6813, -1, 6816, 5146, 5147, -1, 6816, 5147, 6815, -1,
6815, 5148, 5149, -1, 6817, 6818, 5143, -1, 6817, 5144, 5145, -1, 6817, 5145, 6816, -1,
6819, 5140, 5141, -1, 6819, 5141, 6818, -1, 6818, 5142, 5143, -1, 6821, 5138, 5139, -1,
6820, 5139, 6819, -1, 6821, 6822, 5137, -1, 5137, 6823, 5136, -1, 5136, 6823, 6824, -1,
5135, 5136, 6825, -1, 5135, 6825, 6826, -1, 5135, 6827, 5134, -1, 6827, 6828, 5134, -1,
5134, 6829, 5133, -1, 5133, 6829, 6830, -1, 5132, 5133, 6831, -1, 5132, 6831, 6832, -1,
5132, 6833, 5131, -1, 6833, 6834, 5131, -1, 5131, 6835, 5130, -1, 5130, 6835, 6836, -1,
5129, 5130, 6837, -1, 5129, 6837, 6838, -1, 5129, 6839, 5128, -1, 6841, 5127, 5128, -1,
6840, 5128, 6839, -1, 6843, 5125, 5126, -1, 6842, 5126, 6841, -1, 6845, 5123, 5124, -1,
6844, 5124, 6843, -1, 6847, 5121, 5122, -1, 6846, 5122, 6845, -1, 6848, 6849, 5118, -1,
6848, 5119, 5120, -1, 6848, 5120, 6847, -1, 6850, 5115, 5116, -1, 6850, 5116, 6849, -1,
6849, 5117, 5118, -1, 6851, 5111, 5112, -1, 6851, 5112, 6850, -1, 6850, 5113, 5114, -1,
6852, 6853, 5108, -1, 6852, 5109, 5110, -1, 6852, 5110, 6851, -1, 6857, 5103, 6856, -1,
6856, 5103, 5104, -1, 6856, 5104, 6855, -1, 6855, 5104, 5105, -1, 6855, 5105, 6854, -1,
6854, 5105, 5106, -1, 6854, 5106, 6853, -1, 6853, 5107, 5108, -1, 5101, 5102, 6859, -1,
6859, 5102, 5103, -1, 6858, 5103, 6857, -1, 6859, 6860, 5101, -1, 5101, 6861, 5100, -1,
5100, 6861, 6862, -1, 5099, 5100, 6863, -1, 5099, 6863, 6864, -1, 5099, 6865, 5098, -1,
6865, 6866, 5098, -1, 5098, 6866, 6867, -1, 5098, 6867, 5097, -1, 5097, 6867, 6868, -1,
5097, 6868, 6869, -1, 5096, 5097, 6869, -1, 5096, 6869, 6870, -1, 5096, 6871, 5095, -1,
6871, 6872, 5095, -1, 5095, 6873, 5094, -1, 5094, 6873, 6874, -1, 5093, 5094, 6875, -1,
5093, 6875, 6876, -1, 5093, 6877, 5092, -1, 5089, 5090, 6880, -1, 6880, 5091, 6879, -1,
6879, 5091, 5092, -1, 6878, 5092, 6877, -1, 6881, 5087, 5088, -1, 6881, 5088, 6880, -1,
6882, 6883, 5082, -1, 6882, 5083, 5084, -1, 6882, 5085, 5086, -1, 6882, 5086, 6881, -1,
6884, 5079, 5080, -1, 6884, 5080, 6883, -1, 6883, 5081, 5082, -1, 6885, 6886, 5076, -1,
6885, 5077, 5078, -1, 6885, 5078, 6884, -1, 6887, 5073, 5074, -1, 6887, 5074, 6886, -1,
6886, 5075, 5076, -1, 6888, 6889, 5070, -1, 6888, 5071, 5072, -1, 6888, 5072, 6887, -1,
6890, 5067, 5068, -1, 6890, 5068, 6889, -1, 6889, 5069, 5070, -1, 6892, 5065, 5066, -1,
6891, 5066, 6890, -1, 6894, 5063, 5064, -1, 6893, 5064, 6892, -1, 6896, 5061, 5062, -1,
6895, 5062, 6894, -1, 6896, 6897, 5060, -1, 5060, 6898, 5059, -1, 5059, 6898, 6899, -1,
5058, 5059, 6900, -1, 5058, 6900, 6901, -1, 5058, 6902, 5057, -1, 5055, 5056, 6904, -1,
6904, 5056, 5057, -1, 6903, 5057, 6902, -1, 6904, 6905, 5055, -1, 5055, 6906, 5054, -1,
5054, 6906, 6907, -1, 5053, 5054, 6908, -1, 5053, 6908, 6909, -1, 5053, 6910, 5052, -1,
6910, 6911, 5052, -1, 5052, 6912, 5051, -1, 5051, 6912, 6913, -1, 6914, 6915, 5049, -1,
6914, 5049, 5050, -1, 6914, 5050, 5051, -1, 6916, 6917, 5048, -1, 6916, 5048, 5049, -1,
6918, 6919, 5047, -1, 6918, 5047, 5048, -1, 6920, 6921, 5046, -1, 6920, 5046, 5047, -1,
6922, 6923, 5045, -1, 6922, 5045, 5046, -1, 6927, 5042, 6926, -1, 6926, 5042, 5043, -1,
6925, 5044, 6924, -1, 6924, 5044, 5045, -1, 6928, 6929, 5041, -1, 6928, 5041, 5042, -1,
6930, 6931, 5040, -1, 6930, 5040, 5041, -1, 6932, 6933, 5039, -1, 6932, 5039, 5040, -1,
5039, 6934, 6935, -1, 5039, 6936, 5038, -1, 6936, 6937, 5038, -1, 5038, 6938, 5037, -1,
5037, 6938, 6939, -1, 5036, 5037, 6940, -1, 5036, 6940, 6941, -1, 5036, 6942, 5035, -1,
5035, 6942, 6943, -1, 5035, 6944, 6945, -1, 5035, 6946, 5034, -1, 6946, 6947, 5034, -1,
5034, 6948, 5033, -1, 5033, 6948, 6949, -1, 5032, 5033, 6950, -1, 5032, 6950, 6951, -1,
7151, 4812, 4813, -1, 4289, 4287, 4288, -1, 4649, 4051, 4052, -1, 4605, 4603, 4604, -1,
3058, 3074, 3057, -1, 2482, 2480, 2481, -1, 5558, 5556, 5557, -1, 6548, 6396, 6547, -1,
6430, 6472, 6429, -1, 6466, 6435, 6465, -1, 5426, 6360, 5425, -1, 1863, 1861, 1862, -1,
1402, 1400, 1401, -1, 1290, 1288, 1289, -1, 7200, 7463, 7473, -1, 7230, 7231, 7229, -1,
491, 489, 490, -1, 248, 303, 247, -1, 192, 190, 191, -1
            ]
          }
        }
      ]
    }
  ]
}
Transform {
  children [
    Group {
      children [
        Shape {
          appearance Appearance {
            material Material {
              diffuseColor 0.9 0.9 0.9
              specularColor 0.1 0.1 0.1
              emissiveColor 0 0 0
              ambientIntensity 0.9
              transparency 0
              shininess 0.02
            }
          }
          geometry IndexedFaceSet {
            solid TRUE
            coord Coordinate {
              point [
78.48529 -20.503667 -0.334646, 78.463 -21. -0.334646,
78.48529 -21.496333 -0.334646, 78.551982 -21.98867 -0.334646,
78.662538 -22.473046 -0.334646, 78.816068 -22.945562 -0.334646,
79.011335 -23.402414 -0.334646, 79.246769 -23.839923 -0.334646,
79.520473 -24.254567 -0.334646, 79.620507 -24.380004 -0.334646,
76.780324 -21.520262 -0.334646, 76.780325 -21.52026 -0.334646,
76.74651 -21.484129 -0.334646, 76.715202 -21.445806 -0.334646,
76.686542 -21.405464 -0.334646, 76.66066 -21.363286 -0.334646,
76.637674 -21.319463 -0.334646, 76.617687 -21.274192 -0.334646,
76.600791 -21.22768 -0.334646, 76.587061 -21.180137 -0.334646,
76.576559 -21.131778 -0.334646, 76.569334 -21.082823 -0.334646,
76.565418 -21.033492 -0.334646, 76.564829 -20.984009 -0.334646,
76.567569 -20.934599 -0.334646, 76.573627 -20.885485 -0.334646,
76.582973 -20.83689 -0.334646, 76.595568 -20.789034 -0.334646,
76.611352 -20.742132 -0.334646, 76.630255 -20.696399 -0.334646,
76.652191 -20.652041 -0.334646, 76.677061 -20.609258 -0.334646,
76.704752 -20.568245 -0.334646, 76.735139 -20.529188 -0.334646,
76.768031 -20.492323 -0.334646, 79.620893 -17.619509 -0.334646,
79.520473 -17.745433 -0.334646, 79.246769 -18.160077 -0.334646,
79.011335 -18.597586 -0.334646, 78.816068 -19.054438 -0.334646,
78.662538 -19.526954 -0.334646, 78.551982 -20.01133 -0.334646,
88.379496 -17.619997 -0.334646, 91.219672 -20.479737 -0.334646,
91.219675 -20.47974 -0.334646, 91.25349 -20.515871 -0.334646,
91.284798 -20.554194 -0.334646, 91.313458 -20.594536 -0.334646,
91.33934 -20.636714 -0.334646, 91.362326 -20.680537 -0.334646,
91.382313 -20.725808 -0.334646, 91.399209 -20.77232 -0.334646,
91.412939 -20.819863 -0.334646, 91.423441 -20.868222 -0.334646,
91.430666 -20.917177 -0.334646, 91.434582 -20.966508 -0.334646,
91.435171 -21.015991 -0.334646, 91.432431 -21.065401 -0.334646,
91.426373 -21.114515 -0.334646, 91.417027 -21.16311 -0.334646,
91.404432 -21.210966 -0.334646, 91.388648 -21.257868 -0.334646,
91.369745 -21.303601 -0.334646, 91.347809 -21.347959 -0.334646,
91.322939 -21.390742 -0.334646, 91.295248 -21.431755 -0.334646,
91.264861 -21.470812 -0.334646, 91.23197 -21.507677 -0.334646,
88.379105 -24.380491 -0.334646, 88.479527 -24.254567 -0.334646,
88.753231 -23.839923 -0.334646, 88.988665 -23.402414 -0.334646,
89.183932 -22.945562 -0.334646, 89.337462 -22.473046 -0.334646,
89.448018 -21.98867 -0.334646, 89.51471 -21.496333 -0.334646,
89.537 -21. -0.334646, 89.51471 -20.503667 -0.334646,
89.448018 -20.01133 -0.334646, 89.337462 -19.526954 -0.334646,
89.183932 -19.054438 -0.334646, 88.988665 -18.597586 -0.334646,
88.753231 -18.160077 -0.334646, 88.479527 -17.745433 -0.334646,
88.24573 -17.484928 -0.334646, 88.426932 -17.716065 -0.334646,
88.595565 -17.956526 -0.334646, 88.751151 -18.205627 -0.334646,
88.893247 -18.462662 -0.334646, 89.021451 -18.7269 -0.334646,
89.135398 -18.997593 -0.334646, 89.234766 -19.27397 -0.334646,
89.319271 -19.555247 -0.334646, 89.388674 -19.840627 -0.334646,
89.442778 -20.129298 -0.334646, 89.481429 -20.420441 -0.334646,
89.504518 -20.71323 -0.334646, 89.511978 -21.006833 -0.334646,
89.50379 -21.300416 -0.334646, 89.479975 -21.593147 -0.334646,
89.440602 -21.884193 -0.334646, 89.385783 -22.17273 -0.334646,
89.315673 -22.457936 -0.334646, 89.23047 -22.739004 -0.334646,
89.130418 -23.015133 -0.334646, 89.0158 -23.285542 -0.334646,
88.886941 -23.549462 -0.334646, 88.744208 -23.806144 -0.334646,
88.588005 -24.054859 -0.334646, 88.418777 -24.2949 -0.334646,
88.237002 -24.525587 -0.334646, 88.043199 -24.746264 -0.334646,
87.837916 -24.956306 -0.334646, 87.621737 -25.155114 -0.334646,
87.395276 -25.342126 -0.334646, 87.395275 -25.370405 -0.334646,
87.452263 -25.329001 -0.334646, 87.66369 -25.144282 -0.334646,
87.668614 -25.149171 -0.334646, 87.692739 -25.142616 -0.334646,
91.267739 -21.542616 -0.334646, 91.267812 -21.542341 -0.334646,
91.268083 -21.542261 -0.334646, 91.328483 -21.470931 -0.334646,
91.37998 -21.392929 -0.334646, 91.421846 -21.309362 -0.334646,
91.453487 -21.221413 -0.334646, 91.474455 -21.130328 -0.334646,
91.484454 -21.037396 -0.334646, 91.483341 -20.943935 -0.334646,
91.471132 -20.851268 -0.334646, 91.448001 -20.760708 -0.334646,
91.414275 -20.673537 -0.334646, 91.370431 -20.590991 -0.334646,
91.317091 -20.514238 -0.334646, 91.255401 -20.444805 -0.334646,
91.255383 -20.444738 -0.334646, 87.667738 -16.832383 -0.334646,
87.643612 -16.82583 -0.334646, 87.636996 -16.832398 -0.334646,
87.452263 -16.670999 -0.334646, 87.050317 -16.378968 -0.334646,
86.623811 -16.124143 -0.334646, 86.17618 -15.908575 -0.334646,
85.711027 -15.734 -0.334646, 85.232098 -15.601824 -0.334646,
84.74325 -15.513111 -0.334646, 84.248417 -15.468575 -0.334646,
83.751583 -15.468575 -0.334646, 83.25675 -15.513111 -0.334646,
82.767902 -15.601824 -0.334646, 82.288973 -15.734 -0.334646,
81.82382 -15.908575 -0.334646, 81.376189 -16.124143 -0.334646,
80.949683 -16.378968 -0.334646, 80.547737 -16.670999 -0.334646,
80.336308 -16.855718 -0.334646, 80.331386 -16.850829 -0.334646,
80.307261 -16.857384 -0.334646, 76.732261 -20.457384 -0.334646,
76.732188 -20.457659 -0.334646, 76.731917 -20.457739 -0.334646,
76.671517 -20.529069 -0.334646, 76.62002 -20.607071 -0.334646,
76.578154 -20.690638 -0.334646, 76.546513 -20.778587 -0.334646,
76.525545 -20.869672 -0.334646, 76.515546 -20.962604 -0.334646,
76.516659 -21.056065 -0.334646, 76.528868 -21.148732 -0.334646,
76.551999 -21.239292 -0.334646, 76.585725 -21.326463 -0.334646,
76.629569 -21.409009 -0.334646, 76.682909 -21.485762 -0.334646,
76.7446 -21.555195 -0.334646, 76.744617 -21.555262 -0.334646,
80.332262 -25.167617 -0.334646, 80.356388 -25.17417 -0.334646,
80.362999 -25.167601 -0.334646, 80.547737 -25.329001 -0.334646,
80.604724 -25.370405 -0.334646, 80.604724 -25.342126 -0.334646,
80.378368 -25.155206 -0.334646, 80.162183 -24.956402 -0.334646,
79.956895 -24.746366 -0.334646, 79.763086 -24.525694 -0.334646,
79.581306 -24.295011 -0.334646, 79.412072 -24.054974 -0.334646,
79.255863 -23.806263 -0.334646, 79.113123 -23.549585 -0.334646,
78.984257 -23.285669 -0.334646, 78.869633 -23.015263 -0.334646,
78.769573 -22.739135 -0.334646, 78.684364 -22.45807 -0.334646,
78.614246 -22.172865 -0.334646, 78.55942 -21.88433 -0.334646,
78.52004 -21.593285 -0.334646, 78.496218 -21.300555 -0.334646,
78.488022 -21.006972 -0.334646, 78.495475 -20.713369 -0.334646,
78.518556 -20.42058 -0.334646, 78.5572 -20.129435 -0.334646,
78.611297 -19.840763 -0.334646, 78.680693 -19.555381 -0.334646,
78.765191 -19.274102 -0.334646, 78.864551 -18.997722 -0.334646,
78.978492 -18.727027 -0.334646, 79.106689 -18.462785 -0.334646,
79.248779 -18.205746 -0.334646, 79.404358 -17.956641 -0.334646,
79.572985 -17.716177 -0.334646, 79.754181 -17.485035 -0.334646,
79.947431 -17.263874 -0.334646, 80.152187 -17.053319 -0.334646,
80.367868 -16.853969 -0.334646, 80.593861 -16.666391 -0.334646,
80.829524 -16.491116 -0.334646, 81.074188 -16.328643 -0.334646,
81.327159 -16.179432 -0.334646, 81.587719 -16.043907 -0.334646,
81.855127 -15.922454 -0.334646, 82.128625 -15.815416 -0.334646,
82.407437 -15.723098 -0.334646, 82.690769 -15.645762 -0.334646,
82.977819 -15.583627 -0.334646, 83.26777 -15.53687 -0.334646,
83.559801 -15.505623 -0.334646, 83.853082 -15.489976 -0.334646,
84.14678 -15.489972 -0.334646, 84.44006 -15.505612 -0.334646,
84.732092 -15.536851 -0.334646, 85.022045 -15.583601 -0.334646,
85.309096 -15.645729 -0.334646, 85.592431 -15.723058 -0.334646,
85.871244 -15.815369 -0.334646, 86.144745 -15.9224 -0.334646,
86.412156 -16.043847 -0.334646, 86.672719 -16.179365 -0.334646,
86.925694 -16.328569 -0.334646, 87.170363 -16.491037 -0.334646,
87.40603 -16.666305 -0.334646, 87.632028 -16.853878 -0.334646,
87.847713 -17.053222 -0.334646, 88.052474 -17.263771 -0.334646
              ]
            }
            coordIndex [
13, 12, 174, -1, 174, 12, 175, -1, 175, 12, 10, -1, 132, 131, 53, -1,
53, 131, 54, -1, 54, 131, 55, -1, 55, 131, 56, -1, 56, 131, 126, -1,
126, 131, 130, -1, 133, 132, 50, -1, 50, 132, 51, -1, 51, 132, 52, -1,
52, 132, 53, -1, 47, 46, 134, -1, 47, 134, 48, -1, 48, 134, 133, -1,
48, 133, 49, -1, 49, 133, 50, -1, 44, 136, 45, -1, 45, 136, 135, -1,
45, 135, 46, -1, 46, 135, 134, -1, 137, 136, 242, -1, 242, 136, 243, -1,
243, 136, 84, -1, 84, 136, 42, -1, 42, 136, 43, -1, 240, 239, 140, -1,
240, 140, 241, -1, 241, 140, 139, -1, 241, 139, 242, -1, 242, 139, 138, -1,
242, 138, 137, -1, 142, 141, 237, -1, 237, 141, 238, -1, 238, 141, 239, -1,
239, 141, 140, -1, 235, 234, 143, -1, 235, 143, 236, -1, 236, 143, 142, -1,
236, 142, 237, -1, 145, 144, 232, -1, 232, 144, 233, -1, 233, 144, 234, -1,
234, 144, 143, -1, 230, 229, 146, -1, 230, 146, 231, -1, 231, 146, 145, -1,
231, 145, 232, -1, 148, 147, 227, -1, 227, 147, 228, -1, 228, 147, 229, -1,
229, 147, 146, -1, 223, 222, 150, -1, 223, 150, 224, -1, 224, 150, 149, -1,
224, 149, 225, -1, 225, 149, 148, -1, 225, 148, 226, -1, 226, 148, 227, -1,
152, 151, 220, -1, 220, 151, 221, -1, 221, 151, 222, -1, 222, 151, 150, -1,
218, 217, 153, -1, 218, 153, 219, -1, 219, 153, 152, -1, 219, 152, 220, -1,
155, 154, 215, -1, 215, 154, 216, -1, 216, 154, 217, -1, 217, 154, 153, -1,
215, 214, 155, -1, 155, 214, 156, -1, 156, 214, 158, -1, 158, 214, 213, -1,
159, 158, 34, -1, 34, 158, 35, -1, 35, 158, 212, -1, 212, 158, 213, -1,
209, 208, 36, -1, 209, 36, 210, -1, 210, 36, 35, -1, 210, 35, 211, -1,
211, 35, 212, -1, 34, 33, 159, -1, 159, 33, 160, -1, 160, 33, 161, -1,
161, 33, 32, -1, 30, 29, 162, -1, 30, 162, 31, -1, 31, 162, 161, -1,
31, 161, 32, -1, 164, 163, 26, -1, 26, 163, 27, -1, 27, 163, 28, -1,
28, 163, 29, -1, 29, 163, 162, -1, 165, 164, 170, -1, 170, 164, 23, -1,
23, 164, 24, -1, 24, 164, 25, -1, 25, 164, 26, -1, 168, 167, 166, -1,
168, 166, 169, -1, 169, 166, 165, -1, 169, 165, 170, -1, 128, 127, 129, -1,
129, 127, 130, -1, 130, 127, 126, -1, 57, 56, 126, -1, 57, 126, 58, -1,
58, 126, 125, -1, 58, 125, 59, -1, 59, 125, 60, -1, 62, 61, 124, -1,
124, 61, 125, -1, 125, 61, 60, -1, 64, 63, 123, -1, 123, 63, 124, -1,
124, 63, 62, -1, 66, 65, 120, -1, 120, 65, 121, -1, 121, 65, 122, -1,
122, 65, 123, -1, 123, 65, 64, -1, 66, 120, 67, -1, 67, 120, 68, -1,
68, 120, 110, -1, 110, 120, 111, -1, 111, 120, 112, -1, 112, 120, 119, -1,
116, 114, 113, -1, 116, 113, 117, -1, 117, 113, 112, -1, 117, 112, 118, -1,
118, 112, 119, -1, 78, 77, 95, -1, 95, 77, 96, -1, 96, 77, 97, -1,
97, 77, 75, -1, 75, 77, 76, -1, 92, 91, 79, -1, 92, 79, 93, -1,
93, 79, 78, -1, 93, 78, 94, -1, 94, 78, 95, -1, 81, 80, 89, -1,
89, 80, 90, -1, 90, 80, 91, -1, 91, 80, 79, -1, 87, 86, 82, -1,
87, 82, 88, -1, 88, 82, 81, -1, 88, 81, 89, -1, 42, 83, 85, -1,
85, 83, 86, -1, 86, 83, 82, -1, 98, 97, 75, -1, 98, 75, 99, -1,
99, 75, 74, -1, 99, 74, 100, -1, 100, 74, 101, -1, 74, 73, 101, -1,
101, 73, 102, -1, 102, 73, 103, -1, 103, 73, 72, -1, 104, 103, 72, -1,
104, 72, 105, -1, 105, 72, 71, -1, 105, 71, 106, -1, 106, 71, 70, -1,
106, 70, 107, -1, 107, 70, 108, -1, 68, 110, 109, -1, 68, 109, 69, -1,
69, 109, 108, -1, 69, 108, 70, -1, 206, 205, 38, -1, 206, 38, 207, -1,
207, 38, 37, -1, 207, 37, 208, -1, 208, 37, 36, -1, 40, 39, 203, -1,
203, 39, 204, -1, 204, 39, 205, -1, 205, 39, 38, -1, 199, 198, 0, -1,
199, 0, 200, -1, 200, 0, 41, -1, 200, 41, 201, -1, 201, 41, 40, -1,
201, 40, 202, -1, 202, 40, 203, -1, 10, 9, 176, -1, 176, 9, 184, -1,
184, 9, 185, -1, 185, 9, 186, -1, 186, 9, 8, -1, 187, 186, 8, -1,
187, 8, 188, -1, 188, 8, 7, -1, 188, 7, 189, -1, 189, 7, 6, -1,
189, 6, 190, -1, 190, 6, 191, -1, 6, 5, 191, -1, 191, 5, 192, -1,
192, 5, 193, -1, 193, 5, 4, -1, 194, 193, 4, -1, 194, 4, 195, -1,
195, 4, 3, -1, 195, 3, 196, -1, 196, 3, 197, -1, 3, 2, 197, -1,
197, 2, 198, -1, 198, 2, 0, -1, 0, 2, 1, -1, 181, 180, 179, -1,
181, 179, 182, -1, 182, 179, 178, -1, 182, 178, 176, -1, 176, 178, 177, -1,
184, 183, 176, -1, 176, 183, 182, -1, 15, 14, 173, -1, 173, 14, 174, -1,
174, 14, 13, -1, 17, 16, 172, -1, 172, 16, 173, -1, 173, 16, 15, -1,
18, 17, 172, -1, 18, 172, 19, -1, 19, 172, 171, -1, 19, 171, 20, -1,
20, 171, 21, -1, 23, 22, 170, -1, 170, 22, 171, -1, 171, 22, 21, -1,
175, 10, 176, -1, 42, 85, 84, -1, 114, 116, 115, -1, 156, 158, 157, -1
            ]
          }
        }
      ]
    }
  ]
}
]
}
