#VRML V2.0 utf8
DEF TXFM_1 Transform {
  center 0 0 0
  rotation 0 0 1 0
  scale 1 1 1
  scaleOrientation 0 0 1 0
  translation 0 0 0
 children [
DEF TXFM_2 Transform {
  center 0 0 0
  rotation 0 0 1 0
  scale 1 1 1
  scaleOrientation 0 0 1 0
  translation 0 0 0
 children [
DEF TXFM_3 Transform {
  center 0 0 0
  rotation 0 0 1 0
  scale 1 1 1
  scaleOrientation 0 0 1 0
  translation 0 0 0
 children [
DEF SHAPE_1 Shape {
 appearance DEF APP_1 Appearance {
  material Material {
   ambientIntensity 0.1
   diffuseColor 1 1 1
   emissiveColor 0 0 0
   shininess 0.1
   specularColor 0.12 0.12 0.12
   transparency 0
} }
 geometry DEF FACE_1 IndexedFaceSet {
  coord DEF COORD_1 Coordinate { point [
  -0.21653543 0.66929134 5.507556,0 0.66929134 -5.511811,
  -0.78389995 0.66929134 5.4557824,-1.3428892 0.66929134 5.3457188,
  -1.887531 0.66929134 5.1785411,-2.4120062 0.66929134 4.9560354,
  -2.9107113 0.66929134 4.6805791,-3.3783182 0.66929134 4.3551151,
  -3.8098308 0.66929134 3.9831206,-4.2006389 0.66929134 3.5685702,
  -4.546567 0.66929134 3.115893,-4.8439193 0.66929134 2.6299252,
  -5.0895187 0.66929134 2.1158591,-5.2807413 0.66929134 1.5791871,
  -5.4155441 0.66929134 1.0256428,-5.4924867 0.66929134 0.46114054,
  -5.5107472 0.66929134 -0.10828862,-5.4701304 0.66929134 -0.67656081,
  -5.3710703 0.66929134 -1.2376046,-5.2146252 0.66929134 -1.7854257,
  -5.0024667 0.66929134 -2.3141711,-4.7368614 0.66929134 -2.8181918,
  -4.4206471 0.66929134 -3.2921027,-4.0572023 0.66929134 -3.7308405,
  -3.6504099 0.66929134 -4.1297177,-3.2046164 0.66929134 -4.4844726,
  -2.7245844 0.66929134 -4.7913151,-2.2154427 0.66929134 -5.0469668,
  -1.6826311 0.66929134 -5.2486963,-1.1318422 0.66929134 -5.3943483,
  -0.56896049 0.66929134 -5.4823667,0 0.19685039 -5.511811,
  -3.913712 0.19685039 -3.8810977,-3.3706043 0.19685039 -4.3610878,
  -2.7692095 0.19685039 -4.7656625,-2.1199273 0.19685039 -5.0878256,
  -1.4339856 0.19685039 -5.3220058,-0.72324629 0.19685039 -5.4641537,
  -3.913712 0.53149606 -3.8810977,-3.913712 0.53149606 3.8810977,
  -4.3216043 0.53149606 3.4210812,-4.6757269 0.53149606 2.9184993,
  -4.9716737 0.53149606 2.3796052,-5.2057625 0.53149606 1.8111038,
  -5.3750808 0.53149606 1.2200686,-5.4775218 0.53149606 0.61385309,
  -5.511811 0.53149606 0,-5.4775218 0.53149606 -0.61385309,
  -5.3750808 0.53149606 -1.2200686,-5.2057625 0.53149606 -1.8111038,
  -4.9716737 0.53149606 -2.3796052,-4.6757269 0.53149606 -2.9184993,
  -4.3216043 0.53149606 -3.4210812,-3.913712 0.19685039 3.8810977,
  -0.21653543 0.19685039 5.507556,-0.90175859 0.19685039 5.4375447,
  -1.5728994 0.19685039 5.2826176,-2.2194769 0.19685039 5.0451941,
  -2.8313937 0.19685039 4.7289819,-3.3990939 0.19685039 4.3389193] }
 coordIndex [
  21,50,20,-1,51,21,22,-1,51,50,21,-1,52,22,23,-1,54,0,2,-1,52,51,22,-1,38,23,24,-1,38,52,23,-1,
  55,2,3,-1,55,54,2,-1,25,38,24,-1,56,3,4,-1,56,55,3,-1,57,4,5,-1,57,56,4,-1,33,32,38,-1,
  33,38,25,-1,58,5,6,-1,34,25,26,-1,58,57,5,-1,34,26,27,-1,34,33,25,-1,39,7,8,-1,39,8,9,-1,
  35,27,28,-1,35,34,27,-1,59,6,7,-1,59,58,6,-1,59,7,39,-1,36,28,29,-1,40,9,10,-1,36,35,28,-1,
  40,39,9,-1,37,29,30,-1,53,59,39,-1,37,36,29,-1,31,30,1,-1,31,37,30,-1,41,10,11,-1,41,40,10,-1,
  42,41,11,-1,42,11,12,-1,43,42,12,-1,43,12,13,-1,44,13,14,-1,44,43,13,-1,45,14,15,-1,45,44,14,-1,
  46,15,16,-1,46,45,15,-1,47,16,17,-1,47,46,16,-1,48,17,18,-1,48,47,17,-1,19,48,18,-1,49,48,19,-1,
  20,49,19,-1,50,49,20,-1]
  normalPerVertex TRUE
  normal DEF NORM_1 Normal { vector [
  -0.090875227 0 0.99586229,-0.051681912 0 -0.9986636,
  -0.12694601 -0.0017015883 0.99190817,-0.23659306 0.00017066815 0.97160882,
  -0.3432984 0.00069552293 0.93922613,-0.44573504 -0.00012692534 0.89516493,
  -0.54262706 -0.0022968288 0.83997059,-0.62679857 -0.0073667762 0.77914651,
  -0.69114485 -0.013955149 0.72258152,-0.75724432 0.010006463 0.65305506,
  -0.82223472 0.011682571 0.56902863,-0.87795028 0.012555451 0.47858717,
  -0.92376558 0.012625198 0.38275025,-0.95916508 0.011891817 0.28259677,
  -0.98374838 0.01035523 0.17925371,-0.99723459 0.0080152914 0.073884517,
  -0.99946561 0.0048718326 -0.032322878,-0.99040832 0.00092473245 -0.13816841,
  -0.97446558 -0.00021303154 -0.22453682,-0.95170727 -0.0027955196 -0.30699422,
  -0.91377234 0.0017919084 -0.40622271,-0.86551076 0.0055756916 -0.5008593,
  -0.80747713 0.0085558503 -0.58983683,-0.74033333 0.010732522 -0.67215428,
  -0.65983423 -0.086012893 -0.74647208,-0.59395437 -0.0094896557 -0.80444276,
  -0.49431739 -0.00050872767 -0.86928135,-0.41860083 -0.0038568427 -0.90816214,
  -0.31222116 -0.0014520201 -0.95000834,-0.20175808 -0.0011102855 -0.97943476,
  -0.088658369 -0.0028315379 -0.99605807,-0.059558025 -0.0095153712 -0.99817949,
  -0.66222457 0 -0.74930543,-0.62310047 0.0056426324 -0.78212145,
  -0.49883191 -0.0094712462 -0.866647,-0.3760099 -0.010165812 -0.92655988,
  -0.25887036 -0.012856269 -0.96582651,-0.13779325 -0.011504952 -0.99039419,
  -0.66592453 -0.0062519889 -0.74599292,-0.67853509 -0.0068573597 0.73453598,
  -0.78720109 -0.023266546 0.61625734,-0.84953941 -0.024828505 0.52694054,
  -0.90180981 -0.025406097 0.43138567,-0.94339736 -0.024999458 0.33072111,
  -0.97381008 -0.023608492 0.22613395,-0.99268427 -0.021232885 0.11885754,
  -0.99978867 -0.017872169 0.010158726,-0.99502775 -0.01352582 -0.098675391,
  -0.97480682 -0.0087942859 -0.22287736,-0.93945798 -0.0093568836 -0.34253635,
  -0.89656256 -0.014488885 -0.44268008,-0.84302415 -0.018634898 -0.53755281,
  -0.77949047 -0.021795382 -0.62603479,-0.66467473 0 0.74713286,
  -0.09676789 -0.0071402877 0.99528136,-0.17228131 -0.0089077124 0.98500751,
  -0.28771771 -0.010924909 0.95765295,-0.39910863 -0.010674485 0.91684151,
  -0.50489369 -0.0081563629 0.863143,-0.61613673 -0.0026746192 0.78763467] }
}
}
DEF SHAPE_2 Shape {
 appearance USE APP_1
 geometry DEF FACE_2 IndexedFaceSet {
  coord DEF COORD_2 Coordinate { point [
  -0.21653543 0.86614173 5.3105479,0 0.86614173 -5.3149606,
  -0.76330834 0.86614173 5.2598638,-1.3019337 0.86614173 5.1530355,
  -1.826662 0.86614173 4.9912035,-2.3318925 0.86614173 4.776095,
  -2.8122323 0.86614173 4.5100062,-3.262554 0.86614173 4.1957774,
  -3.6780511 0.86614173 3.8367625,-4.0542885 0.86614173 3.4367938,
  -4.3872501 0.86614173 3.0001405,-4.6733819 0.86614173 2.5314636,
  -4.9096298 0.86614173 2.0357657,-5.093472 0.86614173 1.5183379,
  -5.2229461 0.86614173 0.98470321,-5.2966702 0.86614173 0.44055778,
  -5.3138573 0.86614173 -0.1082902,-5.274324 0.86614173 -0.65598227,
  -5.1784922 0.86614173 -1.1966724,-5.0273849 0.86614173 -1.7245891,
  -4.822615 0.86614173 -2.2340974,-4.5663681 0.86614173 -2.7197589,
  -4.2613796 0.86614173 -3.1763895,-3.9109049 0.86614173 -3.5991151,
  -3.5186849 0.86614173 -3.9834236,-3.0889062 0.86614173 -4.3252127,
  -2.6261564 0.86614173 -4.6208342,-2.1353748 0.86614173 -4.8671327,
  -1.6218001 0.86614173 -5.0614791,-1.0909142 0.86614173 -5.201799,
  -0.54838386 0.86614173 -5.2865945,0 0.66929134 -5.511811,
  0 0.85650719 -5.3757907,0 0.82854665 -5.4306664,
  0 0.7849971 -5.4742159,0 0.73012146 -5.5021765,
  -0.21653543 0.66929134 5.507556,-0.78389995 0.66929134 5.4557824,
  -1.3428892 0.66929134 5.3457188,-1.887531 0.66929134 5.1785411,
  -2.4120062 0.66929134 4.9560354,-2.9107113 0.66929134 4.6805791,
  -3.3783182 0.66929134 4.3551151,-3.8098308 0.66929134 3.9831206,
  -4.2006389 0.66929134 3.5685702,-4.546567 0.66929134 3.115893,
  -4.8439193 0.66929134 2.6299252,-5.0895187 0.66929134 2.1158591,
  -5.2807413 0.66929134 1.5791871,-5.4155441 0.66929134 1.0256428,
  -5.4924867 0.66929134 0.46114054,-5.5107472 0.66929134 -0.10828862,
  -5.4701304 0.66929134 -0.67656081,-5.3710703 0.66929134 -1.2376046,
  -5.2146252 0.66929134 -1.7854257,-5.0024667 0.66929134 -2.3141711,
  -4.7368614 0.66929134 -2.8181918,-4.4206471 0.66929134 -3.2921027,
  -4.0572023 0.66929134 -3.7308405,-3.6504099 0.66929134 -4.1297177,
  -3.2046164 0.66929134 -4.4844726,-2.7245844 0.66929134 -4.7913151,
  -2.2154427 0.66929134 -5.0469668,-1.6826311 0.66929134 -5.2486963,
  -1.1318422 0.66929134 -5.3943483,-0.56896049 0.66929134 -5.4823667,
  -0.21653543 0.8605625 5.3566872,-0.21653543 0.84450576 5.4000425,
  -0.21653543 0.81899296 5.4384485,-0.21653543 0.78513979 5.4697451,
  -0.21653543 0.74482569 5.4922986,-0.21653543 0.70789276 5.5036401,
  -0.7645549 0.85650719 5.3211448,-0.77235941 0.82854665 5.3754626,
  -1.3097495 0.85650719 5.2137973,-0.77855311 0.7849971 5.4185695,
  -1.3231193 0.82854665 5.2670193,-1.8409505 0.85650719 5.0507452,
  -0.78252971 0.73012146 5.4462458,-1.3337296 0.7849971 5.3092566,
  -1.8597428 0.82854665 5.1023028,-2.3524828 0.85650719 4.8337305,
  -1.3405419 0.73012146 5.3363746,-1.8746564 0.7849971 5.1432192,
  -2.3764967 0.82854665 4.8830729,-2.8388809 0.85650719 4.5650719,
  -1.8842316 0.73012146 5.1694891,-2.3955543 0.7849971 4.9222312,
  -2.8678599 0.82854665 4.6116718,-3.2949481 0.85650719 4.2476397,
  -2.40779 0.73012146 4.9473724,-2.8908579 0.7849971 4.6486537,
  -3.3285827 0.82854665 4.2909993,-3.7158119 0.85650719 3.8848253,
  -2.9056234 0.73012146 4.6723975,-3.3552753 0.7849971 4.3254096,
  -3.7537426 0.82854665 3.9244813,-4.0969757 0.85650719 3.4805052,
  -3.3724129 0.73012146 4.3475024,-3.7838446 0.7849971 3.9559525,
  -4.1387973 0.82854665 3.5160339,-4.434367 0.85650719 3.0389991,
  -3.8031713 0.73012146 3.9761582,-4.1719871 0.7849971 3.5442297,
  -4.4796327 0.82854665 3.0700209,-4.7243812 0.85650719 2.565024,
  -4.1932963 0.73012146 3.5623324,-4.5155557 0.7849971 3.09464,
  -4.7726073 0.82854665 2.5912076,-4.9639198 0.85650719 2.063644,
  -4.5386197 0.73012146 3.1104464,-4.8108798 0.7849971 2.611987,
  -5.0145911 0.82854665 2.0847096,-5.1504234 0.85650719 1.5402159,
  -4.8354522 0.73012146 2.6253282,-5.054804 0.7849971 2.1014272,
  -5.2029985 0.82854665 1.5559383,-5.2818995 0.85650719 1.000332,
  -5.0806223 0.73012146 2.1121607,-5.2447223 0.7849971 1.5684157,
  -5.3358167 0.82854665 1.0105434,-5.3569433 0.85650719 0.44976053,
  -5.2715107 0.73012146 1.5764267,-5.3786056 0.7849971 1.0186471,
  -5.4116266 0.82854665 0.45435165,-5.3747531 0.85650719 -0.10561628,
  -5.4060778 0.73012146 1.02385,-5.4550234 0.7849971 0.45799518,
  -5.4296182 0.82854665 -0.1066944,-5.3351387 0.85650719 -0.65986466,
  -5.4828859 0.73012146 0.46033447,-5.4731593 0.7849971 -0.10755,
  -5.3895994 0.82854665 -0.66660051,-5.2385232 0.85650719 -1.207063,
  -5.5011145 0.73012146 -0.10809933,-5.4328196 0.7849971 -0.67194611,
  -5.2919976 0.82854665 -1.2193846,-5.0859389 0.85650719 -1.741365,
  -5.4605687 0.73012146 -0.67537819,-5.3344351 0.7849971 -1.2291631,
  -5.1378557 0.82854665 -1.7591407,-4.879016 0.85650719 -2.2570621,
  -5.3616817 0.73012146 -1.2354413,-5.1790572 0.7849971 -1.7732476,
  -4.9288206 0.82854665 -2.280102,-4.6199653 0.85650719 -2.7486446,
  -5.2055101 0.73012146 -1.7823048,-4.9683457 0.7849971 -2.2983866,
  -4.6671255 0.82854665 -2.7767025,-4.3115545 0.85650719 -3.2108603,
  -4.9937225 0.73012146 -2.310126,-4.7045521 0.7849971 -2.7989694,
  -4.3555665 0.82854665 -3.2436365,-3.9570788 0.85650719 -3.6387709,
  -4.7285814 0.73012146 -2.8132656,-4.3904946 0.7849971 -3.2696478,
  -3.9974723 0.82854665 -3.6759152,-3.5603253 0.85650719 -4.0278046,
  -4.4129199 0.73012146 -3.2863481,-4.0295288 0.7849971 -3.7053931,
  -3.5966688 0.82854665 -4.0689202,-3.1255329 0.85650719 -4.373805,
  -4.0501103 0.73012146 -3.724319,-3.6255111 0.7849971 -4.1015496,
  -3.1574381 0.82854665 -4.4184524,-2.6573472 0.85650719 -4.6730752,
  -3.6440291 0.73012146 -4.122499,-3.1827582 0.7849971 -4.4538848,
  -2.6844732 0.82854665 -4.7207776,-2.1607701 0.85650719 -4.922418,
  -3.1990147 0.73012146 -4.4766339,-2.7060005 0.7849971 -4.7586344,
  -2.1828271 0.82854665 -4.9726656,-1.6411072 0.85650719 -5.1191692,
  -2.7198219 0.73012146 -4.78294,-2.2003316 0.7849971 -5.0125424,
  -1.6578595 0.82854665 -5.1714253,-1.1039106 0.85650719 -5.2612268,
  -2.2115702 0.73012146 -5.0381448,-1.6711542 0.7849971 -5.2128959,
  -1.1151792 0.82854665 -5.314933,-0.5549197 0.85650719 -5.3470731,
  -1.6796899 0.73012146 -5.2395217,-1.1241221 0.7849971 -5.3575545,
  -0.56058428 0.82854665 -5.4016556,-1.1298637 0.73012146 -5.3849191,
  -0.56507971 0.7849971 -5.4449725,-0.56796596 0.73012146 -5.4727836] }
 coordIndex [
  145,141,20,-1,146,142,139,-1,146,139,143,-1,146,53,142,-1,146,54,53,-1,2,66,0,-1,147,140,144,-1,147,143,140,-1,
  148,144,141,-1,148,141,145,-1,149,21,22,-1,149,145,21,-1,150,146,143,-1,150,55,54,-1,150,54,146,-1,150,143,147,-1,
  151,147,144,-1,151,144,148,-1,152,148,145,-1,37,36,71,-1,152,145,149,-1,153,22,23,-1,153,149,22,-1,154,56,55,-1,
  154,147,151,-1,154,55,150,-1,154,150,147,-1,155,151,148,-1,155,148,152,-1,156,152,149,-1,156,149,153,-1,157,23,24,-1,
  157,153,23,-1,158,56,154,-1,158,154,151,-1,158,57,56,-1,158,151,155,-1,159,155,152,-1,159,152,156,-1,160,156,153,-1,
  160,153,157,-1,161,24,25,-1,161,157,24,-1,162,58,57,-1,162,57,158,-1,162,155,159,-1,162,158,155,-1,163,159,156,-1,
  163,156,160,-1,164,160,157,-1,164,157,161,-1,165,25,26,-1,165,161,25,-1,166,159,163,-1,166,162,159,-1,166,59,58,-1,
  166,58,162,-1,167,163,160,-1,167,160,164,-1,168,164,161,-1,168,161,165,-1,169,165,26,-1,169,26,27,-1,170,163,167,-1,
  170,166,163,-1,170,59,166,-1,170,60,59,-1,171,164,168,-1,171,167,164,-1,172,165,169,-1,172,168,165,-1,173,169,27,-1,
  173,27,28,-1,174,170,167,-1,174,167,171,-1,174,60,170,-1,174,61,60,-1,175,171,168,-1,175,168,172,-1,176,169,173,-1,
  176,172,169,-1,177,173,28,-1,177,28,29,-1,178,174,171,-1,178,171,175,-1,178,61,174,-1,178,62,61,-1,179,175,172,-1,
  179,172,176,-1,180,176,173,-1,180,173,177,-1,181,30,32,-1,181,29,30,-1,181,177,29,-1,182,175,179,-1,182,62,178,-1,
  182,63,62,-1,182,178,175,-1,183,179,176,-1,183,176,180,-1,184,181,32,-1,184,32,33,-1,184,180,177,-1,184,177,181,-1,
  185,182,179,-1,185,179,183,-1,185,64,63,-1,185,63,182,-1,186,33,34,-1,186,183,180,-1,186,184,33,-1,186,180,184,-1,
  187,34,35,-1,187,35,31,-1,187,186,34,-1,187,65,64,-1,187,31,65,-1,187,185,183,-1,187,64,185,-1,187,183,186,-1,
  32,30,1,-1,72,67,66,-1,72,66,2,-1,73,67,72,-1,73,68,67,-1,74,2,3,-1,74,72,2,-1,75,68,73,-1,
  75,69,68,-1,75,70,69,-1,76,73,72,-1,76,72,74,-1,77,3,4,-1,77,74,3,-1,78,37,71,-1,78,71,70,-1,
  78,70,75,-1,79,75,73,-1,79,73,76,-1,80,76,74,-1,80,74,77,-1,81,4,5,-1,81,77,4,-1,82,78,75,-1,
  82,75,79,-1,82,38,37,-1,82,37,78,-1,83,76,80,-1,83,79,76,-1,84,77,81,-1,84,80,77,-1,85,5,6,-1,
  85,81,5,-1,86,38,82,-1,86,79,83,-1,86,39,38,-1,86,82,79,-1,87,80,84,-1,87,83,80,-1,88,81,85,-1,
  88,84,81,-1,89,6,7,-1,89,85,6,-1,90,83,87,-1,90,86,83,-1,90,40,39,-1,90,39,86,-1,91,87,84,-1,
  91,84,88,-1,92,88,85,-1,92,85,89,-1,93,7,8,-1,93,89,7,-1,94,90,87,-1,94,41,40,-1,94,40,90,-1,
  94,87,91,-1,95,88,92,-1,95,91,88,-1,96,92,89,-1,96,89,93,-1,97,93,8,-1,97,8,9,-1,98,41,94,-1,
  98,42,41,-1,98,91,95,-1,98,94,91,-1,99,92,96,-1,99,95,92,-1,100,96,93,-1,100,93,97,-1,101,9,10,-1,
  101,97,9,-1,102,95,99,-1,102,98,95,-1,102,42,98,-1,102,43,42,-1,103,96,100,-1,103,99,96,-1,104,97,101,-1,
  104,100,97,-1,105,10,11,-1,105,101,10,-1,106,102,99,-1,106,99,103,-1,106,43,102,-1,106,44,43,-1,107,103,100,-1,
  107,100,104,-1,108,104,101,-1,108,101,105,-1,109,11,12,-1,109,105,11,-1,110,106,103,-1,110,103,107,-1,110,44,106,-1,
  110,45,44,-1,111,107,104,-1,111,104,108,-1,112,108,105,-1,112,105,109,-1,113,12,13,-1,113,109,12,-1,114,110,107,-1,
  114,107,111,-1,114,46,45,-1,114,45,110,-1,115,108,112,-1,115,111,108,-1,116,112,109,-1,116,109,113,-1,117,13,14,-1,
  117,113,13,-1,118,47,46,-1,118,114,111,-1,118,46,114,-1,118,111,115,-1,119,112,116,-1,119,115,112,-1,120,113,117,-1,
  120,116,113,-1,121,14,15,-1,121,117,14,-1,122,48,47,-1,122,47,118,-1,122,118,115,-1,122,115,119,-1,123,119,116,-1,
  123,116,120,-1,124,120,117,-1,124,117,121,-1,125,15,16,-1,125,121,15,-1,126,48,122,-1,126,49,48,-1,126,122,119,-1,
  126,119,123,-1,127,123,120,-1,127,120,124,-1,128,124,121,-1,128,121,125,-1,129,16,17,-1,129,125,16,-1,130,49,126,-1,
  130,123,127,-1,130,50,49,-1,130,126,123,-1,131,124,128,-1,131,127,124,-1,132,128,125,-1,132,125,129,-1,133,17,18,-1,
  133,129,17,-1,134,130,127,-1,134,50,130,-1,134,51,50,-1,134,127,131,-1,135,131,128,-1,135,128,132,-1,136,132,129,-1,
  136,129,133,-1,137,133,18,-1,137,18,19,-1,138,134,131,-1,138,131,135,-1,138,51,134,-1,138,52,51,-1,139,135,132,-1,
  139,132,136,-1,140,133,137,-1,140,136,133,-1,141,137,19,-1,141,19,20,-1,142,135,139,-1,142,52,138,-1,142,53,52,-1,
  142,138,135,-1,143,139,136,-1,143,136,140,-1,144,140,137,-1,144,137,141,-1,145,20,21,-1]
  normalPerVertex TRUE
  normal DEF NORM_2 Normal { vector [
  -0.011127286 0.99270675 0.12003954,-0.0080915796 0.98765601 -0.15642934,
  -0.023057535 0.98881891 0.14732791,-0.040810026 0.98773161 0.1507342,
  -0.056150858 0.9877299 0.14572825,-0.070894234 0.98772819 0.1391655,
  -0.084882643 0.98772647 0.13111581,-0.097966611 0.98772475 0.12166493,
  -0.1100063 0.98772303 0.11091359,-0.12087301 0.98772131 0.098976405,
  -0.13045055 0.98771959 0.085980671,-0.13863645 0.98771786 0.072065013,
  -0.14534312 0.98771613 0.05737789,-0.15049874 0.9877144 0.042076026,
  -0.15404805 0.98771267 0.026322725,-0.1559529 0.98771093 0.010286138,
  -0.15619275 0.9877092 -0.0058625357,-0.15476478 0.98770746 -0.021950878,
  -0.15168401 0.98770572 -0.037807089,-0.14698312 0.98770397 -0.053261824,
  -0.14071205 0.98770223 -0.068150001,-0.13293757 0.98770048 -0.082312566,
  -0.12374246 0.98769873 -0.095598187,-0.11322472 0.98769698 -0.10786488,
  -0.10149646 0.98769523 -0.11898151,-0.088682745 0.98769348 -0.12882922,
  -0.074920251 0.98769172 -0.13730267,-0.060355796 0.98768996 -0.14431119,
  -0.045144785 0.9876882 -0.14977973,-0.02944955 0.98768644 -0.15364969,
  -0.013437614 0.98768467 -0.1558795,-0.05104729 0.15623051 -0.98640063,
  -0.016032642 0.95065956 -0.30982149,-0.032577509 0.77631396 -0.62950404,
  -0.043377151 0.54365297 -0.83818845,-0.049158689 0.30864339 -0.94990667,
  -0.090415009 0.10051337 0.99081895,-0.14681284 0.14677596 0.97821409,
  -0.25710694 0.15641182 0.95364111,-0.35417372 0.15641182 0.92200668,
  -0.44745649 0.15641182 0.88052146,-0.53595859 0.15641182 0.82962867,
  -0.61873447 0.15641182 0.76987207,-0.69489974 0.15641182 0.70189009,
  -0.76364065 0.15641182 0.62640906,-0.82422275 0.15641182 0.54423542,
  -0.8759988 0.15641182 0.45624714,-0.9184156 0.15641182 0.36338427,
  -0.95101998 0.15641182 0.26663897,-0.97346359 0.15641182 0.16704488,
  -0.98550663 0.15641182 0.065666071,-0.98702044 0.15641182 -0.03641432,
  -0.97798884 0.15641182 -0.13810566,-0.95850833 0.15641182 -0.23832146,
  -0.92878705 0.15641182 -0.33599102,-0.88914252 0.15641182 -0.43007083,
  -0.83999833 0.15641182 -0.51955572,-0.78187953 0.15641182 -0.60348964,
  -0.71540706 0.15641182 -0.68097583,-0.64129113 0.15641182 -0.75118641,
  -0.56032359 0.15641182 -0.81337126,-0.47336951 0.15641182 -0.86686599,
  -0.38135792 0.15641182 -0.91109905,-0.28527186 0.15641182 -0.94559786,
  -0.18613794 0.15641182 -0.96999382,-0.10195481 0.15643447 -0.98241207,
  -0.019200232 0.9790043 0.2029333,-0.041769308 0.89054948 0.45296462,
  -0.061972997 0.73887267 0.67098921,-0.073632167 0.58593613 0.80700505,
  -0.083119144 0.42288159 0.90236488,-0.090600161 0.17899797 0.97966899,
  -0.051299898 0.94017767 0.33680004,-0.090029675 0.79545971 0.59928166,
  -0.078111558 0.95077243 0.29988392,-0.11570929 0.56721211 0.81540284,
  -0.14553247 0.80873345 0.5698864,-0.10864511 0.95077588 0.29020935,
  -0.12990401 0.30671464 0.94289505,-0.19880129 0.58750527 0.78442056,
  -0.20358194 0.80873345 0.55181935,-0.13801593 0.95077933 0.27743515,
  -0.21580174 0.30880388 0.92632056,-0.27871164 0.58750527 0.75970875,
  -0.25945633 0.80873345 0.52785662,-0.16591034 0.95078279 0.26169802,
  -0.310269 0.30880388 0.89909583,-0.35564421 0.58750527 0.72688016,
  -0.31255867 0.80873345 0.49825423,-0.19203043 0.95078624 0.24316627,
  -0.40142132 0.30880388 0.86226509,-0.42877705 0.58750527 0.68628551,
  -0.36232161 0.80873345 0.46332846,-0.21609728 0.9507897 0.22203807,
  -0.48828482 0.30880388 0.81622185,-0.4973288 0.58750527 0.63835854,
  -0.40821347 0.80873345 0.42345244,-0.23785394 0.95079317 0.1985393,
  -0.56993144 0.30880388 0.76145802,-0.56056705 0.58750527 0.5836113,
  -0.44974395 0.80873345 0.37905222,-0.25706814 0.95079663 0.17292118,
  -0.64548887 0.30880388 0.69855872,-0.61781615 0.58750527 0.5226287,
  -0.48646932 0.80873345 0.33060218,-0.27353479 0.9508001 0.14545751,
  -0.71414985 0.30880388 0.62819595,-0.66846446 0.58750527 0.4560623,
  -0.51799722 0.80873345 0.27861996,-0.28707815 0.95080357 0.11644182,
  -0.77518079 0.30880388 0.5511215,-0.71197084 0.58750527 0.3846233,
  -0.5439908 0.80873345 0.22366094,-0.29755376 0.95080705 0.086184194,
  -0.82792964 0.30880388 0.46815881,-0.74787047 0.58750527 0.30907494,
  -0.56417233 0.80873345 0.16631231,-0.30484991 0.95081053 0.055007953,
  -0.87183283 0.30880388 0.38019428,-0.77577979 0.58750527 0.23022441,
  -0.5783262 0.80873345 0.10718679,-0.30888887 0.95081401 0.023246218,
  -0.90642128 0.30880388 0.28816772,-0.79540062 0.58750527 0.14891414,
  -0.58630119 0.80873345 0.046916071,-0.30962773 0.95081749 -0.0087616618,
  -0.93132545 0.30880388 0.19306236,-0.80652332 0.58750527 0.066012854,
  -0.58801209 0.80873345 -0.013855901,-0.30705881 0.95082098 -0.040673731,
  -0.94627927 0.30880388 0.095894302,-0.80902906 0.58750527 -0.017593715,
  -0.58344062 0.80873345 -0.074479835,-0.30120979 0.95082447 -0.07214908,
  -0.95112296 0.30880388 -0.002298298,-0.80289107 0.58750527 -0.10101231,
  -0.57263563 0.80873345 -0.13430802,-0.29214339 0.95082796 -0.10285149,
  -0.94580478 0.30880388 -0.10046634,-0.78817493 0.58750527 -0.18335168,
  -0.55571254 0.80873345 -0.19270125,-0.27995667 0.95083146 -0.13245302,
  -0.93038154 0.30880388 -0.197561,-0.76503787 0.58750527 -0.26373211,
  -0.53285219 0.80873345 -0.24903564,-0.26478005 0.95083496 -0.16063752,
  -0.90501804 0.30880388 -0.29254489,-0.73372707 0.58750527 -0.3412948,
  -0.50429879 0.80873345 -0.30270932,-0.24677586 0.95083846 -0.18710398,
  -0.86998525 0.30880388 -0.38440322,-0.69457708 0.58750527 -0.41521108,
  -0.47035743 0.80873345 -0.35314882,-0.22613665 0.95084196 -0.2115698,
  -0.82565747 0.30880388 -0.47215455,-0.64800618 0.58750527 -0.4846912,
  -0.43139073 0.80873345 -0.39981526,-0.20308307 0.95084547 -0.23377373,
  -0.77250829 0.30880388 -0.55486134,-0.59451192 0.58750527 -0.54899284,
  -0.38781502 0.80873345 -0.44221003,-0.17786158 0.95084898 -0.25347875,
  -0.71110558 0.30880388 -0.63163995,-0.53466585 0.58750527 -0.607429,
  -0.34009586 0.80873345 -0.4798802,-0.15074178 0.95085249 -0.2704745,
  -0.64210535 0.30880388 -0.70167006,-0.46910736 0.58750527 -0.65937534,
  -0.28874309 0.80873345 -0.51242329,-0.1220135 0.95085601 -0.28457961,
  -0.56624483 0.30880388 -0.76420348,-0.3985369 0.58750527 -0.70427686,
  -0.23430537 0.80873345 -0.53949161,-0.091983771 0.95085953 -0.29564361,
  -0.48433449 0.30880388 -0.81857209,-0.32370844 0.58750527 -0.74165384,
  -0.17736431 0.80873345 -0.56079596,-0.060973486 0.95086305 -0.3035485,
  -0.39724949 0.30880388 -0.86419501,-0.24542144 0.58750527 -0.77110692,
  -0.11852827 0.80873345 -0.57610872,-0.030418481 0.96027202 -0.27740288,
  -0.30592024 0.30880388 -0.90058479,-0.16451235 0.58750527 -0.79232143,
  -0.056218134 0.83868696 -0.54170445,-0.21132252 0.30880388 -0.92735266,
  -0.080214541 0.62940276 -0.77292806,-0.098182098 0.30875946 -0.94605913] }
}
}
DEF SHAPE_3 Shape {
 appearance DEF APP_2 Appearance {
  material Material {
   ambientIntensity 0.39843747
   diffuseColor 0.25098041 0.25098041 0.25098041
   emissiveColor 0 0 0
   shininess 0.1
   specularColor 0.12 0.12 0.12
   transparency 0
} }
 geometry DEF FACE_3 IndexedFaceSet {
  coord DEF COORD_3 Coordinate { point [
  0 0.39370079 -4.9311024,0 0 -4.9311024,
  0 0 4.9311024,-0.55210829 0 4.9000966,
  -1.0972735 0 4.8074693,-1.6286399 0 4.6543853,
  -2.1395251 0 4.4427697,-2.6235046 0 4.1752837,
  -3.074492 0 3.8552911,-3.4868159 0 3.4868159,
  -3.8552911 0 3.074492,-4.1752837 0 2.6235046,
  -4.4427697 0 2.1395251,-4.6543853 0 1.6286399,
  -4.8074693 0 1.0972735,-4.9000966 0 0.55210829,
  -4.9311024 0 0,-4.9000966 0 -0.55210829,
  -4.8074693 0 -1.0972735,-4.6543853 0 -1.6286399,
  -4.4427697 0 -2.1395251,-4.1752837 0 -2.6235046,
  -3.8552911 0 -3.074492,-3.4868159 0 -3.4868159,
  -3.074492 0 -3.8552911,-2.6235046 0 -4.1752837,
  -2.1395251 0 -4.4427697,-1.6286399 0 -4.6543853,
  -1.0972735 0 -4.8074693,-0.55210829 0 -4.9000966,
  0 0.39370079 4.9311024,-0.55210829 0.39370079 4.9000966,
  -1.0972735 0.39370079 4.8074693,-1.6286399 0.39370079 4.6543853,
  -2.1395251 0.39370079 4.4427697,-2.6235046 0.39370079 4.1752837,
  -3.074492 0.39370079 3.8552911,-3.4868159 0.39370079 3.4868159,
  -3.8552911 0.39370079 3.074492,-4.1752837 0.39370079 2.6235046,
  -4.4427697 0.39370079 2.1395251,-4.6543853 0.39370079 1.6286399,
  -4.8074693 0.39370079 1.0972735,-4.9000966 0.39370079 0.55210829,
  -4.9311024 0.39370079 0,-4.9000966 0.39370079 -0.55210829,
  -4.8074693 0.39370079 -1.0972735,-4.6543853 0.39370079 -1.6286399,
  -4.4427697 0.39370079 -2.1395251,-4.1752837 0.39370079 -2.6235046,
  -3.8552911 0.39370079 -3.074492,-3.4868159 0.39370079 -3.4868159,
  -3.074492 0.39370079 -3.8552911,-2.6235046 0.39370079 -4.1752837,
  -2.1395251 0.39370079 -4.4427697,-1.6286399 0.39370079 -4.6543853,
  -1.0972735 0.39370079 -4.8074693,-0.55210829 0.39370079 -4.9000966] }
 coordIndex [
  19,47,46,-1,20,47,19,-1,20,48,47,-1,21,48,20,-1,21,49,48,-1,3,30,2,-1,3,31,30,-1,22,49,21,-1,
  22,50,49,-1,4,32,31,-1,4,31,3,-1,23,50,22,-1,23,51,50,-1,5,33,32,-1,5,32,4,-1,24,51,23,-1,
  24,52,51,-1,6,34,33,-1,6,33,5,-1,25,52,24,-1,25,53,52,-1,7,35,34,-1,7,34,6,-1,26,54,53,-1,
  26,53,25,-1,8,36,35,-1,27,55,54,-1,8,35,7,-1,27,54,26,-1,9,37,36,-1,28,56,55,-1,9,36,8,-1,
  28,55,27,-1,29,57,56,-1,10,38,37,-1,29,56,28,-1,10,37,9,-1,1,57,29,-1,1,0,57,-1,11,39,38,-1,
  11,38,10,-1,12,40,39,-1,12,39,11,-1,13,40,12,-1,13,41,40,-1,14,41,13,-1,14,42,41,-1,15,42,14,-1,
  15,43,42,-1,16,43,15,-1,16,44,43,-1,17,44,16,-1,17,45,44,-1,18,45,17,-1,18,46,45,-1,19,46,18,-1]
  normalPerVertex TRUE
  normal DEF NORM_3 Normal { vector [
  0.056070447 0 0.99842682,0.056070447 0 0.99842682,
  0.056070447 0 -0.99842682,0.093346229 0 -0.99563371,
  0.20423489 0 -0.97892191,0.31255519 0 -0.9498996,
  0.41694492 0 -0.90893176,0.51609132 0 -0.85653356,
  0.60874758 0 -0.79336397,0.69374848 0 -0.72021736,
  0.7700251 0 -0.6380136,0.8366182 0 -0.54778644,
  0.89269034 0 -0.45067056,0.93753639 0 -0.34788723,
  0.97059237 0 -0.24072902,0.99144258 0 -0.1305435,
  0.99982483 0 -0.018716319,0.99563371 0 0.093346229,
  0.97892191 0 0.20423489,0.9498996 0 0.31255519,
  0.90893176 0 0.41694492,0.85653356 0 0.51609132,
  0.79336397 0 0.60874758,0.72021736 0 0.69374848,
  0.6380136 0 0.7700251,0.54778644 0 0.8366182,
  0.45067056 0 0.89269034,0.34788723 0 0.93753639,
  0.24072902 0 0.97059237,0.1305435 0 0.99144258,
  0.056070447 0 -0.99842682,0.1305435 0 -0.99144258,
  0.24072902 0 -0.97059237,0.34788723 0 -0.93753639,
  0.45067056 0 -0.89269034,0.54778644 0 -0.8366182,
  0.6380136 0 -0.7700251,0.72021736 0 -0.69374848,
  0.79336397 0 -0.60874758,0.85653356 0 -0.51609132,
  0.90893176 0 -0.41694492,0.9498996 0 -0.31255519,
  0.97892191 0 -0.20423489,0.99563371 0 -0.093346229,
  0.99982483 0 0.018716319,0.99144258 0 0.1305435,
  0.97059237 0 0.24072902,0.93753639 0 0.34788723,
  0.89269034 0 0.45067056,0.8366182 0 0.54778644,
  0.7700251 0 0.6380136,0.69374848 0 0.72021736,
  0.60874758 0 0.79336397,0.51609132 0 0.85653356,
  0.41694492 0 0.90893176,0.31255519 0 0.9498996,
  0.20423489 0 0.97892191,0.093346229 0 0.99563371] }
}
}
DEF SHAPE_4 Shape {
 appearance USE APP_2
 geometry DEF FACE_4 IndexedFaceSet {
  coord DEF COORD_4 Coordinate { point [
  0.21653543 0.86614173 5.2415923,0 0.86614173 5.246063,
  0.14437974 0.86614173 5.2440758,0.072196709 0.86614173 5.2455662,
  0 0 5.246063,0 0 -5.246063,
  0.5483629 0 -5.2173245,1.0907178 0 -5.1314239,
  1.6211226 0 -4.9893024,2.1337661 0 -4.792517,
  2.6230315 0 -4.5432238,3.0835585 0 -4.2441541,
  3.5103013 0 -3.8985846,3.8985846 0 -3.5103013,
  4.2441541 0 -3.0835585,4.5432238 0 -2.6230315,
  4.792517 0 -2.1337661,4.9893024 0 -1.6211226,
  5.1314239 0 -1.0907178,5.2173245 0 -0.5483629,
  5.246063 0 0,5.2173245 0 0.5483629,
  5.1314239 0 1.0907178,4.9893024 0 1.6211226,
  4.792517 0 2.1337661,4.5432238 0 2.6230315,
  4.2441541 0 3.0835585,3.8985846 0 3.5103013,
  3.5103013 0 3.8985846,3.0835585 0 4.2441541,
  2.6230315 0 4.5432238,2.1337661 0 4.792517,
  1.6211226 0 4.9893024,1.0907178 0 5.1314239,
  0.5483629 0 5.2173245,0 0.19685039 -5.246063,
  0.21653543 0.19685039 5.2415923,0.54118204 0.19685039 -5.2180743,
  1.0765895 0.19685039 -5.1344067,1.6005093 0.19685039 -4.9959531,
  2.107351 0.19685039 -4.8041907,2.5917066 0.19685039 -4.5611659,
  3.0484076 0.19685039 -4.2694716,3.472581 0.19685039 -3.9322205,
  3.8597006 0.19685039 -3.5530111,4.2056358 0.19685039 -3.1358898,
  4.5066952 0.19685039 -2.6853073,4.7596665 0.19685039 -2.2060715,
  4.9618504 0.19685039 -1.7032962,5.1110894 0.19685039 -1.182346,
  5.2057912 0.19685039 -0.64877976,5.2449452 0.19685039 -0.10829079,
  5.2281337 0.19685039 0.43335369,5.155536 0.19685039 0.97037412,
  5.0279267 0.19685039 1.4970403,4.8466676 0.19685039 2.0077325,
  4.6136928 0.19685039 2.4970014,4.331488 0.19685039 2.9596264,
  4.0030647 0.19685039 3.390671,3.6319272 0.19685039 3.7855359,
  3.2220356 0.19685039 4.1400077,2.7777636 0.19685039 4.450304,
  2.3038519 0.19685039 4.713114,1.8053572 0.19685039 4.9256332,
  1.2875987 0.19685039 5.085594,0.75610101 0.19685039 5.1912896] }
 coordIndex [
  27,26,58,-1,59,27,58,-1,28,27,59,-1,37,5,35,-1,60,28,59,-1,29,28,60,-1,6,5,37,-1,61,29,60,-1,
  38,6,37,-1,30,29,61,-1,62,30,61,-1,7,6,38,-1,31,30,62,-1,39,7,38,-1,63,31,62,-1,8,7,39,-1,
  40,8,39,-1,9,8,40,-1,41,9,40,-1,10,9,41,-1,42,10,41,-1,11,10,42,-1,43,11,42,-1,32,31,63,-1,
  12,11,43,-1,44,12,43,-1,64,32,63,-1,13,12,44,-1,45,13,44,-1,14,13,45,-1,33,64,65,-1,46,14,45,-1,
  33,32,64,-1,15,14,46,-1,36,0,2,-1,36,2,3,-1,36,3,1,-1,47,15,46,-1,34,65,36,-1,16,15,47,-1,
  34,33,65,-1,48,16,47,-1,4,36,1,-1,4,34,36,-1,17,16,48,-1,49,17,48,-1,18,17,49,-1,50,18,49,-1,
  19,18,50,-1,51,19,50,-1,20,19,51,-1,52,20,51,-1,21,20,52,-1,53,21,52,-1,22,21,53,-1,54,22,53,-1,
  23,22,54,-1,55,23,54,-1,24,23,55,-1,56,24,55,-1,25,24,56,-1,57,25,56,-1,26,25,57,-1,58,26,57,-1]
  normalPerVertex TRUE
  normal DEF NORM_4 Normal { vector [
  0.034399484 0 0.99940816,0.017823885 -0.00091219853 0.99984073,
  0.027521535 -0.00074229502 0.99962094,0.013762014 -0.0029690272 0.99990089,
  0.03222973 -0.012754985 0.9993991,0.051994609 -0.00095342202 -0.99864691,
  0.12105348 -0.0012697327 -0.99264517,0.22370634 -0.0018873372 -0.97465477,
  0.32392914 -0.002487801 -0.94607807,0.42063327 -0.0030711242 -0.90722556,
  0.51276832 -0.0036373067 -0.85851932,0.59933355 -0.0041863487 -0.80048846,
  0.67938873 -0.0047182503 -0.73376337,0.75206437 -0.0052330117 -0.65906888,
  0.81657114 -0.0057306333 -0.57721637,0.87220843 -0.0062111154 -0.48909495,
  0.91837203 -0.0066744584 -0.39566181,0.95456059 -0.0071206628 -0.29793182,
  0.98038115 -0.0075497291 -0.19696651,0.99555333 -0.0079616577 -0.093862539,
  0.99991244 -0.0083564493 0.010260234,0.99341123 -0.0087341044 0.11427089,
  0.9761204 -0.0090946234 0.21703975,0.94822783 -0.0094380072 0.31745064,
  0.91003655 -0.0097642561 0.414413,0.86196145 -0.010073371 0.50687374,
  0.80452474 -0.010365352 0.59382868,0.73835031 -0.0106402 0.67433345,
  0.66415694 -0.010897915 0.74751374,0.58275049 -0.011138499 0.8125748,
  0.49501515 -0.011361951 0.86881005,0.40190383 -0.011568272 0.91560881,
  0.30442782 -0.011757462 0.95246284,0.20364582 -0.011929523 0.97897194,
  0.1006524 -0.012084454 0.99484826,0.051648762 0 -0.99866531,
  0.040987039 -0.0008417076 0.99915932,0.086078639 -1.6748664e-05 -0.99628835,
  0.18885089 0.00058773517 -0.9820056,0.28958982 0.0011756732 -0.95715012,
  0.38721077 0.0017470652 -0.92198957,0.48066266 0.0023019112 -0.87690256,
  0.56893933 0.0028402111 -0.8223746,0.65109032 0.003361965 -0.75899281,
  0.72623119 0.0038671732 -0.68743967,0.79355295 0.0043558358 -0.60848562,
  0.85233081 0.004827953 -0.52298076,0.901932 0.0052835252 -0.43184574,
  0.94182255 0.0057225527 -0.33606179,0.97157305 0.0061450359 -0.2366602,
  0.99086325 0.0065509753 -0.13471118,0.99948555 0.0069403712 -0.031312357,
  0.99734719 0.0073132242 0.072423034,0.98447127 0.0076695347 0.17537816,
  0.96099648 0.0080093032 0.2764446,0.92717563 0.0083325303 0.37453428,
  0.8833729 0.0086392163 0.46859117,0.83005993 0.0089293618 0.5576027,
  0.76781076 0.0092029674 0.6406106,0.6972956 0.0094600334 0.71672125,
  0.61927366 0.0097005603 0.7851153,0.53458495 0.0099245487 0.84505647,
  0.44414126 0.010131999 0.89589949,0.34891629 0.010322911 0.93709704,
  0.24993525 0.010497287 0.96820565,0.14826375 0.010655125 0.98889045] }
}
}
DEF SHAPE_5 Shape {
 appearance USE APP_1
 geometry DEF FACE_5 IndexedFaceSet {
  coord DEF COORD_5 Coordinate { point [
  0 1.1023622 -4.980315,0 1.1023622 4.980315,
  0.55761836 1.1023622 -4.9489998,1.1082243 1.1023622 -4.8554481,
  1.6448938 1.1023622 -4.7008363,2.1608777 1.1023622 -4.4871087,
  2.6496873 1.1023622 -4.2169532,3.1051756 1.1023622 -3.893767,
  3.5216145 1.1023622 -3.5216145,3.893767 1.1023622 -3.1051756,
  4.2169532 1.1023622 -2.6496873,4.4871087 1.1023622 -2.1608777,
  4.7008363 1.1023622 -1.6448938,4.8554481 1.1023622 -1.1082243,
  4.9489998 1.1023622 -0.55761836,4.980315 1.1023622 0,
  4.9489998 1.1023622 0.55761836,4.8554481 1.1023622 1.1082243,
  4.7008363 1.1023622 1.6448938,4.4871087 1.1023622 2.1608777,
  4.2169532 1.1023622 2.6496873,3.893767 1.1023622 3.1051756,
  3.5216145 1.1023622 3.5216145,3.1051756 1.1023622 3.893767,
  2.6496873 1.1023622 4.2169532,2.1608777 1.1023622 4.4871087,
  1.6448938 1.1023622 4.7008363,1.1082243 1.1023622 4.8554481,
  0.55761836 1.1023622 4.9489998,0 0.86614173 4.980315,
  0 0.86614173 -4.980315,0.55761836 0.86614173 -4.9489998,
  1.1082243 0.86614173 -4.8554481,1.6448938 0.86614173 -4.7008363,
  2.1608777 0.86614173 -4.4871087,2.6496873 0.86614173 -4.2169532,
  3.1051756 0.86614173 -3.893767,3.5216145 0.86614173 -3.5216145,
  3.893767 0.86614173 -3.1051756,4.2169532 0.86614173 -2.6496873,
  4.4871087 0.86614173 -2.1608777,4.7008363 0.86614173 -1.6448938,
  4.8554481 0.86614173 -1.1082243,4.9489998 0.86614173 -0.55761836,
  4.980315 0.86614173 0,4.9489998 0.86614173 0.55761836,
  4.8554481 0.86614173 1.1082243,4.7008363 0.86614173 1.6448938,
  4.4871087 0.86614173 2.1608777,4.2169532 0.86614173 2.6496873,
  3.893767 0.86614173 3.1051756,3.5216145 0.86614173 3.5216145,
  3.1051756 0.86614173 3.893767,2.6496873 0.86614173 4.2169532,
  2.1608777 0.86614173 4.4871087,1.6448938 0.86614173 4.7008363,
  1.1082243 0.86614173 4.8554481,0.55761836 0.86614173 4.9489998] }
 coordIndex [
  47,46,17,-1,48,18,19,-1,48,47,18,-1,49,19,20,-1,49,48,19,-1,31,0,2,-1,31,30,0,-1,50,20,21,-1,
  50,49,20,-1,32,2,3,-1,32,31,2,-1,51,21,22,-1,51,50,21,-1,33,3,4,-1,33,32,3,-1,52,22,23,-1,
  52,51,22,-1,34,4,5,-1,34,33,4,-1,53,23,24,-1,53,52,23,-1,35,5,6,-1,35,34,5,-1,54,24,25,-1,
  54,53,24,-1,36,6,7,-1,55,25,26,-1,36,35,6,-1,55,54,25,-1,37,7,8,-1,56,26,27,-1,37,36,7,-1,
  56,55,26,-1,57,27,28,-1,38,8,9,-1,57,56,27,-1,38,37,8,-1,29,57,28,-1,29,28,1,-1,39,9,10,-1,
  39,38,9,-1,40,10,11,-1,40,39,10,-1,41,40,11,-1,41,11,12,-1,42,12,13,-1,42,41,12,-1,43,13,14,-1,
  43,42,13,-1,44,14,15,-1,44,43,14,-1,45,15,16,-1,45,44,15,-1,46,16,17,-1,46,45,16,-1,47,17,18,-1]
  normalPerVertex TRUE
  normal DEF NORM_5 Normal { vector [
  0.056070447 0 -0.99842682,0.056070447 0 0.99842682,
  0.1305435 0 -0.99144258,0.24072902 0 -0.97059237,
  0.34788723 0 -0.93753639,0.45067056 0 -0.89269034,
  0.54778644 0 -0.8366182,0.6380136 0 -0.7700251,
  0.72021736 0 -0.69374848,0.79336397 0 -0.60874758,
  0.85653356 0 -0.51609132,0.90893176 0 -0.41694492,
  0.9498996 0 -0.31255519,0.97892191 0 -0.20423489,
  0.99563371 0 -0.093346229,0.99982483 0 0.018716319,
  0.99144258 0 0.1305435,0.97059237 0 0.24072902,
  0.93753639 0 0.34788723,0.89269034 0 0.45067056,
  0.8366182 0 0.54778644,0.7700251 0 0.6380136,
  0.69374848 0 0.72021736,0.60874758 0 0.79336397,
  0.51609132 0 0.85653356,0.41694492 0 0.90893176,
  0.31255519 0 0.9498996,0.20423489 0 0.97892191,
  0.093346229 0 0.99563371,0.056070447 0 0.99842682,
  0.056070447 0 -0.99842682,0.093346229 0 -0.99563371,
  0.20423489 0 -0.97892191,0.31255519 0 -0.9498996,
  0.41694492 0 -0.90893176,0.51609132 0 -0.85653356,
  0.60874758 0 -0.79336397,0.69374848 0 -0.72021736,
  0.7700251 0 -0.6380136,0.8366182 0 -0.54778644,
  0.89269034 0 -0.45067056,0.93753639 0 -0.34788723,
  0.97059237 0 -0.24072902,0.99144258 0 -0.1305435,
  0.99982483 0 -0.018716319,0.99563371 0 0.093346229,
  0.97892191 0 0.20423489,0.9498996 0 0.31255519,
  0.90893176 0 0.41694492,0.85653356 0 0.51609132,
  0.79336397 0 0.60874758,0.72021736 0 0.69374848,
  0.6380136 0 0.7700251,0.54778644 0 0.8366182,
  0.45067056 0 0.89269034,0.34788723 0 0.93753639,
  0.24072902 0 0.97059237,0.1305435 0 0.99144258] }
}
}
DEF SHAPE_6 Shape {
 appearance USE APP_1
 geometry DEF FACE_6 IndexedFaceSet {
  coord DEF COORD_6 Coordinate { point [
  0 1.2992126 -4.7834646,0 1.2992126 4.7834646,
  0.5355781 1.2992126 -4.7533871,1.064421 1.2992126 -4.6635331,
  1.5798782 1.2992126 -4.5150325,2.0754675 1.2992126 -4.3097527,
  2.5449566 1.2992126 -4.0502752,2.9824414 1.2992126 -3.7398632,
  3.3824202 1.2992126 -3.3824202,3.7398632 1.2992126 -2.9824414,
  4.0502752 1.2992126 -2.5449566,4.3097527 1.2992126 -2.0754675,
  4.5150325 1.2992126 -1.5798782,4.6635331 1.2992126 -1.064421,
  4.7533871 1.2992126 -0.5355781,4.7834646 1.2992126 0,
  4.7533871 1.2992126 0.5355781,4.6635331 1.2992126 1.064421,
  4.5150325 1.2992126 1.5798782,4.3097527 1.2992126 2.0754675,
  4.0502752 1.2992126 2.5449566,3.7398632 1.2992126 2.9824414,
  3.3824202 1.2992126 3.3824202,2.9824414 1.2992126 3.7398632,
  2.5449566 1.2992126 4.0502752,2.0754675 1.2992126 4.3097527,
  1.5798782 1.2992126 4.5150325,1.064421 1.2992126 4.6635331,
  0.5355781 1.2992126 4.7533871,0 1.1023622 4.980315,
  0 1.2895781 4.8442947,0 1.2616175 4.8991703,
  0 1.218068 4.9427199,0 1.1631923 4.9706804,
  0 1.1023622 -4.980315,0.55761836 1.1023622 -4.9489998,
  1.1082243 1.1023622 -4.8554481,1.6448938 1.1023622 -4.7008363,
  2.1608777 1.1023622 -4.4871087,2.6496873 1.1023622 -4.2169532,
  3.1051756 1.1023622 -3.893767,3.5216145 1.1023622 -3.5216145,
  3.893767 1.1023622 -3.1051756,4.2169532 1.1023622 -2.6496873,
  4.4871087 1.1023622 -2.1608777,4.7008363 1.1023622 -1.6448938,
  4.8554481 1.1023622 -1.1082243,4.9489998 1.1023622 -0.55761836,
  4.980315 1.1023622 0,4.9489998 1.1023622 0.55761836,
  4.8554481 1.1023622 1.1082243,4.7008363 1.1023622 1.6448938,
  4.4871087 1.1023622 2.1608777,4.2169532 1.1023622 2.6496873,
  3.893767 1.1023622 3.1051756,3.5216145 1.1023622 3.5216145,
  3.1051756 1.1023622 3.893767,2.6496873 1.1023622 4.2169532,
  2.1608777 1.1023622 4.4871087,1.6448938 1.1023622 4.7008363,
  1.1082243 1.1023622 4.8554481,0.55761836 1.1023622 4.9489998,
  0 1.2895781 -4.8442947,0 1.2616175 -4.8991703,
  0 1.218068 -4.9427199,0 1.1631923 -4.9706804,
  0.54238892 1.2895781 -4.8138348,0.54853304 1.2616175 -4.8683654,
  1.077957 1.2895781 -4.7228381,0.55340904 1.218068 -4.9116411,
  1.090168 1.2616175 -4.7763379,1.5999691 1.2895781 -4.572449,
  0.55653963 1.1631923 -4.9394258,1.0998586 1.218068 -4.8187956,
  1.6180934 1.2616175 -4.6242452,2.1018607 1.2895781 -4.3645587,
  1.1060804 1.1631923 -4.8460551,1.6324769 1.218068 -4.6653509,
  2.1256703 1.2616175 -4.4139999,2.5773202 1.2895781 -4.1017815,
  1.6417117 1.1631923 -4.6917424,2.1445658 1.218068 -4.4532367,
  2.6065158 1.2616175 -4.1482461,3.0203683 1.2895781 -3.7874221,
  2.1566974 1.1631923 -4.4784283,2.6296855 1.218068 -4.1851205,
  3.0545827 1.2616175 -3.8303256,3.4254336 1.2895781 -3.4254336,
  2.6445614 1.1631923 -4.2087954,3.0817354 1.218068 -3.864374,
  3.4642366 1.2616175 -3.4642366,3.7874221 1.2895781 -3.0203683,
  3.0991685 1.1631923 -3.8862344,3.4950307 1.218068 -3.4950307,
  3.8303256 1.2616175 -3.0545827,4.1017815 1.2895781 -2.5773202,
  3.5148018 1.1631923 -3.5148018,3.864374 1.218068 -3.0817354,
  4.1482461 1.2616175 -2.6065158,4.3645587 1.2895781 -2.1018607,
  3.8862344 1.1631923 -3.0991685,4.1851205 1.218068 -2.6296855,
  4.4139999 1.2616175 -2.1256703,4.572449 1.2895781 -1.5999691,
  4.2087954 1.1631923 -2.6445614,4.4532367 1.218068 -2.1445658,
  4.6242452 1.2616175 -1.6180934,4.7228381 1.2895781 -1.077957,
  4.4784283 1.1631923 -2.1566974,4.6653509 1.218068 -1.6324769,
  4.7763379 1.2616175 -1.090168,4.8138348 1.2895781 -0.54238892,
  4.6917424 1.1631923 -1.6417117,4.8187956 1.218068 -1.0998586,
  4.8683654 1.2616175 -0.54853304,4.8442947 1.2895781 0,
  4.8460551 1.1631923 -1.1060804,4.9116411 1.218068 -0.55340904,
  4.8991703 1.2616175 0,4.8138348 1.2895781 0.54238892,
  4.9394258 1.1631923 -0.55653963,4.9427199 1.218068 0,
  4.8683654 1.2616175 0.54853304,4.7228381 1.2895781 1.077957,
  4.9706804 1.1631923 0,4.9116411 1.218068 0.55340904,
  4.7763379 1.2616175 1.090168,4.572449 1.2895781 1.5999691,
  4.9394258 1.1631923 0.55653963,4.8187956 1.218068 1.0998586,
  4.6242452 1.2616175 1.6180934,4.3645587 1.2895781 2.1018607,
  4.8460551 1.1631923 1.1060804,4.6653509 1.218068 1.6324769,
  4.4139999 1.2616175 2.1256703,4.1017815 1.2895781 2.5773202,
  4.6917424 1.1631923 1.6417117,4.4532367 1.218068 2.1445658,
  4.1482461 1.2616175 2.6065158,3.7874221 1.2895781 3.0203683,
  4.4784283 1.1631923 2.1566974,4.1851205 1.218068 2.6296855,
  3.8303256 1.2616175 3.0545827,3.4254336 1.2895781 3.4254336,
  4.2087954 1.1631923 2.6445614,3.864374 1.218068 3.0817354,
  3.4642366 1.2616175 3.4642366,3.0203683 1.2895781 3.7874221,
  3.8862344 1.1631923 3.0991685,3.4950307 1.218068 3.4950307,
  3.0545827 1.2616175 3.8303256,2.5773202 1.2895781 4.1017815,
  3.5148018 1.1631923 3.5148018,3.0817354 1.218068 3.864374,
  2.6065158 1.2616175 4.1482461,2.1018607 1.2895781 4.3645587,
  3.0991685 1.1631923 3.8862344,2.6296855 1.218068 4.1851205,
  2.1256703 1.2616175 4.4139999,1.5999691 1.2895781 4.572449,
  2.6445614 1.1631923 4.2087954,2.1445658 1.218068 4.4532367,
  1.6180934 1.2616175 4.6242452,1.077957 1.2895781 4.7228381,
  2.1566974 1.1631923 4.4784283,1.6324769 1.218068 4.6653509,
  1.090168 1.2616175 4.7763379,0.54238892 1.2895781 4.8138348,
  1.6417117 1.1631923 4.6917424,1.0998586 1.218068 4.8187956,
  0.54853304 1.2616175 4.8683654,1.1060804 1.1631923 4.8460551,
  0.55340904 1.218068 4.9116411,0.55653963 1.1631923 4.9394258] }
 coordIndex [
  143,139,21,-1,144,52,140,-1,144,140,137,-1,144,53,52,-1,144,137,141,-1,145,141,138,-1,145,138,142,-1,146,142,139,-1,
  146,139,143,-1,147,22,23,-1,147,143,22,-1,148,141,145,-1,148,54,53,-1,148,144,141,-1,148,53,144,-1,149,142,146,-1,
  149,145,142,-1,150,143,147,-1,150,146,143,-1,151,23,24,-1,151,147,23,-1,152,55,54,-1,152,54,148,-1,152,148,145,-1,
  152,145,149,-1,153,149,146,-1,153,146,150,-1,154,150,147,-1,154,147,151,-1,155,24,25,-1,155,151,24,-1,156,56,55,-1,
  156,55,152,-1,156,149,153,-1,156,152,149,-1,157,150,154,-1,157,153,150,-1,158,154,151,-1,158,151,155,-1,159,25,26,-1,
  159,155,25,-1,160,153,157,-1,160,57,56,-1,160,56,156,-1,160,156,153,-1,161,157,154,-1,161,154,158,-1,162,158,155,-1,
  162,155,159,-1,163,26,27,-1,163,159,26,-1,164,58,57,-1,164,57,160,-1,164,160,157,-1,164,157,161,-1,165,158,162,-1,
  165,161,158,-1,166,162,159,-1,166,159,163,-1,167,163,27,-1,167,27,28,-1,167,28,1,-1,167,1,30,-1,168,58,164,-1,
  168,164,161,-1,168,59,58,-1,168,161,165,-1,169,162,166,-1,169,165,162,-1,170,163,167,-1,170,30,31,-1,170,167,30,-1,
  170,166,163,-1,171,165,169,-1,171,168,165,-1,171,59,168,-1,171,60,59,-1,172,169,166,-1,172,31,32,-1,172,170,31,-1,
  172,166,170,-1,173,169,172,-1,173,32,33,-1,173,33,29,-1,173,171,169,-1,173,172,32,-1,173,60,171,-1,173,61,60,-1,
  173,29,61,-1,66,0,2,-1,66,62,0,-1,67,63,62,-1,67,62,66,-1,68,2,3,-1,68,66,2,-1,69,63,67,-1,
  69,64,63,-1,70,67,66,-1,70,66,68,-1,71,3,4,-1,71,68,3,-1,72,35,34,-1,72,65,64,-1,72,34,65,-1,
  72,64,69,-1,73,67,70,-1,73,69,67,-1,74,70,68,-1,74,68,71,-1,75,4,5,-1,75,71,4,-1,76,36,35,-1,
  76,72,69,-1,76,69,73,-1,76,35,72,-1,77,73,70,-1,77,70,74,-1,78,71,75,-1,78,74,71,-1,79,5,6,-1,
  79,75,5,-1,80,36,76,-1,80,37,36,-1,80,76,73,-1,80,73,77,-1,81,77,74,-1,81,74,78,-1,82,75,79,-1,
  82,78,75,-1,83,6,7,-1,83,79,6,-1,84,77,81,-1,84,38,37,-1,84,80,77,-1,84,37,80,-1,85,78,82,-1,
  85,81,78,-1,86,82,79,-1,86,79,83,-1,87,7,8,-1,87,83,7,-1,88,38,84,-1,88,39,38,-1,88,84,81,-1,
  88,81,85,-1,89,85,82,-1,89,82,86,-1,90,86,83,-1,90,83,87,-1,91,8,9,-1,91,87,8,-1,92,88,85,-1,
  92,39,88,-1,92,40,39,-1,92,85,89,-1,93,86,90,-1,93,89,86,-1,94,90,87,-1,94,87,91,-1,95,9,10,-1,
  95,91,9,-1,96,40,92,-1,96,92,89,-1,96,89,93,-1,96,41,40,-1,97,90,94,-1,97,93,90,-1,98,94,91,-1,
  98,91,95,-1,99,10,11,-1,99,95,10,-1,100,96,93,-1,100,41,96,-1,100,42,41,-1,100,93,97,-1,101,94,98,-1,
  101,97,94,-1,102,98,95,-1,102,95,99,-1,103,11,12,-1,103,99,11,-1,104,100,97,-1,104,97,101,-1,104,42,100,-1,
  104,43,42,-1,105,101,98,-1,105,98,102,-1,106,99,103,-1,106,102,99,-1,107,12,13,-1,107,103,12,-1,108,101,105,-1,
  108,104,101,-1,108,44,43,-1,108,43,104,-1,109,102,106,-1,109,105,102,-1,110,103,107,-1,110,106,103,-1,111,13,14,-1,
  111,107,13,-1,112,44,108,-1,112,45,44,-1,112,108,105,-1,112,105,109,-1,113,106,110,-1,113,109,106,-1,114,107,111,-1,
  114,110,107,-1,115,14,15,-1,115,111,14,-1,116,46,45,-1,116,45,112,-1,116,112,109,-1,116,109,113,-1,117,113,110,-1,
  117,110,114,-1,118,114,111,-1,118,111,115,-1,119,15,16,-1,119,115,15,-1,120,47,46,-1,120,46,116,-1,120,116,113,-1,
  120,113,117,-1,121,117,114,-1,121,114,118,-1,122,118,115,-1,122,115,119,-1,123,16,17,-1,123,119,16,-1,124,48,47,-1,
  124,120,117,-1,124,47,120,-1,124,117,121,-1,125,121,118,-1,125,118,122,-1,126,122,119,-1,126,119,123,-1,127,17,18,-1,
  127,123,17,-1,128,124,121,-1,128,49,48,-1,128,121,125,-1,128,48,124,-1,129,122,126,-1,129,125,122,-1,130,126,123,-1,
  130,123,127,-1,131,18,19,-1,131,127,18,-1,132,49,128,-1,132,128,125,-1,132,125,129,-1,132,50,49,-1,133,129,126,-1,
  133,126,130,-1,134,130,127,-1,134,127,131,-1,135,19,20,-1,135,131,19,-1,136,132,129,-1,136,129,133,-1,136,50,132,-1,
  136,51,50,-1,137,130,134,-1,137,133,130,-1,138,131,135,-1,138,134,131,-1,139,135,20,-1,139,20,21,-1,140,136,133,-1,
  140,51,136,-1,140,52,51,-1,140,133,137,-1,141,134,138,-1,141,137,134,-1,142,135,139,-1,142,138,135,-1,143,21,22,-1]
  normalPerVertex TRUE
  normal DEF NORM_6 Normal { vector [
  0.0087848321 0.98765023 -0.15642843,0.0087848321 0.98765023 0.15642843,
  0.020449557 0.98768403 -0.15511952,0.03768885 0.98768403 -0.15185454,
  0.054454184 0.98768403 -0.14667989,0.070534725 0.98768403 -0.13966067,
  0.085728251 0.98768403 -0.13088513,0.099843694 0.98768403 -0.12046363,
  0.11270355 0.98768403 -0.10852723,0.12414608 0.98768403 -0.095226042,
  0.13402741 0.98768403 -0.08072733,0.14222327 0.98768403 -0.065213424,
  0.14863059 0.98768403 -0.048879422,0.15316879 0.98768403 -0.031930733,
  0.1557808 0.98768403 -0.014580496,0.15643378 0.98768403 0.0029530991,
  0.15511952 0.98768403 0.020449557,0.15185454 0.98768403 0.03768885,
  0.14667989 0.98768403 0.054454184,0.13966067 0.98768403 0.070534725,
  0.13088513 0.98768403 0.085728251,0.12046363 0.98768403 0.099843694,
  0.10852723 0.98768403 0.11270355,0.095226042 0.98768403 0.12414608,
  0.08072733 0.98768403 0.13402741,0.065213424 0.98768403 0.14222327,
  0.048879422 0.98768403 0.14863059,0.031930733 0.98768403 0.15316879,
  0.017515103 0.98768834 0.15545084,0.055382257 0.15619437 0.98617246,
  0.020162409 0.93311015 0.35902495,0.03535018 0.77622166 0.62946827,
  0.047064376 0.54354605 0.83805885,0.053334171 0.30857718 0.9497029,
  0.055382257 0.15619437 -0.98617246,0.12891319 0.1564078 -0.97924358,
  0.23774311 0.1564078 -0.9586526,0.34358327 0.1564078 -0.92600601,
  0.44510267 0.1564078 -0.88171436,0.54102464 0.1564078 -0.82633464,
  0.63014292 0.1564078 -0.76056328,0.71133678 0.1564078 -0.6852274,
  0.78358517 0.1564078 -0.60127438,0.84597952 0.1564078 -0.50975999,
  0.89773519 0.1564078 -0.41183507,0.93820132 0.1564078 -0.30873109,
  0.96686902 0.1564078 -0.20174464,0.98337778 0.1564078 -0.092221124,
  0.98752 0.1564078 0.018462121,0.97924358 0.1564078 0.12891319,
  0.9586526 0.1564078 0.23774311,0.92600601 0.1564078 0.34358327,
  0.88171436 0.1564078 0.44510267,0.82633464 0.1564078 0.54102464,
  0.76056328 0.1564078 0.63014292,0.6852274 0.1564078 0.71133678,
  0.60127438 0.1564078 0.78358517,0.50975999 0.1564078 0.84597952,
  0.41183507 0.1564078 0.89773519,0.30873109 0.1564078 0.93820132,
  0.20174464 0.1564078 0.96686902,0.11058601 0.15643447 0.98147796,
  0.020162409 0.93311015 -0.35902495,0.03535018 0.77622166 -0.62946827,
  0.047064376 0.54354605 -0.83805885,0.053334171 0.30857718 -0.9497029,
  0.03753548 0.95085749 -0.30734529,0.068350503 0.8087025 -0.58423324,
  0.071711219 0.95085749 -0.30121013,0.092445009 0.58747507 -0.80394463,
  0.1333341 0.8087025 -0.57290687,0.10498515 0.95085749 -0.29128707,
  0.088804269 0.30877816 -0.94697933,0.18187697 0.58747507 -0.78853904,
  0.19664094 0.8087025 -0.55437587,0.13693883 0.95085749 -0.27770091,
  0.19427393 0.30877816 -0.931082,0.26902173 0.58747507 -0.76321711,
  0.25747491 0.8087025 -0.52887327,0.16717042 0.95085749 -0.2606225,
  0.29730049 0.30877816 -0.90347577,0.35278338 0.58747507 -0.72829728,
  0.31507098 0.8087025 -0.49671979,0.19529975 0.95085749 -0.24026661,
  0.39658831 0.30877816 -0.86450781,0.43210858 0.58747507 -0.6842187,
  0.36870485 0.8087025 -0.45831976,0.22097307 0.95085749 -0.21688923,
  0.49088881 0.30877816 -0.81466817,0.50599976 0.58747507 -0.63153566,
  0.41770204 0.8087025 -0.4141561,0.24386753 0.95085749 -0.19078435,
  0.5790161 0.30877816 -0.75458359,0.57352769 0.58747507 -0.5709107,
  0.46144639 0.8087025 -0.36478418,0.26369521 0.95085749 -0.16228023,
  0.65986193 0.30877816 -0.6850097,0.63384319 0.58747507 -0.50310621,
  0.49938778 0.8087025 -0.31082489,0.28020677 0.95085749 -0.13173535,
  0.73240961 0.30877816 -0.6068214,0.68618774 0.58747507 -0.42897486,
  0.53104908 0.8087025 -0.2529568,0.29319457 0.95085749 -0.099533825,
  0.79574681 0.30877816 -0.52100198,0.72990308 0.58747507 -0.3494489,
  0.55603213 0.8087025 -0.19190763,0.30249528 0.95085749 -0.0660806,
  0.84907703 0.30877816 -0.42863066,0.76443947 0.58747507 -0.26552843,
  0.57402275 0.8087025 -0.12844511,0.30799193 0.95085749 -0.031796374,
  0.89172962 0.30877816 -0.33086905,0.78936258 0.58747507 -0.17826877,
  0.58479471 0.8087025 -0.063367312,0.30961541 0.95085749 0.0028877102,
  0.92316819 0.30877816 -0.22894658,0.80435901 0.58747507 -0.08876729,
  0.58821253 0.8087025 0.0025073613,0.30734529 0.95085749 0.03753548,
  0.94299739 0.30877816 -0.12414496,0.80924015 0.58747507 0.001850495,
  0.58423324 0.8087025 0.068350503,0.30121013 0.95085749 0.071711219,
  0.95096785 0.30877816 -0.017782158,0.80394463 0.58747507 0.092445009,
  0.57290687 0.8087025 0.1333341,0.29128707 0.95085749 0.10498515,
  0.94697933 0.30877816 0.088804269,0.78853904 0.58747507 0.18187697,
  0.55437587 0.8087025 0.19664094,0.27770091 0.95085749 0.13693883,
  0.931082 0.30877816 0.19427393,0.76321711 0.58747507 0.26902173,
  0.52887327 0.8087025 0.25747491,0.2606225 0.95085749 0.16717042,
  0.90347577 0.30877816 0.29730049,0.72829728 0.58747507 0.35278338,
  0.49671979 0.8087025 0.31507098,0.24026661 0.95085749 0.19529975,
  0.86450781 0.30877816 0.39658831,0.6842187 0.58747507 0.43210858,
  0.45831976 0.8087025 0.36870485,0.21688923 0.95085749 0.22097307,
  0.81466817 0.30877816 0.49088881,0.63153566 0.58747507 0.50599976,
  0.4141561 0.8087025 0.41770204,0.19078435 0.95085749 0.24386753,
  0.75458359 0.30877816 0.5790161,0.5709107 0.58747507 0.57352769,
  0.36478418 0.8087025 0.46144639,0.16228023 0.95085749 0.26369521,
  0.6850097 0.30877816 0.65986193,0.50310621 0.58747507 0.63384319,
  0.31082489 0.8087025 0.49938778,0.13173535 0.95085749 0.28020677,
  0.6068214 0.30877816 0.73240961,0.42897486 0.58747507 0.68618774,
  0.2529568 0.8087025 0.53104908,0.099533825 0.95085749 0.29319457,
  0.52100198 0.30877816 0.79574681,0.3494489 0.58747507 0.72990308,
  0.19190763 0.8087025 0.55603213,0.0660806 0.95085749 0.30249528,
  0.42863066 0.30877816 0.84907703,0.26552843 0.58747507 0.76443947,
  0.12844511 0.8087025 0.57402275,0.028984664 0.96591117 0.257246,
  0.33086905 0.30877816 0.89172962,0.17826877 0.58747507 0.78936258,
  0.060981037 0.83866585 0.54122167,0.22894658 0.30877816 0.92316819,
  0.087007399 0.6293793 0.77221203,0.10649491 0.3087319 0.94516848] }
}
}
DEF SHAPE_7 Shape {
 appearance USE APP_1
 geometry DEF FACE_7 IndexedFaceSet {
  coord DEF COORD_7 Coordinate { point [
  0 2.0472441 -3.1299213,0 2.0472441 3.1299213,
  0.44543424 2.0472441 -3.0980632,0.88180072 2.0472441 -3.0031375,
  1.3002163 2.0472441 -2.8470765,1.6921632 2.0472441 -2.6330573,
  2.0496625 2.0472441 -2.3654367,2.3654367 2.0472441 -2.0496625,
  2.6330573 2.0472441 -1.6921632,2.8470765 2.0472441 -1.3002163,
  3.0031375 2.0472441 -0.88180072,3.0980632 2.0472441 -0.44543424,
  3.1299213 2.0472441 0,3.0980632 2.0472441 0.44543424,
  3.0031375 2.0472441 0.88180072,2.8470765 2.0472441 1.3002163,
  2.6330573 2.0472441 1.6921632,2.3654367 2.0472441 2.0496625,
  2.0496625 2.0472441 2.3654367,1.6921632 2.0472441 2.6330573,
  1.3002163 2.0472441 2.8470765,0.88180072 2.0472441 3.0031375,
  0.44543424 2.0472441 3.0980632,0 1.2992126 3.1299213,
  0 1.2992126 -3.1299213,0.44543424 1.2992126 -3.0980632,
  0.88180072 1.2992126 -3.0031375,1.3002163 1.2992126 -2.8470765,
  1.6921632 1.2992126 -2.6330573,2.0496625 1.2992126 -2.3654367,
  2.3654367 1.2992126 -2.0496625,2.6330573 1.2992126 -1.6921632,
  2.8470765 1.2992126 -1.3002163,3.0031375 1.2992126 -0.88180072,
  3.0980632 1.2992126 -0.44543424,3.1299213 1.2992126 0,
  3.0980632 1.2992126 0.44543424,3.0031375 1.2992126 0.88180072,
  2.8470765 1.2992126 1.3002163,2.6330573 1.2992126 1.6921632,
  2.3654367 1.2992126 2.0496625,2.0496625 1.2992126 2.3654367,
  1.6921632 1.2992126 2.6330573,1.3002163 1.2992126 2.8470765,
  0.88180072 1.2992126 3.0031375,0.44543424 1.2992126 3.0980632] }
 coordIndex [
  42,18,19,-1,42,41,18,-1,43,19,20,-1,43,42,19,-1,25,0,2,-1,44,20,21,-1,25,24,0,-1,44,43,20,-1,
  45,21,22,-1,26,2,3,-1,45,44,21,-1,26,25,2,-1,23,22,1,-1,23,45,22,-1,27,3,4,-1,27,26,3,-1,
  28,4,5,-1,28,27,4,-1,29,5,6,-1,29,28,5,-1,30,6,7,-1,30,29,6,-1,31,7,8,-1,31,30,7,-1,
  32,8,9,-1,32,31,8,-1,33,9,10,-1,33,32,9,-1,34,10,11,-1,34,33,10,-1,35,11,12,-1,35,34,11,-1,
  36,12,13,-1,36,35,12,-1,37,36,13,-1,37,13,14,-1,38,37,14,-1,38,14,15,-1,39,38,15,-1,39,15,16,-1,
  40,39,16,-1,40,16,17,-1,41,40,17,-1,41,17,18,-1]
  normalPerVertex TRUE
  normal DEF NORM_7 Normal { vector [
  0.071339183 0 -0.99745211,0.071339183 0 0.99745211,
  0.16586552 0 -0.98614838,0.30452079 0 -0.95250569,
  0.4369769 0 -0.89947273,0.56053742 0 -0.82812909,
  0.67268702 0 -0.73992714,0.77114265 0 -0.6366624,
  0.85390003 0 -0.52043706,0.91927448 0 -0.39361711,
  0.96593515 0 -0.25878426,0.99293216 0 -0.11868331,
  0.99971594 0 0.023833698,0.98614838 0 0.16586552,
  0.95250569 0 0.30452079,0.89947273 0 0.4369769,
  0.82812909 0 0.56053742,0.73992714 0 0.67268702,
  0.6366624 0 0.77114265,0.52043706 0 0.85390003,
  0.39361711 0 0.91927448,0.25878426 0 0.96593515,
  0.11868331 0 0.99293216,0.071339183 0 0.99745211,
  0.071339183 0 -0.99745211,0.11868331 0 -0.99293216,
  0.25878426 0 -0.96593515,0.39361711 0 -0.91927448,
  0.52043706 0 -0.85390003,0.6366624 0 -0.77114265,
  0.73992714 0 -0.67268702,0.82812909 0 -0.56053742,
  0.89947273 0 -0.4369769,0.95250569 0 -0.30452079,
  0.98614838 0 -0.16586552,0.99971594 0 -0.023833698,
  0.99293216 0 0.11868331,0.96593515 0 0.25878426,
  0.91927448 0 0.39361711,0.85390003 0 0.52043706,
  0.77114265 0 0.6366624,0.67268702 0 0.73992714,
  0.56053742 0 0.82812909,0.4369769 0 0.89947273,
  0.30452079 0 0.95250569,0.16586552 0 0.98614838] }
}
}
DEF SHAPE_8 Shape {
 appearance USE APP_1
 geometry DEF FACE_8 IndexedFaceSet {
  coord DEF COORD_8 Coordinate { point [
  -6.2795276 0.53149606 -0.59055118,-6.2795276 0.19685039 -0.59055118,
  -6.2795276 0.19685039 0.59055118,-6.4459051 0.19685039 -0.56662971,
  -6.5988036 0.19685039 -0.49680327,-6.7258364 0.19685039 -0.38672878,
  -6.8167118 0.19685039 -0.24532383,-6.8640678 0.19685039 -0.084044196,
  -6.8640678 0.19685039 0.084044196,-6.8167118 0.19685039 0.24532383,
  -6.7258364 0.19685039 0.38672878,-6.5988036 0.19685039 0.49680327,
  -6.4459051 0.19685039 0.56662971,-6.2795276 0.53149606 0.59055118,
  -6.4459051 0.53149606 -0.56662971,-6.5988036 0.53149606 -0.49680327,
  -6.7258364 0.53149606 -0.38672878,-6.8167118 0.53149606 -0.24532383,
  -6.8640678 0.53149606 -0.084044196,-6.8640678 0.53149606 0.084044196,
  -6.8167118 0.53149606 0.24532383,-6.7258364 0.53149606 0.38672878,
  -6.5988036 0.53149606 0.49680327,-6.4459051 0.53149606 0.56662971] }
 coordIndex [
  12,13,2,-1,12,23,13,-1,11,22,23,-1,11,23,12,-1,10,21,22,-1,10,22,11,-1,9,20,21,-1,9,21,10,-1,
  8,19,20,-1,8,20,9,-1,7,18,19,-1,7,19,8,-1,6,17,18,-1,6,18,7,-1,5,16,17,-1,5,17,6,-1,
  4,15,16,-1,4,16,5,-1,3,14,15,-1,3,15,4,-1,1,0,14,-1,1,14,3,-1]
  normalPerVertex TRUE
  normal DEF NORM_8 Normal { vector [
  0.14231484 0 0.98982144,0.14231484 0 0.98982144,
  0.14231484 0 -0.98982144,0.32734159 0 0.94490607,
  0.58029276 0 0.81440795,0.78623206 0 0.61793135,
  0.92847551 0 0.37139362,0.99549941 0 0.094767785,
  0.98187386 0 -0.18953557,0.88870272 0 -0.45848388,
  0.72353418 0 -0.69028855,0.49974921 0 -0.86617015,
  0.23547752 0 -0.9718798,0.14231484 0 -0.98982144,
  0.23547752 0 0.9718798,0.49974921 0 0.86617015,
  0.72353418 0 0.69028855,0.88870272 0 0.45848388,
  0.98187386 0 0.18953557,0.99549941 0 -0.094767785,
  0.92847551 0 -0.37139362,0.78623206 0 -0.61793135,
  0.58029276 0 -0.81440795,0.32734159 0 -0.94490607] }
}
}
DEF SHAPE_9 Shape {
 appearance USE APP_1
 geometry DEF FACE_9 IndexedFaceSet {
  coord DEF COORD_9 Coordinate { point [
  6.2795276 0.53149606 -0.59055118,6.2795276 0.19685039 -0.59055118,
  6.2795276 0.19685039 0.59055118,6.1131501 0.19685039 -0.56662971,
  5.9602515 0.19685039 -0.49680327,5.8332188 0.19685039 -0.38672878,
  5.7423433 0.19685039 -0.24532383,5.6949873 0.19685039 -0.084044196,
  5.6949873 0.19685039 0.084044196,5.7423433 0.19685039 0.24532383,
  5.8332188 0.19685039 0.38672878,5.9602515 0.19685039 0.49680327,
  6.1131501 0.19685039 0.56662971,6.2795276 0.53149606 0.59055118,
  6.1131501 0.53149606 -0.56662971,5.9602515 0.53149606 -0.49680327,
  5.8332188 0.53149606 -0.38672878,5.7423433 0.53149606 -0.24532383,
  5.6949873 0.53149606 -0.084044196,5.6949873 0.53149606 0.084044196,
  5.7423433 0.53149606 0.24532383,5.8332188 0.53149606 0.38672878,
  5.9602515 0.53149606 0.49680327,6.1131501 0.53149606 0.56662971] }
 coordIndex [
  12,13,2,-1,12,23,13,-1,11,22,23,-1,11,23,12,-1,10,21,22,-1,10,22,11,-1,9,20,21,-1,9,21,10,-1,
  8,19,20,-1,8,20,9,-1,7,18,19,-1,7,19,8,-1,6,17,18,-1,6,18,7,-1,5,16,17,-1,5,17,6,-1,
  4,15,16,-1,4,16,5,-1,3,14,15,-1,3,15,4,-1,1,0,14,-1,1,14,3,-1]
  normalPerVertex TRUE
  normal DEF NORM_9 Normal { vector [
  0.14231484 0 0.98982144,0.14231484 0 0.98982144,
  0.14231484 0 -0.98982144,0.32734159 0 0.94490607,
  0.58029276 0 0.81440795,0.78623206 0 0.61793135,
  0.92847551 0 0.37139362,0.99549941 0 0.094767785,
  0.98187386 0 -0.18953557,0.88870272 0 -0.45848388,
  0.72353418 0 -0.69028855,0.49974921 0 -0.86617015,
  0.23547752 0 -0.9718798,0.14231484 0 -0.98982144,
  0.23547752 0 0.9718798,0.49974921 0 0.86617015,
  0.72353418 0 0.69028855,0.88870272 0 0.45848388,
  0.98187386 0 0.18953557,0.99549941 0 -0.094767785,
  0.92847551 0 -0.37139362,0.78623206 0 -0.61793135,
  0.58029276 0 -0.81440795,0.32734159 0 -0.94490607] }
}
}
DEF SHAPE_10 Shape {
 appearance USE APP_1
 geometry DEF FACE_10 IndexedFaceSet {
  coord DEF COORD_10 Coordinate { point [
  6.2795276 0.19685039 0.59055118,6.2795276 0.19685039 -0.59055118,
  6.4459051 0.19685039 0.56662971,6.5988036 0.19685039 0.49680327,
  6.7258364 0.19685039 0.38672878,6.8167118 0.19685039 0.24532383,
  6.8640678 0.19685039 0.084044196,6.8640678 0.19685039 -0.084044196,
  6.8167118 0.19685039 -0.24532383,6.7258364 0.19685039 -0.38672878,
  6.5988036 0.19685039 -0.49680327,6.4459051 0.19685039 -0.56662971,
  6.2795276 0.53149606 -0.59055118,6.2795276 0.53149606 0.59055118,
  6.4459051 0.53149606 0.56662971,6.5988036 0.53149606 0.49680327,
  6.7258364 0.53149606 0.38672878,6.8167118 0.53149606 0.24532383,
  6.8640678 0.53149606 0.084044196,6.8640678 0.53149606 -0.084044196,
  6.8167118 0.53149606 -0.24532383,6.7258364 0.53149606 -0.38672878,
  6.5988036 0.53149606 -0.49680327,6.4459051 0.53149606 -0.56662971] }
 coordIndex [
  11,12,1,-1,11,23,12,-1,10,22,23,-1,10,23,11,-1,9,21,22,-1,9,22,10,-1,8,20,21,-1,8,21,9,-1,
  7,19,20,-1,7,20,8,-1,6,18,19,-1,6,19,7,-1,5,17,18,-1,5,18,6,-1,4,16,17,-1,4,17,5,-1,
  3,15,16,-1,3,16,4,-1,2,14,15,-1,2,15,3,-1,0,13,14,-1,0,14,2,-1]
  normalPerVertex TRUE
  normal DEF NORM_10 Normal { vector [
  -0.14231484 0 -0.98982144,-0.14231484 0 0.98982144,
  -0.32734159 0 -0.94490607,-0.58029276 0 -0.81440795,
  -0.78623206 0 -0.61793135,-0.92847551 0 -0.37139362,
  -0.99549941 0 -0.094767785,-0.98187386 0 0.18953557,
  -0.88870272 0 0.45848388,-0.72353418 0 0.69028855,
  -0.49974921 0 0.86617015,-0.23547752 0 0.9718798,
  -0.14231484 0 0.98982144,-0.14231484 0 -0.98982144,
  -0.23547752 0 -0.9718798,-0.49974921 0 -0.86617015,
  -0.72353418 0 -0.69028855,-0.88870272 0 -0.45848388,
  -0.98187386 0 -0.18953557,-0.99549941 0 0.094767785,
  -0.92847551 0 0.37139362,-0.78623206 0 0.61793135,
  -0.58029276 0 0.81440795,-0.32734159 0 0.94490607] }
}
}
DEF SHAPE_11 Shape {
 appearance USE APP_1
 geometry DEF FACE_11 IndexedFaceSet {
  coord DEF COORD_11 Coordinate { point [
  -6.2795276 0.19685039 0.59055118,-6.2795276 0.19685039 -0.59055118,
  -6.1131501 0.19685039 0.56662971,-5.9602515 0.19685039 0.49680327,
  -5.8332188 0.19685039 0.38672878,-5.7423433 0.19685039 0.24532383,
  -5.6949873 0.19685039 0.084044196,-5.6949873 0.19685039 -0.084044196,
  -5.7423433 0.19685039 -0.24532383,-5.8332188 0.19685039 -0.38672878,
  -5.9602515 0.19685039 -0.49680327,-6.1131501 0.19685039 -0.56662971,
  -6.2795276 0.53149606 -0.59055118,-6.2795276 0.53149606 0.59055118,
  -6.1131501 0.53149606 0.56662971,-5.9602515 0.53149606 0.49680327,
  -5.8332188 0.53149606 0.38672878,-5.7423433 0.53149606 0.24532383,
  -5.6949873 0.53149606 0.084044196,-5.6949873 0.53149606 -0.084044196,
  -5.7423433 0.53149606 -0.24532383,-5.8332188 0.53149606 -0.38672878,
  -5.9602515 0.53149606 -0.49680327,-6.1131501 0.53149606 -0.56662971] }
 coordIndex [
  11,12,1,-1,11,23,12,-1,10,22,23,-1,10,23,11,-1,9,21,22,-1,9,22,10,-1,8,20,21,-1,8,21,9,-1,
  7,19,20,-1,7,20,8,-1,6,18,19,-1,6,19,7,-1,5,17,18,-1,5,18,6,-1,4,16,17,-1,4,17,5,-1,
  3,15,16,-1,3,16,4,-1,2,14,15,-1,2,15,3,-1,0,13,14,-1,0,14,2,-1]
  normalPerVertex TRUE
  normal DEF NORM_11 Normal { vector [
  -0.14231484 0 -0.98982144,-0.14231484 0 0.98982144,
  -0.32734159 0 -0.94490607,-0.58029276 0 -0.81440795,
  -0.78623206 0 -0.61793135,-0.92847551 0 -0.37139362,
  -0.99549941 0 -0.094767785,-0.98187386 0 0.18953557,
  -0.88870272 0 0.45848388,-0.72353418 0 0.69028855,
  -0.49974921 0 0.86617015,-0.23547752 0 0.9718798,
  -0.14231484 0 0.98982144,-0.14231484 0 -0.98982144,
  -0.23547752 0 -0.9718798,-0.49974921 0 -0.86617015,
  -0.72353418 0 -0.69028855,-0.88870272 0 -0.45848388,
  -0.98187386 0 -0.18953557,-0.99549941 0 0.094767785,
  -0.92847551 0 0.37139362,-0.78623206 0 0.61793135,
  -0.58029276 0 0.81440795,-0.32734159 0 0.94490607] }
}
}
DEF SHAPE_12 Shape {
 appearance USE APP_1
 geometry DEF FACE_12 IndexedFaceSet {
  coord DEF COORD_12 Coordinate { point [
  0 2.0472441 3.1299213,0 1.2992126 3.1299213,
  0 2.0472441 -3.1299213,-0.44543424 2.0472441 3.0980632,
  -0.88180072 2.0472441 3.0031375,-1.3002163 2.0472441 2.8470765,
  -1.6921632 2.0472441 2.6330573,-2.0496625 2.0472441 2.3654367,
  -2.3654367 2.0472441 2.0496625,-2.6330573 2.0472441 1.6921632,
  -2.8470765 2.0472441 1.3002163,-3.0031375 2.0472441 0.88180072,
  -3.0980632 2.0472441 0.44543424,-3.1299213 2.0472441 0,
  -3.0980632 2.0472441 -0.44543424,-3.0031375 2.0472441 -0.88180072,
  -2.8470765 2.0472441 -1.3002163,-2.6330573 2.0472441 -1.6921632,
  -2.3654367 2.0472441 -2.0496625,-2.0496625 2.0472441 -2.3654367,
  -1.6921632 2.0472441 -2.6330573,-1.3002163 2.0472441 -2.8470765,
  -0.88180072 2.0472441 -3.0031375,-0.44543424 2.0472441 -3.0980632,
  0 1.2992126 -3.1299213,-0.44543424 1.2992126 3.0980632,
  -0.88180072 1.2992126 3.0031375,-1.3002163 1.2992126 2.8470765,
  -1.6921632 1.2992126 2.6330573,-2.0496625 1.2992126 2.3654367,
  -2.3654367 1.2992126 2.0496625,-2.6330573 1.2992126 1.6921632,
  -2.8470765 1.2992126 1.3002163,-3.0031375 1.2992126 0.88180072,
  -3.0980632 1.2992126 0.44543424,-3.1299213 1.2992126 0,
  -3.0980632 1.2992126 -0.44543424,-3.0031375 1.2992126 -0.88180072,
  -2.8470765 1.2992126 -1.3002163,-2.6330573 1.2992126 -1.6921632,
  -2.3654367 1.2992126 -2.0496625,-2.0496625 1.2992126 -2.3654367,
  -1.6921632 1.2992126 -2.6330573,-1.3002163 1.2992126 -2.8470765,
  -0.88180072 1.2992126 -3.0031375,-0.44543424 1.2992126 -3.0980632] }
 coordIndex [
  42,19,20,-1,42,41,19,-1,43,20,21,-1,43,42,20,-1,25,1,0,-1,25,0,3,-1,44,21,22,-1,44,43,21,-1,
  45,22,23,-1,26,3,4,-1,45,44,22,-1,26,25,3,-1,24,23,2,-1,24,45,23,-1,27,4,5,-1,27,26,4,-1,
  28,5,6,-1,28,27,5,-1,29,6,7,-1,29,28,6,-1,30,7,8,-1,30,29,7,-1,31,8,9,-1,31,30,8,-1,
  32,9,10,-1,32,31,9,-1,33,10,11,-1,33,32,10,-1,34,11,12,-1,34,33,11,-1,35,12,13,-1,35,34,12,-1,
  36,13,14,-1,36,35,13,-1,37,36,14,-1,37,14,15,-1,38,37,15,-1,38,15,16,-1,39,38,16,-1,39,16,17,-1,
  40,39,17,-1,40,17,18,-1,41,40,18,-1,41,18,19,-1]
  normalPerVertex TRUE
  normal DEF NORM_12 Normal { vector [
  -0.071339183 0 0.99745211,-0.071339183 0 0.99745211,
  -0.071339183 0 -0.99745211,-0.16586552 0 0.98614838,
  -0.30452079 0 0.95250569,-0.4369769 0 0.89947273,
  -0.56053742 0 0.82812909,-0.67268702 0 0.73992714,
  -0.77114265 0 0.6366624,-0.85390003 0 0.52043706,
  -0.91927448 0 0.39361711,-0.96593515 0 0.25878426,
  -0.99293216 0 0.11868331,-0.99971594 0 -0.023833698,
  -0.98614838 0 -0.16586552,-0.95250569 0 -0.30452079,
  -0.89947273 0 -0.4369769,-0.82812909 0 -0.56053742,
  -0.73992714 0 -0.67268702,-0.6366624 0 -0.77114265,
  -0.52043706 0 -0.85390003,-0.39361711 0 -0.91927448,
  -0.25878426 0 -0.96593515,-0.11868331 0 -0.99293216,
  -0.071339183 0 -0.99745211,-0.11868331 0 0.99293216,
  -0.25878426 0 0.96593515,-0.39361711 0 0.91927448,
  -0.52043706 0 0.85390003,-0.6366624 0 0.77114265,
  -0.73992714 0 0.67268702,-0.82812909 0 0.56053742,
  -0.89947273 0 0.4369769,-0.95250569 0 0.30452079,
  -0.98614838 0 0.16586552,-0.99971594 0 0.023833698,
  -0.99293216 0 -0.11868331,-0.96593515 0 -0.25878426,
  -0.91927448 0 -0.39361711,-0.85390003 0 -0.52043706,
  -0.77114265 0 -0.6366624,-0.67268702 0 -0.73992714,
  -0.56053742 0 -0.82812909,-0.4369769 0 -0.89947273,
  -0.30452079 0 -0.95250569,-0.16586552 0 -0.98614838] }
}
}
DEF SHAPE_13 Shape {
 appearance USE APP_1
 geometry DEF FACE_13 IndexedFaceSet {
  coord DEF COORD_13 Coordinate { point [
  0 1.2992126 4.7834646,0 1.1023622 4.980315,
  0 1.2895781 4.8442947,0 1.2616175 4.8991703,
  0 1.218068 4.9427199,0 1.1631923 4.9706804,
  0 1.2992126 -4.7834646,-0.5355781 1.2992126 4.7533871,
  -1.064421 1.2992126 4.6635331,-1.5798782 1.2992126 4.5150325,
  -2.0754675 1.2992126 4.3097527,-2.5449566 1.2992126 4.0502752,
  -2.9824414 1.2992126 3.7398632,-3.3824202 1.2992126 3.3824202,
  -3.7398632 1.2992126 2.9824414,-4.0502752 1.2992126 2.5449566,
  -4.3097527 1.2992126 2.0754675,-4.5150325 1.2992126 1.5798782,
  -4.6635331 1.2992126 1.064421,-4.7533871 1.2992126 0.5355781,
  -4.7834646 1.2992126 0,-4.7533871 1.2992126 -0.5355781,
  -4.6635331 1.2992126 -1.064421,-4.5150325 1.2992126 -1.5798782,
  -4.3097527 1.2992126 -2.0754675,-4.0502752 1.2992126 -2.5449566,
  -3.7398632 1.2992126 -2.9824414,-3.3824202 1.2992126 -3.3824202,
  -2.9824414 1.2992126 -3.7398632,-2.5449566 1.2992126 -4.0502752,
  -2.0754675 1.2992126 -4.3097527,-1.5798782 1.2992126 -4.5150325,
  -1.064421 1.2992126 -4.6635331,-0.5355781 1.2992126 -4.7533871,
  0 1.1023622 -4.980315,0 1.2895781 -4.8442947,
  0 1.2616175 -4.8991703,0 1.218068 -4.9427199,
  0 1.1631923 -4.9706804,-0.55761836 1.1023622 4.9489998,
  -1.1082243 1.1023622 4.8554481,-1.6448938 1.1023622 4.7008363,
  -2.1608777 1.1023622 4.4871087,-2.6496873 1.1023622 4.2169532,
  -3.1051756 1.1023622 3.893767,-3.5216145 1.1023622 3.5216145,
  -3.893767 1.1023622 3.1051756,-4.2169532 1.1023622 2.6496873,
  -4.4871087 1.1023622 2.1608777,-4.7008363 1.1023622 1.6448938,
  -4.8554481 1.1023622 1.1082243,-4.9489998 1.1023622 0.55761836,
  -4.980315 1.1023622 0,-4.9489998 1.1023622 -0.55761836,
  -4.8554481 1.1023622 -1.1082243,-4.7008363 1.1023622 -1.6448938,
  -4.4871087 1.1023622 -2.1608777,-4.2169532 1.1023622 -2.6496873,
  -3.893767 1.1023622 -3.1051756,-3.5216145 1.1023622 -3.5216145,
  -3.1051756 1.1023622 -3.893767,-2.6496873 1.1023622 -4.2169532,
  -2.1608777 1.1023622 -4.4871087,-1.6448938 1.1023622 -4.7008363,
  -1.1082243 1.1023622 -4.8554481,-0.55761836 1.1023622 -4.9489998,
  -0.54238892 1.2895781 4.8138348,-0.54853304 1.2616175 4.8683654,
  -1.077957 1.2895781 4.7228381,-0.55340904 1.218068 4.9116411,
  -1.090168 1.2616175 4.7763379,-1.5999691 1.2895781 4.572449,
  -0.55653963 1.1631923 4.9394258,-1.0998586 1.218068 4.8187956,
  -1.6180934 1.2616175 4.6242452,-2.1018607 1.2895781 4.3645587,
  -1.1060804 1.1631923 4.8460551,-1.6324769 1.218068 4.6653509,
  -2.1256703 1.2616175 4.4139999,-2.5773202 1.2895781 4.1017815,
  -1.6417117 1.1631923 4.6917424,-2.1445658 1.218068 4.4532367,
  -2.6065158 1.2616175 4.1482461,-3.0203683 1.2895781 3.7874221,
  -2.1566974 1.1631923 4.4784283,-2.6296855 1.218068 4.1851205,
  -3.0545827 1.2616175 3.8303256,-3.4254336 1.2895781 3.4254336,
  -2.6445614 1.1631923 4.2087954,-3.0817354 1.218068 3.864374,
  -3.4642366 1.2616175 3.4642366,-3.7874221 1.2895781 3.0203683,
  -3.0991685 1.1631923 3.8862344,-3.4950307 1.218068 3.4950307,
  -3.8303256 1.2616175 3.0545827,-4.1017815 1.2895781 2.5773202,
  -3.5148018 1.1631923 3.5148018,-3.864374 1.218068 3.0817354,
  -4.1482461 1.2616175 2.6065158,-4.3645587 1.2895781 2.1018607,
  -3.8862344 1.1631923 3.0991685,-4.1851205 1.218068 2.6296855,
  -4.4139999 1.2616175 2.1256703,-4.572449 1.2895781 1.5999691,
  -4.2087954 1.1631923 2.6445614,-4.4532367 1.218068 2.1445658,
  -4.6242452 1.2616175 1.6180934,-4.7228381 1.2895781 1.077957,
  -4.4784283 1.1631923 2.1566974,-4.6653509 1.218068 1.6324769,
  -4.7763379 1.2616175 1.090168,-4.8138348 1.2895781 0.54238892,
  -4.6917424 1.1631923 1.6417117,-4.8187956 1.218068 1.0998586,
  -4.8683654 1.2616175 0.54853304,-4.8442947 1.2895781 0,
  -4.8460551 1.1631923 1.1060804,-4.9116411 1.218068 0.55340904,
  -4.8991703 1.2616175 0,-4.8138348 1.2895781 -0.54238892,
  -4.9394258 1.1631923 0.55653963,-4.9427199 1.218068 0,
  -4.8683654 1.2616175 -0.54853304,-4.7228381 1.2895781 -1.077957,
  -4.9706804 1.1631923 0,-4.9116411 1.218068 -0.55340904,
  -4.7763379 1.2616175 -1.090168,-4.572449 1.2895781 -1.5999691,
  -4.9394258 1.1631923 -0.55653963,-4.8187956 1.218068 -1.0998586,
  -4.6242452 1.2616175 -1.6180934,-4.3645587 1.2895781 -2.1018607,
  -4.8460551 1.1631923 -1.1060804,-4.6653509 1.218068 -1.6324769,
  -4.4139999 1.2616175 -2.1256703,-4.1017815 1.2895781 -2.5773202,
  -4.6917424 1.1631923 -1.6417117,-4.4532367 1.218068 -2.1445658,
  -4.1482461 1.2616175 -2.6065158,-3.7874221 1.2895781 -3.0203683,
  -4.4784283 1.1631923 -2.1566974,-4.1851205 1.218068 -2.6296855,
  -3.8303256 1.2616175 -3.0545827,-3.4254336 1.2895781 -3.4254336,
  -4.2087954 1.1631923 -2.6445614,-3.864374 1.218068 -3.0817354,
  -3.4642366 1.2616175 -3.4642366,-3.0203683 1.2895781 -3.7874221,
  -3.8862344 1.1631923 -3.0991685,-3.4950307 1.218068 -3.4950307,
  -3.0545827 1.2616175 -3.8303256,-2.5773202 1.2895781 -4.1017815,
  -3.5148018 1.1631923 -3.5148018,-3.0817354 1.218068 -3.864374,
  -2.6065158 1.2616175 -4.1482461,-2.1018607 1.2895781 -4.3645587,
  -3.0991685 1.1631923 -3.8862344,-2.6296855 1.218068 -4.1851205,
  -2.1256703 1.2616175 -4.4139999,-1.5999691 1.2895781 -4.572449,
  -2.6445614 1.1631923 -4.2087954,-2.1445658 1.218068 -4.4532367,
  -1.6180934 1.2616175 -4.6242452,-1.077957 1.2895781 -4.7228381,
  -2.1566974 1.1631923 -4.4784283,-1.6324769 1.218068 -4.6653509,
  -1.090168 1.2616175 -4.7763379,-0.54238892 1.2895781 -4.8138348,
  -1.6417117 1.1631923 -4.6917424,-1.0998586 1.218068 -4.8187956,
  -0.54853304 1.2616175 -4.8683654,-1.1060804 1.1631923 -4.8460551,
  -0.55340904 1.218068 -4.9116411,-0.55653963 1.1631923 -4.9394258] }
 coordIndex [
  143,139,26,-1,144,137,141,-1,144,140,137,-1,144,56,140,-1,144,57,56,-1,145,141,138,-1,145,138,142,-1,146,142,139,-1,
  146,139,143,-1,147,27,28,-1,147,143,27,-1,148,144,141,-1,148,58,57,-1,148,141,145,-1,148,57,144,-1,149,145,142,-1,
  149,142,146,-1,150,146,143,-1,150,143,147,-1,151,28,29,-1,151,147,28,-1,152,59,58,-1,152,148,145,-1,152,58,148,-1,
  152,145,149,-1,153,149,146,-1,153,146,150,-1,154,150,147,-1,154,147,151,-1,155,29,30,-1,155,151,29,-1,156,60,59,-1,
  156,59,152,-1,156,149,153,-1,156,152,149,-1,157,153,150,-1,157,150,154,-1,158,154,151,-1,158,151,155,-1,159,30,31,-1,
  159,155,30,-1,160,156,153,-1,160,61,60,-1,160,60,156,-1,160,153,157,-1,161,157,154,-1,161,154,158,-1,162,158,155,-1,
  162,155,159,-1,163,31,32,-1,163,159,31,-1,164,157,161,-1,164,160,157,-1,164,62,61,-1,164,61,160,-1,165,161,158,-1,
  165,158,162,-1,166,162,159,-1,166,159,163,-1,167,32,33,-1,167,33,6,-1,167,6,35,-1,167,163,32,-1,168,164,161,-1,
  168,161,165,-1,168,62,164,-1,168,63,62,-1,169,165,162,-1,169,162,166,-1,170,163,167,-1,170,166,163,-1,170,167,35,-1,
  170,35,36,-1,171,168,165,-1,171,165,169,-1,171,63,168,-1,171,64,63,-1,172,169,166,-1,172,36,37,-1,172,170,36,-1,
  172,166,170,-1,173,169,172,-1,173,37,38,-1,173,38,34,-1,173,172,37,-1,173,64,171,-1,173,65,64,-1,173,34,65,-1,
  173,171,169,-1,66,2,0,-1,66,0,7,-1,67,3,2,-1,67,2,66,-1,68,7,8,-1,68,66,7,-1,69,4,3,-1,
  69,3,67,-1,70,67,66,-1,70,66,68,-1,71,8,9,-1,71,68,8,-1,72,5,4,-1,72,1,5,-1,72,39,1,-1,
  72,4,69,-1,73,69,67,-1,73,67,70,-1,74,70,68,-1,74,68,71,-1,75,9,10,-1,75,71,9,-1,76,40,39,-1,
  76,69,73,-1,76,72,69,-1,76,39,72,-1,77,73,70,-1,77,70,74,-1,78,74,71,-1,78,71,75,-1,79,10,11,-1,
  79,75,10,-1,80,76,73,-1,80,40,76,-1,80,41,40,-1,80,73,77,-1,81,77,74,-1,81,74,78,-1,82,75,79,-1,
  82,78,75,-1,83,79,11,-1,83,11,12,-1,84,80,77,-1,84,77,81,-1,84,42,41,-1,84,41,80,-1,85,78,82,-1,
  85,81,78,-1,86,79,83,-1,86,82,79,-1,87,12,13,-1,87,83,12,-1,88,43,42,-1,88,42,84,-1,88,81,85,-1,
  88,84,81,-1,89,82,86,-1,89,85,82,-1,90,86,83,-1,90,83,87,-1,91,87,13,-1,91,13,14,-1,92,88,85,-1,
  92,43,88,-1,92,44,43,-1,92,85,89,-1,93,86,90,-1,93,89,86,-1,94,87,91,-1,94,90,87,-1,95,14,15,-1,
  95,91,14,-1,96,44,92,-1,96,92,89,-1,96,89,93,-1,96,45,44,-1,97,90,94,-1,97,93,90,-1,98,91,95,-1,
  98,94,91,-1,99,95,15,-1,99,15,16,-1,100,93,97,-1,100,45,96,-1,100,46,45,-1,100,96,93,-1,101,97,94,-1,
  101,94,98,-1,102,98,95,-1,102,95,99,-1,103,16,17,-1,103,99,16,-1,104,100,97,-1,104,97,101,-1,104,46,100,-1,
  104,47,46,-1,105,101,98,-1,105,98,102,-1,106,102,99,-1,106,99,103,-1,107,17,18,-1,107,103,17,-1,108,104,101,-1,
  108,101,105,-1,108,47,104,-1,108,48,47,-1,109,102,106,-1,109,105,102,-1,110,103,107,-1,110,106,103,-1,111,18,19,-1,
  111,107,18,-1,112,108,105,-1,112,49,48,-1,112,105,109,-1,112,48,108,-1,113,106,110,-1,113,109,106,-1,114,107,111,-1,
  114,110,107,-1,115,19,20,-1,115,111,19,-1,116,50,49,-1,116,49,112,-1,116,112,109,-1,116,109,113,-1,117,110,114,-1,
  117,113,110,-1,118,114,111,-1,118,111,115,-1,119,20,21,-1,119,115,20,-1,120,51,50,-1,120,50,116,-1,120,116,113,-1,
  120,113,117,-1,121,114,118,-1,121,117,114,-1,122,115,119,-1,122,118,115,-1,123,21,22,-1,123,119,21,-1,124,52,51,-1,
  124,51,120,-1,124,120,117,-1,124,117,121,-1,125,121,118,-1,125,118,122,-1,126,119,123,-1,126,122,119,-1,127,123,22,-1,
  127,22,23,-1,128,124,121,-1,128,53,52,-1,128,121,125,-1,128,52,124,-1,129,125,122,-1,129,122,126,-1,130,123,127,-1,
  130,126,123,-1,131,23,24,-1,131,127,23,-1,132,125,129,-1,132,53,128,-1,132,128,125,-1,132,54,53,-1,133,129,126,-1,
  133,126,130,-1,134,127,131,-1,134,130,127,-1,135,24,25,-1,135,131,24,-1,136,132,129,-1,136,129,133,-1,136,54,132,-1,
  136,55,54,-1,137,130,134,-1,137,133,130,-1,138,134,131,-1,138,131,135,-1,139,25,26,-1,139,135,25,-1,140,136,133,-1,
  140,55,136,-1,140,133,137,-1,140,56,55,-1,141,137,134,-1,141,134,138,-1,142,138,135,-1,142,135,139,-1,143,26,27,-1]
  normalPerVertex TRUE
  normal DEF NORM_13 Normal { vector [
  -0.0087848321 0.98765023 0.15642843,-0.055382257 0.15619437 0.98617246,
  -0.020162409 0.93311015 0.35902495,-0.03535018 0.77622166 0.62946827,
  -0.047064376 0.54354605 0.83805885,-0.053334171 0.30857718 0.9497029,
  -0.0087848321 0.98765023 -0.15642843,-0.020449557 0.98768403 0.15511952,
  -0.03768885 0.98768403 0.15185454,-0.054454184 0.98768403 0.14667989,
  -0.070534725 0.98768403 0.13966067,-0.085728251 0.98768403 0.13088513,
  -0.099843694 0.98768403 0.12046363,-0.11270355 0.98768403 0.10852723,
  -0.12414608 0.98768403 0.095226042,-0.13402741 0.98768403 0.08072733,
  -0.14222327 0.98768403 0.065213424,-0.14863059 0.98768403 0.048879422,
  -0.15316879 0.98768403 0.031930733,-0.1557808 0.98768403 0.014580496,
  -0.15643378 0.98768403 -0.0029530991,-0.15511952 0.98768403 -0.020449557,
  -0.15185454 0.98768403 -0.03768885,-0.14667989 0.98768403 -0.054454184,
  -0.13966067 0.98768403 -0.070534725,-0.13088513 0.98768403 -0.085728251,
  -0.12046363 0.98768403 -0.099843694,-0.10852723 0.98768403 -0.11270355,
  -0.095226042 0.98768403 -0.12414608,-0.08072733 0.98768403 -0.13402741,
  -0.065213424 0.98768403 -0.14222327,-0.048879422 0.98768403 -0.14863059,
  -0.031930733 0.98768403 -0.15316879,-0.017515103 0.98768834 -0.15545084,
  -0.055382257 0.15619437 -0.98617246,-0.020162409 0.93311015 -0.35902495,
  -0.03535018 0.77622166 -0.62946827,-0.047064376 0.54354605 -0.83805885,
  -0.053334171 0.30857718 -0.9497029,-0.12891319 0.1564078 0.97924358,
  -0.23774311 0.1564078 0.9586526,-0.34358327 0.1564078 0.92600601,
  -0.44510267 0.1564078 0.88171436,-0.54102464 0.1564078 0.82633464,
  -0.63014292 0.1564078 0.76056328,-0.71133678 0.1564078 0.6852274,
  -0.78358517 0.1564078 0.60127438,-0.84597952 0.1564078 0.50975999,
  -0.89773519 0.1564078 0.41183507,-0.93820132 0.1564078 0.30873109,
  -0.96686902 0.1564078 0.20174464,-0.98337778 0.1564078 0.092221124,
  -0.98752 0.1564078 -0.018462121,-0.97924358 0.1564078 -0.12891319,
  -0.9586526 0.1564078 -0.23774311,-0.92600601 0.1564078 -0.34358327,
  -0.88171436 0.1564078 -0.44510267,-0.82633464 0.1564078 -0.54102464,
  -0.76056328 0.1564078 -0.63014292,-0.6852274 0.1564078 -0.71133678,
  -0.60127438 0.1564078 -0.78358517,-0.50975999 0.1564078 -0.84597952,
  -0.41183507 0.1564078 -0.89773519,-0.30873109 0.1564078 -0.93820132,
  -0.20174464 0.1564078 -0.96686902,-0.11058601 0.15643447 -0.98147796,
  -0.03753548 0.95085749 0.30734529,-0.068350503 0.8087025 0.58423324,
  -0.071711219 0.95085749 0.30121013,-0.092445009 0.58747507 0.80394463,
  -0.1333341 0.8087025 0.57290687,-0.10498515 0.95085749 0.29128707,
  -0.088804269 0.30877816 0.94697933,-0.18187697 0.58747507 0.78853904,
  -0.19664094 0.8087025 0.55437587,-0.13693883 0.95085749 0.27770091,
  -0.19427393 0.30877816 0.931082,-0.26902173 0.58747507 0.76321711,
  -0.25747491 0.8087025 0.52887327,-0.16717042 0.95085749 0.2606225,
  -0.29730049 0.30877816 0.90347577,-0.35278338 0.58747507 0.72829728,
  -0.31507098 0.8087025 0.49671979,-0.19529975 0.95085749 0.24026661,
  -0.39658831 0.30877816 0.86450781,-0.43210858 0.58747507 0.6842187,
  -0.36870485 0.8087025 0.45831976,-0.22097307 0.95085749 0.21688923,
  -0.49088881 0.30877816 0.81466817,-0.50599976 0.58747507 0.63153566,
  -0.41770204 0.8087025 0.4141561,-0.24386753 0.95085749 0.19078435,
  -0.5790161 0.30877816 0.75458359,-0.57352769 0.58747507 0.5709107,
  -0.46144639 0.8087025 0.36478418,-0.26369521 0.95085749 0.16228023,
  -0.65986193 0.30877816 0.6850097,-0.63384319 0.58747507 0.50310621,
  -0.49938778 0.8087025 0.31082489,-0.28020677 0.95085749 0.13173535,
  -0.73240961 0.30877816 0.6068214,-0.68618774 0.58747507 0.42897486,
  -0.53104908 0.8087025 0.2529568,-0.29319457 0.95085749 0.099533825,
  -0.79574681 0.30877816 0.52100198,-0.72990308 0.58747507 0.3494489,
  -0.55603213 0.8087025 0.19190763,-0.30249528 0.95085749 0.0660806,
  -0.84907703 0.30877816 0.42863066,-0.76443947 0.58747507 0.26552843,
  -0.57402275 0.8087025 0.12844511,-0.30799193 0.95085749 0.031796374,
  -0.89172962 0.30877816 0.33086905,-0.78936258 0.58747507 0.17826877,
  -0.58479471 0.8087025 0.063367312,-0.30961541 0.95085749 -0.0028877102,
  -0.92316819 0.30877816 0.22894658,-0.80435901 0.58747507 0.08876729,
  -0.58821253 0.8087025 -0.0025073613,-0.30734529 0.95085749 -0.03753548,
  -0.94299739 0.30877816 0.12414496,-0.80924015 0.58747507 -0.001850495,
  -0.58423324 0.8087025 -0.068350503,-0.30121013 0.95085749 -0.071711219,
  -0.95096785 0.30877816 0.017782158,-0.80394463 0.58747507 -0.092445009,
  -0.57290687 0.8087025 -0.1333341,-0.29128707 0.95085749 -0.10498515,
  -0.94697933 0.30877816 -0.088804269,-0.78853904 0.58747507 -0.18187697,
  -0.55437587 0.8087025 -0.19664094,-0.27770091 0.95085749 -0.13693883,
  -0.931082 0.30877816 -0.19427393,-0.76321711 0.58747507 -0.26902173,
  -0.52887327 0.8087025 -0.25747491,-0.2606225 0.95085749 -0.16717042,
  -0.90347577 0.30877816 -0.29730049,-0.72829728 0.58747507 -0.35278338,
  -0.49671979 0.8087025 -0.31507098,-0.24026661 0.95085749 -0.19529975,
  -0.86450781 0.30877816 -0.39658831,-0.6842187 0.58747507 -0.43210858,
  -0.45831976 0.8087025 -0.36870485,-0.21688923 0.95085749 -0.22097307,
  -0.81466817 0.30877816 -0.49088881,-0.63153566 0.58747507 -0.50599976,
  -0.4141561 0.8087025 -0.41770204,-0.19078435 0.95085749 -0.24386753,
  -0.75458359 0.30877816 -0.5790161,-0.5709107 0.58747507 -0.57352769,
  -0.36478418 0.8087025 -0.46144639,-0.16228023 0.95085749 -0.26369521,
  -0.6850097 0.30877816 -0.65986193,-0.50310621 0.58747507 -0.63384319,
  -0.31082489 0.8087025 -0.49938778,-0.13173535 0.95085749 -0.28020677,
  -0.6068214 0.30877816 -0.73240961,-0.42897486 0.58747507 -0.68618774,
  -0.2529568 0.8087025 -0.53104908,-0.099533825 0.95085749 -0.29319457,
  -0.52100198 0.30877816 -0.79574681,-0.3494489 0.58747507 -0.72990308,
  -0.19190763 0.8087025 -0.55603213,-0.0660806 0.95085749 -0.30249528,
  -0.42863066 0.30877816 -0.84907703,-0.26552843 0.58747507 -0.76443947,
  -0.12844511 0.8087025 -0.57402275,-0.028984664 0.96591117 -0.257246,
  -0.33086905 0.30877816 -0.89172962,-0.17826877 0.58747507 -0.78936258,
  -0.060981037 0.83866585 -0.54122167,-0.22894658 0.30877816 -0.92316819,
  -0.087007399 0.6293793 -0.77221203,-0.10649491 0.3087319 -0.94516848] }
}
}
DEF SHAPE_14 Shape {
 appearance USE APP_1
 geometry DEF FACE_14 IndexedFaceSet {
  coord DEF COORD_14 Coordinate { point [
  0 1.1023622 4.980315,0 0.86614173 4.980315,
  0 1.1023622 -4.980315,-0.55761836 1.1023622 4.9489998,
  -1.1082243 1.1023622 4.8554481,-1.6448938 1.1023622 4.7008363,
  -2.1608777 1.1023622 4.4871087,-2.6496873 1.1023622 4.2169532,
  -3.1051756 1.1023622 3.893767,-3.5216145 1.1023622 3.5216145,
  -3.893767 1.1023622 3.1051756,-4.2169532 1.1023622 2.6496873,
  -4.4871087 1.1023622 2.1608777,-4.7008363 1.1023622 1.6448938,
  -4.8554481 1.1023622 1.1082243,-4.9489998 1.1023622 0.55761836,
  -4.980315 1.1023622 0,-4.9489998 1.1023622 -0.55761836,
  -4.8554481 1.1023622 -1.1082243,-4.7008363 1.1023622 -1.6448938,
  -4.4871087 1.1023622 -2.1608777,-4.2169532 1.1023622 -2.6496873,
  -3.893767 1.1023622 -3.1051756,-3.5216145 1.1023622 -3.5216145,
  -3.1051756 1.1023622 -3.893767,-2.6496873 1.1023622 -4.2169532,
  -2.1608777 1.1023622 -4.4871087,-1.6448938 1.1023622 -4.7008363,
  -1.1082243 1.1023622 -4.8554481,-0.55761836 1.1023622 -4.9489998,
  0 0.86614173 -4.980315,-0.55761836 0.86614173 4.9489998,
  -1.1082243 0.86614173 4.8554481,-1.6448938 0.86614173 4.7008363,
  -2.1608777 0.86614173 4.4871087,-2.6496873 0.86614173 4.2169532,
  -3.1051756 0.86614173 3.893767,-3.5216145 0.86614173 3.5216145,
  -3.893767 0.86614173 3.1051756,-4.2169532 0.86614173 2.6496873,
  -4.4871087 0.86614173 2.1608777,-4.7008363 0.86614173 1.6448938,
  -4.8554481 0.86614173 1.1082243,-4.9489998 0.86614173 0.55761836,
  -4.980315 0.86614173 0,-4.9489998 0.86614173 -0.55761836,
  -4.8554481 0.86614173 -1.1082243,-4.7008363 0.86614173 -1.6448938,
  -4.4871087 0.86614173 -2.1608777,-4.2169532 0.86614173 -2.6496873,
  -3.893767 0.86614173 -3.1051756,-3.5216145 0.86614173 -3.5216145,
  -3.1051756 0.86614173 -3.893767,-2.6496873 0.86614173 -4.2169532,
  -2.1608777 0.86614173 -4.4871087,-1.6448938 0.86614173 -4.7008363,
  -1.1082243 0.86614173 -4.8554481,-0.55761836 0.86614173 -4.9489998] }
 coordIndex [
  47,46,18,-1,48,19,20,-1,48,47,19,-1,49,20,21,-1,49,48,20,-1,31,1,0,-1,31,0,3,-1,50,21,22,-1,
  50,49,21,-1,32,3,4,-1,32,31,3,-1,51,22,23,-1,51,50,22,-1,33,4,5,-1,33,32,4,-1,52,23,24,-1,
  52,51,23,-1,34,5,6,-1,34,33,5,-1,53,24,25,-1,53,52,24,-1,35,6,7,-1,35,34,6,-1,54,25,26,-1,
  54,53,25,-1,36,7,8,-1,55,26,27,-1,36,35,7,-1,55,54,26,-1,37,8,9,-1,56,27,28,-1,37,36,8,-1,
  56,55,27,-1,57,28,29,-1,38,9,10,-1,57,56,28,-1,38,37,9,-1,30,57,29,-1,30,29,2,-1,39,10,11,-1,
  39,38,10,-1,40,11,12,-1,40,39,11,-1,41,40,12,-1,41,12,13,-1,42,41,13,-1,42,13,14,-1,43,14,15,-1,
  43,42,14,-1,44,15,16,-1,44,43,15,-1,45,16,17,-1,45,44,16,-1,46,17,18,-1,46,45,17,-1,47,18,19,-1]
  normalPerVertex TRUE
  normal DEF NORM_14 Normal { vector [
  -0.056070447 0 0.99842682,-0.056070447 0 0.99842682,
  -0.056070447 0 -0.99842682,-0.1305435 0 0.99144258,
  -0.24072902 0 0.97059237,-0.34788723 0 0.93753639,
  -0.45067056 0 0.89269034,-0.54778644 0 0.8366182,
  -0.6380136 0 0.7700251,-0.72021736 0 0.69374848,
  -0.79336397 0 0.60874758,-0.85653356 0 0.51609132,
  -0.90893176 0 0.41694492,-0.9498996 0 0.31255519,
  -0.97892191 0 0.20423489,-0.99563371 0 0.093346229,
  -0.99982483 0 -0.018716319,-0.99144258 0 -0.1305435,
  -0.97059237 0 -0.24072902,-0.93753639 0 -0.34788723,
  -0.89269034 0 -0.45067056,-0.8366182 0 -0.54778644,
  -0.7700251 0 -0.6380136,-0.69374848 0 -0.72021736,
  -0.60874758 0 -0.79336397,-0.51609132 0 -0.85653356,
  -0.41694492 0 -0.90893176,-0.31255519 0 -0.9498996,
  -0.20423489 0 -0.97892191,-0.093346229 0 -0.99563371,
  -0.056070447 0 -0.99842682,-0.093346229 0 0.99563371,
  -0.20423489 0 0.97892191,-0.31255519 0 0.9498996,
  -0.41694492 0 0.90893176,-0.51609132 0 0.85653356,
  -0.60874758 0 0.79336397,-0.69374848 0 0.72021736,
  -0.7700251 0 0.6380136,-0.8366182 0 0.54778644,
  -0.89269034 0 0.45067056,-0.93753639 0 0.34788723,
  -0.97059237 0 0.24072902,-0.99144258 0 0.1305435,
  -0.99982483 0 0.018716319,-0.99563371 0 -0.093346229,
  -0.97892191 0 -0.20423489,-0.9498996 0 -0.31255519,
  -0.90893176 0 -0.41694492,-0.85653356 0 -0.51609132,
  -0.79336397 0 -0.60874758,-0.72021736 0 -0.69374848,
  -0.6380136 0 -0.7700251,-0.54778644 0 -0.8366182,
  -0.45067056 0 -0.89269034,-0.34788723 0 -0.93753639,
  -0.24072902 0 -0.97059237,-0.1305435 0 -0.99144258] }
}
}
DEF SHAPE_15 Shape {
 appearance USE APP_2
 geometry DEF FACE_15 IndexedFaceSet {
  coord DEF COORD_15 Coordinate { point [
  0 0.86614173 5.246063,0 0 5.246063,
  -0.21653543 0.86614173 5.2415923,-0.072196709 0.86614173 5.2455662,
  -0.14437974 0.86614173 5.2440758,-0.21653543 0.19685039 5.2415923,
  0 0.19685039 -5.246063,-0.75610101 0.19685039 5.1912896,
  -1.2875987 0.19685039 5.085594,-1.8053572 0.19685039 4.9256332,
  -2.3038519 0.19685039 4.713114,-2.7777636 0.19685039 4.450304,
  -3.2220356 0.19685039 4.1400077,-3.6319272 0.19685039 3.7855359,
  -4.0030647 0.19685039 3.390671,-4.331488 0.19685039 2.9596264,
  -4.6136928 0.19685039 2.4970014,-4.8466676 0.19685039 2.0077325,
  -5.0279267 0.19685039 1.4970403,-5.155536 0.19685039 0.97037412,
  -5.2281337 0.19685039 0.43335369,-5.2449452 0.19685039 -0.10829079,
  -5.2057912 0.19685039 -0.64877976,-5.1110894 0.19685039 -1.182346,
  -4.9618504 0.19685039 -1.7032962,-4.7596665 0.19685039 -2.2060715,
  -4.5066952 0.19685039 -2.6853073,-4.2056358 0.19685039 -3.1358898,
  -3.8597006 0.19685039 -3.5530111,-3.472581 0.19685039 -3.9322205,
  -3.0484076 0.19685039 -4.2694716,-2.5917066 0.19685039 -4.5611659,
  -2.107351 0.19685039 -4.8041907,-1.6005093 0.19685039 -4.9959531,
  -1.0765895 0.19685039 -5.1344067,-0.54118204 0.19685039 -5.2180743,
  0 0 -5.246063,-0.5483629 0 5.2173245,
  -1.0907178 0 5.1314239,-1.6211226 0 4.9893024,
  -2.1337661 0 4.792517,-2.6230315 0 4.5432238,
  -3.0835585 0 4.2441541,-3.5103013 0 3.8985846,
  -3.8985846 0 3.5103013,-4.2441541 0 3.0835585,
  -4.5432238 0 2.6230315,-4.792517 0 2.1337661,
  -4.9893024 0 1.6211226,-5.1314239 0 1.0907178,
  -5.2173245 0 0.5483629,-5.246063 0 0,
  -5.2173245 0 -0.5483629,-5.1314239 0 -1.0907178,
  -4.9893024 0 -1.6211226,-4.792517 0 -2.1337661,
  -4.5432238 0 -2.6230315,-4.2441541 0 -3.0835585,
  -3.8985846 0 -3.5103013,-3.5103013 0 -3.8985846,
  -3.0835585 0 -4.2441541,-2.6230315 0 -4.5432238,
  -2.1337661 0 -4.792517,-1.6211226 0 -4.9893024,
  -1.0907178 0 -5.1314239,-0.5483629 0 -5.2173245] }
 coordIndex [
  55,24,25,-1,55,54,24,-1,56,25,26,-1,56,55,25,-1,5,0,3,-1,5,3,4,-1,5,4,2,-1,57,26,27,-1,
  57,56,26,-1,1,0,5,-1,58,27,28,-1,37,5,7,-1,58,57,27,-1,37,1,5,-1,38,7,8,-1,59,28,29,-1,
  59,58,28,-1,38,37,7,-1,39,8,9,-1,60,29,30,-1,39,38,8,-1,60,59,29,-1,40,9,10,-1,40,39,9,-1,
  61,30,31,-1,61,60,30,-1,41,10,11,-1,41,40,10,-1,62,31,32,-1,62,61,31,-1,42,41,11,-1,42,11,12,-1,
  63,32,33,-1,63,62,32,-1,43,42,12,-1,64,33,34,-1,43,12,13,-1,64,63,33,-1,44,43,13,-1,65,34,35,-1,
  44,13,14,-1,65,64,34,-1,45,44,14,-1,45,14,15,-1,36,35,6,-1,36,65,35,-1,46,15,16,-1,46,45,15,-1,
  47,16,17,-1,47,46,16,-1,48,17,18,-1,48,47,17,-1,49,18,19,-1,49,48,18,-1,50,19,20,-1,50,49,19,-1,
  51,20,21,-1,51,50,20,-1,52,21,22,-1,52,51,21,-1,53,22,23,-1,53,52,22,-1,54,23,24,-1,54,53,23,-1]
  normalPerVertex TRUE
  normal DEF NORM_15 Normal { vector [
  -0.017823885 -0.00091219853 0.99984073,-0.03222973 -0.012754985 0.9993991,
  -0.034399484 0 0.99940816,-0.013762014 -0.0029690272 0.99990089,
  -0.027521535 -0.00074229502 0.99962094,-0.040987039 -0.0008417076 0.99915932,
  -0.051648762 0 -0.99866531,-0.14826375 0.010655125 0.98889045,
  -0.24993525 0.010497287 0.96820565,-0.34891629 0.010322911 0.93709704,
  -0.44414126 0.010131999 0.89589949,-0.53458495 0.0099245487 0.84505647,
  -0.61927366 0.0097005603 0.7851153,-0.6972956 0.0094600334 0.71672125,
  -0.76781076 0.0092029674 0.6406106,-0.83005993 0.0089293618 0.5576027,
  -0.8833729 0.0086392163 0.46859117,-0.92717563 0.0083325303 0.37453428,
  -0.96099648 0.0080093032 0.2764446,-0.98447127 0.0076695347 0.17537816,
  -0.99734719 0.0073132242 0.072423034,-0.99948555 0.0069403712 -0.031312357,
  -0.99086325 0.0065509753 -0.13471118,-0.97157305 0.0061450359 -0.2366602,
  -0.94182255 0.0057225527 -0.33606179,-0.901932 0.0052835252 -0.43184574,
  -0.85233081 0.004827953 -0.52298076,-0.79355295 0.0043558358 -0.60848562,
  -0.72623119 0.0038671732 -0.68743967,-0.65109032 0.003361965 -0.75899281,
  -0.56893933 0.0028402111 -0.8223746,-0.48066266 0.0023019112 -0.87690256,
  -0.38721077 0.0017470652 -0.92198957,-0.28958982 0.0011756732 -0.95715012,
  -0.18885089 0.00058773517 -0.9820056,-0.086078639 -1.6748664e-05 -0.99628835,
  -0.051994609 -0.00095342202 -0.99864691,-0.1006524 -0.012084454 0.99484826,
  -0.20364582 -0.011929523 0.97897194,-0.30442782 -0.011757462 0.95246284,
  -0.40190383 -0.011568272 0.91560881,-0.49501515 -0.011361951 0.86881005,
  -0.58275049 -0.011138499 0.8125748,-0.66415694 -0.010897915 0.74751374,
  -0.73835031 -0.0106402 0.67433345,-0.80452474 -0.010365352 0.59382868,
  -0.86196145 -0.010073371 0.50687374,-0.91003655 -0.0097642561 0.414413,
  -0.94822783 -0.0094380072 0.31745064,-0.9761204 -0.0090946234 0.21703975,
  -0.99341123 -0.0087341044 0.11427089,-0.99991244 -0.0083564493 0.010260234,
  -0.99555333 -0.0079616577 -0.093862539,-0.98038115 -0.0075497291 -0.19696651,
  -0.95456059 -0.0071206628 -0.29793182,-0.91837203 -0.0066744584 -0.39566181,
  -0.87220843 -0.0062111154 -0.48909495,-0.81657114 -0.0057306333 -0.57721637,
  -0.75206437 -0.0052330117 -0.65906888,-0.67938873 -0.0047182503 -0.73376337,
  -0.59933355 -0.0041863487 -0.80048846,-0.51276832 -0.0036373067 -0.85851932,
  -0.42063327 -0.0030711242 -0.90722556,-0.32392914 -0.002487801 -0.94607807,
  -0.22370634 -0.0018873372 -0.97465477,-0.12105348 -0.0012697327 -0.99264517] }
}
}
DEF SHAPE_16 Shape {
 appearance USE APP_2
 geometry DEF FACE_16 IndexedFaceSet {
  coord DEF COORD_16 Coordinate { point [
  0 0 -4.9311024,0 0 4.9311024,
  0.55210829 0 -4.9000966,1.0972735 0 -4.8074693,
  1.6286399 0 -4.6543853,2.1395251 0 -4.4427697,
  2.6235046 0 -4.1752837,3.074492 0 -3.8552911,
  3.4868159 0 -3.4868159,3.8552911 0 -3.074492,
  4.1752837 0 -2.6235046,4.4427697 0 -2.1395251,
  4.6543853 0 -1.6286399,4.8074693 0 -1.0972735,
  4.9000966 0 -0.55210829,4.9311024 0 0,
  4.9000966 0 0.55210829,4.8074693 0 1.0972735,
  4.6543853 0 1.6286399,4.4427697 0 2.1395251,
  4.1752837 0 2.6235046,3.8552911 0 3.074492,
  3.4868159 0 3.4868159,3.074492 0 3.8552911,
  2.6235046 0 4.1752837,2.1395251 0 4.4427697,
  1.6286399 0 4.6543853,1.0972735 0 4.8074693,
  0.55210829 0 4.9000966,0 0.39370079 -4.9311024,
  0 0.39370079 4.9311024,0.55210829 0.39370079 -4.9000966,
  1.0972735 0.39370079 -4.8074693,1.6286399 0.39370079 -4.6543853,
  2.1395251 0.39370079 -4.4427697,2.6235046 0.39370079 -4.1752837,
  3.074492 0.39370079 -3.8552911,3.4868159 0.39370079 -3.4868159,
  3.8552911 0.39370079 -3.074492,4.1752837 0.39370079 -2.6235046,
  4.4427697 0.39370079 -2.1395251,4.6543853 0.39370079 -1.6286399,
  4.8074693 0.39370079 -1.0972735,4.9000966 0.39370079 -0.55210829,
  4.9311024 0.39370079 0,4.9000966 0.39370079 0.55210829,
  4.8074693 0.39370079 1.0972735,4.6543853 0.39370079 1.6286399,
  4.4427697 0.39370079 2.1395251,4.1752837 0.39370079 2.6235046,
  3.8552911 0.39370079 3.074492,3.4868159 0.39370079 3.4868159,
  3.074492 0.39370079 3.8552911,2.6235046 0.39370079 4.1752837,
  2.1395251 0.39370079 4.4427697,1.6286399 0.39370079 4.6543853,
  1.0972735 0.39370079 4.8074693,0.55210829 0.39370079 4.9000966] }
 coordIndex [
  18,47,46,-1,19,47,18,-1,19,48,47,-1,20,48,19,-1,20,49,48,-1,2,29,0,-1,2,31,29,-1,21,49,20,-1,
  21,50,49,-1,3,32,31,-1,3,31,2,-1,22,50,21,-1,22,51,50,-1,4,33,32,-1,4,32,3,-1,23,51,22,-1,
  23,52,51,-1,5,34,33,-1,5,33,4,-1,24,53,52,-1,24,52,23,-1,6,35,34,-1,6,34,5,-1,25,54,53,-1,
  25,53,24,-1,7,36,35,-1,26,55,54,-1,7,35,6,-1,26,54,25,-1,8,37,36,-1,27,56,55,-1,8,36,7,-1,
  27,55,26,-1,28,57,56,-1,9,38,37,-1,28,56,27,-1,9,37,8,-1,1,57,28,-1,1,30,57,-1,10,39,38,-1,
  10,38,9,-1,11,40,39,-1,11,39,10,-1,12,40,11,-1,12,41,40,-1,13,41,12,-1,13,42,41,-1,14,42,13,-1,
  14,43,42,-1,15,43,14,-1,15,44,43,-1,16,44,15,-1,16,45,44,-1,17,45,16,-1,17,46,45,-1,18,46,17,-1]
  normalPerVertex TRUE
  normal DEF NORM_16 Normal { vector [
  -0.056070447 0 0.99842682,-0.056070447 0 -0.99842682,
  -0.093346229 0 0.99563371,-0.20423489 0 0.97892191,
  -0.31255519 0 0.9498996,-0.41694492 0 0.90893176,
  -0.51609132 0 0.85653356,-0.60874758 0 0.79336397,
  -0.69374848 0 0.72021736,-0.7700251 0 0.6380136,
  -0.8366182 0 0.54778644,-0.89269034 0 0.45067056,
  -0.93753639 0 0.34788723,-0.97059237 0 0.24072902,
  -0.99144258 0 0.1305435,-0.99982483 0 0.018716319,
  -0.99563371 0 -0.093346229,-0.97892191 0 -0.20423489,
  -0.9498996 0 -0.31255519,-0.90893176 0 -0.41694492,
  -0.85653356 0 -0.51609132,-0.79336397 0 -0.60874758,
  -0.72021736 0 -0.69374848,-0.6380136 0 -0.7700251,
  -0.54778644 0 -0.8366182,-0.45067056 0 -0.89269034,
  -0.34788723 0 -0.93753639,-0.24072902 0 -0.97059237,
  -0.1305435 0 -0.99144258,-0.056070447 0 0.99842682,
  -0.056070447 0 -0.99842682,-0.1305435 0 0.99144258,
  -0.24072902 0 0.97059237,-0.34788723 0 0.93753639,
  -0.45067056 0 0.89269034,-0.54778644 0 0.8366182,
  -0.6380136 0 0.7700251,-0.72021736 0 0.69374848,
  -0.79336397 0 0.60874758,-0.85653356 0 0.51609132,
  -0.90893176 0 0.41694492,-0.9498996 0 0.31255519,
  -0.97892191 0 0.20423489,-0.99563371 0 0.093346229,
  -0.99982483 0 -0.018716319,-0.99144258 0 -0.1305435,
  -0.97059237 0 -0.24072902,-0.93753639 0 -0.34788723,
  -0.89269034 0 -0.45067056,-0.8366182 0 -0.54778644,
  -0.7700251 0 -0.6380136,-0.69374848 0 -0.72021736,
  -0.60874758 0 -0.79336397,-0.51609132 0 -0.85653356,
  -0.41694492 0 -0.90893176,-0.31255519 0 -0.9498996,
  -0.20423489 0 -0.97892191,-0.093346229 0 -0.99563371] }
}
}
DEF SHAPE_17 Shape {
 appearance USE APP_1
 geometry DEF FACE_17 IndexedFaceSet {
  coord DEF COORD_17 Coordinate { point [
  0 0.86614173 -5.3149606,0 0.66929134 -5.511811,
  0 0.85650719 -5.3757907,0 0.82854665 -5.4306664,
  0 0.7849971 -5.4742159,0 0.73012146 -5.5021765,
  0.21653543 0.86614173 5.3105479,0.54838386 0.86614173 -5.2865945,
  1.0909142 0.86614173 -5.201799,1.6218001 0.86614173 -5.0614791,
  2.1353748 0.86614173 -4.8671327,2.6261564 0.86614173 -4.6208342,
  3.0889062 0.86614173 -4.3252127,3.5186849 0.86614173 -3.9834236,
  3.9109049 0.86614173 -3.5991151,4.2613796 0.86614173 -3.1763895,
  4.5663681 0.86614173 -2.7197589,4.822615 0.86614173 -2.2340974,
  5.0273849 0.86614173 -1.7245891,5.1784922 0.86614173 -1.1966724,
  5.274324 0.86614173 -0.65598227,5.3138573 0.86614173 -0.1082902,
  5.2966702 0.86614173 0.44055778,5.2229461 0.86614173 0.98470321,
  5.093472 0.86614173 1.5183379,4.9096298 0.86614173 2.0357657,
  4.6733819 0.86614173 2.5314636,4.3872501 0.86614173 3.0001405,
  4.0542885 0.86614173 3.4367938,3.6780511 0.86614173 3.8367625,
  3.262554 0.86614173 4.1957774,2.8122323 0.86614173 4.5100062,
  2.3318925 0.86614173 4.776095,1.826662 0.86614173 4.9912035,
  1.3019337 0.86614173 5.1530355,0.76330834 0.86614173 5.2598638,
  0.21653543 0.66929134 5.507556,0.21653543 0.71542752 5.5019625,
  0.21653543 0.75876994 5.4858717,0.21653543 0.79714916 5.460318,
  0.21653543 0.82840473 5.4264302,0.21653543 0.85091821 5.3860939,
  0.21653543 0.86223533 5.3491514,0.56896049 0.66929134 -5.4823667,
  1.1318422 0.66929134 -5.3943483,1.6826311 0.66929134 -5.2486963,
  2.2154427 0.66929134 -5.0469668,2.7245844 0.66929134 -4.7913151,
  3.2046164 0.66929134 -4.4844726,3.6504099 0.66929134 -4.1297177,
  4.0572023 0.66929134 -3.7308405,4.4206471 0.66929134 -3.2921027,
  4.7368614 0.66929134 -2.8181918,5.0024667 0.66929134 -2.3141711,
  5.2146252 0.66929134 -1.7854257,5.3710703 0.66929134 -1.2376046,
  5.4701304 0.66929134 -0.67656081,5.5107472 0.66929134 -0.10828862,
  5.4924867 0.66929134 0.46114054,5.4155441 0.66929134 1.0256428,
  5.2807413 0.66929134 1.5791871,5.0895187 0.66929134 2.1158591,
  4.8439193 0.66929134 2.6299252,4.546567 0.66929134 3.115893,
  4.2006389 0.66929134 3.5685702,3.8098308 0.66929134 3.9831206,
  3.3783182 0.66929134 4.3551151,2.9107113 0.66929134 4.6805791,
  2.4120062 0.66929134 4.9560354,1.887531 0.66929134 5.1785411,
  1.3428892 0.66929134 5.3457188,0.78389995 0.66929134 5.4557824,
  0.55466016 0.85650719 -5.3471,0.56032208 0.82854665 -5.4016828,
  1.1033998 0.85650719 -5.261334,0.56481541 0.7849971 -5.4449999,
  1.1146633 0.82854665 -5.3150412,1.6403618 0.85650719 -5.1194081,
  0.56770031 0.73012146 -5.4728112,1.123602 0.7849971 -5.3576636,
  1.6571064 0.82854665 -5.1716666,2.1598144 0.85650719 -4.9228374,
  1.1293409 0.73012146 -5.3850288,1.6703951 0.7849971 -5.2131392,
  2.1818616 0.82854665 -4.9730893,2.656213 0.85650719 -4.67372,
  1.6789269 0.73012146 -5.2397663,2.1993583 0.7849971 -5.0129695,
  2.6833274 0.82854665 -4.721429,3.124259 0.85650719 -4.3747151,
  2.2105919 0.73012146 -5.0385741,2.7048455 0.7849971 -4.759291,
  3.1561512 0.82854665 -4.4193718,3.5589565 0.85650719 -4.0290141,
  2.718661 0.73012146 -4.7836,3.181461 0.7849971 -4.4548116,
  3.595286 0.82854665 -4.070142,3.9556655 0.85650719 -3.6403073,
  3.1977108 0.73012146 -4.4775653,3.6241173 0.7849971 -4.1027812,
  3.9960446 0.82854665 -3.6774672,4.3101514 0.85650719 -3.2127435,
  3.6426281 0.73012146 -4.1237369,4.0280896 0.7849971 -3.7069575,
  4.3541491 0.82854665 -3.2455389,4.6186306 0.85650719 -2.7508868,
  4.0486638 0.73012146 -3.7258915,4.3890659 0.7849971 -3.2715655,
  4.6657772 0.82854665 -2.7789676,4.8778102 0.85650719 -2.2596669,
  4.4114838 0.73012146 -3.2882756,4.7031929 0.7849971 -2.8012527,
  4.9276024 0.82854665 -2.2827334,5.0849237 0.85650719 -1.7443271,
  4.7272153 0.73012146 -2.8155606,4.9671178 0.7849971 -2.301039,
  5.1368302 0.82854665 -1.7621331,5.2377605 0.85650719 -1.2103684,
  4.9924883 0.73012146 -2.312792,5.1780234 0.7849971 -1.776264,
  5.2912271 0.82854665 -1.2227237,5.334689 0.85650719 -0.66349004,
  5.2044711 0.73012146 -1.7853366,5.3336585 0.7849971 -1.232529,
  5.3891451 0.82854665 -0.67026289,5.3746748 0.85650719 -0.10952959,
  5.3609011 0.73012146 -1.2388243,5.4323617 0.7849971 -0.67563786,
  5.4295391 0.82854665 -0.11064765,5.357291 0.85650719 0.44559999,
  5.4601085 0.73012146 -0.6790888,5.4730796 0.7849971 -0.11153496,
  5.4119778 0.82854665 0.45014864,5.2827231 0.85650719 0.99597321,
  5.5010343 0.73012146 -0.11210464,5.4553775 0.7849971 0.45375847,
  5.3366487 0.82854665 1.00614,5.1517671 0.85650719 1.5357154,
  5.4832418 0.73012146 0.45607612,5.3794443 0.7849971 1.0142085,
  5.204356 0.82854665 1.5513918,4.9658209 0.85650719 2.0590652,
  5.4069208 0.73012146 1.0193887,5.2460907 0.7849971 1.5638327,
  5.0165116 0.82854665 2.0800839,4.7268691 0.85650719 2.5604364,
  5.272886 0.73012146 1.5718203,5.0567399 0.7849971 2.0967645,
  4.7751206 0.82854665 2.5865731,4.4374625 0.85650719 3.0344774,
  5.0825681 0.73012146 2.1074741,4.8134132 0.7849971 2.6073154,
  4.4827597 0.82854665 3.0654531,4.1006901 0.85650719 3.4761282,
  4.8379986 0.73012146 2.6206327,4.5187078 0.7849971 3.0900355,
  4.1425496 0.82854665 3.5116122,3.7201467 0.85650719 3.8806745,
  4.541788 0.73012146 3.1058184,4.1757695 0.7849971 3.5397725,
  3.7581216 0.82854665 3.9202881,3.2998942 0.85650719 4.2437983,
  4.197098 0.73012146 3.5578525,3.7882587 0.7849971 3.9517257,
  3.3335793 0.82854665 4.2871187,2.8444185 0.85650719 4.5616236,
  3.807608 0.73012146 3.9719098,3.3603119 0.7849971 4.3214979,
  2.8734541 0.82854665 4.6081883,2.3585812 0.85650719 4.8307578,
  3.3774753 0.73012146 4.3435707,2.8964968 0.7849971 4.6451422,
  2.3826574 0.82854665 4.8800698,1.8475683 0.85650719 5.0483282,
  2.9112912 0.73012146 4.6688681,2.4017644 0.7849971 4.919204,
  1.8664282 0.82854665 5.0998611,1.3168344 0.85650719 5.2120124,
  2.4140319 0.73012146 4.9443297,1.8813954 0.7849971 5.1407579,
  1.3302765 0.82854665 5.2652162,0.77204446 0.85650719 5.3200633,
  1.891005 0.73012146 5.1670152,1.3409443 0.7849971 5.307439,
  0.77992543 0.82854665 5.3743701,1.3477934 0.73012146 5.3345477,
  0.7861798 0.7849971 5.4174682,0.79019536 0.73012146 5.4451389] }
 coordIndex [
  151,147,144,-1,151,144,148,-1,152,148,145,-1,152,145,149,-1,153,27,28,-1,153,149,27,-1,154,62,61,-1,154,150,147,-1,
  154,147,151,-1,154,61,150,-1,155,151,148,-1,155,148,152,-1,156,152,149,-1,156,149,153,-1,157,28,29,-1,157,153,28,-1,
  158,63,62,-1,158,151,155,-1,158,62,154,-1,158,154,151,-1,159,155,152,-1,159,152,156,-1,160,156,153,-1,160,153,157,-1,
  161,29,30,-1,161,157,29,-1,162,64,63,-1,162,63,158,-1,162,158,155,-1,162,155,159,-1,163,159,156,-1,163,156,160,-1,
  164,160,157,-1,164,157,161,-1,165,30,31,-1,165,161,30,-1,166,159,163,-1,166,65,64,-1,166,64,162,-1,166,162,159,-1,
  167,163,160,-1,167,160,164,-1,168,164,161,-1,168,161,165,-1,169,31,32,-1,169,165,31,-1,170,166,163,-1,170,163,167,-1,
  170,65,166,-1,170,66,65,-1,171,164,168,-1,171,167,164,-1,172,168,165,-1,172,165,169,-1,173,169,32,-1,173,32,33,-1,
  174,170,167,-1,174,167,171,-1,174,66,170,-1,174,67,66,-1,175,171,168,-1,175,168,172,-1,176,169,173,-1,176,172,169,-1,
  177,33,34,-1,177,173,33,-1,178,174,171,-1,178,171,175,-1,178,67,174,-1,178,68,67,-1,179,175,172,-1,179,172,176,-1,
  180,176,173,-1,180,173,177,-1,181,34,35,-1,181,42,41,-1,181,177,34,-1,181,35,42,-1,182,178,175,-1,182,175,179,-1,
  182,68,178,-1,182,69,68,-1,183,179,176,-1,183,176,180,-1,184,40,39,-1,184,180,177,-1,184,41,40,-1,184,177,181,-1,
  184,181,41,-1,185,179,183,-1,185,182,179,-1,185,69,182,-1,185,70,69,-1,186,39,38,-1,186,180,184,-1,186,184,39,-1,
  186,183,180,-1,187,37,71,-1,187,38,37,-1,187,71,70,-1,187,185,183,-1,187,186,38,-1,187,70,185,-1,187,183,186,-1,
  42,35,6,-1,36,71,37,-1,72,2,0,-1,72,0,7,-1,73,3,2,-1,73,2,72,-1,74,7,8,-1,74,72,7,-1,
  75,4,3,-1,75,3,73,-1,76,73,72,-1,76,72,74,-1,77,8,9,-1,77,74,8,-1,78,5,4,-1,78,1,5,-1,
  78,43,1,-1,78,4,75,-1,79,73,76,-1,79,75,73,-1,80,76,74,-1,80,74,77,-1,81,9,10,-1,81,77,9,-1,
  82,44,43,-1,82,43,78,-1,82,78,75,-1,82,75,79,-1,83,76,80,-1,83,79,76,-1,84,80,77,-1,84,77,81,-1,
  85,10,11,-1,85,81,10,-1,86,82,79,-1,86,45,44,-1,86,44,82,-1,86,79,83,-1,87,83,80,-1,87,80,84,-1,
  88,81,85,-1,88,84,81,-1,89,11,12,-1,89,85,11,-1,90,45,86,-1,90,83,87,-1,90,46,45,-1,90,86,83,-1,
  91,87,84,-1,91,84,88,-1,92,85,89,-1,92,88,85,-1,93,12,13,-1,93,89,12,-1,94,90,87,-1,94,47,46,-1,
  94,46,90,-1,94,87,91,-1,95,88,92,-1,95,91,88,-1,96,89,93,-1,96,92,89,-1,97,13,14,-1,97,93,13,-1,
  98,48,47,-1,98,47,94,-1,98,94,91,-1,98,91,95,-1,99,92,96,-1,99,95,92,-1,100,93,97,-1,100,96,93,-1,
  101,14,15,-1,101,97,14,-1,102,95,99,-1,102,49,48,-1,102,98,95,-1,102,48,98,-1,103,96,100,-1,103,99,96,-1,
  104,100,97,-1,104,97,101,-1,105,15,16,-1,105,101,15,-1,106,49,102,-1,106,99,103,-1,106,102,99,-1,106,50,49,-1,
  107,103,100,-1,107,100,104,-1,108,104,101,-1,108,101,105,-1,109,16,17,-1,109,105,16,-1,110,103,107,-1,110,106,103,-1,
  110,50,106,-1,110,51,50,-1,111,107,104,-1,111,104,108,-1,112,108,105,-1,112,105,109,-1,113,17,18,-1,113,109,17,-1,
  114,110,107,-1,114,107,111,-1,114,52,51,-1,114,51,110,-1,115,111,108,-1,115,108,112,-1,116,112,109,-1,116,109,113,-1,
  117,18,19,-1,117,113,18,-1,118,53,52,-1,118,114,111,-1,118,111,115,-1,118,52,114,-1,119,115,112,-1,119,112,116,-1,
  120,116,113,-1,120,113,117,-1,121,19,20,-1,121,117,19,-1,122,54,53,-1,122,53,118,-1,122,118,115,-1,122,115,119,-1,
  123,119,116,-1,123,116,120,-1,124,120,117,-1,124,117,121,-1,125,20,21,-1,125,121,20,-1,126,55,54,-1,126,54,122,-1,
  126,122,119,-1,126,119,123,-1,127,123,120,-1,127,120,124,-1,128,124,121,-1,128,121,125,-1,129,21,22,-1,129,125,21,-1,
  130,126,123,-1,130,56,55,-1,130,55,126,-1,130,123,127,-1,131,124,128,-1,131,127,124,-1,132,128,125,-1,132,125,129,-1,
  133,22,23,-1,133,129,22,-1,134,130,127,-1,134,56,130,-1,134,57,56,-1,134,127,131,-1,135,131,128,-1,135,128,132,-1,
  136,129,133,-1,136,132,129,-1,137,23,24,-1,137,133,23,-1,138,131,135,-1,138,134,131,-1,138,57,134,-1,138,58,57,-1,
  139,135,132,-1,139,132,136,-1,140,136,133,-1,140,133,137,-1,141,24,25,-1,141,137,24,-1,142,138,135,-1,142,135,139,-1,
  142,58,138,-1,142,59,58,-1,143,139,136,-1,143,136,140,-1,144,140,137,-1,144,137,141,-1,145,25,26,-1,145,141,25,-1,
  146,142,139,-1,146,139,143,-1,146,59,142,-1,146,60,59,-1,147,143,140,-1,147,140,144,-1,148,141,145,-1,148,144,141,-1,
  149,26,27,-1,149,145,26,-1,150,146,143,-1,150,143,147,-1,150,61,60,-1,150,60,146,-1]
  normalPerVertex TRUE
  normal DEF NORM_17 Normal { vector [
  0.0080915796 0.98765601 -0.15642934,0.051036227 0.15612121 -0.98641851,
  0.018569879 0.93315295 -0.35899961,0.032562207 0.77631435 -0.62950436,
  0.043356792 0.54365345 -0.83818919,0.049135629 0.30864374 -0.94990775,
  0.0093321946 0.99487566 0.10067435,0.018843712 0.98768469 -0.15531858,
  0.034768511 0.98768469 -0.1525454,0.050322189 0.98768469 -0.14814393,
  0.065338725 0.98768469 -0.14216117,0.079657831 0.98768469 -0.13466097,
  0.093126665 0.98768469 -0.12572339,0.10560146 0.98768469 -0.11544384,
  0.11694906 0.98768469 -0.10393202,0.12704833 0.98768469 -0.091310835,
  0.13579149 0.98768469 -0.077714988,0.14308519 0.98768469 -0.063289607,
  0.1488516 0.98768469 -0.048188669,0.15302916 0.98768469 -0.032573362,
  0.15557327 0.98768469 -0.016610365,0.15645679 0.98768469 -0.00047006837,
  0.15567027 0.98768469 0.015675246,0.15322213 0.98768469 0.031653242,
  0.14913847 0.98768469 0.04729337,0.14346291 0.98768469 0.062428685,
  0.13625601 0.98768469 0.076897632,0.12759471 0.98768469 0.09054577,
  0.11757146 0.98768469 0.10322742,0.10629324 0.98768469 0.11480721,
  0.093880439 0.98768469 0.12516154,0.080465553 0.98768469 0.13417989,
  0.066191773 0.98768469 0.14176599,0.051211458 0.98768469 0.14783888,
  0.035684509 0.98768469 0.15233372,0.020793826 0.98968366 0.14175286,
  0.090220018 0.11986661 0.98868213,0.089846489 0.20604686 0.97440869,
  0.081967176 0.45277701 0.88784816,0.068557096 0.67172185 0.73762435,
  0.053927547 0.80865714 0.58580325,0.039791222 0.90525943 0.42299176,
  0.01781056 0.98364643 0.17922744,0.11883852 0.15626579 -0.98053986,
  0.21940758 0.15619279 -0.96304939,0.31763552 0.15611985 -0.9352723,
  0.41247312 0.15604697 -0.89750502,0.50290736 0.15597416 -0.85015072,
  0.58797221 0.15590142 -0.79371495,0.66675897 0.15582875 -0.7288003,
  0.73842598 0.15575614 -0.65609991,0.80220762 0.15568359 -0.57639011,
  0.85742244 0.15561111 -0.49052211,0.90348051 0.1555387 -0.39941291,
  0.93988968 0.15546636 -0.30403553,0.96626083 0.15539408 -0.20540859,
  0.98231207 0.15532187 -0.10458543,0.98787172 0.15524972 -0.0026428911,
  0.98288016 0.15517764 0.099330216,0.96739046 0.15510563 0.20024473,
  0.94156782 0.15503368 0.29902275,0.90568781 0.1549618 0.39460921,
  0.86013344 0.15488998 0.48598308,0.80539106 0.15481823 0.5721683,
  0.74204514 0.15474655 0.65224422,0.67077209 0.15467493 0.72535541,
  0.59233298 0.15460338 0.79072083,0.50756546 0.1545319 0.84764214,
  0.41737477 0.15446048 0.89551117,0.32272412 0.15438913 0.93381644,
  0.22462436 0.15431785 0.96214859,0.127894 0.1464244 0.98091948,
  0.034578681 0.95087741 -0.3076304,0.062973344 0.80873345 -0.58479446,
  0.066134641 0.95087741 -0.30242083,0.08517884 0.58750527 -0.80472488,
  0.12297483 0.80873345 -0.57517597,0.096984676 0.95087741 -0.2939832,
  0.081828419 0.30879201 -0.94760308,0.16775367 0.58750527 -0.7916415,
  0.18166368 0.80873345 -0.55941801,0.12679949 0.95087741 -0.28240758,
  0.17916881 0.30882619 -0.93409043,0.24853788 0.58750527 -0.7701081,
  0.23841343 0.80873345 -0.53768879,0.15526084 0.95087741 -0.26781752,
  0.27459418 0.30886034 -0.91060602,0.32666918 0.58750527 -0.74035452,
  0.29261835 0.80873345 -0.51022025,0.18206493 0.95087741 -0.25036876,
  0.36708584 0.30889445 -0.87740082,0.4013136 0.58750527 -0.70269834,
  0.34369984 0.80873345 -0.47730559,0.20692564 0.95087741 -0.23024754,
  0.45565646 0.30892854 -0.83482954,0.47167437 0.58750527 -0.65754152,
  0.39111265 0.80873345 -0.43929613,0.22957761 0.95087741 -0.20766865,
  0.53936056 0.30896259 -0.78334686,0.53700046 0.58750527 -0.60536606,
  0.43435071 0.80873345 -0.39659761,0.24977907 0.95087741 -0.1828731,
  0.61730468 0.3089966 -0.72350261,0.59659457 0.58750527 -0.54672889,
  0.47295248 0.80873345 -0.34966577,0.26731436 0.95087741 -0.15612554,
  0.68865683 0.30903059 -0.65593587,0.6498206 0.58750527 -0.4822559,
  0.50650593 0.80873345 -0.29900158,0.28199632 0.95087741 -0.12771149,
  0.75265544 0.30906453 -0.58136812,0.6961104 0.58750527 -0.41263528,
  0.5346529 0.80873345 -0.24514584,0.29366824 0.95087741 -0.097934242,
  0.80861745 0.30909845 -0.5005956,0.73496987 0.58750527 -0.33861017,
  0.55709295 0.80873345 -0.18867338,0.30220553 0.95087741 -0.067111636,
  0.85594562 0.30913233 -0.41448075,0.76598424 0.58750527 -0.26097071,
  0.57358656 0.80873345 -0.13018702,0.30751705 0.95087741 -0.035572676,
  0.89413488 0.30916618 -0.32394303,0.78882244 0.58750527 -0.18054563,
  0.58395767 0.80873345 -0.070311036,0.30954612 0.95087741 -0.0036540114,
  0.92277775 0.3092 -0.22994908,0.8032407 0.58750527 -0.098193399,
  0.58809558 0.80873345 -0.0096845452,0.30827107 0.95087741 0.028303656,
  0.94156867 0.30923378 -0.13350244,0.80908512 0.58750527 -0.014793045,
  0.58595612 0.80873345 0.051045319,0.30370552 0.95087741 0.059959209,
  0.95030726 0.30926753 -0.035632798,0.80629331 0.58750527 0.068765211,
  0.57756213 0.80873345 0.11123032,0.2958982 0.95087741 0.090974754,
  0.94890047 0.30930125 0.062614991,0.79489509 0.58750527 0.15158946,
  0.56300321 0.80873345 0.17022805,0.28493244 0.95087741 0.12101923,
  0.93736354 0.30933493 0.16019206,0.7750121 0.58750527 0.23279564,
  0.54243475 0.80873345 0.22740875,0.2709253 0.95087741 0.14977194,
  0.91581987 0.30936858 0.25605672,0.74685658 0.58750527 0.31151694,
  0.51607632 0.80873345 0.28216207,0.25402628 0.95087741 0.17692597,
  0.88449969 0.3094022 0.34918559,0.71072908 0.58750527 0.38691309,
  0.48420925 0.80873345 0.33390358,0.23441577 0.95087741 0.20219148,
  0.84373759 0.30943578 0.43858452,0.6670152 0.58750527 0.45817931,
  0.44717371 0.80873345 0.38208098,0.2123031 0.95087741 0.22529879,
  0.79396894 0.30946933 0.5232992,0.61618157 0.58750527 0.52455489,
  0.405365 0.80873345 0.42618003,0.18792428 0.95087741 0.24600125,
  0.73572526 0.30950285 0.60242537,0.55877077 0.58750527 0.58533134,
  0.35922941 0.80873345 0.46573,0.16153955 0.95087741 0.26407787,
  0.66962855 0.30953633 0.6751184,0.49539563 0.58750527 0.63985993,
  0.30925937 0.80873345 0.50030875,0.13343054 0.95087741 0.27933571,
  0.59638461 0.30956979 0.74060242,0.4267326 0.58750527 0.68755862,
  0.25598829 0.80873345 0.52954716,0.10389728 0.95087741 0.29161191,
  0.51677552 0.3096032 0.7981785,0.35351459 0.58750527 0.72791826,
  0.19998477 0.80873345 0.55313316,0.073255021 0.95087741 0.30077542,
  0.43165132 0.30963659 0.84723215,0.27652316 0.58750527 0.76050806,
  0.14184659 0.80873345 0.57081498,0.041031657 0.95972153 0.2779406,
  0.34192089 0.30966994 0.8872399,0.19658009 0.58750527 0.78498014,
  0.078922844 0.82264985 0.56304387,0.24854226 0.30970326 0.91777483,
  0.11553766 0.60498445 0.78781017,0.14535935 0.3139935 0.93823171] }
}
}
DEF SHAPE_18 Shape {
 appearance USE APP_1
 geometry DEF FACE_18 IndexedFaceSet {
  coord DEF COORD_18 Coordinate { point [
  0 0.66929134 -5.511811,0 0.19685039 -5.511811,
  0.21653543 0.66929134 5.507556,0.56896049 0.66929134 -5.4823667,
  1.1318422 0.66929134 -5.3943483,1.6826311 0.66929134 -5.2486963,
  2.2154427 0.66929134 -5.0469668,2.7245844 0.66929134 -4.7913151,
  3.2046164 0.66929134 -4.4844726,3.6504099 0.66929134 -4.1297177,
  4.0572023 0.66929134 -3.7308405,4.4206471 0.66929134 -3.2921027,
  4.7368614 0.66929134 -2.8181918,5.0024667 0.66929134 -2.3141711,
  5.2146252 0.66929134 -1.7854257,5.3710703 0.66929134 -1.2376046,
  5.4701304 0.66929134 -0.67656081,5.5107472 0.66929134 -0.10828862,
  5.4924867 0.66929134 0.46114054,5.4155441 0.66929134 1.0256428,
  5.2807413 0.66929134 1.5791871,5.0895187 0.66929134 2.1158591,
  4.8439193 0.66929134 2.6299252,4.546567 0.66929134 3.115893,
  4.2006389 0.66929134 3.5685702,3.8098308 0.66929134 3.9831206,
  3.3783182 0.66929134 4.3551151,2.9107113 0.66929134 4.6805791,
  2.4120062 0.66929134 4.9560354,1.887531 0.66929134 5.1785411,
  1.3428892 0.66929134 5.3457188,0.78389995 0.66929134 5.4557824,
  0.21653543 0.19685039 5.507556,3.913712 0.19685039 3.8810977,
  3.3990939 0.19685039 4.3389193,2.8313937 0.19685039 4.7289819,
  2.2194769 0.19685039 5.0451941,1.5728994 0.19685039 5.2826176,
  0.90175859 0.19685039 5.4375447,3.913712 0.53149606 3.8810977,
  3.913712 0.53149606 -3.8810977,4.3216043 0.53149606 -3.4210812,
  4.6757269 0.53149606 -2.9184993,4.9716737 0.53149606 -2.3796052,
  5.2057625 0.53149606 -1.8111038,5.3750808 0.53149606 -1.2200686,
  5.4775218 0.53149606 -0.61385309,5.511811 0.53149606 0,
  5.4775218 0.53149606 0.61385309,5.3750808 0.53149606 1.2200686,
  5.2057625 0.53149606 1.8111038,4.9716737 0.53149606 2.3796052,
  4.6757269 0.53149606 2.9184993,4.3216043 0.53149606 3.4210812,
  3.913712 0.19685039 -3.8810977,0.72324629 0.19685039 -5.4641537,
  1.4339856 0.19685039 -5.3220058,2.1199273 0.19685039 -5.0878256,
  2.7692095 0.19685039 -4.7656625,3.3706043 0.19685039 -4.3610878] }
 coordIndex [
  51,50,21,-1,52,22,23,-1,52,51,22,-1,1,0,3,-1,53,23,24,-1,53,52,23,-1,39,24,25,-1,39,53,24,-1,
  55,3,4,-1,26,39,25,-1,55,1,3,-1,56,4,5,-1,56,55,4,-1,57,5,6,-1,57,56,5,-1,34,26,27,-1,
  34,33,39,-1,34,39,26,-1,58,6,7,-1,58,7,8,-1,35,27,28,-1,58,57,6,-1,35,34,27,-1,40,8,9,-1,
  40,9,10,-1,36,28,29,-1,36,35,28,-1,59,58,8,-1,59,8,40,-1,41,10,11,-1,37,29,30,-1,41,40,10,-1,
  37,36,29,-1,38,30,31,-1,38,37,30,-1,32,31,2,-1,54,59,40,-1,32,38,31,-1,42,11,12,-1,42,41,11,-1,
  43,42,12,-1,43,12,13,-1,44,43,13,-1,44,13,14,-1,45,44,14,-1,45,14,15,-1,16,45,15,-1,46,45,16,-1,
  17,46,16,-1,47,46,17,-1,18,47,17,-1,48,18,19,-1,48,47,18,-1,49,19,20,-1,49,48,19,-1,50,20,21,-1,
  50,49,20,-1,51,21,22,-1]
  normalPerVertex TRUE
  normal DEF NORM_18 Normal { vector [
  0.051681912 0 -0.9986636,0.059558025 -0.0095153712 -0.99817949,
  0.090875227 0 0.99586229,0.088658369 -0.0028315379 -0.99605807,
  0.20175808 -0.0011102855 -0.97943476,0.31222116 -0.0014520201 -0.95000834,
  0.41860083 -0.0038568427 -0.90816214,0.49431739 -0.00050872767 -0.86928135,
  0.59395437 -0.0094896557 -0.80444276,0.65983423 -0.086012893 -0.74647208,
  0.74033333 0.010732522 -0.67215428,0.80747713 0.0085558503 -0.58983683,
  0.86551076 0.0055756916 -0.5008593,0.91377234 0.0017919084 -0.40622271,
  0.95170727 -0.0027955196 -0.30699422,0.97446558 -0.00021303154 -0.22453682,
  0.99040832 0.00092473245 -0.13816841,0.99946561 0.0048718326 -0.032322878,
  0.99723459 0.0080152914 0.073884517,0.98374838 0.01035523 0.17925371,
  0.95916508 0.011891817 0.28259677,0.92376558 0.012625198 0.38275025,
  0.87795028 0.012555451 0.47858717,0.82223472 0.011682571 0.56902863,
  0.75724432 0.010006463 0.65305506,0.69114485 -0.013955149 0.72258152,
  0.62679857 -0.0073667762 0.77914651,0.54262706 -0.0022968288 0.83997059,
  0.44573504 -0.00012692534 0.89516493,0.3432984 0.00069552293 0.93922613,
  0.23659306 0.00017066815 0.97160882,0.12694601 -0.0017015883 0.99190817,
  0.09676789 -0.0071402877 0.99528136,0.66467473 0 0.74713286,
  0.61613673 -0.0026746192 0.78763467,0.50489369 -0.0081563629 0.863143,
  0.39910863 -0.010674485 0.91684151,0.28771771 -0.010924909 0.95765295,
  0.17228131 -0.0089077124 0.98500751,0.67853509 -0.0068573597 0.73453598,
  0.66592453 -0.0062519889 -0.74599292,0.77949047 -0.021795382 -0.62603479,
  0.84302415 -0.018634898 -0.53755281,0.89656256 -0.014488885 -0.44268008,
  0.93945798 -0.0093568836 -0.34253635,0.97480682 -0.0087942859 -0.22287736,
  0.99502775 -0.01352582 -0.098675391,0.99978867 -0.017872169 0.010158726,
  0.99268427 -0.021232885 0.11885754,0.97381008 -0.023608492 0.22613395,
  0.94339736 -0.024999458 0.33072111,0.90180981 -0.025406097 0.43138567,
  0.84953941 -0.024828505 0.52694054,0.78720109 -0.023266546 0.61625734,
  0.66222457 0 -0.74930543,0.13779325 -0.011504952 -0.99039419,
  0.25887036 -0.012856269 -0.96582651,0.3760099 -0.010165812 -0.92655988,
  0.49883191 -0.0094712462 -0.866647,0.62310047 0.0056426324 -0.78212145] }
}
}
DEF SHAPE_19 Shape {
 appearance USE APP_1
 geometry DEF FACE_19 IndexedFaceSet {
  coord DEF COORD_19 Coordinate { point [
  6.2795276 0.19685039 -0.59055118,6.2795276 0.19685039 0.59055118,
  6.1131501 0.19685039 -0.56662971,5.9602515 0.19685039 -0.49680327,
  5.8332188 0.19685039 -0.38672878,5.7423433 0.19685039 -0.24532383,
  5.6949873 0.19685039 -0.084044196,5.6949873 0.19685039 0.084044196,
  5.7423433 0.19685039 0.24532383,5.8332188 0.19685039 0.38672878,
  5.9602515 0.19685039 0.49680327,6.1131501 0.19685039 0.56662971,
  6.4459051 0.19685039 0.56662971,6.5988036 0.19685039 0.49680327,
  6.7258364 0.19685039 0.38672878,6.8167118 0.19685039 0.24532383,
  6.8640678 0.19685039 0.084044196,6.8640678 0.19685039 -0.084044196,
  6.8167118 0.19685039 -0.24532383,6.7258364 0.19685039 -0.38672878,
  6.5988036 0.19685039 -0.49680327,6.4459051 0.19685039 -0.56662971,
  -6.2795276 0.19685039 -0.59055118,-6.2795276 0.19685039 0.59055118,
  -6.4459051 0.19685039 -0.56662971,-6.5988036 0.19685039 -0.49680327,
  -6.7258364 0.19685039 -0.38672878,-6.8167118 0.19685039 -0.24532383,
  -6.8640678 0.19685039 -0.084044196,-6.8640678 0.19685039 0.084044196,
  -6.8167118 0.19685039 0.24532383,-6.7258364 0.19685039 0.38672878,
  -6.5988036 0.19685039 0.49680327,-6.4459051 0.19685039 0.56662971,
  -6.1131501 0.19685039 0.56662971,-5.9602515 0.19685039 0.49680327,
  -5.8332188 0.19685039 0.38672878,-5.7423433 0.19685039 0.24532383,
  -5.6949873 0.19685039 0.084044196,-5.6949873 0.19685039 -0.084044196,
  -5.7423433 0.19685039 -0.24532383,-5.8332188 0.19685039 -0.38672878,
  -5.9602515 0.19685039 -0.49680327,-6.1131501 0.19685039 -0.56662971,
  0.21653543 0.19685039 5.2415923,0.21653543 0.19685039 5.507556,
  0 0.19685039 -5.246063,0.54118204 0.19685039 -5.2180743,
  1.0765895 0.19685039 -5.1344067,1.6005093 0.19685039 -4.9959531,
  2.107351 0.19685039 -4.8041907,2.5917066 0.19685039 -4.5611659,
  3.0484076 0.19685039 -4.2694716,3.472581 0.19685039 -3.9322205,
  3.8597006 0.19685039 -3.5530111,4.2056358 0.19685039 -3.1358898,
  4.5066952 0.19685039 -2.6853073,4.7596665 0.19685039 -2.2060715,
  4.9618504 0.19685039 -1.7032962,5.1110894 0.19685039 -1.182346,
  5.2057912 0.19685039 -0.64877976,5.2449452 0.19685039 -0.10829079,
  5.2281337 0.19685039 0.43335369,5.155536 0.19685039 0.97037412,
  5.0279267 0.19685039 1.4970403,4.8466676 0.19685039 2.0077325,
  4.6136928 0.19685039 2.4970014,4.331488 0.19685039 2.9596264,
  4.0030647 0.19685039 3.390671,3.6319272 0.19685039 3.7855359,
  3.2220356 0.19685039 4.1400077,2.7777636 0.19685039 4.450304,
  2.3038519 0.19685039 4.713114,1.8053572 0.19685039 4.9256332,
  1.2875987 0.19685039 5.085594,0.75610101 0.19685039 5.1912896,
  -0.21653543 0.19685039 5.2415923,-0.75610101 0.19685039 5.1912896,
  -1.2875987 0.19685039 5.085594,-1.8053572 0.19685039 4.9256332,
  -2.3038519 0.19685039 4.713114,-2.7777636 0.19685039 4.450304,
  -3.2220356 0.19685039 4.1400077,-3.6319272 0.19685039 3.7855359,
  -4.0030647 0.19685039 3.390671,-4.331488 0.19685039 2.9596264,
  -4.6136928 0.19685039 2.4970014,-4.8466676 0.19685039 2.0077325,
  -5.0279267 0.19685039 1.4970403,-5.155536 0.19685039 0.97037412,
  -5.2281337 0.19685039 0.43335369,-5.2449452 0.19685039 -0.10829079,
  -5.2057912 0.19685039 -0.64877976,-5.1110894 0.19685039 -1.182346,
  -4.9618504 0.19685039 -1.7032962,-4.7596665 0.19685039 -2.2060715,
  -4.5066952 0.19685039 -2.6853073,-4.2056358 0.19685039 -3.1358898,
  -3.8597006 0.19685039 -3.5530111,-3.472581 0.19685039 -3.9322205,
  -3.0484076 0.19685039 -4.2694716,-2.5917066 0.19685039 -4.5611659,
  -2.107351 0.19685039 -4.8041907,-1.6005093 0.19685039 -4.9959531,
  -1.0765895 0.19685039 -5.1344067,-0.54118204 0.19685039 -5.2180743,
  -0.21653543 0.19685039 5.507556,-3.913712 0.19685039 3.8810977,
  -0.90175859 0.19685039 5.4375447,-1.5728994 0.19685039 5.2826176,
  -2.2194769 0.19685039 5.0451941,-2.8313937 0.19685039 4.7289819,
  -3.3990939 0.19685039 4.3389193,-7.212645 0.19685039 0.55444253,
  -7.212645 0.19685039 -0.55444253,-7.3560185 0.19685039 -0.35571043,
  -7.4313535 0.19685039 -0.1225259,-7.4313535 0.19685039 0.1225259,
  -7.3560185 0.19685039 0.35571043,-3.913712 0.19685039 -3.8810977,
  0 0.19685039 -5.511811,-3.3706043 0.19685039 -4.3610878,
  -2.7692095 0.19685039 -4.7656625,-2.1199273 0.19685039 -5.0878256,
  -1.4339856 0.19685039 -5.3220058,-0.72324629 0.19685039 -5.4641537,
  3.913712 0.19685039 -3.8810977,0.72324629 0.19685039 -5.4641537,
  1.4339856 0.19685039 -5.3220058,2.1199273 0.19685039 -5.0878256,
  2.7692095 0.19685039 -4.7656625,3.3706043 0.19685039 -4.3610878,
  7.212645 0.19685039 -0.55444253,7.212645 0.19685039 0.55444253,
  7.3560185 0.19685039 0.35571043,7.4313535 0.19685039 0.1225259,
  7.4313535 0.19685039 -0.1225259,7.3560185 0.19685039 -0.35571043,
  3.913712 0.19685039 3.8810977,3.3990939 0.19685039 4.3389193,
  2.8313937 0.19685039 4.7289819,2.2194769 0.19685039 5.0451941,
  1.5728994 0.19685039 5.2826176,0.90175859 0.19685039 5.4375447] }
 coordIndex [
  99,119,121,-1,99,98,119,-1,112,107,83,-1,112,83,82,-1,97,119,98,-1,100,121,122,-1,100,99,121,-1,55,54,126,-1,
  132,18,19,-1,132,19,20,-1,132,20,21,-1,132,21,58,-1,132,57,56,-1,132,58,57,-1,96,114,119,-1,132,56,126,-1,
  96,119,97,-1,101,100,122,-1,11,63,10,-1,11,64,63,-1,25,26,114,-1,27,115,114,-1,27,114,26,-1,24,25,114,-1,
  95,114,96,-1,81,112,82,-1,28,116,115,-1,28,115,27,-1,102,122,123,-1,102,101,122,-1,29,117,116,-1,29,118,117,-1,
  56,55,126,-1,29,116,28,-1,111,112,81,-1,94,22,24,-1,94,114,95,-1,94,24,114,-1,80,111,81,-1,103,123,124,-1,
  103,102,123,-1,30,113,118,-1,30,118,29,-1,142,143,74,-1,142,74,73,-1,31,113,30,-1,1,64,11,-1,1,65,64,-1,
  110,111,80,-1,93,42,43,-1,93,43,22,-1,93,22,94,-1,79,110,80,-1,137,17,18,-1,137,18,132,-1,104,103,124,-1,
  12,65,1,-1,125,104,124,-1,32,113,31,-1,33,113,32,-1,109,110,79,-1,78,109,79,-1,92,40,41,-1,92,41,42,-1,
  92,42,93,-1,105,104,125,-1,120,105,125,-1,108,109,78,-1,108,78,77,-1,91,38,39,-1,91,39,40,-1,91,40,92,-1,
  141,142,73,-1,141,73,72,-1,46,105,120,-1,90,36,37,-1,90,37,38,-1,90,38,91,-1,47,120,127,-1,47,46,120,-1,
  136,17,137,-1,106,108,77,-1,89,36,90,-1,106,77,76,-1,89,34,35,-1,89,35,36,-1,48,47,127,-1,128,48,127,-1,
  88,23,34,-1,88,34,89,-1,3,4,60,-1,3,60,59,-1,5,60,4,-1,5,61,60,-1,2,3,59,-1,49,48,128,-1,
  6,61,5,-1,129,49,128,-1,87,33,23,-1,87,23,88,-1,87,113,33,-1,50,49,129,-1,0,2,59,-1,0,59,58,-1,
  7,61,6,-1,7,62,61,-1,86,113,87,-1,21,0,58,-1,135,17,136,-1,135,16,17,-1,75,45,44,-1,130,50,129,-1,
  140,141,72,-1,140,72,71,-1,51,50,130,-1,134,15,16,-1,134,16,135,-1,139,140,71,-1,139,70,69,-1,139,71,70,-1,
  133,12,13,-1,133,13,14,-1,133,14,15,-1,133,66,65,-1,133,67,66,-1,133,15,134,-1,133,65,12,-1,138,139,69,-1,
  138,67,133,-1,85,113,86,-1,138,68,67,-1,138,69,68,-1,8,62,7,-1,52,51,130,-1,131,52,130,-1,9,62,8,-1,
  9,63,62,-1,53,52,131,-1,143,45,75,-1,74,143,75,-1,107,113,85,-1,107,85,84,-1,126,53,131,-1,83,107,84,-1,
  54,53,126,-1,10,63,9,-1]
  normalPerVertex TRUE
  normal DEF NORM_19 Normal { vector [
  0 -1 0,0 -1 0,
  0 -1 0,0 -1 0,
  0 -1 0,0 -1 0,
  0 -1 0,0 -1 0,
  0 -1 0,0 -1 0,
  0 -1 0,0 -1 0,
  0 -1 0,0 -1 0,
  0 -1 0,0 -1 0,
  0 -1 0,0 -1 0,
  0 -1 0,0 -1 0,
  0 -1 0,0 -1 0,
  0 -1 0,0 -1 0,
  0 -1 0,0 -1 0,
  0 -1 0,0 -1 0,
  0 -1 0,0 -1 0,
  0 -1 0,0 -1 0,
  0 -1 0,0 -1 0,
  0 -1 0,0 -1 0,
  0 -1 0,0 -1 0,
  0 -1 0,0 -1 0,
  0 -1 0,0 -1 0,
  0 -1 0,0 -1 0,
  0 -1 0,0 -1 0,
  0 -1 0,0 -1 0,
  0 -1 0,0 -1 0,
  0 -1 0,0 -1 0,
  0 -1 0,0 -1 0,
  0 -1 0,0 -1 0,
  0 -1 0,0 -1 0,
  0 -1 0,0 -1 0,
  0 -1 0,0 -1 0,
  0 -1 0,0 -1 0,
  0 -1 0,0 -1 0,
  0 -1 0,0 -1 0,
  0 -1 0,0 -1 0,
  0 -1 0,0 -1 0,
  0 -1 0,0 -1 0,
  0 -1 0,0 -1 0,
  0 -1 0,0 -1 0,
  0 -1 0,0 -1 0,
  0 -1 0,0 -1 0,
  0 -1 0,0 -1 0,
  0 -1 0,0 -1 0,
  0 -1 0,0 -1 0,
  0 -1 0,0 -1 0,
  0 -1 0,0 -1 0,
  0 -1 0,0 -1 0,
  0 -1 0,0 -1 0,
  0 -1 0,0 -1 0,
  0 -1 0,0 -1 0,
  0 -1 0,0 -1 0,
  0 -1 0,0 -1 0,
  0 -1 0,0 -1 0,
  0 -1 0,0 -1 0,
  0 -1 0,0 -1 0,
  0 -1 0,0 -1 0,
  0 -1 0,0 -1 0,
  0 -1 0,0 -1 0,
  0 -1 0,0 -1 0,
  0 -1 0,0 -1 0,
  0 -1 0,0 -1 0,
  0 -1 0,0 -1 0,
  0 -1 0,0 -1 0,
  0 -1 0,0 -1 0,
  0 -1 0,0 -1 0,
  0 -1 0,0 -1 0,
  0 -1 0,0 -1 0,
  0 -1 0,0 -1 0,
  0 -1 0,0 -1 0,
  0 -1 0,0 -1 0,
  0 -1 0,0 -1 0,
  0 -1 0,0 -1 0] }
}
}
DEF SHAPE_20 Shape {
 appearance USE APP_1
 geometry DEF FACE_20 IndexedFaceSet {
  coord DEF COORD_20 Coordinate { point [
  0 0.86614173 -4.980315,0 0.86614173 4.980315,
  0.55761836 0.86614173 -4.9489998,1.1082243 0.86614173 -4.8554481,
  1.6448938 0.86614173 -4.7008363,2.1608777 0.86614173 -4.4871087,
  2.6496873 0.86614173 -4.2169532,3.1051756 0.86614173 -3.893767,
  3.5216145 0.86614173 -3.5216145,3.893767 0.86614173 -3.1051756,
  4.2169532 0.86614173 -2.6496873,4.4871087 0.86614173 -2.1608777,
  4.7008363 0.86614173 -1.6448938,4.8554481 0.86614173 -1.1082243,
  4.9489998 0.86614173 -0.55761836,4.980315 0.86614173 0,
  4.9489998 0.86614173 0.55761836,4.8554481 0.86614173 1.1082243,
  4.7008363 0.86614173 1.6448938,4.4871087 0.86614173 2.1608777,
  4.2169532 0.86614173 2.6496873,3.893767 0.86614173 3.1051756,
  3.5216145 0.86614173 3.5216145,3.1051756 0.86614173 3.893767,
  2.6496873 0.86614173 4.2169532,2.1608777 0.86614173 4.4871087,
  1.6448938 0.86614173 4.7008363,1.1082243 0.86614173 4.8554481,
  0.55761836 0.86614173 4.9489998,-0.55761836 0.86614173 4.9489998,
  -1.1082243 0.86614173 4.8554481,-1.6448938 0.86614173 4.7008363,
  -2.1608777 0.86614173 4.4871087,-2.6496873 0.86614173 4.2169532,
  -3.1051756 0.86614173 3.893767,-3.5216145 0.86614173 3.5216145,
  -3.893767 0.86614173 3.1051756,-4.2169532 0.86614173 2.6496873,
  -4.4871087 0.86614173 2.1608777,-4.7008363 0.86614173 1.6448938,
  -4.8554481 0.86614173 1.1082243,-4.9489998 0.86614173 0.55761836,
  -4.980315 0.86614173 0,-4.9489998 0.86614173 -0.55761836,
  -4.8554481 0.86614173 -1.1082243,-4.7008363 0.86614173 -1.6448938,
  -4.4871087 0.86614173 -2.1608777,-4.2169532 0.86614173 -2.6496873,
  -3.893767 0.86614173 -3.1051756,-3.5216145 0.86614173 -3.5216145,
  -3.1051756 0.86614173 -3.893767,-2.6496873 0.86614173 -4.2169532,
  -2.1608777 0.86614173 -4.4871087,-1.6448938 0.86614173 -4.7008363,
  -1.1082243 0.86614173 -4.8554481,-0.55761836 0.86614173 -4.9489998,
  0.21653543 0.86614173 5.3105479,0.21653543 0.86614173 5.2415923,
  0 0.86614173 -5.3149606,0.54838386 0.86614173 -5.2865945,
  1.0909142 0.86614173 -5.201799,1.6218001 0.86614173 -5.0614791,
  2.1353748 0.86614173 -4.8671327,2.6261564 0.86614173 -4.6208342,
  3.0889062 0.86614173 -4.3252127,3.5186849 0.86614173 -3.9834236,
  3.9109049 0.86614173 -3.5991151,4.2613796 0.86614173 -3.1763895,
  4.5663681 0.86614173 -2.7197589,4.822615 0.86614173 -2.2340974,
  5.0273849 0.86614173 -1.7245891,5.1784922 0.86614173 -1.1966724,
  5.274324 0.86614173 -0.65598227,5.3138573 0.86614173 -0.1082902,
  5.2966702 0.86614173 0.44055778,5.2229461 0.86614173 0.98470321,
  5.093472 0.86614173 1.5183379,4.9096298 0.86614173 2.0357657,
  4.6733819 0.86614173 2.5314636,4.3872501 0.86614173 3.0001405,
  4.0542885 0.86614173 3.4367938,3.6780511 0.86614173 3.8367625,
  3.262554 0.86614173 4.1957774,2.8122323 0.86614173 4.5100062,
  2.3318925 0.86614173 4.776095,1.826662 0.86614173 4.9912035,
  1.3019337 0.86614173 5.1530355,0.76330834 0.86614173 5.2598638,
  -0.21653543 0.86614173 5.3105479,-0.76330834 0.86614173 5.2598638,
  -1.3019337 0.86614173 5.1530355,-1.826662 0.86614173 4.9912035,
  -2.3318925 0.86614173 4.776095,-2.8122323 0.86614173 4.5100062,
  -3.262554 0.86614173 4.1957774,-3.6780511 0.86614173 3.8367625,
  -4.0542885 0.86614173 3.4367938,-4.3872501 0.86614173 3.0001405,
  -4.6733819 0.86614173 2.5314636,-4.9096298 0.86614173 2.0357657,
  -5.093472 0.86614173 1.5183379,-5.2229461 0.86614173 0.98470321,
  -5.2966702 0.86614173 0.44055778,-5.3138573 0.86614173 -0.1082902,
  -5.274324 0.86614173 -0.65598227,-5.1784922 0.86614173 -1.1966724,
  -5.0273849 0.86614173 -1.7245891,-4.822615 0.86614173 -2.2340974,
  -4.5663681 0.86614173 -2.7197589,-4.2613796 0.86614173 -3.1763895,
  -3.9109049 0.86614173 -3.5991151,-3.5186849 0.86614173 -3.9834236,
  -3.0889062 0.86614173 -4.3252127,-2.6261564 0.86614173 -4.6208342,
  -2.1353748 0.86614173 -4.8671327,-1.6218001 0.86614173 -5.0614791,
  -1.0909142 0.86614173 -5.201799,-0.54838386 0.86614173 -5.2865945,
  -0.21653543 0.86614173 5.2415923,0 0.86614173 5.246063,
  -0.072196709 0.86614173 5.2455662,-0.14437974 0.86614173 5.2440758,
  0.14437974 0.86614173 5.2440758,0.072196709 0.86614173 5.2455662] }
 coordIndex [
  53,114,52,-1,69,11,12,-1,69,12,70,-1,63,5,6,-1,18,19,77,-1,63,62,5,-1,115,114,53,-1,35,96,95,-1,
  68,10,11,-1,68,11,69,-1,76,18,77,-1,34,35,95,-1,64,6,7,-1,34,95,94,-1,64,63,6,-1,36,96,35,-1,
  67,9,10,-1,36,97,96,-1,67,10,68,-1,65,7,8,-1,65,64,7,-1,66,8,9,-1,37,97,36,-1,66,9,67,-1,
  37,98,97,-1,66,65,8,-1,33,34,94,-1,33,93,92,-1,33,94,93,-1,17,18,76,-1,32,33,92,-1,32,92,91,-1,
  38,98,37,-1,38,99,98,-1,39,99,38,-1,39,100,99,-1,54,115,53,-1,116,115,54,-1,31,32,91,-1,31,91,90,-1,
  75,17,76,-1,16,17,75,-1,30,31,90,-1,30,90,89,-1,40,100,39,-1,40,101,100,-1,41,102,101,-1,41,101,40,-1,
  55,116,54,-1,29,30,89,-1,118,29,89,-1,118,89,88,-1,117,116,55,-1,74,16,75,-1,0,117,55,-1,42,103,102,-1,
  42,102,41,-1,1,120,119,-1,1,121,120,-1,1,118,121,-1,15,16,74,-1,1,122,57,-1,1,123,122,-1,1,119,123,-1,
  1,29,118,-1,87,57,56,-1,43,104,103,-1,58,117,0,-1,43,103,42,-1,73,15,74,-1,28,57,87,-1,28,1,57,-1,
  27,28,87,-1,27,87,86,-1,14,15,73,-1,44,104,43,-1,44,105,104,-1,106,105,44,-1,26,27,86,-1,59,0,2,-1,
  59,58,0,-1,72,14,73,-1,26,86,85,-1,45,106,44,-1,107,106,45,-1,46,107,45,-1,13,14,72,-1,25,26,85,-1,
  25,85,84,-1,108,107,46,-1,24,25,84,-1,60,2,3,-1,60,59,2,-1,24,84,83,-1,47,108,46,-1,109,108,47,-1,
  82,24,83,-1,23,24,82,-1,71,13,72,-1,48,109,47,-1,110,109,48,-1,81,23,82,-1,22,23,81,-1,49,110,48,-1,
  111,110,49,-1,80,22,81,-1,61,3,4,-1,61,60,3,-1,70,12,13,-1,70,13,71,-1,50,111,49,-1,21,22,80,-1,
  112,111,50,-1,79,21,80,-1,51,112,50,-1,20,21,79,-1,113,112,51,-1,78,20,79,-1,19,20,78,-1,52,113,51,-1,
  114,113,52,-1,77,19,78,-1,62,4,5,-1,62,61,4,-1]
  normalPerVertex TRUE
  normal DEF NORM_20 Normal { vector [
  0 1 0,0 1 0,
  0 1 0,0 1 0,
  0 1 0,0 1 0,
  0 1 0,0 1 0,
  0 1 0,0 1 0,
  0 1 0,0 1 0,
  0 1 0,0 1 0,
  0 1 0,0 1 0,
  0 1 0,0 1 0,
  0 1 0,0 1 0,
  0 1 0,0 1 0,
  0 1 0,0 1 0,
  0 1 0,0 1 0,
  0 1 0,0 1 0,
  0 1 0,0 1 0,
  0 1 0,0 1 0,
  0 1 0,0 1 0,
  0 1 0,0 1 0,
  0 1 0,0 1 0,
  0 1 0,0 1 0,
  0 1 0,0 1 0,
  0 1 0,0 1 0,
  0 1 0,0 1 0,
  0 1 0,0 1 0,
  0 1 0,0 1 0,
  0 1 0,0 1 0,
  0 1 0,0 1 0,
  0 1 0,0 1 0,
  0 1 0,0 1 0,
  0 1 0,0 1 0,
  0 1 0,0 1 0,
  0 1 0,0 1 0,
  0 1 0,0 1 0,
  0 1 0,0 1 0,
  0 1 0,0 1 0,
  0 1 0,0 1 0,
  0 1 0,0 1 0,
  0 1 0,0 1 0,
  0 1 0,0 1 0,
  0 1 0,0 1 0,
  0 1 0,0 1 0,
  0 1 0,0 1 0,
  0 1 0,0 1 0,
  0 1 0,0 1 0,
  0 1 0,0 1 0,
  0 1 0,0 1 0,
  0 1 0,0 1 0,
  0 1 0,0 1 0,
  0 1 0,0 1 0,
  0 1 0,0 1 0,
  0 1 0,0 1 0,
  0 1 0,0 1 0,
  0 1 0,0 1 0,
  0 1 0,0 1 0,
  0 1 0,0 1 0,
  0 1 0,0 1 0,
  0 1 0,0 1 0,
  0 1 0,0 1 0,
  0 1 0,0 1 0,
  0 1 0,0 1 0,
  0 1 0,0 1 0,
  0 1 0,0 1 0] }
}
}
DEF SHAPE_21 Shape {
 appearance USE APP_2
 geometry DEF FACE_21 IndexedFaceSet {
  coord DEF COORD_21 Coordinate { point [
  0 0.39370079 -4.9311024,0 0.39370079 4.9311024,
  0.55210829 0.39370079 -4.9000966,1.0972735 0.39370079 -4.8074693,
  1.6286399 0.39370079 -4.6543853,2.1395251 0.39370079 -4.4427697,
  2.6235046 0.39370079 -4.1752837,3.074492 0.39370079 -3.8552911,
  3.4868159 0.39370079 -3.4868159,3.8552911 0.39370079 -3.074492,
  4.1752837 0.39370079 -2.6235046,4.4427697 0.39370079 -2.1395251,
  4.6543853 0.39370079 -1.6286399,4.8074693 0.39370079 -1.0972735,
  4.9000966 0.39370079 -0.55210829,4.9311024 0.39370079 0,
  4.9000966 0.39370079 0.55210829,4.8074693 0.39370079 1.0972735,
  4.6543853 0.39370079 1.6286399,4.4427697 0.39370079 2.1395251,
  4.1752837 0.39370079 2.6235046,3.8552911 0.39370079 3.074492,
  3.4868159 0.39370079 3.4868159,3.074492 0.39370079 3.8552911,
  2.6235046 0.39370079 4.1752837,2.1395251 0.39370079 4.4427697,
  1.6286399 0.39370079 4.6543853,1.0972735 0.39370079 4.8074693,
  0.55210829 0.39370079 4.9000966,-0.55210829 0.39370079 4.9000966,
  -1.0972735 0.39370079 4.8074693,-1.6286399 0.39370079 4.6543853,
  -2.1395251 0.39370079 4.4427697,-2.6235046 0.39370079 4.1752837,
  -3.074492 0.39370079 3.8552911,-3.4868159 0.39370079 3.4868159,
  -3.8552911 0.39370079 3.074492,-4.1752837 0.39370079 2.6235046,
  -4.4427697 0.39370079 2.1395251,-4.6543853 0.39370079 1.6286399,
  -4.8074693 0.39370079 1.0972735,-4.9000966 0.39370079 0.55210829,
  -4.9311024 0.39370079 0,-4.9000966 0.39370079 -0.55210829,
  -4.8074693 0.39370079 -1.0972735,-4.6543853 0.39370079 -1.6286399,
  -4.4427697 0.39370079 -2.1395251,-4.1752837 0.39370079 -2.6235046,
  -3.8552911 0.39370079 -3.074492,-3.4868159 0.39370079 -3.4868159,
  -3.074492 0.39370079 -3.8552911,-2.6235046 0.39370079 -4.1752837,
  -2.1395251 0.39370079 -4.4427697,-1.6286399 0.39370079 -4.6543853,
  -1.0972735 0.39370079 -4.8074693,-0.55210829 0.39370079 -4.9000966] }
 coordIndex [
  22,10,11,-1,22,11,12,-1,22,12,13,-1,22,13,14,-1,22,14,15,-1,22,15,16,-1,22,16,17,-1,22,17,18,-1,
  22,18,19,-1,22,19,20,-1,22,20,21,-1,22,23,24,-1,22,24,25,-1,22,25,26,-1,22,26,27,-1,22,27,28,-1,
  22,28,1,-1,22,1,29,-1,22,29,30,-1,22,30,31,-1,22,31,32,-1,22,32,33,-1,22,33,34,-1,22,34,35,-1,
  22,35,36,-1,22,36,37,-1,22,37,38,-1,22,38,39,-1,22,39,40,-1,22,40,41,-1,22,41,42,-1,22,42,43,-1,
  22,43,44,-1,22,44,45,-1,22,45,46,-1,22,46,47,-1,22,47,48,-1,22,48,49,-1,22,49,50,-1,22,50,51,-1,
  22,51,52,-1,22,52,53,-1,22,53,54,-1,22,54,55,-1,22,55,0,-1,22,0,2,-1,22,2,3,-1,22,3,4,-1,
  22,4,5,-1,22,5,6,-1,22,6,7,-1,22,7,8,-1,22,8,9,-1,22,9,10,-1]
  normalPerVertex TRUE
  normal DEF NORM_21 Normal { vector [
  0 -1 0,0 -1 0,
  0 -1 0,0 -1 0,
  0 -1 0,0 -1 0,
  0 -1 0,0 -1 0,
  0 -1 0,0 -1 0,
  0 -1 0,0 -1 0,
  0 -1 0,0 -1 0,
  0 -1 0,0 -1 0,
  0 -1 0,0 -1 0,
  0 -1 0,0 -1 0,
  0 -1 0,0 -1 0,
  0 -1 0,0 -1 0,
  0 -1 0,0 -1 0,
  0 -1 0,0 -1 0,
  0 -1 0,0 -1 0,
  0 -1 0,0 -1 0,
  0 -1 0,0 -1 0,
  0 -1 0,0 -1 0,
  0 -1 0,0 -1 0,
  0 -1 0,0 -1 0,
  0 -1 0,0 -1 0,
  0 -1 0,0 -1 0,
  0 -1 0,0 -1 0,
  0 -1 0,0 -1 0,
  0 -1 0,0 -1 0,
  0 -1 0,0 -1 0,
  0 -1 0,0 -1 0,
  0 -1 0,0 -1 0] }
}
}
DEF SHAPE_22 Shape {
 appearance USE APP_2
 geometry DEF FACE_22 IndexedFaceSet {
  coord DEF COORD_22 Coordinate { point [
  0 0 -4.9311024,0 0 4.9311024,
  0.55210829 0 -4.9000966,1.0972735 0 -4.8074693,
  1.6286399 0 -4.6543853,2.1395251 0 -4.4427697,
  2.6235046 0 -4.1752837,3.074492 0 -3.8552911,
  3.4868159 0 -3.4868159,3.8552911 0 -3.074492,
  4.1752837 0 -2.6235046,4.4427697 0 -2.1395251,
  4.6543853 0 -1.6286399,4.8074693 0 -1.0972735,
  4.9000966 0 -0.55210829,4.9311024 0 0,
  4.9000966 0 0.55210829,4.8074693 0 1.0972735,
  4.6543853 0 1.6286399,4.4427697 0 2.1395251,
  4.1752837 0 2.6235046,3.8552911 0 3.074492,
  3.4868159 0 3.4868159,3.074492 0 3.8552911,
  2.6235046 0 4.1752837,2.1395251 0 4.4427697,
  1.6286399 0 4.6543853,1.0972735 0 4.8074693,
  0.55210829 0 4.9000966,-0.55210829 0 4.9000966,
  -1.0972735 0 4.8074693,-1.6286399 0 4.6543853,
  -2.1395251 0 4.4427697,-2.6235046 0 4.1752837,
  -3.074492 0 3.8552911,-3.4868159 0 3.4868159,
  -3.8552911 0 3.074492,-4.1752837 0 2.6235046,
  -4.4427697 0 2.1395251,-4.6543853 0 1.6286399,
  -4.8074693 0 1.0972735,-4.9000966 0 0.55210829,
  -4.9311024 0 0,-4.9000966 0 -0.55210829,
  -4.8074693 0 -1.0972735,-4.6543853 0 -1.6286399,
  -4.4427697 0 -2.1395251,-4.1752837 0 -2.6235046,
  -3.8552911 0 -3.074492,-3.4868159 0 -3.4868159,
  -3.074492 0 -3.8552911,-2.6235046 0 -4.1752837,
  -2.1395251 0 -4.4427697,-1.6286399 0 -4.6543853,
  -1.0972735 0 -4.8074693,-0.55210829 0 -4.9000966,
  0 0 -5.246063,0 0 5.246063,
  0.5483629 0 -5.2173245,1.0907178 0 -5.1314239,
  1.6211226 0 -4.9893024,2.1337661 0 -4.792517,
  2.6230315 0 -4.5432238,3.0835585 0 -4.2441541,
  3.5103013 0 -3.8985846,3.8985846 0 -3.5103013,
  4.2441541 0 -3.0835585,4.5432238 0 -2.6230315,
  4.792517 0 -2.1337661,4.9893024 0 -1.6211226,
  5.1314239 0 -1.0907178,5.2173245 0 -0.5483629,
  5.246063 0 0,5.2173245 0 0.5483629,
  5.1314239 0 1.0907178,4.9893024 0 1.6211226,
  4.792517 0 2.1337661,4.5432238 0 2.6230315,
  4.2441541 0 3.0835585,3.8985846 0 3.5103013,
  3.5103013 0 3.8985846,3.0835585 0 4.2441541,
  2.6230315 0 4.5432238,2.1337661 0 4.792517,
  1.6211226 0 4.9893024,1.0907178 0 5.1314239,
  0.5483629 0 5.2173245,-0.5483629 0 5.2173245,
  -1.0907178 0 5.1314239,-1.6211226 0 4.9893024,
  -2.1337661 0 4.792517,-2.6230315 0 4.5432238,
  -3.0835585 0 4.2441541,-3.5103013 0 3.8985846,
  -3.8985846 0 3.5103013,-4.2441541 0 3.0835585,
  -4.5432238 0 2.6230315,-4.792517 0 2.1337661,
  -4.9893024 0 1.6211226,-5.1314239 0 1.0907178,
  -5.2173245 0 0.5483629,-5.246063 0 0,
  -5.2173245 0 -0.5483629,-5.1314239 0 -1.0907178,
  -4.9893024 0 -1.6211226,-4.792517 0 -2.1337661,
  -4.5432238 0 -2.6230315,-4.2441541 0 -3.0835585,
  -3.8985846 0 -3.5103013,-3.5103013 0 -3.8985846,
  -3.0835585 0 -4.2441541,-2.6230315 0 -4.5432238,
  -2.1337661 0 -4.792517,-1.6211226 0 -4.9893024,
  -1.0907178 0 -5.1314239,-0.5483629 0 -5.2173245] }
 coordIndex [
  79,21,78,-1,80,22,79,-1,80,23,22,-1,80,81,23,-1,13,12,69,-1,30,89,31,-1,49,108,109,-1,50,109,110,-1,
  50,49,109,-1,48,107,108,-1,48,108,49,-1,51,110,111,-1,51,50,110,-1,70,13,69,-1,47,106,107,-1,47,107,48,-1,
  88,89,30,-1,52,111,112,-1,52,51,111,-1,46,105,106,-1,46,106,47,-1,53,112,113,-1,14,13,70,-1,53,52,112,-1,
  45,104,105,-1,45,105,46,-1,54,113,114,-1,54,53,113,-1,44,103,104,-1,44,104,45,-1,29,88,30,-1,71,14,70,-1,
  87,88,29,-1,55,114,115,-1,55,54,114,-1,43,102,103,-1,43,103,44,-1,15,14,71,-1,0,115,56,-1,0,55,115,-1,
  42,101,102,-1,42,102,43,-1,100,101,42,-1,58,0,56,-1,1,87,29,-1,72,15,71,-1,57,87,1,-1,2,0,58,-1,
  41,100,42,-1,59,2,58,-1,99,100,41,-1,40,99,41,-1,3,2,59,-1,98,99,40,-1,60,3,59,-1,73,16,15,-1,
  73,15,72,-1,86,1,28,-1,86,57,1,-1,4,3,60,-1,39,98,40,-1,61,4,60,-1,97,98,39,-1,5,4,61,-1,
  38,97,39,-1,62,5,61,-1,96,97,38,-1,74,16,73,-1,74,17,16,-1,37,96,38,-1,85,86,28,-1,85,28,27,-1,
  6,5,62,-1,63,6,62,-1,95,96,37,-1,7,6,63,-1,36,95,37,-1,64,7,63,-1,94,95,36,-1,8,7,64,-1,
  35,94,36,-1,65,8,64,-1,93,94,35,-1,9,8,65,-1,75,18,17,-1,75,17,74,-1,84,85,27,-1,84,27,26,-1,
  34,93,35,-1,66,9,65,-1,92,93,34,-1,33,92,34,-1,76,19,18,-1,76,18,75,-1,83,84,26,-1,83,26,25,-1,
  10,9,66,-1,67,10,66,-1,91,92,33,-1,32,91,33,-1,11,10,67,-1,68,11,67,-1,90,91,32,-1,31,90,32,-1,
  77,20,19,-1,12,11,68,-1,77,19,76,-1,69,12,68,-1,89,90,31,-1,82,25,24,-1,82,83,25,-1,78,21,20,-1,
  78,20,77,-1,81,24,23,-1,81,82,24,-1,79,22,21,-1]
  normalPerVertex TRUE
  normal DEF NORM_22 Normal { vector [
  0 -1 0,0 -1 0,
  0 -1 0,0 -1 0,
  0 -1 0,0 -1 0,
  0 -1 0,0 -1 0,
  0 -1 0,0 -1 0,
  0 -1 0,0 -1 0,
  0 -1 0,0 -1 0,
  0 -1 0,0 -1 0,
  0 -1 0,0 -1 0,
  0 -1 0,0 -1 0,
  0 -1 0,0 -1 0,
  0 -1 0,0 -1 0,
  0 -1 0,0 -1 0,
  0 -1 0,0 -1 0,
  0 -1 0,0 -1 0,
  0 -1 0,0 -1 0,
  0 -1 0,0 -1 0,
  0 -1 0,0 -1 0,
  0 -1 0,0 -1 0,
  0 -1 0,0 -1 0,
  0 -1 0,0 -1 0,
  0 -1 0,0 -1 0,
  0 -1 0,0 -1 0,
  0 -1 0,0 -1 0,
  0 -1 0,0 -1 0,
  0 -1 0,0 -1 0,
  0 -1 0,0 -1 0,
  0 -1 0,0 -1 0,
  0 -1 0,0 -1 0,
  0 -1 0,0 -1 0,
  0 -1 0,0 -1 0,
  0 -1 0,0 -1 0,
  0 -1 0,0 -1 0,
  0 -1 0,0 -1 0,
  0 -1 0,0 -1 0,
  0 -1 0,0 -1 0,
  0 -1 0,0 -1 0,
  0 -1 0,0 -1 0,
  0 -1 0,0 -1 0,
  0 -1 0,0 -1 0,
  0 -1 0,0 -1 0,
  0 -1 0,0 -1 0,
  0 -1 0,0 -1 0,
  0 -1 0,0 -1 0,
  0 -1 0,0 -1 0,
  0 -1 0,0 -1 0,
  0 -1 0,0 -1 0,
  0 -1 0,0 -1 0,
  0 -1 0,0 -1 0,
  0 -1 0,0 -1 0,
  0 -1 0,0 -1 0,
  0 -1 0,0 -1 0,
  0 -1 0,0 -1 0,
  0 -1 0,0 -1 0,
  0 -1 0,0 -1 0,
  0 -1 0,0 -1 0,
  0 -1 0,0 -1 0,
  0 -1 0,0 -1 0] }
}
}
DEF SHAPE_23 Shape {
 appearance USE APP_2
 geometry DEF FACE_23 IndexedFaceSet {
  coord DEF COORD_23 Coordinate { point [
  0 1.2992126 -4.7834646,0 1.2992126 4.7834646,
  0.5355781 1.2992126 -4.7533871,1.064421 1.2992126 -4.6635331,
  1.5798782 1.2992126 -4.5150325,2.0754675 1.2992126 -4.3097527,
  2.5449566 1.2992126 -4.0502752,2.9824414 1.2992126 -3.7398632,
  3.3824202 1.2992126 -3.3824202,3.7398632 1.2992126 -2.9824414,
  4.0502752 1.2992126 -2.5449566,4.3097527 1.2992126 -2.0754675,
  4.5150325 1.2992126 -1.5798782,4.6635331 1.2992126 -1.064421,
  4.7533871 1.2992126 -0.5355781,4.7834646 1.2992126 0,
  4.7533871 1.2992126 0.5355781,4.6635331 1.2992126 1.064421,
  4.5150325 1.2992126 1.5798782,4.3097527 1.2992126 2.0754675,
  4.0502752 1.2992126 2.5449566,3.7398632 1.2992126 2.9824414,
  3.3824202 1.2992126 3.3824202,2.9824414 1.2992126 3.7398632,
  2.5449566 1.2992126 4.0502752,2.0754675 1.2992126 4.3097527,
  1.5798782 1.2992126 4.5150325,1.064421 1.2992126 4.6635331,
  0.5355781 1.2992126 4.7533871,-0.5355781 1.2992126 4.7533871,
  -1.064421 1.2992126 4.6635331,-1.5798782 1.2992126 4.5150325,
  -2.0754675 1.2992126 4.3097527,-2.5449566 1.2992126 4.0502752,
  -2.9824414 1.2992126 3.7398632,-3.3824202 1.2992126 3.3824202,
  -3.7398632 1.2992126 2.9824414,-4.0502752 1.2992126 2.5449566,
  -4.3097527 1.2992126 2.0754675,-4.5150325 1.2992126 1.5798782,
  -4.6635331 1.2992126 1.064421,-4.7533871 1.2992126 0.5355781,
  -4.7834646 1.2992126 0,-4.7533871 1.2992126 -0.5355781,
  -4.6635331 1.2992126 -1.064421,-4.5150325 1.2992126 -1.5798782,
  -4.3097527 1.2992126 -2.0754675,-4.0502752 1.2992126 -2.5449566,
  -3.7398632 1.2992126 -2.9824414,-3.3824202 1.2992126 -3.3824202,
  -2.9824414 1.2992126 -3.7398632,-2.5449566 1.2992126 -4.0502752,
  -2.0754675 1.2992126 -4.3097527,-1.5798782 1.2992126 -4.5150325,
  -1.064421 1.2992126 -4.6635331,-0.5355781 1.2992126 -4.7533871,
  0 1.2992126 -3.1299213,0 1.2992126 3.1299213,
  0.44543424 1.2992126 -3.0980632,0.88180072 1.2992126 -3.0031375,
  1.3002163 1.2992126 -2.8470765,1.6921632 1.2992126 -2.6330573,
  2.0496625 1.2992126 -2.3654367,2.3654367 1.2992126 -2.0496625,
  2.6330573 1.2992126 -1.6921632,2.8470765 1.2992126 -1.3002163,
  3.0031375 1.2992126 -0.88180072,3.0980632 1.2992126 -0.44543424,
  3.1299213 1.2992126 0,3.0980632 1.2992126 0.44543424,
  3.0031375 1.2992126 0.88180072,2.8470765 1.2992126 1.3002163,
  2.6330573 1.2992126 1.6921632,2.3654367 1.2992126 2.0496625,
  2.0496625 1.2992126 2.3654367,1.6921632 1.2992126 2.6330573,
  1.3002163 1.2992126 2.8470765,0.88180072 1.2992126 3.0031375,
  0.44543424 1.2992126 3.0980632,-0.44543424 1.2992126 3.0980632,
  -0.88180072 1.2992126 3.0031375,-1.3002163 1.2992126 2.8470765,
  -1.6921632 1.2992126 2.6330573,-2.0496625 1.2992126 2.3654367,
  -2.3654367 1.2992126 2.0496625,-2.6330573 1.2992126 1.6921632,
  -2.8470765 1.2992126 1.3002163,-3.0031375 1.2992126 0.88180072,
  -3.0980632 1.2992126 0.44543424,-3.1299213 1.2992126 0,
  -3.0980632 1.2992126 -0.44543424,-3.0031375 1.2992126 -0.88180072,
  -2.8470765 1.2992126 -1.3002163,-2.6330573 1.2992126 -1.6921632,
  -2.3654367 1.2992126 -2.0496625,-2.0496625 1.2992126 -2.3654367,
  -1.6921632 1.2992126 -2.6330573,-1.3002163 1.2992126 -2.8470765,
  -0.88180072 1.2992126 -3.0031375,-0.44543424 1.2992126 -3.0980632] }
 coordIndex [
  14,68,15,-1,55,99,56,-1,86,38,85,-1,50,49,95,-1,86,39,38,-1,92,46,45,-1,21,73,22,-1,92,45,91,-1,
  14,67,68,-1,96,50,95,-1,81,82,32,-1,3,58,59,-1,54,53,98,-1,81,32,31,-1,3,2,58,-1,54,98,99,-1,
  76,26,25,-1,17,70,18,-1,76,77,26,-1,87,40,39,-1,13,66,67,-1,87,39,86,-1,13,67,14,-1,17,69,70,-1,
  4,59,60,-1,72,73,21,-1,4,3,59,-1,80,31,30,-1,80,81,31,-1,12,65,66,-1,12,66,13,-1,5,60,61,-1,
  93,46,92,-1,93,47,46,-1,5,4,60,-1,11,64,65,-1,88,41,40,-1,11,65,12,-1,88,40,87,-1,10,64,11,-1,
  51,50,96,-1,53,52,97,-1,20,72,21,-1,53,97,98,-1,18,71,19,-1,6,5,61,-1,18,70,71,-1,75,25,24,-1,
  7,61,62,-1,79,30,29,-1,79,80,30,-1,7,6,61,-1,75,76,25,-1,9,63,64,-1,9,64,10,-1,8,62,63,-1,
  89,42,41,-1,8,7,62,-1,89,43,42,-1,8,63,9,-1,89,41,88,-1,48,47,93,-1,23,75,24,-1,57,79,29,-1,
  57,1,28,-1,57,29,1,-1,94,48,93,-1,90,43,89,-1,90,44,43,-1,78,28,27,-1,74,75,23,-1,78,57,28,-1,
  49,48,94,-1,22,74,23,-1,95,49,94,-1,84,36,35,-1,83,84,35,-1,91,45,44,-1,91,44,90,-1,83,35,34,-1,
  85,36,84,-1,85,37,36,-1,15,68,16,-1,85,38,37,-1,73,74,22,-1,77,27,26,-1,77,78,27,-1,82,33,32,-1,
  82,34,33,-1,16,69,17,-1,0,55,56,-1,52,51,96,-1,82,83,34,-1,52,96,97,-1,2,0,56,-1,16,68,69,-1,
  19,72,20,-1,2,56,58,-1,55,54,99,-1,19,71,72,-1]
  normalPerVertex TRUE
  normal DEF NORM_23 Normal { vector [
  0 1 0,0 1 0,
  0 1 0,0 1 0,
  0 1 0,0 1 0,
  0 1 0,0 1 0,
  0 1 0,0 1 0,
  0 1 0,0 1 0,
  0 1 0,0 1 0,
  0 1 0,0 1 0,
  0 1 0,0 1 0,
  0 1 0,0 1 0,
  0 1 0,0 1 0,
  0 1 0,0 1 0,
  0 1 0,0 1 0,
  0 1 0,0 1 0,
  0 1 0,0 1 0,
  0 1 0,0 1 0,
  0 1 0,0 1 0,
  0 1 0,0 1 0,
  0 1 0,0 1 0,
  0 1 0,0 1 0,
  0 1 0,0 1 0,
  0 1 0,0 1 0,
  0 1 0,0 1 0,
  0 1 0,0 1 0,
  0 1 0,0 1 0,
  0 1 0,0 1 0,
  0 1 0,0 1 0,
  0 1 0,0 1 0,
  0 1 0,0 1 0,
  0 1 0,0 1 0,
  0 1 0,0 1 0,
  0 1 0,0 1 0,
  0 1 0,0 1 0,
  0 1 0,0 1 0,
  0 1 0,0 1 0,
  0 1 0,0 1 0,
  0 1 0,0 1 0,
  0 1 0,0 1 0,
  0 1 0,0 1 0,
  0 1 0,0 1 0,
  0 1 0,0 1 0,
  0 1 0,0 1 0,
  0 1 0,0 1 0,
  0 1 0,0 1 0,
  0 1 0,0 1 0,
  0 1 0,0 1 0,
  0 1 0,0 1 0,
  0 1 0,0 1 0,
  0 1 0,0 1 0,
  0 1 0,0 1 0] }
}
}
DEF SHAPE_24 Shape {
 appearance USE APP_1
 geometry DEF FACE_24 IndexedFaceSet {
  coord DEF COORD_24 Coordinate { point [
  0 2.0472441 -3.1299213,0 2.0472441 3.1299213,
  0.44543424 2.0472441 -3.0980632,0.88180072 2.0472441 -3.0031375,
  1.3002163 2.0472441 -2.8470765,1.6921632 2.0472441 -2.6330573,
  2.0496625 2.0472441 -2.3654367,2.3654367 2.0472441 -2.0496625,
  2.6330573 2.0472441 -1.6921632,2.8470765 2.0472441 -1.3002163,
  3.0031375 2.0472441 -0.88180072,3.0980632 2.0472441 -0.44543424,
  3.1299213 2.0472441 0,3.0980632 2.0472441 0.44543424,
  3.0031375 2.0472441 0.88180072,2.8470765 2.0472441 1.3002163,
  2.6330573 2.0472441 1.6921632,2.3654367 2.0472441 2.0496625,
  2.0496625 2.0472441 2.3654367,1.6921632 2.0472441 2.6330573,
  1.3002163 2.0472441 2.8470765,0.88180072 2.0472441 3.0031375,
  0.44543424 2.0472441 3.0980632,-0.44543424 2.0472441 3.0980632,
  -0.88180072 2.0472441 3.0031375,-1.3002163 2.0472441 2.8470765,
  -1.6921632 2.0472441 2.6330573,-2.0496625 2.0472441 2.3654367,
  -2.3654367 2.0472441 2.0496625,-2.6330573 2.0472441 1.6921632,
  -2.8470765 2.0472441 1.3002163,-3.0031375 2.0472441 0.88180072,
  -3.0980632 2.0472441 0.44543424,-3.1299213 2.0472441 0,
  -3.0980632 2.0472441 -0.44543424,-3.0031375 2.0472441 -0.88180072,
  -2.8470765 2.0472441 -1.3002163,-2.6330573 2.0472441 -1.6921632,
  -2.3654367 2.0472441 -2.0496625,-2.0496625 2.0472441 -2.3654367,
  -1.6921632 2.0472441 -2.6330573,-1.3002163 2.0472441 -2.8470765,
  -0.88180072 2.0472441 -3.0031375,-0.44543424 2.0472441 -3.0980632] }
 coordIndex [
  6,17,16,-1,6,18,17,-1,6,19,18,-1,6,20,19,-1,6,21,20,-1,6,22,21,-1,6,1,22,-1,6,23,1,-1,
  6,24,23,-1,6,25,24,-1,6,26,25,-1,6,27,26,-1,6,28,27,-1,6,29,28,-1,6,30,29,-1,6,31,30,-1,
  6,32,31,-1,6,33,32,-1,6,34,33,-1,6,35,34,-1,6,36,35,-1,6,37,36,-1,6,38,37,-1,6,39,38,-1,
  6,40,39,-1,6,41,40,-1,6,42,41,-1,6,43,42,-1,6,0,43,-1,6,2,0,-1,6,3,2,-1,6,4,3,-1,
  6,5,4,-1,6,8,7,-1,6,9,8,-1,6,10,9,-1,6,11,10,-1,6,12,11,-1,6,13,12,-1,6,14,13,-1,
  6,15,14,-1,6,16,15,-1]
  normalPerVertex TRUE
  normal DEF NORM_24 Normal { vector [
  0 1 0,0 1 0,
  0 1 0,0 1 0,
  0 1 0,0 1 0,
  0 1 0,0 1 0,
  0 1 0,0 1 0,
  0 1 0,0 1 0,
  0 1 0,0 1 0,
  0 1 0,0 1 0,
  0 1 0,0 1 0,
  0 1 0,0 1 0,
  0 1 0,0 1 0,
  0 1 0,0 1 0,
  0 1 0,0 1 0,
  0 1 0,0 1 0,
  0 1 0,0 1 0,
  0 1 0,0 1 0,
  0 1 0,0 1 0,
  0 1 0,0 1 0,
  0 1 0,0 1 0,
  0 1 0,0 1 0,
  0 1 0,0 1 0,
  0 1 0,0 1 0] }
}
}
DEF SHAPE_25 Shape {
 appearance USE APP_1
 geometry DEF FACE_25 IndexedFaceSet {
  coord DEF COORD_25 Coordinate { point [
  -3.913712 0.53149606 3.8810977,-3.913712 0.53149606 -3.8810977,
  -4.3216043 0.53149606 3.4210812,-4.6757269 0.53149606 2.9184993,
  -4.9716737 0.53149606 2.3796052,-5.2057625 0.53149606 1.8111038,
  -5.3750808 0.53149606 1.2200686,-5.4775218 0.53149606 0.61385309,
  -5.511811 0.53149606 0,-5.4775218 0.53149606 -0.61385309,
  -5.3750808 0.53149606 -1.2200686,-5.2057625 0.53149606 -1.8111038,
  -4.9716737 0.53149606 -2.3796052,-4.6757269 0.53149606 -2.9184993,
  -4.3216043 0.53149606 -3.4210812,-7.212645 0.53149606 -0.55444253,
  -7.212645 0.53149606 0.55444253,-7.3560185 0.53149606 -0.35571043,
  -7.4313535 0.53149606 -0.1225259,-7.4313535 0.53149606 0.1225259,
  -7.3560185 0.53149606 0.35571043,-6.2795276 0.53149606 -0.59055118,
  -6.2795276 0.53149606 0.59055118,-6.4459051 0.53149606 -0.56662971,
  -6.5988036 0.53149606 -0.49680327,-6.7258364 0.53149606 -0.38672878,
  -6.8167118 0.53149606 -0.24532383,-6.8640678 0.53149606 -0.084044196,
  -6.8640678 0.53149606 0.084044196,-6.8167118 0.53149606 0.24532383,
  -6.7258364 0.53149606 0.38672878,-6.5988036 0.53149606 0.49680327,
  -6.4459051 0.53149606 0.56662971,-6.1131501 0.53149606 0.56662971,
  -5.9602515 0.53149606 0.49680327,-5.8332188 0.53149606 0.38672878,
  -5.7423433 0.53149606 0.24532383,-5.6949873 0.53149606 0.084044196,
  -5.6949873 0.53149606 -0.084044196,-5.7423433 0.53149606 -0.24532383,
  -5.8332188 0.53149606 -0.38672878,-5.9602515 0.53149606 -0.49680327,
  -6.1131501 0.53149606 -0.56662971] }
 coordIndex [
  32,31,16,-1,24,15,25,-1,26,15,17,-1,26,25,15,-1,23,15,24,-1,23,11,15,-1,27,17,18,-1,27,26,17,-1,
  21,11,23,-1,28,18,19,-1,28,19,20,-1,8,38,37,-1,8,39,38,-1,8,9,39,-1,28,27,18,-1,36,8,37,-1,
  10,21,42,-1,10,11,21,-1,29,20,16,-1,29,28,20,-1,41,10,42,-1,30,29,16,-1,7,8,36,-1,7,35,34,-1,
  7,36,35,-1,6,33,22,-1,6,34,33,-1,6,7,34,-1,31,30,16,-1,5,6,22,-1,9,41,40,-1,5,22,32,-1,
  9,10,41,-1,5,32,16,-1,4,5,16,-1,3,4,16,-1,39,9,40,-1,11,12,15,-1,15,12,13,-1,15,13,14,-1,
  15,14,1,-1,16,0,2,-1,16,2,3,-1]
  normalPerVertex TRUE
  normal DEF NORM_25 Normal { vector [
  0 1 0,0 1 0,
  0 1 0,0 1 0,
  0 1 0,0 1 0,
  0 1 0,0 1 0,
  0 1 0,0 1 0,
  0 1 0,0 1 0,
  0 1 0,0 1 0,
  0 1 0,0 1 0,
  0 1 0,0 1 0,
  0 1 0,0 1 0,
  0 1 0,0 1 0,
  0 1 0,0 1 0,
  0 1 0,0 1 0,
  0 1 0,0 1 0,
  0 1 0,0 1 0,
  0 1 0,0 1 0,
  0 1 0,0 1 0,
  0 1 0,0 1 0,
  0 1 0,0 1 0,
  0 1 0,0 1 0,
  0 1 0,0 1 0,
  0 1 0] }
}
}
DEF SHAPE_26 Shape {
 appearance USE APP_1
 geometry DEF FACE_26 IndexedFaceSet {
  coord DEF COORD_26 Coordinate { point [
  -3.913712 0.19685039 -3.8810977,-7.212645 0.19685039 -0.55444253,
  -7.212645 0.53149606 -0.55444253,-3.913712 0.53149606 -3.8810977] }
 coordIndex [
  3,0,1,-1,3,1,2,-1]
  normalPerVertex TRUE
  normal DEF NORM_26 Normal { vector [
  -0.71005917 0 -0.70414201,-0.71005917 0 -0.70414201,
  -0.71005917 0 -0.70414201,-0.71005917 0 -0.70414201] }
}
}
DEF SHAPE_27 Shape {
 appearance USE APP_1
 geometry DEF FACE_27 IndexedFaceSet {
  coord DEF COORD_27 Coordinate { point [
  -7.212645 0.19685039 -0.55444253,-7.212645 0.19685039 0.55444253,
  -7.3560185 0.19685039 -0.35571043,-7.4313535 0.19685039 -0.1225259,
  -7.4313535 0.19685039 0.1225259,-7.3560185 0.19685039 0.35571043,
  -7.212645 0.53149606 0.55444253,-7.212645 0.53149606 -0.55444253,
  -7.3560185 0.53149606 -0.35571043,-7.4313535 0.53149606 -0.1225259,
  -7.4313535 0.53149606 0.1225259,-7.3560185 0.53149606 0.35571043] }
 coordIndex [
  5,1,6,-1,5,6,11,-1,4,11,10,-1,4,5,11,-1,3,10,9,-1,3,4,10,-1,2,9,8,-1,2,3,9,-1,
  0,8,7,-1,0,2,8,-1]
  normalPerVertex TRUE
  normal DEF NORM_27 Normal { vector [
  -0.81097993 0 -0.58507397,-0.81097993 0 0.58507397,
  -0.91460445 0 -0.40434971,-0.99461947 0 -0.10359588,
  -0.97830035 0 0.20719176,-0.86722768 0 0.49791179,
  -0.81097993 0 0.58507397,-0.81097993 0 -0.58507397,
  -0.86722768 0 -0.49791179,-0.97830035 0 -0.20719176,
  -0.99461947 0 0.10359588,-0.91460445 0 0.40434971] }
}
}
DEF SHAPE_28 Shape {
 appearance USE APP_1
 geometry DEF FACE_28 IndexedFaceSet {
  coord DEF COORD_28 Coordinate { point [
  -7.212645 0.19685039 0.55444253,-3.913712 0.19685039 3.8810977,
  -3.913712 0.53149606 3.8810977,-7.212645 0.53149606 0.55444253] }
 coordIndex [
  3,0,1,-1,3,1,2,-1]
  normalPerVertex TRUE
  normal DEF NORM_28 Normal { vector [
  -0.71005917 0 0.70414201,-0.71005917 0 0.70414201,
  -0.71005917 0 0.70414201,-0.71005917 0 0.70414201] }
}
}
DEF SHAPE_29 Shape {
 appearance USE APP_1
 geometry DEF FACE_29 IndexedFaceSet {
  coord DEF COORD_29 Coordinate { point [
  7.212645 0.53149606 0.55444253,7.212645 0.53149606 -0.55444253,
  7.3560185 0.53149606 0.35571043,7.4313535 0.53149606 0.1225259,
  7.4313535 0.53149606 -0.1225259,7.3560185 0.53149606 -0.35571043,
  3.913712 0.53149606 -3.8810977,3.913712 0.53149606 3.8810977,
  4.3216043 0.53149606 -3.4210812,4.6757269 0.53149606 -2.9184993,
  4.9716737 0.53149606 -2.3796052,5.2057625 0.53149606 -1.8111038,
  5.3750808 0.53149606 -1.2200686,5.4775218 0.53149606 -0.61385309,
  5.511811 0.53149606 0,5.4775218 0.53149606 0.61385309,
  5.3750808 0.53149606 1.2200686,5.2057625 0.53149606 1.8111038,
  4.9716737 0.53149606 2.3796052,4.6757269 0.53149606 2.9184993,
  4.3216043 0.53149606 3.4210812,6.2795276 0.53149606 -0.59055118,
  6.2795276 0.53149606 0.59055118,6.1131501 0.53149606 -0.56662971,
  5.9602515 0.53149606 -0.49680327,5.8332188 0.53149606 -0.38672878,
  5.7423433 0.53149606 -0.24532383,5.6949873 0.53149606 -0.084044196,
  5.6949873 0.53149606 0.084044196,5.7423433 0.53149606 0.24532383,
  5.8332188 0.53149606 0.38672878,5.9602515 0.53149606 0.49680327,
  6.1131501 0.53149606 0.56662971,6.4459051 0.53149606 0.56662971,
  6.5988036 0.53149606 0.49680327,6.7258364 0.53149606 0.38672878,
  6.8167118 0.53149606 0.24532383,6.8640678 0.53149606 0.084044196,
  6.8640678 0.53149606 -0.084044196,6.8167118 0.53149606 -0.24532383,
  6.7258364 0.53149606 -0.38672878,6.5988036 0.53149606 -0.49680327,
  6.4459051 0.53149606 -0.56662971] }
 coordIndex [
  12,13,24,-1,0,17,18,-1,0,18,19,-1,0,34,33,-1,0,35,34,-1,0,36,35,-1,0,33,17,-1,4,37,3,-1,
  4,38,37,-1,23,12,24,-1,5,39,38,-1,31,15,16,-1,5,38,4,-1,31,30,15,-1,29,15,30,-1,1,39,5,-1,
  1,9,10,-1,14,15,29,-1,1,10,11,-1,1,40,39,-1,1,41,40,-1,21,12,23,-1,1,42,41,-1,1,11,42,-1,
  32,31,16,-1,28,14,29,-1,22,16,17,-1,22,32,16,-1,6,8,1,-1,2,37,36,-1,8,9,1,-1,0,20,7,-1,
  2,36,0,-1,0,19,20,-1,27,14,28,-1,33,22,17,-1,11,12,21,-1,26,14,27,-1,11,21,42,-1,13,14,26,-1,
  25,13,26,-1,24,13,25,-1,3,37,2,-1]
  normalPerVertex TRUE
  normal DEF NORM_29 Normal { vector [
  0 1 0,0 1 0,
  0 1 0,0 1 0,
  0 1 0,0 1 0,
  0 1 0,0 1 0,
  0 1 0,0 1 0,
  0 1 0,0 1 0,
  0 1 0,0 1 0,
  0 1 0,0 1 0,
  0 1 0,0 1 0,
  0 1 0,0 1 0,
  0 1 0,0 1 0,
  0 1 0,0 1 0,
  0 1 0,0 1 0,
  0 1 0,0 1 0,
  0 1 0,0 1 0,
  0 1 0,0 1 0,
  0 1 0,0 1 0,
  0 1 0,0 1 0,
  0 1 0,0 1 0,
  0 1 0,0 1 0,
  0 1 0,0 1 0,
  0 1 0] }
}
}
DEF SHAPE_30 Shape {
 appearance USE APP_1
 geometry DEF FACE_30 IndexedFaceSet {
  coord DEF COORD_30 Coordinate { point [
  7.212645 0.19685039 0.55444253,7.212645 0.19685039 -0.55444253,
  7.3560185 0.19685039 0.35571043,7.4313535 0.19685039 0.1225259,
  7.4313535 0.19685039 -0.1225259,7.3560185 0.19685039 -0.35571043,
  7.212645 0.53149606 -0.55444253,7.212645 0.53149606 0.55444253,
  7.3560185 0.53149606 0.35571043,7.4313535 0.53149606 0.1225259,
  7.4313535 0.53149606 -0.1225259,7.3560185 0.53149606 -0.35571043] }
 coordIndex [
  5,1,6,-1,5,6,11,-1,4,11,10,-1,4,5,11,-1,3,10,9,-1,3,4,10,-1,2,9,8,-1,2,3,9,-1,
  0,8,7,-1,0,2,8,-1]
  normalPerVertex TRUE
  normal DEF NORM_30 Normal { vector [
  0.81097993 0 0.58507397,0.81097993 0 -0.58507397,
  0.91460445 0 0.40434971,0.99461947 0 0.10359588,
  0.97830035 0 -0.20719176,0.86722768 0 -0.49791179,
  0.81097993 0 -0.58507397,0.81097993 0 0.58507397,
  0.86722768 0 0.49791179,0.97830035 0 0.20719176,
  0.99461947 0 -0.10359588,0.91460445 0 -0.40434971] }
}
}
DEF SHAPE_31 Shape {
 appearance USE APP_1
 geometry DEF FACE_31 IndexedFaceSet {
  coord DEF COORD_31 Coordinate { point [
  7.212645 0.19685039 -0.55444253,3.913712 0.19685039 -3.8810977,
  3.913712 0.53149606 -3.8810977,7.212645 0.53149606 -0.55444253] }
 coordIndex [
  3,0,1,-1,3,1,2,-1]
  normalPerVertex TRUE
  normal DEF NORM_31 Normal { vector [
  0.71005917 0 -0.70414201,0.71005917 0 -0.70414201,
  0.71005917 0 -0.70414201,0.71005917 0 -0.70414201] }
}
}
DEF SHAPE_32 Shape {
 appearance USE APP_1
 geometry DEF FACE_32 IndexedFaceSet {
  coord DEF COORD_32 Coordinate { point [
  3.913712 0.19685039 3.8810977,7.212645 0.19685039 0.55444253,
  7.212645 0.53149606 0.55444253,3.913712 0.53149606 3.8810977] }
 coordIndex [
  3,0,1,-1,3,1,2,-1]
  normalPerVertex TRUE
  normal DEF NORM_32 Normal { vector [
  0.71005917 0 0.70414201,0.71005917 0 0.70414201,
  0.71005917 0 0.70414201,0.71005917 0 0.70414201] }
}
}
DEF SHAPE_33 Shape {
 appearance USE APP_1
 geometry DEF FACE_33 IndexedFaceSet {
  coord DEF COORD_33 Coordinate { point [
  0.21653543 0.19685039 5.2415923,0.21653543 0.19685039 5.507556,
  0.21653543 0.66929134 5.507556,0.21653543 0.86614173 5.3105479,
  0.21653543 0.71542752 5.5019625,0.21653543 0.75876994 5.4858717,
  0.21653543 0.79714916 5.460318,0.21653543 0.82840473 5.4264302,
  0.21653543 0.85091821 5.3860939,0.21653543 0.86223533 5.3491514,
  0.21653543 0.86614173 5.2415923] }
 coordIndex [
  2,0,1,-1,2,3,10,-1,2,10,0,-1,8,2,4,-1,8,9,3,-1,8,3,2,-1,5,8,4,-1,7,8,5,-1,
  6,7,5,-1]
  normalPerVertex TRUE
  normal DEF NORM_33 Normal { vector [
  -1 0 0,-1 0 0,
  -1 0 0,-1 0 0,
  -1 0 0,-1 0 0,
  -1 0 0,-1 0 0,
  -1 0 0,-1 0 0,
  -1 0 0] }
}
}
DEF SHAPE_34 Shape {
 appearance USE APP_1
 geometry DEF FACE_34 IndexedFaceSet {
  coord DEF COORD_34 Coordinate { point [
  -0.21653543 0.19685039 5.507556,-0.21653543 0.19685039 5.2415923,
  -0.21653543 0.86614173 5.2415923,-0.21653543 0.86614173 5.3105479,
  -0.21653543 0.66929134 5.507556,-0.21653543 0.8605625 5.3566872,
  -0.21653543 0.84450576 5.4000425,-0.21653543 0.81899296 5.4384485,
  -0.21653543 0.78513979 5.4697451,-0.21653543 0.74482569 5.4922986,
  -0.21653543 0.70789276 5.5036401] }
 coordIndex [
  4,0,1,-1,9,10,4,-1,6,7,8,-1,6,8,9,-1,5,9,4,-1,5,6,9,-1,3,5,4,-1,2,4,1,-1,
  2,3,4,-1]
  normalPerVertex TRUE
  normal DEF NORM_34 Normal { vector [
  1 0 0,1 0 0,
  1 0 0,1 0 0,
  1 0 0,1 0 0,
  1 0 0,1 0 0,
  1 0 0,1 0 0,
  1 0 0] }
}
}
] }
DEF TXFM_4 Transform {
  center 0 0 0
  rotation 0 0 1 0
  scale 1 1 1
  scaleOrientation 0 0 1 0
  translation 0 0 0
 children [
DEF SHAPE_35 Shape {
 appearance USE APP_2
 geometry DEF FACE_35 IndexedFaceSet {
  coord DEF COORD_35 Coordinate { point [
  1.2401575 0.39370079 0,-1.2401575 0.39370079 0,
  1.1899224 0.39370079 0.34939274,1.0432869 0.39370079 0.67047975,
  0.81213044 0.39370079 0.93724849,0.51518004 0.39370079 1.1280869,
  0.17649281 0.39370079 1.2275345,-0.17649281 0.39370079 1.2275345,
  -0.51518004 0.39370079 1.1280869,-0.81213044 0.39370079 0.93724849,
  -1.0432869 0.39370079 0.67047975,-1.1899224 0.39370079 0.34939274,
  -1.8478854 0.13351484 0,-1.4534331 0.33353693 0,
  -1.6571475 0.2463209 0,1.8478854 0.13351484 0,
  1.7730331 0.13351484 0.52060949,1.5545402 0.13351484 0.9990423,
  1.2101076 0.13351484 1.3965386,0.76763936 0.13351484 1.6808957,
  0.26298152 0.13351484 1.8290766,-0.26298152 0.13351484 1.8290766,
  -0.76763936 0.13351484 1.6808957,-1.2101076 0.13351484 1.3965386,
  -1.5545402 0.13351484 0.9990423,-1.7730331 0.13351484 0.52060949,
  1.4534331 0.33353693 0,1.6571475 0.2463209 0,
  1.411199 0.33353693 0.34782931,1.2869511 0.33353693 0.67544404,
  1.6089938 0.2463209 0.39658135,1.0879103 0.33353693 0.96380442,
  1.4673312 0.2463209 0.77011483,0.82564411 0.33353693 1.196152,
  1.2403927 0.2463209 1.098892,0.51539448 0.33353693 1.3589836,
  0.94136706 0.2463209 1.3638056,0.175192 0.33353693 1.4428359,
  0.58763259 0.2463209 1.5494598,-0.175192 0.33353693 1.4428359,
  0.19974706 0.2463209 1.645065,-0.51539448 0.33353693 1.3589836,
  -0.19974706 0.2463209 1.645065,-0.82564411 0.33353693 1.196152,
  -0.58763259 0.2463209 1.5494598,-1.0879103 0.33353693 0.96380442,
  -0.94136706 0.2463209 1.3638056,-1.2869511 0.33353693 0.67544404,
  -1.2403927 0.2463209 1.098892,-1.411199 0.33353693 0.34782931,
  -1.4673312 0.2463209 0.77011483,-1.6089938 0.2463209 0.39658135] }
 coordIndex [
  35,33,5,-1,36,19,18,-1,36,34,31,-1,36,18,34,-1,36,31,33,-1,37,35,6,-1,38,20,19,-1,38,33,35,-1,
  38,19,36,-1,38,36,33,-1,39,6,7,-1,39,37,6,-1,40,20,38,-1,40,38,35,-1,40,35,37,-1,41,7,8,-1,
  41,39,7,-1,42,21,20,-1,42,20,40,-1,42,37,39,-1,42,40,37,-1,43,8,9,-1,43,41,8,-1,44,22,21,-1,
  44,21,42,-1,44,39,41,-1,44,42,39,-1,45,9,10,-1,45,43,9,-1,46,41,43,-1,46,23,22,-1,46,44,41,-1,
  46,22,44,-1,47,10,11,-1,47,45,10,-1,48,46,43,-1,48,43,45,-1,48,24,23,-1,48,23,46,-1,49,11,1,-1,
  49,1,13,-1,49,47,11,-1,50,48,45,-1,50,45,47,-1,50,24,48,-1,50,25,24,-1,51,50,47,-1,51,13,14,-1,
  51,14,12,-1,51,49,13,-1,51,25,50,-1,51,12,25,-1,51,47,49,-1,28,0,2,-1,28,26,0,-1,29,2,3,-1,
  29,28,2,-1,30,16,15,-1,30,27,26,-1,30,15,27,-1,30,26,28,-1,31,3,4,-1,31,29,3,-1,32,17,16,-1,
  32,28,29,-1,32,16,30,-1,32,30,28,-1,33,4,5,-1,33,31,4,-1,34,18,17,-1,34,29,31,-1,34,17,32,-1,
  34,32,29,-1,35,5,6,-1]
  normalPerVertex TRUE
  normal DEF NORM_35 Normal { vector [
  0.26680999 0.96309931 0.035385729,-0.26680999 0.96309931 0.035385729,
  0.25332327 0.96394229 0.081502091,0.22109885 0.96432839 0.14555433,
  0.17389681 0.96440486 0.19920632,0.114603 0.96417469 0.23923486,
  0.035098462 0.96369833 0.26467647,-0.046740868 0.9636289 0.26312476,
  -0.114603 0.96417469 0.23923486,-0.17389681 0.96440486 0.19920632,
  -0.22109885 0.96432839 0.14555433,-0.25332327 0.96394229 0.081502091,
  -0.51791363 0.85260836 0.069458286,-0.35501636 0.93386572 0.04310679,
  -0.45158345 0.89054243 0.054832158,0.51791363 0.85260836 0.069458286,
  0.49778498 0.85283131 0.15776205,0.43976386 0.8505723 0.28833055,
  0.34605853 0.85011482 0.39692353,0.22507495 0.85148156 0.47362477,
  0.068987948 0.85473005 0.51446789,-0.087954342 0.854605 0.51177566,
  -0.22507495 0.85148156 0.47362477,-0.34605853 0.85011482 0.39692353,
  -0.43976386 0.8505723 0.28833055,-0.49778498 0.85283131 0.15776205,
  0.35501636 0.93386572 0.04310679,0.45158345 0.89054243 0.054832158,
  0.3234637 0.94247772 0.084302856,0.2937945 0.94213531 0.16144923,
  0.44869092 0.88889138 0.092458522,0.24560293 0.94197818 0.22881503,
  0.41021105 0.88959257 0.20087795,0.18200319 0.94200853 0.28194815,
  0.34665415 0.88990771 0.29647119,0.10717403 0.94222585 0.31737072,
  0.26179906 0.88984126 0.37368943,0.031237106 0.93796137 0.34532987,
  0.16059914 0.88939207 0.42800662,-0.043640889 0.942717 0.33072668,
  0.061848896 0.89690471 0.43787745,-0.12379078 0.9422836 0.31109076,
  -0.035382258 0.88839305 0.45771813,-0.19665229 0.94203338 0.27184736,
  -0.14789238 0.88929073 0.43276996,-0.25740423 0.94196989 0.21548966,
  -0.25064545 0.88979799 0.38136125,-0.30204511 0.94209396 0.14569735,
  -0.33768711 0.88992212 0.30660403,-0.31251853 0.94722198 0.071433087,
  -0.40394667 0.8896648 0.2128935,-0.43913868 0.89300456 0.098488936] }
}
}
DEF SHAPE_36 Shape {
 appearance USE APP_2
 geometry DEF FACE_36 IndexedFaceSet {
  coord DEF COORD_36 Coordinate { point [
  1.8922369 0.1334909 0,1.8478854 0.13351484 0,
  1.8816617 0.12840583 0,1.8700575 0.12666339 0,
  1.8584552 0.12841836 0,-1.8478854 0.13351484 0,
  -1.7730331 0.13351484 -0.52060949,-1.5545402 0.13351484 -0.9990423,
  -1.2101076 0.13351484 -1.3965386,-0.76763936 0.13351484 -1.6808957,
  -0.26298152 0.13351484 -1.8290766,0.26298152 0.13351484 -1.8290766,
  0.76763936 0.13351484 -1.6808957,1.2101076 0.13351484 -1.3965386,
  1.5545402 0.13351484 -0.9990423,1.7730331 0.13351484 -0.52060949,
  -1.8922369 0.1334909 0,-1.8816617 0.12840583 0,
  -1.8700575 0.12666339 0,-1.8584552 0.12841836 0,
  -1.815588 0.1334909 -0.53310474,-1.591851 0.1334909 -1.0230205,
  -1.2391516 0.1334909 -1.4300572,-0.78606362 0.1334909 -1.7212392,
  -0.26929339 0.1334909 -1.8729767,0.26929339 0.1334909 -1.8729767,
  0.78606362 0.1334909 -1.7212392,1.2391516 0.1334909 -1.4300572,
  1.591851 0.1334909 -1.0230205,1.815588 0.1334909 -0.53310474,
  -1.8054412 0.12840583 -0.53012535,-1.794307 0.12666339 -0.52685608,
  -1.7831747 0.12841836 -0.52358733,-1.5829545 0.12840583 -1.0173031,
  -1.5731925 0.12666339 -1.0110294,-1.563432 0.12841836 -1.0047567,
  -1.2322263 0.12840583 -1.422065,-1.2246272 0.12666339 -1.4132951,
  -1.2170293 0.12841836 -1.4045267,-0.78167051 0.12840583 -1.7116197,
  -0.77684995 0.12666339 -1.7010641,-0.77203018 0.12841836 -1.6905103,
  -0.26778838 0.12840583 -1.8625091,-0.26613693 0.12666339 -1.851023,
  -0.26448575 0.12841836 -1.8395388,0.26778838 0.12840583 -1.8625091,
  0.26613693 0.12666339 -1.851023,0.26448575 0.12841836 -1.8395388,
  0.78167051 0.12840583 -1.7116197,0.77684995 0.12666339 -1.7010641,
  0.77203018 0.12841836 -1.6905103,1.2322263 0.12840583 -1.422065,
  1.2246272 0.12666339 -1.4132951,1.2170293 0.12841836 -1.4045267,
  1.5829545 0.12840583 -1.0173031,1.5731925 0.12666339 -1.0110294,
  1.563432 0.12841836 -1.0047567,1.8054412 0.12840583 -0.53012535,
  1.794307 0.12666339 -0.52685608,1.7831747 0.12841836 -0.52358733] }
 coordIndex [
  38,7,8,-1,38,34,35,-1,38,35,7,-1,38,37,34,-1,39,23,22,-1,39,22,36,-1,40,39,36,-1,40,36,37,-1,
  41,8,9,-1,41,40,37,-1,41,38,8,-1,41,37,38,-1,42,24,23,-1,42,23,39,-1,43,39,40,-1,43,42,39,-1,
  44,9,10,-1,44,41,9,-1,44,43,40,-1,44,40,41,-1,45,25,24,-1,45,24,42,-1,46,45,42,-1,46,42,43,-1,
  47,43,44,-1,47,10,11,-1,47,44,10,-1,47,46,43,-1,48,25,45,-1,48,26,25,-1,49,48,45,-1,49,45,46,-1,
  50,47,11,-1,50,11,12,-1,50,49,46,-1,50,46,47,-1,51,26,48,-1,51,27,26,-1,52,48,49,-1,52,51,48,-1,
  53,50,12,-1,53,12,13,-1,53,49,50,-1,53,52,49,-1,54,27,51,-1,54,28,27,-1,55,54,51,-1,55,51,52,-1,
  56,13,14,-1,56,53,13,-1,56,52,53,-1,56,55,52,-1,57,2,0,-1,57,29,28,-1,57,0,29,-1,57,28,54,-1,
  58,3,2,-1,30,16,17,-1,58,2,57,-1,58,57,54,-1,30,20,16,-1,58,54,55,-1,59,4,3,-1,59,1,4,-1,
  59,14,15,-1,31,17,18,-1,59,15,1,-1,59,56,14,-1,59,55,56,-1,59,58,55,-1,59,3,58,-1,31,30,17,-1,
  32,5,6,-1,32,18,19,-1,32,19,5,-1,32,31,18,-1,33,21,20,-1,33,20,30,-1,34,33,30,-1,34,30,31,-1,
  35,6,7,-1,35,32,6,-1,35,31,32,-1,35,34,31,-1,36,22,21,-1,36,21,33,-1,37,36,33,-1,37,33,34,-1]
  normalPerVertex TRUE
  normal DEF NORM_36 Normal { vector [
  -0.43251229 0.89948098 0.062185879,0.43347954 0.89900561 -0.062324949,
  -0.24592994 0.96864244 0.035359387,0.050503279 0.9986975 -0.0072612753,
  0.29497274 0.95456399 -0.042410677,-0.43347954 0.89900561 -0.062324949,
  -0.41075437 0.9005602 -0.1423804,-0.35400274 0.9005602 -0.25233587,
  -0.26857191 0.9005602 -0.34184859,-0.16138298 0.9005602 -0.40366677,
  -0.041119765 0.9005602 -0.43278227,0.082474731 0.9005602 -0.42683633,
  0.19938762 0.9005602 -0.38631064,0.3001473 0.9005602 -0.31448836,
  0.37659084 0.9005602 -0.21718811,0.41673074 0.90075676 -0.12236318,
  0.43251229 0.89948098 0.062185879,0.24592994 0.96864244 0.035359387,
  -0.050503279 0.9986975 -0.0072612753,-0.29497274 0.95456399 -0.042410677,
  0.4098801 0.90103237 0.14191186,0.35329588 0.90103237 0.25164,
  0.26808973 0.90103237 0.34098177,0.16116455 0.90103237 0.40269922,
  0.041182773 0.90103237 0.43179237,-0.082135387 0.90103237 0.42590427,
  -0.19879943 0.90103237 0.38551195,-0.29935792 0.90103237 0.31388773,
  -0.37566421 0.90103237 0.2168342,-0.41579724 0.90122523 0.12208909,
  0.28452158 0.9556314 0.076263325,0.0018158602 0.99997389 -0.0069942398,
  -0.28695143 0.95541693 -0.069551196,0.25151059 0.9556314 0.15333312,
  0.0037128102 0.99997389 -0.006199337,-0.25573305 0.95541693 -0.14757744,
  0.19812372 0.9556314 0.21798077,0.0053089704 0.99997389 -0.0049022008,
  -0.20379669 0.95541693 -0.21364785,0.12868603 0.9556314 0.26496892,
  0.0064750293 0.99997389 -0.0032079174,-0.13534994 0.95541693 -0.26240977,
  0.048822975 0.9556314 0.29049086,0.0071165199 0.99997389 -0.0012537477,
  -0.05593794 0.95541693 -0.28991282,-0.034995432 0.9556314 0.29247896,
  0.0071814724 0.99997389 0.00080199328,0.028005818 0.95541693 -0.29392885,
  -0.11597872 0.9556314 0.27077216,0.0066646247 0.99997389 0.0027927615,
  0.10968071 0.95541693 -0.27413251,-0.1875661 0.9556314 0.227129,
  0.0056078487 0.99997389 0.0045572768,0.18246993 0.95541693 -0.23212759,
  -0.24395799 0.9556314 0.16508521,0.0040967582 0.99997389 0.0059525886,
  0.24047651 0.95541693 -0.17131708,-0.32811239 0.93971293 0.096342491,
  -0.047821312 0.99875721 0.014041604,0.28286711 0.95555622 -0.083057277] }
}
}
DEF SHAPE_37 Shape {
 appearance USE APP_2
 geometry DEF FACE_37 IndexedFaceSet {
  coord DEF COORD_37 Coordinate { point [
  1.8922369 0.1334909 0,-1.8922369 0.1334909 0,
  1.815588 0.1334909 0.53310474,1.591851 0.1334909 1.0230205,
  1.2391516 0.1334909 1.4300572,0.78606362 0.1334909 1.7212392,
  0.26929339 0.1334909 1.8729767,-0.26929339 0.1334909 1.8729767,
  -0.78606362 0.1334909 1.7212392,-1.2391516 0.1334909 1.4300572,
  -1.591851 0.1334909 1.0230205,-1.815588 0.1334909 0.53310474,
  -2.7214503 0.39369868 0,-2.1497644 0.27413979 0,
  -2.4297358 0.36199502 0,2.7214503 0.39369868 0,
  2.6937499 0.39369868 0.38730277,2.6112125 0.39369868 0.76672117,
  2.4755183 0.39369868 1.1305313,2.2894297 0.39369868 1.4713271,
  2.0567349 0.39369868 1.782171,1.782171 0.39369868 2.0567349,
  1.4713271 0.39369868 2.2894297,1.1305313 0.39369868 2.4755183,
  0.76672117 0.39369868 2.6112125,0.38730277 0.39369868 2.6937499,
  0 0.39369868 2.7214503,-0.38730277 0.39369868 2.6937499,
  -0.76672117 0.39369868 2.6112125,-1.1305313 0.39369868 2.4755183,
  -1.4713271 0.39369868 2.2894297,-1.782171 0.39369868 2.0567349,
  -2.0567349 0.39369868 1.782171,-2.2894297 0.39369868 1.4713271,
  -2.4755183 0.39369868 1.1305313,-2.6112125 0.39369868 0.76672117,
  -2.6937499 0.39369868 0.38730277,2.1497644 0.27413979 0,
  2.4297358 0.36199502 0,2.1278829 0.27413979 0.30594337,
  2.0626838 0.27413979 0.60565862,2.4050046 0.36199502 0.34578745,
  1.9554945 0.27413979 0.8930444,2.3313144 0.36199502 0.68453567,
  1.8084969 0.27413979 1.1622504,2.2101654 0.36199502 1.0093487,
  1.6246835 0.27413979 1.4077963,2.0440238 0.36199502 1.3136143,
  1.4077963 0.27413979 1.6246835,1.8362718 0.36199502 1.5911386,
  1.1622504 0.27413979 1.8084969,1.5911386 0.36199502 1.8362718,
  0.8930444 0.27413979 1.9554945,1.3136143 0.36199502 2.0440238,
  0.60565862 0.27413979 2.0626838,1.0093487 0.36199502 2.2101654,
  0.30594337 0.27413979 2.1278829,0.68453567 0.36199502 2.3313144,
  0 0.27413979 2.1497644,0.34578745 0.36199502 2.4050046,
  -0.30594337 0.27413979 2.1278829,0 0.36199502 2.4297358,
  -0.60565862 0.27413979 2.0626838,-0.34578745 0.36199502 2.4050046,
  -0.8930444 0.27413979 1.9554945,-0.68453567 0.36199502 2.3313144,
  -1.1622504 0.27413979 1.8084969,-1.0093487 0.36199502 2.2101654,
  -1.4077963 0.27413979 1.6246835,-1.3136143 0.36199502 2.0440238,
  -1.6246835 0.27413979 1.4077963,-1.5911386 0.36199502 1.8362718,
  -1.8084969 0.27413979 1.1622504,-1.8362718 0.36199502 1.5911386,
  -1.9554945 0.27413979 0.8930444,-2.0440238 0.36199502 1.3136143,
  -2.0626838 0.27413979 0.60565862,-2.2101654 0.36199502 1.0093487,
  -2.1278829 0.27413979 0.30594337,-2.3313144 0.36199502 0.68453567,
  -2.4050046 0.36199502 0.34578745] }
 coordIndex [
  69,30,29,-1,40,39,2,-1,69,29,67,-1,69,64,66,-1,69,67,64,-1,41,16,15,-1,70,68,9,-1,41,38,37,-1,
  41,15,38,-1,70,9,10,-1,41,37,39,-1,42,2,3,-1,71,31,30,-1,71,30,69,-1,42,40,2,-1,71,66,68,-1,
  43,17,16,-1,71,69,66,-1,43,39,40,-1,72,70,10,-1,43,16,41,-1,43,41,39,-1,73,32,31,-1,73,31,71,-1,
  44,42,3,-1,73,68,70,-1,45,17,43,-1,45,18,17,-1,73,71,68,-1,45,43,40,-1,74,10,11,-1,45,40,42,-1,
  46,3,4,-1,74,72,10,-1,75,33,32,-1,46,44,3,-1,75,70,72,-1,75,32,73,-1,75,73,70,-1,47,19,18,-1,
  47,42,44,-1,47,45,42,-1,47,18,45,-1,76,74,11,-1,77,34,33,-1,48,46,4,-1,77,33,75,-1,49,19,47,-1,
  77,72,74,-1,49,20,19,-1,77,75,72,-1,49,44,46,-1,78,11,1,-1,49,47,44,-1,78,1,13,-1,78,76,11,-1,
  50,4,5,-1,50,48,4,-1,79,35,34,-1,51,20,49,-1,51,49,46,-1,79,34,77,-1,51,21,20,-1,79,74,76,-1,
  79,77,74,-1,80,76,78,-1,51,46,48,-1,80,13,14,-1,80,14,12,-1,52,50,5,-1,80,36,35,-1,80,12,36,-1,
  80,35,79,-1,80,79,76,-1,80,78,13,-1,53,22,21,-1,53,21,51,-1,53,51,48,-1,53,48,50,-1,54,5,6,-1,
  54,52,5,-1,55,23,22,-1,55,53,50,-1,55,50,52,-1,55,22,53,-1,56,54,6,-1,57,52,54,-1,57,24,23,-1,
  57,55,52,-1,57,23,55,-1,58,6,7,-1,58,56,6,-1,59,24,57,-1,59,25,24,-1,59,54,56,-1,59,57,54,-1,
  60,58,7,-1,61,56,58,-1,61,26,25,-1,61,59,56,-1,61,25,59,-1,62,7,8,-1,62,60,7,-1,63,27,26,-1,
  63,26,61,-1,63,58,60,-1,63,61,58,-1,64,62,8,-1,65,28,27,-1,65,60,62,-1,65,63,60,-1,65,27,63,-1,
  66,8,9,-1,66,64,8,-1,67,29,28,-1,67,62,64,-1,67,65,62,-1,39,0,2,-1,67,28,65,-1,39,37,0,-1,
  68,66,9,-1]
  normalPerVertex TRUE
  normal DEF NORM_37 Normal { vector [
  -0.45921792 0.88668531 -0.053926493,0.45921792 0.88668531 -0.053926493,
  -0.44125844 0.8879774 -0.12956517,-0.38688165 0.8879774 -0.24863374,
  -0.301162 0.8879774 -0.34755948,-0.19104401 0.8879774 -0.41832802,
  -0.065448758 0.8879774 -0.45520611,0.065448758 0.8879774 -0.45520611,
  0.19104401 0.8879774 -0.41832802,0.301162 0.8879774 -0.34755948,
  0.38688165 0.8879774 -0.24863374,0.44125844 0.8879774 -0.12956517,
  0.10804098 0.99411641 -0.0077272436,0.35825723 0.93327124 -0.025623063,
  0.20468323 0.97871879 -0.014639233,-0.10804098 0.99411641 -0.0077272436,
  -0.10660476 0.99414326 -0.017736903,-0.10299545 0.99414326 -0.032727806,
  -0.097289455 0.99414326 -0.047052465,-0.089602924 0.99414326 -0.060419272,
  -0.080092337 0.99414326 -0.072556116,-0.0689513 0.99414326 -0.083215928,
  -0.056406614 0.99414326 -0.092181703,-0.042713652 0.99414326 -0.099270924,
  -0.028151163 0.99414326 -0.10433928,-0.013015598 0.99414326 -0.10728358,
  0.0023849275 0.99414326 -0.1080439,0.017736903 0.99414326 -0.10660476,
  0.032727806 0.99414326 -0.10299545,0.047052465 0.99414326 -0.097289455,
  0.060419272 0.99414326 -0.089602924,0.072556116 0.99414326 -0.080092337,
  0.083215928 0.99414326 -0.0689513,0.092181703 0.99414326 -0.056406614,
  0.099270924 0.99414326 -0.042713652,0.10433928 0.99414326 -0.028151163,
  0.10694447 0.99414609 -0.015376294,-0.35825723 0.93327124 -0.025623063,
  -0.20468323 0.97871879 -0.014639233,-0.38890198 0.91936049 -0.05942678,
  -0.35486009 0.92852772 -0.1091356,-0.19954651 0.9795938 -0.024024351,
  -0.35640625 0.91936049 -0.16658593,-0.1940964 0.9795938 -0.052178247,
  -0.30973871 0.92852772 -0.20469048,-0.18469504 0.9795938 -0.079269945,
  -0.29503662 0.91936049 -0.26024927,-0.17153382 0.9795938 -0.10474794,
  -0.23952415 0.92852772 -0.28366256,-0.15488066 0.9795938 -0.12809356,
  -0.20976487 0.91936049 -0.33282877,-0.13507459 0.9795938 -0.14883157,
  -0.14990476 0.92852772 -0.33965398,-0.11251878 0.9795938 -0.1665398,
  -0.10749922 0.91936049 -0.37844446,-0.08767242 0.9795938 -0.18085775,
  -0.048140976 0.92852772 -0.36812866,-0.061041299 0.9795938 -0.19149397,
  0.0034753792 0.91936049 -0.39340083,-0.033167553 0.9795938 -0.19823192,
  0.057522901 0.92852772 -0.36677974,-0.0046186121 0.9795938 -0.20093444,
  0.11416842 0.91936049 -0.3764862,0.024024351 0.9795938 -0.19954651,
  0.15852661 0.92852772 -0.33571651,0.052178247 0.9795938 -0.1940964,
  0.21561222 0.91936049 -0.3290709,0.079269945 0.9795938 -0.18469504,
  0.24668744 0.92852772 -0.27745553,0.10474794 0.9795938 -0.17153382,
  0.2995884 0.91936049 -0.25499624,0.12809356 0.9795938 -0.15488066,
  0.31486312 0.92852772 -0.19671674,0.14883157 0.9795938 -0.13507459,
  0.3592937 0.91936049 -0.16026329,0.1665398 0.9795938 -0.11251878,
  0.35753047 0.92852772 -0.10004114,0.18085775 0.9795938 -0.08767242,
  0.40695229 0.91157353 -0.058510906,0.19149397 0.9795938 -0.061041299,
  0.19702741 0.97998863 -0.028328264] }
}
}
DEF SHAPE_38 Shape {
 appearance USE APP_2
 geometry DEF FACE_38 IndexedFaceSet {
  coord DEF COORD_38 Coordinate { point [
  2.7214503 0.39369868 0,-2.7214503 0.39369868 0,
  2.6937499 0.39369868 0.38730277,2.6112125 0.39369868 0.76672117,
  2.4755183 0.39369868 1.1305313,2.2894297 0.39369868 1.4713271,
  2.0567349 0.39369868 1.782171,1.782171 0.39369868 2.0567349,
  1.4713271 0.39369868 2.2894297,1.1305313 0.39369868 2.4755183,
  0.76672117 0.39369868 2.6112125,0.38730277 0.39369868 2.6937499,
  0 0.39369868 2.7214503,-0.38730277 0.39369868 2.6937499,
  -0.76672117 0.39369868 2.6112125,-1.1305313 0.39369868 2.4755183,
  -1.4713271 0.39369868 2.2894297,-1.782171 0.39369868 2.0567349,
  -2.0567349 0.39369868 1.782171,-2.2894297 0.39369868 1.4713271,
  -2.4755183 0.39369868 1.1305313,-2.6112125 0.39369868 0.76672117,
  -2.6937499 0.39369868 0.38730277,-2.7599638 0.36422664 0,
  -2.7317911 0.39242705 0,-2.7414363 0.38848749 0,
  -2.7497103 0.38215588 0,-2.7560338 0.37387564 0,
  2.7599638 0.36422664 0,2.7318714 0.36422664 0.39278381,
  2.6481659 0.36422664 0.77757167,2.5105514 0.36422664 1.1465304,
  2.3218293 0.36422664 1.4921491,2.0858415 0.36422664 1.807392,
  1.807392 0.36422664 2.0858415,1.4921491 0.36422664 2.3218293,
  1.1465304 0.36422664 2.5105514,0.77757167 0.36422664 2.6481659,
  0.39278381 0.36422664 2.7318714,0 0.36422664 2.7599638,
  -0.39278381 0.36422664 2.7318714,-0.77757167 0.36422664 2.6481659,
  -1.1465304 0.36422664 2.5105514,-1.4921491 0.36422664 2.3218293,
  -1.807392 0.36422664 2.0858415,-2.0858415 0.36422664 1.807392,
  -2.3218293 0.36422664 1.4921491,-2.5105514 0.36422664 1.1465304,
  -2.6481659 0.36422664 0.77757167,-2.7318714 0.36422664 0.39278381,
  2.7317911 0.39242705 0,2.7414363 0.38848749 0,
  2.7497103 0.38215588 0,2.7560338 0.37387564 0,
  2.7039854 0.39242705 0.38877441,2.7135324 0.38848749 0.39014706,
  2.7217222 0.38215588 0.39132457,2.7279813 0.37387564 0.3922245,
  2.6211344 0.39242705 0.7696345,2.6303888 0.38848749 0.77235185,
  2.6383277 0.38215588 0.77468291,2.644395 0.37387564 0.77646444,
  2.4849246 0.39242705 1.134827,2.4936981 0.38848749 1.1388338,
  2.5012245 0.38215588 1.1422709,2.5069765 0.37387564 1.1448978,
  2.2981289 0.39242705 1.4769178,2.3062429 0.38848749 1.4821323,
  2.3132035 0.38215588 1.4866056,2.3185231 0.37387564 1.4900243,
  2.06455 0.39242705 1.7889427,2.0718393 0.38848749 1.795259,
  2.0780924 0.38215588 1.8006773,2.0828713 0.37387564 1.8048183,
  1.7889427 0.39242705 2.06455,1.795259 0.38848749 2.0718393,
  1.8006773 0.38215588 2.0780924,1.8048183 0.37387564 2.0828713,
  1.4769178 0.39242705 2.2981289,1.4821323 0.38848749 2.3062429,
  1.4866056 0.38215588 2.3132035,1.4900243 0.37387564 2.3185231,
  1.134827 0.39242705 2.4849246,1.1388338 0.38848749 2.4936981,
  1.1422709 0.38215588 2.5012245,1.1448978 0.37387564 2.5069765,
  0.7696345 0.39242705 2.6211344,0.77235185 0.38848749 2.6303888,
  0.77468291 0.38215588 2.6383277,0.77646444 0.37387564 2.644395,
  0.38877441 0.39242705 2.7039854,0.39014706 0.38848749 2.7135324,
  0.39132457 0.38215588 2.7217222,0.3922245 0.37387564 2.7279813,
  0 0.39242705 2.7317911,0 0.38848749 2.7414363,
  0 0.38215588 2.7497103,0 0.37387564 2.7560338,
  -0.38877441 0.39242705 2.7039854,-0.39014706 0.38848749 2.7135324,
  -0.39132457 0.38215588 2.7217222,-0.3922245 0.37387564 2.7279813,
  -0.7696345 0.39242705 2.6211344,-0.77235185 0.38848749 2.6303888,
  -0.77468291 0.38215588 2.6383277,-0.77646444 0.37387564 2.644395,
  -1.134827 0.39242705 2.4849246,-1.1388338 0.38848749 2.4936981,
  -1.1422709 0.38215588 2.5012245,-1.1448978 0.37387564 2.5069765,
  -1.4769178 0.39242705 2.2981289,-1.4821323 0.38848749 2.3062429,
  -1.4866056 0.38215588 2.3132035,-1.4900243 0.37387564 2.3185231,
  -1.7889427 0.39242705 2.06455,-1.795259 0.38848749 2.0718393,
  -1.8006773 0.38215588 2.0780924,-1.8048183 0.37387564 2.0828713,
  -2.06455 0.39242705 1.7889427,-2.0718393 0.38848749 1.795259,
  -2.0780924 0.38215588 1.8006773,-2.0828713 0.37387564 1.8048183,
  -2.2981289 0.39242705 1.4769178,-2.3062429 0.38848749 1.4821323,
  -2.3132035 0.38215588 1.4866056,-2.3185231 0.37387564 1.4900243,
  -2.4849246 0.39242705 1.134827,-2.4936981 0.38848749 1.1388338,
  -2.5012245 0.38215588 1.1422709,-2.5069765 0.37387564 1.1448978,
  -2.6211344 0.39242705 0.7696345,-2.6303888 0.38848749 0.77235185,
  -2.6383277 0.38215588 0.77468291,-2.644395 0.37387564 0.77646444,
  -2.7039854 0.39242705 0.38877441,-2.7135324 0.38848749 0.39014706,
  -2.7217222 0.38215588 0.39132457,-2.7279813 0.37387564 0.3922245] }
 coordIndex [
  54,0,2,-1,54,50,0,-1,55,51,50,-1,55,50,54,-1,56,51,55,-1,56,52,51,-1,57,29,28,-1,57,53,52,-1,
  57,28,53,-1,57,52,56,-1,58,2,3,-1,58,54,2,-1,59,55,54,-1,59,54,58,-1,60,55,59,-1,60,56,55,-1,
  61,30,29,-1,61,29,57,-1,61,56,60,-1,61,57,56,-1,62,3,4,-1,62,58,3,-1,63,59,58,-1,63,58,62,-1,
  64,60,59,-1,64,59,63,-1,65,30,61,-1,65,31,30,-1,65,61,60,-1,65,60,64,-1,66,4,5,-1,66,62,4,-1,
  67,63,62,-1,67,62,66,-1,68,63,67,-1,68,64,63,-1,69,31,65,-1,69,64,68,-1,69,32,31,-1,69,65,64,-1,
  70,5,6,-1,70,66,5,-1,71,66,70,-1,71,67,66,-1,72,67,71,-1,72,68,67,-1,73,69,68,-1,73,33,32,-1,
  73,32,69,-1,73,68,72,-1,74,6,7,-1,74,70,6,-1,75,71,70,-1,75,70,74,-1,76,72,71,-1,76,71,75,-1,
  77,34,33,-1,77,33,73,-1,77,72,76,-1,77,73,72,-1,78,7,8,-1,78,74,7,-1,79,75,74,-1,79,74,78,-1,
  80,76,75,-1,80,75,79,-1,81,35,34,-1,81,34,77,-1,81,77,76,-1,81,76,80,-1,82,8,9,-1,82,78,8,-1,
  83,79,78,-1,83,78,82,-1,84,79,83,-1,84,80,79,-1,85,36,35,-1,85,35,81,-1,85,81,80,-1,85,80,84,-1,
  86,9,10,-1,86,82,9,-1,87,82,86,-1,87,83,82,-1,88,83,87,-1,88,84,83,-1,89,84,88,-1,89,37,36,-1,
  89,36,85,-1,89,85,84,-1,90,86,10,-1,90,10,11,-1,91,87,86,-1,91,86,90,-1,92,87,91,-1,92,88,87,-1,
  93,88,92,-1,93,89,88,-1,93,37,89,-1,93,38,37,-1,94,11,12,-1,94,90,11,-1,95,91,90,-1,95,90,94,-1,
  96,92,91,-1,96,91,95,-1,97,92,96,-1,97,38,93,-1,97,39,38,-1,97,93,92,-1,98,12,13,-1,98,94,12,-1,
  99,94,98,-1,99,95,94,-1,100,95,99,-1,100,96,95,-1,101,97,96,-1,101,39,97,-1,101,40,39,-1,101,96,100,-1,
  102,13,14,-1,102,98,13,-1,103,98,102,-1,103,99,98,-1,104,100,99,-1,104,99,103,-1,105,41,40,-1,105,40,101,-1,
  105,101,100,-1,105,100,104,-1,106,14,15,-1,106,102,14,-1,107,102,106,-1,107,103,102,-1,108,104,103,-1,108,103,107,-1,
  109,42,41,-1,109,41,105,-1,109,105,104,-1,109,104,108,-1,110,15,16,-1,110,106,15,-1,111,107,106,-1,111,106,110,-1,
  112,108,107,-1,112,107,111,-1,113,43,42,-1,113,42,109,-1,113,109,108,-1,113,108,112,-1,114,16,17,-1,114,110,16,-1,
  115,111,110,-1,115,110,114,-1,116,112,111,-1,116,111,115,-1,117,43,113,-1,117,44,43,-1,117,113,112,-1,117,112,116,-1,
  118,17,18,-1,118,114,17,-1,119,115,114,-1,119,114,118,-1,120,115,119,-1,120,116,115,-1,121,116,120,-1,121,45,44,-1,
  121,44,117,-1,121,117,116,-1,122,18,19,-1,122,118,18,-1,123,118,122,-1,123,119,118,-1,124,120,119,-1,124,119,123,-1,
  125,120,124,-1,125,121,120,-1,125,46,45,-1,125,45,121,-1,126,19,20,-1,126,122,19,-1,127,123,122,-1,127,122,126,-1,
  128,124,123,-1,128,123,127,-1,129,125,124,-1,129,46,125,-1,129,124,128,-1,129,47,46,-1,130,126,20,-1,130,20,21,-1,
  131,127,126,-1,131,126,130,-1,132,128,127,-1,132,127,131,-1,133,129,128,-1,133,47,129,-1,133,128,132,-1,133,48,47,-1,
  134,130,21,-1,134,21,22,-1,134,22,1,-1,134,1,24,-1,135,24,25,-1,135,130,134,-1,135,131,130,-1,135,134,24,-1,
  136,25,26,-1,136,132,131,-1,136,131,135,-1,136,135,25,-1,137,26,27,-1,137,27,23,-1,137,133,132,-1,137,48,133,-1,
  137,136,26,-1,137,49,48,-1,137,23,49,-1,137,132,136,-1]
  normalPerVertex TRUE
  normal DEF NORM_38 Normal { vector [
  0.122048 0.99248581 0.0087290455,-0.122048 0.99248581 0.0087290455,
  0.12039467 0.9925194 0.020257279,0.11628631 0.9925194 0.037185037,
  0.1098107 0.9925194 0.053355814,0.10109966 0.9925194 0.068440421,
  0.090330527 0.9925194 0.082131779,0.077722521 0.9925194 0.09415117,
  0.06353231 0.9925194 0.10425391,0.048048763 0.9925194 0.11223435,
  0.031587083 0.9925194 0.11793002,0.01448238 0.9925194 0.12122497,
  -0.0029171419 0.9925194 0.12205213,-0.020257279 0.9925194 0.12039467,
  -0.037185037 0.9925194 0.11628631,-0.053355814 0.9925194 0.1098107,
  -0.068440421 0.9925194 0.10109966,-0.082131779 0.9925194 0.090330527,
  -0.09415117 0.9925194 0.077722521,-0.10425391 0.9925194 0.06353231,
  -0.11223435 0.9925194 0.048048763,-0.11793002 0.9925194 0.031587083,
  -0.12081033 0.99252363 0.017369904,-0.92410042 0.37639093 0.066092967,
  -0.29510677 0.95523113 0.021106453,-0.53505197 0.843952 0.038267672,
  -0.7371913 0.67362384 0.052724962,-0.86640208 0.49548725 0.061966299,
  0.92410042 0.37639093 0.066092967,0.91333741 0.37712398 0.1535978,
  0.8821817 0.37712398 0.28201586,0.83306732 0.37712398 0.40469289,
  0.76699409 0.37712398 0.51913154,0.68530708 0.37712398 0.62300217,
  0.58966919 0.37712398 0.71419028,0.48202733 0.37712398 0.79083952,
  0.36457279 0.37712398 0.85138956,0.2396966 0.37712398 0.89460776,
  0.10994087 0.37712398 0.91961433,-0.022052931 0.37712398 0.92590019,
  -0.1535978 0.37712398 0.91333741,-0.28201586 0.37712398 0.8821817,
  -0.40469289 0.37712398 0.83306732,-0.51913154 0.37712398 0.76699409,
  -0.62300217 0.37712398 0.68530708,-0.71419028 0.37712398 0.58966919,
  -0.79083952 0.37712398 0.48202733,-0.85138956 0.37712398 0.36457279,
  -0.89460776 0.37712398 0.2396966,-0.9166988 0.37721572 0.13180139,
  0.29510677 0.95523113 0.021106453,0.53505197 0.843952 0.038267672,
  0.7371913 0.67362384 0.052724962,0.86640208 0.49548725 0.061966299,
  0.24945261 0.9676014 0.038999012,0.49195659 0.86750649 0.073560812,
  0.70000752 0.70667397 0.10296296,0.86203554 0.4962632 0.10304154,
  0.24136341 0.9676014 0.074102867,0.47648039 0.86750649 0.14282479,
  0.6782293 0.70667397 0.2015364,0.83859692 0.4962632 0.22467317,
  0.22836074 0.9676014 0.1076982,0.45130442 0.86750649 0.20918127,
  0.64264428 0.70667397 0.29600714,0.79808689 0.4962632 0.34173111,
  0.2107093 0.9676014 0.13910111,0.41694119 0.86750649 0.27127942,
  0.59397688 0.70667397 0.38445203,0.74133011 0.4962632 0.45183239,
  0.18876843 0.9676014 0.16767232,0.37409024 0.86750649 0.32785511,
  0.53321782 0.70667397 0.46507059,0.66948198 0.4962632 0.55273566,
  0.16298478 0.9676014 0.19283021,0.3236239 0.86750649 0.37775661,
  0.46160399 0.70667397 0.53622165,0.58400514 0.4962632 0.64238683,
  0.13388323 0.9676014 0.21406263,0.2665695 0.86750649 0.41996807,
  0.38059323 0.70667397 0.59645678,0.48663963 0.4962632 0.71896085,
  0.10205621 0.9676014 0.23093735,0.20408852 0.86750649 0.4536302,
  0.29183468 0.70667397 0.64454978,0.37936754 0.4962632 0.78089891,
  0.06815161 0.9676014 0.24311085,0.13745289 0.86750649 0.47805772,
  0.19713523 0.70667397 0.6795216,0.26437263 0.4962632 0.82694011,
  0.032859644 0.9676014 0.25033532,0.068019106 0.86750649 0.49275337,
  0.098422673 0.70667397 0.70066031,0.14399584 0.4962632 0.8561472,
  -0.0031012507 0.9676014 0.25246368,-0.0027993464 0.86750649 0.49741798,
  -0.0022934874 0.70667397 0.70753561,0.020687724 0.4962632 0.8679256,
  -0.038999012 0.9676014 0.24945261,-0.073560812 0.86750649 0.49195659,
  -0.10296296 0.70667397 0.70000752,-0.10304154 0.4962632 0.86203554,
  -0.074102867 0.9676014 0.24136341,-0.14282479 0.86750649 0.47648039,
  -0.2015364 0.70667397 0.6782293,-0.22467317 0.4962632 0.83859692,
  -0.1076982 0.9676014 0.22836074,-0.20918127 0.86750649 0.45130442,
  -0.29600714 0.70667397 0.64264428,-0.34173111 0.4962632 0.79808689,
  -0.13910111 0.9676014 0.2107093,-0.27127942 0.86750649 0.41694119,
  -0.38445203 0.70667397 0.59397688,-0.45183239 0.4962632 0.74133011,
  -0.16767232 0.9676014 0.18876843,-0.32785511 0.86750649 0.37409024,
  -0.46507059 0.70667397 0.53321782,-0.55273566 0.4962632 0.66948198,
  -0.19283021 0.9676014 0.16298478,-0.37775661 0.86750649 0.3236239,
  -0.53622165 0.70667397 0.46160399,-0.64238683 0.4962632 0.58400514,
  -0.21406263 0.9676014 0.13388323,-0.41996807 0.86750649 0.2665695,
  -0.59645678 0.70667397 0.38059323,-0.71896085 0.4962632 0.48663963,
  -0.23093735 0.9676014 0.10205621,-0.4536302 0.86750649 0.20408852,
  -0.64454978 0.70667397 0.29183468,-0.78089891 0.4962632 0.37936754,
  -0.24311085 0.9676014 0.06815161,-0.47805772 0.86750649 0.13745289,
  -0.6795216 0.70667397 0.19713523,-0.82694011 0.4962632 0.26437263,
  -0.20702404 0.97788295 0.029765564,-0.45366313 0.888783 0.065226911,
  -0.66852824 0.73744896 0.09611985,-0.85929561 0.49633349 0.12354806] }
}
}
DEF SHAPE_39 Shape {
 appearance USE APP_2
 geometry DEF FACE_39 IndexedFaceSet {
  coord DEF COORD_39 Coordinate { point [
  2.7599638 0.36422664 0,-2.7599638 0.36422664 0,
  2.7318714 0.36422664 0.39278381,2.6481659 0.36422664 0.77757167,
  2.5105514 0.36422664 1.1465304,2.3218293 0.36422664 1.4921491,
  2.0858415 0.36422664 1.807392,1.807392 0.36422664 2.0858415,
  1.4921491 0.36422664 2.3218293,1.1465304 0.36422664 2.5105514,
  0.77757167 0.36422664 2.6481659,0.39278381 0.36422664 2.7318714,
  0 0.36422664 2.7599638,-0.39278381 0.36422664 2.7318714,
  -0.77757167 0.36422664 2.6481659,-1.1465304 0.36422664 2.5105514,
  -1.4921491 0.36422664 2.3218293,-1.807392 0.36422664 2.0858415,
  -2.0858415 0.36422664 1.807392,-2.3218293 0.36422664 1.4921491,
  -2.5105514 0.36422664 1.1465304,-2.6481659 0.36422664 0.77757167,
  -2.7318714 0.36422664 0.39278381,-2.8162246 0.14758438 0,
  2.8162246 0.14758438 0,2.7875595 0.14758438 0.40079055,
  2.7021477 0.14758438 0.79342216,2.561728 0.14758438 1.169902,
  2.3691589 0.14758438 1.522566,2.1283606 0.14758438 1.8442349,
  1.8442349 0.14758438 2.1283606,1.522566 0.14758438 2.3691589,
  1.169902 0.14758438 2.561728,0.79342216 0.14758438 2.7021477,
  0.40079055 0.14758438 2.7875595,0 0.14758438 2.8162246,
  -0.40079055 0.14758438 2.7875595,-0.79342216 0.14758438 2.7021477,
  -1.169902 0.14758438 2.561728,-1.522566 0.14758438 2.3691589,
  -1.8442349 0.14758438 2.1283606,-2.1283606 0.14758438 1.8442349,
  -2.3691589 0.14758438 1.522566,-2.561728 0.14758438 1.169902,
  -2.7021477 0.14758438 0.79342216,-2.7875595 0.14758438 0.40079055] }
 coordIndex [
  45,21,22,-1,45,44,21,-1,23,22,1,-1,23,45,22,-1,25,0,2,-1,25,24,0,-1,26,2,3,-1,26,25,2,-1,
  27,3,4,-1,27,26,3,-1,28,4,5,-1,28,27,4,-1,29,5,6,-1,29,28,5,-1,30,6,7,-1,30,29,6,-1,
  31,7,8,-1,31,30,7,-1,32,8,9,-1,32,31,8,-1,33,9,10,-1,33,32,9,-1,34,10,11,-1,34,33,10,-1,
  35,11,12,-1,35,34,11,-1,36,12,13,-1,36,35,12,-1,37,13,14,-1,37,36,13,-1,38,37,14,-1,38,14,15,-1,
  39,38,15,-1,39,15,16,-1,40,39,16,-1,40,16,17,-1,41,40,17,-1,41,17,18,-1,42,18,19,-1,42,41,18,-1,
  43,19,20,-1,43,42,19,-1,44,20,21,-1,44,43,20,-1]
  normalPerVertex TRUE
  normal DEF NORM_39 Normal { vector [
  0.96558368 0.25075664 0.069059907,-0.96558368 0.25075664 0.069059907,
  0.95445352 0.25128804 0.16085026,0.92184718 0.25128804 0.29504593,
  0.87047469 0.25128804 0.42323532,0.80138184 0.25128804 0.54280886,
  0.71597518 0.25128804 0.65133238,0.61599332 0.25128804 0.74659664,
  0.50347162 0.25128804 0.82666236,0.38070068 0.25128804 0.88989961,
  0.25017978 0.25128804 0.93502107,0.11456594 0.25128804 0.9611082,
  -0.023380135 0.25128804 0.96762993,-0.16085026 0.25128804 0.95445352,
  -0.29504593 0.25128804 0.92184718,-0.42323532 0.25128804 0.87047469,
  -0.54280886 0.25128804 0.80138184,-0.65133238 0.25128804 0.71597518,
  -0.74659664 0.25128804 0.61599332,-0.82666236 0.25128804 0.50347162,
  -0.88989961 0.25128804 0.38070068,-0.93502107 0.25128804 0.25017978,
  -0.9611082 0.25128804 0.11456594,-0.96558368 0.25075664 0.069059907,
  0.96558368 0.25075664 0.069059907,0.96103363 0.25129164 0.11518195,
  0.93485959 0.25129164 0.25077891,0.88965451 0.25129164 0.38127073,
  0.82633862 0.25129164 0.50400098,0.74620087 0.25129164 0.61647122,
  0.65087262 0.25129164 0.71639189,0.54229448 0.25129164 0.80172889,
  0.42267678 0.25129164 0.87074499,0.29445461 0.25129164 0.92203524,
  0.16023819 0.25129164 0.95455552,0.022759784 0.25129164 0.96764379,
  -0.11518195 0.25129164 0.96103363,-0.25077891 0.25129164 0.93485959,
  -0.38127073 0.25129164 0.88965451,-0.50400098 0.25129164 0.82633862,
  -0.61647122 0.25129164 0.74620087,-0.71639189 0.25129164 0.65087262,
  -0.80172889 0.25129164 0.54229448,-0.87074499 0.25129164 0.42267678,
  -0.92203524 0.25129164 0.29445461,-0.95455552 0.25129164 0.16023819] }
}
}
DEF SHAPE_40 Shape {
 appearance USE APP_2
 geometry DEF FACE_40 IndexedFaceSet {
  coord DEF COORD_40 Coordinate { point [
  2.8794261 0.12714513 0,2.8162246 0.14758438 0,
  2.8698184 0.12128451 0,2.858945 0.11838158 0,
  2.8476947 0.11867353 0,2.8369866 0.12213652 0,
  2.8276957 0.12848756 0,2.8205813 0.1372077 0,
  -2.8162246 0.14758438 0,-2.7875595 0.14758438 -0.40079055,
  -2.7021477 0.14758438 -0.79342216,-2.561728 0.14758438 -1.169902,
  -2.3691589 0.14758438 -1.522566,-2.1283606 0.14758438 -1.8442349,
  -1.8442349 0.14758438 -2.1283606,-1.522566 0.14758438 -2.3691589,
  -1.169902 0.14758438 -2.561728,-0.79342216 0.14758438 -2.7021477,
  -0.40079055 0.14758438 -2.7875595,0 0.14758438 -2.8162246,
  0.40079055 0.14758438 -2.7875595,0.79342216 0.14758438 -2.7021477,
  1.169902 0.14758438 -2.561728,1.522566 0.14758438 -2.3691589,
  1.8442349 0.14758438 -2.1283606,2.1283606 0.14758438 -1.8442349,
  2.3691589 0.14758438 -1.522566,2.561728 0.14758438 -1.169902,
  2.7021477 0.14758438 -0.79342216,2.7875595 0.14758438 -0.40079055,
  -2.8794261 0.12714513 0,-2.8698184 0.12128451 0,
  -2.858945 0.11838158 0,-2.8476947 0.11867353 0,
  -2.8369866 0.12213652 0,-2.8276957 0.12848756 0,
  -2.8205813 0.1372077 0,-2.8501177 0.12714513 -0.40978506,
  -2.7627891 0.12714513 -0.81122808,-2.6192181 0.12714513 -1.1961568,
  -2.4223274 0.12714513 -1.5567353,-2.1761251 0.12714513 -1.8856231,
  -1.8856231 0.12714513 -2.1761251,-1.5567353 0.12714513 -2.4223274,
  -1.1961568 0.12714513 -2.6192181,-0.81122808 0.12714513 -2.7627891,
  -0.40978506 0.12714513 -2.8501177,0 0.12714513 -2.8794261,
  0.40978506 0.12714513 -2.8501177,0.81122808 0.12714513 -2.7627891,
  1.1961568 0.12714513 -2.6192181,1.5567353 0.12714513 -2.4223274,
  1.8856231 0.12714513 -2.1761251,2.1761251 0.12714513 -1.8856231,
  2.4223274 0.12714513 -1.5567353,2.6192181 0.12714513 -1.1961568,
  2.7627891 0.12714513 -0.81122808,2.8501177 0.12714513 -0.40978506,
  -2.8406077 0.12128451 -0.40841773,-2.8298451 0.11838158 -0.4068703,
  -2.8187093 0.11867353 -0.40526921,-2.8081101 0.12213652 -0.40374528,
  -2.7989138 0.12848756 -0.40242306,-2.7918718 0.1372077 -0.40141057,
  -2.7535705 0.12128451 -0.80852126,-2.7431377 0.11838158 -0.8054579,
  -2.732343 0.11867353 -0.8022883,-2.7220687 0.12213652 -0.79927148,
  -2.7131542 0.12848756 -0.79665394,-2.7063279 0.1372077 -0.79464957,
  -2.6104786 0.12128451 -1.1921656,-2.6005879 0.11838158 -1.1876487,
  -2.5903542 0.11867353 -1.1829751,-2.5806138 0.12213652 -1.1785268,
  -2.5721625 0.12848756 -1.1746672,-2.565691 0.1372077 -1.1717118,
  -2.4142448 0.12128451 -1.5515409,-2.4050976 0.11838158 -1.5456624,
  -2.3956332 0.11867353 -1.53958,-2.386625 0.12213652 -1.5337907,
  -2.378809 0.12848756 -1.5287677,-2.372824 0.1372077 -1.5249214,
  -2.168864 0.12128451 -1.8793314,-2.1606465 0.11838158 -1.8722108,
  -2.152144 0.11867353 -1.8648434,-2.1440514 0.12213652 -1.8578311,
  -2.1370298 0.12848756 -1.8517469,-2.1316531 0.1372077 -1.8470879,
  -1.8793314 0.12128451 -2.168864,-1.8722108 0.11838158 -2.1606465,
  -1.8648434 0.11867353 -2.152144,-1.8578311 0.12213652 -2.1440514,
  -1.8517469 0.12848756 -2.1370298,-1.8470879 0.1372077 -2.1316531,
  -1.5515409 0.12128451 -2.4142448,-1.5456624 0.11838158 -2.4050976,
  -1.53958 0.11867353 -2.3956332,-1.5337907 0.12213652 -2.386625,
  -1.5287677 0.12848756 -2.378809,-1.5249214 0.1372077 -2.372824,
  -1.1921656 0.12128451 -2.6104786,-1.1876487 0.11838158 -2.6005879,
  -1.1829751 0.11867353 -2.5903542,-1.1785268 0.12213652 -2.5806138,
  -1.1746672 0.12848756 -2.5721625,-1.1717118 0.1372077 -2.565691,
  -0.80852126 0.12128451 -2.7535705,-0.8054579 0.11838158 -2.7431377,
  -0.8022883 0.11867353 -2.732343,-0.79927148 0.12213652 -2.7220687,
  -0.79665394 0.12848756 -2.7131542,-0.79464957 0.1372077 -2.7063279,
  -0.40841773 0.12128451 -2.8406077,-0.4068703 0.11838158 -2.8298451,
  -0.40526921 0.11867353 -2.8187093,-0.40374528 0.12213652 -2.8081101,
  -0.40242306 0.12848756 -2.7989138,-0.40141057 0.1372077 -2.7918718,
  0 0.12128451 -2.8698184,0 0.11838158 -2.858945,
  0 0.11867353 -2.8476947,0 0.12213652 -2.8369866,
  0 0.12848756 -2.8276957,0 0.1372077 -2.8205813,
  0.40841773 0.12128451 -2.8406077,0.4068703 0.11838158 -2.8298451,
  0.40526921 0.11867353 -2.8187093,0.40374528 0.12213652 -2.8081101,
  0.40242306 0.12848756 -2.7989138,0.40141057 0.1372077 -2.7918718,
  0.80852126 0.12128451 -2.7535705,0.8054579 0.11838158 -2.7431377,
  0.8022883 0.11867353 -2.732343,0.79927148 0.12213652 -2.7220687,
  0.79665394 0.12848756 -2.7131542,0.79464957 0.1372077 -2.7063279,
  1.1921656 0.12128451 -2.6104786,1.1876487 0.11838158 -2.6005879,
  1.1829751 0.11867353 -2.5903542,1.1785268 0.12213652 -2.5806138,
  1.1746672 0.12848756 -2.5721625,1.1717118 0.1372077 -2.565691,
  1.5515409 0.12128451 -2.4142448,1.5456624 0.11838158 -2.4050976,
  1.53958 0.11867353 -2.3956332,1.5337907 0.12213652 -2.386625,
  1.5287677 0.12848756 -2.378809,1.5249214 0.1372077 -2.372824,
  1.8793314 0.12128451 -2.168864,1.8722108 0.11838158 -2.1606465,
  1.8648434 0.11867353 -2.152144,1.8578311 0.12213652 -2.1440514,
  1.8517469 0.12848756 -2.1370298,1.8470879 0.1372077 -2.1316531,
  2.168864 0.12128451 -1.8793314,2.1606465 0.11838158 -1.8722108,
  2.152144 0.11867353 -1.8648434,2.1440514 0.12213652 -1.8578311,
  2.1370298 0.12848756 -1.8517469,2.1316531 0.1372077 -1.8470879,
  2.4142448 0.12128451 -1.5515409,2.4050976 0.11838158 -1.5456624,
  2.3956332 0.11867353 -1.53958,2.386625 0.12213652 -1.5337907,
  2.378809 0.12848756 -1.5287677,2.372824 0.1372077 -1.5249214,
  2.6104786 0.12128451 -1.1921656,2.6005879 0.11838158 -1.1876487,
  2.5903542 0.11867353 -1.1829751,2.5806138 0.12213652 -1.1785268,
  2.5721625 0.12848756 -1.1746672,2.565691 0.1372077 -1.1717118,
  2.7535705 0.12128451 -0.80852126,2.7431377 0.11838158 -0.8054579,
  2.732343 0.11867353 -0.8022883,2.7220687 0.12213652 -0.79927148,
  2.7131542 0.12848756 -0.79665394,2.7063279 0.1372077 -0.79464957,
  2.8406077 0.12128451 -0.40841773,2.8298451 0.11838158 -0.4068703,
  2.8187093 0.11867353 -0.40526921,2.8081101 0.12213652 -0.40374528,
  2.7989138 0.12848756 -0.40242306,2.7918718 0.1372077 -0.40141057] }
 coordIndex [
  152,151,145,-1,152,145,146,-1,153,23,24,-1,153,147,23,-1,153,146,147,-1,153,152,146,-1,154,52,148,-1,154,53,52,-1,
  155,154,148,-1,155,148,149,-1,156,149,150,-1,156,155,149,-1,157,156,150,-1,157,150,151,-1,158,157,151,-1,158,151,152,-1,
  159,158,152,-1,159,24,25,-1,159,153,24,-1,159,152,153,-1,160,53,154,-1,160,54,53,-1,161,160,154,-1,161,154,155,-1,
  162,155,156,-1,162,161,155,-1,163,162,156,-1,163,156,157,-1,164,157,158,-1,164,163,157,-1,165,158,159,-1,165,159,25,-1,
  165,25,26,-1,165,164,158,-1,166,54,160,-1,166,55,54,-1,167,160,161,-1,167,166,160,-1,168,161,162,-1,168,167,161,-1,
  169,162,163,-1,169,168,162,-1,170,163,164,-1,170,169,163,-1,171,26,27,-1,171,165,26,-1,171,164,165,-1,171,170,164,-1,
  172,55,166,-1,172,56,55,-1,173,166,167,-1,173,172,166,-1,174,173,167,-1,174,167,168,-1,175,168,169,-1,175,174,168,-1,
  176,169,170,-1,176,175,169,-1,177,27,28,-1,177,171,27,-1,177,170,171,-1,177,176,170,-1,178,2,0,-1,178,56,172,-1,
  178,57,56,-1,178,0,57,-1,179,3,2,-1,179,172,173,-1,179,2,178,-1,179,178,172,-1,180,4,3,-1,180,173,174,-1,
  180,179,173,-1,180,3,179,-1,181,5,4,-1,181,180,174,-1,181,174,175,-1,181,4,180,-1,182,6,5,-1,182,175,176,-1,
  182,5,181,-1,182,181,175,-1,183,7,6,-1,183,1,7,-1,183,177,28,-1,183,28,29,-1,183,29,1,-1,183,6,182,-1,
  183,176,177,-1,183,182,176,-1,58,30,31,-1,58,37,30,-1,59,31,32,-1,59,58,31,-1,60,32,33,-1,60,59,32,-1,
  61,33,34,-1,61,60,33,-1,62,34,35,-1,62,61,34,-1,63,8,9,-1,63,35,36,-1,63,36,8,-1,63,62,35,-1,
  64,38,37,-1,64,37,58,-1,65,58,59,-1,65,64,58,-1,66,59,60,-1,66,65,59,-1,67,60,61,-1,67,66,60,-1,
  68,67,61,-1,68,61,62,-1,69,9,10,-1,69,62,63,-1,69,68,62,-1,69,63,9,-1,70,39,38,-1,70,38,64,-1,
  71,70,64,-1,71,64,65,-1,72,71,65,-1,72,65,66,-1,73,66,67,-1,73,72,66,-1,74,73,67,-1,74,67,68,-1,
  75,10,11,-1,75,74,68,-1,75,69,10,-1,75,68,69,-1,76,40,39,-1,76,39,70,-1,77,70,71,-1,77,76,70,-1,
  78,77,71,-1,78,71,72,-1,79,72,73,-1,79,78,72,-1,80,73,74,-1,80,79,73,-1,81,11,12,-1,81,74,75,-1,
  81,75,11,-1,81,80,74,-1,82,41,40,-1,82,40,76,-1,83,76,77,-1,83,82,76,-1,84,83,77,-1,84,77,78,-1,
  85,78,79,-1,85,84,78,-1,86,79,80,-1,86,85,79,-1,87,12,13,-1,87,81,12,-1,87,80,81,-1,87,86,80,-1,
  88,42,41,-1,88,41,82,-1,89,88,82,-1,89,82,83,-1,90,89,83,-1,90,83,84,-1,91,90,84,-1,91,84,85,-1,
  92,91,85,-1,92,85,86,-1,93,86,87,-1,93,92,86,-1,93,13,14,-1,93,87,13,-1,94,42,88,-1,94,43,42,-1,
  95,88,89,-1,95,94,88,-1,96,95,89,-1,96,89,90,-1,97,96,90,-1,97,90,91,-1,98,91,92,-1,98,97,91,-1,
  99,14,15,-1,99,93,14,-1,99,98,92,-1,99,92,93,-1,100,43,94,-1,100,44,43,-1,101,94,95,-1,101,100,94,-1,
  102,101,95,-1,102,95,96,-1,103,96,97,-1,103,102,96,-1,104,97,98,-1,104,103,97,-1,105,15,16,-1,105,99,15,-1,
  105,98,99,-1,105,104,98,-1,106,44,100,-1,106,45,44,-1,107,106,100,-1,107,100,101,-1,108,101,102,-1,108,107,101,-1,
  109,108,102,-1,109,102,103,-1,110,103,104,-1,110,109,103,-1,111,16,17,-1,111,105,16,-1,111,104,105,-1,111,110,104,-1,
  112,46,45,-1,112,45,106,-1,113,106,107,-1,113,112,106,-1,114,113,107,-1,114,107,108,-1,115,108,109,-1,115,114,108,-1,
  116,115,109,-1,116,109,110,-1,117,17,18,-1,117,111,17,-1,117,110,111,-1,117,116,110,-1,118,46,112,-1,118,47,46,-1,
  119,118,112,-1,119,112,113,-1,120,119,113,-1,120,113,114,-1,121,114,115,-1,121,120,114,-1,122,121,115,-1,122,115,116,-1,
  123,122,116,-1,123,18,19,-1,123,117,18,-1,123,116,117,-1,124,47,118,-1,124,48,47,-1,125,124,118,-1,125,118,119,-1,
  126,125,119,-1,126,119,120,-1,127,120,121,-1,127,126,120,-1,128,121,122,-1,128,127,121,-1,129,123,19,-1,129,19,20,-1,
  129,128,122,-1,129,122,123,-1,130,48,124,-1,130,49,48,-1,131,130,124,-1,131,124,125,-1,132,125,126,-1,132,131,125,-1,
  133,126,127,-1,133,132,126,-1,134,133,127,-1,134,127,128,-1,135,20,21,-1,135,128,129,-1,135,134,128,-1,135,129,20,-1,
  136,49,130,-1,136,50,49,-1,137,136,130,-1,137,130,131,-1,138,131,132,-1,138,137,131,-1,139,138,132,-1,139,132,133,-1,
  140,133,134,-1,140,139,133,-1,141,21,22,-1,141,135,21,-1,141,134,135,-1,141,140,134,-1,142,50,136,-1,142,51,50,-1,
  143,142,136,-1,143,136,137,-1,144,137,138,-1,144,143,137,-1,145,138,139,-1,145,144,138,-1,146,139,140,-1,146,145,139,-1,
  147,22,23,-1,147,141,22,-1,147,140,141,-1,147,146,140,-1,148,52,51,-1,148,51,142,-1,149,142,143,-1,149,148,142,-1,
  150,149,143,-1,150,143,144,-1,151,144,145,-1,151,150,144,-1]
  normalPerVertex TRUE
  normal DEF NORM_40 Normal { vector [
  -0.52039043 0.85311696 0.037219058,0.9200331 0.38627606 -0.065802066,
  -0.34873201 0.93689054 0.024941806,-0.069443802 0.9975735 0.0049667188,
  0.21561001 0.97635779 -0.015420732,0.48281557 0.87504096 -0.034531651,
  0.71017975 0.70218572 -0.050793058,0.85562893 0.51395935 -0.061195789,
  -0.9200331 0.38627606 -0.065802066,-0.90929482 0.38702137 -0.15296207,
  -0.87827073 0.38702137 -0.28081129,-0.82936759 0.38702137 -0.40294399,
  -0.76358092 0.38702137 -0.51687392,-0.68224994 0.38702137 -0.62028178,
  -0.58703032 0.38702137 -0.71106249,-0.47986045 0.38702137 -0.78736803,
  -0.36292201 0.38702137 -0.84764502,-0.23859552 0.38702137 -0.8906664,
  -0.10941192 0.38702137 -0.91555638,0.021998996 0.38702137 -0.92180828,
  0.15296207 0.38702137 -0.90929482,0.28081129 0.38702137 -0.87827073,
  0.40294399 0.38702137 -0.82936759,0.51687392 0.38702137 -0.76358092,
  0.62028178 0.38702137 -0.68224994,0.71106249 0.38702137 -0.58703032,
  0.78736803 0.38702137 -0.47986045,0.84764502 0.38702137 -0.36292201,
  0.8906664 0.38702137 -0.23859552,0.91264647 0.38711505 -0.13121875,
  0.52039043 0.85311696 0.037219058,0.34873201 0.93689054 0.024941806,
  0.069443802 0.9975735 0.0049667188,-0.21561001 0.97635779 -0.015420732,
  -0.48281557 0.87504096 -0.034531651,-0.71017975 0.70218572 -0.050793058,
  -0.85562893 0.51395935 -0.061195789,0.51364844 0.85364297 0.086365226,
  0.49612919 0.85364297 0.15858595,0.46851018 0.85364297 0.22757832,
  0.43135365 0.85364297 0.29193785,0.385416 0.85364297 0.35035437,
  0.3316324 0.85364297 0.40163868,0.27109771 0.85364297 0.44474679,
  0.20504426 0.85364297 0.47880113,0.1348167 0.85364297 0.50310847,
  0.061844662 0.85364297 0.51717397,-0.012386357 0.85364297 0.5207113,
  -0.086365226 0.85364297 0.51364844,-0.15858595 0.85364297 0.49612919,
  -0.22757832 0.85364297 0.46851018,-0.29193785 0.85364297 0.43135365,
  -0.35035437 0.85364297 0.385416,-0.40163868 0.85364297 0.3316324,
  -0.44474679 0.85364297 0.27109771,-0.47880113 0.85364297 0.20504426,
  -0.50310847 0.85364297 0.1348167,-0.51545075 0.85370846 0.074110629,
  0.38999154 0.91930104 0.052841216,0.11668162 0.99308016 0.013311293,
  -0.16617668 0.98571787 -0.027305594,-0.43546962 0.89780296 -0.065696693,
  -0.66918488 0.73650809 -0.098729061,-0.85119138 0.51490077 -0.10173701,
  0.3785019 0.91930104 0.10780495,0.11359958 0.99308016 0.029781329,
  -0.16059925 0.98571787 -0.05067707,-0.42168755 0.89780296 -0.12700178,
  -0.64832294 0.73650809 -0.19295908,-0.8280488 0.51490077 -0.22183864,
  0.35930705 0.91930104 0.16057409,0.10820497 0.99308016 0.045645104,
  -0.15175248 0.98571787 -0.073016907,-0.39932114 0.89780296 -0.18572148,
  -0.614263 0.73650809 -0.28326101,-0.78804952 0.51490077 -0.33742428,
  0.33279775 0.91930104 0.2100744,0.10060763 0.99308016 0.060579675,
  -0.13981647 0.98571787 -0.09387033,-0.3688257 0.89780296 -0.24066043,
  -0.56769845 0.73650809 -0.36779656,-0.73200783 0.51490077 -0.44614092,
  0.29951364 0.91930104 0.2552982,0.090962199 0.99308016 0.07428102,
  -0.1250342 0.98571787 -0.11281282,-0.33082204 0.89780296 -0.29070022,
  -0.50957719 0.73650809 -0.44484483,-0.66106458 0.51490077 -0.54577543,
  0.2601323 0.91930104 0.29532487,0.079465044 0.99308016 0.086470217,
  -0.10770659 0.98571787 -0.12945877,-0.28608379 0.89780296 -0.3348222,
  -0.44108241 0.73650809 -0.51283735,-0.57666395 0.51490077 -0.63429952,
  0.21545542 0.91930104 0.32933958,0.066350209 0.99308016 0.096899129,
  -0.088186392 0.98571787 -0.14346932,-0.2355217 0.89780296 -0.37212816,
  -0.36360846 0.73650809 -0.57038998,-0.48052411 0.51490077 -0.7099111,
  0.16639249 0.91930104 0.35664988,0.051884676 0.99308016 0.10535546,
  -0.066870969 0.98571787 -0.15455924,-0.18016507 0.89780296 -0.40185867,
  -0.27873249 0.73650809 -0.61633111,-0.37460218 0.51490077 -0.77107094,
  0.11394228 0.91930104 0.37669982,0.03636292 0.99308016 0.11166705,
  -0.044194246 0.98571787 -0.16250278,-0.1211408 0.89780296 -0.42340849,
  -0.18818233 0.73650809 -0.64972552,-0.26105444 0.51490077 -0.816534,
  0.059172539 0.91930104 0.38908123,0.02010092 0.99308016 0.11570542,
  -0.020617855 0.98571787 -0.16713823,-0.059650453 0.89780296 -0.43633893,
  -0.093801328 0.73650809 -0.66989338,-0.14219237 0.51490077 -0.84537478,
  0.003198215 0.91930104 0.39354208,0.0034297234 0.99308016 0.11738837,
  0.0033782553 0.98571787 -0.16837123,0.0030542075 0.89780296 -0.44038678,
  0.0024892026 0.73650809 -0.67642416,-0.020435686 0.51490077 -0.85700617,
  -0.052841216 0.91930104 0.38999154,-0.013311293 0.99308016 0.11668162,
  0.027305594 0.98571787 -0.16617668,0.065696693 0.89780296 -0.43546962,
  0.098729061 0.73650809 -0.66918488,0.10173701 0.51490077 -0.85119138,
  -0.10780495 0.91930104 0.3785019,-0.029781329 0.99308016 0.11359958,
  0.05067707 0.98571787 -0.16059925,0.12700178 0.89780296 -0.42168755,
  0.19295908 0.73650809 -0.64832294,0.22183864 0.51490077 -0.8280488,
  -0.16057409 0.91930104 0.35930705,-0.045645104 0.99308016 0.10820497,
  0.073016907 0.98571787 -0.15175248,0.18572148 0.89780296 -0.39932114,
  0.28326101 0.73650809 -0.614263,0.33742428 0.51490077 -0.78804952,
  -0.2100744 0.91930104 0.33279775,-0.060579675 0.99308016 0.10060763,
  0.09387033 0.98571787 -0.13981647,0.24066043 0.89780296 -0.3688257,
  0.36779656 0.73650809 -0.56769845,0.44614092 0.51490077 -0.73200783,
  -0.2552982 0.91930104 0.29951364,-0.07428102 0.99308016 0.090962199,
  0.11281282 0.98571787 -0.1250342,0.29070022 0.89780296 -0.33082204,
  0.44484483 0.73650809 -0.50957719,0.54577543 0.51490077 -0.66106458,
  -0.29532487 0.91930104 0.2601323,-0.086470217 0.99308016 0.079465044,
  0.12945877 0.98571787 -0.10770659,0.3348222 0.89780296 -0.28608379,
  0.51283735 0.73650809 -0.44108241,0.63429952 0.51490077 -0.57666395,
  -0.32933958 0.91930104 0.21545542,-0.096899129 0.99308016 0.066350209,
  0.14346932 0.98571787 -0.088186392,0.37212816 0.89780296 -0.2355217,
  0.57038998 0.73650809 -0.36360846,0.7099111 0.51490077 -0.48052411,
  -0.35664988 0.91930104 0.16639249,-0.10535546 0.99308016 0.051884676,
  0.15455924 0.98571787 -0.066870969,0.40185867 0.89780296 -0.18016507,
  0.61633111 0.73650809 -0.27873249,0.77107094 0.51490077 -0.37460218,
  -0.37669982 0.91930104 0.11394228,-0.11166705 0.99308016 0.03636292,
  0.16250278 0.98571787 -0.044194246,0.42340849 0.89780296 -0.1211408,
  0.64972552 0.73650809 -0.18818233,0.816534 0.51490077 -0.26105444,
  -0.43278158 0.89934876 0.062224598,-0.16325938 0.9863039 0.023473155,
  0.11961162 0.9926718 -0.017197554,0.39271846 0.91792374 -0.05646439,
  0.63374131 0.76815976 -0.091118244,0.84843533 0.51505026 -0.12198658] }
}
}
DEF SHAPE_41 Shape {
 appearance USE APP_2
 geometry DEF FACE_41 IndexedFaceSet {
  coord DEF COORD_41 Coordinate { point [
  4.9311024 0.39370079 0,-4.9311024 0.39370079 0,
  4.9000966 0.39370079 0.55210829,4.8074693 0.39370079 1.0972735,
  4.6543853 0.39370079 1.6286399,4.4427697 0.39370079 2.1395251,
  4.1752837 0.39370079 2.6235046,3.8552911 0.39370079 3.074492,
  3.4868159 0.39370079 3.4868159,3.074492 0.39370079 3.8552911,
  2.6235046 0.39370079 4.1752837,2.1395251 0.39370079 4.4427697,
  1.6286399 0.39370079 4.6543853,1.0972735 0.39370079 4.8074693,
  0.55210829 0.39370079 4.9000966,0 0.39370079 4.9311024,
  -0.55210829 0.39370079 4.9000966,-1.0972735 0.39370079 4.8074693,
  -1.6286399 0.39370079 4.6543853,-2.1395251 0.39370079 4.4427697,
  -2.6235046 0.39370079 4.1752837,-3.074492 0.39370079 3.8552911,
  -3.4868159 0.39370079 3.4868159,-3.8552911 0.39370079 3.074492,
  -4.1752837 0.39370079 2.6235046,-4.4427697 0.39370079 2.1395251,
  -4.6543853 0.39370079 1.6286399,-4.8074693 0.39370079 1.0972735,
  -4.9000966 0.39370079 0.55210829,-4.9311024 0.35433071 0,
  4.9311024 0.35433071 0,4.9000966 0.35433071 0.55210829,
  4.8074693 0.35433071 1.0972735,4.6543853 0.35433071 1.6286399,
  4.4427697 0.35433071 2.1395251,4.1752837 0.35433071 2.6235046,
  3.8552911 0.35433071 3.074492,3.4868159 0.35433071 3.4868159,
  3.074492 0.35433071 3.8552911,2.6235046 0.35433071 4.1752837,
  2.1395251 0.35433071 4.4427697,1.6286399 0.35433071 4.6543853,
  1.0972735 0.35433071 4.8074693,0.55210829 0.35433071 4.9000966,
  0 0.35433071 4.9311024,-0.55210829 0.35433071 4.9000966,
  -1.0972735 0.35433071 4.8074693,-1.6286399 0.35433071 4.6543853,
  -2.1395251 0.35433071 4.4427697,-2.6235046 0.35433071 4.1752837,
  -3.074492 0.35433071 3.8552911,-3.4868159 0.35433071 3.4868159,
  -3.8552911 0.35433071 3.074492,-4.1752837 0.35433071 2.6235046,
  -4.4427697 0.35433071 2.1395251,-4.6543853 0.35433071 1.6286399,
  -4.8074693 0.35433071 1.0972735,-4.9000966 0.35433071 0.55210829] }
 coordIndex [
  47,46,17,-1,48,18,19,-1,48,47,18,-1,49,19,20,-1,49,48,19,-1,31,0,2,-1,31,30,0,-1,50,20,21,-1,
  50,49,20,-1,32,2,3,-1,32,31,2,-1,51,21,22,-1,51,50,21,-1,33,3,4,-1,33,32,3,-1,52,22,23,-1,
  52,51,22,-1,34,4,5,-1,34,33,4,-1,53,23,24,-1,53,52,23,-1,35,5,6,-1,35,34,5,-1,54,24,25,-1,
  54,53,24,-1,36,6,7,-1,55,25,26,-1,36,35,6,-1,55,54,25,-1,37,7,8,-1,56,26,27,-1,37,36,7,-1,
  56,55,26,-1,57,27,28,-1,38,8,9,-1,57,56,27,-1,38,37,8,-1,29,57,28,-1,29,28,1,-1,39,9,10,-1,
  39,38,9,-1,40,10,11,-1,40,39,10,-1,41,40,11,-1,41,11,12,-1,42,12,13,-1,42,41,12,-1,43,13,14,-1,
  43,42,13,-1,44,14,15,-1,44,43,14,-1,45,15,16,-1,45,44,15,-1,46,16,17,-1,46,45,16,-1,47,17,18,-1]
  normalPerVertex TRUE
  normal DEF NORM_41 Normal { vector [
  0.99842682 0 0.056070447,-0.99842682 0 0.056070447,
  0.99144258 0 0.1305435,0.97059237 0 0.24072902,
  0.93753639 0 0.34788723,0.89269034 0 0.45067056,
  0.8366182 0 0.54778644,0.7700251 0 0.6380136,
  0.69374848 0 0.72021736,0.60874758 0 0.79336397,
  0.51609132 0 0.85653356,0.41694492 0 0.90893176,
  0.31255519 0 0.9498996,0.20423489 0 0.97892191,
  0.093346229 0 0.99563371,-0.018716319 0 0.99982483,
  -0.1305435 0 0.99144258,-0.24072902 0 0.97059237,
  -0.34788723 0 0.93753639,-0.45067056 0 0.89269034,
  -0.54778644 0 0.8366182,-0.6380136 0 0.7700251,
  -0.72021736 0 0.69374848,-0.79336397 0 0.60874758,
  -0.85653356 0 0.51609132,-0.90893176 0 0.41694492,
  -0.9498996 0 0.31255519,-0.97892191 0 0.20423489,
  -0.99563371 0 0.093346229,-0.99842682 0 0.056070447,
  0.99842682 0 0.056070447,0.99563371 0 0.093346229,
  0.97892191 0 0.20423489,0.9498996 0 0.31255519,
  0.90893176 0 0.41694492,0.85653356 0 0.51609132,
  0.79336397 0 0.60874758,0.72021736 0 0.69374848,
  0.6380136 0 0.7700251,0.54778644 0 0.8366182,
  0.45067056 0 0.89269034,0.34788723 0 0.93753639,
  0.24072902 0 0.97059237,0.1305435 0 0.99144258,
  0.018716319 0 0.99982483,-0.093346229 0 0.99563371,
  -0.20423489 0 0.97892191,-0.31255519 0 0.9498996,
  -0.41694492 0 0.90893176,-0.51609132 0 0.85653356,
  -0.60874758 0 0.79336397,-0.69374848 0 0.72021736,
  -0.7700251 0 0.6380136,-0.8366182 0 0.54778644,
  -0.89269034 0 0.45067056,-0.93753639 0 0.34788723,
  -0.97059237 0 0.24072902,-0.99144258 0 0.1305435] }
}
}
DEF SHAPE_42 Shape {
 appearance USE APP_2
 geometry DEF FACE_42 IndexedFaceSet {
  coord DEF COORD_42 Coordinate { point [
  2.9045215 0.09680994 0,-2.9045215 0.09680994 0,
  2.8749577 0.09680994 0.41335651,2.786868 0.09680994 0.81829828,
  2.6420457 0.09680994 1.2065818,2.443439 0.09680994 1.5703029,
  2.1950909 0.09680994 1.9020571,1.9020571 0.09680994 2.1950909,
  1.5703029 0.09680994 2.443439,1.2065818 0.09680994 2.6420457,
  0.81829828 0.09680994 2.786868,0.41335651 0.09680994 2.8749577,
  0 0.09680994 2.9045215,-0.41335651 0.09680994 2.8749577,
  -0.81829828 0.09680994 2.786868,-1.2065818 0.09680994 2.6420457,
  -1.5703029 0.09680994 2.443439,-1.9020571 0.09680994 2.1950909,
  -2.1950909 0.09680994 1.9020571,-2.443439 0.09680994 1.5703029,
  -2.6420457 0.09680994 1.2065818,-2.786868 0.09680994 0.81829828,
  -2.8749577 0.09680994 0.41335651,-2.7781185 0.13768844 0,
  -2.885306 0.085088714 0,-2.8635594 0.079282846 0,
  -2.8410587 0.079866754 0,-2.8196424 0.086792723 0,
  -2.8010607 0.099494809 0,-2.7868318 0.11693508 0,
  2.7781185 0.13768844 0,2.7498413 0.13768844 0.39536749,
  2.6655852 0.13768844 0.78268644,2.5270655 0.13768844 1.1540722,
  2.337102 0.13768844 1.5019643,2.0995619 0.13768844 1.8192807,
  1.8192807 0.13768844 2.0995619,1.5019643 0.13768844 2.337102,
  1.1540722 0.13768844 2.5270655,0.78268644 0.13768844 2.6655852,
  0.39536749 0.13768844 2.7498413,0 0.13768844 2.7781185,
  -0.39536749 0.13768844 2.7498413,-0.78268644 0.13768844 2.6655852,
  -1.1540722 0.13768844 2.5270655,-1.5019643 0.13768844 2.337102,
  -1.8192807 0.13768844 2.0995619,-2.0995619 0.13768844 1.8192807,
  -2.337102 0.13768844 1.5019643,-2.5270655 0.13768844 1.1540722,
  -2.6655852 0.13768844 0.78268644,-2.7498413 0.13768844 0.39536749,
  2.885306 0.085088714 0,2.8635594 0.079282846 0,
  2.8410587 0.079866754 0,2.8196424 0.086792723 0,
  2.8010607 0.099494809 0,2.7868318 0.11693508 0,
  2.8559377 0.085088714 0.41062186,2.8344125 0.079282846 0.40752699,
  2.8121408 0.079866754 0.4043248,2.7684308 0.085088714 0.81288464,
  2.7909425 0.086792723 0.40127696,2.7475651 0.079282846 0.8067579,
  2.7725499 0.099494809 0.3986325,2.7259758 0.079866754 0.80041872,
  2.7584659 0.11693508 0.39660752,2.6245667 0.085088714 1.1985994,
  2.7054271 0.086792723 0.79438507,2.6047852 0.079282846 1.1895656,
  2.6875981 0.099494809 0.78914999,2.5843179 0.079866754 1.1802184,
  2.6739456 0.11693508 0.78514126,2.4272739 0.085088714 1.5599142,
  2.564837 0.086792723 1.1713218,2.4089794 0.079282846 1.5481571,
  2.5479344 0.099494809 1.1636027,2.3900506 0.079866754 1.5359923,
  2.5349914 0.11693508 1.1576918,2.1805688 0.085088714 1.8894736,
  2.3720342 0.086792723 1.5244138,2.1641338 0.079282846 1.8752326,
  2.3564022 0.099494809 1.5143677,2.1471289 0.079866754 1.8604978,
  2.3444321 0.11693508 1.506675,1.8894736 0.085088714 2.1805688,
  2.1309436 0.086792723 1.8464731,1.8752326 0.079282846 2.1641338,
  2.1169004 0.099494809 1.8343047,1.8604978 0.079866754 2.1471289,
  2.106147 0.11693508 1.8249867,1.5599142 0.085088714 2.4272739,
  1.8464731 0.086792723 2.1309436,1.5481571 0.079282846 2.4089794,
  1.8343047 0.099494809 2.1169004,1.5359923 0.079866754 2.3900506,
  1.8249867 0.11693508 2.106147,1.1985994 0.085088714 2.6245667,
  1.5244138 0.086792723 2.3720342,1.1895656 0.079282846 2.6047852,
  1.5143677 0.099494809 2.3564022,1.1802184 0.079866754 2.5843179,
  1.506675 0.11693508 2.3444321,0.81288464 0.085088714 2.7684308,
  1.1713218 0.086792723 2.564837,0.8067579 0.079282846 2.7475651,
  1.1636027 0.099494809 2.5479344,0.80041872 0.079866754 2.7259758,
  1.1576918 0.11693508 2.5349914,0.41062186 0.085088714 2.8559377,
  0.79438507 0.086792723 2.7054271,0.40752699 0.079282846 2.8344125,
  0.78914999 0.099494809 2.6875981,0.4043248 0.079866754 2.8121408,
  0.78514126 0.11693508 2.6739456,0 0.085088714 2.885306,
  0.40127696 0.086792723 2.7909425,0 0.079282846 2.8635594,
  0.3986325 0.099494809 2.7725499,0 0.079866754 2.8410587,
  0.39660752 0.11693508 2.7584659,-0.41062186 0.085088714 2.8559377,
  0 0.086792723 2.8196424,-0.40752699 0.079282846 2.8344125,
  0 0.099494809 2.8010607,-0.4043248 0.079866754 2.8121408,
  0 0.11693508 2.7868318,-0.81288464 0.085088714 2.7684308,
  -0.40127696 0.086792723 2.7909425,-0.8067579 0.079282846 2.7475651,
  -0.3986325 0.099494809 2.7725499,-0.80041872 0.079866754 2.7259758,
  -0.39660752 0.11693508 2.7584659,-1.1985994 0.085088714 2.6245667,
  -0.79438507 0.086792723 2.7054271,-1.1895656 0.079282846 2.6047852,
  -0.78914999 0.099494809 2.6875981,-1.1802184 0.079866754 2.5843179,
  -0.78514126 0.11693508 2.6739456,-1.5599142 0.085088714 2.4272739,
  -1.1713218 0.086792723 2.564837,-1.5481571 0.079282846 2.4089794,
  -1.1636027 0.099494809 2.5479344,-1.5359923 0.079866754 2.3900506,
  -1.1576918 0.11693508 2.5349914,-1.8894736 0.085088714 2.1805688,
  -1.5244138 0.086792723 2.3720342,-1.8752326 0.079282846 2.1641338,
  -1.5143677 0.099494809 2.3564022,-1.8604978 0.079866754 2.1471289,
  -1.506675 0.11693508 2.3444321,-2.1805688 0.085088714 1.8894736,
  -1.8464731 0.086792723 2.1309436,-2.1641338 0.079282846 1.8752326,
  -1.8343047 0.099494809 2.1169004,-2.1471289 0.079866754 1.8604978,
  -1.8249867 0.11693508 2.106147,-2.4272739 0.085088714 1.5599142,
  -2.1309436 0.086792723 1.8464731,-2.4089794 0.079282846 1.5481571,
  -2.1169004 0.099494809 1.8343047,-2.3900506 0.079866754 1.5359923,
  -2.106147 0.11693508 1.8249867,-2.6245667 0.085088714 1.1985994,
  -2.3720342 0.086792723 1.5244138,-2.6047852 0.079282846 1.1895656,
  -2.3564022 0.099494809 1.5143677,-2.5843179 0.079866754 1.1802184,
  -2.3444321 0.11693508 1.506675,-2.7684308 0.085088714 0.81288464,
  -2.564837 0.086792723 1.1713218,-2.7475651 0.079282846 0.8067579,
  -2.5479344 0.099494809 1.1636027,-2.7259758 0.079866754 0.80041872,
  -2.5349914 0.11693508 1.1576918,-2.8559377 0.085088714 0.41062186,
  -2.7054271 0.086792723 0.79438507,-2.8344125 0.079282846 0.40752699,
  -2.6875981 0.099494809 0.78914999,-2.8121408 0.079866754 0.4043248,
  -2.6739456 0.11693508 0.78514126,-2.7909425 0.086792723 0.40127696,
  -2.7725499 0.099494809 0.3986325,-2.7584659 0.11693508 0.39660752] }
 coordIndex [
  152,146,143,-1,152,143,149,-1,153,147,145,-1,153,145,151,-1,154,146,152,-1,154,148,146,-1,155,149,147,-1,155,147,153,-1,
  156,148,154,-1,156,46,45,-1,156,45,150,-1,156,150,148,-1,157,18,19,-1,157,151,18,-1,158,149,155,-1,158,152,149,-1,
  159,151,157,-1,159,153,151,-1,160,152,158,-1,160,154,152,-1,161,155,153,-1,161,153,159,-1,162,154,160,-1,162,47,46,-1,
  162,46,156,-1,162,156,154,-1,163,19,20,-1,163,157,19,-1,164,158,155,-1,164,155,161,-1,165,157,163,-1,165,159,157,-1,
  166,160,158,-1,166,158,164,-1,167,161,159,-1,167,159,165,-1,168,47,162,-1,168,160,166,-1,168,162,160,-1,168,48,47,-1,
  169,20,21,-1,169,163,20,-1,170,164,161,-1,170,161,167,-1,171,165,163,-1,171,163,169,-1,172,166,164,-1,172,164,170,-1,
  173,165,171,-1,173,167,165,-1,174,168,166,-1,174,48,168,-1,174,49,48,-1,174,166,172,-1,175,21,22,-1,175,22,1,-1,
  175,1,24,-1,175,169,21,-1,176,170,167,-1,176,167,173,-1,177,24,25,-1,177,171,169,-1,177,175,24,-1,177,169,175,-1,
  178,172,170,-1,178,170,176,-1,179,25,26,-1,179,173,171,-1,179,177,25,-1,179,171,177,-1,180,50,49,-1,180,49,174,-1,
  180,174,172,-1,180,172,178,-1,181,26,27,-1,181,176,173,-1,181,173,179,-1,181,179,26,-1,182,27,28,-1,182,181,27,-1,
  182,176,181,-1,182,178,176,-1,183,28,29,-1,183,29,23,-1,183,51,50,-1,183,23,51,-1,183,50,180,-1,183,180,178,-1,
  183,182,28,-1,183,178,182,-1,58,0,2,-1,58,52,0,-1,59,53,52,-1,59,52,58,-1,60,53,59,-1,60,54,53,-1,
  61,2,3,-1,61,58,2,-1,62,55,54,-1,62,54,60,-1,63,59,58,-1,63,58,61,-1,64,55,62,-1,64,56,55,-1,
  65,59,63,-1,65,60,59,-1,66,56,64,-1,66,31,30,-1,66,57,56,-1,66,30,57,-1,67,3,4,-1,67,61,3,-1,
  68,62,60,-1,68,60,65,-1,69,61,67,-1,69,63,61,-1,70,62,68,-1,70,64,62,-1,71,63,69,-1,71,65,63,-1,
  72,32,31,-1,72,64,70,-1,72,31,66,-1,72,66,64,-1,73,4,5,-1,73,67,4,-1,74,68,65,-1,74,65,71,-1,
  75,69,67,-1,75,67,73,-1,76,68,74,-1,76,70,68,-1,77,71,69,-1,77,69,75,-1,78,33,32,-1,78,70,76,-1,
  78,72,70,-1,78,32,72,-1,79,5,6,-1,79,73,5,-1,80,74,71,-1,80,71,77,-1,81,73,79,-1,81,75,73,-1,
  82,74,80,-1,82,76,74,-1,83,77,75,-1,83,75,81,-1,84,33,78,-1,84,34,33,-1,84,78,76,-1,84,76,82,-1,
  85,6,7,-1,85,79,6,-1,86,80,77,-1,86,77,83,-1,87,81,79,-1,87,79,85,-1,88,82,80,-1,88,80,86,-1,
  89,81,87,-1,89,83,81,-1,90,82,88,-1,90,35,34,-1,90,34,84,-1,90,84,82,-1,91,7,8,-1,91,85,7,-1,
  92,83,89,-1,92,86,83,-1,93,87,85,-1,93,85,91,-1,94,86,92,-1,94,88,86,-1,95,87,93,-1,95,89,87,-1,
  96,88,94,-1,96,36,35,-1,96,90,88,-1,96,35,90,-1,97,8,9,-1,97,91,8,-1,98,89,95,-1,98,92,89,-1,
  99,93,91,-1,99,91,97,-1,100,92,98,-1,100,94,92,-1,101,95,93,-1,101,93,99,-1,102,96,94,-1,102,36,96,-1,
  102,37,36,-1,102,94,100,-1,103,9,10,-1,103,97,9,-1,104,98,95,-1,104,95,101,-1,105,99,97,-1,105,97,103,-1,
  106,100,98,-1,106,98,104,-1,107,101,99,-1,107,99,105,-1,108,38,37,-1,108,37,102,-1,108,102,100,-1,108,100,106,-1,
  109,10,11,-1,109,103,10,-1,110,104,101,-1,110,101,107,-1,111,103,109,-1,111,105,103,-1,112,104,110,-1,112,106,104,-1,
  113,107,105,-1,113,105,111,-1,114,39,38,-1,114,38,108,-1,114,108,106,-1,114,106,112,-1,115,11,12,-1,115,109,11,-1,
  116,110,107,-1,116,107,113,-1,117,111,109,-1,117,109,115,-1,118,110,116,-1,118,112,110,-1,119,111,117,-1,119,113,111,-1,
  120,40,39,-1,120,39,114,-1,120,112,118,-1,120,114,112,-1,121,12,13,-1,121,115,12,-1,122,116,113,-1,122,113,119,-1,
  123,115,121,-1,123,117,115,-1,124,116,122,-1,124,118,116,-1,125,117,123,-1,125,119,117,-1,126,118,124,-1,126,41,40,-1,
  126,40,120,-1,126,120,118,-1,127,13,14,-1,127,121,13,-1,128,119,125,-1,128,122,119,-1,129,121,127,-1,129,123,121,-1,
  130,122,128,-1,130,124,122,-1,131,123,129,-1,131,125,123,-1,132,126,124,-1,132,41,126,-1,132,124,130,-1,132,42,41,-1,
  133,14,15,-1,133,127,14,-1,134,125,131,-1,134,128,125,-1,135,129,127,-1,135,127,133,-1,136,128,134,-1,136,130,128,-1,
  137,131,129,-1,137,129,135,-1,138,132,130,-1,138,130,136,-1,138,42,132,-1,138,43,42,-1,139,15,16,-1,139,133,15,-1,
  140,134,131,-1,140,131,137,-1,141,135,133,-1,141,133,139,-1,142,136,134,-1,142,134,140,-1,143,137,135,-1,143,135,141,-1,
  144,138,136,-1,144,44,43,-1,144,43,138,-1,144,136,142,-1,145,16,17,-1,145,139,16,-1,146,137,143,-1,146,140,137,-1,
  147,139,145,-1,147,141,139,-1,148,140,146,-1,148,142,140,-1,149,143,141,-1,149,141,147,-1,150,45,44,-1,150,44,144,-1,
  150,144,142,-1,150,142,148,-1,151,17,18,-1,151,145,17,-1]
  normalPerVertex TRUE
  normal DEF NORM_42 Normal { vector [
  0.52039043 -0.85311696 0.037219058,-0.52039043 -0.85311696 0.037219058,
  0.51365249 -0.85364326 0.086338304,0.49613703 -0.85364326 0.15855988,
  0.46852165 -0.85364326 0.22755363,0.43136851 -0.85364326 0.29191504,
  0.38543396 -0.85364326 0.35033391,0.33165309 -0.85364326 0.40162098,
  0.27112071 -0.85364326 0.44473222,0.2050691 -0.85364326 0.47878998,
  0.13484287 -0.85364326 0.50310097,0.061871633 -0.85364326 0.51717027,
  -0.012359134 -0.85364326 0.52071147,-0.086338304 -0.85364326 0.51365249,
  -0.15855988 -0.85364326 0.49613703,-0.22755363 -0.85364326 0.46852165,
  -0.29191504 -0.85364326 0.43136851,-0.35033391 -0.85364326 0.38543396,
  -0.40162098 -0.85364326 0.33165309,-0.44473222 -0.85364326 0.27112071,
  -0.47878998 -0.85364326 0.2050691,-0.50310097 -0.85364326 0.13484287,
  -0.51545075 -0.85370846 0.074110629,0.9200331 -0.38627606 -0.065802066,
  -0.3488448 -0.93684834 0.024949872,-0.069569576 -0.99756469 0.0049757142,
  0.21549149 -0.97638408 -0.015412256,0.4827225 -0.87509258 -0.034524994,
  0.71012211 -0.70224431 -0.050788936,0.85562893 -0.51395935 -0.061195789,
  -0.9200331 -0.38627606 -0.065802066,-0.90929104 -0.38702117 -0.15298501,
  -0.87826373 -0.38702117 -0.28083345,-0.82935751 -0.38702117 -0.40296493,
  -0.76356796 -0.38702117 -0.51689321,-0.68223436 -0.38702117 -0.62029903,
  -0.58701244 -0.38702117 -0.71107736,-0.47984064 -0.38702117 -0.78738019,
  -0.36290067 -0.38702117 -0.84765424,-0.23857309 -0.38702117 -0.8906725,
  -0.10938885 -0.38702117 -0.91555923,0.022022235 -0.38702117 -0.92180781,
  0.15298501 -0.38702117 -0.90929104,0.28083345 -0.38702117 -0.87826373,
  0.40296493 -0.38702117 -0.82935751,0.51689321 -0.38702117 -0.76356796,
  0.62029903 -0.38702117 -0.68223436,0.71107736 -0.38702117 -0.58701244,
  0.78738019 -0.38702117 -0.47984064,0.84765424 -0.38702117 -0.36290067,
  0.8906725 -0.38702117 -0.23857309,0.91264647 -0.38711505 -0.13121875,
  0.3488448 -0.93684834 0.024949872,0.069569576 -0.99756469 0.0049757142,
  -0.21549149 -0.97638408 -0.015412256,-0.4827225 -0.87509258 -0.034524994,
  -0.71012211 -0.70224431 -0.050788936,-0.85562893 -0.51395935 -0.061195789,
  0.3901508 -0.91923404 0.052831125,0.11686563 -0.99305831 0.013327013,
  -0.16599696 -0.98574929 -0.02726425,0.37866097 -0.91923404 0.10781763,
  -0.43532232 -0.89787867 -0.065638192,0.11377947 -0.99305831 0.029823076,
  -0.66908795 -0.73660438 -0.098667645,-0.16042725 -0.98574929 -0.05061057,
  -0.8511407 -0.51498662 -0.10172657,0.3594627 -0.91923404 0.16060927,
  -0.42155008 -0.89787867 -0.12692292,0.1083771 -0.99305831 0.045712028,
  -0.64823573 -0.73660438 -0.19288449,-0.15159169 -0.98574929 -0.072926605,
  -0.82800011 -0.51498662 -0.22182109,0.33294681 -0.91923404 0.21013138,
  -0.39919629 -0.89787867 -0.18562385,0.10076847 -0.99305831 0.060670414,
  -0.6141873 -0.73660438 -0.28317477,-0.13967017 -0.98574929 -0.093758065,
  -0.78800383 -0.51498662 -0.33739997,0.29965307 -0.91923404 0.25537582,
  -0.36871602 -0.89787867 -0.24054603,0.091108497 -0.99305831 0.074393726,
  -0.56763579 -0.73660438 -0.36770043,-0.12490537 -0.98574929 -0.11268088,
  -0.73196607 -0.51498662 -0.44611037,0.26025927 -0.91923404 0.29542154,
  -0.33072976 -0.89787867 -0.29057138,0.079593813 -0.99305831 0.086602596,
  -0.50952885 -0.73660438 -0.44474076,-0.10759785 -0.98574929 -0.12930984,
  -0.66102759 -0.51498662 -0.54573924,0.21556734 -0.91923404 0.32945333,
  -0.28601079 -0.89787867 -0.33468153,0.066458828 -0.99305831 0.097048487,
  -0.44104937 -0.73660438 -0.51272746,-0.088099949 -0.98574929 -0.14330642,
  -0.57663249 -0.51498662 -0.63425843,0.16648708 -0.91923404 0.3567784,
  -0.23546946 -0.89787867 -0.37197853,0.051970933 -0.99305831 0.10551875,
  -0.3635914 -0.73660438 -0.5702765,-0.066808588 -0.98574929 -0.1543857,
  -0.48049881 -0.51498662 -0.70986596,0.11401762 -0.91923404 0.37684049,
  -0.18013466 -0.89787867 -0.40170313,0.03642506 -0.99305831 0.11184096,
  -0.27873175 -0.73660438 -0.61621636,-0.044157197 -0.98574929 -0.16232213,
  -0.37458357 -0.51498662 -0.77102266,0.059227089 -0.91923404 0.3892312,
  -0.12113283 -0.89787867 -0.4232502,0.020137678 -0.99305831 0.1158864,
  -0.18819793 -0.73660438 -0.64961183,-0.020606893 -0.98574929 -0.16695415,
  -0.26104288 -0.51498662 -0.81648356,0.0032308678 -0.91923404 0.39369828,
  -0.059665087 -0.89787867 -0.43618113,0.0034403504 -0.99305831 0.11757274,
  -0.093832947 -0.73660438 -0.66978308,0.0033629079 -0.98574929 -0.16818746,
  -0.14218812 -0.51498662 -0.84532321,-0.052831125 -0.91923404 0.3901508,
  0.0030172639 -0.89787867 -0.44023266,-0.013327013 -0.99305831 0.11686563,
  0.0024422075 -0.73660438 -0.67631947,0.02726425 -0.98574929 -0.16599696,
  -0.020438812 -0.51498662 -0.85695452,-0.10781763 -0.91923404 0.37866097,
  0.065638192 -0.89787867 -0.43532232,-0.029823076 -0.99305831 0.11377947,
  0.098667645 -0.73660438 -0.66908795,0.05061057 -0.98574929 -0.16042725,
  0.10172657 -0.51498662 -0.8511407,-0.16060927 -0.91923404 0.3594627,
  0.12692292 -0.89787867 -0.42155008,-0.045712028 -0.99305831 0.1083771,
  0.19288449 -0.73660438 -0.64823573,0.072926605 -0.98574929 -0.15159169,
  0.22182109 -0.51498662 -0.82800011,-0.21013138 -0.91923404 0.33294681,
  0.18562385 -0.89787867 -0.39919629,-0.060670414 -0.99305831 0.10076847,
  0.28317477 -0.73660438 -0.6141873,0.093758065 -0.98574929 -0.13967017,
  0.33739997 -0.51498662 -0.78800383,-0.25537582 -0.91923404 0.29965307,
  0.24054603 -0.89787867 -0.36871602,-0.074393726 -0.99305831 0.091108497,
  0.36770043 -0.73660438 -0.56763579,0.11268088 -0.98574929 -0.12490537,
  0.44611037 -0.51498662 -0.73196607,-0.29542154 -0.91923404 0.26025927,
  0.29057138 -0.89787867 -0.33072976,-0.086602596 -0.99305831 0.079593813,
  0.44474076 -0.73660438 -0.50952885,0.12930984 -0.98574929 -0.10759785,
  0.54573924 -0.51498662 -0.66102759,-0.32945333 -0.91923404 0.21556734,
  0.33468153 -0.89787867 -0.28601079,-0.097048487 -0.99305831 0.066458828,
  0.51272746 -0.73660438 -0.44104937,0.14330642 -0.98574929 -0.088099949,
  0.63425843 -0.51498662 -0.57663249,-0.3567784 -0.91923404 0.16648708,
  0.37197853 -0.89787867 -0.23546946,-0.10551875 -0.99305831 0.051970933,
  0.5702765 -0.73660438 -0.3635914,0.1543857 -0.98574929 -0.066808588,
  0.70986596 -0.51498662 -0.48049881,-0.37684049 -0.91923404 0.11401762,
  0.40170313 -0.89787867 -0.18013466,-0.11184096 -0.99305831 0.03642506,
  0.61621636 -0.73660438 -0.27873175,0.16232213 -0.98574929 -0.044157197,
  0.77102266 -0.51498662 -0.37458357,-0.43287566 -0.89930255 0.062238124,
  0.4232502 -0.89787867 -0.12113283,-0.16337742 -0.98628395 0.023490127,
  0.64961183 -0.73660438 -0.18819793,0.11948724 -0.99268709 -0.017179672,
  0.81648356 -0.51498662 -0.26104288,0.39260773 -0.91797208 -0.056448469,
  0.63366007 -0.76822816 -0.091106564,0.84835871 -0.51517906 -0.12197557] }
}
}
DEF SHAPE_43 Shape {
 appearance USE APP_2
 geometry DEF FACE_43 IndexedFaceSet {
  coord DEF COORD_43 Coordinate { point [
  2.7218578 0.35433071 0,2.7781185 0.13768844 0,
  -2.7781185 0.13768844 0,-2.7498413 0.13768844 -0.39536749,
  -2.6655852 0.13768844 -0.78268644,-2.5270655 0.13768844 -1.1540722,
  -2.337102 0.13768844 -1.5019643,-2.0995619 0.13768844 -1.8192807,
  -1.8192807 0.13768844 -2.0995619,-1.5019643 0.13768844 -2.337102,
  -1.1540722 0.13768844 -2.5270655,-0.78268644 0.13768844 -2.6655852,
  -0.39536749 0.13768844 -2.7498413,0 0.13768844 -2.7781185,
  0.39536749 0.13768844 -2.7498413,0.78268644 0.13768844 -2.6655852,
  1.1540722 0.13768844 -2.5270655,1.5019643 0.13768844 -2.337102,
  1.8192807 0.13768844 -2.0995619,2.0995619 0.13768844 -1.8192807,
  2.337102 0.13768844 -1.5019643,2.5270655 0.13768844 -1.1540722,
  2.6655852 0.13768844 -0.78268644,2.7498413 0.13768844 -0.39536749,
  -2.7218578 0.35433071 0,-2.6941532 0.35433071 -0.38736075,
  -2.6116034 0.35433071 -0.76683595,-2.4758889 0.35433071 -1.1307006,
  -2.2897725 0.35433071 -1.4715474,-2.0570428 0.35433071 -1.7824378,
  -1.7824378 0.35433071 -2.0570428,-1.4715474 0.35433071 -2.2897725,
  -1.1307006 0.35433071 -2.4758889,-0.76683595 0.35433071 -2.6116034,
  -0.38736075 0.35433071 -2.6941532,0 0.35433071 -2.7218578,
  0.38736075 0.35433071 -2.6941532,0.76683595 0.35433071 -2.6116034,
  1.1307006 0.35433071 -2.4758889,1.4715474 0.35433071 -2.2897725,
  1.7824378 0.35433071 -2.0570428,2.0570428 0.35433071 -1.7824378,
  2.2897725 0.35433071 -1.4715474,2.4758889 0.35433071 -1.1307006,
  2.6116034 0.35433071 -0.76683595,2.6941532 0.35433071 -0.38736075] }
 coordIndex [
  22,44,43,-1,23,44,22,-1,23,45,44,-1,1,45,23,-1,3,24,2,-1,3,25,24,-1,1,0,45,-1,4,26,25,-1,
  4,25,3,-1,5,27,26,-1,5,26,4,-1,6,28,27,-1,6,27,5,-1,7,29,28,-1,7,28,6,-1,8,30,29,-1,
  8,29,7,-1,9,31,30,-1,9,30,8,-1,10,32,31,-1,10,31,9,-1,11,33,32,-1,11,32,10,-1,12,34,33,-1,
  12,33,11,-1,13,35,34,-1,13,34,12,-1,14,36,35,-1,14,35,13,-1,15,37,36,-1,15,36,14,-1,16,37,15,-1,
  16,38,37,-1,17,38,16,-1,17,39,38,-1,18,39,17,-1,18,40,39,-1,19,40,18,-1,19,41,40,-1,20,41,19,-1,
  20,42,41,-1,21,42,20,-1,21,43,42,-1,22,43,21,-1]
  normalPerVertex TRUE
  normal DEF NORM_43 Normal { vector [
  -0.96558368 -0.25075664 0.069059907,-0.96558368 -0.25075664 0.069059907,
  0.96558368 -0.25075664 0.069059907,0.96103311 -0.25129167 0.11518619,
  0.93485848 -0.25129167 0.25078303,0.88965282 -0.25129167 0.38127465,
  0.8263364 -0.25129167 0.50400462,0.74619815 -0.25129167 0.61647451,
  0.65086945 -0.25129167 0.71639476,0.54229094 -0.25129167 0.80173128,
  0.42267294 -0.25129167 0.87074685,0.29445054 -0.25129167 0.92203654,
  0.16023398 -0.25129167 0.95455622,0.022755515 -0.25129167 0.96764388,
  -0.11518619 -0.25129167 0.96103311,-0.25078303 -0.25129167 0.93485848,
  -0.38127465 -0.25129167 0.88965282,-0.50400462 -0.25129167 0.8263364,
  -0.61647451 -0.25129167 0.74619815,-0.71639476 -0.25129167 0.65086945,
  -0.80173128 -0.25129167 0.54229094,-0.87074685 -0.25129167 0.42267294,
  -0.92203654 -0.25129167 0.29445054,-0.95455622 -0.25129167 0.16023398,
  0.96558368 -0.25075664 0.069059907,0.9544528 -0.25128802 0.16085453,
  0.92184586 -0.25128802 0.29505006,0.8704728 -0.25128802 0.42323922,
  0.80137942 -0.25128802 0.54281245,0.71597227 -0.25128802 0.65133558,
  0.61598999 -0.25128802 0.7465994,0.50346792 -0.25128802 0.82666461,
  0.38069671 -0.25128802 0.88990131,0.2501756 -0.25128802 0.93502219,
  0.11456164 -0.25128802 0.96110871,-0.023384463 -0.25128802 0.96762984,
  -0.16085453 -0.25128802 0.9544528,-0.29505006 -0.25128802 0.92184586,
  -0.42323922 -0.25128802 0.8704728,-0.54281245 -0.25128802 0.80137942,
  -0.65133558 -0.25128802 0.71597227,-0.7465994 -0.25128802 0.61598999,
  -0.82666461 -0.25128802 0.50346792,-0.88990131 -0.25128802 0.38069671,
  -0.93502219 -0.25128802 0.2501756,-0.96110871 -0.25128802 0.11456164] }
}
}
DEF SHAPE_44 Shape {
 appearance USE APP_2
 geometry DEF FACE_44 IndexedFaceSet {
  coord DEF COORD_44 Coordinate { point [
  1.9143951 0.10094833 0,2.7218578 0.35433071 0,
  2.1651675 0.23790792 0,2.437795 0.32345865 0,
  -2.7218578 0.35433071 0,-2.6941532 0.35433071 -0.38736075,
  -2.6116034 0.35433071 -0.76683595,-2.4758889 0.35433071 -1.1307006,
  -2.2897725 0.35433071 -1.4715474,-2.0570428 0.35433071 -1.7824378,
  -1.7824378 0.35433071 -2.0570428,-1.4715474 0.35433071 -2.2897725,
  -1.1307006 0.35433071 -2.4758889,-0.76683595 0.35433071 -2.6116034,
  -0.38736075 0.35433071 -2.6941532,0 0.35433071 -2.7218578,
  0.38736075 0.35433071 -2.6941532,0.76683595 0.35433071 -2.6116034,
  1.1307006 0.35433071 -2.4758889,1.4715474 0.35433071 -2.2897725,
  1.7824378 0.35433071 -2.0570428,2.0570428 0.35433071 -1.7824378,
  2.2897725 0.35433071 -1.4715474,2.4758889 0.35433071 -1.1307006,
  2.6116034 0.35433071 -0.76683595,2.6941532 0.35433071 -0.38736075,
  -1.9143951 0.10094833 0,-2.1651675 0.23790792 0,
  -2.437795 0.32345865 0,-1.8368486 0.10094833 -0.53934742,
  -1.6104916 0.10094833 -1.0350001,-1.2536622 0.10094833 -1.4468033,
  -0.79526845 0.10094833 -1.741395,-0.27244682 0.10094833 -1.8949093,
  0.27244682 0.10094833 -1.8949093,0.79526845 0.10094833 -1.741395,
  1.2536622 0.10094833 -1.4468033,1.6104916 0.10094833 -1.0350001,
  1.8368486 0.10094833 -0.53934742,-2.1431292 0.23790792 -0.30813546,
  -2.077463 0.23790792 -0.60999816,-2.4129818 0.32345865 -0.34693441,
  -1.9695056 0.23790792 -0.89944307,-2.3390472 0.32345865 -0.68680623,
  -1.8214548 0.23790792 -1.1705779,-2.2174964 0.32345865 -1.0126967,
  -1.6363244 0.23790792 -1.4178831,-2.0508037 0.32345865 -1.3179715,
  -1.4178831 0.23790792 -1.6363244,-1.8423626 0.32345865 -1.5964162,
  -1.1705779 0.23790792 -1.8214548,-1.5964162 0.32345865 -1.8423626,
  -0.89944307 0.23790792 -1.9695056,-1.3179715 0.32345865 -2.0508037,
  -0.60999816 0.23790792 -2.077463,-1.0126967 0.32345865 -2.2174964,
  -0.30813546 0.23790792 -2.1431292,-0.68680623 0.32345865 -2.3390472,
  0 0.23790792 -2.1651675,-0.34693441 0.32345865 -2.4129818,
  0.30813546 0.23790792 -2.1431292,0 0.32345865 -2.437795,
  0.60999816 0.23790792 -2.077463,0.34693441 0.32345865 -2.4129818,
  0.89944307 0.23790792 -1.9695056,0.68680623 0.32345865 -2.3390472,
  1.1705779 0.23790792 -1.8214548,1.0126967 0.32345865 -2.2174964,
  1.4178831 0.23790792 -1.6363244,1.3179715 0.32345865 -2.0508037,
  1.6363244 0.23790792 -1.4178831,1.5964162 0.32345865 -1.8423626,
  1.8214548 0.23790792 -1.1705779,1.8423626 0.32345865 -1.5964162,
  1.9695056 0.23790792 -0.89944307,2.0508037 0.32345865 -1.3179715,
  2.077463 0.23790792 -0.60999816,2.2174964 0.32345865 -1.0126967,
  2.1431292 0.23790792 -0.30813546,2.3390472 0.32345865 -0.68680623,
  2.4129818 0.32345865 -0.34693441] }
 coordIndex [
  69,18,19,-1,69,66,64,-1,40,29,39,-1,69,64,67,-1,41,4,5,-1,69,67,18,-1,41,27,28,-1,41,28,4,-1,
  41,39,27,-1,70,37,36,-1,70,36,68,-1,71,19,20,-1,42,30,29,-1,71,69,19,-1,42,29,40,-1,43,5,6,-1,
  71,68,66,-1,71,66,69,-1,43,40,39,-1,43,39,41,-1,43,41,5,-1,72,37,70,-1,73,20,21,-1,73,70,68,-1,
  44,30,42,-1,73,71,20,-1,73,68,71,-1,45,6,7,-1,45,42,40,-1,45,43,6,-1,45,40,43,-1,74,38,37,-1,
  74,37,72,-1,75,73,21,-1,46,31,30,-1,46,30,44,-1,75,21,22,-1,47,7,8,-1,75,72,70,-1,75,70,73,-1,
  47,44,42,-1,47,42,45,-1,47,45,7,-1,76,38,74,-1,48,31,46,-1,77,22,23,-1,49,46,44,-1,77,74,72,-1,
  49,8,9,-1,77,75,22,-1,77,72,75,-1,78,2,0,-1,49,47,8,-1,49,44,47,-1,78,0,38,-1,78,38,76,-1,
  50,32,31,-1,50,31,48,-1,79,76,74,-1,79,74,77,-1,51,9,10,-1,79,23,24,-1,51,48,46,-1,79,77,23,-1,
  51,49,9,-1,80,3,2,-1,51,46,49,-1,80,1,3,-1,80,24,25,-1,80,25,1,-1,80,2,78,-1,80,76,79,-1,
  80,78,76,-1,52,32,50,-1,80,79,24,-1,53,50,48,-1,53,10,11,-1,53,51,10,-1,53,48,51,-1,54,32,52,-1,
  54,33,32,-1,55,11,12,-1,55,52,50,-1,55,53,11,-1,55,50,53,-1,56,33,54,-1,57,55,12,-1,57,12,13,-1,
  57,54,52,-1,57,52,55,-1,58,33,56,-1,58,34,33,-1,59,13,14,-1,59,57,13,-1,59,56,54,-1,59,54,57,-1,
  60,34,58,-1,61,14,15,-1,61,58,56,-1,61,56,59,-1,61,59,14,-1,62,35,34,-1,62,34,60,-1,63,15,16,-1,
  63,60,58,-1,63,58,61,-1,63,61,15,-1,64,35,62,-1,65,16,17,-1,65,62,60,-1,65,60,63,-1,65,63,16,-1,
  66,36,35,-1,66,35,64,-1,67,17,18,-1,67,64,62,-1,67,62,65,-1,67,65,17,-1,39,26,27,-1,39,29,26,-1,
  68,36,66,-1]
  normalPerVertex TRUE
  normal DEF NORM_44 Normal { vector [
  0.45854583 -0.88703576 -0.053882109,0.10804098 -0.99411641 -0.0077272436,
  0.35833799 -0.93324008 -0.025628839,0.20468323 -0.97871879 -0.014639233,
  -0.10804098 -0.99411641 -0.0077272436,-0.10660402 -0.99414325 -0.017742066,
  -0.10299398 -0.99414325 -0.03273281,-0.097287287 -0.99414325 -0.047057209,
  -0.089600103 -0.99414325 -0.060423659,-0.08008892 -0.99414325 -0.072560058,
  -0.068947357 -0.99414325 -0.083219343,-0.056402225 -0.99414325 -0.092184522,
  -0.042708907 -0.99414325 -0.09927309,-0.028146158 -0.99414325 -0.10434074,
  -0.013010434 -0.99414325 -0.10728432,0.0023901439 -0.99414325 -0.1080439,
  0.017742066 -0.99414325 -0.10660402,0.03273281 -0.99414325 -0.10299398,
  0.047057209 -0.99414325 -0.097287287,0.060423659 -0.99414325 -0.089600103,
  0.072560058 -0.99414325 -0.08008892,0.083219343 -0.99414325 -0.068947357,
  0.092184522 -0.99414325 -0.056402225,0.09927309 -0.99414325 -0.042708907,
  0.10434074 -0.99414325 -0.028146158,0.10694447 -0.99414609 -0.015376294,
  -0.45854583 -0.88703576 -0.053882109,-0.35833799 -0.93324008 -0.025628839,
  -0.20468323 -0.97871879 -0.014639233,-0.44061158 -0.88832623 -0.12937523,
  -0.3863145 -0.88832623 -0.24826925,-0.30072052 -0.88832623 -0.34704998,
  -0.19076394 -0.88832623 -0.41771477,-0.065352814 -0.88832623 -0.4545388,
  0.065352814 -0.88832623 -0.4545388,0.19076394 -0.88832623 -0.41771477,
  0.30072052 -0.88832623 -0.34704998,0.3863145 -0.88832623 -0.24826925,
  0.44061158 -0.88832623 -0.12937523,-0.38880082 -0.91940535 -0.059394684,
  -0.35492155 -0.92850385 -0.10913893,-0.19965741 -0.97957101 -0.024032517,
  -0.35631824 -0.91940535 -0.16652663,-0.194205 -0.97957101 -0.052202113,
  -0.30979674 -0.92850385 -0.20471099,-0.18479914 -0.97957101 -0.079309024,
  -0.29496888 -0.91940535 -0.26016758,-0.1716313 -0.97957101 -0.10480143,
  -0.23957405 -0.92850385 -0.28369858,-0.15496954 -0.97957101 -0.12816039,
  -0.20972289 -0.91940535 -0.3327313,-0.13515305 -0.97957101 -0.14891036,
  -0.14994249 -0.92850385 -0.3397026,-0.11258523 -0.97957101 -0.16662895,
  -0.10748639 -0.91940535 -0.37833911,-0.087725505 -0.97957101 -0.18095546,
  -0.04816348 -0.92850385 -0.36818594,-0.061079939 -0.97957101 -0.19159824,
  0.0034580052 -0.91940535 -0.39329614,-0.033190961 -0.97957101 -0.19834063,
  0.057517447 -0.92850385 -0.36684104,-0.004626311 -0.97957101 -0.20104537,
  0.11412226 -0.91940535 -0.37639065,0.024032517 -0.97957101 -0.19965741,
  0.15853865 -0.92850385 -0.33577687,0.052202113 -0.97957101 -0.194205,
  0.215541 -0.91940535 -0.32899223,0.079309024 -0.97957101 -0.18479914,
  0.246716 -0.92850385 -0.27751005,0.10480143 -0.97957101 -0.1716313,
  0.2994979 -0.91940535 -0.25494081,0.12816039 -0.97957101 -0.15496954,
  0.31490588 -0.92850385 -0.19676101,0.14891036 -0.97957101 -0.13515305,
  0.35919126 -0.91940535 -0.16023561,0.16662895 -0.97957101 -0.11258523,
  0.35758396 -0.92850385 -0.10007157,0.18095546 -0.97957101 -0.087725505,
  0.4067258 -0.9116767 -0.058478342,0.19159824 -0.97957101 -0.061079939,
  0.19719205 -0.97995483 -0.028351937] }
}
}
DEF SHAPE_45 Shape {
 appearance USE APP_2
 geometry DEF FACE_45 IndexedFaceSet {
  coord DEF COORD_45 Coordinate { point [
  1.9143951 0.10094833 0,-1.9143951 0.10094833 0,
  1.8368486 0.10094833 0.53934742,1.6104916 0.10094833 1.0350001,
  1.2536622 0.10094833 1.4468033,0.79526845 0.10094833 1.741395,
  0.27244682 0.10094833 1.8949093,-0.27244682 0.10094833 1.8949093,
  -0.79526845 0.10094833 1.741395,-1.2536622 0.10094833 1.4468033,
  -1.6104916 0.10094833 1.0350001,-1.8368486 0.10094833 0.53934742,
  -1.8256922 0.10099622 0,-1.8932446 0.090778201 0,
  -1.8700362 0.087293321 0,-1.8468316 0.09080326 0,
  1.8256922 0.10099622 0,1.7517388 0.10099622 0.51435692,
  1.53587 0.10099622 0.9870437,1.1955741 0.10099622 1.3797661,
  0.75841993 0.10099622 1.660708,0.25982308 0.10099622 1.8071092,
  -0.25982308 0.10099622 1.8071092,-0.75841993 0.10099622 1.660708,
  -1.1955741 0.10099622 1.3797661,-1.53587 0.10099622 0.9870437,
  -1.7517388 0.10099622 0.51435692,1.8932446 0.090778201 0,
  1.8700362 0.087293321 0,1.8468316 0.09080326 0,
  1.8165549 0.090778201 0.53338864,1.7942866 0.087293321 0.52685009,
  1.772022 0.09080326 0.5203126,1.5926987 0.090778201 1.0235653,
  1.5731746 0.087293321 1.0110179,1.5536536 0.09080326 0.99847256,
  1.2398116 0.090778201 1.4308188,1.2246133 0.087293321 1.4132791,
  1.2094175 0.09080326 1.3957422,0.78648223 0.090778201 1.7221559,
  0.77684112 0.087293321 1.7010448,0.76720158 0.09080326 1.6799371,
  0.2694368 0.090778201 1.8739741,0.2661339 0.087293321 1.851002,
  0.26283154 0.09080326 1.8280335,-0.2694368 0.090778201 1.8739741,
  -0.2661339 0.087293321 1.851002,-0.26283154 0.09080326 1.8280335,
  -0.78648223 0.090778201 1.7221559,-0.77684112 0.087293321 1.7010448,
  -0.76720158 0.09080326 1.6799371,-1.2398116 0.090778201 1.4308188,
  -1.2246133 0.087293321 1.4132791,-1.2094175 0.09080326 1.3957422,
  -1.5926987 0.090778201 1.0235653,-1.5731746 0.087293321 1.0110179,
  -1.5536536 0.09080326 0.99847256,-1.8165549 0.090778201 0.53338864,
  -1.7942866 0.087293321 0.52685009,-1.772022 0.09080326 0.5203126] }
 coordIndex [
  37,33,36,-1,38,19,18,-1,38,34,37,-1,38,35,34,-1,38,18,35,-1,39,4,5,-1,39,36,4,-1,40,37,36,-1,
  40,36,39,-1,41,20,19,-1,41,37,40,-1,41,38,37,-1,41,19,38,-1,42,5,6,-1,42,39,5,-1,43,40,39,-1,
  43,39,42,-1,44,21,20,-1,44,41,40,-1,44,20,41,-1,44,40,43,-1,45,6,7,-1,45,42,6,-1,46,42,45,-1,
  46,43,42,-1,47,44,43,-1,47,43,46,-1,47,22,21,-1,47,21,44,-1,48,7,8,-1,48,45,7,-1,49,45,48,-1,
  49,46,45,-1,50,22,47,-1,50,46,49,-1,50,23,22,-1,50,47,46,-1,51,48,8,-1,51,8,9,-1,52,49,48,-1,
  52,48,51,-1,53,50,49,-1,53,23,50,-1,53,49,52,-1,53,24,23,-1,54,9,10,-1,54,51,9,-1,55,51,54,-1,
  55,52,51,-1,56,25,24,-1,56,53,52,-1,56,24,53,-1,56,52,55,-1,57,10,11,-1,57,11,1,-1,57,1,13,-1,
  57,54,10,-1,58,13,14,-1,30,0,2,-1,58,55,54,-1,30,27,0,-1,58,54,57,-1,58,57,13,-1,59,14,15,-1,
  59,15,12,-1,59,26,25,-1,31,28,27,-1,59,12,26,-1,59,25,56,-1,59,56,55,-1,59,58,14,-1,59,55,58,-1,
  31,27,30,-1,32,17,16,-1,32,29,28,-1,32,16,29,-1,32,28,31,-1,33,2,3,-1,33,30,2,-1,34,30,33,-1,
  34,31,30,-1,35,18,17,-1,35,17,32,-1,35,32,31,-1,35,31,34,-1,36,3,4,-1,36,33,3,-1,37,34,33,-1]
  normalPerVertex TRUE
  normal DEF NORM_45 Normal { vector [
  0.43251229 -0.89948098 0.062185879,-0.43251229 -0.89948098 0.062185879,
  0.40990215 -0.90103378 0.14183917,0.35333752 -0.90103378 0.25157647,
  0.26814759 -0.90103378 0.34093254,0.16123393 -0.90103378 0.40266828,
  0.041258059 -0.90103378 0.43178223,-0.082060294 -0.90103378 0.42591576,
  -0.19873061 -0.90103378 0.38554412,-0.29930096 -0.90103378 0.31393799,
  -0.37562372 -0.90103378 0.21689847,-0.41579724 -0.90122523 0.12208909,
  0.43347954 -0.89900561 -0.062324949,-0.24612802 -0.96859109 0.035387867,
  0.050294995 -0.99870823 -0.0072313286,0.29497274 -0.95456399 -0.042410677,
  -0.43347954 -0.89900561 -0.062324949,-0.41073091 -0.90055867 -0.14245771,
  -0.35395845 -0.90055867 -0.25240344,-0.26851038 -0.90055867 -0.34190094,
  -0.16130919 -0.90055867 -0.40369967,-0.041039698 -0.90055867 -0.43279304,
  0.082554589 -0.90055867 -0.4268241,0.19946079 -0.90055867 -0.38627641,
  0.30020787 -0.90055867 -0.3144349,0.37663389 -0.90055867 -0.21711975,
  0.41673074 -0.90075676 -0.12236318,0.24612802 -0.96859109 0.035387867,
  -0.050294995 -0.99870823 -0.0072313286,-0.29497274 -0.95456399 -0.042410677,
  0.28481241 -0.95554467 0.076264452,0.0021148906 -0.99997391 -0.0069062707,
  -0.28666249 -0.95550688 -0.069507012,0.25178933 -0.95554467 0.15341613,
  0.0039749439 -0.99997391 -0.0060306847,-0.25546826 -0.95550688 -0.14745365,
  0.19836777 -0.95554467 0.21813895,0.005512971 -0.99997391 -0.0046665285,
  -0.20357751 -0.95550688 -0.21345446,0.12887564 -0.95554467 0.26518945,
  0.0066043699 -0.99997391 -0.0029243179,-0.13519412 -0.95550688 -0.26216247,
  0.048942766 -0.95554467 0.29075588,0.0071607221 -0.99997391 -0.00094519641,
  -0.055858102 -0.95550688 -0.28963163,-0.034955157 -0.95554467 0.29276699,
  0.0071369551 -0.99997391 0.0011104992,0.028003204 -0.95550688 -0.29363656,
  -0.11602122 -0.95554467 0.27105987,0.0065349945 -0.99997391 0.0030762288,
  0.10959586 -0.95550688 -0.2738528,-0.18768794 -0.95554467 0.22739308,
  0.0054036075 -0.99997391 0.0047927406,0.18230971 -0.95550688 -0.23188312,
  -0.24414929 -0.95554467 0.16530426,0.0038344524 -0.99997391 0.0061209731,
  0.24025391 -0.95550688 -0.17112765,-0.32827866 -0.93964985 0.096391312,
  -0.048018734 -0.99874692 0.014099573,0.28244994 -0.95569025 -0.082934786] }
}
}
DEF SHAPE_46 Shape {
 appearance USE APP_2
 geometry DEF FACE_46 IndexedFaceSet {
  coord DEF COORD_46 Coordinate { point [
  1.2447387 0.35241526 0,1.8256922 0.10099622 0,
  1.4485361 0.29348679 0,1.6432319 0.20922835 0,
  -1.8256922 0.10099622 0,-1.7517388 0.10099622 -0.51435692,
  -1.53587 0.10099622 -0.9870437,-1.1955741 0.10099622 -1.3797661,
  -0.75841993 0.10099622 -1.660708,-0.25982308 0.10099622 -1.8071092,
  0.25982308 0.10099622 -1.8071092,0.75841993 0.10099622 -1.660708,
  1.1955741 0.10099622 -1.3797661,1.53587 0.10099622 -0.9870437,
  1.7517388 0.10099622 -0.51435692,-1.2447387 0.35241526 0,
  -1.4485361 0.29348679 0,-1.6432319 0.20922835 0,
  -1.1943181 0.35241526 -0.35068342,-1.0471408 0.35241526 -0.67295656,
  -0.81513051 0.35241526 -0.94071076,-0.51708315 0.35241526 -1.1322542,
  -0.17714479 0.35241526 -1.2320691,0.17714479 0.35241526 -1.2320691,
  0.51708315 0.35241526 -1.1322542,0.81513051 0.35241526 -0.94071076,
  1.0471408 0.35241526 -0.67295656,1.1943181 0.35241526 -0.35068342,
  -1.4064443 0.29348679 -0.34665738,-1.5954826 0.20922835 -0.39325113,
  -1.282615 0.29348679 -0.67316829,-1.4550096 0.20922835 -0.76364794,
  -1.0842448 0.29348679 -0.96055711,-1.2299767 0.20922835 -1.0896643,
  -0.82286229 0.29348679 -1.1921218,-0.93346211 0.20922835 -1.3523533,
  -0.51365798 0.29348679 -1.3544048,-0.58269806 0.20922835 -1.5364485,
  -0.17460173 0.29348679 -1.4379746,-0.19806972 0.20922835 -1.6312509,
  0.17460173 0.29348679 -1.4379746,0.19806972 0.20922835 -1.6312509,
  0.51365798 0.29348679 -1.3544048,0.58269806 0.20922835 -1.5364485,
  0.82286229 0.29348679 -1.1921218,0.93346211 0.20922835 -1.3523533,
  1.0842448 0.29348679 -0.96055711,1.2299767 0.20922835 -1.0896643,
  1.282615 0.29348679 -0.67316829,1.4550096 0.20922835 -0.76364794,
  1.4064443 0.29348679 -0.34665738,1.5954826 0.20922835 -0.39325113] }
 coordIndex [
  35,32,33,-1,35,33,7,-1,35,34,32,-1,36,22,21,-1,36,21,34,-1,37,8,9,-1,37,35,8,-1,37,36,34,-1,
  37,34,35,-1,38,22,36,-1,39,37,9,-1,39,36,37,-1,39,38,36,-1,40,23,22,-1,40,22,38,-1,41,9,10,-1,
  41,39,9,-1,41,38,39,-1,41,40,38,-1,42,24,23,-1,42,23,40,-1,43,10,11,-1,43,41,10,-1,43,40,41,-1,
  43,42,40,-1,44,25,24,-1,44,24,42,-1,45,42,43,-1,45,11,12,-1,45,44,42,-1,45,43,11,-1,46,25,44,-1,
  46,26,25,-1,47,45,12,-1,47,12,13,-1,47,44,45,-1,47,46,44,-1,48,26,46,-1,48,27,26,-1,49,46,47,-1,
  49,47,13,-1,49,13,14,-1,49,48,46,-1,50,2,0,-1,50,27,48,-1,50,0,27,-1,51,3,2,-1,51,1,3,-1,
  51,2,50,-1,51,14,1,-1,51,48,49,-1,51,49,14,-1,51,50,48,-1,28,15,16,-1,28,18,15,-1,29,4,5,-1,
  29,16,17,-1,29,17,4,-1,29,28,16,-1,30,19,18,-1,30,18,28,-1,31,5,6,-1,31,28,29,-1,31,30,28,-1,
  31,29,5,-1,32,20,19,-1,32,19,30,-1,33,6,7,-1,33,30,31,-1,33,32,30,-1,33,31,6,-1,34,21,20,-1,
  34,20,32,-1,35,7,8,-1]
  normalPerVertex TRUE
  normal DEF NORM_46 Normal { vector [
  -0.27277378 -0.96139739 0.036187445,-0.51939192 -0.85169328 0.069646137,
  -0.3593659 -0.93217603 0.04363492,-0.45389936 -0.88934689 0.05511336,
  0.51939192 -0.85169328 0.069646137,0.49929136 -0.85185598 0.1582704,
  0.44119667 -0.84950549 0.28928519,0.34721072 -0.84902928 0.39823861,
  0.2258102 -0.85045176 0.47512267,0.069175292 -0.85382582 0.51594209,
  -0.088243175 -0.85370037 0.51323369,-0.2258102 -0.85045176 0.47512267,
  -0.34721072 -0.84902928 0.39823861,-0.44119667 -0.84950549 0.28928519,
  -0.49929136 -0.85185598 0.1582704,0.27277378 -0.96139739 0.036187445,
  0.3593659 -0.93217603 0.04363492,0.45389936 -0.88934689 0.05511336,
  0.25895267 -0.96229318 0.083278761,0.22595728 -0.96271538 0.148736,
  0.17770005 -0.96279898 0.20357018,0.11710734 -0.96254735 0.2445168,
  0.035894702 -0.96202236 0.27060035,-0.047745125 -0.96195027 0.26902061,
  -0.11710734 -0.96254735 0.2445168,-0.17770005 -0.96279898 0.20357018,
  -0.22595728 -0.96271538 0.148736,-0.25895267 -0.96229318 0.083278761,
  0.32808412 -0.94078592 0.085338487,0.45083689 -0.88775849 0.092903007,
  0.29805151 -0.94041909 0.16363748,0.41214176 -0.88849243 0.20179289,
  0.24918968 -0.94025109 0.23201807,0.34829677 -0.88882164 0.29780105,
  0.18466587 -0.94028437 0.28594373,0.2630865 -0.88875094 0.37537615,
  0.10873522 -0.94051833 0.32187253,0.16146664 -0.88827909 0.42998695,
  0.031732964 -0.93626441 0.34985993,0.06226613 -0.89565706 0.44036504,
  -0.044078386 -0.94104232 0.33540491,-0.035571301 -0.88723652 0.45994135,
  -0.1254141 -0.94057792 0.31557007,-0.14857892 -0.8881766 0.43481794,
  -0.19937082 -0.94031002 0.27580491,-0.2517749 -0.88870718 0.38315656,
  -0.26103589 -0.94024254 0.21864179,-0.33920289 -0.88883621 0.30807724,
  -0.30633261 -0.94037642 0.14782597,-0.40578858 -0.88856548 0.21397901,
  -0.31749415 -0.94548474 0.072498785,-0.44139348 -0.89182845 0.099064674] }
}
}
DEF SHAPE_47 Shape {
 appearance USE APP_2
 geometry DEF FACE_47 IndexedFaceSet {
  coord DEF COORD_47 Coordinate { point [
  -4.9311024 0.35433071 0,-2.9045215 0.09680994 0,
  -4.0924368 0.33724087 0,-3.3758414 0.26041111 0,
  -3.0724041 0.1741374 0,2.9045215 0.09680994 0,
  -2.8749577 0.09680994 -0.41335651,-2.786868 0.09680994 -0.81829828,
  -2.6420457 0.09680994 -1.2065818,-2.443439 0.09680994 -1.5703029,
  -2.1950909 0.09680994 -1.9020571,-1.9020571 0.09680994 -2.1950909,
  -1.5703029 0.09680994 -2.443439,-1.2065818 0.09680994 -2.6420457,
  -0.81829828 0.09680994 -2.786868,-0.41335651 0.09680994 -2.8749577,
  0 0.09680994 -2.9045215,0.41335651 0.09680994 -2.8749577,
  0.81829828 0.09680994 -2.786868,1.2065818 0.09680994 -2.6420457,
  1.5703029 0.09680994 -2.443439,1.9020571 0.09680994 -2.1950909,
  2.1950909 0.09680994 -1.9020571,2.443439 0.09680994 -1.5703029,
  2.6420457 0.09680994 -1.2065818,2.786868 0.09680994 -0.81829828,
  2.8749577 0.09680994 -0.41335651,4.9311024 0.35433071 0,
  4.0924368 0.33724087 0,3.3758414 0.26041111 0,
  3.0724041 0.1741374 0,-4.9000966 0.35433071 -0.55210829,
  -4.8074693 0.35433071 -1.0972735,-4.6543853 0.35433071 -1.6286399,
  -4.4427697 0.35433071 -2.1395251,-4.1752837 0.35433071 -2.6235046,
  -3.8552911 0.35433071 -3.074492,-3.4868159 0.35433071 -3.4868159,
  -3.074492 0.35433071 -3.8552911,-2.6235046 0.35433071 -4.1752837,
  -2.1395251 0.35433071 -4.4427697,-1.6286399 0.35433071 -4.6543853,
  -1.0972735 0.35433071 -4.8074693,-0.55210829 0.35433071 -4.9000966,
  0 0.35433071 -4.9311024,0.55210829 0.35433071 -4.9000966,
  1.0972735 0.35433071 -4.8074693,1.6286399 0.35433071 -4.6543853,
  2.1395251 0.35433071 -4.4427697,2.6235046 0.35433071 -4.1752837,
  3.074492 0.35433071 -3.8552911,3.4868159 0.35433071 -3.4868159,
  3.8552911 0.35433071 -3.074492,4.1752837 0.35433071 -2.6235046,
  4.4427697 0.35433071 -2.1395251,4.6543853 0.35433071 -1.6286399,
  4.8074693 0.35433071 -1.0972735,4.9000966 0.35433071 -0.55210829,
  -4.0667146 0.33724087 -0.45811681,-4.0507817 0.33724087 -0.58241448,
  -3.9898147 0.33724087 -0.91072366,-3.3546233 0.26041111 -0.37789947,
  -3.3414802 0.26041111 -0.48043233,-3.0530932 0.1741374 -0.343932,
  -3.9266644 0.33724087 -1.1529727,-3.0411315 0.1741374 -0.4372487,
  -3.862787 0.33724087 -1.3516343,-3.2911887 0.26041111 -0.75125379,
  -2.9953604 0.1741374 -0.6837274,-3.2390961 0.26041111 -0.95108444,
  -3.7226115 0.33724087 -1.7000597,-3.6871559 0.33724087 -1.7756464,
  -3.1864039 0.26041111 -1.1149599,-2.9479502 0.1741374 -0.86559628,
  -2.8999942 0.1741374 -1.0147418,-3.4651644 0.33724087 -2.177309,
  -3.4427769 0.33724087 -2.2125384,-3.0707734 0.26041111 -1.4023752,
  -3.0415262 0.26041111 -1.4647265,-2.7947571 0.1741374 -1.2763228,
  -2.7681388 0.1741374 -1.3330696,-3.1995939 0.33724087 -2.5515952,
  -3.0928574 0.33724087 -2.6799762,-2.8584059 0.26041111 -1.7960571,
  -2.8399385 0.26041111 -1.8251177,-2.8937863 0.33724087 -2.8937933,
  -2.6014783 0.1741374 -1.6346186,-2.5846708 0.1741374 -1.6610671,
  -2.6393374 0.26041111 -2.1048048,-2.6799762 0.33724087 -3.0928574,
  -2.5512907 0.26041111 -2.210706,-2.5515911 0.33724087 -3.1995971,
  -2.4021008 0.1741374 -1.9156146,-2.3870775 0.26041111 -2.3870833,
  -2.3219681 0.1741374 -2.0119968,-2.2125384 0.33724087 -3.4427769,
  -2.1773076 0.33724087 -3.4651653,-2.210706 0.26041111 -2.5512907,
  -2.1725152 0.1741374 -2.1725204,-2.1048015 0.26041111 -2.6393401,
  -2.0119968 0.1741374 -2.3219681,-1.7756411 0.33724087 -3.6871585,
  -1.7000597 0.33724087 -3.7226115,-1.9156116 0.1741374 -2.4021032,
  -1.8251177 0.26041111 -2.8399385,-1.7960559 0.26041111 -2.8584067,
  -1.3516448 0.33724087 -3.8627834,-1.6610671 0.1741374 -2.5846708,
  -1.6346175 0.1741374 -2.601479,-1.1529727 0.33724087 -3.9266644,
  -1.4647221 0.26041111 -3.0415283,-1.4023752 0.26041111 -3.0707734,
  -0.91065201 0.33724087 -3.9898311,-1.3330657 0.1741374 -2.7681407,
  -1.2763228 0.1741374 -2.7947571,-0.58241448 0.33724087 -4.0507817,
  -1.1149686 0.26041111 -3.1864009,-0.45820752 0.33724087 -4.0667044,
  -0.95108444 0.26041111 -3.2390961,-1.0147497 0.1741374 -2.8999914,
  -0.75119469 0.26041111 -3.2912022,-0.86559628 0.1741374 -2.9479502,
  0 0.33724087 -4.0924368,-0.48043233 0.26041111 -3.3414802,
  -0.6836736 0.1741374 -2.9953727,-0.3779743 0.26041111 -3.3546149,
  0.45820752 0.33724087 -4.0667044,-0.4372487 0.1741374 -3.0411315,
  0.58241448 0.33724087 -4.0507817,-0.3440001 0.1741374 -3.0530855,
  0 0.26041111 -3.3758414,0.91065201 0.33724087 -3.9898311,
  0 0.1741374 -3.0724041,1.1529727 0.33724087 -3.9266644,
  0.3779743 0.26041111 -3.3546149,1.3516448 0.33724087 -3.8627834,
  0.48043233 0.26041111 -3.3414802,0.3440001 0.1741374 -3.0530855,
  0.75119469 0.26041111 -3.2912022,0.4372487 0.1741374 -3.0411315,
  1.7000597 0.33724087 -3.7226115,1.7756411 0.33724087 -3.6871585,
  0.95108444 0.26041111 -3.2390961,0.6836736 0.1741374 -2.9953727,
  1.1149686 0.26041111 -3.1864009,0.86559628 0.1741374 -2.9479502,
  2.1773076 0.33724087 -3.4651653,2.2125384 0.33724087 -3.4427769,
  1.0147497 0.1741374 -2.8999914,1.4023752 0.26041111 -3.0707734,
  1.4647221 0.26041111 -3.0415283,2.5515911 0.33724087 -3.1995971,
  1.2763228 0.1741374 -2.7947571,1.3330657 0.1741374 -2.7681407,
  2.6799762 0.33724087 -3.0928574,1.7960559 0.26041111 -2.8584067,
  1.8251177 0.26041111 -2.8399385,2.8937863 0.33724087 -2.8937933,
  1.6346175 0.1741374 -2.601479,1.6610671 0.1741374 -2.5846708,
  2.1048015 0.26041111 -2.6393401,3.0928574 0.33724087 -2.6799762,
  2.210706 0.26041111 -2.5512907,3.1995939 0.33724087 -2.5515952,
  1.9156116 0.1741374 -2.4021032,2.3870775 0.26041111 -2.3870833,
  2.0119968 0.1741374 -2.3219681,3.4427769 0.33724087 -2.2125384,
  3.4651644 0.33724087 -2.177309,2.5512907 0.26041111 -2.210706,
  2.1725152 0.1741374 -2.1725204,2.6393374 0.26041111 -2.1048048,
  2.3219681 0.1741374 -2.0119968,2.4021008 0.1741374 -1.9156146,
  3.6871559 0.33724087 -1.7756464,3.7226115 0.33724087 -1.7000597,
  2.8399385 0.26041111 -1.8251177,2.8584059 0.26041111 -1.7960571,
  2.5846708 0.1741374 -1.6610671,2.6014783 0.1741374 -1.6346186,
  3.862787 0.33724087 -1.3516343,3.0415262 0.26041111 -1.4647265,
  3.0707734 0.26041111 -1.4023752,3.9266644 0.33724087 -1.1529727,
  2.7681388 0.1741374 -1.3330696,2.7947571 0.1741374 -1.2763228,
  3.9898147 0.33724087 -0.91072366,3.1864039 0.26041111 -1.1149599,
  3.2390961 0.26041111 -0.95108444,2.8999942 0.1741374 -1.0147418,
  4.0507817 0.33724087 -0.58241448,2.9479502 0.1741374 -0.86559628,
  4.0667146 0.33724087 -0.45811681,3.2911887 0.26041111 -0.75125379,
  2.9953604 0.1741374 -0.6837274,3.3414802 0.26041111 -0.48043233,
  3.3546233 0.26041111 -0.37789947,3.0411315 0.1741374 -0.4372487,
  3.0530932 0.1741374 -0.343932] }
 coordIndex [
  147,146,49,-1,147,49,50,-1,148,19,18,-1,148,142,144,-1,148,18,145,-1,148,145,142,-1,149,144,135,-1,149,135,140,-1,
  150,140,141,-1,150,149,140,-1,151,147,50,-1,152,144,149,-1,152,19,148,-1,152,148,144,-1,153,20,19,-1,153,149,150,-1,
  153,19,152,-1,153,152,149,-1,154,50,51,-1,154,151,50,-1,155,141,146,-1,155,150,141,-1,156,155,146,-1,156,146,147,-1,
  157,154,51,-1,158,150,155,-1,158,20,153,-1,158,153,150,-1,159,20,158,-1,159,158,155,-1,159,155,156,-1,160,156,147,-1,
  160,147,151,-1,161,157,51,-1,161,51,52,-1,162,151,154,-1,162,160,151,-1,163,161,52,-1,164,20,159,-1,164,21,20,-1,
  164,159,156,-1,164,156,160,-1,165,162,154,-1,165,154,157,-1,166,21,164,-1,166,160,162,-1,166,164,160,-1,167,163,52,-1,
  167,52,53,-1,168,167,53,-1,169,157,161,-1,169,165,157,-1,170,22,21,-1,170,162,165,-1,170,21,166,-1,170,166,162,-1,
  171,169,161,-1,171,161,163,-1,172,22,170,-1,172,170,165,-1,172,165,169,-1,173,23,22,-1,173,22,172,-1,173,169,171,-1,
  173,172,169,-1,174,168,53,-1,174,53,54,-1,175,54,55,-1,175,174,54,-1,176,163,167,-1,176,171,163,-1,177,176,167,-1,
  177,167,168,-1,178,23,173,-1,178,173,171,-1,178,171,176,-1,179,23,178,-1,179,176,177,-1,179,178,176,-1,180,175,55,-1,
  181,168,174,-1,181,177,168,-1,182,181,174,-1,182,174,175,-1,183,55,56,-1,183,180,55,-1,184,24,23,-1,184,23,179,-1,
  184,179,177,-1,184,177,181,-1,185,24,184,-1,185,181,182,-1,185,184,181,-1,186,183,56,-1,187,175,180,-1,187,182,175,-1,
  188,187,180,-1,188,180,183,-1,189,25,24,-1,189,24,185,-1,189,185,182,-1,189,182,187,-1,190,56,57,-1,190,186,56,-1,
  191,189,187,-1,191,25,189,-1,191,187,188,-1,192,27,28,-1,192,57,27,-1,192,190,57,-1,193,188,183,-1,193,183,186,-1,
  194,25,191,-1,194,191,188,-1,194,26,25,-1,194,188,193,-1,195,186,190,-1,195,193,186,-1,196,195,190,-1,196,28,29,-1,
  58,2,0,-1,196,192,28,-1,196,190,192,-1,58,0,31,-1,197,26,194,-1,197,194,193,-1,197,193,195,-1,59,31,32,-1,
  198,195,196,-1,198,196,29,-1,198,197,195,-1,59,58,31,-1,198,5,26,-1,198,29,30,-1,198,30,5,-1,60,59,32,-1,
  198,26,197,-1,61,3,2,-1,61,2,58,-1,62,58,59,-1,62,61,58,-1,63,4,3,-1,63,1,4,-1,63,6,1,-1,
  63,3,61,-1,64,32,33,-1,64,60,32,-1,65,6,63,-1,65,63,61,-1,65,61,62,-1,66,64,33,-1,67,59,60,-1,
  67,62,59,-1,68,7,6,-1,68,6,65,-1,68,65,62,-1,68,62,67,-1,69,60,64,-1,69,67,60,-1,70,33,34,-1,
  70,66,33,-1,71,70,34,-1,72,69,64,-1,72,64,66,-1,73,68,67,-1,73,67,69,-1,73,7,68,-1,74,8,7,-1,
  74,7,73,-1,74,73,69,-1,74,69,72,-1,75,71,34,-1,75,34,35,-1,76,35,36,-1,76,75,35,-1,77,66,70,-1,
  77,72,66,-1,78,70,71,-1,78,77,70,-1,79,74,72,-1,79,8,74,-1,79,72,77,-1,80,9,8,-1,80,79,77,-1,
  80,77,78,-1,80,8,79,-1,81,76,36,-1,82,36,37,-1,82,81,36,-1,83,78,71,-1,83,71,75,-1,84,75,76,-1,
  84,83,75,-1,85,82,37,-1,86,80,78,-1,86,9,80,-1,86,78,83,-1,87,9,86,-1,87,83,84,-1,87,86,83,-1,
  88,76,81,-1,88,84,76,-1,89,37,38,-1,89,85,37,-1,90,88,81,-1,90,81,82,-1,91,89,38,-1,92,87,84,-1,
  92,10,9,-1,92,9,87,-1,92,84,88,-1,93,90,82,-1,93,82,85,-1,94,88,90,-1,94,92,88,-1,94,10,92,-1,
  95,38,39,-1,95,91,38,-1,96,95,39,-1,97,93,85,-1,97,85,89,-1,98,11,10,-1,98,90,93,-1,98,94,90,-1,
  98,10,94,-1,99,97,89,-1,99,89,91,-1,100,93,97,-1,100,98,93,-1,100,11,98,-1,101,39,40,-1,101,96,39,-1,
  102,101,40,-1,102,40,41,-1,103,100,97,-1,103,12,11,-1,103,97,99,-1,103,11,100,-1,104,99,91,-1,104,91,95,-1,
  105,95,96,-1,105,104,95,-1,106,102,41,-1,107,103,99,-1,107,12,103,-1,107,99,104,-1,108,104,105,-1,108,12,107,-1,
  108,107,104,-1,109,41,42,-1,109,106,41,-1,110,96,101,-1,110,105,96,-1,111,101,102,-1,111,110,101,-1,112,109,42,-1,
  113,13,12,-1,113,12,108,-1,113,108,105,-1,113,105,110,-1,114,13,113,-1,114,110,111,-1,114,113,110,-1,115,112,42,-1,
  115,42,43,-1,116,111,102,-1,116,102,106,-1,117,115,43,-1,118,106,109,-1,118,116,106,-1,119,14,13,-1,119,111,116,-1,
  119,13,114,-1,119,114,111,-1,120,109,112,-1,120,118,109,-1,121,119,116,-1,121,14,119,-1,121,116,118,-1,122,43,44,-1,
  122,117,43,-1,123,112,115,-1,123,120,112,-1,124,121,118,-1,124,15,14,-1,124,14,121,-1,124,118,120,-1,125,123,115,-1,
  125,115,117,-1,126,44,45,-1,126,122,44,-1,127,120,123,-1,127,124,120,-1,127,15,124,-1,128,126,45,-1,128,45,46,-1,
  129,127,123,-1,129,16,15,-1,129,15,127,-1,129,123,125,-1,130,125,117,-1,130,117,122,-1,131,128,46,-1,132,16,129,-1,
  132,129,125,-1,132,125,130,-1,133,131,46,-1,133,46,47,-1,134,130,122,-1,134,122,126,-1,135,133,47,-1,136,134,126,-1,
  136,126,128,-1,137,17,16,-1,137,130,134,-1,137,16,132,-1,137,132,130,-1,138,128,131,-1,138,136,128,-1,139,137,134,-1,
  139,17,137,-1,139,134,136,-1,140,135,47,-1,140,47,48,-1,141,140,48,-1,142,131,133,-1,142,138,131,-1,143,18,17,-1,
  143,17,139,-1,143,136,138,-1,143,139,136,-1,144,133,135,-1,144,142,133,-1,145,18,143,-1,145,138,142,-1,145,143,138,-1,
  146,48,49,-1,146,141,48,-1]
  normalPerVertex TRUE
  normal DEF NORM_47 Normal { vector [
  -0.020373247 -0.99979179 -0.0011440337,-0.41235354 -0.91063511 -0.02661297,
  -0.073087873 -0.99731706 -0.004103709,-0.1832426 -0.98301388 -0.010288633,
  -0.32786387 -0.9445456 -0.018408771,0.41235354 -0.91063511 -0.02661297,
  -0.40452802 -0.91247131 -0.061263325,-0.39144971 -0.91307276 -0.11430339,
  -0.37516864 -0.9118633 -0.16659477,-0.34746343 -0.91127019 -0.22103351,
  -0.30732388 -0.9128728 -0.26872901,-0.26872875 -0.91287285 -0.30732395,
  -0.2210333 -0.91127018 -0.34746357,-0.16659492 -0.91186332 -0.37516852,
  -0.11430245 -0.91307273 -0.39145004,-0.061262906 -0.91247104 -0.40452869,
  0 -0.91095614 -0.41250323,0.061262906 -0.91247104 -0.40452869,
  0.11430245 -0.91307273 -0.39145004,0.16659492 -0.91186332 -0.37516852,
  0.2210333 -0.91127018 -0.34746357,0.26872875 -0.91287285 -0.30732395,
  0.30732388 -0.9128728 -0.26872901,0.34746343 -0.91127019 -0.22103351,
  0.37516864 -0.9118633 -0.16659477,0.39144971 -0.91307276 -0.11430339,
  0.40452802 -0.91247131 -0.061263325,0.020373247 -0.99979179 -0.0011440337,
  0.073087873 -0.99731706 -0.004103709,0.1832426 -0.98301388 -0.010288633,
  0.32786387 -0.9445456 -0.018408771,-0.020297161 -0.9997913 -0.0023189751,
  -0.01996798 -0.99979057 -0.0044835025,-0.019259254 -0.99979077 -0.0068920171,
  -0.018249979 -0.99979176 -0.0091310839,-0.017269596 -0.99979194 -0.010855682,
  -0.016113734 -0.9997911 -0.012573593,-0.01447337 -0.9997905 -0.01447337,
  -0.012573594 -0.9997911 -0.016113735,-0.01057401 -0.99979203 -0.017438153,
  -0.0088452388 -0.99979156 -0.018401064,-0.0068920178 -0.99979077 -0.019259255,
  -0.0044835039 -0.99979057 -0.019967986,-0.0019993552 -0.99979157 -0.02031781,
  0.00033553676 -0.99979239 -0.020373192,0.0023189719 -0.9997913 -0.020297113,
  0.0044835039 -0.99979057 -0.019967986,0.0068920178 -0.99979077 -0.019259255,
  0.0091310814 -0.99979176 -0.018249978,0.010855682 -0.99979194 -0.017269597,
  0.012573594 -0.9997911 -0.016113735,0.01447337 -0.9997905 -0.01447337,
  0.016113734 -0.9997911 -0.012573593,0.017438151 -0.99979203 -0.010574017,
  0.018401067 -0.99979156 -0.0088452404,0.019259254 -0.99979077 -0.0068920171,
  0.01996798 -0.99979057 -0.0044835025,0.020297161 -0.9997913 -0.0023189751,
  -0.049792387 -0.99875248 -0.0037696263,-0.052893231 -0.99855755 -0.0092261517,
  -0.065138613 -0.99776653 -0.014795947,-0.14199075 -0.9898169 -0.010056207,
  -0.16384249 -0.98609681 -0.027725847,-0.32739583 -0.94462621 -0.022210088,
  -0.048595472 -0.99871582 -0.014324741,-0.31514766 -0.94763122 -0.051740018,
  -0.064872825 -0.99758611 -0.024768254,-0.14774066 -0.98850894 -0.031980763,
  -0.32450573 -0.9433887 -0.068657034,-0.14641782 -0.98832852 -0.042054242,
  -0.043547899 -0.99888459 -0.018252625,-0.062963304 -0.99742739 -0.034266885,
  -0.1514449 -0.98686 -0.056318535,-0.30136926 -0.94972651 -0.08482997,
  -0.31657956 -0.94144514 -0.11601044,-0.040687893 -0.9989106 -0.022849672,
  -0.04520815 -0.99845873 -0.0321931,-0.13034751 -0.99000119 -0.053918094,
  -0.15255125 -0.98487201 -0.082190242,-0.28542256 -0.9512174 -0.11712995,
  -0.30422468 -0.93846877 -0.1634739,-0.051599904 -0.99789445 -0.039295335,
  -0.03912599 -0.99860912 -0.035340966,-0.12003527 -0.9904994 -0.067100456,
  -0.14461153 -0.98416038 -0.10254683,-0.047446971 -0.99770484 -0.048309761,
  -0.26789435 -0.95182134 -0.14922721,-0.26552283 -0.94571968 -0.18738173,
  -0.11625506 -0.98941277 -0.086874186,-0.032805827 -0.99877089 -0.037154795,
  -0.12030118 -0.98691711 -0.1073417,-0.041729893 -0.99752885 -0.056522666,
  -0.26438561 -0.94427987 -0.19605046,-0.1093219 -0.98800176 -0.10909283,
  -0.23770063 -0.94841477 -0.20978043,-0.026506943 -0.99894305 -0.037552137,
  -0.035219351 -0.99737588 -0.063253057,-0.098921227 -0.98893826 -0.11052469,
  -0.23706138 -0.94282946 -0.2342531,-0.099276411 -0.98621507 -0.13237837,
  -0.20877428 -0.95027845 -0.23105016,-0.022852121 -0.99882768 -0.042673738,
  -0.020739152 -0.99850757 -0.050522531,-0.20488866 -0.9405983 -0.27073137,
  -0.079744278 -0.99046644 -0.11232579,-0.086848982 -0.98406384 -0.15516321,
  -0.022460816 -0.99782959 -0.061900055,-0.17825667 -0.95161809 -0.25029498,
  -0.15906441 -0.94594173 -0.28265306,-0.014022735 -0.99866182 -0.049778906,
  -0.066559414 -0.99014231 -0.12323977,-0.065714383 -0.98518181 -0.15842479,
  -0.014008875 -0.99764477 -0.067146636,-0.15689068 -0.94462203 -0.28822653,
  -0.12452531 -0.94673894 -0.29694922,-0.0078545897 -0.9988272 -0.047775816,
  -0.051876759 -0.98897726 -0.13868231,-0.0046927223 -0.99747285 -0.070893584,
  -0.043482702 -0.98765809 -0.15046845,-0.11704991 -0.94386889 -0.30888645,
  -0.033724744 -0.98745397 -0.15426375,-0.089117721 -0.94910924 -0.30207563,
  0.00050905259 -0.9983404 -0.057586345,-0.02430937 -0.98949363 -0.14251808,
  -0.073185598 -0.94218522 -0.32700286,-0.012220906 -0.98551232 -0.16916296,
  0.0037693149 -0.99875259 -0.049790215,-0.053293683 -0.9507729 -0.30527147,
  0.0092256028 -0.99855771 -0.05289042,-0.025925317 -0.93963004 -0.34120854,
  -0.00025468768 -0.98800168 -0.15444293,0.014796322 -0.99776641 -0.065140243,
  -0.0039608908 -0.94942135 -0.31397995,0.014324836 -0.99871575 -0.048596728,
  0.01005584 -0.98981776 -0.14198482,0.024768195 -0.99758613 -0.06487262,
  0.027727212 -0.98609585 -0.16384801,0.022210645 -0.94462691 -0.32739379,
  0.031981937 -0.98850808 -0.14774614,0.05174209 -0.9476303 -0.31515007,
  0.018252466 -0.99888461 -0.043547486,0.034266903 -0.99742739 -0.062963404,
  0.042052359 -0.98832894 -0.14641554,0.06865736 -0.94338779 -0.32450832,
  0.05631818 -0.98686017 -0.15144395,0.084827111 -0.94972689 -0.30136887,
  0.022849721 -0.99891059 -0.040688028,0.032192997 -0.99845873 -0.04520807,
  0.11601021 -0.94144535 -0.31657902,0.053918093 -0.99000123 -0.13034726,
  0.082190521 -0.9848719 -0.15255183,0.039295421 -0.99789444 -0.051600005,
  0.11713015 -0.95121743 -0.28542237,0.16347413 -0.9384686 -0.30422508,
  0.035340722 -0.99860913 -0.03912584,0.067100413 -0.99049939 -0.1200354,
  0.10254654 -0.98416043 -0.14461137,0.04830991 -0.99770483 -0.047447124,
  0.149227 -0.95182133 -0.26789448,0.1873814 -0.94571973 -0.26552287,
  0.086874395 -0.98941272 -0.11625534,0.037154685 -0.9987709 -0.032805833,
  0.10734096 -0.98691724 -0.12030079,0.056522734 -0.99752884 -0.041729956,
  0.19605051 -0.94427982 -0.26438574,0.1090934 -0.98800163 -0.10932246,
  0.20977975 -0.94841489 -0.23770074,0.037552124 -0.99894305 -0.026506977,
  0.063253045 -0.99737588 -0.03521941,0.11052403 -0.98893836 -0.098921004,
  0.23425337 -0.94282932 -0.23706168,0.13237877 -0.98621499 -0.099276705,
  0.2310496 -0.95027853 -0.20877451,0.27073164 -0.94059819 -0.20488882,
  0.042673894 -0.99882767 -0.022852201,0.050522867 -0.99850755 -0.020739243,
  0.1123256 -0.99046646 -0.079744282,0.15516329 -0.98406381 -0.086849167,
  0.2502948 -0.9516181 -0.17825683,0.28265307 -0.94594169 -0.15906464,
  0.061899799 -0.99782961 -0.022460732,0.12324009 -0.99014226 -0.066559623,
  0.1584245 -0.98518188 -0.065714148,0.04977626 -0.99866195 -0.014022394,
  0.28822656 -0.944622 -0.15689081,0.2969491 -0.94673899 -0.12452512,
  0.067148075 -0.99764466 -0.014009256,0.13868155 -0.98897738 -0.051876474,
  0.15046533 -0.98765855 -0.043483021,0.30888615 -0.94386901 -0.11704974,
  0.047780697 -0.99882696 -0.0078551452,0.30207382 -0.94910967 -0.089119291,
  0.046749313 -0.99890141 -0.0032379185,0.15426988 -0.98745296 -0.033726074,
  0.32700621 -0.94218401 -0.073186285,0.14252213 -0.98949304 -0.024309799,
  0.1342036 -0.99090729 -0.0095984311,0.3052731 -0.95077235 -0.053294184,
  0.32335462 -0.94599521 -0.023126779] }
}
}
DEF SHAPE_48 Shape {
 appearance USE APP_2
 geometry DEF FACE_48 IndexedFaceSet {
  coord DEF COORD_48 Coordinate { point [
  -2.8794261 0.12714513 0,-4.9311024 0.39370079 0,
  -2.9823969 0.18168212 0,-3.5169844 0.32794812 0,
  -4.0652106 0.37547469 0,4.9311024 0.39370079 0,
  -4.9000966 0.39370079 -0.55210829,-4.8074693 0.39370079 -1.0972735,
  -4.6543853 0.39370079 -1.6286399,-4.4427697 0.39370079 -2.1395251,
  -4.1752837 0.39370079 -2.6235046,-3.8552911 0.39370079 -3.074492,
  -3.4868159 0.39370079 -3.4868159,-3.074492 0.39370079 -3.8552911,
  -2.6235046 0.39370079 -4.1752837,-2.1395251 0.39370079 -4.4427697,
  -1.6286399 0.39370079 -4.6543853,-1.0972735 0.39370079 -4.8074693,
  -0.55210829 0.39370079 -4.9000966,0 0.39370079 -4.9311024,
  0.55210829 0.39370079 -4.9000966,1.0972735 0.39370079 -4.8074693,
  1.6286399 0.39370079 -4.6543853,2.1395251 0.39370079 -4.4427697,
  2.6235046 0.39370079 -4.1752837,3.074492 0.39370079 -3.8552911,
  3.4868159 0.39370079 -3.4868159,3.8552911 0.39370079 -3.074492,
  4.1752837 0.39370079 -2.6235046,4.4427697 0.39370079 -2.1395251,
  4.6543853 0.39370079 -1.6286399,4.8074693 0.39370079 -1.0972735,
  4.9000966 0.39370079 -0.55210829,2.8794261 0.12714513 0,
  2.9823969 0.18168212 0,3.5169844 0.32794812 0,
  4.0652106 0.37547469 0,-2.8501177 0.12714513 -0.40978506,
  -2.7627891 0.12714513 -0.81122808,-2.6192181 0.12714513 -1.1961568,
  -2.4223274 0.12714513 -1.5567353,-2.1761251 0.12714513 -1.8856231,
  -1.8856231 0.12714513 -2.1761251,-1.5567353 0.12714513 -2.4223274,
  -1.1961568 0.12714513 -2.6192181,-0.81122808 0.12714513 -2.7627891,
  -0.40978506 0.12714513 -2.8501177,0 0.12714513 -2.8794261,
  0.40978506 0.12714513 -2.8501177,0.81122808 0.12714513 -2.7627891,
  1.1961568 0.12714513 -2.6192181,1.5567353 0.12714513 -2.4223274,
  1.8856231 0.12714513 -2.1761251,2.1761251 0.12714513 -1.8856231,
  2.4223274 0.12714513 -1.5567353,2.6192181 0.12714513 -1.1961568,
  2.7627891 0.12714513 -0.81122808,2.8501177 0.12714513 -0.40978506,
  -2.9636517 0.18168212 -0.33385639,-2.9520404 0.18168212 -0.42443934,
  -3.4948791 0.32794812 -0.39369934,-2.9076102 0.18168212 -0.66369735,
  -3.4811865 0.32794812 -0.50051906,-2.8615889 0.18168212 -0.84023831,
  -4.0396595 0.37547469 -0.45506905,-3.4287923 0.32794812 -0.78266349,
  -4.0238326 0.37547469 -0.57853979,-2.8150378 0.18168212 -0.98501458,
  -3.3745218 0.32794812 -0.99084899,-3.9632712 0.37547469 -0.90466479,
  -2.7128837 0.18168212 -1.2389325,-3.3196265 0.32794812 -1.1615761,
  -2.6870452 0.18168212 -1.2940169,-3.900541 0.37547469 -1.1453022,
  -3.1991615 0.32794812 -1.4610081,-3.8370886 0.37547469 -1.3426421,
  -2.525267 0.18168212 -1.5867318,-3.1686915 0.32794812 -1.5259663,
  -2.5089519 0.18168212 -1.6124055,-3.6978456 0.37547469 -1.6887495,
  -2.3317303 0.18168212 -1.8594959,-2.977915 0.32794812 -1.8711497,
  -3.662626 0.37547469 -1.7638333,-2.9586755 0.32794812 -1.9014253,
  -2.2539452 0.18168212 -1.9530546,-2.1088705 0.18168212 -2.1088756,
  -2.7496873 0.32794812 -2.1928061,-3.4421113 0.37547469 -2.1628238,
  -3.4198728 0.37547469 -2.1978188,-2.6579594 0.32794812 -2.303135,
  -1.9530546 0.18168212 -2.2539452,-1.859493 0.18168212 -2.3317327,
  -2.4868805 0.32794812 -2.4868865,-3.1783076 0.37547469 -2.5346199,
  -3.0722812 0.37547469 -2.6621468,-2.303135 0.32794812 -2.6579594,
  -1.6124055 0.18168212 -2.5089519,-1.5867308 0.18168212 -2.5252677,
  -2.1928026 0.32794812 -2.7496901,-2.8745345 0.37547469 -2.8745415,
  -1.294013 0.18168212 -2.687047,-2.6621468 0.37547469 -3.0722812,
  -1.2389325 0.18168212 -2.7128837,-1.9014253 0.32794812 -2.9586755,
  -1.8711484 0.32794812 -2.9779158,-2.5346159 0.37547469 -3.1783108,
  -0.98502225 0.18168212 -2.8150351,-1.5259617 0.32794812 -3.1686937,
  -0.84023831 0.18168212 -2.8615889,-1.4610081 0.32794812 -3.1991615,
  -2.1978188 0.37547469 -3.4198728,-2.1628224 0.37547469 -3.4421122,
  -0.66364513 0.18168212 -2.9076221,-1.1615851 0.32794812 -3.3196233,
  -1.7638281 0.37547469 -3.6626285,-0.42443934 0.18168212 -2.9520404,
  -0.99084899 0.32794812 -3.3745218,-1.6887495 0.37547469 -3.6978456,
  -0.33392249 0.18168212 -2.9636442,-0.78260191 0.32794812 -3.4288064,
  -1.3426526 0.37547469 -3.837085,0 0.18168212 -2.9823969,
  -0.50051906 0.32794812 -3.4811865,-1.1453022 0.37547469 -3.900541,
  -0.39377729 0.32794812 -3.4948703,-0.90459361 0.37547469 -3.9632875,
  0.33392249 0.18168212 -2.9636442,0.42443934 0.18168212 -2.9520404,
  0 0.32794812 -3.5169844,-0.57853979 0.37547469 -4.0238326,
  -0.45515915 0.37547469 -4.0396494,0.66364513 0.18168212 -2.9076221,
  0.39377729 0.32794812 -3.4948703,0.84023831 0.18168212 -2.8615889,
  0.50051906 0.32794812 -3.4811865,0 0.37547469 -4.0652106,
  0.98502225 0.18168212 -2.8150351,0.78260191 0.32794812 -3.4288064,
  0.45515915 0.37547469 -4.0396494,1.2389325 0.18168212 -2.7128837,
  0.99084899 0.32794812 -3.3745218,0.57853979 0.37547469 -4.0238326,
  1.294013 0.18168212 -2.687047,1.1615851 0.32794812 -3.3196233,
  0.90459361 0.37547469 -3.9632875,1.5867308 0.18168212 -2.5252677,
  1.6124055 0.18168212 -2.5089519,1.4610081 0.32794812 -3.1991615,
  1.1453022 0.37547469 -3.900541,1.5259617 0.32794812 -3.1686937,
  1.3426526 0.37547469 -3.837085,1.859493 0.18168212 -2.3317327,
  1.8711484 0.32794812 -2.9779158,1.9014253 0.32794812 -2.9586755,
  1.6887495 0.37547469 -3.6978456,1.9530546 0.18168212 -2.2539452,
  1.7638281 0.37547469 -3.6626285,2.1088705 0.18168212 -2.1088756,
  2.1928026 0.32794812 -2.7496901,2.1628224 0.37547469 -3.4421122,
  2.1978188 0.37547469 -3.4198728,2.303135 0.32794812 -2.6579594,
  2.2539452 0.18168212 -1.9530546,2.3317303 0.18168212 -1.8594959,
  2.4868805 0.32794812 -2.4868865,2.5346159 0.37547469 -3.1783108,
  2.6621468 0.37547469 -3.0722812,2.6579594 0.32794812 -2.303135,
  2.5089519 0.18168212 -1.6124055,2.525267 0.18168212 -1.5867318,
  2.7496873 0.32794812 -2.1928061,2.8745345 0.37547469 -2.8745415,
  3.0722812 0.37547469 -2.6621468,2.9586755 0.32794812 -1.9014253,
  2.6870452 0.18168212 -1.2940169,2.977915 0.32794812 -1.8711497,
  3.1783076 0.37547469 -2.5346199,2.7128837 0.18168212 -1.2389325,
  3.4198728 0.37547469 -2.1978188,3.1686915 0.32794812 -1.5259663,
  3.4421113 0.37547469 -2.1628238,2.8150378 0.18168212 -0.98501458,
  3.1991615 0.32794812 -1.4610081,2.8615889 0.18168212 -0.84023831,
  3.662626 0.37547469 -1.7638333,3.3196265 0.32794812 -1.1615761,
  3.6978456 0.37547469 -1.6887495,2.9076102 0.18168212 -0.66369735,
  3.3745218 0.32794812 -0.99084899,3.8370886 0.37547469 -1.3426421,
  2.9520404 0.18168212 -0.42443934,3.4287923 0.32794812 -0.78266349,
  2.9636517 0.18168212 -0.33385639,3.900541 0.37547469 -1.1453022,
  3.4811865 0.32794812 -0.50051906,3.9632712 0.37547469 -0.90466479,
  3.4948791 0.32794812 -0.39369934,4.0238326 0.37547469 -0.57853979,
  4.0396595 0.37547469 -0.45506905] }
 coordIndex [
  141,132,134,-1,141,138,132,-1,142,50,51,-1,142,139,50,-1,143,133,136,-1,143,140,133,-1,144,141,134,-1,144,134,137,-1,
  144,21,141,-1,145,142,51,-1,146,145,51,-1,147,143,136,-1,147,136,139,-1,148,22,21,-1,148,137,140,-1,148,144,137,-1,
  148,21,144,-1,149,139,142,-1,149,147,139,-1,150,22,148,-1,150,140,143,-1,150,148,140,-1,151,51,52,-1,151,146,51,-1,
  152,149,142,-1,152,142,145,-1,153,145,146,-1,153,152,145,-1,154,23,22,-1,154,150,143,-1,154,143,147,-1,154,22,150,-1,
  155,151,52,-1,156,154,147,-1,156,23,154,-1,156,147,149,-1,157,155,52,-1,157,52,53,-1,158,146,151,-1,158,153,146,-1,
  159,156,149,-1,159,24,23,-1,159,23,156,-1,159,149,152,-1,160,24,159,-1,160,159,152,-1,160,25,24,-1,160,152,153,-1,
  161,151,155,-1,161,158,151,-1,162,157,53,-1,163,162,53,-1,163,53,54,-1,164,155,157,-1,164,161,155,-1,165,153,158,-1,
  165,160,153,-1,165,25,160,-1,166,25,165,-1,166,165,158,-1,166,158,161,-1,166,26,25,-1,167,157,162,-1,167,164,157,-1,
  168,163,54,-1,169,168,54,-1,170,162,163,-1,170,167,162,-1,171,161,164,-1,171,26,166,-1,171,166,161,-1,172,27,26,-1,
  172,164,167,-1,172,26,171,-1,172,171,164,-1,173,163,168,-1,173,170,163,-1,174,169,54,-1,174,54,55,-1,175,168,169,-1,
  175,173,168,-1,176,172,167,-1,176,167,170,-1,176,27,172,-1,177,174,55,-1,178,28,27,-1,178,27,176,-1,178,176,170,-1,
  178,170,173,-1,179,175,169,-1,179,169,174,-1,180,173,175,-1,180,28,178,-1,180,178,173,-1,181,55,56,-1,181,177,55,-1,
  182,174,177,-1,182,179,174,-1,183,181,56,-1,184,29,28,-1,184,28,180,-1,184,175,179,-1,184,180,175,-1,58,2,0,-1,
  185,177,181,-1,58,0,37,-1,185,182,177,-1,186,30,29,-1,186,179,182,-1,59,58,37,-1,186,184,179,-1,186,29,184,-1,
  60,3,2,-1,187,56,57,-1,187,183,56,-1,60,2,58,-1,61,59,37,-1,188,181,183,-1,61,37,38,-1,188,185,181,-1,
  62,58,59,-1,62,60,58,-1,189,182,185,-1,189,186,182,-1,189,30,186,-1,63,61,38,-1,190,187,57,-1,64,4,3,-1,
  64,1,4,-1,64,6,1,-1,64,3,60,-1,191,183,187,-1,191,188,183,-1,192,190,57,-1,65,59,61,-1,65,62,59,-1,
  192,33,34,-1,192,57,33,-1,193,185,188,-1,66,6,64,-1,66,7,6,-1,193,31,30,-1,66,64,60,-1,193,30,189,-1,
  66,60,62,-1,193,189,185,-1,194,187,190,-1,67,38,39,-1,67,63,38,-1,194,191,187,-1,195,188,191,-1,68,65,61,-1,
  195,31,193,-1,68,61,63,-1,195,193,188,-1,196,192,34,-1,196,34,35,-1,69,62,65,-1,196,194,190,-1,69,7,66,-1,
  196,190,192,-1,69,66,62,-1,197,195,191,-1,197,191,194,-1,197,32,31,-1,70,67,39,-1,197,31,195,-1,198,197,194,-1,
  198,196,35,-1,198,32,197,-1,198,5,32,-1,198,35,36,-1,198,36,5,-1,71,68,63,-1,198,194,196,-1,71,63,67,-1,
  72,39,40,-1,72,70,39,-1,73,8,7,-1,73,7,69,-1,73,65,68,-1,73,69,65,-1,74,67,70,-1,74,71,67,-1,
  75,68,71,-1,75,8,73,-1,75,73,68,-1,76,72,40,-1,77,70,72,-1,77,74,70,-1,78,76,40,-1,79,9,8,-1,
  79,8,75,-1,79,71,74,-1,79,75,71,-1,80,78,40,-1,80,40,41,-1,81,77,72,-1,81,72,76,-1,82,79,74,-1,
  82,9,79,-1,82,74,77,-1,83,76,78,-1,83,81,76,-1,84,80,41,-1,85,41,42,-1,85,84,41,-1,86,83,78,-1,
  86,78,80,-1,87,10,9,-1,87,77,81,-1,87,9,82,-1,87,82,77,-1,88,11,10,-1,88,10,87,-1,88,81,83,-1,
  88,87,81,-1,89,80,84,-1,89,86,80,-1,90,85,42,-1,91,90,42,-1,91,42,43,-1,92,89,84,-1,92,84,85,-1,
  93,88,83,-1,93,83,86,-1,93,11,88,-1,94,86,89,-1,94,12,11,-1,94,11,93,-1,94,93,86,-1,95,85,90,-1,
  95,92,85,-1,96,91,43,-1,97,96,43,-1,98,95,90,-1,98,90,91,-1,99,89,92,-1,99,94,89,-1,99,12,94,-1,
  100,97,43,-1,100,43,44,-1,101,13,12,-1,101,99,92,-1,101,12,99,-1,101,92,95,-1,102,100,44,-1,103,98,91,-1,
  103,91,96,-1,104,96,97,-1,104,103,96,-1,105,95,98,-1,105,13,101,-1,105,101,95,-1,106,44,45,-1,106,102,44,-1,
  107,97,100,-1,107,104,97,-1,108,106,45,-1,109,100,102,-1,109,107,100,-1,110,105,98,-1,110,14,13,-1,110,98,103,-1,
  110,13,105,-1,111,14,110,-1,111,103,104,-1,111,110,103,-1,112,45,46,-1,112,108,45,-1,113,109,102,-1,113,102,106,-1,
  114,15,14,-1,114,104,107,-1,114,14,111,-1,114,111,104,-1,115,112,46,-1,116,106,108,-1,116,113,106,-1,117,15,114,-1,
  117,16,15,-1,117,114,107,-1,117,107,109,-1,118,46,47,-1,118,115,46,-1,119,116,108,-1,119,108,112,-1,120,109,113,-1,
  120,16,117,-1,120,117,109,-1,121,118,47,-1,122,112,115,-1,122,119,112,-1,123,17,16,-1,123,120,113,-1,123,113,116,-1,
  123,16,120,-1,124,122,115,-1,124,115,118,-1,125,123,116,-1,125,17,123,-1,125,116,119,-1,126,121,47,-1,126,47,48,-1,
  127,126,48,-1,128,118,121,-1,128,124,118,-1,129,119,122,-1,129,17,125,-1,129,18,17,-1,129,125,119,-1,130,122,124,-1,
  130,18,129,-1,130,129,122,-1,131,127,48,-1,131,48,49,-1,132,121,126,-1,132,128,121,-1,133,131,49,-1,134,126,127,-1,
  134,132,126,-1,135,19,18,-1,135,18,130,-1,135,130,124,-1,135,124,128,-1,136,133,49,-1,136,49,50,-1,137,127,131,-1,
  137,134,127,-1,138,19,135,-1,138,20,19,-1,138,128,132,-1,138,135,128,-1,139,136,50,-1,140,131,133,-1,140,137,131,-1,
  141,21,20,-1,141,20,138,-1]
  normalPerVertex TRUE
  normal DEF NORM_48 Normal { vector [
  0.45798424 0.88846755 0.029594653,0.021044321 0.99977785 0.0011817173,
  0.28237781 0.95917224 0.015854838,0.14340176 0.9896318 0.0080516652,
  0.046446957 0.99891735 0.0026078854,-0.021044321 0.99977785 0.0011817173,
  0.020963607 0.99977737 0.0023949195,0.020622318 0.99977661 0.0046307573,
  0.019891008 0.99977682 0.0071174029,0.018850698 0.99977784 0.009430051,
  0.017837631 0.99977802 0.01121272,0.016642017 0.99977717 0.01298705,
  0.014947616 0.99977654 0.014947616,0.012987051 0.99977717 0.016642018,
  0.010923267 0.99977812 0.018011166,0.0091359485 0.99977764 0.019005622,
  0.0071174036 0.99977682 0.01989101,0.0046307587 0.99977661 0.020622324,
  0.0020663549 0.99977765 0.020985418,-0.00034495628 0.99977849 0.021044267,
  -0.0023949164 0.99977737 0.020963559,-0.0046307587 0.99977661 0.020622324,
  -0.0071174036 0.99977682 0.01989101,-0.0094300485 0.99977784 0.018850698,
  -0.01121272 0.99977802 0.017837632,-0.012987051 0.99977717 0.016642018,
  -0.014947616 0.99977654 0.014947616,-0.016642017 0.99977717 0.01298705,
  -0.018011164 0.99977812 0.010923275,-0.019005625 0.99977764 0.00913595,
  -0.019891008 0.99977682 0.0071174029,-0.020622318 0.99977661 0.0046307573,
  -0.020963607 0.99977737 0.0023949195,-0.45798424 0.88846755 0.029594653,
  -0.28237781 0.95917224 0.015854838,-0.14340176 0.9896318 0.0080516652,
  -0.046446957 0.99891735 0.0026078854,0.44753388 0.89169876 0.067725486,
  0.43235394 0.89282083 0.12625783,0.4156953 0.89055887 0.1846681,
  0.38562955 0.88943667 0.24534111,0.33964259 0.8924484 0.29694909,
  0.29694878 0.89244849 0.33964262,0.24534089 0.88943666 0.38562971,
  0.18466826 0.89055891 0.41569515,0.12625681 0.8928208 0.43235431,
  0.067725079 0.89169825 0.44753497,0 0.8888538 0.45819092,
  -0.067725079 0.89169825 0.44753497,-0.12625681 0.8928208 0.43235431,
  -0.18466826 0.89055891 0.41569515,-0.24534089 0.88943666 0.38562971,
  -0.29694878 0.89244849 0.33964262,-0.33964259 0.8924484 0.29694909,
  -0.38562955 0.88943667 0.24534111,-0.4156953 0.89055887 0.1846681,
  -0.43235394 0.89282083 0.12625783,-0.44753388 0.89169876 0.067725486,
  0.31358679 0.94923872 0.024681538,0.28110242 0.95840213 0.049465066,
  0.18864951 0.9819588 0.012972372,0.29958292 0.95163903 0.068067889,
  0.15634634 0.98735735 0.026101569,0.27721897 0.95726223 0.082453949,
  0.044104548 0.99902282 0.0028624866,0.17200301 0.98441396 0.036662241,
  0.037780527 0.99926658 0.0062395799,0.28253755 0.95316996 0.10788676,
  0.16764523 0.9846932 0.047690378,0.051776593 0.9986 0.010827122,
  0.27187432 0.95548548 0.11459426,0.15324204 0.98657594 0.056433956,
  0.26363097 0.95385758 0.14371646,0.039076752 0.99917523 0.011038927,
  0.17669381 0.98157005 0.072797963,0.047685298 0.99871203 0.017331752,
  0.25894258 0.95477649 0.14611841,0.13390407 0.98838722 0.071836001,
  0.23091345 0.958947 0.16461963,0.039468278 0.9990892 0.016217801,
  0.24801351 0.9501621 0.18889491,0.17244665 0.98030754 0.096225175,
  0.042760013 0.99882529 0.02279528,0.12120988 0.98891401 0.085774356,
  0.21226247 0.95807281 0.19246072,0.21397412 0.95222846 0.21788996,
  0.14816059 0.98281192 0.11013247,0.038468158 0.99903072 0.021396953,
  0.029882438 0.99933049 0.02110937,0.12239049 0.98651633 0.10865592,
  0.19197521 0.95676006 0.21853078,0.17892441 0.95354218 0.2423703,
  0.12186766 0.98516652 0.12081058,0.043609294 0.99852901 0.032218803,
  0.029283614 0.99923561 0.02589722,0.12020865 0.98370613 0.13368672,
  0.17136203 0.95466499 0.24341286,0.13770758 0.95905373 0.24749257,
  0.095920518 0.98723617 0.12713774,0.037223993 0.99863662 0.036596006,
  0.14989806 0.94801527 0.28070915,0.027678928 0.99914587 0.030682422,
  0.10774541 0.95869199 0.26325007,0.11413138 0.98041458 0.16050321,
  0.072468177 0.98897078 0.12917105,0.030252072 0.99875091 0.03976721,
  0.10549128 0.95095667 0.29078,0.091932398 0.98120998 0.16963315,
  0.077415563 0.95769564 0.27717483,0.059034509 0.98815682 0.14163693,
  0.025113187 0.99906189 0.035279822,0.023349401 0.99886678 0.041472353,
  0.062031297 0.95273487 0.29740273,0.063623843 0.9836309 0.16858903,
  0.021120576 0.99902657 0.038727639,0.046807931 0.95617462 0.28903132,
  0.047321807 0.98562851 0.16216375,0.014457534 0.99929835 0.034551261,
  0.019822801 0.95385926 0.29959901,0.036296982 0.98588629 0.16343425,
  0.019086728 0.9985642 0.050052373,-0.0048672063 0.957478 0.28846522,
  0.031522951 0.98266615 0.18268429,0.011241474 0.99920508 0.038246939,
  0.011566601 0.98786891 0.15485877,0.011376799 0.99867394 0.050208947,
  -0.024681076 0.94923654 0.31359343,-0.049464396 0.9584025 0.28110127,
  0.0011753273 0.9851662 0.17159886,0.0071977254 0.99911721 0.041388289,
  0.0038325517 0.99879065 0.049015841,-0.068067143 0.95164014 0.29957954,
  -0.012973346 0.98195689 0.18865939,-0.0824526 0.95726193 0.27722043,
  -0.026101223 0.98735826 0.15634061,0.00081489441 0.9990005 0.044691614,
  -0.10788695 0.95316986 0.28253784,-0.036660589 0.98441531 0.17199563,
  -0.0028626776 0.99902277 0.044105692,-0.1145944 0.95548544 0.27187443,
  -0.04768999 0.98469257 0.16764904,-0.0062392135 0.99926671 0.03777723,
  -0.1437163 0.95385761 0.26363095,-0.05643432 0.98657576 0.15324307,
  -0.010826826 0.99860006 0.051775454,-0.14611821 0.95477653 0.25894257,
  -0.16461948 0.95894699 0.2309136,-0.072798241 0.98156997 0.1766941,
  -0.011039148 0.99917516 0.039078584,-0.071835725 0.9883873 0.13390358,
  -0.017331818 0.99871202 0.047685498,-0.18889474 0.9501622 0.24801324,
  -0.096224971 0.98030757 0.17244659,-0.085774385 0.98891398 0.12121015,
  -0.016217738 0.99908921 0.039468044,-0.19246048 0.95807276 0.21226295,
  -0.022795219 0.99882529 0.042759895,-0.21788966 0.95222859 0.21397386,
  -0.11013213 0.98281203 0.14816016,-0.021396962 0.99903071 0.038468233,
  -0.021109348 0.99933049 0.02988245,-0.10865626 0.98651618 0.12239133,
  -0.21853065 0.95675997 0.1919758,-0.24237017 0.95354223 0.17892436,
  -0.12080987 0.9851667 0.12186695,-0.032218753 0.99852901 0.043609239,
  -0.025897216 0.99923561 0.029283694,-0.13368718 0.98370596 0.1202095,
  -0.24341281 0.95466494 0.17136234,-0.24749245 0.95905373 0.13770777,
  -0.12713735 0.98723625 0.095920213,-0.036595886 0.99863663 0.037223876,
  -0.030682525 0.99914586 0.027679101,-0.16050335 0.98041452 0.11413167,
  -0.28070871 0.94801544 0.14989778,-0.12917088 0.9889708 0.072468197,
  -0.039767131 0.99875092 0.030252005,-0.26325024 0.95869197 0.1077452,
  -0.035279877 0.99906189 0.02511326,-0.16963254 0.98121011 0.091932138,
  -0.041472308 0.99886678 0.023349409,-0.29078056 0.95095647 0.10549152,
  -0.14163727 0.98815677 0.059034566,-0.277175 0.95769538 0.077418197,
  -0.038727587 0.99902657 0.021120565,-0.16859013 0.98363068 0.063624237,
  -0.034551536 0.99929834 0.014457639,-0.29740012 0.9527357 0.062031112,
  -0.16216676 0.98562792 0.047323919,-0.050052535 0.99856419 0.019086777,
  -0.28902937 0.95617532 0.046805776,-0.16342713 0.98588753 0.036295369,
  -0.32276196 0.94619862 0.023084391,-0.038246099 0.99920512 0.011241428,
  -0.18267816 0.98266732 0.031521782,-0.050207664 0.998674 0.011376503,
  -0.20225258 0.97922655 0.01446539,-0.041390219 0.99911713 0.0071981006,
  -0.045670903 0.99895152 0.0031682395] }
}
}
DEF SHAPE_49 Shape {
 appearance USE APP_2
 geometry DEF FACE_49 IndexedFaceSet {
  coord DEF COORD_49 Coordinate { point [
  -1.2401575 0.39370079 0,1.2401575 0.39370079 0,
  -1.1899224 0.39370079 -0.34939274,-1.0432869 0.39370079 -0.67047975,
  -0.81213044 0.39370079 -0.93724849,-0.51518004 0.39370079 -1.1280869,
  -0.17649281 0.39370079 -1.2275345,0.17649281 0.39370079 -1.2275345,
  0.51518004 0.39370079 -1.1280869,0.81213044 0.39370079 -0.93724849,
  1.0432869 0.39370079 -0.67047975,1.1899224 0.39370079 -0.34939274,
  0 0.11811024 0,0.42535641 0.1491698 0,
  0.84167998 0.24168615 0,0 0.11811024 0,
  1.2401575 0.39370079 0,0.42535641 0.1491698 0,
  0.84167998 0.24168615 0,1.1899224 0.39370079 0.34939274,
  1.0432869 0.39370079 0.67047975,0.81213044 0.39370079 0.93724849,
  0.51518004 0.39370079 1.1280869,0.17649281 0.39370079 1.2275345,
  -0.17649281 0.39370079 1.2275345,-0.51518004 0.39370079 1.1280869,
  -0.81213044 0.39370079 0.93724849,-1.0432869 0.39370079 0.67047975,
  -1.1899224 0.39370079 0.34939274,0.62977057 0.18783809 -0.082910868,
  0.58685275 0.18783809 -0.24308237,0.50394188 0.18783809 -0.3866882,
  0.3866882 0.18783809 -0.50394188,0.24308237 0.18783809 -0.58685275,
  0.082910868 0.18783809 -0.62977057,-0.082910868 0.18783809 -0.62977057,
  -0.24308237 0.18783809 -0.58685275,-0.3866882 0.18783809 -0.50394188,
  -0.50394188 0.18783809 -0.3866882,-0.58685275 0.18783809 -0.24308237,
  -0.62977057 0.18783809 -0.082910868,-0.62977057 0.18783809 0.082910868,
  -0.58685275 0.18783809 0.24308237,-0.50394188 0.18783809 0.3866882,
  -0.3866882 0.18783809 0.50394188,-0.24308237 0.18783809 0.58685275,
  -0.082910868 0.18783809 0.62977057,0.082910868 0.18783809 0.62977057,
  0.24308237 0.18783809 0.58685275,0.3866882 0.18783809 0.50394188,
  0.50394188 0.18783809 0.3866882,0.58685275 0.18783809 0.24308237,
  0.30255387 0.1355944 -0.1027032,0.28656002 0.1355944 -0.14131576,
  0.26566305 0.1355944 -0.17751037,0.24022051 0.1355944 -0.21066773,
  0.21066773 0.1355944 -0.24022051,0.17751037 0.1355944 -0.26566305,
  0.14131576 0.1355944 -0.28656002,0.1027032 0.1355944 -0.30255387,
  0.062333354 0.1355944 -0.31337093,1.0014147 0.31042944 -0.2940419,
  0.020896969 0.1355944 -0.31882614,-0.020896969 0.1355944 -0.31882614,
  0.020896969 0.1355944 0.31882614,0.062333354 0.1355944 0.31337093,
  0.1027032 0.1355944 0.30255387,0.14131576 0.1355944 0.28656002,
  0.17751037 0.1355944 0.26566305,0.21066773 0.1355944 0.24022051,
  0.24022051 0.1355944 0.21066773,0.26566305 0.1355944 0.17751037,
  0.28656002 0.1355944 0.14131576,0.30255387 0.1355944 0.1027032,
  1.0014147 0.31042944 0.2940419,0.14973945 0.12248454 -0.056357939,
  0.14573286 0.12248454 -0.066030702,0.14110222 0.12248454 -0.07542071,
  0.13586736 0.12248454 -0.084487756,0.1300507 0.12248454 -0.093193012,
  0.12367713 0.12248454 -0.1014992,0.11677397 0.12248454 -0.10937075,
  0.10937075 0.12248454 -0.11677397,-0.22536145 0.15740063 -0.42162161,
  -0.27846611 0.15740063 -0.38859901,-0.32680614 0.15740063 -0.34892737,
  -0.36955443 0.15740063 -0.30328549,-0.31882614 0.1355944 0.020896969,
  -0.10937075 0.12248454 0.11677397,-0.098464593 0.12588528 0.18914872,
  -0.30328549 0.15740063 0.36955443,-0.2524543 0.15740063 0.40597954,
  -0.19730356 0.15740063 0.43545823,-0.13877689 0.15740063 0.45748611,
  0.11677397 0.12248454 0.10937075,0.12367713 0.12248454 0.1014992,
  0.1300507 0.12248454 0.093193012,0.13586736 0.12248454 0.084487756,
  0.14110222 0.12248454 0.07542071,0.14573286 0.12248454 0.066030702,
  0.14973945 0.12248454 0.056357939,-0.0023274797 0.12005464 -0.10666689,
  -0.0318306 0.11920402 -0.073424293,-0.11677397 0.12248454 -0.10937075,
  -0.24022051 0.1355944 -0.21066773,-0.2258216 0.12794937 -0.080800259,
  0.0318306 0.11920402 0.073424293,-0.11825475 0.12057105 -0.020519145,
  -0.073424293 0.11920402 0.0318306] }
 coordIndex [
  78,77,53,-1,78,12,77,-1,79,12,78,-1,57,56,32,-1,35,7,6,-1,104,83,84,-1,104,102,83,-1,104,85,86,-1,
  35,34,7,-1,104,84,85,-1,79,78,54,-1,104,103,102,-1,80,12,79,-1,105,86,39,-1,36,6,5,-1,105,104,86,-1,
  58,57,32,-1,105,40,87,-1,80,54,55,-1,105,103,104,-1,36,35,6,-1,105,39,40,-1,106,89,64,-1,58,32,33,-1,
  106,88,89,-1,80,79,54,-1,106,94,95,-1,106,65,66,-1,37,5,4,-1,106,68,94,-1,106,66,67,-1,106,67,68,-1,
  59,58,33,-1,106,64,65,-1,106,95,15,-1,37,36,5,-1,107,105,87,-1,81,12,80,-1,81,80,55,-1,38,4,3,-1,
  107,102,103,-1,82,81,55,-1,107,103,105,-1,108,15,12,-1,108,88,106,-1,82,12,81,-1,108,106,15,-1,108,87,88,-1,
  82,55,56,-1,60,59,33,-1,38,37,4,-1,108,12,102,-1,82,57,58,-1,108,107,87,-1,108,102,107,-1,82,58,59,-1,
  39,3,2,-1,60,33,34,-1,82,56,57,-1,83,63,35,-1,83,36,37,-1,61,10,9,-1,83,35,36,-1,61,11,10,-1,
  39,38,3,-1,61,1,11,-1,40,2,0,-1,61,14,1,-1,61,9,31,-1,61,31,30,-1,61,30,14,-1,84,83,37,-1,
  62,60,34,-1,40,39,2,-1,85,37,38,-1,85,84,37,-1,41,0,28,-1,41,40,0,-1,86,85,38,-1,63,62,34,-1,
  86,38,39,-1,63,34,35,-1,42,28,27,-1,42,41,28,-1,87,40,41,-1,64,46,47,-1,43,27,26,-1,87,41,42,-1,
  43,42,27,-1,44,26,25,-1,65,64,47,-1,44,43,26,-1,45,44,25,-1,66,47,48,-1,66,65,47,-1,45,25,24,-1,
  90,43,44,-1,46,45,24,-1,90,87,42,-1,90,89,88,-1,67,66,48,-1,90,88,87,-1,90,42,43,-1,91,90,44,-1,
  91,89,90,-1,68,67,48,-1,68,48,49,-1,91,44,45,-1,69,68,49,-1,47,24,23,-1,92,89,91,-1,47,46,24,-1,
  92,91,45,-1,70,49,50,-1,48,47,23,-1,93,64,89,-1,93,89,92,-1,93,92,45,-1,93,46,64,-1,70,69,49,-1,
  93,45,46,-1,48,23,22,-1,49,48,22,-1,29,13,14,-1,94,68,69,-1,71,70,50,-1,72,50,51,-1,49,22,21,-1,
  94,69,70,-1,72,71,50,-1,50,49,21,-1,73,51,17,-1,95,94,70,-1,73,72,51,-1,30,29,14,-1,74,16,18,-1,
  74,50,21,-1,51,18,17,-1,74,19,16,-1,74,51,50,-1,74,20,19,-1,96,95,70,-1,74,21,20,-1,96,70,71,-1,
  74,18,51,-1,52,13,29,-1,96,15,95,-1,75,12,13,-1,97,96,71,-1,52,29,30,-1,97,15,96,-1,53,52,30,-1,
  75,13,52,-1,98,97,71,-1,98,15,97,-1,76,52,53,-1,98,71,72,-1,99,15,98,-1,99,98,72,-1,76,75,52,-1,
  54,53,30,-1,32,9,8,-1,54,30,31,-1,76,12,75,-1,32,31,9,-1,100,17,15,-1,100,15,99,-1,100,99,72,-1,
  100,73,17,-1,100,72,73,-1,101,12,82,-1,101,82,59,-1,55,54,31,-1,33,8,7,-1,101,62,63,-1,33,32,8,-1,
  101,60,62,-1,101,59,60,-1,77,12,76,-1,77,76,53,-1,78,53,54,-1,56,55,31,-1,102,101,63,-1,56,31,32,-1,
  102,12,101,-1,102,63,83,-1,34,33,7,-1]
  normalPerVertex TRUE
  normal DEF NORM_49 Normal { vector [
  0.32416996 0.94599886 0,-0.36885001 0.92877367 0.036457478,
  0.31140329 0.94601638 0.089894417,0.27412443 0.94606888 0.17265418,
  0.21531388 0.94615623 0.2417195,0.13966962 0.94627818 0.29163334,
  0.053226149 0.94643438 0.31847911,-0.044721738 0.94646854 0.31968306,
  -0.13966962 0.94627818 0.29163334,-0.22929268 0.9469425 0.22522162,
  -0.27705285 0.94421371 0.17805106,-0.37443326 0.92071285 0.10994353,
  -0.037758246 0.99849149 -0.039862967,-0.14681259 0.98849271 -0.036444848,
  -0.30127065 0.9528159 0.03711946,-0.047238889 0.99723557 0.057355997,
  -0.36885001 0.92877367 -0.036457478,-0.17095343 0.98527632 -0.0023425444,
  -0.28738644 0.95706094 -0.037992007,-0.37443326 0.92071285 -0.10994353,
  -0.27705285 0.94421371 -0.17805106,-0.22929268 0.9469425 -0.22522162,
  -0.13966962 0.94627818 -0.29163334,-0.053226149 0.94643438 -0.31847911,
  0.044721738 0.94646854 -0.31968306,0.13966962 0.94627818 -0.29163334,
  0.21531388 0.94615623 -0.2417195,0.27412443 0.94606888 -0.17265418,
  0.31140329 0.94601638 -0.089894417,-0.19754178 0.97998449 0.024650276,
  -0.22601254 0.97032007 0.086007489,-0.23277213 0.9557375 0.1799527,
  -0.16558809 0.9579724 0.23424234,-0.096460784 0.95795335 0.27022342,
  -0.033405625 0.96498738 0.26016036,0.020276387 0.9581678 0.2854879,
  0.10318057 0.95119936 0.29081532,0.17588281 0.95232298 0.24929135,
  0.23771084 0.95179546 0.19385293,0.25931178 0.95968597 0.10844463,
  0.27573684 0.96036322 0.040886115,0.28953345 0.95634275 -0.039735833,
  0.25177643 0.96153139 -0.10984544,0.23762288 0.95190179 -0.19343822,
  0.17702393 0.95167372 -0.2509575,0.10263628 0.95230143 -0.28738089,
  0.029970664 0.96279221 -0.26857571,-0.021189417 0.95794627 -0.28616422,
  -0.097396768 0.95796671 -0.26984005,-0.16639186 0.95798278 -0.2336295,
  -0.23332847 0.95573803 -0.17922793,-0.22299299 0.97232349 -0.069721951,
  -0.14240239 0.98907265 0.038168732,-0.11872204 0.99118622 0.05877883,
  -0.12837238 0.98859426 0.078752297,-0.0994636 0.99118622 0.087503513,
  -0.1054474 0.98821973 0.11091717,-0.075571309 0.99070544 0.11310046,
  -0.072704535 0.98836261 0.13361659,-0.033008476 0.99380962 0.10607963,
  -0.034555834 0.98901452 0.14372258,-0.29462346 0.94544129 0.13906037,
  -0.008334816 0.99184659 0.12716472,0.028410929 0.99102198 0.13064554,
  0.0021499369 0.99118737 -0.13244987,-0.023917074 0.9924568 -0.12023925,
  -0.041307043 0.98935698 -0.13952235,-0.054386925 0.99241076 -0.11028577,
  -0.070029741 0.98999363 -0.122509,-0.089940795 0.99065259 -0.10255782,
  -0.10929409 0.98859426 -0.1036156,-0.11026498 0.99118622 -0.073426884,
  -0.13238768 0.98859426 -0.071797595,-0.13295362 0.9904887 -0.03543271,
  -0.29462346 0.94544129 -0.13906037,-0.079565471 0.99470463 -0.065054099,
  -0.062854405 0.99765727 0.027005383,-0.048213925 0.99850452 0.02577088,
  -0.058791767 0.99765727 0.034978494,-0.044437674 0.99850452 0.031843587,
  -0.053723186 0.99765727 0.042353114,-0.039901081 0.99850452 0.037371441,
  -0.029841353 0.99790934 0.057327456,0.048342388 0.99039903 0.12950974,
  0.092807929 0.98722489 0.12951332,0.12202919 0.98441719 0.12661626,
  0.14551043 0.98739516 0.062269701,0.12709676 0.99135683 -0.032527602,
  0.076060741 0.99572109 -0.052481167,0.039441056 0.99526591 -0.088826686,
  0.11801278 0.989758 -0.080324824,0.083695583 0.98681178 -0.13855523,
  0.059954469 0.98939186 -0.13232233,0.029363176 0.98838493 -0.14910743,
  -0.032861926 0.99713155 -0.068181902,-0.041093454 0.99898 -0.018715814,
  -0.05481455 0.99765727 -0.04093082,-0.046425199 0.99850452 -0.028869044,
  -0.059688148 0.99765727 -0.033425917,-0.049796192 0.99850452 -0.022562361,
  -0.079172083 0.99542345 0.053515813,-0.0071808564 0.99819915 0.059555714,
  0.035991092 0.99657885 0.074399154,0.043032337 0.99775937 0.051229474,
  0.053432792 0.99447939 0.090308802,0.13121236 0.9905951 0.038790024,
  -0.0097426755 0.99837332 -0.056176517,0.055734956 0.99844402 -0.0017775978,
  0.042510097 0.99897957 -0.015254577] }
}
}
DEF SHAPE_50 Shape {
 appearance USE APP_2
 geometry DEF FACE_50 IndexedFaceSet {
  coord DEF COORD_50 Coordinate { point [
  1.2447387 0.35241526 0,-1.2447387 0.35241526 0,
  1.1943181 0.35241526 0.35068342,1.0471408 0.35241526 0.67295656,
  0.81513051 0.35241526 0.94071076,0.51708315 0.35241526 1.1322542,
  0.17714479 0.35241526 1.2320691,-0.17714479 0.35241526 1.2320691,
  -0.51708315 0.35241526 1.1322542,-0.81513051 0.35241526 0.94071076,
  -1.0471408 0.35241526 0.67295656,-1.1943181 0.35241526 0.35068342,
  0 0.078740157 0,-0.42667679 0.10957485 0,
  -0.84447782 0.20143489 0,0 0.078740157 0,
  -1.2447387 0.35241526 0,-0.42667679 0.10957485 0,
  -0.84447782 0.20143489 0,-1.1943181 0.35241526 -0.35068342,
  -1.0471408 0.35241526 -0.67295656,-0.81513051 0.35241526 -0.94071076,
  -0.51708315 0.35241526 -1.1322542,-0.17714479 0.35241526 -1.2320691,
  0.17714479 0.35241526 -1.2320691,0.51708315 0.35241526 -1.1322542,
  0.81513051 0.35241526 -0.94071076,1.0471408 0.35241526 -0.67295656,
  1.1943181 0.35241526 -0.35068342,-0.63178312 0.14796639 0.083175826,
  -0.58872815 0.14796639 0.24385918,-0.50555232 0.14796639 0.38792394,
  -0.38792394 0.14796639 0.50555232,-0.24385918 0.14796639 0.58872815,
  -0.083175826 0.14796639 0.63178312,0.083175826 0.14796639 0.63178312,
  0.24385918 0.14796639 0.58872815,0.38792394 0.14796639 0.50555232,
  0.50555232 0.14796639 0.38792394,0.58872815 0.14796639 0.24385918,
  0.63178312 0.14796639 0.083175826,0.63178312 0.14796639 -0.083175826,
  0.58872815 0.14796639 -0.24385918,0.50555232 0.14796639 -0.38792394,
  0.38792394 0.14796639 -0.50555232,0.24385918 0.14796639 -0.58872815,
  0.083175826 0.14796639 -0.63178312,-0.083175826 0.14796639 -0.63178312,
  -0.24385918 0.14796639 -0.58872815,-0.38792394 0.14796639 -0.50555232,
  -0.50555232 0.14796639 -0.38792394,-0.58872815 0.14796639 -0.24385918,
  -0.3034835 0.096097478 0.10301877,-0.28744051 0.096097478 0.14174997,
  -0.26647933 0.096097478 0.1780558,-0.24095862 0.096097478 0.21131504,
  -0.21131504 0.096097478 0.24095862,-0.1780558 0.096097478 0.26647933,
  -0.14174997 0.096097478 0.28744051,-0.10301877 0.096097478 0.3034835,
  -0.062524881 0.096097478 0.3143338,-1.0049095 0.26970356 0.29506806,
  -0.020961178 0.096097478 0.31980577,0.020961178 0.096097478 0.31980577,
  -0.020961178 0.096097478 -0.31980577,-0.062524881 0.096097478 -0.3143338,
  -0.10301877 0.096097478 -0.3034835,-0.14174997 0.096097478 -0.28744051,
  -0.1780558 0.096097478 -0.26647933,-0.21131504 0.096097478 -0.24095862,
  -0.24095862 0.096097478 -0.21131504,-0.26647933 0.096097478 -0.1780558,
  -0.28744051 0.096097478 -0.14174997,-0.3034835 0.096097478 -0.10301877,
  -1.0049095 0.26970356 -0.29506806,-0.15019495 0.083082665 0.056529378,
  -0.14617618 0.083082665 0.066231564,-0.14153145 0.083082665 0.075650136,
  -0.13628066 0.083082665 0.084744763,-0.1304463 0.083082665 0.0934765,
  -0.12405335 0.083082665 0.10180796,-0.11712919 0.083082665 0.10970346,
  -0.10970346 0.083082665 0.11712919,0.22606544 0.11774651 0.42293869,
  0.27933599 0.11774651 0.38981293,0.32782703 0.11774651 0.35001736,
  0.37070886 0.11774651 0.3042329,0.31980577 0.096097478 -0.020961178,
  0.10970346 0.083082665 -0.11712919,0.0987649 0.086458706 -0.18972561,
  0.3042329 0.11774651 -0.37070886,0.25324293 0.11774651 -0.40724776,
  0.1979199 0.11774651 -0.43681853,0.13921041 0.11774651 -0.45891522,
  -0.11712919 0.083082665 -0.10970346,-0.12405335 0.083082665 -0.10180796,
  -0.1304463 0.083082665 -0.0934765,-0.13628066 0.083082665 -0.084744763,
  -0.14153145 0.083082665 -0.075650136,-0.14617618 0.083082665 -0.066231564,
  -0.15019495 0.083082665 -0.056529378,0.0023345466 0.080670422 0.10699076,
  0.031927183 0.079825983 0.073647084,0.11712919 0.083082665 0.10970346,
  0.24095862 0.096097478 0.21131504,0.22651142 0.08850782 0.081047082,
  -0.031927183 0.079825983 -0.073647084,0.11861395 0.081183079 0.020581472,
  0.073647084 0.079825983 -0.031927183] }
 coordIndex [
  78,53,77,-1,78,77,12,-1,79,78,12,-1,57,32,56,-1,35,6,7,-1,104,84,83,-1,104,83,102,-1,104,86,85,-1,
  35,7,34,-1,104,85,84,-1,79,54,78,-1,104,102,103,-1,80,79,12,-1,105,39,86,-1,36,5,6,-1,105,86,104,-1,
  58,32,57,-1,105,87,40,-1,80,55,54,-1,105,104,103,-1,36,6,35,-1,105,40,39,-1,106,64,89,-1,58,33,32,-1,
  106,89,88,-1,80,54,79,-1,106,95,94,-1,106,66,65,-1,37,4,5,-1,106,94,68,-1,106,67,66,-1,106,68,67,-1,
  59,33,58,-1,106,65,64,-1,106,15,95,-1,37,5,36,-1,107,87,105,-1,81,80,12,-1,81,55,80,-1,38,3,4,-1,
  107,103,102,-1,82,55,81,-1,107,105,103,-1,108,12,15,-1,108,106,88,-1,82,81,12,-1,108,15,106,-1,108,88,87,-1,
  82,56,55,-1,60,33,59,-1,38,4,37,-1,108,102,12,-1,82,58,57,-1,108,87,107,-1,108,107,102,-1,82,59,58,-1,
  39,2,3,-1,60,34,33,-1,82,57,56,-1,83,35,63,-1,83,37,36,-1,61,9,10,-1,83,36,35,-1,61,10,11,-1,
  39,3,38,-1,61,11,1,-1,40,0,2,-1,61,1,14,-1,61,31,9,-1,61,30,31,-1,61,14,30,-1,84,37,83,-1,
  62,34,60,-1,40,2,39,-1,85,38,37,-1,85,37,84,-1,41,28,0,-1,41,0,40,-1,86,38,85,-1,63,34,62,-1,
  86,39,38,-1,63,35,34,-1,42,27,28,-1,42,28,41,-1,87,41,40,-1,64,47,46,-1,43,26,27,-1,87,42,41,-1,
  43,27,42,-1,44,25,26,-1,65,47,64,-1,44,26,43,-1,45,25,44,-1,66,48,47,-1,66,47,65,-1,45,24,25,-1,
  90,44,43,-1,46,24,45,-1,90,42,87,-1,90,88,89,-1,67,48,66,-1,90,87,88,-1,90,43,42,-1,91,44,90,-1,
  91,90,89,-1,68,48,67,-1,68,49,48,-1,91,45,44,-1,69,49,68,-1,47,23,24,-1,92,91,89,-1,47,24,46,-1,
  92,45,91,-1,70,50,49,-1,48,23,47,-1,93,89,64,-1,93,92,89,-1,93,45,92,-1,93,64,46,-1,70,49,69,-1,
  93,46,45,-1,48,22,23,-1,49,22,48,-1,29,14,13,-1,94,69,68,-1,71,50,70,-1,72,51,50,-1,49,21,22,-1,
  94,70,69,-1,72,50,71,-1,50,21,49,-1,73,17,51,-1,95,70,94,-1,73,51,72,-1,30,14,29,-1,74,18,16,-1,
  74,21,50,-1,51,17,18,-1,74,16,19,-1,74,50,51,-1,74,19,20,-1,96,70,95,-1,74,20,21,-1,96,71,70,-1,
  74,51,18,-1,52,29,13,-1,96,95,15,-1,75,13,12,-1,97,71,96,-1,52,30,29,-1,97,96,15,-1,53,30,52,-1,
  75,52,13,-1,98,71,97,-1,98,97,15,-1,76,53,52,-1,98,72,71,-1,99,98,15,-1,99,72,98,-1,76,52,75,-1,
  54,30,53,-1,32,8,9,-1,54,31,30,-1,76,75,12,-1,32,9,31,-1,100,15,17,-1,100,99,15,-1,100,72,99,-1,
  100,17,73,-1,100,73,72,-1,101,82,12,-1,101,59,82,-1,55,31,54,-1,33,7,8,-1,101,63,62,-1,33,8,32,-1,
  101,62,60,-1,101,60,59,-1,77,76,12,-1,77,53,76,-1,78,54,53,-1,56,31,55,-1,102,63,101,-1,56,32,31,-1,
  102,101,12,-1,102,83,63,-1,34,7,33,-1]
  normalPerVertex TRUE
  normal DEF NORM_50 Normal { vector [
  0.32096044 -0.9470926 0,-0.36524545 -0.93021033 0.036117911,
  0.30831993 -0.94710978 0.089004939,0.2714095 -0.94716128 0.1709456,
  0.21318033 -0.94724694 0.23932694,0.13828414 -0.94736652 0.28874585,
  0.052695965 -0.9475197 0.31532451,-0.044279079 -0.94755321 0.31651585,
  -0.13828414 -0.94736652 0.28874585,-0.22702174 -0.94801932 0.22298095,
  -0.27427632 -0.94535843 0.17626669,-0.37079097 -0.92231258 0.10887405,
  -0.037371285 -0.99852229 -0.039453957,-0.14531958 -0.98872725 -0.036064381,
  -0.29827693 -0.95377135 0.036757013,-0.04675562 -0.99729196 0.056768421,
  -0.36524545 -0.93021033 -0.036117911,-0.16921638 -0.98557618 -0.0023265695,
  -0.28452366 -0.95793066 -0.037618233,-0.37079097 -0.92231258 -0.10887405,
  -0.27427632 -0.94535843 -0.17626669,-0.22702174 -0.94801932 -0.22298095,
  -0.13828414 -0.94736652 -0.28874585,-0.052695965 -0.9475197 -0.31532451,
  0.044279079 -0.94755321 -0.31651585,0.13828414 -0.94736652 -0.28874585,
  0.21318033 -0.94724694 -0.23932694,0.2714095 -0.94716128 -0.1709456,
  0.30831993 -0.94710978 -0.089004939,-0.19554006 -0.98039202 0.024404332,
  -0.22374101 -0.97092322 0.085135562,-0.23047261 -0.95663043 0.17815889,
  -0.16393664 -0.95882315 0.23191151,-0.095496415 -0.95880449 0.26753388,
  -0.033070806 -0.96569873 0.25755054,0.020069811 -0.95901463 0.28264491,
  0.10215225 -0.9521876 0.28793002,0.17413367 -0.9532882 0.2468179,
  0.23534944 -0.95277148 0.19193009,0.25672566 -0.96050204 0.10736749,
  0.27298827 -0.96116545 0.040476866,0.28665173 -0.95722677 -0.039340827,
  0.24926379 -0.96231016 -0.10875068,0.23526129 -0.95287599 -0.19151885,
  0.17526386 -0.95265217 -0.24846815,0.10161285 -0.9532671 -0.28452884,
  0.029672777 -0.96354795 -0.26588508,-0.0209728 -0.95879758 -0.28331491,
  -0.096422488 -0.9588176 -0.26715448,-0.16473189 -0.95883333 -0.2313051,
  -0.23102313 -0.95663094 -0.17744171,-0.22074623 -0.97288632 -0.06901669,
  -0.14095062 -0.98929554 0.037779066,-0.1175094 -0.99136613 0.05817844,
  -0.12706449 -0.98882682 0.07794954,-0.09844768 -0.99136613 0.08660973,
  -0.10437329 -0.98845994 0.10978687,-0.074799554 -0.99089517 0.11194544,
  -0.071963996 -0.98859992 0.13225495,-0.032671166 -0.99393599 0.1049945,
  -0.034203937 -0.98923853 0.14225761,-0.29170425 -0.94654866 0.13767446,
  -0.008249635 -0.99201306 0.12586511,0.02811915 -0.99120517 0.12931213,
  0.0021286805 -0.99136712 -0.13109808,-0.023672542 -0.99261083 -0.11900991,
  -0.040885644 -0.98957401 -0.13810013,-0.053830887 -0.99256572 -0.10915824,
  -0.069316245 -0.99019762 -0.12125975,-0.089022341 -0.9908434 -0.10151052,
  -0.10818018 -0.98882682 -0.10256005,-0.10913871 -0.99136613 -0.072676909,
  -0.13103853 -0.98882682 -0.071066309,-0.1315966 -0.9906828 -0.035070305,
  -0.29170425 -0.94654866 -0.13767446,-0.078753261 -0.99481269 -0.064386648,
  -0.062209697 -0.99770514 0.026728364,-0.047718991 -0.99853509 0.025506332,
  -0.058188733 -0.99770514 0.034619694,-0.043981504 -0.99853509 0.0315167,
  -0.053172144 -0.99770514 0.041918671,-0.039491482 -0.99853509 0.036987809,
  -0.029535359 -0.99795207 0.05673919,0.047849963 -0.99059484 0.12818828,
  0.091862061 -0.98748561 0.12819336,0.12078901 -0.98473478 0.12532927,
  0.14402601 -0.98765231 0.061639472,0.12579826 -0.99153328 -0.032195686,
  0.075282276 -0.99580844 -0.051943484,0.039036951 -0.99536261 -0.087916965,
  0.11680806 -0.98996702 -0.079505895,0.082843486 -0.98708067 -0.13714488,
  0.059342718 -0.98960837 -0.13097217,0.029065067 -0.98862185 -0.14758744,
  -0.032525595 -0.99719017 -0.067482238,-0.040671464 -0.99900085 -0.018523878,
  -0.054252291 -0.99770514 -0.040510996,-0.045948627 -0.99853509 -0.028572693,
  -0.059075901 -0.99770514 -0.033083074,-0.049285015 -0.99853509 -0.02233075,
  -0.078362681 -0.99551691 0.052965731,-0.0071072834 -0.99823596 0.058944518,
  0.035622336 -0.99664872 0.073636792,0.042591198 -0.99780516 0.050703493,
  0.05288713 -0.99459219 0.08938302,0.12987305 -0.99078696 0.038395105,
  -0.0096427316 -0.99840656 -0.055599948,0.055162864 -0.99847582 -0.0017590946,
  0.04207368 -0.99900043 -0.015097994] }
}
}
DEF SHAPE_51 Shape {
 appearance USE APP_2
 geometry DEF FACE_51 IndexedFaceSet {
  coord DEF COORD_51 Coordinate { point [
  1.8256922 0.10099622 0,-1.8256922 0.10099622 0,
  1.7517388 0.10099622 0.51435692,1.53587 0.10099622 0.9870437,
  1.1955741 0.10099622 1.3797661,0.75841993 0.10099622 1.660708,
  0.25982308 0.10099622 1.8071092,-0.25982308 0.10099622 1.8071092,
  -0.75841993 0.10099622 1.660708,-1.1955741 0.10099622 1.3797661,
  -1.53587 0.10099622 0.9870437,-1.7517388 0.10099622 0.51435692,
  1.2447387 0.35241526 0,1.4485361 0.29348679 0,
  1.6432319 0.20922835 0,-1.2447387 0.35241526 0,
  1.1943181 0.35241526 0.35068342,1.0471408 0.35241526 0.67295656,
  0.81513051 0.35241526 0.94071076,0.51708315 0.35241526 1.1322542,
  0.17714479 0.35241526 1.2320691,-0.17714479 0.35241526 1.2320691,
  -0.51708315 0.35241526 1.1322542,-0.81513051 0.35241526 0.94071076,
  -1.0471408 0.35241526 0.67295656,-1.1943181 0.35241526 0.35068342,
  -1.4485361 0.29348679 0,-1.6432319 0.20922835 0,
  1.4064443 0.29348679 0.34665738,1.5954826 0.20922835 0.39325113,
  1.282615 0.29348679 0.67316829,1.4550096 0.20922835 0.76364794,
  1.0842448 0.29348679 0.96055711,1.2299767 0.20922835 1.0896643,
  0.82286229 0.29348679 1.1921218,0.93346211 0.20922835 1.3523533,
  0.51365798 0.29348679 1.3544048,0.58269806 0.20922835 1.5364485,
  0.17460173 0.29348679 1.4379746,0.19806972 0.20922835 1.6312509,
  -0.17460173 0.29348679 1.4379746,-0.19806972 0.20922835 1.6312509,
  -0.51365798 0.29348679 1.3544048,-0.58269806 0.20922835 1.5364485,
  -0.82286229 0.29348679 1.1921218,-0.93346211 0.20922835 1.3523533,
  -1.0842448 0.29348679 0.96055711,-1.2299767 0.20922835 1.0896643,
  -1.282615 0.29348679 0.67316829,-1.4550096 0.20922835 0.76364794,
  -1.4064443 0.29348679 0.34665738,-1.5954826 0.20922835 0.39325113] }
 coordIndex [
  35,32,33,-1,35,33,4,-1,35,34,32,-1,36,20,19,-1,36,19,34,-1,37,5,6,-1,37,35,5,-1,37,36,34,-1,
  37,34,35,-1,38,20,36,-1,39,37,6,-1,39,36,37,-1,39,38,36,-1,40,21,20,-1,40,20,38,-1,41,6,7,-1,
  41,39,6,-1,41,38,39,-1,41,40,38,-1,42,22,21,-1,42,21,40,-1,43,7,8,-1,43,41,7,-1,43,40,41,-1,
  43,42,40,-1,44,23,22,-1,44,22,42,-1,45,42,43,-1,45,8,9,-1,45,44,42,-1,45,43,8,-1,46,23,44,-1,
  46,24,23,-1,47,45,9,-1,47,9,10,-1,47,44,45,-1,47,46,44,-1,48,24,46,-1,48,25,24,-1,49,46,47,-1,
  49,47,10,-1,49,48,46,-1,49,10,11,-1,50,25,48,-1,50,15,25,-1,50,26,15,-1,51,11,1,-1,51,48,49,-1,
  51,50,48,-1,51,49,11,-1,51,26,50,-1,51,27,26,-1,51,1,27,-1,28,12,13,-1,28,16,12,-1,29,0,2,-1,
  29,13,14,-1,29,14,0,-1,29,28,13,-1,30,17,16,-1,30,16,28,-1,31,2,3,-1,31,28,29,-1,31,30,28,-1,
  31,29,2,-1,32,18,17,-1,32,17,30,-1,33,3,4,-1,33,30,31,-1,33,32,30,-1,33,31,3,-1,34,19,18,-1,
  34,18,32,-1,35,4,5,-1]
  normalPerVertex TRUE
  normal DEF NORM_51 Normal { vector [
  -0.51939192 -0.85169328 -0.069646137,0.51939192 -0.85169328 -0.069646137,
  -0.49929136 -0.85185598 -0.1582704,-0.44119667 -0.84950549 -0.28928519,
  -0.34721072 -0.84902928 -0.39823861,-0.2258102 -0.85045176 -0.47512267,
  -0.069175292 -0.85382582 -0.51594209,0.088243175 -0.85370037 -0.51323369,
  0.2258102 -0.85045176 -0.47512267,0.34721072 -0.84902928 -0.39823861,
  0.44119667 -0.84950549 -0.28928519,0.49929136 -0.85185598 -0.1582704,
  -0.27277378 -0.96139739 -0.036187445,-0.3593659 -0.93217603 -0.04363492,
  -0.45389936 -0.88934689 -0.05511336,0.27277378 -0.96139739 -0.036187445,
  -0.25895267 -0.96229318 -0.083278761,-0.22595728 -0.96271538 -0.148736,
  -0.17770005 -0.96279898 -0.20357018,-0.11710734 -0.96254735 -0.2445168,
  -0.035894702 -0.96202236 -0.27060035,0.047745125 -0.96195027 -0.26902061,
  0.11710734 -0.96254735 -0.2445168,0.17770005 -0.96279898 -0.20357018,
  0.22595728 -0.96271538 -0.148736,0.25895267 -0.96229318 -0.083278761,
  0.3593659 -0.93217603 -0.04363492,0.45389936 -0.88934689 -0.05511336,
  -0.32808412 -0.94078592 -0.085338487,-0.45083689 -0.88775849 -0.092903007,
  -0.29805151 -0.94041909 -0.16363748,-0.41214176 -0.88849243 -0.20179289,
  -0.24918968 -0.94025109 -0.23201807,-0.34829677 -0.88882164 -0.29780105,
  -0.18466587 -0.94028437 -0.28594373,-0.2630865 -0.88875094 -0.37537615,
  -0.10873522 -0.94051833 -0.32187253,-0.16146664 -0.88827909 -0.42998695,
  -0.031732964 -0.93626441 -0.34985993,-0.06226613 -0.89565706 -0.44036504,
  0.044078386 -0.94104232 -0.33540491,0.035571301 -0.88723652 -0.45994135,
  0.1254141 -0.94057792 -0.31557007,0.14857892 -0.8881766 -0.43481794,
  0.19937082 -0.94031002 -0.27580491,0.2517749 -0.88870718 -0.38315656,
  0.26103589 -0.94024254 -0.21864179,0.33920289 -0.88883621 -0.30807724,
  0.30633261 -0.94037642 -0.14782597,0.40578858 -0.88856548 -0.21397901,
  0.31749415 -0.94548474 -0.072498785,0.44139348 -0.89182845 -0.099064674] }
}
}
DEF SHAPE_52 Shape {
 appearance USE APP_2
 geometry DEF FACE_52 IndexedFaceSet {
  coord DEF COORD_52 Coordinate { point [
  -1.9143951 0.10094833 0,-1.8256922 0.10099622 0,
  -1.8932446 0.090778201 0,-1.8700362 0.087293321 0,
  -1.8468316 0.09080326 0,1.9143951 0.10094833 0,
  -1.8368486 0.10094833 -0.53934742,-1.6104916 0.10094833 -1.0350001,
  -1.2536622 0.10094833 -1.4468033,-0.79526845 0.10094833 -1.741395,
  -0.27244682 0.10094833 -1.8949093,0.27244682 0.10094833 -1.8949093,
  0.79526845 0.10094833 -1.741395,1.2536622 0.10094833 -1.4468033,
  1.6104916 0.10094833 -1.0350001,1.8368486 0.10094833 -0.53934742,
  1.8256922 0.10099622 0,1.8932446 0.090778201 0,
  1.8700362 0.087293321 0,1.8468316 0.09080326 0,
  -1.7517388 0.10099622 -0.51435692,-1.53587 0.10099622 -0.9870437,
  -1.1955741 0.10099622 -1.3797661,-0.75841993 0.10099622 -1.660708,
  -0.25982308 0.10099622 -1.8071092,0.25982308 0.10099622 -1.8071092,
  0.75841993 0.10099622 -1.660708,1.1955741 0.10099622 -1.3797661,
  1.53587 0.10099622 -0.9870437,1.7517388 0.10099622 -0.51435692,
  -1.8165549 0.090778201 -0.53338864,-1.7942866 0.087293321 -0.52685009,
  -1.772022 0.09080326 -0.5203126,-1.5926987 0.090778201 -1.0235653,
  -1.5731746 0.087293321 -1.0110179,-1.5536536 0.09080326 -0.99847256,
  -1.2398116 0.090778201 -1.4308188,-1.2246133 0.087293321 -1.4132791,
  -1.2094175 0.09080326 -1.3957422,-0.78648223 0.090778201 -1.7221559,
  -0.77684112 0.087293321 -1.7010448,-0.76720158 0.09080326 -1.6799371,
  -0.2694368 0.090778201 -1.8739741,-0.2661339 0.087293321 -1.851002,
  -0.26283154 0.09080326 -1.8280335,0.2694368 0.090778201 -1.8739741,
  0.2661339 0.087293321 -1.851002,0.26283154 0.09080326 -1.8280335,
  0.78648223 0.090778201 -1.7221559,0.77684112 0.087293321 -1.7010448,
  0.76720158 0.09080326 -1.6799371,1.2398116 0.090778201 -1.4308188,
  1.2246133 0.087293321 -1.4132791,1.2094175 0.09080326 -1.3957422,
  1.5926987 0.090778201 -1.0235653,1.5731746 0.087293321 -1.0110179,
  1.5536536 0.09080326 -0.99847256,1.8165549 0.090778201 -0.53338864,
  1.7942866 0.087293321 -0.52685009,1.772022 0.09080326 -0.5203126] }
 coordIndex [
  37,33,36,-1,37,34,33,-1,38,22,21,-1,38,34,37,-1,38,35,34,-1,38,21,35,-1,39,8,9,-1,39,36,8,-1,
  40,37,36,-1,40,36,39,-1,41,23,22,-1,41,38,37,-1,41,22,38,-1,41,37,40,-1,42,9,10,-1,42,39,9,-1,
  43,40,39,-1,43,39,42,-1,44,24,23,-1,44,41,40,-1,44,23,41,-1,44,40,43,-1,45,10,11,-1,45,42,10,-1,
  46,42,45,-1,46,43,42,-1,47,44,43,-1,47,43,46,-1,47,25,24,-1,47,24,44,-1,48,11,12,-1,48,45,11,-1,
  49,45,48,-1,49,46,45,-1,50,25,47,-1,50,46,49,-1,50,26,25,-1,50,47,46,-1,51,12,13,-1,51,48,12,-1,
  52,49,48,-1,52,48,51,-1,53,50,49,-1,53,26,50,-1,53,49,52,-1,53,27,26,-1,54,13,14,-1,54,51,13,-1,
  55,52,51,-1,55,51,54,-1,56,53,52,-1,56,27,53,-1,56,28,27,-1,56,52,55,-1,57,14,15,-1,57,15,5,-1,
  57,5,17,-1,57,54,14,-1,58,17,18,-1,30,2,0,-1,58,55,54,-1,30,0,6,-1,58,54,57,-1,58,57,17,-1,
  59,18,19,-1,59,19,16,-1,31,3,2,-1,59,29,28,-1,59,16,29,-1,59,28,56,-1,31,2,30,-1,59,56,55,-1,
  59,58,18,-1,59,55,58,-1,32,4,3,-1,32,1,4,-1,32,20,1,-1,32,3,31,-1,33,6,7,-1,33,30,6,-1,
  34,31,30,-1,34,30,33,-1,35,21,20,-1,35,20,32,-1,35,31,34,-1,35,32,31,-1,36,7,8,-1,36,33,7,-1]
  normalPerVertex TRUE
  normal DEF NORM_52 Normal { vector [
  -0.43251229 -0.89948098 -0.062185879,0.43347954 -0.89900561 0.062324949,
  -0.24612802 -0.96859109 -0.035387867,0.050294995 -0.99870823 0.0072313286,
  0.29497274 -0.95456399 0.042410677,0.43251229 -0.89948098 -0.062185879,
  -0.40990215 -0.90103378 -0.14183917,-0.35333752 -0.90103378 -0.25157647,
  -0.26814759 -0.90103378 -0.34093254,-0.16123393 -0.90103378 -0.40266828,
  -0.041258059 -0.90103378 -0.43178223,0.082060294 -0.90103378 -0.42591576,
  0.19873061 -0.90103378 -0.38554412,0.29930096 -0.90103378 -0.31393799,
  0.37562372 -0.90103378 -0.21689847,0.41579724 -0.90122523 -0.12208909,
  -0.43347954 -0.89900561 0.062324949,0.24612802 -0.96859109 -0.035387867,
  -0.050294995 -0.99870823 0.0072313286,-0.29497274 -0.95456399 0.042410677,
  0.41073091 -0.90055867 0.14245771,0.35395845 -0.90055867 0.25240344,
  0.26851038 -0.90055867 0.34190094,0.16130919 -0.90055867 0.40369967,
  0.041039698 -0.90055867 0.43279304,-0.082554589 -0.90055867 0.4268241,
  -0.19946079 -0.90055867 0.38627641,-0.30020787 -0.90055867 0.3144349,
  -0.37663389 -0.90055867 0.21711975,-0.41673074 -0.90075676 0.12236318,
  -0.28481241 -0.95554467 -0.076264452,-0.0021148906 -0.99997391 0.0069062707,
  0.28666249 -0.95550688 0.069507012,-0.25178933 -0.95554467 -0.15341613,
  -0.0039749439 -0.99997391 0.0060306847,0.25546826 -0.95550688 0.14745365,
  -0.19836777 -0.95554467 -0.21813895,-0.005512971 -0.99997391 0.0046665285,
  0.20357751 -0.95550688 0.21345446,-0.12887564 -0.95554467 -0.26518945,
  -0.0066043699 -0.99997391 0.0029243179,0.13519412 -0.95550688 0.26216247,
  -0.048942766 -0.95554467 -0.29075588,-0.0071607221 -0.99997391 0.00094519641,
  0.055858102 -0.95550688 0.28963163,0.034955157 -0.95554467 -0.29276699,
  -0.0071369551 -0.99997391 -0.0011104992,-0.028003204 -0.95550688 0.29363656,
  0.11602122 -0.95554467 -0.27105987,-0.0065349945 -0.99997391 -0.0030762288,
  -0.10959586 -0.95550688 0.2738528,0.18768794 -0.95554467 -0.22739308,
  -0.0054036075 -0.99997391 -0.0047927406,-0.18230971 -0.95550688 0.23188312,
  0.24414929 -0.95554467 -0.16530426,-0.0038344524 -0.99997391 -0.0061209731,
  -0.24025391 -0.95550688 0.17112765,0.32827866 -0.93964985 -0.096391312,
  0.048018734 -0.99874692 -0.014099573,-0.28244994 -0.95569025 0.082934786] }
}
}
DEF SHAPE_53 Shape {
 appearance USE APP_2
 geometry DEF FACE_53 IndexedFaceSet {
  coord DEF COORD_53 Coordinate { point [
  2.7218578 0.35433071 0,-2.7218578 0.35433071 0,
  2.6941532 0.35433071 0.38736075,2.6116034 0.35433071 0.76683595,
  2.4758889 0.35433071 1.1307006,2.2897725 0.35433071 1.4715474,
  2.0570428 0.35433071 1.7824378,1.7824378 0.35433071 2.0570428,
  1.4715474 0.35433071 2.2897725,1.1307006 0.35433071 2.4758889,
  0.76683595 0.35433071 2.6116034,0.38736075 0.35433071 2.6941532,
  0 0.35433071 2.7218578,-0.38736075 0.35433071 2.6941532,
  -0.76683595 0.35433071 2.6116034,-1.1307006 0.35433071 2.4758889,
  -1.4715474 0.35433071 2.2897725,-1.7824378 0.35433071 2.0570428,
  -2.0570428 0.35433071 1.7824378,-2.2897725 0.35433071 1.4715474,
  -2.4758889 0.35433071 1.1307006,-2.6116034 0.35433071 0.76683595,
  -2.6941532 0.35433071 0.38736075,1.9143951 0.10094833 0,
  2.1651675 0.23790792 0,2.437795 0.32345865 0,
  -1.9143951 0.10094833 0,1.8368486 0.10094833 0.53934742,
  1.6104916 0.10094833 1.0350001,1.2536622 0.10094833 1.4468033,
  0.79526845 0.10094833 1.741395,0.27244682 0.10094833 1.8949093,
  -0.27244682 0.10094833 1.8949093,-0.79526845 0.10094833 1.741395,
  -1.2536622 0.10094833 1.4468033,-1.6104916 0.10094833 1.0350001,
  -1.8368486 0.10094833 0.53934742,-2.1651675 0.23790792 0,
  -2.437795 0.32345865 0,2.1431292 0.23790792 0.30813546,
  2.077463 0.23790792 0.60999816,2.4129818 0.32345865 0.34693441,
  1.9695056 0.23790792 0.89944307,2.3390472 0.32345865 0.68680623,
  1.8214548 0.23790792 1.1705779,2.2174964 0.32345865 1.0126967,
  1.6363244 0.23790792 1.4178831,2.0508037 0.32345865 1.3179715,
  1.4178831 0.23790792 1.6363244,1.8423626 0.32345865 1.5964162,
  1.1705779 0.23790792 1.8214548,1.5964162 0.32345865 1.8423626,
  0.89944307 0.23790792 1.9695056,1.3179715 0.32345865 2.0508037,
  0.60999816 0.23790792 2.077463,1.0126967 0.32345865 2.2174964,
  0.30813546 0.23790792 2.1431292,0.68680623 0.32345865 2.3390472,
  0 0.23790792 2.1651675,0.34693441 0.32345865 2.4129818,
  -0.30813546 0.23790792 2.1431292,0 0.32345865 2.437795,
  -0.60999816 0.23790792 2.077463,-0.34693441 0.32345865 2.4129818,
  -0.89944307 0.23790792 1.9695056,-0.68680623 0.32345865 2.3390472,
  -1.1705779 0.23790792 1.8214548,-1.0126967 0.32345865 2.2174964,
  -1.4178831 0.23790792 1.6363244,-1.3179715 0.32345865 2.0508037,
  -1.6363244 0.23790792 1.4178831,-1.5964162 0.32345865 1.8423626,
  -1.8214548 0.23790792 1.1705779,-1.8423626 0.32345865 1.5964162,
  -1.9695056 0.23790792 0.89944307,-2.0508037 0.32345865 1.3179715,
  -2.077463 0.23790792 0.60999816,-2.2174964 0.32345865 1.0126967,
  -2.1431292 0.23790792 0.30813546,-2.3390472 0.32345865 0.68680623,
  -2.4129818 0.32345865 0.34693441] }
 coordIndex [
  69,15,16,-1,69,66,64,-1,40,27,39,-1,69,64,67,-1,41,0,2,-1,69,67,15,-1,41,24,25,-1,41,25,0,-1,
  41,39,24,-1,70,35,34,-1,70,34,68,-1,71,16,17,-1,42,28,27,-1,71,69,16,-1,42,27,40,-1,43,2,3,-1,
  71,68,66,-1,71,66,69,-1,43,39,41,-1,43,40,39,-1,43,41,2,-1,72,35,70,-1,73,17,18,-1,73,70,68,-1,
  44,28,42,-1,73,71,17,-1,45,3,4,-1,73,68,71,-1,45,40,43,-1,45,42,40,-1,45,43,3,-1,74,36,35,-1,
  74,35,72,-1,75,73,18,-1,46,29,28,-1,46,28,44,-1,75,18,19,-1,47,4,5,-1,75,72,70,-1,75,70,73,-1,
  47,44,42,-1,47,42,45,-1,47,45,4,-1,76,36,74,-1,48,29,46,-1,77,19,20,-1,49,5,6,-1,77,74,72,-1,
  77,75,19,-1,77,72,75,-1,49,47,5,-1,49,44,47,-1,49,46,44,-1,78,26,36,-1,78,37,26,-1,78,36,76,-1,
  50,30,29,-1,50,29,48,-1,79,76,74,-1,51,6,7,-1,79,20,21,-1,51,48,46,-1,79,77,20,-1,51,46,49,-1,
  79,74,77,-1,51,49,6,-1,80,76,79,-1,80,21,22,-1,80,22,1,-1,80,38,37,-1,80,1,38,-1,80,78,76,-1,
  80,37,78,-1,52,30,50,-1,80,79,21,-1,53,7,8,-1,53,50,48,-1,53,51,7,-1,53,48,51,-1,54,31,30,-1,
  54,30,52,-1,55,8,9,-1,55,50,53,-1,55,53,8,-1,55,52,50,-1,56,31,54,-1,57,9,10,-1,57,55,9,-1,
  57,54,52,-1,57,52,55,-1,58,31,56,-1,58,32,31,-1,59,57,10,-1,59,10,11,-1,59,56,54,-1,59,54,57,-1,
  60,32,58,-1,61,11,12,-1,61,59,11,-1,61,58,56,-1,61,56,59,-1,62,33,32,-1,62,32,60,-1,63,12,13,-1,
  63,60,58,-1,63,58,61,-1,63,61,12,-1,64,33,62,-1,65,13,14,-1,65,62,60,-1,65,60,63,-1,65,63,13,-1,
  66,34,33,-1,66,33,64,-1,67,14,15,-1,67,64,62,-1,67,62,65,-1,67,65,14,-1,39,23,24,-1,39,27,23,-1,
  68,34,66,-1]
  normalPerVertex TRUE
  normal DEF NORM_53 Normal { vector [
  0.10804098 -0.99411641 0.0077272436,-0.10804098 -0.99411641 0.0077272436,
  0.10660402 -0.99414325 0.017742066,0.10299398 -0.99414325 0.03273281,
  0.097287287 -0.99414325 0.047057209,0.089600103 -0.99414325 0.060423659,
  0.08008892 -0.99414325 0.072560058,0.068947357 -0.99414325 0.083219343,
  0.056402225 -0.99414325 0.092184522,0.042708907 -0.99414325 0.09927309,
  0.028146158 -0.99414325 0.10434074,0.013010434 -0.99414325 0.10728432,
  -0.0023901439 -0.99414325 0.1080439,-0.017742066 -0.99414325 0.10660402,
  -0.03273281 -0.99414325 0.10299398,-0.047057209 -0.99414325 0.097287287,
  -0.060423659 -0.99414325 0.089600103,-0.072560058 -0.99414325 0.08008892,
  -0.083219343 -0.99414325 0.068947357,-0.092184522 -0.99414325 0.056402225,
  -0.09927309 -0.99414325 0.042708907,-0.10434074 -0.99414325 0.028146158,
  -0.10694447 -0.99414609 0.015376294,0.45854583 -0.88703576 0.053882109,
  0.35833799 -0.93324008 0.025628839,0.20468323 -0.97871879 0.014639233,
  -0.45854583 -0.88703576 0.053882109,0.44061158 -0.88832623 0.12937523,
  0.3863145 -0.88832623 0.24826925,0.30072052 -0.88832623 0.34704998,
  0.19076394 -0.88832623 0.41771477,0.065352814 -0.88832623 0.4545388,
  -0.065352814 -0.88832623 0.4545388,-0.19076394 -0.88832623 0.41771477,
  -0.30072052 -0.88832623 0.34704998,-0.3863145 -0.88832623 0.24826925,
  -0.44061158 -0.88832623 0.12937523,-0.35833799 -0.93324008 0.025628839,
  -0.20468323 -0.97871879 0.014639233,0.38880082 -0.91940535 0.059394684,
  0.35492155 -0.92850385 0.10913893,0.19965741 -0.97957101 0.024032517,
  0.35631824 -0.91940535 0.16652663,0.194205 -0.97957101 0.052202113,
  0.30979674 -0.92850385 0.20471099,0.18479914 -0.97957101 0.079309024,
  0.29496888 -0.91940535 0.26016758,0.1716313 -0.97957101 0.10480143,
  0.23957405 -0.92850385 0.28369858,0.15496954 -0.97957101 0.12816039,
  0.20972289 -0.91940535 0.3327313,0.13515305 -0.97957101 0.14891036,
  0.14994249 -0.92850385 0.3397026,0.11258523 -0.97957101 0.16662895,
  0.10748639 -0.91940535 0.37833911,0.087725505 -0.97957101 0.18095546,
  0.04816348 -0.92850385 0.36818594,0.061079939 -0.97957101 0.19159824,
  -0.0034580052 -0.91940535 0.39329614,0.033190961 -0.97957101 0.19834063,
  -0.057517447 -0.92850385 0.36684104,0.004626311 -0.97957101 0.20104537,
  -0.11412226 -0.91940535 0.37639065,-0.024032517 -0.97957101 0.19965741,
  -0.15853865 -0.92850385 0.33577687,-0.052202113 -0.97957101 0.194205,
  -0.215541 -0.91940535 0.32899223,-0.079309024 -0.97957101 0.18479914,
  -0.246716 -0.92850385 0.27751005,-0.10480143 -0.97957101 0.1716313,
  -0.2994979 -0.91940535 0.25494081,-0.12816039 -0.97957101 0.15496954,
  -0.31490588 -0.92850385 0.19676101,-0.14891036 -0.97957101 0.13515305,
  -0.35919126 -0.91940535 0.16023561,-0.16662895 -0.97957101 0.11258523,
  -0.35758396 -0.92850385 0.10007157,-0.18095546 -0.97957101 0.087725505,
  -0.4067258 -0.9116767 0.058478342,-0.19159824 -0.97957101 0.061079939,
  -0.19719205 -0.97995483 0.028351937] }
}
}
DEF SHAPE_54 Shape {
 appearance USE APP_2
 geometry DEF FACE_54 IndexedFaceSet {
  coord DEF COORD_54 Coordinate { point [
  2.7781185 0.13768844 0,-2.7781185 0.13768844 0,
  2.7498413 0.13768844 0.39536749,2.6655852 0.13768844 0.78268644,
  2.5270655 0.13768844 1.1540722,2.337102 0.13768844 1.5019643,
  2.0995619 0.13768844 1.8192807,1.8192807 0.13768844 2.0995619,
  1.5019643 0.13768844 2.337102,1.1540722 0.13768844 2.5270655,
  0.78268644 0.13768844 2.6655852,0.39536749 0.13768844 2.7498413,
  0 0.13768844 2.7781185,-0.39536749 0.13768844 2.7498413,
  -0.78268644 0.13768844 2.6655852,-1.1540722 0.13768844 2.5270655,
  -1.5019643 0.13768844 2.337102,-1.8192807 0.13768844 2.0995619,
  -2.0995619 0.13768844 1.8192807,-2.337102 0.13768844 1.5019643,
  -2.5270655 0.13768844 1.1540722,-2.6655852 0.13768844 0.78268644,
  -2.7498413 0.13768844 0.39536749,2.7218578 0.35433071 0,
  -2.7218578 0.35433071 0,2.6941532 0.35433071 0.38736075,
  2.6116034 0.35433071 0.76683595,2.4758889 0.35433071 1.1307006,
  2.2897725 0.35433071 1.4715474,2.0570428 0.35433071 1.7824378,
  1.7824378 0.35433071 2.0570428,1.4715474 0.35433071 2.2897725,
  1.1307006 0.35433071 2.4758889,0.76683595 0.35433071 2.6116034,
  0.38736075 0.35433071 2.6941532,0 0.35433071 2.7218578,
  -0.38736075 0.35433071 2.6941532,-0.76683595 0.35433071 2.6116034,
  -1.1307006 0.35433071 2.4758889,-1.4715474 0.35433071 2.2897725,
  -1.7824378 0.35433071 2.0570428,-2.0570428 0.35433071 1.7824378,
  -2.2897725 0.35433071 1.4715474,-2.4758889 0.35433071 1.1307006,
  -2.6116034 0.35433071 0.76683595,-2.6941532 0.35433071 0.38736075] }
 coordIndex [
  21,44,43,-1,22,44,21,-1,22,45,44,-1,1,45,22,-1,2,23,0,-1,2,25,23,-1,1,24,45,-1,3,26,25,-1,
  3,25,2,-1,4,27,26,-1,4,26,3,-1,5,28,27,-1,5,27,4,-1,6,29,28,-1,6,28,5,-1,7,30,29,-1,
  7,29,6,-1,8,31,30,-1,8,30,7,-1,9,32,31,-1,9,31,8,-1,10,33,32,-1,10,32,9,-1,11,34,33,-1,
  11,33,10,-1,12,35,34,-1,12,34,11,-1,13,36,35,-1,13,35,12,-1,14,37,36,-1,14,36,13,-1,15,37,14,-1,
  15,38,37,-1,16,38,15,-1,16,39,38,-1,17,39,16,-1,17,40,39,-1,18,40,17,-1,18,41,40,-1,19,41,18,-1,
  19,42,41,-1,20,42,19,-1,20,43,42,-1,21,43,20,-1]
  normalPerVertex TRUE
  normal DEF NORM_54 Normal { vector [
  -0.96558368 -0.25075664 -0.069059907,0.96558368 -0.25075664 -0.069059907,
  -0.96103311 -0.25129167 -0.11518619,-0.93485848 -0.25129167 -0.25078303,
  -0.88965282 -0.25129167 -0.38127465,-0.8263364 -0.25129167 -0.50400462,
  -0.74619815 -0.25129167 -0.61647451,-0.65086945 -0.25129167 -0.71639476,
  -0.54229094 -0.25129167 -0.80173128,-0.42267294 -0.25129167 -0.87074685,
  -0.29445054 -0.25129167 -0.92203654,-0.16023398 -0.25129167 -0.95455622,
  -0.022755515 -0.25129167 -0.96764388,0.11518619 -0.25129167 -0.96103311,
  0.25078303 -0.25129167 -0.93485848,0.38127465 -0.25129167 -0.88965282,
  0.50400462 -0.25129167 -0.8263364,0.61647451 -0.25129167 -0.74619815,
  0.71639476 -0.25129167 -0.65086945,0.80173128 -0.25129167 -0.54229094,
  0.87074685 -0.25129167 -0.42267294,0.92203654 -0.25129167 -0.29445054,
  0.95455622 -0.25129167 -0.16023398,-0.96558368 -0.25075664 -0.069059907,
  0.96558368 -0.25075664 -0.069059907,-0.9544528 -0.25128802 -0.16085453,
  -0.92184586 -0.25128802 -0.29505006,-0.8704728 -0.25128802 -0.42323922,
  -0.80137942 -0.25128802 -0.54281245,-0.71597227 -0.25128802 -0.65133558,
  -0.61598999 -0.25128802 -0.7465994,-0.50346792 -0.25128802 -0.82666461,
  -0.38069671 -0.25128802 -0.88990131,-0.2501756 -0.25128802 -0.93502219,
  -0.11456164 -0.25128802 -0.96110871,0.023384463 -0.25128802 -0.96762984,
  0.16085453 -0.25128802 -0.9544528,0.29505006 -0.25128802 -0.92184586,
  0.42323922 -0.25128802 -0.8704728,0.54281245 -0.25128802 -0.80137942,
  0.65133558 -0.25128802 -0.71597227,0.7465994 -0.25128802 -0.61598999,
  0.82666461 -0.25128802 -0.50346792,0.88990131 -0.25128802 -0.38069671,
  0.93502219 -0.25128802 -0.2501756,0.96110871 -0.25128802 -0.11456164] }
}
}
DEF SHAPE_55 Shape {
 appearance USE APP_2
 geometry DEF FACE_55 IndexedFaceSet {
  coord DEF COORD_55 Coordinate { point [
  -2.9045215 0.09680994 0,-2.7781185 0.13768844 0,
  -2.885306 0.085088714 0,-2.8635594 0.079282846 0,
  -2.8410587 0.079866754 0,-2.8196424 0.086792723 0,
  -2.8010607 0.099494809 0,-2.7868318 0.11693508 0,
  2.9045215 0.09680994 0,-2.8749577 0.09680994 -0.41335651,
  -2.786868 0.09680994 -0.81829828,-2.6420457 0.09680994 -1.2065818,
  -2.443439 0.09680994 -1.5703029,-2.1950909 0.09680994 -1.9020571,
  -1.9020571 0.09680994 -2.1950909,-1.5703029 0.09680994 -2.443439,
  -1.2065818 0.09680994 -2.6420457,-0.81829828 0.09680994 -2.786868,
  -0.41335651 0.09680994 -2.8749577,0 0.09680994 -2.9045215,
  0.41335651 0.09680994 -2.8749577,0.81829828 0.09680994 -2.786868,
  1.2065818 0.09680994 -2.6420457,1.5703029 0.09680994 -2.443439,
  1.9020571 0.09680994 -2.1950909,2.1950909 0.09680994 -1.9020571,
  2.443439 0.09680994 -1.5703029,2.6420457 0.09680994 -1.2065818,
  2.786868 0.09680994 -0.81829828,2.8749577 0.09680994 -0.41335651,
  2.7781185 0.13768844 0,2.885306 0.085088714 0,
  2.8635594 0.079282846 0,2.8410587 0.079866754 0,
  2.8196424 0.086792723 0,2.8010607 0.099494809 0,
  2.7868318 0.11693508 0,-2.7498413 0.13768844 -0.39536749,
  -2.6655852 0.13768844 -0.78268644,-2.5270655 0.13768844 -1.1540722,
  -2.337102 0.13768844 -1.5019643,-2.0995619 0.13768844 -1.8192807,
  -1.8192807 0.13768844 -2.0995619,-1.5019643 0.13768844 -2.337102,
  -1.1540722 0.13768844 -2.5270655,-0.78268644 0.13768844 -2.6655852,
  -0.39536749 0.13768844 -2.7498413,0 0.13768844 -2.7781185,
  0.39536749 0.13768844 -2.7498413,0.78268644 0.13768844 -2.6655852,
  1.1540722 0.13768844 -2.5270655,1.5019643 0.13768844 -2.337102,
  1.8192807 0.13768844 -2.0995619,2.0995619 0.13768844 -1.8192807,
  2.337102 0.13768844 -1.5019643,2.5270655 0.13768844 -1.1540722,
  2.6655852 0.13768844 -0.78268644,2.7498413 0.13768844 -0.39536749,
  -2.8559377 0.085088714 -0.41062186,-2.8344125 0.079282846 -0.40752699,
  -2.8121408 0.079866754 -0.4043248,-2.7684308 0.085088714 -0.81288464,
  -2.7909425 0.086792723 -0.40127696,-2.7475651 0.079282846 -0.8067579,
  -2.7725499 0.099494809 -0.3986325,-2.7259758 0.079866754 -0.80041872,
  -2.7584659 0.11693508 -0.39660752,-2.6245667 0.085088714 -1.1985994,
  -2.7054271 0.086792723 -0.79438507,-2.6047852 0.079282846 -1.1895656,
  -2.6875981 0.099494809 -0.78914999,-2.5843179 0.079866754 -1.1802184,
  -2.6739456 0.11693508 -0.78514126,-2.4272739 0.085088714 -1.5599142,
  -2.564837 0.086792723 -1.1713218,-2.4089794 0.079282846 -1.5481571,
  -2.5479344 0.099494809 -1.1636027,-2.3900506 0.079866754 -1.5359923,
  -2.5349914 0.11693508 -1.1576918,-2.1805688 0.085088714 -1.8894736,
  -2.3720342 0.086792723 -1.5244138,-2.1641338 0.079282846 -1.8752326,
  -2.3564022 0.099494809 -1.5143677,-2.1471289 0.079866754 -1.8604978,
  -2.3444321 0.11693508 -1.506675,-1.8894736 0.085088714 -2.1805688,
  -2.1309436 0.086792723 -1.8464731,-1.8752326 0.079282846 -2.1641338,
  -2.1169004 0.099494809 -1.8343047,-1.8604978 0.079866754 -2.1471289,
  -2.106147 0.11693508 -1.8249867,-1.5599142 0.085088714 -2.4272739,
  -1.8464731 0.086792723 -2.1309436,-1.5481571 0.079282846 -2.4089794,
  -1.8343047 0.099494809 -2.1169004,-1.5359923 0.079866754 -2.3900506,
  -1.8249867 0.11693508 -2.106147,-1.1985994 0.085088714 -2.6245667,
  -1.5244138 0.086792723 -2.3720342,-1.1895656 0.079282846 -2.6047852,
  -1.5143677 0.099494809 -2.3564022,-1.1802184 0.079866754 -2.5843179,
  -1.506675 0.11693508 -2.3444321,-0.81288464 0.085088714 -2.7684308,
  -1.1713218 0.086792723 -2.564837,-0.8067579 0.079282846 -2.7475651,
  -1.1636027 0.099494809 -2.5479344,-0.80041872 0.079866754 -2.7259758,
  -1.1576918 0.11693508 -2.5349914,-0.41062186 0.085088714 -2.8559377,
  -0.79438507 0.086792723 -2.7054271,-0.40752699 0.079282846 -2.8344125,
  -0.78914999 0.099494809 -2.6875981,-0.4043248 0.079866754 -2.8121408,
  -0.78514126 0.11693508 -2.6739456,0 0.085088714 -2.885306,
  -0.40127696 0.086792723 -2.7909425,0 0.079282846 -2.8635594,
  -0.3986325 0.099494809 -2.7725499,0 0.079866754 -2.8410587,
  -0.39660752 0.11693508 -2.7584659,0.41062186 0.085088714 -2.8559377,
  0 0.086792723 -2.8196424,0.40752699 0.079282846 -2.8344125,
  0 0.099494809 -2.8010607,0.4043248 0.079866754 -2.8121408,
  0 0.11693508 -2.7868318,0.81288464 0.085088714 -2.7684308,
  0.40127696 0.086792723 -2.7909425,0.8067579 0.079282846 -2.7475651,
  0.3986325 0.099494809 -2.7725499,0.80041872 0.079866754 -2.7259758,
  0.39660752 0.11693508 -2.7584659,1.1985994 0.085088714 -2.6245667,
  0.79438507 0.086792723 -2.7054271,1.1895656 0.079282846 -2.6047852,
  0.78914999 0.099494809 -2.6875981,1.1802184 0.079866754 -2.5843179,
  0.78514126 0.11693508 -2.6739456,1.5599142 0.085088714 -2.4272739,
  1.1713218 0.086792723 -2.564837,1.5481571 0.079282846 -2.4089794,
  1.1636027 0.099494809 -2.5479344,1.5359923 0.079866754 -2.3900506,
  1.1576918 0.11693508 -2.5349914,1.8894736 0.085088714 -2.1805688,
  1.5244138 0.086792723 -2.3720342,1.8752326 0.079282846 -2.1641338,
  1.5143677 0.099494809 -2.3564022,1.8604978 0.079866754 -2.1471289,
  1.506675 0.11693508 -2.3444321,2.1805688 0.085088714 -1.8894736,
  1.8464731 0.086792723 -2.1309436,2.1641338 0.079282846 -1.8752326,
  1.8343047 0.099494809 -2.1169004,2.1471289 0.079866754 -1.8604978,
  1.8249867 0.11693508 -2.106147,2.4272739 0.085088714 -1.5599142,
  2.1309436 0.086792723 -1.8464731,2.4089794 0.079282846 -1.5481571,
  2.1169004 0.099494809 -1.8343047,2.3900506 0.079866754 -1.5359923,
  2.106147 0.11693508 -1.8249867,2.6245667 0.085088714 -1.1985994,
  2.3720342 0.086792723 -1.5244138,2.6047852 0.079282846 -1.1895656,
  2.3564022 0.099494809 -1.5143677,2.5843179 0.079866754 -1.1802184,
  2.3444321 0.11693508 -1.506675,2.7684308 0.085088714 -0.81288464,
  2.564837 0.086792723 -1.1713218,2.7475651 0.079282846 -0.8067579,
  2.5479344 0.099494809 -1.1636027,2.7259758 0.079866754 -0.80041872,
  2.5349914 0.11693508 -1.1576918,2.8559377 0.085088714 -0.41062186,
  2.7054271 0.086792723 -0.79438507,2.8344125 0.079282846 -0.40752699,
  2.6875981 0.099494809 -0.78914999,2.8121408 0.079866754 -0.4043248,
  2.6739456 0.11693508 -0.78514126,2.7909425 0.086792723 -0.40127696,
  2.7725499 0.099494809 -0.3986325,2.7584659 0.11693508 -0.39660752] }
 coordIndex [
  152,146,143,-1,152,143,149,-1,153,147,145,-1,153,145,151,-1,154,148,146,-1,154,146,152,-1,155,147,153,-1,155,149,147,-1,
  156,52,51,-1,156,51,150,-1,156,150,148,-1,156,148,154,-1,157,25,26,-1,157,151,25,-1,158,149,155,-1,158,152,149,-1,
  159,151,157,-1,159,153,151,-1,160,154,152,-1,160,152,158,-1,161,153,159,-1,161,155,153,-1,162,156,154,-1,162,154,160,-1,
  162,53,52,-1,162,52,156,-1,163,26,27,-1,163,157,26,-1,164,155,161,-1,164,158,155,-1,165,157,163,-1,165,159,157,-1,
  166,158,164,-1,166,160,158,-1,167,159,165,-1,167,161,159,-1,168,53,162,-1,168,160,166,-1,168,54,53,-1,168,162,160,-1,
  169,27,28,-1,169,163,27,-1,170,164,161,-1,170,161,167,-1,171,165,163,-1,171,163,169,-1,172,164,170,-1,172,166,164,-1,
  173,167,165,-1,173,165,171,-1,174,166,172,-1,174,168,166,-1,174,54,168,-1,174,55,54,-1,175,28,29,-1,175,29,8,-1,
  175,8,31,-1,175,169,28,-1,176,170,167,-1,176,167,173,-1,177,31,32,-1,177,171,169,-1,177,169,175,-1,177,175,31,-1,
  178,172,170,-1,178,170,176,-1,179,32,33,-1,179,173,171,-1,179,177,32,-1,179,171,177,-1,180,174,172,-1,180,172,178,-1,
  180,56,55,-1,180,55,174,-1,181,33,34,-1,181,173,179,-1,181,176,173,-1,181,179,33,-1,182,34,35,-1,182,178,176,-1,
  182,176,181,-1,182,181,34,-1,183,35,36,-1,183,36,30,-1,183,57,56,-1,183,30,57,-1,183,180,178,-1,183,178,182,-1,
  183,56,180,-1,183,182,35,-1,58,2,0,-1,58,0,9,-1,59,3,2,-1,59,2,58,-1,60,4,3,-1,60,3,59,-1,
  61,9,10,-1,61,58,9,-1,62,5,4,-1,62,4,60,-1,63,59,58,-1,63,58,61,-1,64,6,5,-1,64,5,62,-1,
  65,59,63,-1,65,60,59,-1,66,7,6,-1,66,1,7,-1,66,37,1,-1,66,6,64,-1,67,10,11,-1,67,61,10,-1,
  68,62,60,-1,68,60,65,-1,69,61,67,-1,69,63,61,-1,70,64,62,-1,70,62,68,-1,71,63,69,-1,71,65,63,-1,
  72,38,37,-1,72,66,64,-1,72,37,66,-1,72,64,70,-1,73,11,12,-1,73,67,11,-1,74,65,71,-1,74,68,65,-1,
  75,69,67,-1,75,67,73,-1,76,68,74,-1,76,70,68,-1,77,71,69,-1,77,69,75,-1,78,70,76,-1,78,39,38,-1,
  78,72,70,-1,78,38,72,-1,79,12,13,-1,79,73,12,-1,80,71,77,-1,80,74,71,-1,81,75,73,-1,81,73,79,-1,
  82,76,74,-1,82,74,80,-1,83,75,81,-1,83,77,75,-1,84,40,39,-1,84,39,78,-1,84,76,82,-1,84,78,76,-1,
  85,13,14,-1,85,79,13,-1,86,80,77,-1,86,77,83,-1,87,81,79,-1,87,79,85,-1,88,82,80,-1,88,80,86,-1,
  89,81,87,-1,89,83,81,-1,90,82,88,-1,90,41,40,-1,90,40,84,-1,90,84,82,-1,91,14,15,-1,91,85,14,-1,
  92,83,89,-1,92,86,83,-1,93,87,85,-1,93,85,91,-1,94,86,92,-1,94,88,86,-1,95,87,93,-1,95,89,87,-1,
  96,41,90,-1,96,88,94,-1,96,42,41,-1,96,90,88,-1,97,91,15,-1,97,15,16,-1,98,89,95,-1,98,92,89,-1,
  99,91,97,-1,99,93,91,-1,100,94,92,-1,100,92,98,-1,101,95,93,-1,101,93,99,-1,102,42,96,-1,102,94,100,-1,
  102,43,42,-1,102,96,94,-1,103,97,16,-1,103,16,17,-1,104,98,95,-1,104,95,101,-1,105,99,97,-1,105,97,103,-1,
  106,100,98,-1,106,98,104,-1,107,99,105,-1,107,101,99,-1,108,44,43,-1,108,102,100,-1,108,43,102,-1,108,100,106,-1,
  109,17,18,-1,109,103,17,-1,110,104,101,-1,110,101,107,-1,111,103,109,-1,111,105,103,-1,112,106,104,-1,112,104,110,-1,
  113,107,105,-1,113,105,111,-1,114,45,44,-1,114,44,108,-1,114,106,112,-1,114,108,106,-1,115,18,19,-1,115,109,18,-1,
  116,107,113,-1,116,110,107,-1,117,111,109,-1,117,109,115,-1,118,112,110,-1,118,110,116,-1,119,111,117,-1,119,113,111,-1,
  120,46,45,-1,120,45,114,-1,120,114,112,-1,120,112,118,-1,121,19,20,-1,121,115,19,-1,122,116,113,-1,122,113,119,-1,
  123,115,121,-1,123,117,115,-1,124,116,122,-1,124,118,116,-1,125,117,123,-1,125,119,117,-1,126,118,124,-1,126,47,46,-1,
  126,46,120,-1,126,120,118,-1,127,20,21,-1,127,121,20,-1,128,119,125,-1,128,122,119,-1,129,121,127,-1,129,123,121,-1,
  130,122,128,-1,130,124,122,-1,131,123,129,-1,131,125,123,-1,132,126,124,-1,132,47,126,-1,132,124,130,-1,132,48,47,-1,
  133,21,22,-1,133,127,21,-1,134,125,131,-1,134,128,125,-1,135,129,127,-1,135,127,133,-1,136,128,134,-1,136,130,128,-1,
  137,131,129,-1,137,129,135,-1,138,132,130,-1,138,48,132,-1,138,130,136,-1,138,49,48,-1,139,22,23,-1,139,133,22,-1,
  140,134,131,-1,140,131,137,-1,141,135,133,-1,141,133,139,-1,142,136,134,-1,142,134,140,-1,143,137,135,-1,143,135,141,-1,
  144,50,49,-1,144,138,136,-1,144,49,138,-1,144,136,142,-1,145,23,24,-1,145,139,23,-1,146,140,137,-1,146,137,143,-1,
  147,139,145,-1,147,141,139,-1,148,142,140,-1,148,140,146,-1,149,143,141,-1,149,141,147,-1,150,51,50,-1,150,50,144,-1,
  150,144,142,-1,150,142,148,-1,151,24,25,-1,151,145,24,-1]
  normalPerVertex TRUE
  normal DEF NORM_55 Normal { vector [
  -0.52039043 -0.85311696 -0.037219058,0.9200331 -0.38627606 0.065802066,
  -0.3488448 -0.93684834 -0.024949872,-0.069569576 -0.99756469 -0.0049757142,
  0.21549149 -0.97638408 0.015412256,0.4827225 -0.87509258 0.034524994,
  0.71012211 -0.70224431 0.050788936,0.85562893 -0.51395935 0.061195789,
  0.52039043 -0.85311696 -0.037219058,-0.51365249 -0.85364326 -0.086338304,
  -0.49613703 -0.85364326 -0.15855988,-0.46852165 -0.85364326 -0.22755363,
  -0.43136851 -0.85364326 -0.29191504,-0.38543396 -0.85364326 -0.35033391,
  -0.33165309 -0.85364326 -0.40162098,-0.27112071 -0.85364326 -0.44473222,
  -0.2050691 -0.85364326 -0.47878998,-0.13484287 -0.85364326 -0.50310097,
  -0.061871633 -0.85364326 -0.51717027,0.012359134 -0.85364326 -0.52071147,
  0.086338304 -0.85364326 -0.51365249,0.15855988 -0.85364326 -0.49613703,
  0.22755363 -0.85364326 -0.46852165,0.29191504 -0.85364326 -0.43136851,
  0.35033391 -0.85364326 -0.38543396,0.40162098 -0.85364326 -0.33165309,
  0.44473222 -0.85364326 -0.27112071,0.47878998 -0.85364326 -0.2050691,
  0.50310097 -0.85364326 -0.13484287,0.51545075 -0.85370846 -0.074110629,
  -0.9200331 -0.38627606 0.065802066,0.3488448 -0.93684834 -0.024949872,
  0.069569576 -0.99756469 -0.0049757142,-0.21549149 -0.97638408 0.015412256,
  -0.4827225 -0.87509258 0.034524994,-0.71012211 -0.70224431 0.050788936,
  -0.85562893 -0.51395935 0.061195789,0.90929104 -0.38702117 0.15298501,
  0.87826373 -0.38702117 0.28083345,0.82935751 -0.38702117 0.40296493,
  0.76356796 -0.38702117 0.51689321,0.68223436 -0.38702117 0.62029903,
  0.58701244 -0.38702117 0.71107736,0.47984064 -0.38702117 0.78738019,
  0.36290067 -0.38702117 0.84765424,0.23857309 -0.38702117 0.8906725,
  0.10938885 -0.38702117 0.91555923,-0.022022235 -0.38702117 0.92180781,
  -0.15298501 -0.38702117 0.90929104,-0.28083345 -0.38702117 0.87826373,
  -0.40296493 -0.38702117 0.82935751,-0.51689321 -0.38702117 0.76356796,
  -0.62029903 -0.38702117 0.68223436,-0.71107736 -0.38702117 0.58701244,
  -0.78738019 -0.38702117 0.47984064,-0.84765424 -0.38702117 0.36290067,
  -0.8906725 -0.38702117 0.23857309,-0.91264647 -0.38711505 0.13121875,
  -0.3901508 -0.91923404 -0.052831125,-0.11686563 -0.99305831 -0.013327013,
  0.16599696 -0.98574929 0.02726425,-0.37866097 -0.91923404 -0.10781763,
  0.43532232 -0.89787867 0.065638192,-0.11377947 -0.99305831 -0.029823076,
  0.66908795 -0.73660438 0.098667645,0.16042725 -0.98574929 0.05061057,
  0.8511407 -0.51498662 0.10172657,-0.3594627 -0.91923404 -0.16060927,
  0.42155008 -0.89787867 0.12692292,-0.1083771 -0.99305831 -0.045712028,
  0.64823573 -0.73660438 0.19288449,0.15159169 -0.98574929 0.072926605,
  0.82800011 -0.51498662 0.22182109,-0.33294681 -0.91923404 -0.21013138,
  0.39919629 -0.89787867 0.18562385,-0.10076847 -0.99305831 -0.060670414,
  0.6141873 -0.73660438 0.28317477,0.13967017 -0.98574929 0.093758065,
  0.78800383 -0.51498662 0.33739997,-0.29965307 -0.91923404 -0.25537582,
  0.36871602 -0.89787867 0.24054603,-0.091108497 -0.99305831 -0.074393726,
  0.56763579 -0.73660438 0.36770043,0.12490537 -0.98574929 0.11268088,
  0.73196607 -0.51498662 0.44611037,-0.26025927 -0.91923404 -0.29542154,
  0.33072976 -0.89787867 0.29057138,-0.079593813 -0.99305831 -0.086602596,
  0.50952885 -0.73660438 0.44474076,0.10759785 -0.98574929 0.12930984,
  0.66102759 -0.51498662 0.54573924,-0.21556734 -0.91923404 -0.32945333,
  0.28601079 -0.89787867 0.33468153,-0.066458828 -0.99305831 -0.097048487,
  0.44104937 -0.73660438 0.51272746,0.088099949 -0.98574929 0.14330642,
  0.57663249 -0.51498662 0.63425843,-0.16648708 -0.91923404 -0.3567784,
  0.23546946 -0.89787867 0.37197853,-0.051970933 -0.99305831 -0.10551875,
  0.3635914 -0.73660438 0.5702765,0.066808588 -0.98574929 0.1543857,
  0.48049881 -0.51498662 0.70986596,-0.11401762 -0.91923404 -0.37684049,
  0.18013466 -0.89787867 0.40170313,-0.03642506 -0.99305831 -0.11184096,
  0.27873175 -0.73660438 0.61621636,0.044157197 -0.98574929 0.16232213,
  0.37458357 -0.51498662 0.77102266,-0.059227089 -0.91923404 -0.3892312,
  0.12113283 -0.89787867 0.4232502,-0.020137678 -0.99305831 -0.1158864,
  0.18819793 -0.73660438 0.64961183,0.020606893 -0.98574929 0.16695415,
  0.26104288 -0.51498662 0.81648356,-0.0032308678 -0.91923404 -0.39369828,
  0.059665087 -0.89787867 0.43618113,-0.0034403504 -0.99305831 -0.11757274,
  0.093832947 -0.73660438 0.66978308,-0.0033629079 -0.98574929 0.16818746,
  0.14218812 -0.51498662 0.84532321,0.052831125 -0.91923404 -0.3901508,
  -0.0030172639 -0.89787867 0.44023266,0.013327013 -0.99305831 -0.11686563,
  -0.0024422075 -0.73660438 0.67631947,-0.02726425 -0.98574929 0.16599696,
  0.020438812 -0.51498662 0.85695452,0.10781763 -0.91923404 -0.37866097,
  -0.065638192 -0.89787867 0.43532232,0.029823076 -0.99305831 -0.11377947,
  -0.098667645 -0.73660438 0.66908795,-0.05061057 -0.98574929 0.16042725,
  -0.10172657 -0.51498662 0.8511407,0.16060927 -0.91923404 -0.3594627,
  -0.12692292 -0.89787867 0.42155008,0.045712028 -0.99305831 -0.1083771,
  -0.19288449 -0.73660438 0.64823573,-0.072926605 -0.98574929 0.15159169,
  -0.22182109 -0.51498662 0.82800011,0.21013138 -0.91923404 -0.33294681,
  -0.18562385 -0.89787867 0.39919629,0.060670414 -0.99305831 -0.10076847,
  -0.28317477 -0.73660438 0.6141873,-0.093758065 -0.98574929 0.13967017,
  -0.33739997 -0.51498662 0.78800383,0.25537582 -0.91923404 -0.29965307,
  -0.24054603 -0.89787867 0.36871602,0.074393726 -0.99305831 -0.091108497,
  -0.36770043 -0.73660438 0.56763579,-0.11268088 -0.98574929 0.12490537,
  -0.44611037 -0.51498662 0.73196607,0.29542154 -0.91923404 -0.26025927,
  -0.29057138 -0.89787867 0.33072976,0.086602596 -0.99305831 -0.079593813,
  -0.44474076 -0.73660438 0.50952885,-0.12930984 -0.98574929 0.10759785,
  -0.54573924 -0.51498662 0.66102759,0.32945333 -0.91923404 -0.21556734,
  -0.33468153 -0.89787867 0.28601079,0.097048487 -0.99305831 -0.066458828,
  -0.51272746 -0.73660438 0.44104937,-0.14330642 -0.98574929 0.088099949,
  -0.63425843 -0.51498662 0.57663249,0.3567784 -0.91923404 -0.16648708,
  -0.37197853 -0.89787867 0.23546946,0.10551875 -0.99305831 -0.051970933,
  -0.5702765 -0.73660438 0.3635914,-0.1543857 -0.98574929 0.066808588,
  -0.70986596 -0.51498662 0.48049881,0.37684049 -0.91923404 -0.11401762,
  -0.40170313 -0.89787867 0.18013466,0.11184096 -0.99305831 -0.03642506,
  -0.61621636 -0.73660438 0.27873175,-0.16232213 -0.98574929 0.044157197,
  -0.77102266 -0.51498662 0.37458357,0.43287566 -0.89930255 -0.062238124,
  -0.4232502 -0.89787867 0.12113283,0.16337742 -0.98628395 -0.023490127,
  -0.64961183 -0.73660438 0.18819793,-0.11948724 -0.99268709 0.017179672,
  -0.81648356 -0.51498662 0.26104288,-0.39260773 -0.91797208 0.056448469,
  -0.63366007 -0.76822816 0.091106564,-0.84835871 -0.51517906 0.12197557] }
}
}
DEF SHAPE_56 Shape {
 appearance USE APP_2
 geometry DEF FACE_56 IndexedFaceSet {
  coord DEF COORD_56 Coordinate { point [
  -4.9311024 0.39370079 0,-4.9311024 0.35433071 0,
  4.9311024 0.39370079 0,-4.9000966 0.39370079 -0.55210829,
  -4.8074693 0.39370079 -1.0972735,-4.6543853 0.39370079 -1.6286399,
  -4.4427697 0.39370079 -2.1395251,-4.1752837 0.39370079 -2.6235046,
  -3.8552911 0.39370079 -3.074492,-3.4868159 0.39370079 -3.4868159,
  -3.074492 0.39370079 -3.8552911,-2.6235046 0.39370079 -4.1752837,
  -2.1395251 0.39370079 -4.4427697,-1.6286399 0.39370079 -4.6543853,
  -1.0972735 0.39370079 -4.8074693,-0.55210829 0.39370079 -4.9000966,
  0 0.39370079 -4.9311024,0.55210829 0.39370079 -4.9000966,
  1.0972735 0.39370079 -4.8074693,1.6286399 0.39370079 -4.6543853,
  2.1395251 0.39370079 -4.4427697,2.6235046 0.39370079 -4.1752837,
  3.074492 0.39370079 -3.8552911,3.4868159 0.39370079 -3.4868159,
  3.8552911 0.39370079 -3.074492,4.1752837 0.39370079 -2.6235046,
  4.4427697 0.39370079 -2.1395251,4.6543853 0.39370079 -1.6286399,
  4.8074693 0.39370079 -1.0972735,4.9000966 0.39370079 -0.55210829,
  4.9311024 0.35433071 0,-4.9000966 0.35433071 -0.55210829,
  -4.8074693 0.35433071 -1.0972735,-4.6543853 0.35433071 -1.6286399,
  -4.4427697 0.35433071 -2.1395251,-4.1752837 0.35433071 -2.6235046,
  -3.8552911 0.35433071 -3.074492,-3.4868159 0.35433071 -3.4868159,
  -3.074492 0.35433071 -3.8552911,-2.6235046 0.35433071 -4.1752837,
  -2.1395251 0.35433071 -4.4427697,-1.6286399 0.35433071 -4.6543853,
  -1.0972735 0.35433071 -4.8074693,-0.55210829 0.35433071 -4.9000966,
  0 0.35433071 -4.9311024,0.55210829 0.35433071 -4.9000966,
  1.0972735 0.35433071 -4.8074693,1.6286399 0.35433071 -4.6543853,
  2.1395251 0.35433071 -4.4427697,2.6235046 0.35433071 -4.1752837,
  3.074492 0.35433071 -3.8552911,3.4868159 0.35433071 -3.4868159,
  3.8552911 0.35433071 -3.074492,4.1752837 0.35433071 -2.6235046,
  4.4427697 0.35433071 -2.1395251,4.6543853 0.35433071 -1.6286399,
  4.8074693 0.35433071 -1.0972735,4.9000966 0.35433071 -0.55210829] }
 coordIndex [
  47,46,18,-1,48,19,20,-1,48,47,19,-1,49,20,21,-1,49,48,20,-1,31,1,0,-1,31,0,3,-1,50,21,22,-1,
  50,49,21,-1,32,3,4,-1,32,31,3,-1,51,22,23,-1,51,50,22,-1,33,4,5,-1,33,32,4,-1,52,23,24,-1,
  52,51,23,-1,34,5,6,-1,34,33,5,-1,53,24,25,-1,53,52,24,-1,35,6,7,-1,35,34,6,-1,54,25,26,-1,
  54,53,25,-1,36,7,8,-1,55,26,27,-1,36,35,7,-1,55,54,26,-1,37,8,9,-1,56,27,28,-1,37,36,8,-1,
  56,55,27,-1,57,28,29,-1,38,9,10,-1,57,56,28,-1,38,37,9,-1,30,57,29,-1,30,29,2,-1,39,10,11,-1,
  39,38,10,-1,40,11,12,-1,40,39,11,-1,41,40,12,-1,41,12,13,-1,42,41,13,-1,42,13,14,-1,43,14,15,-1,
  43,42,14,-1,44,15,16,-1,44,43,15,-1,45,16,17,-1,45,44,16,-1,46,17,18,-1,46,45,17,-1,47,18,19,-1]
  normalPerVertex TRUE
  normal DEF NORM_56 Normal { vector [
  -0.99842682 0 -0.056070447,-0.99842682 0 -0.056070447,
  0.99842682 0 -0.056070447,-0.99144258 0 -0.1305435,
  -0.97059237 0 -0.24072902,-0.93753639 0 -0.34788723,
  -0.89269034 0 -0.45067056,-0.8366182 0 -0.54778644,
  -0.7700251 0 -0.6380136,-0.69374848 0 -0.72021736,
  -0.60874758 0 -0.79336397,-0.51609132 0 -0.85653356,
  -0.41694492 0 -0.90893176,-0.31255519 0 -0.9498996,
  -0.20423489 0 -0.97892191,-0.093346229 0 -0.99563371,
  0.018716319 0 -0.99982483,0.1305435 0 -0.99144258,
  0.24072902 0 -0.97059237,0.34788723 0 -0.93753639,
  0.45067056 0 -0.89269034,0.54778644 0 -0.8366182,
  0.6380136 0 -0.7700251,0.72021736 0 -0.69374848,
  0.79336397 0 -0.60874758,0.85653356 0 -0.51609132,
  0.90893176 0 -0.41694492,0.9498996 0 -0.31255519,
  0.97892191 0 -0.20423489,0.99563371 0 -0.093346229,
  0.99842682 0 -0.056070447,-0.99563371 0 -0.093346229,
  -0.97892191 0 -0.20423489,-0.9498996 0 -0.31255519,
  -0.90893176 0 -0.41694492,-0.85653356 0 -0.51609132,
  -0.79336397 0 -0.60874758,-0.72021736 0 -0.69374848,
  -0.6380136 0 -0.7700251,-0.54778644 0 -0.8366182,
  -0.45067056 0 -0.89269034,-0.34788723 0 -0.93753639,
  -0.24072902 0 -0.97059237,-0.1305435 0 -0.99144258,
  -0.018716319 0 -0.99982483,0.093346229 0 -0.99563371,
  0.20423489 0 -0.97892191,0.31255519 0 -0.9498996,
  0.41694492 0 -0.90893176,0.51609132 0 -0.85653356,
  0.60874758 0 -0.79336397,0.69374848 0 -0.72021736,
  0.7700251 0 -0.6380136,0.8366182 0 -0.54778644,
  0.89269034 0 -0.45067056,0.93753639 0 -0.34788723,
  0.97059237 0 -0.24072902,0.99144258 0 -0.1305435] }
}
}
DEF SHAPE_57 Shape {
 appearance USE APP_2
 geometry DEF FACE_57 IndexedFaceSet {
  coord DEF COORD_57 Coordinate { point [
  2.8162246 0.14758438 0,-2.8162246 0.14758438 0,
  2.7875595 0.14758438 0.40079055,2.7021477 0.14758438 0.79342216,
  2.561728 0.14758438 1.169902,2.3691589 0.14758438 1.522566,
  2.1283606 0.14758438 1.8442349,1.8442349 0.14758438 2.1283606,
  1.522566 0.14758438 2.3691589,1.169902 0.14758438 2.561728,
  0.79342216 0.14758438 2.7021477,0.40079055 0.14758438 2.7875595,
  0 0.14758438 2.8162246,-0.40079055 0.14758438 2.7875595,
  -0.79342216 0.14758438 2.7021477,-1.169902 0.14758438 2.561728,
  -1.522566 0.14758438 2.3691589,-1.8442349 0.14758438 2.1283606,
  -2.1283606 0.14758438 1.8442349,-2.3691589 0.14758438 1.522566,
  -2.561728 0.14758438 1.169902,-2.7021477 0.14758438 0.79342216,
  -2.7875595 0.14758438 0.40079055,2.8794261 0.12714513 0,
  2.8698184 0.12128451 0,2.858945 0.11838158 0,
  2.8476947 0.11867353 0,2.8369866 0.12213652 0,
  2.8276957 0.12848756 0,2.8205813 0.1372077 0,
  -2.8794261 0.12714513 0,2.8501177 0.12714513 0.40978506,
  2.7627891 0.12714513 0.81122808,2.6192181 0.12714513 1.1961568,
  2.4223274 0.12714513 1.5567353,2.1761251 0.12714513 1.8856231,
  1.8856231 0.12714513 2.1761251,1.5567353 0.12714513 2.4223274,
  1.1961568 0.12714513 2.6192181,0.81122808 0.12714513 2.7627891,
  0.40978506 0.12714513 2.8501177,0 0.12714513 2.8794261,
  -0.40978506 0.12714513 2.8501177,-0.81122808 0.12714513 2.7627891,
  -1.1961568 0.12714513 2.6192181,-1.5567353 0.12714513 2.4223274,
  -1.8856231 0.12714513 2.1761251,-2.1761251 0.12714513 1.8856231,
  -2.4223274 0.12714513 1.5567353,-2.6192181 0.12714513 1.1961568,
  -2.7627891 0.12714513 0.81122808,-2.8501177 0.12714513 0.40978506,
  -2.8698184 0.12128451 0,-2.858945 0.11838158 0,
  -2.8476947 0.11867353 0,-2.8369866 0.12213652 0,
  -2.8276957 0.12848756 0,-2.8205813 0.1372077 0,
  2.8406077 0.12128451 0.40841773,2.8298451 0.11838158 0.4068703,
  2.8187093 0.11867353 0.40526921,2.8081101 0.12213652 0.40374528,
  2.7989138 0.12848756 0.40242306,2.7918718 0.1372077 0.40141057,
  2.7535705 0.12128451 0.80852126,2.7431377 0.11838158 0.8054579,
  2.732343 0.11867353 0.8022883,2.7220687 0.12213652 0.79927148,
  2.7131542 0.12848756 0.79665394,2.7063279 0.1372077 0.79464957,
  2.6104786 0.12128451 1.1921656,2.6005879 0.11838158 1.1876487,
  2.5903542 0.11867353 1.1829751,2.5806138 0.12213652 1.1785268,
  2.5721625 0.12848756 1.1746672,2.565691 0.1372077 1.1717118,
  2.4142448 0.12128451 1.5515409,2.4050976 0.11838158 1.5456624,
  2.3956332 0.11867353 1.53958,2.386625 0.12213652 1.5337907,
  2.378809 0.12848756 1.5287677,2.372824 0.1372077 1.5249214,
  2.168864 0.12128451 1.8793314,2.1606465 0.11838158 1.8722108,
  2.152144 0.11867353 1.8648434,2.1440514 0.12213652 1.8578311,
  2.1370298 0.12848756 1.8517469,2.1316531 0.1372077 1.8470879,
  1.8793314 0.12128451 2.168864,1.8722108 0.11838158 2.1606465,
  1.8648434 0.11867353 2.152144,1.8578311 0.12213652 2.1440514,
  1.8517469 0.12848756 2.1370298,1.8470879 0.1372077 2.1316531,
  1.5515409 0.12128451 2.4142448,1.5456624 0.11838158 2.4050976,
  1.53958 0.11867353 2.3956332,1.5337907 0.12213652 2.386625,
  1.5287677 0.12848756 2.378809,1.5249214 0.1372077 2.372824,
  1.1921656 0.12128451 2.6104786,1.1876487 0.11838158 2.6005879,
  1.1829751 0.11867353 2.5903542,1.1785268 0.12213652 2.5806138,
  1.1746672 0.12848756 2.5721625,1.1717118 0.1372077 2.565691,
  0.80852126 0.12128451 2.7535705,0.8054579 0.11838158 2.7431377,
  0.8022883 0.11867353 2.732343,0.79927148 0.12213652 2.7220687,
  0.79665394 0.12848756 2.7131542,0.79464957 0.1372077 2.7063279,
  0.40841773 0.12128451 2.8406077,0.4068703 0.11838158 2.8298451,
  0.40526921 0.11867353 2.8187093,0.40374528 0.12213652 2.8081101,
  0.40242306 0.12848756 2.7989138,0.40141057 0.1372077 2.7918718,
  0 0.12128451 2.8698184,0 0.11838158 2.858945,
  0 0.11867353 2.8476947,0 0.12213652 2.8369866,
  0 0.12848756 2.8276957,0 0.1372077 2.8205813,
  -0.40841773 0.12128451 2.8406077,-0.4068703 0.11838158 2.8298451,
  -0.40526921 0.11867353 2.8187093,-0.40374528 0.12213652 2.8081101,
  -0.40242306 0.12848756 2.7989138,-0.40141057 0.1372077 2.7918718,
  -0.80852126 0.12128451 2.7535705,-0.8054579 0.11838158 2.7431377,
  -0.8022883 0.11867353 2.732343,-0.79927148 0.12213652 2.7220687,
  -0.79665394 0.12848756 2.7131542,-0.79464957 0.1372077 2.7063279,
  -1.1921656 0.12128451 2.6104786,-1.1876487 0.11838158 2.6005879,
  -1.1829751 0.11867353 2.5903542,-1.1785268 0.12213652 2.5806138,
  -1.1746672 0.12848756 2.5721625,-1.1717118 0.1372077 2.565691,
  -1.5515409 0.12128451 2.4142448,-1.5456624 0.11838158 2.4050976,
  -1.53958 0.11867353 2.3956332,-1.5337907 0.12213652 2.386625,
  -1.5287677 0.12848756 2.378809,-1.5249214 0.1372077 2.372824,
  -1.8793314 0.12128451 2.168864,-1.8722108 0.11838158 2.1606465,
  -1.8648434 0.11867353 2.152144,-1.8578311 0.12213652 2.1440514,
  -1.8517469 0.12848756 2.1370298,-1.8470879 0.1372077 2.1316531,
  -2.168864 0.12128451 1.8793314,-2.1606465 0.11838158 1.8722108,
  -2.152144 0.11867353 1.8648434,-2.1440514 0.12213652 1.8578311,
  -2.1370298 0.12848756 1.8517469,-2.1316531 0.1372077 1.8470879,
  -2.4142448 0.12128451 1.5515409,-2.4050976 0.11838158 1.5456624,
  -2.3956332 0.11867353 1.53958,-2.386625 0.12213652 1.5337907,
  -2.378809 0.12848756 1.5287677,-2.372824 0.1372077 1.5249214,
  -2.6104786 0.12128451 1.1921656,-2.6005879 0.11838158 1.1876487,
  -2.5903542 0.11867353 1.1829751,-2.5806138 0.12213652 1.1785268,
  -2.5721625 0.12848756 1.1746672,-2.565691 0.1372077 1.1717118,
  -2.7535705 0.12128451 0.80852126,-2.7431377 0.11838158 0.8054579,
  -2.732343 0.11867353 0.8022883,-2.7220687 0.12213652 0.79927148,
  -2.7131542 0.12848756 0.79665394,-2.7063279 0.1372077 0.79464957,
  -2.8406077 0.12128451 0.40841773,-2.8298451 0.11838158 0.4068703,
  -2.8187093 0.11867353 0.40526921,-2.8081101 0.12213652 0.40374528,
  -2.7989138 0.12848756 0.40242306,-2.7918718 0.1372077 0.40141057] }
 coordIndex [
  152,151,145,-1,152,145,146,-1,153,16,17,-1,153,147,16,-1,153,146,147,-1,153,152,146,-1,154,46,148,-1,154,47,46,-1,
  155,148,149,-1,155,154,148,-1,156,149,150,-1,156,155,149,-1,157,156,150,-1,157,150,151,-1,158,157,151,-1,158,151,152,-1,
  159,158,152,-1,159,17,18,-1,159,153,17,-1,159,152,153,-1,160,48,47,-1,160,47,154,-1,161,160,154,-1,161,154,155,-1,
  162,161,155,-1,162,155,156,-1,163,156,157,-1,163,162,156,-1,164,157,158,-1,164,163,157,-1,165,164,158,-1,165,158,159,-1,
  165,159,18,-1,165,18,19,-1,166,49,48,-1,166,48,160,-1,167,160,161,-1,167,166,160,-1,168,161,162,-1,168,167,161,-1,
  169,162,163,-1,169,168,162,-1,170,169,163,-1,170,163,164,-1,171,19,20,-1,171,164,165,-1,171,165,19,-1,171,170,164,-1,
  172,49,166,-1,172,50,49,-1,173,166,167,-1,173,172,166,-1,174,167,168,-1,174,173,167,-1,175,168,169,-1,175,174,168,-1,
  176,169,170,-1,176,175,169,-1,177,20,21,-1,177,171,20,-1,177,170,171,-1,177,176,170,-1,178,51,50,-1,178,30,51,-1,
  178,52,30,-1,178,50,172,-1,179,53,52,-1,179,52,178,-1,179,172,173,-1,179,178,172,-1,180,54,53,-1,180,173,174,-1,
  180,53,179,-1,180,179,173,-1,181,55,54,-1,181,174,175,-1,181,54,180,-1,181,180,174,-1,182,56,55,-1,182,55,181,-1,
  182,175,176,-1,182,181,175,-1,183,21,22,-1,183,22,1,-1,183,177,21,-1,183,57,56,-1,183,1,57,-1,183,176,177,-1,
  183,56,182,-1,183,182,176,-1,58,23,24,-1,58,31,23,-1,59,24,25,-1,59,58,24,-1,60,25,26,-1,60,59,25,-1,
  61,26,27,-1,61,60,26,-1,62,27,28,-1,62,61,27,-1,63,0,2,-1,63,62,28,-1,63,28,29,-1,63,29,0,-1,
  64,31,58,-1,64,32,31,-1,65,58,59,-1,65,64,58,-1,66,59,60,-1,66,65,59,-1,67,66,60,-1,67,60,61,-1,
  68,61,62,-1,68,67,61,-1,69,2,3,-1,69,63,2,-1,69,62,63,-1,69,68,62,-1,70,33,32,-1,70,32,64,-1,
  71,64,65,-1,71,70,64,-1,72,65,66,-1,72,71,65,-1,73,66,67,-1,73,72,66,-1,74,67,68,-1,74,73,67,-1,
  75,3,4,-1,75,68,69,-1,75,74,68,-1,75,69,3,-1,76,34,33,-1,76,33,70,-1,77,76,70,-1,77,70,71,-1,
  78,77,71,-1,78,71,72,-1,79,78,72,-1,79,72,73,-1,80,79,73,-1,80,73,74,-1,81,4,5,-1,81,75,4,-1,
  81,80,74,-1,81,74,75,-1,82,35,34,-1,82,34,76,-1,83,82,76,-1,83,76,77,-1,84,83,77,-1,84,77,78,-1,
  85,78,79,-1,85,84,78,-1,86,79,80,-1,86,85,79,-1,87,5,6,-1,87,81,5,-1,87,80,81,-1,87,86,80,-1,
  88,36,35,-1,88,35,82,-1,89,88,82,-1,89,82,83,-1,90,89,83,-1,90,83,84,-1,91,90,84,-1,91,84,85,-1,
  92,91,85,-1,92,85,86,-1,93,6,7,-1,93,92,86,-1,93,87,6,-1,93,86,87,-1,94,36,88,-1,94,37,36,-1,
  95,94,88,-1,95,88,89,-1,96,95,89,-1,96,89,90,-1,97,90,91,-1,97,96,90,-1,98,97,91,-1,98,91,92,-1,
  99,7,8,-1,99,93,7,-1,99,92,93,-1,99,98,92,-1,100,37,94,-1,100,38,37,-1,101,94,95,-1,101,100,94,-1,
  102,95,96,-1,102,101,95,-1,103,96,97,-1,103,102,96,-1,104,97,98,-1,104,103,97,-1,105,8,9,-1,105,99,8,-1,
  105,98,99,-1,105,104,98,-1,106,39,38,-1,106,38,100,-1,107,100,101,-1,107,106,100,-1,108,101,102,-1,108,107,101,-1,
  109,108,102,-1,109,102,103,-1,110,103,104,-1,110,109,103,-1,111,9,10,-1,111,105,9,-1,111,104,105,-1,111,110,104,-1,
  112,40,39,-1,112,39,106,-1,113,106,107,-1,113,112,106,-1,114,113,107,-1,114,107,108,-1,115,108,109,-1,115,114,108,-1,
  116,109,110,-1,116,115,109,-1,117,10,11,-1,117,111,10,-1,117,110,111,-1,117,116,110,-1,118,40,112,-1,118,41,40,-1,
  119,118,112,-1,119,112,113,-1,120,113,114,-1,120,119,113,-1,121,114,115,-1,121,120,114,-1,122,121,115,-1,122,115,116,-1,
  123,122,116,-1,123,11,12,-1,123,117,11,-1,123,116,117,-1,124,41,118,-1,124,42,41,-1,125,118,119,-1,125,124,118,-1,
  126,125,119,-1,126,119,120,-1,127,126,120,-1,127,120,121,-1,128,121,122,-1,128,127,121,-1,129,122,123,-1,129,128,122,-1,
  129,12,13,-1,129,123,12,-1,130,42,124,-1,130,43,42,-1,131,130,124,-1,131,124,125,-1,132,125,126,-1,132,131,125,-1,
  133,126,127,-1,133,132,126,-1,134,133,127,-1,134,127,128,-1,135,128,129,-1,135,13,14,-1,135,129,13,-1,135,134,128,-1,
  136,43,130,-1,136,44,43,-1,137,130,131,-1,137,136,130,-1,138,131,132,-1,138,137,131,-1,139,138,132,-1,139,132,133,-1,
  140,139,133,-1,140,133,134,-1,141,14,15,-1,141,135,14,-1,141,134,135,-1,141,140,134,-1,142,45,44,-1,142,44,136,-1,
  143,142,136,-1,143,136,137,-1,144,137,138,-1,144,143,137,-1,145,138,139,-1,145,144,138,-1,146,139,140,-1,146,145,139,-1,
  147,15,16,-1,147,141,15,-1,147,140,141,-1,147,146,140,-1,148,46,45,-1,148,45,142,-1,149,142,143,-1,149,148,142,-1,
  150,143,144,-1,150,149,143,-1,151,144,145,-1,151,150,144,-1]
  normalPerVertex TRUE
  normal DEF NORM_57 Normal { vector [
  0.9200331 0.38627606 0.065802066,-0.9200331 0.38627606 0.065802066,
  0.90929482 0.38702137 0.15296207,0.87827073 0.38702137 0.28081129,
  0.82936759 0.38702137 0.40294399,0.76358092 0.38702137 0.51687392,
  0.68224994 0.38702137 0.62028178,0.58703032 0.38702137 0.71106249,
  0.47986045 0.38702137 0.78736803,0.36292201 0.38702137 0.84764502,
  0.23859552 0.38702137 0.8906664,0.10941192 0.38702137 0.91555638,
  -0.021998996 0.38702137 0.92180828,-0.15296207 0.38702137 0.90929482,
  -0.28081129 0.38702137 0.87827073,-0.40294399 0.38702137 0.82936759,
  -0.51687392 0.38702137 0.76358092,-0.62028178 0.38702137 0.68224994,
  -0.71106249 0.38702137 0.58703032,-0.78736803 0.38702137 0.47986045,
  -0.84764502 0.38702137 0.36292201,-0.8906664 0.38702137 0.23859552,
  -0.91264647 0.38711505 0.13121875,-0.52039043 0.85311696 -0.037219058,
  -0.34873201 0.93689054 -0.024941806,-0.069443802 0.9975735 -0.0049667188,
  0.21561001 0.97635779 0.015420732,0.48281557 0.87504096 0.034531651,
  0.71017975 0.70218572 0.050793058,0.85562893 0.51395935 0.061195789,
  0.52039043 0.85311696 -0.037219058,-0.51364844 0.85364297 -0.086365226,
  -0.49612919 0.85364297 -0.15858595,-0.46851018 0.85364297 -0.22757832,
  -0.43135365 0.85364297 -0.29193785,-0.385416 0.85364297 -0.35035437,
  -0.3316324 0.85364297 -0.40163868,-0.27109771 0.85364297 -0.44474679,
  -0.20504426 0.85364297 -0.47880113,-0.1348167 0.85364297 -0.50310847,
  -0.061844662 0.85364297 -0.51717397,0.012386357 0.85364297 -0.5207113,
  0.086365226 0.85364297 -0.51364844,0.15858595 0.85364297 -0.49612919,
  0.22757832 0.85364297 -0.46851018,0.29193785 0.85364297 -0.43135365,
  0.35035437 0.85364297 -0.385416,0.40163868 0.85364297 -0.3316324,
  0.44474679 0.85364297 -0.27109771,0.47880113 0.85364297 -0.20504426,
  0.50310847 0.85364297 -0.1348167,0.51545075 0.85370846 -0.074110629,
  0.34873201 0.93689054 -0.024941806,0.069443802 0.9975735 -0.0049667188,
  -0.21561001 0.97635779 0.015420732,-0.48281557 0.87504096 0.034531651,
  -0.71017975 0.70218572 0.050793058,-0.85562893 0.51395935 0.061195789,
  -0.38999154 0.91930104 -0.052841216,-0.11668162 0.99308016 -0.013311293,
  0.16617668 0.98571787 0.027305594,0.43546962 0.89780296 0.065696693,
  0.66918488 0.73650809 0.098729061,0.85119138 0.51490077 0.10173701,
  -0.3785019 0.91930104 -0.10780495,-0.11359958 0.99308016 -0.029781329,
  0.16059925 0.98571787 0.05067707,0.42168755 0.89780296 0.12700178,
  0.64832294 0.73650809 0.19295908,0.8280488 0.51490077 0.22183864,
  -0.35930705 0.91930104 -0.16057409,-0.10820497 0.99308016 -0.045645104,
  0.15175248 0.98571787 0.073016907,0.39932114 0.89780296 0.18572148,
  0.614263 0.73650809 0.28326101,0.78804952 0.51490077 0.33742428,
  -0.33279775 0.91930104 -0.2100744,-0.10060763 0.99308016 -0.060579675,
  0.13981647 0.98571787 0.09387033,0.3688257 0.89780296 0.24066043,
  0.56769845 0.73650809 0.36779656,0.73200783 0.51490077 0.44614092,
  -0.29951364 0.91930104 -0.2552982,-0.090962199 0.99308016 -0.07428102,
  0.1250342 0.98571787 0.11281282,0.33082204 0.89780296 0.29070022,
  0.50957719 0.73650809 0.44484483,0.66106458 0.51490077 0.54577543,
  -0.2601323 0.91930104 -0.29532487,-0.079465044 0.99308016 -0.086470217,
  0.10770659 0.98571787 0.12945877,0.28608379 0.89780296 0.3348222,
  0.44108241 0.73650809 0.51283735,0.57666395 0.51490077 0.63429952,
  -0.21545542 0.91930104 -0.32933958,-0.066350209 0.99308016 -0.096899129,
  0.088186392 0.98571787 0.14346932,0.2355217 0.89780296 0.37212816,
  0.36360846 0.73650809 0.57038998,0.48052411 0.51490077 0.7099111,
  -0.16639249 0.91930104 -0.35664988,-0.051884676 0.99308016 -0.10535546,
  0.066870969 0.98571787 0.15455924,0.18016507 0.89780296 0.40185867,
  0.27873249 0.73650809 0.61633111,0.37460218 0.51490077 0.77107094,
  -0.11394228 0.91930104 -0.37669982,-0.03636292 0.99308016 -0.11166705,
  0.044194246 0.98571787 0.16250278,0.1211408 0.89780296 0.42340849,
  0.18818233 0.73650809 0.64972552,0.26105444 0.51490077 0.816534,
  -0.059172539 0.91930104 -0.38908123,-0.02010092 0.99308016 -0.11570542,
  0.020617855 0.98571787 0.16713823,0.059650453 0.89780296 0.43633893,
  0.093801328 0.73650809 0.66989338,0.14219237 0.51490077 0.84537478,
  -0.003198215 0.91930104 -0.39354208,-0.0034297234 0.99308016 -0.11738837,
  -0.0033782553 0.98571787 0.16837123,-0.0030542075 0.89780296 0.44038678,
  -0.0024892026 0.73650809 0.67642416,0.020435686 0.51490077 0.85700617,
  0.052841216 0.91930104 -0.38999154,0.013311293 0.99308016 -0.11668162,
  -0.027305594 0.98571787 0.16617668,-0.065696693 0.89780296 0.43546962,
  -0.098729061 0.73650809 0.66918488,-0.10173701 0.51490077 0.85119138,
  0.10780495 0.91930104 -0.3785019,0.029781329 0.99308016 -0.11359958,
  -0.05067707 0.98571787 0.16059925,-0.12700178 0.89780296 0.42168755,
  -0.19295908 0.73650809 0.64832294,-0.22183864 0.51490077 0.8280488,
  0.16057409 0.91930104 -0.35930705,0.045645104 0.99308016 -0.10820497,
  -0.073016907 0.98571787 0.15175248,-0.18572148 0.89780296 0.39932114,
  -0.28326101 0.73650809 0.614263,-0.33742428 0.51490077 0.78804952,
  0.2100744 0.91930104 -0.33279775,0.060579675 0.99308016 -0.10060763,
  -0.09387033 0.98571787 0.13981647,-0.24066043 0.89780296 0.3688257,
  -0.36779656 0.73650809 0.56769845,-0.44614092 0.51490077 0.73200783,
  0.2552982 0.91930104 -0.29951364,0.07428102 0.99308016 -0.090962199,
  -0.11281282 0.98571787 0.1250342,-0.29070022 0.89780296 0.33082204,
  -0.44484483 0.73650809 0.50957719,-0.54577543 0.51490077 0.66106458,
  0.29532487 0.91930104 -0.2601323,0.086470217 0.99308016 -0.079465044,
  -0.12945877 0.98571787 0.10770659,-0.3348222 0.89780296 0.28608379,
  -0.51283735 0.73650809 0.44108241,-0.63429952 0.51490077 0.57666395,
  0.32933958 0.91930104 -0.21545542,0.096899129 0.99308016 -0.066350209,
  -0.14346932 0.98571787 0.088186392,-0.37212816 0.89780296 0.2355217,
  -0.57038998 0.73650809 0.36360846,-0.7099111 0.51490077 0.48052411,
  0.35664988 0.91930104 -0.16639249,0.10535546 0.99308016 -0.051884676,
  -0.15455924 0.98571787 0.066870969,-0.40185867 0.89780296 0.18016507,
  -0.61633111 0.73650809 0.27873249,-0.77107094 0.51490077 0.37460218,
  0.37669982 0.91930104 -0.11394228,0.11166705 0.99308016 -0.03636292,
  -0.16250278 0.98571787 0.044194246,-0.42340849 0.89780296 0.1211408,
  -0.64972552 0.73650809 0.18818233,-0.816534 0.51490077 0.26105444,
  0.43278158 0.89934876 -0.062224598,0.16325938 0.9863039 -0.023473155,
  -0.11961162 0.9926718 0.017197554,-0.39271846 0.91792374 0.05646439,
  -0.63374131 0.76815976 0.091118244,-0.84843533 0.51505026 0.12198658] }
}
}
DEF SHAPE_58 Shape {
 appearance USE APP_2
 geometry DEF FACE_58 IndexedFaceSet {
  coord DEF COORD_58 Coordinate { point [
  -2.7599638 0.36422664 0,-2.8162246 0.14758438 0,
  2.7599638 0.36422664 0,-2.7318714 0.36422664 -0.39278381,
  -2.6481659 0.36422664 -0.77757167,-2.5105514 0.36422664 -1.1465304,
  -2.3218293 0.36422664 -1.4921491,-2.0858415 0.36422664 -1.807392,
  -1.807392 0.36422664 -2.0858415,-1.4921491 0.36422664 -2.3218293,
  -1.1465304 0.36422664 -2.5105514,-0.77757167 0.36422664 -2.6481659,
  -0.39278381 0.36422664 -2.7318714,0 0.36422664 -2.7599638,
  0.39278381 0.36422664 -2.7318714,0.77757167 0.36422664 -2.6481659,
  1.1465304 0.36422664 -2.5105514,1.4921491 0.36422664 -2.3218293,
  1.807392 0.36422664 -2.0858415,2.0858415 0.36422664 -1.807392,
  2.3218293 0.36422664 -1.4921491,2.5105514 0.36422664 -1.1465304,
  2.6481659 0.36422664 -0.77757167,2.7318714 0.36422664 -0.39278381,
  2.8162246 0.14758438 0,-2.7875595 0.14758438 -0.40079055,
  -2.7021477 0.14758438 -0.79342216,-2.561728 0.14758438 -1.169902,
  -2.3691589 0.14758438 -1.522566,-2.1283606 0.14758438 -1.8442349,
  -1.8442349 0.14758438 -2.1283606,-1.522566 0.14758438 -2.3691589,
  -1.169902 0.14758438 -2.561728,-0.79342216 0.14758438 -2.7021477,
  -0.40079055 0.14758438 -2.7875595,0 0.14758438 -2.8162246,
  0.40079055 0.14758438 -2.7875595,0.79342216 0.14758438 -2.7021477,
  1.169902 0.14758438 -2.561728,1.522566 0.14758438 -2.3691589,
  1.8442349 0.14758438 -2.1283606,2.1283606 0.14758438 -1.8442349,
  2.3691589 0.14758438 -1.522566,2.561728 0.14758438 -1.169902,
  2.7021477 0.14758438 -0.79342216,2.7875595 0.14758438 -0.40079055] }
 coordIndex [
  45,22,23,-1,45,44,22,-1,24,23,2,-1,24,45,23,-1,25,1,0,-1,25,0,3,-1,26,3,4,-1,26,25,3,-1,
  27,4,5,-1,27,26,4,-1,28,5,6,-1,28,27,5,-1,29,6,7,-1,29,28,6,-1,30,7,8,-1,30,29,7,-1,
  31,8,9,-1,31,30,8,-1,32,9,10,-1,32,31,9,-1,33,10,11,-1,33,32,10,-1,34,11,12,-1,34,33,11,-1,
  35,12,13,-1,35,34,12,-1,36,13,14,-1,36,35,13,-1,37,14,15,-1,37,36,14,-1,38,37,15,-1,38,15,16,-1,
  39,38,16,-1,39,16,17,-1,40,39,17,-1,40,17,18,-1,41,40,18,-1,41,18,19,-1,42,19,20,-1,42,41,19,-1,
  43,20,21,-1,43,42,20,-1,44,21,22,-1,44,43,21,-1]
  normalPerVertex TRUE
  normal DEF NORM_58 Normal { vector [
  -0.96558368 0.25075664 -0.069059907,-0.96558368 0.25075664 -0.069059907,
  0.96558368 0.25075664 -0.069059907,-0.95445352 0.25128804 -0.16085026,
  -0.92184718 0.25128804 -0.29504593,-0.87047469 0.25128804 -0.42323532,
  -0.80138184 0.25128804 -0.54280886,-0.71597518 0.25128804 -0.65133238,
  -0.61599332 0.25128804 -0.74659664,-0.50347162 0.25128804 -0.82666236,
  -0.38070068 0.25128804 -0.88989961,-0.25017978 0.25128804 -0.93502107,
  -0.11456594 0.25128804 -0.9611082,0.023380135 0.25128804 -0.96762993,
  0.16085026 0.25128804 -0.95445352,0.29504593 0.25128804 -0.92184718,
  0.42323532 0.25128804 -0.87047469,0.54280886 0.25128804 -0.80138184,
  0.65133238 0.25128804 -0.71597518,0.74659664 0.25128804 -0.61599332,
  0.82666236 0.25128804 -0.50347162,0.88989961 0.25128804 -0.38070068,
  0.93502107 0.25128804 -0.25017978,0.9611082 0.25128804 -0.11456594,
  0.96558368 0.25075664 -0.069059907,-0.96103363 0.25129164 -0.11518195,
  -0.93485959 0.25129164 -0.25077891,-0.88965451 0.25129164 -0.38127073,
  -0.82633862 0.25129164 -0.50400098,-0.74620087 0.25129164 -0.61647122,
  -0.65087262 0.25129164 -0.71639189,-0.54229448 0.25129164 -0.80172889,
  -0.42267678 0.25129164 -0.87074499,-0.29445461 0.25129164 -0.92203524,
  -0.16023819 0.25129164 -0.95455552,-0.022759784 0.25129164 -0.96764379,
  0.11518195 0.25129164 -0.96103363,0.25077891 0.25129164 -0.93485959,
  0.38127073 0.25129164 -0.88965451,0.50400098 0.25129164 -0.82633862,
  0.61647122 0.25129164 -0.74620087,0.71639189 0.25129164 -0.65087262,
  0.80172889 0.25129164 -0.54229448,0.87074499 0.25129164 -0.42267678,
  0.92203524 0.25129164 -0.29445461,0.95455552 0.25129164 -0.16023819] }
}
}
DEF SHAPE_59 Shape {
 appearance USE APP_2
 geometry DEF FACE_59 IndexedFaceSet {
  coord DEF COORD_59 Coordinate { point [
  -2.7214503 0.39369868 0,-2.7599638 0.36422664 0,
  -2.7317911 0.39242705 0,-2.7414363 0.38848749 0,
  -2.7497103 0.38215588 0,-2.7560338 0.37387564 0,
  2.7214503 0.39369868 0,-2.6937499 0.39369868 -0.38730277,
  -2.6112125 0.39369868 -0.76672117,-2.4755183 0.39369868 -1.1305313,
  -2.2894297 0.39369868 -1.4713271,-2.0567349 0.39369868 -1.782171,
  -1.782171 0.39369868 -2.0567349,-1.4713271 0.39369868 -2.2894297,
  -1.1305313 0.39369868 -2.4755183,-0.76672117 0.39369868 -2.6112125,
  -0.38730277 0.39369868 -2.6937499,0 0.39369868 -2.7214503,
  0.38730277 0.39369868 -2.6937499,0.76672117 0.39369868 -2.6112125,
  1.1305313 0.39369868 -2.4755183,1.4713271 0.39369868 -2.2894297,
  1.782171 0.39369868 -2.0567349,2.0567349 0.39369868 -1.782171,
  2.2894297 0.39369868 -1.4713271,2.4755183 0.39369868 -1.1305313,
  2.6112125 0.39369868 -0.76672117,2.6937499 0.39369868 -0.38730277,
  2.7599638 0.36422664 0,2.7317911 0.39242705 0,
  2.7414363 0.38848749 0,2.7497103 0.38215588 0,
  2.7560338 0.37387564 0,-2.7318714 0.36422664 -0.39278381,
  -2.6481659 0.36422664 -0.77757167,-2.5105514 0.36422664 -1.1465304,
  -2.3218293 0.36422664 -1.4921491,-2.0858415 0.36422664 -1.807392,
  -1.807392 0.36422664 -2.0858415,-1.4921491 0.36422664 -2.3218293,
  -1.1465304 0.36422664 -2.5105514,-0.77757167 0.36422664 -2.6481659,
  -0.39278381 0.36422664 -2.7318714,0 0.36422664 -2.7599638,
  0.39278381 0.36422664 -2.7318714,0.77757167 0.36422664 -2.6481659,
  1.1465304 0.36422664 -2.5105514,1.4921491 0.36422664 -2.3218293,
  1.807392 0.36422664 -2.0858415,2.0858415 0.36422664 -1.807392,
  2.3218293 0.36422664 -1.4921491,2.5105514 0.36422664 -1.1465304,
  2.6481659 0.36422664 -0.77757167,2.7318714 0.36422664 -0.39278381,
  -2.7039854 0.39242705 -0.38877441,-2.7135324 0.38848749 -0.39014706,
  -2.7217222 0.38215588 -0.39132457,-2.7279813 0.37387564 -0.3922245,
  -2.6211344 0.39242705 -0.7696345,-2.6303888 0.38848749 -0.77235185,
  -2.6383277 0.38215588 -0.77468291,-2.644395 0.37387564 -0.77646444,
  -2.4849246 0.39242705 -1.134827,-2.4936981 0.38848749 -1.1388338,
  -2.5012245 0.38215588 -1.1422709,-2.5069765 0.37387564 -1.1448978,
  -2.2981289 0.39242705 -1.4769178,-2.3062429 0.38848749 -1.4821323,
  -2.3132035 0.38215588 -1.4866056,-2.3185231 0.37387564 -1.4900243,
  -2.06455 0.39242705 -1.7889427,-2.0718393 0.38848749 -1.795259,
  -2.0780924 0.38215588 -1.8006773,-2.0828713 0.37387564 -1.8048183,
  -1.7889427 0.39242705 -2.06455,-1.795259 0.38848749 -2.0718393,
  -1.8006773 0.38215588 -2.0780924,-1.8048183 0.37387564 -2.0828713,
  -1.4769178 0.39242705 -2.2981289,-1.4821323 0.38848749 -2.3062429,
  -1.4866056 0.38215588 -2.3132035,-1.4900243 0.37387564 -2.3185231,
  -1.134827 0.39242705 -2.4849246,-1.1388338 0.38848749 -2.4936981,
  -1.1422709 0.38215588 -2.5012245,-1.1448978 0.37387564 -2.5069765,
  -0.7696345 0.39242705 -2.6211344,-0.77235185 0.38848749 -2.6303888,
  -0.77468291 0.38215588 -2.6383277,-0.77646444 0.37387564 -2.644395,
  -0.38877441 0.39242705 -2.7039854,-0.39014706 0.38848749 -2.7135324,
  -0.39132457 0.38215588 -2.7217222,-0.3922245 0.37387564 -2.7279813,
  0 0.39242705 -2.7317911,0 0.38848749 -2.7414363,
  0 0.38215588 -2.7497103,0 0.37387564 -2.7560338,
  0.38877441 0.39242705 -2.7039854,0.39014706 0.38848749 -2.7135324,
  0.39132457 0.38215588 -2.7217222,0.3922245 0.37387564 -2.7279813,
  0.7696345 0.39242705 -2.6211344,0.77235185 0.38848749 -2.6303888,
  0.77468291 0.38215588 -2.6383277,0.77646444 0.37387564 -2.644395,
  1.134827 0.39242705 -2.4849246,1.1388338 0.38848749 -2.4936981,
  1.1422709 0.38215588 -2.5012245,1.1448978 0.37387564 -2.5069765,
  1.4769178 0.39242705 -2.2981289,1.4821323 0.38848749 -2.3062429,
  1.4866056 0.38215588 -2.3132035,1.4900243 0.37387564 -2.3185231,
  1.7889427 0.39242705 -2.06455,1.795259 0.38848749 -2.0718393,
  1.8006773 0.38215588 -2.0780924,1.8048183 0.37387564 -2.0828713,
  2.06455 0.39242705 -1.7889427,2.0718393 0.38848749 -1.795259,
  2.0780924 0.38215588 -1.8006773,2.0828713 0.37387564 -1.8048183,
  2.2981289 0.39242705 -1.4769178,2.3062429 0.38848749 -1.4821323,
  2.3132035 0.38215588 -1.4866056,2.3185231 0.37387564 -1.4900243,
  2.4849246 0.39242705 -1.134827,2.4936981 0.38848749 -1.1388338,
  2.5012245 0.38215588 -1.1422709,2.5069765 0.37387564 -1.1448978,
  2.6211344 0.39242705 -0.7696345,2.6303888 0.38848749 -0.77235185,
  2.6383277 0.38215588 -0.77468291,2.644395 0.37387564 -0.77646444,
  2.7039854 0.39242705 -0.38877441,2.7135324 0.38848749 -0.39014706,
  2.7217222 0.38215588 -0.39132457,2.7279813 0.37387564 -0.3922245] }
 coordIndex [
  54,2,0,-1,54,0,7,-1,55,3,2,-1,55,2,54,-1,56,4,3,-1,56,3,55,-1,57,5,4,-1,57,1,5,-1,
  57,4,56,-1,57,33,1,-1,58,7,8,-1,58,54,7,-1,59,55,54,-1,59,54,58,-1,60,55,59,-1,60,56,55,-1,
  61,34,33,-1,61,56,60,-1,61,57,56,-1,61,33,57,-1,62,8,9,-1,62,58,8,-1,63,59,58,-1,63,58,62,-1,
  64,60,59,-1,64,59,63,-1,65,34,61,-1,65,35,34,-1,65,61,60,-1,65,60,64,-1,66,9,10,-1,66,62,9,-1,
  67,62,66,-1,67,63,62,-1,68,64,63,-1,68,63,67,-1,69,64,68,-1,69,36,35,-1,69,65,64,-1,69,35,65,-1,
  70,10,11,-1,70,66,10,-1,71,67,66,-1,71,66,70,-1,72,68,67,-1,72,67,71,-1,73,37,36,-1,73,69,68,-1,
  73,36,69,-1,73,68,72,-1,74,11,12,-1,74,70,11,-1,75,70,74,-1,75,71,70,-1,76,72,71,-1,76,71,75,-1,
  77,37,73,-1,77,38,37,-1,77,73,72,-1,77,72,76,-1,78,12,13,-1,78,74,12,-1,79,75,74,-1,79,74,78,-1,
  80,75,79,-1,80,76,75,-1,81,39,38,-1,81,77,76,-1,81,76,80,-1,81,38,77,-1,82,13,14,-1,82,78,13,-1,
  83,79,78,-1,83,78,82,-1,84,79,83,-1,84,80,79,-1,85,40,39,-1,85,39,81,-1,85,81,80,-1,85,80,84,-1,
  86,14,15,-1,86,82,14,-1,87,82,86,-1,87,83,82,-1,88,83,87,-1,88,84,83,-1,89,84,88,-1,89,41,40,-1,
  89,40,85,-1,89,85,84,-1,90,86,15,-1,90,15,16,-1,91,87,86,-1,91,86,90,-1,92,87,91,-1,92,88,87,-1,
  93,88,92,-1,93,89,88,-1,93,41,89,-1,93,42,41,-1,94,90,16,-1,94,16,17,-1,95,91,90,-1,95,90,94,-1,
  96,92,91,-1,96,91,95,-1,97,93,92,-1,97,42,93,-1,97,92,96,-1,97,43,42,-1,98,94,17,-1,98,17,18,-1,
  99,95,94,-1,99,94,98,-1,100,95,99,-1,100,96,95,-1,101,97,96,-1,101,43,97,-1,101,96,100,-1,101,44,43,-1,
  102,98,18,-1,102,18,19,-1,103,99,98,-1,103,98,102,-1,104,99,103,-1,104,100,99,-1,105,45,44,-1,105,101,100,-1,
  105,44,101,-1,105,100,104,-1,106,102,19,-1,106,19,20,-1,107,103,102,-1,107,102,106,-1,108,103,107,-1,108,104,103,-1,
  109,46,45,-1,109,45,105,-1,109,105,104,-1,109,104,108,-1,110,20,21,-1,110,106,20,-1,111,106,110,-1,111,107,106,-1,
  112,108,107,-1,112,107,111,-1,113,47,46,-1,113,46,109,-1,113,109,108,-1,113,108,112,-1,114,21,22,-1,114,110,21,-1,
  115,111,110,-1,115,110,114,-1,116,112,111,-1,116,111,115,-1,117,47,113,-1,117,48,47,-1,117,113,112,-1,117,112,116,-1,
  118,22,23,-1,118,114,22,-1,119,115,114,-1,119,114,118,-1,120,115,119,-1,120,116,115,-1,121,116,120,-1,121,49,48,-1,
  121,48,117,-1,121,117,116,-1,122,23,24,-1,122,118,23,-1,123,118,122,-1,123,119,118,-1,124,120,119,-1,124,119,123,-1,
  125,120,124,-1,125,121,120,-1,125,50,49,-1,125,49,121,-1,126,24,25,-1,126,122,24,-1,127,123,122,-1,127,122,126,-1,
  128,124,123,-1,128,123,127,-1,129,125,124,-1,129,50,125,-1,129,124,128,-1,129,51,50,-1,130,126,25,-1,130,25,26,-1,
  131,127,126,-1,131,126,130,-1,132,128,127,-1,132,127,131,-1,133,129,128,-1,133,51,129,-1,133,128,132,-1,133,52,51,-1,
  134,26,27,-1,134,27,6,-1,134,6,29,-1,134,130,26,-1,135,131,130,-1,135,29,30,-1,135,130,134,-1,135,134,29,-1,
  136,30,31,-1,136,132,131,-1,136,131,135,-1,136,135,30,-1,137,31,32,-1,137,32,28,-1,137,132,136,-1,137,133,132,-1,
  137,52,133,-1,137,136,31,-1,137,53,52,-1,137,28,53,-1]
  normalPerVertex TRUE
  normal DEF NORM_59 Normal { vector [
  -0.122048 0.99248581 -0.0087290455,-0.92410042 0.37639093 -0.066092967,
  -0.29510677 0.95523113 -0.021106453,-0.53505197 0.843952 -0.038267672,
  -0.7371913 0.67362384 -0.052724962,-0.86640208 0.49548725 -0.061966299,
  0.122048 0.99248581 -0.0087290455,-0.12039467 0.9925194 -0.020257279,
  -0.11628631 0.9925194 -0.037185037,-0.1098107 0.9925194 -0.053355814,
  -0.10109966 0.9925194 -0.068440421,-0.090330527 0.9925194 -0.082131779,
  -0.077722521 0.9925194 -0.09415117,-0.06353231 0.9925194 -0.10425391,
  -0.048048763 0.9925194 -0.11223435,-0.031587083 0.9925194 -0.11793002,
  -0.01448238 0.9925194 -0.12122497,0.0029171419 0.9925194 -0.12205213,
  0.020257279 0.9925194 -0.12039467,0.037185037 0.9925194 -0.11628631,
  0.053355814 0.9925194 -0.1098107,0.068440421 0.9925194 -0.10109966,
  0.082131779 0.9925194 -0.090330527,0.09415117 0.9925194 -0.077722521,
  0.10425391 0.9925194 -0.06353231,0.11223435 0.9925194 -0.048048763,
  0.11793002 0.9925194 -0.031587083,0.12081033 0.99252363 -0.017369904,
  0.92410042 0.37639093 -0.066092967,0.29510677 0.95523113 -0.021106453,
  0.53505197 0.843952 -0.038267672,0.7371913 0.67362384 -0.052724962,
  0.86640208 0.49548725 -0.061966299,-0.91333741 0.37712398 -0.1535978,
  -0.8821817 0.37712398 -0.28201586,-0.83306732 0.37712398 -0.40469289,
  -0.76699409 0.37712398 -0.51913154,-0.68530708 0.37712398 -0.62300217,
  -0.58966919 0.37712398 -0.71419028,-0.48202733 0.37712398 -0.79083952,
  -0.36457279 0.37712398 -0.85138956,-0.2396966 0.37712398 -0.89460776,
  -0.10994087 0.37712398 -0.91961433,0.022052931 0.37712398 -0.92590019,
  0.1535978 0.37712398 -0.91333741,0.28201586 0.37712398 -0.8821817,
  0.40469289 0.37712398 -0.83306732,0.51913154 0.37712398 -0.76699409,
  0.62300217 0.37712398 -0.68530708,0.71419028 0.37712398 -0.58966919,
  0.79083952 0.37712398 -0.48202733,0.85138956 0.37712398 -0.36457279,
  0.89460776 0.37712398 -0.2396966,0.9166988 0.37721572 -0.13180139,
  -0.24945261 0.9676014 -0.038999012,-0.49195659 0.86750649 -0.073560812,
  -0.70000752 0.70667397 -0.10296296,-0.86203554 0.4962632 -0.10304154,
  -0.24136341 0.9676014 -0.074102867,-0.47648039 0.86750649 -0.14282479,
  -0.6782293 0.70667397 -0.2015364,-0.83859692 0.4962632 -0.22467317,
  -0.22836074 0.9676014 -0.1076982,-0.45130442 0.86750649 -0.20918127,
  -0.64264428 0.70667397 -0.29600714,-0.79808689 0.4962632 -0.34173111,
  -0.2107093 0.9676014 -0.13910111,-0.41694119 0.86750649 -0.27127942,
  -0.59397688 0.70667397 -0.38445203,-0.74133011 0.4962632 -0.45183239,
  -0.18876843 0.9676014 -0.16767232,-0.37409024 0.86750649 -0.32785511,
  -0.53321782 0.70667397 -0.46507059,-0.66948198 0.4962632 -0.55273566,
  -0.16298478 0.9676014 -0.19283021,-0.3236239 0.86750649 -0.37775661,
  -0.46160399 0.70667397 -0.53622165,-0.58400514 0.4962632 -0.64238683,
  -0.13388323 0.9676014 -0.21406263,-0.2665695 0.86750649 -0.41996807,
  -0.38059323 0.70667397 -0.59645678,-0.48663963 0.4962632 -0.71896085,
  -0.10205621 0.9676014 -0.23093735,-0.20408852 0.86750649 -0.4536302,
  -0.29183468 0.70667397 -0.64454978,-0.37936754 0.4962632 -0.78089891,
  -0.06815161 0.9676014 -0.24311085,-0.13745289 0.86750649 -0.47805772,
  -0.19713523 0.70667397 -0.6795216,-0.26437263 0.4962632 -0.82694011,
  -0.032859644 0.9676014 -0.25033532,-0.068019106 0.86750649 -0.49275337,
  -0.098422673 0.70667397 -0.70066031,-0.14399584 0.4962632 -0.8561472,
  0.0031012507 0.9676014 -0.25246368,0.0027993464 0.86750649 -0.49741798,
  0.0022934874 0.70667397 -0.70753561,-0.020687724 0.4962632 -0.8679256,
  0.038999012 0.9676014 -0.24945261,0.073560812 0.86750649 -0.49195659,
  0.10296296 0.70667397 -0.70000752,0.10304154 0.4962632 -0.86203554,
  0.074102867 0.9676014 -0.24136341,0.14282479 0.86750649 -0.47648039,
  0.2015364 0.70667397 -0.6782293,0.22467317 0.4962632 -0.83859692,
  0.1076982 0.9676014 -0.22836074,0.20918127 0.86750649 -0.45130442,
  0.29600714 0.70667397 -0.64264428,0.34173111 0.4962632 -0.79808689,
  0.13910111 0.9676014 -0.2107093,0.27127942 0.86750649 -0.41694119,
  0.38445203 0.70667397 -0.59397688,0.45183239 0.4962632 -0.74133011,
  0.16767232 0.9676014 -0.18876843,0.32785511 0.86750649 -0.37409024,
  0.46507059 0.70667397 -0.53321782,0.55273566 0.4962632 -0.66948198,
  0.19283021 0.9676014 -0.16298478,0.37775661 0.86750649 -0.3236239,
  0.53622165 0.70667397 -0.46160399,0.64238683 0.4962632 -0.58400514,
  0.21406263 0.9676014 -0.13388323,0.41996807 0.86750649 -0.2665695,
  0.59645678 0.70667397 -0.38059323,0.71896085 0.4962632 -0.48663963,
  0.23093735 0.9676014 -0.10205621,0.4536302 0.86750649 -0.20408852,
  0.64454978 0.70667397 -0.29183468,0.78089891 0.4962632 -0.37936754,
  0.24311085 0.9676014 -0.06815161,0.47805772 0.86750649 -0.13745289,
  0.6795216 0.70667397 -0.19713523,0.82694011 0.4962632 -0.26437263,
  0.20702404 0.97788295 -0.029765564,0.45366313 0.888783 -0.065226911,
  0.66852824 0.73744896 -0.09611985,0.85929561 0.49633349 -0.12354806] }
}
}
DEF SHAPE_60 Shape {
 appearance USE APP_2
 geometry DEF FACE_60 IndexedFaceSet {
  coord DEF COORD_60 Coordinate { point [
  -1.8922369 0.1334909 0,-2.7214503 0.39369868 0,
  -2.1497644 0.27413979 0,-2.4297358 0.36199502 0,
  1.8922369 0.1334909 0,-1.815588 0.1334909 -0.53310474,
  -1.591851 0.1334909 -1.0230205,-1.2391516 0.1334909 -1.4300572,
  -0.78606362 0.1334909 -1.7212392,-0.26929339 0.1334909 -1.8729767,
  0.26929339 0.1334909 -1.8729767,0.78606362 0.1334909 -1.7212392,
  1.2391516 0.1334909 -1.4300572,1.591851 0.1334909 -1.0230205,
  1.815588 0.1334909 -0.53310474,2.7214503 0.39369868 0,
  2.1497644 0.27413979 0,2.4297358 0.36199502 0,
  -2.6937499 0.39369868 -0.38730277,-2.6112125 0.39369868 -0.76672117,
  -2.4755183 0.39369868 -1.1305313,-2.2894297 0.39369868 -1.4713271,
  -2.0567349 0.39369868 -1.782171,-1.782171 0.39369868 -2.0567349,
  -1.4713271 0.39369868 -2.2894297,-1.1305313 0.39369868 -2.4755183,
  -0.76672117 0.39369868 -2.6112125,-0.38730277 0.39369868 -2.6937499,
  0 0.39369868 -2.7214503,0.38730277 0.39369868 -2.6937499,
  0.76672117 0.39369868 -2.6112125,1.1305313 0.39369868 -2.4755183,
  1.4713271 0.39369868 -2.2894297,1.782171 0.39369868 -2.0567349,
  2.0567349 0.39369868 -1.782171,2.2894297 0.39369868 -1.4713271,
  2.4755183 0.39369868 -1.1305313,2.6112125 0.39369868 -0.76672117,
  2.6937499 0.39369868 -0.38730277,-2.1278829 0.27413979 -0.30594337,
  -2.0626838 0.27413979 -0.60565862,-2.4050046 0.36199502 -0.34578745,
  -1.9554945 0.27413979 -0.8930444,-2.3313144 0.36199502 -0.68453567,
  -1.8084969 0.27413979 -1.1622504,-2.2101654 0.36199502 -1.0093487,
  -1.6246835 0.27413979 -1.4077963,-2.0440238 0.36199502 -1.3136143,
  -1.4077963 0.27413979 -1.6246835,-1.8362718 0.36199502 -1.5911386,
  -1.1622504 0.27413979 -1.8084969,-1.5911386 0.36199502 -1.8362718,
  -0.8930444 0.27413979 -1.9554945,-1.3136143 0.36199502 -2.0440238,
  -0.60565862 0.27413979 -2.0626838,-1.0093487 0.36199502 -2.2101654,
  -0.30594337 0.27413979 -2.1278829,-0.68453567 0.36199502 -2.3313144,
  0 0.27413979 -2.1497644,-0.34578745 0.36199502 -2.4050046,
  0.30594337 0.27413979 -2.1278829,0 0.36199502 -2.4297358,
  0.60565862 0.27413979 -2.0626838,0.34578745 0.36199502 -2.4050046,
  0.8930444 0.27413979 -1.9554945,0.68453567 0.36199502 -2.3313144,
  1.1622504 0.27413979 -1.8084969,1.0093487 0.36199502 -2.2101654,
  1.4077963 0.27413979 -1.6246835,1.3136143 0.36199502 -2.0440238,
  1.6246835 0.27413979 -1.4077963,1.5911386 0.36199502 -1.8362718,
  1.8084969 0.27413979 -1.1622504,1.8362718 0.36199502 -1.5911386,
  1.9554945 0.27413979 -0.8930444,2.0440238 0.36199502 -1.3136143,
  2.0626838 0.27413979 -0.60565862,2.2101654 0.36199502 -1.0093487,
  2.1278829 0.27413979 -0.30594337,2.3313144 0.36199502 -0.68453567,
  2.4050046 0.36199502 -0.34578745] }
 coordIndex [
  69,32,31,-1,40,39,5,-1,69,31,67,-1,69,64,66,-1,41,3,2,-1,69,67,64,-1,41,1,3,-1,70,68,12,-1,
  41,18,1,-1,70,12,13,-1,41,2,39,-1,42,5,6,-1,71,33,32,-1,42,40,5,-1,71,32,69,-1,71,66,68,-1,
  43,39,40,-1,71,69,66,-1,43,19,18,-1,72,70,13,-1,43,41,39,-1,43,18,41,-1,73,34,33,-1,73,33,71,-1,
  44,42,6,-1,73,68,70,-1,45,19,43,-1,73,71,68,-1,45,20,19,-1,74,13,14,-1,45,40,42,-1,45,43,40,-1,
  46,6,7,-1,46,44,6,-1,74,72,13,-1,75,35,34,-1,75,70,72,-1,75,34,73,-1,47,21,20,-1,75,73,70,-1,
  47,42,44,-1,47,20,45,-1,76,74,14,-1,47,45,42,-1,48,46,7,-1,77,36,35,-1,49,22,21,-1,77,35,75,-1,
  77,72,74,-1,77,75,72,-1,49,21,47,-1,49,44,46,-1,78,76,14,-1,49,47,44,-1,78,14,4,-1,78,4,16,-1,
  50,7,8,-1,50,48,7,-1,79,74,76,-1,51,23,22,-1,79,37,36,-1,51,46,48,-1,79,36,77,-1,51,49,46,-1,
  79,77,74,-1,80,76,78,-1,51,22,49,-1,80,16,17,-1,80,17,15,-1,52,50,8,-1,80,38,37,-1,80,15,38,-1,
  80,78,16,-1,80,79,76,-1,80,37,79,-1,53,51,48,-1,53,24,23,-1,53,23,51,-1,53,48,50,-1,54,8,9,-1,
  54,52,8,-1,55,25,24,-1,55,50,52,-1,55,53,50,-1,55,24,53,-1,56,54,9,-1,57,52,54,-1,57,26,25,-1,
  57,55,52,-1,57,25,55,-1,58,9,10,-1,58,56,9,-1,59,26,57,-1,59,27,26,-1,59,54,56,-1,59,57,54,-1,
  60,58,10,-1,61,56,58,-1,61,28,27,-1,61,59,56,-1,61,27,59,-1,62,10,11,-1,62,60,10,-1,63,29,28,-1,
  63,28,61,-1,63,61,58,-1,63,58,60,-1,64,62,11,-1,65,30,29,-1,65,60,62,-1,65,63,60,-1,65,29,63,-1,
  66,11,12,-1,66,64,11,-1,67,31,30,-1,67,62,64,-1,67,65,62,-1,39,2,0,-1,67,30,65,-1,39,0,5,-1,
  68,66,12,-1]
  normalPerVertex TRUE
  normal DEF NORM_60 Normal { vector [
  0.45921792 0.88668531 0.053926493,0.10804098 0.99411641 0.0077272436,
  0.35825723 0.93327124 0.025623063,0.20468323 0.97871879 0.014639233,
  -0.45921792 0.88668531 0.053926493,0.44125844 0.8879774 0.12956517,
  0.38688165 0.8879774 0.24863374,0.301162 0.8879774 0.34755948,
  0.19104401 0.8879774 0.41832802,0.065448758 0.8879774 0.45520611,
  -0.065448758 0.8879774 0.45520611,-0.19104401 0.8879774 0.41832802,
  -0.301162 0.8879774 0.34755948,-0.38688165 0.8879774 0.24863374,
  -0.44125844 0.8879774 0.12956517,-0.10804098 0.99411641 0.0077272436,
  -0.35825723 0.93327124 0.025623063,-0.20468323 0.97871879 0.014639233,
  0.10660476 0.99414326 0.017736903,0.10299545 0.99414326 0.032727806,
  0.097289455 0.99414326 0.047052465,0.089602924 0.99414326 0.060419272,
  0.080092337 0.99414326 0.072556116,0.0689513 0.99414326 0.083215928,
  0.056406614 0.99414326 0.092181703,0.042713652 0.99414326 0.099270924,
  0.028151163 0.99414326 0.10433928,0.013015598 0.99414326 0.10728358,
  -0.0023849275 0.99414326 0.1080439,-0.017736903 0.99414326 0.10660476,
  -0.032727806 0.99414326 0.10299545,-0.047052465 0.99414326 0.097289455,
  -0.060419272 0.99414326 0.089602924,-0.072556116 0.99414326 0.080092337,
  -0.083215928 0.99414326 0.0689513,-0.092181703 0.99414326 0.056406614,
  -0.099270924 0.99414326 0.042713652,-0.10433928 0.99414326 0.028151163,
  -0.10694447 0.99414609 0.015376294,0.38890198 0.91936049 0.05942678,
  0.35486009 0.92852772 0.1091356,0.19954651 0.9795938 0.024024351,
  0.35640625 0.91936049 0.16658593,0.1940964 0.9795938 0.052178247,
  0.30973871 0.92852772 0.20469048,0.18469504 0.9795938 0.079269945,
  0.29503662 0.91936049 0.26024927,0.17153382 0.9795938 0.10474794,
  0.23952415 0.92852772 0.28366256,0.15488066 0.9795938 0.12809356,
  0.20976487 0.91936049 0.33282877,0.13507459 0.9795938 0.14883157,
  0.14990476 0.92852772 0.33965398,0.11251878 0.9795938 0.1665398,
  0.10749922 0.91936049 0.37844446,0.08767242 0.9795938 0.18085775,
  0.048140976 0.92852772 0.36812866,0.061041299 0.9795938 0.19149397,
  -0.0034753792 0.91936049 0.39340083,0.033167553 0.9795938 0.19823192,
  -0.057522901 0.92852772 0.36677974,0.0046186121 0.9795938 0.20093444,
  -0.11416842 0.91936049 0.3764862,-0.024024351 0.9795938 0.19954651,
  -0.15852661 0.92852772 0.33571651,-0.052178247 0.9795938 0.1940964,
  -0.21561222 0.91936049 0.3290709,-0.079269945 0.9795938 0.18469504,
  -0.24668744 0.92852772 0.27745553,-0.10474794 0.9795938 0.17153382,
  -0.2995884 0.91936049 0.25499624,-0.12809356 0.9795938 0.15488066,
  -0.31486312 0.92852772 0.19671674,-0.14883157 0.9795938 0.13507459,
  -0.3592937 0.91936049 0.16026329,-0.1665398 0.9795938 0.11251878,
  -0.35753047 0.92852772 0.10004114,-0.18085775 0.9795938 0.08767242,
  -0.40695229 0.91157353 0.058510906,-0.19149397 0.9795938 0.061041299,
  -0.19702741 0.97998863 0.028328264] }
}
}
DEF SHAPE_61 Shape {
 appearance USE APP_2
 geometry DEF FACE_61 IndexedFaceSet {
  coord DEF COORD_61 Coordinate { point [
  1.8478854 0.13351484 0,-1.8478854 0.13351484 0,
  1.7730331 0.13351484 0.52060949,1.5545402 0.13351484 0.9990423,
  1.2101076 0.13351484 1.3965386,0.76763936 0.13351484 1.6808957,
  0.26298152 0.13351484 1.8290766,-0.26298152 0.13351484 1.8290766,
  -0.76763936 0.13351484 1.6808957,-1.2101076 0.13351484 1.3965386,
  -1.5545402 0.13351484 0.9990423,-1.7730331 0.13351484 0.52060949,
  1.8922369 0.1334909 0,1.8816617 0.12840583 0,
  1.8700575 0.12666339 0,1.8584552 0.12841836 0,
  -1.8922369 0.1334909 0,1.815588 0.1334909 0.53310474,
  1.591851 0.1334909 1.0230205,1.2391516 0.1334909 1.4300572,
  0.78606362 0.1334909 1.7212392,0.26929339 0.1334909 1.8729767,
  -0.26929339 0.1334909 1.8729767,-0.78606362 0.1334909 1.7212392,
  -1.2391516 0.1334909 1.4300572,-1.591851 0.1334909 1.0230205,
  -1.815588 0.1334909 0.53310474,-1.8816617 0.12840583 0,
  -1.8700575 0.12666339 0,-1.8584552 0.12841836 0,
  1.8054412 0.12840583 0.53012535,1.794307 0.12666339 0.52685608,
  1.7831747 0.12841836 0.52358733,1.5829545 0.12840583 1.0173031,
  1.5731925 0.12666339 1.0110294,1.563432 0.12841836 1.0047567,
  1.2322263 0.12840583 1.422065,1.2246272 0.12666339 1.4132951,
  1.2170293 0.12841836 1.4045267,0.78167051 0.12840583 1.7116197,
  0.77684995 0.12666339 1.7010641,0.77203018 0.12841836 1.6905103,
  0.26778838 0.12840583 1.8625091,0.26613693 0.12666339 1.851023,
  0.26448575 0.12841836 1.8395388,-0.26778838 0.12840583 1.8625091,
  -0.26613693 0.12666339 1.851023,-0.26448575 0.12841836 1.8395388,
  -0.78167051 0.12840583 1.7116197,-0.77684995 0.12666339 1.7010641,
  -0.77203018 0.12841836 1.6905103,-1.2322263 0.12840583 1.422065,
  -1.2246272 0.12666339 1.4132951,-1.2170293 0.12841836 1.4045267,
  -1.5829545 0.12840583 1.0173031,-1.5731925 0.12666339 1.0110294,
  -1.563432 0.12841836 1.0047567,-1.8054412 0.12840583 0.53012535,
  -1.794307 0.12666339 0.52685608,-1.7831747 0.12841836 0.52358733] }
 coordIndex [
  38,3,4,-1,38,34,35,-1,38,35,3,-1,38,37,34,-1,39,20,19,-1,39,19,36,-1,40,36,37,-1,40,39,36,-1,
  41,4,5,-1,41,40,37,-1,41,37,38,-1,41,38,4,-1,42,21,20,-1,42,20,39,-1,43,39,40,-1,43,42,39,-1,
  44,5,6,-1,44,43,40,-1,44,40,41,-1,44,41,5,-1,45,22,21,-1,45,21,42,-1,46,45,42,-1,46,42,43,-1,
  47,43,44,-1,47,6,7,-1,47,44,6,-1,47,46,43,-1,48,22,45,-1,48,23,22,-1,49,48,45,-1,49,45,46,-1,
  50,7,8,-1,50,46,47,-1,50,49,46,-1,50,47,7,-1,51,23,48,-1,51,24,23,-1,52,48,49,-1,52,51,48,-1,
  53,8,9,-1,53,50,8,-1,53,49,50,-1,53,52,49,-1,54,24,51,-1,54,25,24,-1,55,51,52,-1,55,54,51,-1,
  56,9,10,-1,56,55,52,-1,56,53,9,-1,56,52,53,-1,57,26,25,-1,57,16,26,-1,57,27,16,-1,57,25,54,-1,
  58,28,27,-1,30,12,13,-1,58,54,55,-1,58,57,54,-1,30,17,12,-1,58,27,57,-1,59,10,11,-1,59,11,1,-1,
  59,56,10,-1,31,13,14,-1,59,29,28,-1,59,1,29,-1,59,28,58,-1,59,55,56,-1,31,30,13,-1,59,58,55,-1,
  32,0,2,-1,32,14,15,-1,32,15,0,-1,32,31,14,-1,33,18,17,-1,33,17,30,-1,34,33,30,-1,34,30,31,-1,
  35,2,3,-1,35,32,2,-1,35,34,31,-1,35,31,32,-1,36,19,18,-1,36,18,33,-1,37,36,33,-1,37,33,34,-1]
  normalPerVertex TRUE
  normal DEF NORM_61 Normal { vector [
  0.43347954 0.89900561 0.062324949,-0.43347954 0.89900561 0.062324949,
  0.41075437 0.9005602 0.1423804,0.35400274 0.9005602 0.25233587,
  0.26857191 0.9005602 0.34184859,0.16138298 0.9005602 0.40366677,
  0.041119765 0.9005602 0.43278227,-0.082474731 0.9005602 0.42683633,
  -0.19938762 0.9005602 0.38631064,-0.3001473 0.9005602 0.31448836,
  -0.37659084 0.9005602 0.21718811,-0.41673074 0.90075676 0.12236318,
  -0.43251229 0.89948098 -0.062185879,-0.24592994 0.96864244 -0.035359387,
  0.050503279 0.9986975 0.0072612753,0.29497274 0.95456399 0.042410677,
  0.43251229 0.89948098 -0.062185879,-0.4098801 0.90103237 -0.14191186,
  -0.35329588 0.90103237 -0.25164,-0.26808973 0.90103237 -0.34098177,
  -0.16116455 0.90103237 -0.40269922,-0.041182773 0.90103237 -0.43179237,
  0.082135387 0.90103237 -0.42590427,0.19879943 0.90103237 -0.38551195,
  0.29935792 0.90103237 -0.31388773,0.37566421 0.90103237 -0.2168342,
  0.41579724 0.90122523 -0.12208909,0.24592994 0.96864244 -0.035359387,
  -0.050503279 0.9986975 0.0072612753,-0.29497274 0.95456399 0.042410677,
  -0.28452158 0.9556314 -0.076263325,-0.0018158602 0.99997389 0.0069942398,
  0.28695143 0.95541693 0.069551196,-0.25151059 0.9556314 -0.15333312,
  -0.0037128102 0.99997389 0.006199337,0.25573305 0.95541693 0.14757744,
  -0.19812372 0.9556314 -0.21798077,-0.0053089704 0.99997389 0.0049022008,
  0.20379669 0.95541693 0.21364785,-0.12868603 0.9556314 -0.26496892,
  -0.0064750293 0.99997389 0.0032079174,0.13534994 0.95541693 0.26240977,
  -0.048822975 0.9556314 -0.29049086,-0.0071165199 0.99997389 0.0012537477,
  0.05593794 0.95541693 0.28991282,0.034995432 0.9556314 -0.29247896,
  -0.0071814724 0.99997389 -0.00080199328,-0.028005818 0.95541693 0.29392885,
  0.11597872 0.9556314 -0.27077216,-0.0066646247 0.99997389 -0.0027927615,
  -0.10968071 0.95541693 0.27413251,0.1875661 0.9556314 -0.227129,
  -0.0056078487 0.99997389 -0.0045572768,-0.18246993 0.95541693 0.23212759,
  0.24395799 0.9556314 -0.16508521,-0.0040967582 0.99997389 -0.0059525886,
  -0.24047651 0.95541693 0.17131708,0.32811239 0.93971293 -0.096342491,
  0.047821312 0.99875721 -0.014041604,-0.28286711 0.95555622 0.083057277] }
}
}
DEF SHAPE_62 Shape {
 appearance USE APP_2
 geometry DEF FACE_62 IndexedFaceSet {
  coord DEF COORD_62 Coordinate { point [
  -1.2401575 0.39370079 0,-1.8478854 0.13351484 0,
  -1.4534331 0.33353693 0,-1.6571475 0.2463209 0,
  1.2401575 0.39370079 0,-1.1899224 0.39370079 -0.34939274,
  -1.0432869 0.39370079 -0.67047975,-0.81213044 0.39370079 -0.93724849,
  -0.51518004 0.39370079 -1.1280869,-0.17649281 0.39370079 -1.2275345,
  0.17649281 0.39370079 -1.2275345,0.51518004 0.39370079 -1.1280869,
  0.81213044 0.39370079 -0.93724849,1.0432869 0.39370079 -0.67047975,
  1.1899224 0.39370079 -0.34939274,1.8478854 0.13351484 0,
  1.4534331 0.33353693 0,1.6571475 0.2463209 0,
  -1.7730331 0.13351484 -0.52060949,-1.5545402 0.13351484 -0.9990423,
  -1.2101076 0.13351484 -1.3965386,-0.76763936 0.13351484 -1.6808957,
  -0.26298152 0.13351484 -1.8290766,0.26298152 0.13351484 -1.8290766,
  0.76763936 0.13351484 -1.6808957,1.2101076 0.13351484 -1.3965386,
  1.5545402 0.13351484 -0.9990423,1.7730331 0.13351484 -0.52060949,
  -1.411199 0.33353693 -0.34782931,-1.2869511 0.33353693 -0.67544404,
  -1.6089938 0.2463209 -0.39658135,-1.0879103 0.33353693 -0.96380442,
  -1.4673312 0.2463209 -0.77011483,-0.82564411 0.33353693 -1.196152,
  -1.2403927 0.2463209 -1.098892,-0.51539448 0.33353693 -1.3589836,
  -0.94136706 0.2463209 -1.3638056,-0.175192 0.33353693 -1.4428359,
  -0.58763259 0.2463209 -1.5494598,0.175192 0.33353693 -1.4428359,
  -0.19974706 0.2463209 -1.645065,0.19974706 0.2463209 -1.645065,
  0.51539448 0.33353693 -1.3589836,0.82564411 0.33353693 -1.196152,
  0.58763259 0.2463209 -1.5494598,1.0879103 0.33353693 -0.96380442,
  0.94136706 0.2463209 -1.3638056,1.2869511 0.33353693 -0.67544404,
  1.2403927 0.2463209 -1.098892,1.411199 0.33353693 -0.34782931,
  1.4673312 0.2463209 -0.77011483,1.6089938 0.2463209 -0.39658135] }
 coordIndex [
  35,33,8,-1,36,21,20,-1,36,20,34,-1,36,34,31,-1,36,31,33,-1,37,35,9,-1,38,22,21,-1,38,33,35,-1,
  38,36,33,-1,38,21,36,-1,39,9,10,-1,39,37,9,-1,40,22,38,-1,40,35,37,-1,40,38,35,-1,41,23,22,-1,
  41,22,40,-1,41,37,39,-1,41,40,37,-1,42,10,11,-1,42,39,10,-1,43,11,12,-1,43,42,11,-1,44,24,23,-1,
  44,41,39,-1,44,23,41,-1,44,39,42,-1,45,12,13,-1,45,43,12,-1,46,42,43,-1,46,25,24,-1,46,44,42,-1,
  46,24,44,-1,47,13,14,-1,47,45,13,-1,48,46,43,-1,48,43,45,-1,48,26,25,-1,48,25,46,-1,49,14,4,-1,
  49,4,16,-1,49,47,14,-1,50,48,45,-1,50,45,47,-1,50,26,48,-1,50,27,26,-1,51,50,47,-1,51,16,17,-1,
  51,17,15,-1,51,49,16,-1,51,27,50,-1,51,15,27,-1,51,47,49,-1,28,2,0,-1,28,0,5,-1,29,5,6,-1,
  29,28,5,-1,30,3,2,-1,30,1,3,-1,30,18,1,-1,30,2,28,-1,31,6,7,-1,31,29,6,-1,32,19,18,-1,
  32,28,29,-1,32,18,30,-1,32,30,28,-1,33,7,8,-1,33,31,7,-1,34,20,19,-1,34,29,31,-1,34,19,32,-1,
  34,32,29,-1,35,8,9,-1]
  normalPerVertex TRUE
  normal DEF NORM_62 Normal { vector [
  -0.26680999 0.96309931 -0.035385729,-0.51791363 0.85260836 -0.069458286,
  -0.35501636 0.93386572 -0.04310679,-0.45158345 0.89054243 -0.054832158,
  0.26680999 0.96309931 -0.035385729,-0.25332327 0.96394229 -0.081502091,
  -0.22109885 0.96432839 -0.14555433,-0.17389681 0.96440486 -0.19920632,
  -0.114603 0.96417469 -0.23923486,-0.035098462 0.96369833 -0.26467647,
  0.046740868 0.9636289 -0.26312476,0.114603 0.96417469 -0.23923486,
  0.17389681 0.96440486 -0.19920632,0.22109885 0.96432839 -0.14555433,
  0.25332327 0.96394229 -0.081502091,0.51791363 0.85260836 -0.069458286,
  0.35501636 0.93386572 -0.04310679,0.45158345 0.89054243 -0.054832158,
  -0.49778498 0.85283131 -0.15776205,-0.43976386 0.8505723 -0.28833055,
  -0.34605853 0.85011482 -0.39692353,-0.22507495 0.85148156 -0.47362477,
  -0.068987948 0.85473005 -0.51446789,0.087954342 0.854605 -0.51177566,
  0.22507495 0.85148156 -0.47362477,0.34605853 0.85011482 -0.39692353,
  0.43976386 0.8505723 -0.28833055,0.49778498 0.85283131 -0.15776205,
  -0.3234637 0.94247772 -0.084302856,-0.2937945 0.94213531 -0.16144923,
  -0.44869092 0.88889138 -0.092458522,-0.24560293 0.94197818 -0.22881503,
  -0.41021105 0.88959257 -0.20087795,-0.18200319 0.94200853 -0.28194815,
  -0.34665415 0.88990771 -0.29647119,-0.10717403 0.94222585 -0.31737072,
  -0.26179906 0.88984126 -0.37368943,-0.031237106 0.93796137 -0.34532987,
  -0.16059914 0.88939207 -0.42800662,0.043640889 0.942717 -0.33072668,
  -0.061848896 0.89690471 -0.43787745,0.035382258 0.88839305 -0.45771813,
  0.12379078 0.9422836 -0.31109076,0.19665229 0.94203338 -0.27184736,
  0.14789238 0.88929073 -0.43276996,0.25740423 0.94196989 -0.21548966,
  0.25064545 0.88979799 -0.38136125,0.30204511 0.94209396 -0.14569735,
  0.33768711 0.88992212 -0.30660403,0.31251853 0.94722198 -0.071433087,
  0.40394667 0.8896648 -0.2128935,0.43913868 0.89300456 -0.098488936] }
}
}
DEF SHAPE_63 Shape {
 appearance USE APP_2
 geometry DEF FACE_63 IndexedFaceSet {
  coord DEF COORD_63 Coordinate { point [
  4.9311024 0.39370079 0,-4.9311024 0.39370079 0,
  4.9000966 0.39370079 0.55210829,4.8074693 0.39370079 1.0972735,
  4.6543853 0.39370079 1.6286399,4.4427697 0.39370079 2.1395251,
  4.1752837 0.39370079 2.6235046,3.8552911 0.39370079 3.074492,
  3.4868159 0.39370079 3.4868159,3.074492 0.39370079 3.8552911,
  2.6235046 0.39370079 4.1752837,2.1395251 0.39370079 4.4427697,
  1.6286399 0.39370079 4.6543853,1.0972735 0.39370079 4.8074693,
  0.55210829 0.39370079 4.9000966,0 0.39370079 4.9311024,
  -0.55210829 0.39370079 4.9000966,-1.0972735 0.39370079 4.8074693,
  -1.6286399 0.39370079 4.6543853,-2.1395251 0.39370079 4.4427697,
  -2.6235046 0.39370079 4.1752837,-3.074492 0.39370079 3.8552911,
  -3.4868159 0.39370079 3.4868159,-3.8552911 0.39370079 3.074492,
  -4.1752837 0.39370079 2.6235046,-4.4427697 0.39370079 2.1395251,
  -4.6543853 0.39370079 1.6286399,-4.8074693 0.39370079 1.0972735,
  -4.9000966 0.39370079 0.55210829,-2.8794261 0.12714513 0,
  -2.9823969 0.18168212 0,-3.5169844 0.32794812 0,
  -4.0652106 0.37547469 0,2.8794261 0.12714513 0,
  2.8501177 0.12714513 0.40978506,2.7627891 0.12714513 0.81122808,
  2.6192181 0.12714513 1.1961568,2.4223274 0.12714513 1.5567353,
  2.1761251 0.12714513 1.8856231,1.8856231 0.12714513 2.1761251,
  1.5567353 0.12714513 2.4223274,1.1961568 0.12714513 2.6192181,
  0.81122808 0.12714513 2.7627891,0.40978506 0.12714513 2.8501177,
  0 0.12714513 2.8794261,-0.40978506 0.12714513 2.8501177,
  -0.81122808 0.12714513 2.7627891,-1.1961568 0.12714513 2.6192181,
  -1.5567353 0.12714513 2.4223274,-1.8856231 0.12714513 2.1761251,
  -2.1761251 0.12714513 1.8856231,-2.4223274 0.12714513 1.5567353,
  -2.6192181 0.12714513 1.1961568,-2.7627891 0.12714513 0.81122808,
  -2.8501177 0.12714513 0.40978506,2.9823969 0.18168212 0,
  3.5169844 0.32794812 0,4.0652106 0.37547469 0,
  2.9636517 0.18168212 0.33385639,2.9520404 0.18168212 0.42443934,
  3.4948791 0.32794812 0.39369934,2.9076102 0.18168212 0.66369735,
  3.4811865 0.32794812 0.50051906,2.8615889 0.18168212 0.84023831,
  4.0396595 0.37547469 0.45506905,3.4287923 0.32794812 0.78266349,
  4.0238326 0.37547469 0.57853979,2.8150378 0.18168212 0.98501458,
  3.3745218 0.32794812 0.99084899,3.9632712 0.37547469 0.90466479,
  2.7128837 0.18168212 1.2389325,3.3196265 0.32794812 1.1615761,
  2.6870452 0.18168212 1.2940169,3.900541 0.37547469 1.1453022,
  3.1991615 0.32794812 1.4610081,3.8370886 0.37547469 1.3426421,
  2.525267 0.18168212 1.5867318,3.1686915 0.32794812 1.5259663,
  2.5089519 0.18168212 1.6124055,3.6978456 0.37547469 1.6887495,
  2.3317303 0.18168212 1.8594959,2.977915 0.32794812 1.8711497,
  3.662626 0.37547469 1.7638333,2.9586755 0.32794812 1.9014253,
  2.2539452 0.18168212 1.9530546,2.1088705 0.18168212 2.1088756,
  2.7496873 0.32794812 2.1928061,3.4421113 0.37547469 2.1628238,
  3.4198728 0.37547469 2.1978188,2.6579594 0.32794812 2.303135,
  1.9530546 0.18168212 2.2539452,1.859493 0.18168212 2.3317327,
  2.4868805 0.32794812 2.4868865,3.1783076 0.37547469 2.5346199,
  3.0722812 0.37547469 2.6621468,2.303135 0.32794812 2.6579594,
  1.6124055 0.18168212 2.5089519,1.5867308 0.18168212 2.5252677,
  2.1928026 0.32794812 2.7496901,2.8745345 0.37547469 2.8745415,
  1.294013 0.18168212 2.687047,2.6621468 0.37547469 3.0722812,
  1.2389325 0.18168212 2.7128837,1.9014253 0.32794812 2.9586755,
  1.8711484 0.32794812 2.9779158,2.5346159 0.37547469 3.1783108,
  0.98502225 0.18168212 2.8150351,1.5259617 0.32794812 3.1686937,
  0.84023831 0.18168212 2.8615889,1.4610081 0.32794812 3.1991615,
  2.1978188 0.37547469 3.4198728,2.1628224 0.37547469 3.4421122,
  0.66364513 0.18168212 2.9076221,1.1615851 0.32794812 3.3196233,
  1.7638281 0.37547469 3.6626285,0.42443934 0.18168212 2.9520404,
  0.99084899 0.32794812 3.3745218,1.6887495 0.37547469 3.6978456,
  0.33392249 0.18168212 2.9636442,0.78260191 0.32794812 3.4288064,
  1.3426526 0.37547469 3.837085,0 0.18168212 2.9823969,
  0.50051906 0.32794812 3.4811865,1.1453022 0.37547469 3.900541,
  0.39377729 0.32794812 3.4948703,0.90459361 0.37547469 3.9632875,
  -0.33392249 0.18168212 2.9636442,-0.42443934 0.18168212 2.9520404,
  0 0.32794812 3.5169844,0.57853979 0.37547469 4.0238326,
  0.45515915 0.37547469 4.0396494,-0.66364513 0.18168212 2.9076221,
  -0.39377729 0.32794812 3.4948703,-0.84023831 0.18168212 2.8615889,
  -0.50051906 0.32794812 3.4811865,0 0.37547469 4.0652106,
  -0.98502225 0.18168212 2.8150351,-0.78260191 0.32794812 3.4288064,
  -0.45515915 0.37547469 4.0396494,-1.2389325 0.18168212 2.7128837,
  -0.99084899 0.32794812 3.3745218,-0.57853979 0.37547469 4.0238326,
  -1.294013 0.18168212 2.687047,-1.1615851 0.32794812 3.3196233,
  -0.90459361 0.37547469 3.9632875,-1.5867308 0.18168212 2.5252677,
  -1.6124055 0.18168212 2.5089519,-1.4610081 0.32794812 3.1991615,
  -1.1453022 0.37547469 3.900541,-1.5259617 0.32794812 3.1686937,
  -1.3426526 0.37547469 3.837085,-1.859493 0.18168212 2.3317327,
  -1.8711484 0.32794812 2.9779158,-1.9014253 0.32794812 2.9586755,
  -1.6887495 0.37547469 3.6978456,-1.9530546 0.18168212 2.2539452,
  -1.7638281 0.37547469 3.6626285,-2.1088705 0.18168212 2.1088756,
  -2.1928026 0.32794812 2.7496901,-2.1628224 0.37547469 3.4421122,
  -2.1978188 0.37547469 3.4198728,-2.303135 0.32794812 2.6579594,
  -2.2539452 0.18168212 1.9530546,-2.3317303 0.18168212 1.8594959,
  -2.4868805 0.32794812 2.4868865,-2.5346159 0.37547469 3.1783108,
  -2.6621468 0.37547469 3.0722812,-2.6579594 0.32794812 2.303135,
  -2.5089519 0.18168212 1.6124055,-2.525267 0.18168212 1.5867318,
  -2.7496873 0.32794812 2.1928061,-2.8745345 0.37547469 2.8745415,
  -3.0722812 0.37547469 2.6621468,-2.9586755 0.32794812 1.9014253,
  -2.6870452 0.18168212 1.2940169,-2.977915 0.32794812 1.8711497,
  -3.1783076 0.37547469 2.5346199,-2.7128837 0.18168212 1.2389325,
  -3.4198728 0.37547469 2.1978188,-3.1686915 0.32794812 1.5259663,
  -3.4421113 0.37547469 2.1628238,-2.8150378 0.18168212 0.98501458,
  -3.1991615 0.32794812 1.4610081,-2.8615889 0.18168212 0.84023831,
  -3.662626 0.37547469 1.7638333,-3.3196265 0.32794812 1.1615761,
  -3.6978456 0.37547469 1.6887495,-2.9076102 0.18168212 0.66369735,
  -3.3745218 0.32794812 0.99084899,-3.8370886 0.37547469 1.3426421,
  -2.9520404 0.18168212 0.42443934,-3.4287923 0.32794812 0.78266349,
  -2.9636517 0.18168212 0.33385639,-3.900541 0.37547469 1.1453022,
  -3.4811865 0.32794812 0.50051906,-3.9632712 0.37547469 0.90466479,
  -3.4948791 0.32794812 0.39369934,-4.0238326 0.37547469 0.57853979,
  -4.0396595 0.37547469 0.45506905] }
 coordIndex [
  141,132,134,-1,141,138,132,-1,142,47,48,-1,142,139,47,-1,143,133,136,-1,143,140,133,-1,144,134,137,-1,144,141,134,-1,
  144,17,141,-1,145,142,48,-1,146,145,48,-1,147,136,139,-1,147,143,136,-1,148,18,17,-1,148,144,137,-1,148,137,140,-1,
  148,17,144,-1,149,139,142,-1,149,147,139,-1,150,18,148,-1,150,140,143,-1,150,148,140,-1,151,48,49,-1,151,146,48,-1,
  152,149,142,-1,152,142,145,-1,153,145,146,-1,153,152,145,-1,154,19,18,-1,154,150,143,-1,154,143,147,-1,154,18,150,-1,
  155,151,49,-1,156,154,147,-1,156,19,154,-1,156,147,149,-1,157,49,50,-1,157,155,49,-1,158,146,151,-1,158,153,146,-1,
  159,19,156,-1,159,156,149,-1,159,20,19,-1,159,149,152,-1,160,159,152,-1,160,21,20,-1,160,152,153,-1,160,20,159,-1,
  161,151,155,-1,161,158,151,-1,162,157,50,-1,163,162,50,-1,163,50,51,-1,164,155,157,-1,164,161,155,-1,165,21,160,-1,
  165,160,153,-1,165,153,158,-1,166,21,165,-1,166,22,21,-1,166,165,158,-1,166,158,161,-1,167,164,157,-1,167,157,162,-1,
  168,163,51,-1,169,168,51,-1,170,162,163,-1,170,167,162,-1,171,161,164,-1,171,166,161,-1,171,22,166,-1,172,171,164,-1,
  172,23,22,-1,172,164,167,-1,172,22,171,-1,173,170,163,-1,173,163,168,-1,174,169,51,-1,174,51,52,-1,175,168,169,-1,
  175,173,168,-1,176,23,172,-1,176,167,170,-1,176,172,167,-1,177,174,52,-1,178,24,23,-1,178,170,173,-1,178,23,176,-1,
  178,176,170,-1,179,175,169,-1,179,169,174,-1,180,24,178,-1,180,178,173,-1,180,173,175,-1,181,52,53,-1,181,177,52,-1,
  182,174,177,-1,182,179,174,-1,183,181,53,-1,184,25,24,-1,184,175,179,-1,184,24,180,-1,184,180,175,-1,185,182,177,-1,
  58,33,34,-1,58,55,33,-1,185,177,181,-1,186,26,25,-1,186,184,179,-1,59,58,34,-1,186,25,184,-1,186,179,182,-1,
  187,53,54,-1,187,183,53,-1,60,56,55,-1,60,55,58,-1,61,59,34,-1,188,181,183,-1,61,34,35,-1,188,185,181,-1,
  62,58,59,-1,62,60,58,-1,189,182,185,-1,189,26,186,-1,189,186,182,-1,63,61,35,-1,190,187,54,-1,64,2,0,-1,
  191,188,183,-1,64,56,60,-1,64,57,56,-1,64,0,57,-1,191,183,187,-1,192,190,54,-1,65,59,61,-1,192,29,30,-1,
  65,62,59,-1,192,54,29,-1,193,189,185,-1,66,3,2,-1,193,27,26,-1,66,2,64,-1,66,64,60,-1,193,185,188,-1,
  193,26,189,-1,66,60,62,-1,67,35,36,-1,194,187,190,-1,67,63,35,-1,194,191,187,-1,195,27,193,-1,195,193,188,-1,
  68,65,61,-1,195,188,191,-1,68,61,63,-1,196,192,30,-1,196,30,31,-1,69,3,66,-1,69,62,65,-1,196,194,190,-1,
  69,66,62,-1,196,190,192,-1,197,27,195,-1,197,191,194,-1,70,67,36,-1,197,195,191,-1,197,28,27,-1,71,63,67,-1,
  198,194,196,-1,198,196,31,-1,198,197,194,-1,198,1,28,-1,71,68,63,-1,198,28,197,-1,198,31,32,-1,198,32,1,-1,
  72,36,37,-1,72,70,36,-1,73,4,3,-1,73,3,69,-1,73,65,68,-1,73,69,65,-1,74,71,67,-1,74,67,70,-1,
  75,73,68,-1,75,68,71,-1,75,4,73,-1,76,72,37,-1,77,70,72,-1,77,74,70,-1,78,76,37,-1,79,5,4,-1,
  79,4,75,-1,79,75,71,-1,79,71,74,-1,80,37,38,-1,80,78,37,-1,81,72,76,-1,81,77,72,-1,82,79,74,-1,
  82,74,77,-1,82,5,79,-1,83,81,76,-1,83,76,78,-1,84,80,38,-1,85,38,39,-1,85,84,38,-1,86,78,80,-1,
  86,83,78,-1,87,6,5,-1,87,77,81,-1,87,5,82,-1,87,82,77,-1,88,7,6,-1,88,87,81,-1,88,81,83,-1,
  88,6,87,-1,89,86,80,-1,89,80,84,-1,90,85,39,-1,91,90,39,-1,91,39,40,-1,92,89,84,-1,92,84,85,-1,
  93,7,88,-1,93,88,83,-1,93,83,86,-1,94,7,93,-1,94,8,7,-1,94,93,86,-1,94,86,89,-1,95,92,85,-1,
  95,85,90,-1,96,91,40,-1,97,96,40,-1,98,90,91,-1,98,95,90,-1,99,94,89,-1,99,89,92,-1,99,8,94,-1,
  100,97,40,-1,100,40,41,-1,101,9,8,-1,101,92,95,-1,101,8,99,-1,101,99,92,-1,102,100,41,-1,103,91,96,-1,
  103,98,91,-1,104,96,97,-1,104,103,96,-1,105,101,95,-1,105,95,98,-1,105,9,101,-1,106,41,42,-1,106,102,41,-1,
  107,104,97,-1,107,97,100,-1,108,106,42,-1,109,100,102,-1,109,107,100,-1,110,10,9,-1,110,9,105,-1,110,98,103,-1,
  110,105,98,-1,111,110,103,-1,111,103,104,-1,111,10,110,-1,112,42,43,-1,112,108,42,-1,113,109,102,-1,113,102,106,-1,
  114,11,10,-1,114,104,107,-1,114,10,111,-1,114,111,104,-1,115,112,43,-1,116,106,108,-1,116,113,106,-1,117,12,11,-1,
  117,114,107,-1,117,11,114,-1,117,107,109,-1,118,43,44,-1,118,115,43,-1,119,116,108,-1,119,108,112,-1,120,12,117,-1,
  120,109,113,-1,120,117,109,-1,121,118,44,-1,122,119,112,-1,122,112,115,-1,123,13,12,-1,123,113,116,-1,123,12,120,-1,
  123,120,113,-1,124,122,115,-1,124,115,118,-1,125,123,116,-1,125,13,123,-1,125,116,119,-1,126,121,44,-1,126,44,45,-1,
  127,126,45,-1,128,118,121,-1,128,124,118,-1,129,14,13,-1,129,125,119,-1,129,119,122,-1,129,13,125,-1,130,14,129,-1,
  130,129,122,-1,130,122,124,-1,131,127,45,-1,131,45,46,-1,132,121,126,-1,132,128,121,-1,133,131,46,-1,134,126,127,-1,
  134,132,126,-1,135,124,128,-1,135,14,130,-1,135,15,14,-1,135,130,124,-1,136,133,46,-1,136,46,47,-1,137,134,127,-1,
  137,127,131,-1,138,16,15,-1,138,128,132,-1,138,135,128,-1,138,15,135,-1,139,136,47,-1,140,137,131,-1,140,131,133,-1,
  141,17,16,-1,141,16,138,-1]
  normalPerVertex TRUE
  normal DEF NORM_63 Normal { vector [
  -0.021044321 0.99977785 -0.0011817173,0.021044321 0.99977785 -0.0011817173,
  -0.020963607 0.99977737 -0.0023949195,-0.020622318 0.99977661 -0.0046307573,
  -0.019891008 0.99977682 -0.0071174029,-0.018850698 0.99977784 -0.009430051,
  -0.017837631 0.99977802 -0.01121272,-0.016642017 0.99977717 -0.01298705,
  -0.014947616 0.99977654 -0.014947616,-0.012987051 0.99977717 -0.016642018,
  -0.010923267 0.99977812 -0.018011166,-0.0091359485 0.99977764 -0.019005622,
  -0.0071174036 0.99977682 -0.01989101,-0.0046307587 0.99977661 -0.020622324,
  -0.0020663549 0.99977765 -0.020985418,0.00034495628 0.99977849 -0.021044267,
  0.0023949164 0.99977737 -0.020963559,0.0046307587 0.99977661 -0.020622324,
  0.0071174036 0.99977682 -0.01989101,0.0094300485 0.99977784 -0.018850698,
  0.01121272 0.99977802 -0.017837632,0.012987051 0.99977717 -0.016642018,
  0.014947616 0.99977654 -0.014947616,0.016642017 0.99977717 -0.01298705,
  0.018011164 0.99977812 -0.010923275,0.019005625 0.99977764 -0.00913595,
  0.019891008 0.99977682 -0.0071174029,0.020622318 0.99977661 -0.0046307573,
  0.020963607 0.99977737 -0.0023949195,0.45798424 0.88846755 -0.029594653,
  0.28237781 0.95917224 -0.015854838,0.14340176 0.9896318 -0.0080516652,
  0.046446957 0.99891735 -0.0026078854,-0.45798424 0.88846755 -0.029594653,
  -0.44753388 0.89169876 -0.067725486,-0.43235394 0.89282083 -0.12625783,
  -0.4156953 0.89055887 -0.1846681,-0.38562955 0.88943667 -0.24534111,
  -0.33964259 0.8924484 -0.29694909,-0.29694878 0.89244849 -0.33964262,
  -0.24534089 0.88943666 -0.38562971,-0.18466826 0.89055891 -0.41569515,
  -0.12625681 0.8928208 -0.43235431,-0.067725079 0.89169825 -0.44753497,
  0 0.8888538 -0.45819092,0.067725079 0.89169825 -0.44753497,
  0.12625681 0.8928208 -0.43235431,0.18466826 0.89055891 -0.41569515,
  0.24534089 0.88943666 -0.38562971,0.29694878 0.89244849 -0.33964262,
  0.33964259 0.8924484 -0.29694909,0.38562955 0.88943667 -0.24534111,
  0.4156953 0.89055887 -0.1846681,0.43235394 0.89282083 -0.12625783,
  0.44753388 0.89169876 -0.067725486,-0.28237781 0.95917224 -0.015854838,
  -0.14340176 0.9896318 -0.0080516652,-0.046446957 0.99891735 -0.0026078854,
  -0.31358679 0.94923872 -0.024681538,-0.28110242 0.95840213 -0.049465066,
  -0.18864951 0.9819588 -0.012972372,-0.29958292 0.95163903 -0.068067889,
  -0.15634634 0.98735735 -0.026101569,-0.27721897 0.95726223 -0.082453949,
  -0.044104548 0.99902282 -0.0028624866,-0.17200301 0.98441396 -0.036662241,
  -0.037780527 0.99926658 -0.0062395799,-0.28253755 0.95316996 -0.10788676,
  -0.16764523 0.9846932 -0.047690378,-0.051776593 0.9986 -0.010827122,
  -0.27187432 0.95548548 -0.11459426,-0.15324204 0.98657594 -0.056433956,
  -0.26363097 0.95385758 -0.14371646,-0.039076752 0.99917523 -0.011038927,
  -0.17669381 0.98157005 -0.072797963,-0.047685298 0.99871203 -0.017331752,
  -0.25894258 0.95477649 -0.14611841,-0.13390407 0.98838722 -0.071836001,
  -0.23091345 0.958947 -0.16461963,-0.039468278 0.9990892 -0.016217801,
  -0.24801351 0.9501621 -0.18889491,-0.17244665 0.98030754 -0.096225175,
  -0.042760013 0.99882529 -0.02279528,-0.12120988 0.98891401 -0.085774356,
  -0.21226247 0.95807281 -0.19246072,-0.21397412 0.95222846 -0.21788996,
  -0.14816059 0.98281192 -0.11013247,-0.038468158 0.99903072 -0.021396953,
  -0.029882438 0.99933049 -0.02110937,-0.12239049 0.98651633 -0.10865592,
  -0.19197521 0.95676006 -0.21853078,-0.17892441 0.95354218 -0.2423703,
  -0.12186766 0.98516652 -0.12081058,-0.043609294 0.99852901 -0.032218803,
  -0.029283614 0.99923561 -0.02589722,-0.12020865 0.98370613 -0.13368672,
  -0.17136203 0.95466499 -0.24341286,-0.13770758 0.95905373 -0.24749257,
  -0.095920518 0.98723617 -0.12713774,-0.037223993 0.99863662 -0.036596006,
  -0.14989806 0.94801527 -0.28070915,-0.027678928 0.99914587 -0.030682422,
  -0.10774541 0.95869199 -0.26325007,-0.11413138 0.98041458 -0.16050321,
  -0.072468177 0.98897078 -0.12917105,-0.030252072 0.99875091 -0.03976721,
  -0.10549128 0.95095667 -0.29078,-0.091932398 0.98120998 -0.16963315,
  -0.077415563 0.95769564 -0.27717483,-0.059034509 0.98815682 -0.14163693,
  -0.025113187 0.99906189 -0.035279822,-0.023349401 0.99886678 -0.041472353,
  -0.062031297 0.95273487 -0.29740273,-0.063623843 0.9836309 -0.16858903,
  -0.021120576 0.99902657 -0.038727639,-0.046807931 0.95617462 -0.28903132,
  -0.047321807 0.98562851 -0.16216375,-0.014457534 0.99929835 -0.034551261,
  -0.019822801 0.95385926 -0.29959901,-0.036296982 0.98588629 -0.16343425,
  -0.019086728 0.9985642 -0.050052373,0.0048672063 0.957478 -0.28846522,
  -0.031522951 0.98266615 -0.18268429,-0.011241474 0.99920508 -0.038246939,
  -0.011566601 0.98786891 -0.15485877,-0.011376799 0.99867394 -0.050208947,
  0.024681076 0.94923654 -0.31359343,0.049464396 0.9584025 -0.28110127,
  -0.0011753273 0.9851662 -0.17159886,-0.0071977254 0.99911721 -0.041388289,
  -0.0038325517 0.99879065 -0.049015841,0.068067143 0.95164014 -0.29957954,
  0.012973346 0.98195689 -0.18865939,0.0824526 0.95726193 -0.27722043,
  0.026101223 0.98735826 -0.15634061,-0.00081489441 0.9990005 -0.044691614,
  0.10788695 0.95316986 -0.28253784,0.036660589 0.98441531 -0.17199563,
  0.0028626776 0.99902277 -0.044105692,0.1145944 0.95548544 -0.27187443,
  0.04768999 0.98469257 -0.16764904,0.0062392135 0.99926671 -0.03777723,
  0.1437163 0.95385761 -0.26363095,0.05643432 0.98657576 -0.15324307,
  0.010826826 0.99860006 -0.051775454,0.14611821 0.95477653 -0.25894257,
  0.16461948 0.95894699 -0.2309136,0.072798241 0.98156997 -0.1766941,
  0.011039148 0.99917516 -0.039078584,0.071835725 0.9883873 -0.13390358,
  0.017331818 0.99871202 -0.047685498,0.18889474 0.9501622 -0.24801324,
  0.096224971 0.98030757 -0.17244659,0.085774385 0.98891398 -0.12121015,
  0.016217738 0.99908921 -0.039468044,0.19246048 0.95807276 -0.21226295,
  0.022795219 0.99882529 -0.042759895,0.21788966 0.95222859 -0.21397386,
  0.11013213 0.98281203 -0.14816016,0.021396962 0.99903071 -0.038468233,
  0.021109348 0.99933049 -0.02988245,0.10865626 0.98651618 -0.12239133,
  0.21853065 0.95675997 -0.1919758,0.24237017 0.95354223 -0.17892436,
  0.12080987 0.9851667 -0.12186695,0.032218753 0.99852901 -0.043609239,
  0.025897216 0.99923561 -0.029283694,0.13368718 0.98370596 -0.1202095,
  0.24341281 0.95466494 -0.17136234,0.24749245 0.95905373 -0.13770777,
  0.12713735 0.98723625 -0.095920213,0.036595886 0.99863663 -0.037223876,
  0.030682525 0.99914586 -0.027679101,0.16050335 0.98041452 -0.11413167,
  0.28070871 0.94801544 -0.14989778,0.12917088 0.9889708 -0.072468197,
  0.039767131 0.99875092 -0.030252005,0.26325024 0.95869197 -0.1077452,
  0.035279877 0.99906189 -0.02511326,0.16963254 0.98121011 -0.091932138,
  0.041472308 0.99886678 -0.023349409,0.29078056 0.95095647 -0.10549152,
  0.14163727 0.98815677 -0.059034566,0.277175 0.95769538 -0.077418197,
  0.038727587 0.99902657 -0.021120565,0.16859013 0.98363068 -0.063624237,
  0.034551536 0.99929834 -0.014457639,0.29740012 0.9527357 -0.062031112,
  0.16216676 0.98562792 -0.047323919,0.050052535 0.99856419 -0.019086777,
  0.28902937 0.95617532 -0.046805776,0.16342713 0.98588753 -0.036295369,
  0.32276196 0.94619862 -0.023084391,0.038246099 0.99920512 -0.011241428,
  0.18267816 0.98266732 -0.031521782,0.050207664 0.998674 -0.011376503,
  0.20225258 0.97922655 -0.01446539,0.041390219 0.99911713 -0.0071981006,
  0.045670903 0.99895152 -0.0031682395] }
}
}
DEF SHAPE_64 Shape {
 appearance USE APP_2
 geometry DEF FACE_64 IndexedFaceSet {
  coord DEF COORD_64 Coordinate { point [
  2.9045215 0.09680994 0,-2.9045215 0.09680994 0,
  2.8749577 0.09680994 0.41335651,2.786868 0.09680994 0.81829828,
  2.6420457 0.09680994 1.2065818,2.443439 0.09680994 1.5703029,
  2.1950909 0.09680994 1.9020571,1.9020571 0.09680994 2.1950909,
  1.5703029 0.09680994 2.443439,1.2065818 0.09680994 2.6420457,
  0.81829828 0.09680994 2.786868,0.41335651 0.09680994 2.8749577,
  0 0.09680994 2.9045215,-0.41335651 0.09680994 2.8749577,
  -0.81829828 0.09680994 2.786868,-1.2065818 0.09680994 2.6420457,
  -1.5703029 0.09680994 2.443439,-1.9020571 0.09680994 2.1950909,
  -2.1950909 0.09680994 1.9020571,-2.443439 0.09680994 1.5703029,
  -2.6420457 0.09680994 1.2065818,-2.786868 0.09680994 0.81829828,
  -2.8749577 0.09680994 0.41335651,-4.9311024 0.35433071 0,
  -4.0924368 0.33724087 0,-3.3758414 0.26041111 0,
  -3.0724041 0.1741374 0,4.9311024 0.35433071 0,
  4.9000966 0.35433071 0.55210829,4.8074693 0.35433071 1.0972735,
  4.6543853 0.35433071 1.6286399,4.4427697 0.35433071 2.1395251,
  4.1752837 0.35433071 2.6235046,3.8552911 0.35433071 3.074492,
  3.4868159 0.35433071 3.4868159,3.074492 0.35433071 3.8552911,
  2.6235046 0.35433071 4.1752837,2.1395251 0.35433071 4.4427697,
  1.6286399 0.35433071 4.6543853,1.0972735 0.35433071 4.8074693,
  0.55210829 0.35433071 4.9000966,0 0.35433071 4.9311024,
  -0.55210829 0.35433071 4.9000966,-1.0972735 0.35433071 4.8074693,
  -1.6286399 0.35433071 4.6543853,-2.1395251 0.35433071 4.4427697,
  -2.6235046 0.35433071 4.1752837,-3.074492 0.35433071 3.8552911,
  -3.4868159 0.35433071 3.4868159,-3.8552911 0.35433071 3.074492,
  -4.1752837 0.35433071 2.6235046,-4.4427697 0.35433071 2.1395251,
  -4.6543853 0.35433071 1.6286399,-4.8074693 0.35433071 1.0972735,
  -4.9000966 0.35433071 0.55210829,4.0924368 0.33724087 0,
  3.3758414 0.26041111 0,3.0724041 0.1741374 0,
  4.0667146 0.33724087 0.45811681,4.0507817 0.33724087 0.58241448,
  3.9898147 0.33724087 0.91072366,3.3546233 0.26041111 0.37789947,
  3.3414802 0.26041111 0.48043233,3.0530932 0.1741374 0.343932,
  3.9266644 0.33724087 1.1529727,3.0411315 0.1741374 0.4372487,
  3.862787 0.33724087 1.3516343,3.2911887 0.26041111 0.75125379,
  2.9953604 0.1741374 0.6837274,3.2390961 0.26041111 0.95108444,
  3.7226115 0.33724087 1.7000597,3.6871559 0.33724087 1.7756464,
  3.1864039 0.26041111 1.1149599,2.9479502 0.1741374 0.86559628,
  2.8999942 0.1741374 1.0147418,3.4651644 0.33724087 2.177309,
  3.4427769 0.33724087 2.2125384,3.0707734 0.26041111 1.4023752,
  3.0415262 0.26041111 1.4647265,2.7947571 0.1741374 1.2763228,
  2.7681388 0.1741374 1.3330696,3.1995939 0.33724087 2.5515952,
  3.0928574 0.33724087 2.6799762,2.8584059 0.26041111 1.7960571,
  2.8399385 0.26041111 1.8251177,2.8937863 0.33724087 2.8937933,
  2.6014783 0.1741374 1.6346186,2.5846708 0.1741374 1.6610671,
  2.6393374 0.26041111 2.1048048,2.6799762 0.33724087 3.0928574,
  2.5512907 0.26041111 2.210706,2.5515911 0.33724087 3.1995971,
  2.4021008 0.1741374 1.9156146,2.3870775 0.26041111 2.3870833,
  2.3219681 0.1741374 2.0119968,2.2125384 0.33724087 3.4427769,
  2.1773076 0.33724087 3.4651653,2.210706 0.26041111 2.5512907,
  2.1725152 0.1741374 2.1725204,2.1048015 0.26041111 2.6393401,
  2.0119968 0.1741374 2.3219681,1.7756411 0.33724087 3.6871585,
  1.7000597 0.33724087 3.7226115,1.9156116 0.1741374 2.4021032,
  1.8251177 0.26041111 2.8399385,1.7960559 0.26041111 2.8584067,
  1.3516448 0.33724087 3.8627834,1.6610671 0.1741374 2.5846708,
  1.6346175 0.1741374 2.601479,1.1529727 0.33724087 3.9266644,
  1.4647221 0.26041111 3.0415283,1.4023752 0.26041111 3.0707734,
  0.91065201 0.33724087 3.9898311,1.3330657 0.1741374 2.7681407,
  1.2763228 0.1741374 2.7947571,0.58241448 0.33724087 4.0507817,
  1.1149686 0.26041111 3.1864009,0.45820752 0.33724087 4.0667044,
  0.95108444 0.26041111 3.2390961,1.0147497 0.1741374 2.8999914,
  0.75119469 0.26041111 3.2912022,0.86559628 0.1741374 2.9479502,
  0 0.33724087 4.0924368,0.48043233 0.26041111 3.3414802,
  0.6836736 0.1741374 2.9953727,0.3779743 0.26041111 3.3546149,
  -0.45820752 0.33724087 4.0667044,0.4372487 0.1741374 3.0411315,
  -0.58241448 0.33724087 4.0507817,0.3440001 0.1741374 3.0530855,
  0 0.26041111 3.3758414,-0.91065201 0.33724087 3.9898311,
  0 0.1741374 3.0724041,-1.1529727 0.33724087 3.9266644,
  -0.3779743 0.26041111 3.3546149,-1.3516448 0.33724087 3.8627834,
  -0.48043233 0.26041111 3.3414802,-0.3440001 0.1741374 3.0530855,
  -0.75119469 0.26041111 3.2912022,-0.4372487 0.1741374 3.0411315,
  -1.7000597 0.33724087 3.7226115,-1.7756411 0.33724087 3.6871585,
  -0.95108444 0.26041111 3.2390961,-0.6836736 0.1741374 2.9953727,
  -1.1149686 0.26041111 3.1864009,-0.86559628 0.1741374 2.9479502,
  -2.1773076 0.33724087 3.4651653,-2.2125384 0.33724087 3.4427769,
  -1.0147497 0.1741374 2.8999914,-1.4023752 0.26041111 3.0707734,
  -1.4647221 0.26041111 3.0415283,-2.5515911 0.33724087 3.1995971,
  -1.2763228 0.1741374 2.7947571,-1.3330657 0.1741374 2.7681407,
  -2.6799762 0.33724087 3.0928574,-1.7960559 0.26041111 2.8584067,
  -1.8251177 0.26041111 2.8399385,-2.8937863 0.33724087 2.8937933,
  -1.6346175 0.1741374 2.601479,-1.6610671 0.1741374 2.5846708,
  -2.1048015 0.26041111 2.6393401,-3.0928574 0.33724087 2.6799762,
  -2.210706 0.26041111 2.5512907,-3.1995939 0.33724087 2.5515952,
  -1.9156116 0.1741374 2.4021032,-2.3870775 0.26041111 2.3870833,
  -2.0119968 0.1741374 2.3219681,-3.4427769 0.33724087 2.2125384,
  -3.4651644 0.33724087 2.177309,-2.5512907 0.26041111 2.210706,
  -2.1725152 0.1741374 2.1725204,-2.6393374 0.26041111 2.1048048,
  -2.3219681 0.1741374 2.0119968,-2.4021008 0.1741374 1.9156146,
  -3.6871559 0.33724087 1.7756464,-3.7226115 0.33724087 1.7000597,
  -2.8399385 0.26041111 1.8251177,-2.8584059 0.26041111 1.7960571,
  -2.5846708 0.1741374 1.6610671,-2.6014783 0.1741374 1.6346186,
  -3.862787 0.33724087 1.3516343,-3.0415262 0.26041111 1.4647265,
  -3.0707734 0.26041111 1.4023752,-3.9266644 0.33724087 1.1529727,
  -2.7681388 0.1741374 1.3330696,-2.7947571 0.1741374 1.2763228,
  -3.9898147 0.33724087 0.91072366,-3.1864039 0.26041111 1.1149599,
  -3.2390961 0.26041111 0.95108444,-2.8999942 0.1741374 1.0147418,
  -4.0507817 0.33724087 0.58241448,-2.9479502 0.1741374 0.86559628,
  -4.0667146 0.33724087 0.45811681,-3.2911887 0.26041111 0.75125379,
  -2.9953604 0.1741374 0.6837274,-3.3414802 0.26041111 0.48043233,
  -3.3546233 0.26041111 0.37789947,-3.0411315 0.1741374 0.4372487,
  -3.0530932 0.1741374 0.343932] }
 coordIndex [
  147,46,47,-1,147,146,46,-1,148,15,14,-1,148,142,144,-1,148,14,145,-1,148,145,142,-1,149,135,140,-1,149,144,135,-1,
  150,140,141,-1,150,149,140,-1,151,147,47,-1,152,15,148,-1,152,148,144,-1,152,144,149,-1,153,16,15,-1,153,15,152,-1,
  153,149,150,-1,153,152,149,-1,154,47,48,-1,154,151,47,-1,155,150,141,-1,155,141,146,-1,156,155,146,-1,156,146,147,-1,
  157,154,48,-1,158,150,155,-1,158,16,153,-1,158,153,150,-1,159,155,156,-1,159,16,158,-1,159,158,155,-1,160,156,147,-1,
  160,147,151,-1,161,157,48,-1,161,48,49,-1,162,151,154,-1,162,160,151,-1,163,161,49,-1,164,159,156,-1,164,16,159,-1,
  164,17,16,-1,164,156,160,-1,165,154,157,-1,165,162,154,-1,166,17,164,-1,166,160,162,-1,166,164,160,-1,167,49,50,-1,
  167,163,49,-1,168,167,50,-1,169,157,161,-1,169,165,157,-1,170,17,166,-1,170,18,17,-1,170,162,165,-1,170,166,162,-1,
  171,161,163,-1,171,169,161,-1,172,18,170,-1,172,165,169,-1,172,170,165,-1,173,19,18,-1,173,169,171,-1,173,18,172,-1,
  173,172,169,-1,174,168,50,-1,174,50,51,-1,175,51,52,-1,175,174,51,-1,176,171,163,-1,176,163,167,-1,177,167,168,-1,
  177,176,167,-1,178,19,173,-1,178,173,171,-1,178,171,176,-1,179,19,178,-1,179,176,177,-1,179,178,176,-1,180,175,52,-1,
  181,177,168,-1,181,168,174,-1,182,174,175,-1,182,181,174,-1,183,180,52,-1,183,52,53,-1,184,20,19,-1,184,177,181,-1,
  184,19,179,-1,184,179,177,-1,185,184,181,-1,185,20,184,-1,185,181,182,-1,186,183,53,-1,187,175,180,-1,187,182,175,-1,
  188,187,180,-1,188,180,183,-1,189,21,20,-1,189,20,185,-1,189,185,182,-1,189,182,187,-1,190,53,54,-1,190,186,53,-1,
  191,187,188,-1,191,21,189,-1,191,189,187,-1,192,23,24,-1,192,54,23,-1,192,190,54,-1,193,188,183,-1,193,183,186,-1,
  194,21,191,-1,194,22,21,-1,194,191,188,-1,194,188,193,-1,195,186,190,-1,195,193,186,-1,196,195,190,-1,196,24,25,-1,
  196,192,24,-1,58,27,28,-1,196,190,192,-1,58,55,27,-1,197,22,194,-1,197,194,193,-1,197,193,195,-1,59,28,29,-1,
  198,195,196,-1,198,196,25,-1,198,197,195,-1,59,58,28,-1,198,1,22,-1,198,25,26,-1,198,26,1,-1,198,22,197,-1,
  60,59,29,-1,61,55,58,-1,61,56,55,-1,62,58,59,-1,62,61,58,-1,63,2,0,-1,63,57,56,-1,63,0,57,-1,
  63,56,61,-1,64,29,30,-1,64,60,29,-1,65,61,62,-1,65,63,61,-1,65,2,63,-1,66,64,30,-1,67,59,60,-1,
  67,62,59,-1,68,3,2,-1,68,65,62,-1,68,2,65,-1,68,62,67,-1,69,60,64,-1,69,67,60,-1,70,30,31,-1,
  70,66,30,-1,71,70,31,-1,72,69,64,-1,72,64,66,-1,73,3,68,-1,73,68,67,-1,73,67,69,-1,74,4,3,-1,
  74,73,69,-1,74,3,73,-1,74,69,72,-1,75,31,32,-1,75,71,31,-1,76,32,33,-1,76,75,32,-1,77,66,70,-1,
  77,72,66,-1,78,70,71,-1,78,77,70,-1,79,74,72,-1,79,4,74,-1,79,72,77,-1,80,5,4,-1,80,77,78,-1,
  80,4,79,-1,80,79,77,-1,81,76,33,-1,82,33,34,-1,82,81,33,-1,83,78,71,-1,83,71,75,-1,84,75,76,-1,
  84,83,75,-1,85,82,34,-1,86,80,78,-1,86,78,83,-1,86,5,80,-1,87,5,86,-1,87,83,84,-1,87,86,83,-1,
  88,76,81,-1,88,84,76,-1,89,34,35,-1,89,85,34,-1,90,81,82,-1,90,88,81,-1,91,89,35,-1,92,87,84,-1,
  92,6,5,-1,92,84,88,-1,92,5,87,-1,93,90,82,-1,93,82,85,-1,94,88,90,-1,94,6,92,-1,94,92,88,-1,
  95,35,36,-1,95,91,35,-1,96,95,36,-1,97,85,89,-1,97,93,85,-1,98,90,93,-1,98,7,6,-1,98,6,94,-1,
  98,94,90,-1,99,97,89,-1,99,89,91,-1,100,98,93,-1,100,93,97,-1,100,7,98,-1,101,96,36,-1,101,36,37,-1,
  102,37,38,-1,102,101,37,-1,103,8,7,-1,103,7,100,-1,103,100,97,-1,103,97,99,-1,104,91,95,-1,104,99,91,-1,
  105,104,95,-1,105,95,96,-1,106,102,38,-1,107,8,103,-1,107,99,104,-1,107,103,99,-1,108,8,107,-1,108,104,105,-1,
  108,107,104,-1,109,106,38,-1,109,38,39,-1,110,96,101,-1,110,105,96,-1,111,101,102,-1,111,110,101,-1,112,109,39,-1,
  113,9,8,-1,113,8,108,-1,113,108,105,-1,113,105,110,-1,114,9,113,-1,114,110,111,-1,114,113,110,-1,115,39,40,-1,
  115,112,39,-1,116,102,106,-1,116,111,102,-1,117,115,40,-1,118,106,109,-1,118,116,106,-1,119,10,9,-1,119,9,114,-1,
  119,114,111,-1,119,111,116,-1,120,109,112,-1,120,118,109,-1,121,10,119,-1,121,116,118,-1,121,119,116,-1,122,117,40,-1,
  122,40,41,-1,123,120,112,-1,123,112,115,-1,124,121,118,-1,124,11,10,-1,124,118,120,-1,124,10,121,-1,125,123,115,-1,
  125,115,117,-1,126,122,41,-1,126,41,42,-1,127,124,120,-1,127,120,123,-1,127,11,124,-1,128,126,42,-1,128,42,43,-1,
  129,127,123,-1,129,123,125,-1,129,12,11,-1,129,11,127,-1,130,125,117,-1,130,117,122,-1,131,128,43,-1,132,125,130,-1,
  132,129,125,-1,132,12,129,-1,133,131,43,-1,133,43,44,-1,134,130,122,-1,134,122,126,-1,135,133,44,-1,136,126,128,-1,
  136,134,126,-1,137,13,12,-1,137,12,132,-1,137,132,130,-1,137,130,134,-1,138,128,131,-1,138,136,128,-1,139,134,136,-1,
  139,13,137,-1,139,137,134,-1,140,135,44,-1,140,44,45,-1,141,140,45,-1,142,138,131,-1,142,131,133,-1,143,139,136,-1,
  143,14,13,-1,143,136,138,-1,143,13,139,-1,144,133,135,-1,144,142,133,-1,145,138,142,-1,145,14,143,-1,145,143,138,-1,
  146,45,46,-1,146,141,45,-1]
  normalPerVertex TRUE
  normal DEF NORM_64 Normal { vector [
  0.41235354 -0.91063511 0.02661297,-0.41235354 -0.91063511 0.02661297,
  0.40452802 -0.91247131 0.061263325,0.39144971 -0.91307276 0.11430339,
  0.37516864 -0.9118633 0.16659477,0.34746343 -0.91127019 0.22103351,
  0.30732388 -0.9128728 0.26872901,0.26872875 -0.91287285 0.30732395,
  0.2210333 -0.91127018 0.34746357,0.16659492 -0.91186332 0.37516852,
  0.11430245 -0.91307273 0.39145004,0.061262906 -0.91247104 0.40452869,
  0 -0.91095614 0.41250323,-0.061262906 -0.91247104 0.40452869,
  -0.11430245 -0.91307273 0.39145004,-0.16659492 -0.91186332 0.37516852,
  -0.2210333 -0.91127018 0.34746357,-0.26872875 -0.91287285 0.30732395,
  -0.30732388 -0.9128728 0.26872901,-0.34746343 -0.91127019 0.22103351,
  -0.37516864 -0.9118633 0.16659477,-0.39144971 -0.91307276 0.11430339,
  -0.40452802 -0.91247131 0.061263325,-0.020373247 -0.99979179 0.0011440337,
  -0.073087873 -0.99731706 0.004103709,-0.1832426 -0.98301388 0.010288633,
  -0.32786387 -0.9445456 0.018408771,0.020373247 -0.99979179 0.0011440337,
  0.020297161 -0.9997913 0.0023189751,0.01996798 -0.99979057 0.0044835025,
  0.019259254 -0.99979077 0.0068920171,0.018249979 -0.99979176 0.0091310839,
  0.017269596 -0.99979194 0.010855682,0.016113734 -0.9997911 0.012573593,
  0.01447337 -0.9997905 0.01447337,0.012573594 -0.9997911 0.016113735,
  0.01057401 -0.99979203 0.017438153,0.0088452388 -0.99979156 0.018401064,
  0.0068920178 -0.99979077 0.019259255,0.0044835039 -0.99979057 0.019967986,
  0.0019993552 -0.99979157 0.02031781,-0.00033553676 -0.99979239 0.020373192,
  -0.0023189719 -0.9997913 0.020297113,-0.0044835039 -0.99979057 0.019967986,
  -0.0068920178 -0.99979077 0.019259255,-0.0091310814 -0.99979176 0.018249978,
  -0.010855682 -0.99979194 0.017269597,-0.012573594 -0.9997911 0.016113735,
  -0.01447337 -0.9997905 0.01447337,-0.016113734 -0.9997911 0.012573593,
  -0.017438151 -0.99979203 0.010574017,-0.018401067 -0.99979156 0.0088452404,
  -0.019259254 -0.99979077 0.0068920171,-0.01996798 -0.99979057 0.0044835025,
  -0.020297161 -0.9997913 0.0023189751,0.073087873 -0.99731706 0.004103709,
  0.1832426 -0.98301388 0.010288633,0.32786387 -0.9445456 0.018408771,
  0.049792387 -0.99875248 0.0037696263,0.052893231 -0.99855755 0.0092261517,
  0.065138613 -0.99776653 0.014795947,0.14199075 -0.9898169 0.010056207,
  0.16384249 -0.98609681 0.027725847,0.32739583 -0.94462621 0.022210088,
  0.048595472 -0.99871582 0.014324741,0.31514766 -0.94763122 0.051740018,
  0.064872825 -0.99758611 0.024768254,0.14774066 -0.98850894 0.031980763,
  0.32450573 -0.9433887 0.068657034,0.14641782 -0.98832852 0.042054242,
  0.043547899 -0.99888459 0.018252625,0.062963304 -0.99742739 0.034266885,
  0.1514449 -0.98686 0.056318535,0.30136926 -0.94972651 0.08482997,
  0.31657956 -0.94144514 0.11601044,0.040687893 -0.9989106 0.022849672,
  0.04520815 -0.99845873 0.0321931,0.13034751 -0.99000119 0.053918094,
  0.15255125 -0.98487201 0.082190242,0.28542256 -0.9512174 0.11712995,
  0.30422468 -0.93846877 0.1634739,0.051599904 -0.99789445 0.039295335,
  0.03912599 -0.99860912 0.035340966,0.12003527 -0.9904994 0.067100456,
  0.14461153 -0.98416038 0.10254683,0.047446971 -0.99770484 0.048309761,
  0.26789435 -0.95182134 0.14922721,0.26552283 -0.94571968 0.18738173,
  0.11625506 -0.98941277 0.086874186,0.032805827 -0.99877089 0.037154795,
  0.12030118 -0.98691711 0.1073417,0.041729893 -0.99752885 0.056522666,
  0.26438561 -0.94427987 0.19605046,0.1093219 -0.98800176 0.10909283,
  0.23770063 -0.94841477 0.20978043,0.026506943 -0.99894305 0.037552137,
  0.035219351 -0.99737588 0.063253057,0.098921227 -0.98893826 0.11052469,
  0.23706138 -0.94282946 0.2342531,0.099276411 -0.98621507 0.13237837,
  0.20877428 -0.95027845 0.23105016,0.022852121 -0.99882768 0.042673738,
  0.020739152 -0.99850757 0.050522531,0.20488866 -0.9405983 0.27073137,
  0.079744278 -0.99046644 0.11232579,0.086848982 -0.98406384 0.15516321,
  0.022460816 -0.99782959 0.061900055,0.17825667 -0.95161809 0.25029498,
  0.15906441 -0.94594173 0.28265306,0.014022735 -0.99866182 0.049778906,
  0.066559414 -0.99014231 0.12323977,0.065714383 -0.98518181 0.15842479,
  0.014008875 -0.99764477 0.067146636,0.15689068 -0.94462203 0.28822653,
  0.12452531 -0.94673894 0.29694922,0.0078545897 -0.9988272 0.047775816,
  0.051876759 -0.98897726 0.13868231,0.0046927223 -0.99747285 0.070893584,
  0.043482702 -0.98765809 0.15046845,0.11704991 -0.94386889 0.30888645,
  0.033724744 -0.98745397 0.15426375,0.089117721 -0.94910924 0.30207563,
  -0.00050905259 -0.9983404 0.057586345,0.02430937 -0.98949363 0.14251808,
  0.073185598 -0.94218522 0.32700286,0.012220906 -0.98551232 0.16916296,
  -0.0037693149 -0.99875259 0.049790215,0.053293683 -0.9507729 0.30527147,
  -0.0092256028 -0.99855771 0.05289042,0.025925317 -0.93963004 0.34120854,
  0.00025468768 -0.98800168 0.15444293,-0.014796322 -0.99776641 0.065140243,
  0.0039608908 -0.94942135 0.31397995,-0.014324836 -0.99871575 0.048596728,
  -0.01005584 -0.98981776 0.14198482,-0.024768195 -0.99758613 0.06487262,
  -0.027727212 -0.98609585 0.16384801,-0.022210645 -0.94462691 0.32739379,
  -0.031981937 -0.98850808 0.14774614,-0.05174209 -0.9476303 0.31515007,
  -0.018252466 -0.99888461 0.043547486,-0.034266903 -0.99742739 0.062963404,
  -0.042052359 -0.98832894 0.14641554,-0.06865736 -0.94338779 0.32450832,
  -0.05631818 -0.98686017 0.15144395,-0.084827111 -0.94972689 0.30136887,
  -0.022849721 -0.99891059 0.040688028,-0.032192997 -0.99845873 0.04520807,
  -0.11601021 -0.94144535 0.31657902,-0.053918093 -0.99000123 0.13034726,
  -0.082190521 -0.9848719 0.15255183,-0.039295421 -0.99789444 0.051600005,
  -0.11713015 -0.95121743 0.28542237,-0.16347413 -0.9384686 0.30422508,
  -0.035340722 -0.99860913 0.03912584,-0.067100413 -0.99049939 0.1200354,
  -0.10254654 -0.98416043 0.14461137,-0.04830991 -0.99770483 0.047447124,
  -0.149227 -0.95182133 0.26789448,-0.1873814 -0.94571973 0.26552287,
  -0.086874395 -0.98941272 0.11625534,-0.037154685 -0.9987709 0.032805833,
  -0.10734096 -0.98691724 0.12030079,-0.056522734 -0.99752884 0.041729956,
  -0.19605051 -0.94427982 0.26438574,-0.1090934 -0.98800163 0.10932246,
  -0.20977975 -0.94841489 0.23770074,-0.037552124 -0.99894305 0.026506977,
  -0.063253045 -0.99737588 0.03521941,-0.11052403 -0.98893836 0.098921004,
  -0.23425337 -0.94282932 0.23706168,-0.13237877 -0.98621499 0.099276705,
  -0.2310496 -0.95027853 0.20877451,-0.27073164 -0.94059819 0.20488882,
  -0.042673894 -0.99882767 0.022852201,-0.050522867 -0.99850755 0.020739243,
  -0.1123256 -0.99046646 0.079744282,-0.15516329 -0.98406381 0.086849167,
  -0.2502948 -0.9516181 0.17825683,-0.28265307 -0.94594169 0.15906464,
  -0.061899799 -0.99782961 0.022460732,-0.12324009 -0.99014226 0.066559623,
  -0.1584245 -0.98518188 0.065714148,-0.04977626 -0.99866195 0.014022394,
  -0.28822656 -0.944622 0.15689081,-0.2969491 -0.94673899 0.12452512,
  -0.067148075 -0.99764466 0.014009256,-0.13868155 -0.98897738 0.051876474,
  -0.15046533 -0.98765855 0.043483021,-0.30888615 -0.94386901 0.11704974,
  -0.047780697 -0.99882696 0.0078551452,-0.30207382 -0.94910967 0.089119291,
  -0.046749313 -0.99890141 0.0032379185,-0.15426988 -0.98745296 0.033726074,
  -0.32700621 -0.94218401 0.073186285,-0.14252213 -0.98949304 0.024309799,
  -0.1342036 -0.99090729 0.0095984311,-0.3052731 -0.95077235 0.053294184,
  -0.32335462 -0.94599521 0.023126779] }
}
}
] }
DEF TXFM_5 Transform {
  center 0 0 0
  rotation 0 0 1 0
  scale 1 1 1
  scaleOrientation 0 0 1 0
  translation 0 0 0
 children [
DEF SHAPE_65 Shape {
 appearance USE APP_1
 geometry DEF FACE_65 IndexedFaceSet {
  coord DEF COORD_65 Coordinate { point [
  1.3779528 1.4173228 4.0606702,1.3779528 1.4173228 3.2732686,
  1.4888711 1.4173228 4.0447225,1.5908035 1.4173228 3.9981716,
  1.675492 1.4173228 3.9247886,1.7360756 1.4173228 3.8305186,
  1.7676462 1.4173228 3.7229988,1.7676462 1.4173228 3.6109399,
  1.7360756 1.4173228 3.5034202,1.675492 1.4173228 3.4091502,
  1.5908035 1.4173228 3.3357672,1.4888711 1.4173228 3.2892162,
  1.3779528 1.6141732 3.470119,1.3779528 1.478153 3.2829031,
  1.3779528 1.5330286 3.3108637,1.3779528 1.5765781 3.3544132,
  1.3779528 1.6045387 3.4092889,1.3779528 1.6141732 3.8638198,
  1.4334119 1.6141732 3.8558459,1.4843781 1.6141732 3.8325705,
  1.5267224 1.6141732 3.795879,1.5570142 1.6141732 3.748744,
  1.5727995 1.6141732 3.6949841,1.5727995 1.6141732 3.6389546,
  1.5570142 1.6141732 3.5851948,1.5267224 1.6141732 3.5380598,
  1.4843781 1.6141732 3.5013683,1.4334119 1.6141732 3.4780928,
  1.3779528 1.5944882 3.9496249,1.3779528 1.6053413 3.9221218,
  1.3779528 1.6119527 3.8933033,1.4566929 1.515748 4.0257586,
  1.3877943 1.5938676 3.9507302,1.3970687 1.5921261 3.9537012,
  1.405675 1.5894436 3.9580202,1.4159664 1.5847115 3.9649934,
  1.4291264 1.5756083 3.9766433,1.4411387 1.5627575 3.9903495,
  1.450068 1.5475112 4.0037933,1.4549758 1.5323087 4.0151547,
  1.3779528 1.4370079 4.0596834,1.4543447 1.4968162 4.0360448,
  1.4472489 1.4784196 4.0446105,1.4367404 1.4633652 4.0507326,
  1.4240756 1.451991 4.0548692,1.4090678 1.4435159 4.0577019,
  1.3939168 1.4386919 4.0591948,1.3779528 1.4238943 4.0605604,
  1.3779528 1.4304584 4.0602314,1.4609076 1.478153 4.0419699,
  1.5855946 1.478153 3.9900665,1.4457471 1.5756111 3.9734361,
  1.4083777 1.6045387 3.9228474,1.5707551 1.5323198 3.9669757,
  1.4336095 1.6045387 3.9185674,1.6682107 1.478153 3.9184793,
  1.5476467 1.5756111 3.9310184,1.6474669 1.5323198 3.9005047,
  1.7273117 1.478153 3.8265163,1.5172654 1.6045387 3.883744,
  1.6151641 1.5756111 3.8725142,1.7023441 1.5323198 3.815114,
  1.7581098 1.478153 3.7216277,1.5726947 1.6045387 3.8357142,
  1.6634641 1.5756111 3.797358,1.7309412 1.5323198 3.7177214,
  1.7581098 1.478153 3.612311,1.6123472 1.6045387 3.7740137,
  1.6886336 1.5756111 3.7116385,1.7309412 1.5323198 3.6162173,
  1.7273117 1.478153 3.5074225,1.6330105 1.6045387 3.7036411,
  1.6886336 1.5756111 3.6223002,1.7023441 1.5323198 3.5188248,
  1.6682107 1.478153 3.4154595,1.6330105 1.6045387 3.6302976,
  1.6634641 1.5756111 3.5365807,1.6474669 1.5323198 3.4334341,
  1.5855946 1.478153 3.3438723,1.6123472 1.6045387 3.559925,
  1.6151641 1.5756111 3.4614245,1.5707551 1.5323198 3.366963,
  1.4861567 1.478153 3.2984605,1.5726947 1.6045387 3.4982245,
  1.5476467 1.5756111 3.4029204,1.4784237 1.5323198 3.3247967,
  1.5172654 1.6045387 3.4501947,1.4663817 1.5756111 3.3658079,
  1.4505497 1.6045387 3.4197267] }
 coordIndex [
  65,61,58,-1,65,58,62,-1,66,6,7,-1,66,62,6,-1,67,20,63,-1,67,21,20,-1,46,47,0,-1,46,48,47,-1,
  46,40,48,-1,67,60,64,-1,67,63,60,-1,68,61,65,-1,45,46,0,-1,68,64,61,-1,2,44,45,-1,69,62,66,-1,
  2,45,0,-1,69,65,62,-1,70,7,8,-1,43,44,2,-1,70,66,7,-1,71,22,21,-1,71,21,67,-1,71,64,68,-1,
  71,67,64,-1,72,68,65,-1,72,65,69,-1,49,41,42,-1,73,69,66,-1,49,42,43,-1,49,43,2,-1,73,66,70,-1,
  50,2,3,-1,74,8,9,-1,50,31,41,-1,74,70,8,-1,50,49,2,-1,75,23,22,-1,50,41,49,-1,51,35,36,-1,
  75,71,68,-1,51,36,37,-1,51,37,38,-1,75,68,72,-1,75,22,71,-1,76,69,73,-1,52,18,30,-1,52,30,29,-1,
  52,32,33,-1,76,72,69,-1,52,33,34,-1,52,29,32,-1,53,31,50,-1,29,28,32,-1,77,73,70,-1,53,38,39,-1,
  77,70,74,-1,53,39,31,-1,78,9,10,-1,54,34,35,-1,54,35,51,-1,54,52,34,-1,78,74,9,-1,54,18,52,-1,
  55,3,4,-1,79,24,23,-1,79,23,75,-1,79,75,72,-1,55,50,3,-1,79,72,76,-1,56,38,53,-1,80,76,73,-1,
  80,73,77,-1,56,51,38,-1,81,77,74,-1,81,74,78,-1,57,53,50,-1,57,50,55,-1,82,10,11,-1,82,11,1,-1,
  58,4,5,-1,82,1,13,-1,18,17,30,-1,82,78,10,-1,83,25,24,-1,58,55,4,-1,83,79,76,-1,83,24,79,-1,
  83,76,80,-1,59,19,18,-1,59,18,54,-1,59,54,51,-1,59,51,56,-1,60,53,57,-1,60,56,53,-1,84,80,77,-1,
  84,77,81,-1,85,82,13,-1,85,13,14,-1,85,81,78,-1,85,78,82,-1,86,80,84,-1,61,55,58,-1,86,26,25,-1,
  61,57,55,-1,62,5,6,-1,86,25,83,-1,86,83,80,-1,87,81,85,-1,87,14,15,-1,87,84,81,-1,62,58,5,-1,
  63,20,19,-1,87,85,14,-1,88,87,15,-1,63,59,56,-1,88,84,87,-1,63,19,59,-1,88,15,16,-1,63,56,60,-1,
  88,16,12,-1,88,27,26,-1,88,12,27,-1,64,57,61,-1,88,86,84,-1,88,26,86,-1,64,60,57,-1]
  normalPerVertex TRUE
  normal DEF NORM_65 Normal { vector [
  0.13664617 -0.05063857 0.9893248,0.14059755 0.15488057 -0.97787746,
  0.32918106 0.14251426 0.93345033,0.57253107 0.1562652 0.80485363,
  0.77609301 0.1562652 0.61095076,0.91678051 0.1562652 0.3675523,
  0.9831959 0.1562652 0.094376931,0.96995861 0.1562652 -0.18644429,
  0.87814105 0.1562652 -0.45216091,0.71518172 0.1562652 -0.68124614,
  0.49428261 0.1562652 -0.85514086,0.27826396 0.15643447 -0.94768002,
  0.022486194 0.98743861 -0.15639491,0.13278707 0.35199163 -0.92653629,
  0.11076309 0.62030312 -0.77650214,0.07891913 0.83240467 -0.54852005,
  0.044386148 0.9501192 -0.30871244,0.010797172 0.99711785 0.075095983,
  0.056122139 0.98788339 0.14469522,0.092056336 0.98764925 0.12678563,
  0.12404705 0.98764925 0.095714655,0.14598821 0.98764925 0.056889447,
  0.15610227 0.98764925 0.013455394,0.15356985 0.98764925 -0.031068734,
  0.13859612 0.98764925 -0.073075859,0.11239415 0.98764925 -0.10916281,
  0.077086683 0.98764925 -0.13640604,0.044072682 0.98768834 -0.15009777,
  0.017422181 0.93005269 0.3670129,0.018000751 0.95148195 0.30717759,
  0.046327184 0.98761217 0.14991997,0.3507833 0.45590636 0.81798562,
  0.023339299 0.9279292 0.37202509,0.066535527 0.91699942 0.39330024,
  0.088853313 0.90839416 0.40856473,0.13668668 0.88516357 0.4447496,
  0.11258889 0.80378567 0.58416807,0.19846622 0.75353367 0.62673613,
  0.28255849 0.69674917 0.65931881,0.31194418 0.58355443 0.74977,
  0.021703583 0.08335631 0.99628343,0.34560506 0.40167851 0.84806339,
  0.18624462 0.3111792 0.93192298,0.2330426 0.14906848 0.96097333,
  0.19302289 0.074415444 0.97836829,0.14677011 -0.032128569 0.98864872,
  0.068456926 0.025375842 0.9973313,0.054474452 0.033333369 0.99795863,
  0.030361957 0.066697897 0.99731116,0.34766685 0.24649174 0.90463782,
  0.47742749 0.32583277 0.81602451,0.19617104 0.85088124 0.48735822,
  0.0505043 0.96848051 0.24391561,0.41603385 0.60166314 0.68184845,
  0.11339614 0.94378221 0.31051,0.71670167 0.30447208 0.62740375,
  0.30013879 0.80839471 0.50637408,0.61018127 0.58020218 0.53948518,
  0.86443028 0.30447208 0.40007129,0.15516362 0.9431424 0.29395012,
  0.44412208 0.80266015 0.39811087,0.73745518 0.58020218 0.34572431,
  0.94212789 0.30447208 0.14032744,0.23433951 0.94575453 0.22501858,
  0.53829281 0.80266015 0.25686093,0.80498485 0.58020218 0.12395491,
  0.9434999 0.30447208 -0.13078491,0.28824217 0.94575453 0.14988267,
  0.58885426 0.80266015 0.094801647,0.80729944 0.58020218 -0.10785657,
  0.86843516 0.30447208 -0.39130184,0.31879316 0.94575453 0.06260417,
  0.59171023 0.80266015 -0.074937901,0.74421144 0.58020218 -0.33093016,
  0.72301496 0.30447208 -0.62011782,0.32351743 0.94575453 -0.029746152,
  0.54662936 0.80266015 -0.23860643,0.62083184 0.58020218 -0.52719375,
  0.5190204 0.30447208 -0.79869555,0.30203224 0.94575453 -0.11968662,
  0.45726383 0.80266015 -0.38294448,0.44715615 0.58020218 -0.68074725,
  0.27234764 0.25595551 -0.92753088,0.2560782 0.94575453 -0.19993078,
  0.33085351 0.80266015 -0.49625864,0.23701044 0.53931806 -0.80806069,
  0.18937822 0.94575453 -0.26397775,0.17911512 0.77260632 -0.60909543,
  0.093514889 0.94423807 -0.31570467] }
}
}
DEF SHAPE_66 Shape {
 appearance USE APP_1
 geometry DEF FACE_66 IndexedFaceSet {
  coord DEF COORD_66 Coordinate { point [
  -1.3779528 1.4173228 4.0606702,-1.3779528 1.4173228 3.2732686,
  -1.2670344 1.4173228 4.0447225,-1.165102 1.4173228 3.9981716,
  -1.0804136 1.4173228 3.9247886,-1.0198299 1.4173228 3.8305186,
  -0.98825927 1.4173228 3.7229988,-0.98825927 1.4173228 3.6109399,
  -1.0198299 1.4173228 3.5034202,-1.0804136 1.4173228 3.4091502,
  -1.165102 1.4173228 3.3357672,-1.2670344 1.4173228 3.2892162,
  -1.3779528 1.6141732 3.470119,-1.3779528 1.478153 3.2829031,
  -1.3779528 1.5330286 3.3108637,-1.3779528 1.5765781 3.3544132,
  -1.3779528 1.6045387 3.4092889,-1.3779528 1.6141732 3.8638198,
  -1.3224936 1.6141732 3.8558459,-1.2715274 1.6141732 3.8325705,
  -1.2291832 1.6141732 3.795879,-1.1988913 1.6141732 3.748744,
  -1.183106 1.6141732 3.6949841,-1.183106 1.6141732 3.6389546,
  -1.1988913 1.6141732 3.5851948,-1.2291832 1.6141732 3.5380598,
  -1.2715274 1.6141732 3.5013683,-1.3224936 1.6141732 3.4780928,
  -1.3779528 1.5944882 3.9496249,-1.3779528 1.6053413 3.9221218,
  -1.3779528 1.6119527 3.8933033,-1.2992126 1.515748 4.0257586,
  -1.3681112 1.5938676 3.9507302,-1.3588368 1.5921261 3.9537012,
  -1.3502305 1.5894436 3.9580202,-1.3399391 1.5847115 3.9649934,
  -1.3267791 1.5756083 3.9766433,-1.3147669 1.5627575 3.9903495,
  -1.3058375 1.5475112 4.0037933,-1.3009297 1.5323087 4.0151547,
  -1.3779528 1.4370079 4.0596834,-1.3015609 1.4968162 4.0360448,
  -1.3086566 1.4784196 4.0446105,-1.3191651 1.4633652 4.0507326,
  -1.3318299 1.451991 4.0548692,-1.3468377 1.4435159 4.0577019,
  -1.3619887 1.4386919 4.0591948,-1.3779528 1.4238943 4.0605604,
  -1.3779528 1.4304584 4.0602314,-1.2949979 1.478153 4.0419699,
  -1.1703109 1.478153 3.9900665,-1.3101584 1.5756111 3.9734361,
  -1.3475278 1.6045387 3.9228474,-1.1851504 1.5323198 3.9669757,
  -1.3222961 1.6045387 3.9185674,-1.0876949 1.478153 3.9184793,
  -1.2082588 1.5756111 3.9310184,-1.1084387 1.5323198 3.9005047,
  -1.0285938 1.478153 3.8265163,-1.2386402 1.6045387 3.883744,
  -1.1407414 1.5756111 3.8725142,-1.0535614 1.5323198 3.815114,
  -0.99779575 1.478153 3.7216277,-1.1832108 1.6045387 3.8357142,
  -1.0924414 1.5756111 3.797358,-1.0249644 1.5323198 3.7177214,
  -0.99779575 1.478153 3.612311,-1.1435583 1.6045387 3.7740137,
  -1.0672719 1.5756111 3.7116385,-1.0249644 1.5323198 3.6162173,
  -1.0285938 1.478153 3.5074225,-1.1228951 1.6045387 3.7036411,
  -1.0672719 1.5756111 3.6223002,-1.0535614 1.5323198 3.5188248,
  -1.0876949 1.478153 3.4154595,-1.1228951 1.6045387 3.6302976,
  -1.0924414 1.5756111 3.5365807,-1.1084387 1.5323198 3.4334341,
  -1.1703109 1.478153 3.3438723,-1.1435583 1.6045387 3.559925,
  -1.1407414 1.5756111 3.4614245,-1.1851504 1.5323198 3.366963,
  -1.2697488 1.478153 3.2984605,-1.1832108 1.6045387 3.4982245,
  -1.2082588 1.5756111 3.4029204,-1.2774818 1.5323198 3.3247967,
  -1.2386402 1.6045387 3.4501947,-1.2895238 1.5756111 3.3658079,
  -1.3053558 1.6045387 3.4197267] }
 coordIndex [
  65,61,58,-1,65,58,62,-1,66,6,7,-1,66,62,6,-1,67,20,63,-1,67,21,20,-1,46,47,0,-1,46,48,47,-1,
  46,40,48,-1,67,60,64,-1,67,63,60,-1,68,61,65,-1,45,46,0,-1,68,64,61,-1,2,44,45,-1,69,62,66,-1,
  2,45,0,-1,69,65,62,-1,70,7,8,-1,43,44,2,-1,70,66,7,-1,71,22,21,-1,71,21,67,-1,71,64,68,-1,
  71,67,64,-1,72,68,65,-1,72,65,69,-1,49,41,42,-1,73,69,66,-1,49,42,43,-1,49,43,2,-1,73,66,70,-1,
  50,2,3,-1,74,8,9,-1,50,31,41,-1,74,70,8,-1,50,49,2,-1,75,23,22,-1,50,41,49,-1,51,35,36,-1,
  75,71,68,-1,51,36,37,-1,51,37,38,-1,75,68,72,-1,75,22,71,-1,76,69,73,-1,52,18,30,-1,52,30,29,-1,
  52,32,33,-1,76,72,69,-1,52,33,34,-1,52,29,32,-1,53,31,50,-1,29,28,32,-1,77,73,70,-1,53,38,39,-1,
  77,70,74,-1,53,39,31,-1,78,9,10,-1,54,34,35,-1,54,35,51,-1,54,52,34,-1,78,74,9,-1,54,18,52,-1,
  55,3,4,-1,79,24,23,-1,79,23,75,-1,79,75,72,-1,55,50,3,-1,79,72,76,-1,56,38,53,-1,80,76,73,-1,
  80,73,77,-1,56,51,38,-1,81,77,74,-1,81,74,78,-1,57,53,50,-1,57,50,55,-1,82,10,11,-1,82,11,1,-1,
  58,4,5,-1,82,1,13,-1,18,17,30,-1,82,78,10,-1,83,25,24,-1,58,55,4,-1,83,79,76,-1,83,24,79,-1,
  83,76,80,-1,59,19,18,-1,59,18,54,-1,59,54,51,-1,59,51,56,-1,60,53,57,-1,60,56,53,-1,84,80,77,-1,
  84,77,81,-1,85,82,13,-1,85,13,14,-1,85,81,78,-1,85,78,82,-1,86,80,84,-1,61,55,58,-1,86,26,25,-1,
  61,57,55,-1,62,5,6,-1,86,25,83,-1,86,83,80,-1,87,81,85,-1,87,14,15,-1,87,84,81,-1,62,58,5,-1,
  63,20,19,-1,87,85,14,-1,88,87,15,-1,63,59,56,-1,88,84,87,-1,63,19,59,-1,88,15,16,-1,63,56,60,-1,
  88,16,12,-1,88,27,26,-1,88,12,27,-1,64,57,61,-1,88,86,84,-1,88,26,86,-1,64,60,57,-1]
  normalPerVertex TRUE
  normal DEF NORM_66 Normal { vector [
  0.13664617 -0.05063857 0.9893248,0.14059755 0.15488057 -0.97787746,
  0.32918106 0.14251426 0.93345033,0.57253107 0.1562652 0.80485363,
  0.77609301 0.1562652 0.61095076,0.91678051 0.1562652 0.3675523,
  0.9831959 0.1562652 0.094376931,0.96995861 0.1562652 -0.18644429,
  0.87814105 0.1562652 -0.45216091,0.71518172 0.1562652 -0.68124614,
  0.49428261 0.1562652 -0.85514086,0.27826396 0.15643447 -0.94768002,
  0.022486194 0.98743861 -0.15639491,0.13278707 0.35199163 -0.92653629,
  0.11076309 0.62030312 -0.77650214,0.07891913 0.83240467 -0.54852005,
  0.044386148 0.9501192 -0.30871244,0.010797172 0.99711785 0.075095983,
  0.056122139 0.98788339 0.14469522,0.092056336 0.98764925 0.12678563,
  0.12404705 0.98764925 0.095714655,0.14598821 0.98764925 0.056889447,
  0.15610227 0.98764925 0.013455394,0.15356985 0.98764925 -0.031068734,
  0.13859612 0.98764925 -0.073075859,0.11239415 0.98764925 -0.10916281,
  0.077086683 0.98764925 -0.13640604,0.044072682 0.98768834 -0.15009777,
  0.017422181 0.93005269 0.3670129,0.018000751 0.95148195 0.30717759,
  0.046327184 0.98761217 0.14991997,0.3507833 0.45590636 0.81798562,
  0.023339299 0.9279292 0.37202509,0.066535527 0.91699942 0.39330024,
  0.088853313 0.90839416 0.40856473,0.13668668 0.88516357 0.4447496,
  0.11258889 0.80378567 0.58416807,0.19846622 0.75353367 0.62673613,
  0.28255849 0.69674917 0.65931881,0.31194418 0.58355443 0.74977,
  0.021703583 0.08335631 0.99628343,0.34560506 0.40167851 0.84806339,
  0.18624462 0.3111792 0.93192298,0.2330426 0.14906848 0.96097333,
  0.19302289 0.074415444 0.97836829,0.14677011 -0.032128569 0.98864872,
  0.068456926 0.025375842 0.9973313,0.054474452 0.033333369 0.99795863,
  0.030361957 0.066697897 0.99731116,0.34766685 0.24649174 0.90463782,
  0.47742749 0.32583277 0.81602451,0.19617104 0.85088124 0.48735822,
  0.0505043 0.96848051 0.24391561,0.41603385 0.60166314 0.68184845,
  0.11339614 0.94378221 0.31051,0.71670167 0.30447208 0.62740375,
  0.30013879 0.80839471 0.50637408,0.61018127 0.58020218 0.53948518,
  0.86443028 0.30447208 0.40007129,0.15516362 0.9431424 0.29395012,
  0.44412208 0.80266015 0.39811087,0.73745518 0.58020218 0.34572431,
  0.94212789 0.30447208 0.14032744,0.23433951 0.94575453 0.22501858,
  0.53829281 0.80266015 0.25686093,0.80498485 0.58020218 0.12395491,
  0.9434999 0.30447208 -0.13078491,0.28824217 0.94575453 0.14988267,
  0.58885426 0.80266015 0.094801647,0.80729944 0.58020218 -0.10785657,
  0.86843516 0.30447208 -0.39130184,0.31879316 0.94575453 0.06260417,
  0.59171023 0.80266015 -0.074937901,0.74421144 0.58020218 -0.33093016,
  0.72301496 0.30447208 -0.62011782,0.32351743 0.94575453 -0.029746152,
  0.54662936 0.80266015 -0.23860643,0.62083184 0.58020218 -0.52719375,
  0.5190204 0.30447208 -0.79869555,0.30203224 0.94575453 -0.11968662,
  0.45726383 0.80266015 -0.38294448,0.44715615 0.58020218 -0.68074725,
  0.27234764 0.25595551 -0.92753088,0.2560782 0.94575453 -0.19993078,
  0.33085351 0.80266015 -0.49625864,0.23701044 0.53931806 -0.80806069,
  0.18937822 0.94575453 -0.26397775,0.17911512 0.77260632 -0.60909543,
  0.093514889 0.94423807 -0.31570467] }
}
}
DEF SHAPE_67 Shape {
 appearance USE APP_1
 geometry DEF FACE_67 IndexedFaceSet {
  coord DEF COORD_67 Coordinate { point [
  -1.2992126 1.515748 4.8480717,-1.4566929 1.515748 4.8480717,
  -1.3024021 1.5379317 4.8480717,-1.3117123 1.5583182 4.8480717,
  -1.3263889 1.5752559 4.8480717,-1.3452429 1.5873726 4.8480717,
  -1.3667469 1.5936867 4.8480717,-1.3891586 1.5936867 4.8480717,
  -1.4106626 1.5873726 4.8480717,-1.4295166 1.5752559 4.8480717,
  -1.4441932 1.5583182 4.8480717,-1.4535034 1.5379317 4.8480717,
  -1.2992126 1.515748 4.0257586,-1.3779528 1.5944882 3.9496249,
  -1.3681112 1.5938676 3.9507302,-1.3588368 1.5921261 3.9537012,
  -1.3502305 1.5894436 3.9580202,-1.3399391 1.5847115 3.9649934,
  -1.3267791 1.5756083 3.9766433,-1.3147669 1.5627575 3.9903495,
  -1.3058375 1.5475112 4.0037933,-1.3009297 1.5323087 4.0151547,
  -1.4566929 1.515748 4.0257586,-1.4540758 1.5360851 4.0124912,
  -1.4466861 1.5542544 3.9981438,-1.435216 1.5697937 3.9831866,
  -1.4202354 1.582192 3.9684188,-1.403318 1.590284 3.956697,
  -1.3902392 1.5935167 3.9513418,-1.3841961 1.5942378 3.9500756] }
 coordIndex [
  23,1,11,-1,23,22,1,-1,24,11,10,-1,24,23,11,-1,25,10,9,-1,25,24,10,-1,26,9,8,-1,26,25,9,-1,
  27,8,7,-1,27,26,8,-1,28,27,7,-1,29,28,7,-1,13,7,6,-1,13,29,7,-1,14,13,6,-1,15,14,6,-1,
  16,6,5,-1,16,15,6,-1,17,16,5,-1,18,5,4,-1,18,17,5,-1,19,4,3,-1,19,18,4,-1,20,3,2,-1,
  20,19,3,-1,21,2,0,-1,21,20,2,-1,12,21,0,-1]
  normalPerVertex TRUE
  normal DEF NORM_67 Normal { vector [
  0.99206052 0.12576053 0.00045527288,-0.99079621 0.13536187 0.00019135218,
  0.95729686 0.28910621 0.00056684325,0.84720198 0.53127071 0.0004852982,
  0.6766327 0.73632066 0.00027139386,0.45046825 0.89279235 0.00041066739,
  0.15618705 0.98772731 0.00060086708,-0.14974373 0.98872466 0.00059604413,
  -0.41970921 0.90765852 0.00043585525,-0.64910892 0.76069536 0.00042276961,
  -0.83009903 0.55761586 0.00039415436,-0.95014019 0.31182289 0.00030796016,
  0.99466758 0.10313298 0,0.009604976 0.99995368 0.00061016483,
  0.12263168 0.99245225 1.3636443e-05,0.24001249 0.9707697 0.0004287776,
  0.32153602 0.94689722 0.00048774409,0.50785425 0.86144289 0.00045431704,
  0.6116291 0.79114459 0.00029526996,0.78404172 0.62070812 0.00011547283,
  0.90990702 0.41481224 0.00014846349,0.98377784 0.17939096 0.00020888358,
  -0.99182161 0.12763183 0,-0.97706069 0.21296102 6.9026067e-05,
  -0.88670766 0.46233054 3.6208941e-05,-0.73690639 0.6759948 -5.0789447e-05,
  -0.54018847 0.84154406 -5.7111528e-05,-0.32379446 0.94612743 0.00015095305,
  -0.20246555 0.97928938 5.8282422e-05,-0.078799686 0.99689045 0.00017631827] }
}
}
DEF SHAPE_68 Shape {
 appearance USE APP_1
 geometry DEF FACE_68 IndexedFaceSet {
  coord DEF COORD_68 Coordinate { point [
  1.4566929 1.515748 4.8480717,1.2992126 1.515748 4.8480717,
  1.4535034 1.5379317 4.8480717,1.4441932 1.5583182 4.8480717,
  1.4295166 1.5752559 4.8480717,1.4106626 1.5873726 4.8480717,
  1.3891586 1.5936867 4.8480717,1.3667469 1.5936867 4.8480717,
  1.3452429 1.5873726 4.8480717,1.3263889 1.5752559 4.8480717,
  1.3117123 1.5583182 4.8480717,1.3024021 1.5379317 4.8480717,
  1.4566929 1.515748 4.0257586,1.3779528 1.5944882 3.9496249,
  1.3877943 1.5938676 3.9507302,1.3970687 1.5921261 3.9537012,
  1.405675 1.5894436 3.9580202,1.4159664 1.5847115 3.9649934,
  1.4291264 1.5756083 3.9766433,1.4411387 1.5627575 3.9903495,
  1.450068 1.5475112 4.0037933,1.4549758 1.5323087 4.0151547,
  1.2992126 1.515748 4.0257586,1.3018297 1.5360851 4.0124912,
  1.3092194 1.5542544 3.9981438,1.3206895 1.5697937 3.9831866,
  1.3356701 1.582192 3.9684188,1.3525875 1.590284 3.956697,
  1.3656663 1.5935167 3.9513418,1.3717094 1.5942378 3.9500756] }
 coordIndex [
  23,1,11,-1,23,22,1,-1,24,11,10,-1,24,23,11,-1,25,10,9,-1,25,24,10,-1,26,9,8,-1,26,25,9,-1,
  27,8,7,-1,27,26,8,-1,28,27,7,-1,29,28,7,-1,13,7,6,-1,13,29,7,-1,14,13,6,-1,15,14,6,-1,
  16,6,5,-1,16,15,6,-1,17,16,5,-1,18,5,4,-1,18,17,5,-1,19,4,3,-1,19,18,4,-1,20,3,2,-1,
  20,19,3,-1,21,2,0,-1,21,20,2,-1,12,21,0,-1]
  normalPerVertex TRUE
  normal DEF NORM_68 Normal { vector [
  0.99206052 0.12576053 0.00045527288,-0.99079621 0.13536187 0.00019135218,
  0.95729686 0.28910621 0.00056684325,0.84720198 0.53127071 0.0004852982,
  0.6766327 0.73632066 0.00027139386,0.45046825 0.89279235 0.00041066739,
  0.15618705 0.98772731 0.00060086708,-0.14974373 0.98872466 0.00059604413,
  -0.41970921 0.90765852 0.00043585525,-0.64910892 0.76069536 0.00042276961,
  -0.83009903 0.55761586 0.00039415436,-0.95014019 0.31182289 0.00030796016,
  0.99466758 0.10313298 0,0.009604976 0.99995368 0.00061016483,
  0.12263168 0.99245225 1.3636443e-05,0.24001249 0.9707697 0.0004287776,
  0.32153602 0.94689722 0.00048774409,0.50785425 0.86144289 0.00045431704,
  0.6116291 0.79114459 0.00029526996,0.78404172 0.62070812 0.00011547283,
  0.90990702 0.41481224 0.00014846349,0.98377784 0.17939096 0.00020888358,
  -0.99182161 0.12763183 0,-0.97706069 0.21296102 6.9026067e-05,
  -0.88670766 0.46233054 3.6208941e-05,-0.73690639 0.6759948 -5.0789447e-05,
  -0.54018847 0.84154406 -5.7111528e-05,-0.32379446 0.94612743 0.00015095305,
  -0.20246555 0.97928938 5.8282422e-05,-0.078799686 0.99689045 0.00017631827] }
}
}
DEF SHAPE_69 Shape {
 appearance DEF APP_3 Appearance {
  material Material {
   ambientIntensity 0.1328125
   diffuseColor 0.75294119 0.75294119 0.75294119
   emissiveColor 0 0 0
   shininess 0.1
   specularColor 0.12 0.12 0.12
   transparency 0
} }
 geometry DEF FACE_69 IndexedFaceSet {
  coord DEF COORD_69 Coordinate { point [
  -1.1417323 1.515748 8.7850796,-1.6141732 1.515748 8.7850796,
  -1.1513009 1.582299 8.7850796,-1.1792314 1.6434585 8.7850796,
  -1.2232612 1.6942716 8.7850796,-1.2798232 1.7306217 8.7850796,
  -1.3443351 1.7495641 8.7850796,-1.4115704 1.7495641 8.7850796,
  -1.4760823 1.7306217 8.7850796,-1.5326443 1.6942716 8.7850796,
  -1.5766741 1.6434585 8.7850796,-1.6046046 1.582299 8.7850796,
  -1.1417323 1.515748 4.8480717,-1.6141732 1.515748 4.8480717,
  -1.1513009 1.582299 4.8480717,-1.1792314 1.6434585 4.8480717,
  -1.2232612 1.6942716 4.8480717,-1.2798232 1.7306217 4.8480717,
  -1.3443351 1.7495641 4.8480717,-1.4115704 1.7495641 4.8480717,
  -1.4760823 1.7306217 4.8480717,-1.5326443 1.6942716 4.8480717,
  -1.5766741 1.6434585 4.8480717,-1.6046046 1.582299 4.8480717] }
 coordIndex [
  23,1,11,-1,23,13,1,-1,22,11,10,-1,22,23,11,-1,21,10,9,-1,21,22,10,-1,20,9,8,-1,20,21,9,-1,
  19,8,7,-1,19,20,8,-1,18,7,6,-1,18,19,7,-1,17,6,5,-1,17,18,6,-1,16,5,4,-1,16,17,5,-1,
  15,4,3,-1,15,16,4,-1,14,3,2,-1,14,15,3,-1,12,2,0,-1,12,14,2,-1]
  normalPerVertex TRUE
  normal DEF NORM_69 Normal { vector [
  0.98982144 0.14231484 0,-0.98982144 0.14231484 0,
  0.9718798 0.23547752 0,0.86617015 0.49974921 0,
  0.69028855 0.72353418 0,0.45848388 0.88870272 0,
  0.18953557 0.98187386 0,-0.094767785 0.99549941 0,
  -0.37139362 0.92847551 0,-0.61793135 0.78623206 0,
  -0.81440795 0.58029276 0,-0.94490607 0.32734159 0,
  0.98982144 0.14231484 0,-0.98982144 0.14231484 0,
  0.94490607 0.32734159 0,0.81440795 0.58029276 0,
  0.61793135 0.78623206 0,0.37139362 0.92847551 0,
  0.094767785 0.99549941 0,-0.18953557 0.98187386 0,
  -0.45848388 0.88870272 0,-0.69028855 0.72353418 0,
  -0.86617015 0.49974921 0,-0.9718798 0.23547752 0] }
}
}
DEF SHAPE_70 Shape {
 appearance USE APP_3
 geometry DEF FACE_70 IndexedFaceSet {
  coord DEF COORD_70 Coordinate { point [
  1.6141732 1.515748 8.7850796,1.1417323 1.515748 8.7850796,
  1.6046046 1.582299 8.7850796,1.5766741 1.6434585 8.7850796,
  1.5326443 1.6942716 8.7850796,1.4760823 1.7306217 8.7850796,
  1.4115704 1.7495641 8.7850796,1.3443351 1.7495641 8.7850796,
  1.2798232 1.7306217 8.7850796,1.2232612 1.6942716 8.7850796,
  1.1792314 1.6434585 8.7850796,1.1513009 1.582299 8.7850796,
  1.6141732 1.515748 4.8480717,1.1417323 1.515748 4.8480717,
  1.6046046 1.582299 4.8480717,1.5766741 1.6434585 4.8480717,
  1.5326443 1.6942716 4.8480717,1.4760823 1.7306217 4.8480717,
  1.4115704 1.7495641 4.8480717,1.3443351 1.7495641 4.8480717,
  1.2798232 1.7306217 4.8480717,1.2232612 1.6942716 4.8480717,
  1.1792314 1.6434585 4.8480717,1.1513009 1.582299 4.8480717] }
 coordIndex [
  23,1,11,-1,23,13,1,-1,22,11,10,-1,22,23,11,-1,21,10,9,-1,21,22,10,-1,20,9,8,-1,20,21,9,-1,
  19,8,7,-1,19,20,8,-1,18,7,6,-1,18,19,7,-1,17,6,5,-1,17,18,6,-1,16,5,4,-1,16,17,5,-1,
  15,4,3,-1,15,16,4,-1,14,3,2,-1,14,15,3,-1,12,2,0,-1,12,14,2,-1]
  normalPerVertex TRUE
  normal DEF NORM_70 Normal { vector [
  0.98982144 0.14231484 0,-0.98982144 0.14231484 0,
  0.9718798 0.23547752 0,0.86617015 0.49974921 0,
  0.69028855 0.72353418 0,0.45848388 0.88870272 0,
  0.18953557 0.98187386 0,-0.094767785 0.99549941 0,
  -0.37139362 0.92847551 0,-0.61793135 0.78623206 0,
  -0.81440795 0.58029276 0,-0.94490607 0.32734159 0,
  0.98982144 0.14231484 0,-0.98982144 0.14231484 0,
  0.94490607 0.32734159 0,0.81440795 0.58029276 0,
  0.61793135 0.78623206 0,0.37139362 0.92847551 0,
  0.094767785 0.99549941 0,-0.18953557 0.98187386 0,
  -0.45848388 0.88870272 0,-0.69028855 0.72353418 0,
  -0.86617015 0.49974921 0,-0.9718798 0.23547752 0] }
}
}
DEF SHAPE_71 Shape {
 appearance USE APP_3
 geometry DEF FACE_71 IndexedFaceSet {
  coord DEF COORD_71 Coordinate { point [
  1.6141732 1.515748 8.7850796,1.6141732 1.515748 4.8480717,
  1.1417323 1.515748 8.7850796,1.1513009 1.449197 8.7850796,
  1.1792314 1.3880376 8.7850796,1.2232612 1.3372245 8.7850796,
  1.2798232 1.3008743 8.7850796,1.3443351 1.2819319 8.7850796,
  1.4115704 1.2819319 8.7850796,1.4760823 1.3008743 8.7850796,
  1.5326443 1.3372245 8.7850796,1.5766741 1.3880376 8.7850796,
  1.6046046 1.449197 8.7850796,1.1417323 1.515748 4.8480717,
  1.1513009 1.449197 4.8480717,1.1792314 1.3880376 4.8480717,
  1.2232612 1.3372245 4.8480717,1.2798232 1.3008743 4.8480717,
  1.3443351 1.2819319 4.8480717,1.4115704 1.2819319 4.8480717,
  1.4760823 1.3008743 4.8480717,1.5326443 1.3372245 4.8480717,
  1.5766741 1.3880376 4.8480717,1.6046046 1.449197 4.8480717] }
 coordIndex [
  23,1,0,-1,23,0,12,-1,22,12,11,-1,22,23,12,-1,21,11,10,-1,21,22,11,-1,20,10,9,-1,20,21,10,-1,
  19,9,8,-1,19,20,9,-1,18,8,7,-1,18,19,8,-1,17,7,6,-1,17,18,7,-1,16,6,5,-1,16,17,6,-1,
  15,5,4,-1,15,16,5,-1,14,4,3,-1,14,15,4,-1,13,3,2,-1,13,14,3,-1]
  normalPerVertex TRUE
  normal DEF NORM_71 Normal { vector [
  0.98982144 -0.14231484 0,0.98982144 -0.14231484 0,
  -0.98982144 -0.14231484 0,-0.9718798 -0.23547752 0,
  -0.86617015 -0.49974921 0,-0.69028855 -0.72353418 0,
  -0.45848388 -0.88870272 0,-0.18953557 -0.98187386 0,
  0.094767785 -0.99549941 0,0.37139362 -0.92847551 0,
  0.61793135 -0.78623206 0,0.81440795 -0.58029276 0,
  0.94490607 -0.32734159 0,-0.98982144 -0.14231484 0,
  -0.94490607 -0.32734159 0,-0.81440795 -0.58029276 0,
  -0.61793135 -0.78623206 0,-0.37139362 -0.92847551 0,
  -0.094767785 -0.99549941 0,0.18953557 -0.98187386 0,
  0.45848388 -0.88870272 0,0.69028855 -0.72353418 0,
  0.86617015 -0.49974921 0,0.9718798 -0.23547752 0] }
}
}
DEF SHAPE_72 Shape {
 appearance USE APP_3
 geometry DEF FACE_72 IndexedFaceSet {
  coord DEF COORD_72 Coordinate { point [
  -1.1417323 1.515748 8.7850796,-1.1417323 1.515748 4.8480717,
  -1.6141732 1.515748 8.7850796,-1.6046046 1.449197 8.7850796,
  -1.5766741 1.3880376 8.7850796,-1.5326443 1.3372245 8.7850796,
  -1.4760823 1.3008743 8.7850796,-1.4115704 1.2819319 8.7850796,
  -1.3443351 1.2819319 8.7850796,-1.2798232 1.3008743 8.7850796,
  -1.2232612 1.3372245 8.7850796,-1.1792314 1.3880376 8.7850796,
  -1.1513009 1.449197 8.7850796,-1.6141732 1.515748 4.8480717,
  -1.6046046 1.449197 4.8480717,-1.5766741 1.3880376 4.8480717,
  -1.5326443 1.3372245 4.8480717,-1.4760823 1.3008743 4.8480717,
  -1.4115704 1.2819319 4.8480717,-1.3443351 1.2819319 4.8480717,
  -1.2798232 1.3008743 4.8480717,-1.2232612 1.3372245 4.8480717,
  -1.1792314 1.3880376 4.8480717,-1.1513009 1.449197 4.8480717] }
 coordIndex [
  23,1,0,-1,23,0,12,-1,22,12,11,-1,22,23,12,-1,21,11,10,-1,21,22,11,-1,20,10,9,-1,20,21,10,-1,
  19,9,8,-1,19,20,9,-1,18,8,7,-1,18,19,8,-1,17,7,6,-1,17,18,7,-1,16,6,5,-1,16,17,6,-1,
  15,5,4,-1,15,16,5,-1,14,4,3,-1,14,15,4,-1,13,3,2,-1,13,14,3,-1]
  normalPerVertex TRUE
  normal DEF NORM_72 Normal { vector [
  0.98982144 -0.14231484 0,0.98982144 -0.14231484 0,
  -0.98982144 -0.14231484 0,-0.9718798 -0.23547752 0,
  -0.86617015 -0.49974921 0,-0.69028855 -0.72353418 0,
  -0.45848388 -0.88870272 0,-0.18953557 -0.98187386 0,
  0.094767785 -0.99549941 0,0.37139362 -0.92847551 0,
  0.61793135 -0.78623206 0,0.81440795 -0.58029276 0,
  0.94490607 -0.32734159 0,-0.98982144 -0.14231484 0,
  -0.94490607 -0.32734159 0,-0.81440795 -0.58029276 0,
  -0.61793135 -0.78623206 0,-0.37139362 -0.92847551 0,
  -0.094767785 -0.99549941 0,0.18953557 -0.98187386 0,
  0.45848388 -0.88870272 0,0.69028855 -0.72353418 0,
  0.86617015 -0.49974921 0,0.9718798 -0.23547752 0] }
}
}
DEF SHAPE_73 Shape {
 appearance USE APP_1
 geometry DEF FACE_73 IndexedFaceSet {
  coord DEF COORD_73 Coordinate { point [
  1.4566929 1.515748 4.8480717,1.4566929 1.515748 4.0257586,
  1.2992126 1.515748 4.8480717,1.3024021 1.4935644 4.8480717,
  1.3117123 1.4731779 4.8480717,1.3263889 1.4562402 4.8480717,
  1.3452429 1.4441235 4.8480717,1.3667469 1.4378093 4.8480717,
  1.3891586 1.4378093 4.8480717,1.4106626 1.4441235 4.8480717,
  1.4295166 1.4562402 4.8480717,1.4441932 1.4731779 4.8480717,
  1.4535034 1.4935644 4.8480717,1.2992126 1.515748 4.0257586,
  1.3779528 1.4370079 4.0596834,1.3605207 1.4390295 4.0590928,
  1.3441142 1.4447722 4.0572949,1.3294781 1.4537529 4.0542512,
  1.3173565 1.4654763 4.0499208,1.3082795 1.4791933 4.0442695,
  1.3023148 1.4941182 4.0373747,1.2999888 1.5049457 4.031832,
  1.4543447 1.4968162 4.0360448,1.4472489 1.4784196 4.0446105,
  1.4367404 1.4633652 4.0507326,1.4240756 1.451991 4.0548692,
  1.4090678 1.4435159 4.0577019,1.3939168 1.4386919 4.0591948] }
 coordIndex [
  22,1,0,-1,22,0,12,-1,23,12,11,-1,23,22,12,-1,24,11,10,-1,24,23,11,-1,25,10,9,-1,25,24,10,-1,
  26,25,9,-1,27,9,8,-1,27,26,9,-1,14,8,7,-1,14,27,8,-1,15,7,6,-1,15,14,7,-1,16,15,6,-1,
  17,6,5,-1,17,16,6,-1,18,5,4,-1,18,17,5,-1,19,4,3,-1,19,18,4,-1,20,19,3,-1,21,3,2,-1,
  21,20,3,-1,13,21,2,-1]
  normalPerVertex TRUE
  normal DEF NORM_73 Normal { vector [
  0.99105915 -0.13342298 0.00024467763,0.99239502 -0.12309394 0,
  -0.99286418 -0.11924896 0.00063405357,-0.95687995 -0.29048325 0.00049898883,
  -0.83946279 -0.54341695 0.00049055798,-0.6663452 -0.74564327 0.0004277371,
  -0.42136738 -0.90688998 0.00030537348,-0.1346716 -0.99089018 0.00045777904,
  0.13242255 -0.99119324 0.00048169336,0.41053822 -0.91184332 0.00036572639,
  0.65874746 -0.75236397 0.00048960091,0.8353304 -0.54974805 0.00044198999,
  0.95215589 -0.30561265 0.00027397314,-0.99742863 -0.07166676 0,
  -0.0060487836 -0.9999817 7.2761901e-05,-0.24658638 -0.96912082 5.0711583e-06,
  -0.42852143 -0.90353161 -0.00012966533,-0.58416782 -0.81163289 9.0632999e-05,
  -0.76335025 -0.64598482 8.6986981e-05,-0.89571148 -0.44463574 0.00010130527,
  -0.95187162 -0.306497 -0.00010689134,-0.9898808 -0.14190059 0.00046755525,
  0.97827717 -0.20730116 1.3984748e-05,0.89457048 -0.4469269 -6.5721145e-05,
  0.75351792 -0.65742737 1.3726223e-05,0.56636607 -0.82415379 3.8375861e-05,
  0.4034671 -0.91499414 -0.00011077594,0.23679942 -0.97155855 0.00015203373] }
}
}
DEF SHAPE_74 Shape {
 appearance USE APP_1
 geometry DEF FACE_74 IndexedFaceSet {
  coord DEF COORD_74 Coordinate { point [
  -1.2992126 1.515748 4.8480717,-1.2992126 1.515748 4.0257586,
  -1.4566929 1.515748 4.8480717,-1.4535034 1.4935644 4.8480717,
  -1.4441932 1.4731779 4.8480717,-1.4295166 1.4562402 4.8480717,
  -1.4106626 1.4441235 4.8480717,-1.3891586 1.4378093 4.8480717,
  -1.3667469 1.4378093 4.8480717,-1.3452429 1.4441235 4.8480717,
  -1.3263889 1.4562402 4.8480717,-1.3117123 1.4731779 4.8480717,
  -1.3024021 1.4935644 4.8480717,-1.4566929 1.515748 4.0257586,
  -1.3779528 1.4370079 4.0596834,-1.3953848 1.4390295 4.0590928,
  -1.4117913 1.4447722 4.0572949,-1.4264274 1.4537529 4.0542512,
  -1.438549 1.4654763 4.0499208,-1.447626 1.4791933 4.0442695,
  -1.4535907 1.4941182 4.0373747,-1.4559168 1.5049457 4.031832,
  -1.3015609 1.4968162 4.0360448,-1.3086566 1.4784196 4.0446105,
  -1.3191651 1.4633652 4.0507326,-1.3318299 1.451991 4.0548692,
  -1.3468377 1.4435159 4.0577019,-1.3619887 1.4386919 4.0591948] }
 coordIndex [
  22,1,0,-1,22,0,12,-1,23,12,11,-1,23,22,12,-1,24,11,10,-1,24,23,11,-1,25,10,9,-1,25,24,10,-1,
  26,25,9,-1,27,9,8,-1,27,26,9,-1,14,8,7,-1,14,27,8,-1,15,7,6,-1,15,14,7,-1,16,15,6,-1,
  17,6,5,-1,17,16,6,-1,18,5,4,-1,18,17,5,-1,19,4,3,-1,19,18,4,-1,20,19,3,-1,21,3,2,-1,
  21,20,3,-1,13,21,2,-1]
  normalPerVertex TRUE
  normal DEF NORM_74 Normal { vector [
  0.99105915 -0.13342298 0.00024467763,0.99239502 -0.12309394 0,
  -0.99286418 -0.11924896 0.00063405357,-0.95687995 -0.29048325 0.00049898883,
  -0.83946279 -0.54341695 0.00049055798,-0.6663452 -0.74564327 0.0004277371,
  -0.42136738 -0.90688998 0.00030537348,-0.1346716 -0.99089018 0.00045777904,
  0.13242255 -0.99119324 0.00048169336,0.41053822 -0.91184332 0.00036572639,
  0.65874746 -0.75236397 0.00048960091,0.8353304 -0.54974805 0.00044198999,
  0.95215589 -0.30561265 0.00027397314,-0.99742863 -0.07166676 0,
  -0.0060487836 -0.9999817 7.2761901e-05,-0.24658638 -0.96912082 5.0711583e-06,
  -0.42852143 -0.90353161 -0.00012966533,-0.58416782 -0.81163289 9.0632999e-05,
  -0.76335025 -0.64598482 8.6986981e-05,-0.89571148 -0.44463574 0.00010130527,
  -0.95187162 -0.306497 -0.00010689134,-0.9898808 -0.14190059 0.00046755525,
  0.97827717 -0.20730116 1.3984748e-05,0.89457048 -0.4469269 -6.5721145e-05,
  0.75351792 -0.65742737 1.3726223e-05,0.56636607 -0.82415379 3.8375861e-05,
  0.4034671 -0.91499414 -0.00011077594,0.23679942 -0.97155855 0.00015203373] }
}
}
DEF SHAPE_75 Shape {
 appearance USE APP_1
 geometry DEF FACE_75 IndexedFaceSet {
  coord DEF COORD_75 Coordinate { point [
  -1.3779528 1.4173228 3.2732686,-1.3779528 1.6141732 3.470119,
  -1.3779528 1.478153 3.2829031,-1.3779528 1.5330286 3.3108637,
  -1.3779528 1.5765781 3.3544132,-1.3779528 1.6045387 3.4092889,
  -1.3779528 1.4173228 4.0606702,-1.4888711 1.4173228 3.2892162,
  -1.5908035 1.4173228 3.3357672,-1.675492 1.4173228 3.4091502,
  -1.7360756 1.4173228 3.5034202,-1.7676462 1.4173228 3.6109399,
  -1.7676462 1.4173228 3.7229988,-1.7360756 1.4173228 3.8305186,
  -1.675492 1.4173228 3.9247886,-1.5908035 1.4173228 3.9981716,
  -1.4888711 1.4173228 4.0447225,-1.3779528 1.4370079 4.0596834,
  -1.3779528 1.4238943 4.0605604,-1.3779528 1.4304584 4.0602314,
  -1.4566929 1.515748 4.0257586,-1.3953848 1.4390295 4.0590928,
  -1.4117913 1.4447722 4.0572949,-1.4264274 1.4537529 4.0542512,
  -1.438549 1.4654763 4.0499208,-1.447626 1.4791933 4.0442695,
  -1.4535907 1.4941182 4.0373747,-1.4559168 1.5049457 4.031832,
  -1.3779528 1.5944882 3.9496249,-1.4540758 1.5360851 4.0124912,
  -1.4466861 1.5542544 3.9981438,-1.435216 1.5697937 3.9831866,
  -1.4202354 1.582192 3.9684188,-1.403318 1.590284 3.956697,
  -1.3902392 1.5935167 3.9513418,-1.3841961 1.5942378 3.9500756,
  -1.3779528 1.6141732 3.8638198,-1.3779528 1.6053413 3.9221218,
  -1.3779528 1.6119527 3.8933033,-1.4334119 1.6141732 3.4780928,
  -1.4843781 1.6141732 3.5013683,-1.5267224 1.6141732 3.5380598,
  -1.5570142 1.6141732 3.5851948,-1.5727995 1.6141732 3.6389546,
  -1.5727995 1.6141732 3.6949841,-1.5570142 1.6141732 3.748744,
  -1.5267224 1.6141732 3.795879,-1.4843781 1.6141732 3.8325705,
  -1.4334119 1.6141732 3.8558459,-1.4861567 1.478153 3.2984605,
  -1.4782793 1.5330286 3.3252885,-1.5855946 1.478153 3.3438723,
  -1.46601 1.5765781 3.3670739,-1.570478 1.5330286 3.3673942,
  -1.6682107 1.478153 3.4154595,-1.4505497 1.6045387 3.4197267,
  -1.5469334 1.5765781 3.4040304,-1.6470795 1.5330286 3.4337697,
  -1.7273117 1.478153 3.5074225,-1.5172654 1.6045387 3.4501947,
  -1.6141669 1.5765781 3.4622886,-1.7018779 1.5330286 3.5190377,
  -1.7581098 1.478153 3.612311,-1.5726947 1.6045387 3.4982245,
  -1.6622638 1.5765781 3.5371289,-1.7304338 1.5330286 3.6162902,
  -1.7581098 1.478153 3.7216277,-1.6123472 1.6045387 3.559925,
  -1.6873275 1.5765781 3.622488,-1.7304338 1.5330286 3.7176485,
  -1.7273117 1.478153 3.8265163,-1.6330105 1.6045387 3.6302976,
  -1.6873275 1.5765781 3.7114508,-1.7018779 1.5330286 3.814901,
  -1.6682107 1.478153 3.9184793,-1.6330105 1.6045387 3.7036411,
  -1.6622638 1.5765781 3.7968099,-1.6470795 1.5330286 3.900169,
  -1.5855946 1.478153 3.9900665,-1.6123472 1.6045387 3.7740137,
  -1.6141669 1.5765781 3.8716501,-1.570478 1.5330286 3.9665446,
  -1.4861567 1.478153 4.0354782,-1.5726947 1.6045387 3.8357142,
  -1.5469334 1.5765781 3.9299083,-1.4782793 1.5330286 4.0086503,
  -1.5172654 1.6045387 3.883744,-1.46601 1.5765781 3.9668648,
  -1.4347106 1.5765781 3.9743289,-1.4505497 1.6045387 3.914212,
  -1.4247456 1.6045387 3.9203657] }
 coordIndex [
  85,82,20,-1,85,78,82,-1,62,10,11,-1,86,80,84,-1,86,83,80,-1,86,47,46,-1,62,58,10,-1,63,41,40,-1,
  86,46,83,-1,87,81,85,-1,63,59,56,-1,87,30,31,-1,63,56,60,-1,63,40,59,-1,87,85,30,-1,64,60,57,-1,
  87,84,81,-1,88,31,32,-1,64,57,61,-1,88,87,31,-1,89,47,86,-1,89,84,87,-1,65,61,58,-1,65,58,62,-1,
  89,48,47,-1,89,86,84,-1,90,88,32,-1,66,11,12,-1,90,87,88,-1,90,48,89,-1,90,32,33,-1,90,33,34,-1,
  90,37,38,-1,90,34,37,-1,90,38,48,-1,66,62,11,-1,90,89,87,-1,67,41,63,-1,67,63,60,-1,67,42,41,-1,
  67,60,64,-1,68,64,61,-1,68,61,65,-1,69,65,62,-1,69,62,66,-1,70,12,13,-1,70,66,12,-1,71,67,64,-1,
  37,34,35,-1,71,43,42,-1,37,35,28,-1,71,42,67,-1,71,64,68,-1,72,68,65,-1,72,65,69,-1,36,48,38,-1,
  49,2,0,-1,49,0,7,-1,73,69,66,-1,73,66,70,-1,50,3,2,-1,74,70,13,-1,74,13,14,-1,50,2,49,-1,
  51,7,8,-1,75,44,43,-1,75,71,68,-1,75,43,71,-1,51,49,7,-1,75,68,72,-1,52,4,3,-1,76,72,69,-1,
  76,69,73,-1,52,3,50,-1,53,50,49,-1,53,49,51,-1,77,70,74,-1,77,73,70,-1,54,8,9,-1,22,16,6,-1,
  78,14,15,-1,22,23,16,-1,54,51,8,-1,24,16,23,-1,78,74,14,-1,55,5,4,-1,55,1,5,-1,79,45,44,-1,
  55,39,1,-1,79,44,75,-1,55,4,52,-1,79,75,72,-1,21,6,18,-1,79,72,76,-1,80,76,73,-1,21,22,6,-1,
  56,52,50,-1,80,73,77,-1,56,50,53,-1,57,53,51,-1,57,51,54,-1,19,21,18,-1,58,9,10,-1,81,77,74,-1,
  81,74,78,-1,82,15,16,-1,82,24,25,-1,82,25,26,-1,58,54,9,-1,82,26,27,-1,82,27,20,-1,82,78,15,-1,
  59,40,39,-1,17,21,19,-1,82,16,24,-1,59,39,55,-1,83,76,80,-1,59,55,52,-1,83,45,79,-1,59,52,56,-1,
  83,46,45,-1,83,79,76,-1,60,53,57,-1,60,56,53,-1,61,57,54,-1,84,80,77,-1,61,54,58,-1,84,77,81,-1,
  85,20,29,-1,85,29,30,-1,85,81,78,-1]
  normalPerVertex TRUE
  normal DEF NORM_75 Normal { vector [
  -0.14059755 0.15488057 -0.97787746,-0.022486194 0.98743861 -0.15639491,
  -0.13314718 0.35310997 -0.92605895,-0.11140796 0.62223889 -0.77485936,
  -0.078802932 0.83270124 -0.54808643,-0.044386148 0.9501192 -0.30871244,
  -0.13779261 -0.048899453 0.98925327,-0.32258606 0.1562652 -0.93355204,
  -0.57253107 0.1562652 -0.80485363,-0.77609301 0.1562652 -0.61095076,
  -0.91678051 0.1562652 -0.3675523,-0.9831959 0.1562652 -0.094376931,
  -0.96995861 0.1562652 0.18644429,-0.87814105 0.1562652 0.45216091,
  -0.71518172 0.1562652 0.68124614,-0.49428261 0.1562652 0.85514086,
  -0.29563975 0.10441574 0.94957595,-0.024090322 0.083351752 0.99622896,
  -0.055079558 0.033332261 0.99792545,-0.032347484 0.06669374 0.99724901,
  -0.27783975 0.47707585 0.83378877,-0.075483165 0.01953455 0.99695571,
  -0.1493815 -0.02701928 0.9884104,-0.20047486 0.088422157 0.97570044,
  -0.23881354 0.15933884 0.95790356,-0.22023735 0.29201982 0.93070937,
  -0.23014267 0.36215085 0.90326138,-0.27215628 0.42468243 0.86346731,
  -0.010799541 0.93013962 0.3670472,-0.19875743 0.60473557 0.77122654,
  -0.2226133 0.7091995 0.66893901,-0.15399602 0.76413865 0.62640031,
  -0.14164887 0.8849797 0.44356119,-0.10426801 0.90339341 0.41594295,
  -0.039603014 0.92687601 0.37327264,-0.022640582 0.93085499 0.36468671,
  -0.010797172 0.99711785 0.075095983,-0.026994359 0.95201048 0.30487267,
  -0.042768748 0.98775071 0.15006457,-0.052607768 0.98764925 -0.14758519,
  -0.092056336 0.98764925 -0.12678563,-0.12404705 0.98764925 -0.095714655,
  -0.14598821 0.98764925 -0.056889447,-0.15610227 0.98764925 -0.013455394,
  -0.15356985 0.98764925 0.031068734,-0.13859612 0.98764925 0.073075859,
  -0.11239415 0.98764925 0.10916281,-0.077086683 0.98764925 0.13640604,
  -0.051974317 0.98906455 0.13802168,-0.26379449 0.30653558 -0.91457553,
  -0.22081905 0.58343671 -0.78156289,-0.51077466 0.30653558 -0.8032093,
  -0.15738786 0.80402857 -0.57338217,-0.43206604 0.58343671 -0.68769218,
  -0.71637491 0.30653558 -0.62677183,-0.074571829 0.94718631 -0.31189283,
  -0.31255297 0.80402857 -0.50581488,-0.6083096 0.58343671 -0.53810875,
  -0.86393872 0.30653558 -0.39955704,-0.15942151 0.94718631 -0.27824966,
  -0.4423969 0.80402857 -0.39726948,-0.73527154 0.58343671 -0.34493094,
  -0.94151136 0.30653558 -0.1399725,-0.23135581 0.94718631 -0.22206437,
  -0.53640046 0.80402857 -0.25653966,-0.80266616 0.58343671 -0.12380889,
  -0.94280834 0.30653558 0.13095177,-0.28454703 0.94718631 -0.14788874,
  -0.58694805 0.80402857 -0.095026528,-0.80503353 0.58343671 0.10734343,
  -0.8677246 0.30653558 0.39126711,-0.31468595 0.94718631 -0.061732041,
  -0.5899446 0.80402857 0.074185089,-0.74218188 0.58343671 0.32979943,
  -0.72234298 0.30653558 0.61988431,-0.31933088 0.94718631 0.029425818,
  -0.54514734 0.80402857 0.23738667,-0.61920306 0.58343671 0.52553703,
  -0.51844142 0.30653558 0.79828218,-0.29810553 0.94718631 0.11819977,
  -0.45618549 0.80402857 0.3813566,-0.4460601 0.58343671 0.67869875,
  -0.36772437 0.26375806 0.89174574,-0.25272944 0.94718631 0.19739788,
  -0.3302662 0.80402857 0.49443128,-0.33331475 0.54936829 0.76622174,
  -0.18687871 0.94718631 0.26060399,-0.23532248 0.78764672 0.56941722,
  -0.12331864 0.87695859 0.46447405,-0.12663949 0.94562754 0.2995847,
  -0.076032663 0.94811044 0.30871608] }
}
}
DEF SHAPE_76 Shape {
 appearance USE APP_1
 geometry DEF FACE_76 IndexedFaceSet {
  coord DEF COORD_76 Coordinate { point [
  1.3779528 1.4173228 3.2732686,1.3779528 1.6141732 3.470119,
  1.3779528 1.478153 3.2829031,1.3779528 1.5330286 3.3108637,
  1.3779528 1.5765781 3.3544132,1.3779528 1.6045387 3.4092889,
  1.3779528 1.4173228 4.0606702,1.2670344 1.4173228 3.2892162,
  1.165102 1.4173228 3.3357672,1.0804136 1.4173228 3.4091502,
  1.0198299 1.4173228 3.5034202,0.98825927 1.4173228 3.6109399,
  0.98825927 1.4173228 3.7229988,1.0198299 1.4173228 3.8305186,
  1.0804136 1.4173228 3.9247886,1.165102 1.4173228 3.9981716,
  1.2670344 1.4173228 4.0447225,1.3779528 1.4370079 4.0596834,
  1.3779528 1.4238943 4.0605604,1.3779528 1.4304584 4.0602314,
  1.2992126 1.515748 4.0257586,1.3605207 1.4390295 4.0590928,
  1.3441142 1.4447722 4.0572949,1.3294781 1.4537529 4.0542512,
  1.3173565 1.4654763 4.0499208,1.3082795 1.4791933 4.0442695,
  1.3023148 1.4941182 4.0373747,1.2999888 1.5049457 4.031832,
  1.3779528 1.5944882 3.9496249,1.3018297 1.5360851 4.0124912,
  1.3092194 1.5542544 3.9981438,1.3206895 1.5697937 3.9831866,
  1.3356701 1.582192 3.9684188,1.3525875 1.590284 3.956697,
  1.3656663 1.5935167 3.9513418,1.3717094 1.5942378 3.9500756,
  1.3779528 1.6141732 3.8638198,1.3779528 1.6053413 3.9221218,
  1.3779528 1.6119527 3.8933033,1.3224936 1.6141732 3.4780928,
  1.2715274 1.6141732 3.5013683,1.2291832 1.6141732 3.5380598,
  1.1988913 1.6141732 3.5851948,1.183106 1.6141732 3.6389546,
  1.183106 1.6141732 3.6949841,1.1988913 1.6141732 3.748744,
  1.2291832 1.6141732 3.795879,1.2715274 1.6141732 3.8325705,
  1.3224936 1.6141732 3.8558459,1.2697488 1.478153 3.2984605,
  1.2776262 1.5330286 3.3252885,1.1703109 1.478153 3.3438723,
  1.2898955 1.5765781 3.3670739,1.1854275 1.5330286 3.3673942,
  1.0876949 1.478153 3.4154595,1.3053558 1.6045387 3.4197267,
  1.2089721 1.5765781 3.4040304,1.108826 1.5330286 3.4337697,
  1.0285938 1.478153 3.5074225,1.2386402 1.6045387 3.4501947,
  1.1417386 1.5765781 3.4622886,1.0540276 1.5330286 3.5190377,
  0.99779575 1.478153 3.612311,1.1832108 1.6045387 3.4982245,
  1.0936417 1.5765781 3.5371289,1.0254717 1.5330286 3.6162902,
  0.99779575 1.478153 3.7216277,1.1435583 1.6045387 3.559925,
  1.068578 1.5765781 3.622488,1.0254717 1.5330286 3.7176485,
  1.0285938 1.478153 3.8265163,1.1228951 1.6045387 3.6302976,
  1.068578 1.5765781 3.7114508,1.0540276 1.5330286 3.814901,
  1.0876949 1.478153 3.9184793,1.1228951 1.6045387 3.7036411,
  1.0936417 1.5765781 3.7968099,1.108826 1.5330286 3.900169,
  1.1703109 1.478153 3.9900665,1.1435583 1.6045387 3.7740137,
  1.1417386 1.5765781 3.8716501,1.1854275 1.5330286 3.9665446,
  1.2697488 1.478153 4.0354782,1.1832108 1.6045387 3.8357142,
  1.2089721 1.5765781 3.9299083,1.2776262 1.5330286 4.0086503,
  1.2386402 1.6045387 3.883744,1.2898955 1.5765781 3.9668648,
  1.3211949 1.5765781 3.9743289,1.3053558 1.6045387 3.914212,
  1.3311599 1.6045387 3.9203657] }
 coordIndex [
  85,82,20,-1,85,78,82,-1,62,10,11,-1,86,80,84,-1,86,83,80,-1,86,47,46,-1,62,58,10,-1,63,41,40,-1,
  86,46,83,-1,87,81,85,-1,63,59,56,-1,87,30,31,-1,63,56,60,-1,63,40,59,-1,87,85,30,-1,64,60,57,-1,
  87,84,81,-1,88,31,32,-1,64,57,61,-1,88,87,31,-1,89,47,86,-1,89,84,87,-1,65,61,58,-1,65,58,62,-1,
  89,48,47,-1,89,86,84,-1,90,88,32,-1,66,11,12,-1,90,87,88,-1,90,48,89,-1,90,32,33,-1,90,33,34,-1,
  90,37,38,-1,90,34,37,-1,90,38,48,-1,66,62,11,-1,90,89,87,-1,67,41,63,-1,67,63,60,-1,67,42,41,-1,
  67,60,64,-1,68,64,61,-1,68,61,65,-1,69,65,62,-1,69,62,66,-1,70,12,13,-1,70,66,12,-1,71,67,64,-1,
  37,34,35,-1,71,43,42,-1,37,35,28,-1,71,42,67,-1,71,64,68,-1,72,68,65,-1,72,65,69,-1,36,48,38,-1,
  49,2,0,-1,49,0,7,-1,73,69,66,-1,73,66,70,-1,50,3,2,-1,74,70,13,-1,74,13,14,-1,50,2,49,-1,
  51,7,8,-1,75,44,43,-1,75,71,68,-1,75,43,71,-1,51,49,7,-1,75,68,72,-1,52,4,3,-1,76,72,69,-1,
  76,69,73,-1,52,3,50,-1,53,50,49,-1,53,49,51,-1,77,70,74,-1,77,73,70,-1,54,8,9,-1,22,16,6,-1,
  78,14,15,-1,22,23,16,-1,54,51,8,-1,24,16,23,-1,78,74,14,-1,55,5,4,-1,55,1,5,-1,79,45,44,-1,
  55,39,1,-1,79,44,75,-1,55,4,52,-1,79,75,72,-1,21,6,18,-1,79,72,76,-1,80,76,73,-1,21,22,6,-1,
  56,52,50,-1,80,73,77,-1,56,50,53,-1,57,53,51,-1,57,51,54,-1,19,21,18,-1,58,9,10,-1,81,77,74,-1,
  81,74,78,-1,82,15,16,-1,82,24,25,-1,82,25,26,-1,58,54,9,-1,82,26,27,-1,82,27,20,-1,82,78,15,-1,
  59,40,39,-1,17,21,19,-1,82,16,24,-1,59,39,55,-1,83,76,80,-1,59,55,52,-1,83,45,79,-1,59,52,56,-1,
  83,46,45,-1,83,79,76,-1,60,53,57,-1,60,56,53,-1,61,57,54,-1,84,80,77,-1,61,54,58,-1,84,77,81,-1,
  85,20,29,-1,85,29,30,-1,85,81,78,-1]
  normalPerVertex TRUE
  normal DEF NORM_76 Normal { vector [
  -0.14059755 0.15488057 -0.97787746,-0.022486194 0.98743861 -0.15639491,
  -0.13314718 0.35310997 -0.92605895,-0.11140796 0.62223889 -0.77485936,
  -0.078802932 0.83270124 -0.54808643,-0.044386148 0.9501192 -0.30871244,
  -0.13779261 -0.048899453 0.98925327,-0.32258606 0.1562652 -0.93355204,
  -0.57253107 0.1562652 -0.80485363,-0.77609301 0.1562652 -0.61095076,
  -0.91678051 0.1562652 -0.3675523,-0.9831959 0.1562652 -0.094376931,
  -0.96995861 0.1562652 0.18644429,-0.87814105 0.1562652 0.45216091,
  -0.71518172 0.1562652 0.68124614,-0.49428261 0.1562652 0.85514086,
  -0.29563975 0.10441574 0.94957595,-0.024090322 0.083351752 0.99622896,
  -0.055079558 0.033332261 0.99792545,-0.032347484 0.06669374 0.99724901,
  -0.27783975 0.47707585 0.83378877,-0.075483165 0.01953455 0.99695571,
  -0.1493815 -0.02701928 0.9884104,-0.20047486 0.088422157 0.97570044,
  -0.23881354 0.15933884 0.95790356,-0.22023735 0.29201982 0.93070937,
  -0.23014267 0.36215085 0.90326138,-0.27215628 0.42468243 0.86346731,
  -0.010799541 0.93013962 0.3670472,-0.19875743 0.60473557 0.77122654,
  -0.2226133 0.7091995 0.66893901,-0.15399602 0.76413865 0.62640031,
  -0.14164887 0.8849797 0.44356119,-0.10426801 0.90339341 0.41594295,
  -0.039603014 0.92687601 0.37327264,-0.022640582 0.93085499 0.36468671,
  -0.010797172 0.99711785 0.075095983,-0.026994359 0.95201048 0.30487267,
  -0.042768748 0.98775071 0.15006457,-0.052607768 0.98764925 -0.14758519,
  -0.092056336 0.98764925 -0.12678563,-0.12404705 0.98764925 -0.095714655,
  -0.14598821 0.98764925 -0.056889447,-0.15610227 0.98764925 -0.013455394,
  -0.15356985 0.98764925 0.031068734,-0.13859612 0.98764925 0.073075859,
  -0.11239415 0.98764925 0.10916281,-0.077086683 0.98764925 0.13640604,
  -0.051974317 0.98906455 0.13802168,-0.26379449 0.30653558 -0.91457553,
  -0.22081905 0.58343671 -0.78156289,-0.51077466 0.30653558 -0.8032093,
  -0.15738786 0.80402857 -0.57338217,-0.43206604 0.58343671 -0.68769218,
  -0.71637491 0.30653558 -0.62677183,-0.074571829 0.94718631 -0.31189283,
  -0.31255297 0.80402857 -0.50581488,-0.6083096 0.58343671 -0.53810875,
  -0.86393872 0.30653558 -0.39955704,-0.15942151 0.94718631 -0.27824966,
  -0.4423969 0.80402857 -0.39726948,-0.73527154 0.58343671 -0.34493094,
  -0.94151136 0.30653558 -0.1399725,-0.23135581 0.94718631 -0.22206437,
  -0.53640046 0.80402857 -0.25653966,-0.80266616 0.58343671 -0.12380889,
  -0.94280834 0.30653558 0.13095177,-0.28454703 0.94718631 -0.14788874,
  -0.58694805 0.80402857 -0.095026528,-0.80503353 0.58343671 0.10734343,
  -0.8677246 0.30653558 0.39126711,-0.31468595 0.94718631 -0.061732041,
  -0.5899446 0.80402857 0.074185089,-0.74218188 0.58343671 0.32979943,
  -0.72234298 0.30653558 0.61988431,-0.31933088 0.94718631 0.029425818,
  -0.54514734 0.80402857 0.23738667,-0.61920306 0.58343671 0.52553703,
  -0.51844142 0.30653558 0.79828218,-0.29810553 0.94718631 0.11819977,
  -0.45618549 0.80402857 0.3813566,-0.4460601 0.58343671 0.67869875,
  -0.36772437 0.26375806 0.89174574,-0.25272944 0.94718631 0.19739788,
  -0.3302662 0.80402857 0.49443128,-0.33331475 0.54936829 0.76622174,
  -0.18687871 0.94718631 0.26060399,-0.23532248 0.78764672 0.56941722,
  -0.12331864 0.87695859 0.46447405,-0.12663949 0.94562754 0.2995847,
  -0.076032663 0.94811044 0.30871608] }
}
}
DEF SHAPE_77 Shape {
 appearance DEF APP_4 Appearance {
  material Material {
   ambientIntensity 0.27856529
   diffuseColor 0 0.50196081 0
   emissiveColor 0 0 0
   shininess 0.1
   specularColor 0.12 0.12 0.12
   transparency 0
} }
 geometry DEF FACE_77 IndexedFaceSet {
  coord DEF COORD_77 Coordinate { point [
  -1.3779528 1.4173228 4.0606702,-1.3779528 1.4173228 3.2732686,
  -1.2670344 1.4173228 4.0447225,-1.165102 1.4173228 3.9981716,
  -1.0804136 1.4173228 3.9247886,-1.0198299 1.4173228 3.8305186,
  -0.98825927 1.4173228 3.7229988,-0.98825927 1.4173228 3.6109399,
  -1.0198299 1.4173228 3.5034202,-1.0804136 1.4173228 3.4091502,
  -1.165102 1.4173228 3.3357672,-1.2670344 1.4173228 3.2892162,
  -1.4888711 1.4173228 3.2892162,-1.5908035 1.4173228 3.3357672,
  -1.675492 1.4173228 3.4091502,-1.7360756 1.4173228 3.5034202,
  -1.7676462 1.4173228 3.6109399,-1.7676462 1.4173228 3.7229988,
  -1.7360756 1.4173228 3.8305186,-1.675492 1.4173228 3.9247886,
  -1.5908035 1.4173228 3.9981716,-1.4888711 1.4173228 4.0447225,
  -2.3622047 1.4173228 3.9315415,2.3622047 1.4173228 3.9315415,
  -1.2256765 1.4173228 4.419813,0 1.4173228 4.5866142,
  1.2256765 1.4173228 4.419813,1.6728059 1.4173228 2.7841388,
  -1.6728059 1.4173228 2.7841388,0.86796833 1.4173228 3.1299105,
  0 1.4173228 3.2480315,-0.86796833 1.4173228 3.1299105,
  1.3779528 1.4173228 4.0606702,1.3779528 1.4173228 3.2732686,
  1.4888711 1.4173228 4.0447225,1.5908035 1.4173228 3.9981716,
  1.675492 1.4173228 3.9247886,1.7360756 1.4173228 3.8305186,
  1.7676462 1.4173228 3.7229988,1.7676462 1.4173228 3.6109399,
  1.7360756 1.4173228 3.5034202,1.675492 1.4173228 3.4091502,
  1.5908035 1.4173228 3.3357672,1.4888711 1.4173228 3.2892162,
  1.2670344 1.4173228 3.2892162,1.165102 1.4173228 3.3357672,
  1.0804136 1.4173228 3.4091502,1.0198299 1.4173228 3.5034202,
  0.98825927 1.4173228 3.6109399,0.98825927 1.4173228 3.7229988,
  1.0198299 1.4173228 3.8305186,1.0804136 1.4173228 3.9247886,
  1.165102 1.4173228 3.9981716,1.2670344 1.4173228 4.0447225] }
 coordIndex [
  42,27,43,-1,51,50,25,-1,13,28,14,-1,15,28,22,-1,15,14,28,-1,26,34,32,-1,26,35,34,-1,12,28,13,-1,
  26,51,25,-1,26,52,51,-1,41,27,42,-1,26,53,52,-1,26,32,53,-1,16,15,22,-1,23,36,35,-1,23,37,36,-1,
  23,38,37,-1,23,39,38,-1,23,40,39,-1,23,27,40,-1,1,28,12,-1,23,35,26,-1,17,16,22,-1,40,27,41,-1,
  11,28,1,-1,18,17,22,-1,19,18,22,-1,31,11,10,-1,31,28,11,-1,24,2,0,-1,24,3,2,-1,24,4,3,-1,
  24,21,20,-1,24,0,21,-1,24,20,22,-1,30,7,6,-1,9,31,10,-1,30,31,7,-1,20,19,22,-1,45,29,46,-1,
  47,46,29,-1,8,31,9,-1,44,29,45,-1,44,27,29,-1,25,4,24,-1,25,5,4,-1,25,6,5,-1,25,30,6,-1,
  48,47,29,-1,48,29,30,-1,33,27,44,-1,49,48,30,-1,7,31,8,-1,49,30,25,-1,43,27,33,-1,50,49,25,-1]
  normalPerVertex TRUE
  normal DEF NORM_77 Normal { vector [
  0 1 0,0 1 0,
  0 1 0,0 1 0,
  0 1 0,0 1 0,
  0 1 0,0 1 0,
  0 1 0,0 1 0,
  0 1 0,0 1 0,
  0 1 0,0 1 0,
  0 1 0,0 1 0,
  0 1 0,0 1 0,
  0 1 0,0 1 0,
  0 1 0,0 1 0,
  0 1 0,0 1 0,
  0 1 0,0 1 0,
  0 1 0,0 1 0,
  0 1 0,0 1 0,
  0 1 0,0 1 0,
  0 1 0,0 1 0,
  0 1 0,0 1 0,
  0 1 0,0 1 0,
  0 1 0,0 1 0,
  0 1 0,0 1 0,
  0 1 0,0 1 0,
  0 1 0,0 1 0,
  0 1 0,0 1 0,
  0 1 0,0 1 0,
  0 1 0,0 1 0,
  0 1 0,0 1 0] }
}
}
DEF SHAPE_78 Shape {
 appearance USE APP_4
 geometry DEF FACE_78 IndexedFaceSet {
  coord DEF COORD_78 Coordinate { point [
  -2.3622047 1.2992126 3.9315415,2.3622047 1.2992126 3.9315415,
  -1.8104765 1.2992126 4.2141671,-1.2256765 1.2992126 4.419813,
  -0.61848716 1.2992126 4.5447226,0 1.2992126 4.5866142,
  0.61848716 1.2992126 4.5447226,1.2256765 1.2992126 4.419813,
  1.8104765 1.2992126 4.2141671,2.3622047 1.4173228 3.9315415,
  -2.3622047 1.4173228 3.9315415,-1.2256765 1.4173228 4.419813,
  0 1.4173228 4.5866142,1.2256765 1.4173228 4.419813] }
 coordIndex [
  8,1,9,-1,8,9,13,-1,7,8,13,-1,6,13,12,-1,6,7,13,-1,5,6,12,-1,4,12,11,-1,4,5,12,-1,
  3,4,11,-1,2,11,10,-1,2,3,11,-1,0,2,10,-1]
  normalPerVertex TRUE
  normal DEF NORM_78 Normal { vector [
  -0.4559182 0 0.89002168,0.4559182 0 0.89002168,
  -0.38866606 0.17461656 0.90468102,-0.26722904 0 0.96363304,
  -0.13277442 0.17461656 0.97564338,0 0 1,
  0.13277442 0.17461656 0.97564338,0.26722904 0 0.96363304,
  0.38866606 0.17461656 0.90468102,0.40422767 0.230054 0.88525428,
  -0.40422767 0.230054 0.88525428,-0.2599733 0.23144394 0.93746871,
  0 0.23144394 0.97284824,0.2599733 0.23144394 0.93746871] }
}
}
DEF SHAPE_79 Shape {
 appearance USE APP_4
 geometry DEF FACE_79 IndexedFaceSet {
  coord DEF COORD_79 Coordinate { point [
  2.3622047 1.2992126 3.9315415,1.6728059 1.2992126 2.7841388,
  1.6728059 1.4173228 2.7841388,2.3622047 1.4173228 3.9315415] }
 coordIndex [
  3,0,1,-1,3,1,2,-1]
  normalPerVertex TRUE
  normal DEF NORM_79 Normal { vector [
  0.85717728 0 -0.51502146,0.85717728 0 -0.51502146,
  0.85717728 0 -0.51502146,0.85717728 0 -0.51502146] }
}
}
DEF SHAPE_80 Shape {
 appearance USE APP_4
 geometry DEF FACE_80 IndexedFaceSet {
  coord DEF COORD_80 Coordinate { point [
  1.6728059 1.4173228 2.7841388,1.6728059 1.2992126 2.7841388,
  -1.6728059 1.4173228 2.7841388,0.86796833 1.4173228 3.1299105,
  0 1.4173228 3.2480315,-0.86796833 1.4173228 3.1299105,
  -1.6728059 1.2992126 2.7841388,1.2820971 1.2992126 2.9842814,
  0.86796833 1.2992126 3.1299105,0.43798447 1.2992126 3.2183658,
  0 1.2992126 3.2480315,-0.43798447 1.2992126 3.2183658,
  -0.86796833 1.2992126 3.1299105,-1.2820971 1.2992126 2.9842814] }
 coordIndex [
  7,0,1,-1,7,3,0,-1,8,3,7,-1,9,4,3,-1,9,3,8,-1,10,4,9,-1,11,5,4,-1,11,4,10,-1,
  12,5,11,-1,13,2,5,-1,13,5,12,-1,6,2,13,-1]
  normalPerVertex TRUE
  normal DEF NORM_80 Normal { vector [
  -0.40966813 -0.16510641 -0.89716882,-0.4559182 0 -0.89002168,
  0.40966813 -0.16510641 -0.89716882,-0.26351553 -0.16613124 -0.95024206,
  0 -0.16613124 -0.98610365,0.26351553 -0.16613124 -0.95024206,
  0.4559182 0 -0.89002168,-0.39165408 -0.12460615 -0.9116361,
  -0.26722904 0 -0.96363304,-0.13379518 -0.12460615 -0.98314402,
  0 0 -1,0.13379518 -0.12460615 -0.98314402,
  0.26722904 0 -0.96363304,0.39165408 -0.12460615 -0.9116361] }
}
}
DEF SHAPE_81 Shape {
 appearance USE APP_4
 geometry DEF FACE_81 IndexedFaceSet {
  coord DEF COORD_81 Coordinate { point [
  -1.6728059 1.2992126 2.7841388,-2.3622047 1.2992126 3.9315415,
  -2.3622047 1.4173228 3.9315415,-1.6728059 1.4173228 2.7841388] }
 coordIndex [
  3,0,1,-1,3,1,2,-1]
  normalPerVertex TRUE
  normal DEF NORM_81 Normal { vector [
  -0.85717728 0 -0.51502146,-0.85717728 0 -0.51502146,
  -0.85717728 0 -0.51502146,-0.85717728 0 -0.51502146] }
}
}
DEF SHAPE_82 Shape {
 appearance USE APP_4
 geometry DEF FACE_82 IndexedFaceSet {
  coord DEF COORD_82 Coordinate { point [
  -2.3622047 1.2992126 3.9315415,2.3622047 1.2992126 3.9315415,
  -1.8104765 1.2992126 4.2141671,-1.2256765 1.2992126 4.419813,
  -0.61848716 1.2992126 4.5447226,0 1.2992126 4.5866142,
  0.61848716 1.2992126 4.5447226,1.2256765 1.2992126 4.419813,
  1.8104765 1.2992126 4.2141671,-1.6728059 1.2992126 2.7841388,
  1.6728059 1.2992126 2.7841388,1.2820971 1.2992126 2.9842814,
  0.86796833 1.2992126 3.1299105,0.43798447 1.2992126 3.2183658,
  0 1.2992126 3.2480315,-0.43798447 1.2992126 3.2183658,
  -0.86796833 1.2992126 3.1299105,-1.2820971 1.2992126 2.9842814] }
 coordIndex [
  2,0,9,-1,2,9,17,-1,3,17,16,-1,3,2,17,-1,4,16,15,-1,4,3,16,-1,5,15,14,-1,5,4,15,-1,
  6,14,13,-1,6,5,14,-1,7,13,12,-1,7,6,13,-1,8,12,11,-1,8,7,12,-1,1,11,10,-1,1,8,11,-1]
  normalPerVertex TRUE
  normal DEF NORM_82 Normal { vector [
  0 -1 0,0 -1 0,
  0 -1 0,0 -1 0,
  0 -1 0,0 -1 0,
  0 -1 0,0 -1 0,
  0 -1 0,0 -1 0,
  0 -1 0,0 -1 0,
  0 -1 0,0 -1 0,
  0 -1 0,0 -1 0,
  0 -1 0,0 -1 0] }
}
}
DEF SHAPE_83 Shape {
 appearance USE APP_1
 geometry DEF FACE_83 IndexedFaceSet {
  coord DEF COORD_83 Coordinate { point [
  -1.3779528 1.6141732 3.8638198,-1.3779528 1.6141732 3.470119,
  -1.3224936 1.6141732 3.8558459,-1.2715274 1.6141732 3.8325705,
  -1.2291832 1.6141732 3.795879,-1.1988913 1.6141732 3.748744,
  -1.183106 1.6141732 3.6949841,-1.183106 1.6141732 3.6389546,
  -1.1988913 1.6141732 3.5851948,-1.2291832 1.6141732 3.5380598,
  -1.2715274 1.6141732 3.5013683,-1.3224936 1.6141732 3.4780928,
  -1.4334119 1.6141732 3.4780928,-1.4843781 1.6141732 3.5013683,
  -1.5267224 1.6141732 3.5380598,-1.5570142 1.6141732 3.5851948,
  -1.5727995 1.6141732 3.6389546,-1.5727995 1.6141732 3.6949841,
  -1.5570142 1.6141732 3.748744,-1.5267224 1.6141732 3.795879,
  -1.4843781 1.6141732 3.8325705,-1.4334119 1.6141732 3.8558459] }
 coordIndex [
  4,0,2,-1,4,2,3,-1,4,5,6,-1,4,6,7,-1,4,7,8,-1,4,8,9,-1,4,9,10,-1,4,10,11,-1,
  4,11,1,-1,4,1,12,-1,4,12,13,-1,4,13,14,-1,4,14,15,-1,4,15,16,-1,4,16,17,-1,4,17,18,-1,
  4,18,19,-1,4,19,20,-1,4,20,21,-1,4,21,0,-1]
  normalPerVertex TRUE
  normal DEF NORM_83 Normal { vector [
  0 1 0,0 1 0,
  0 1 0,0 1 0,
  0 1 0,0 1 0,
  0 1 0,0 1 0,
  0 1 0,0 1 0,
  0 1 0,0 1 0,
  0 1 0,0 1 0,
  0 1 0,0 1 0,
  0 1 0,0 1 0,
  0 1 0,0 1 0,
  0 1 0,0 1 0] }
}
}
DEF SHAPE_84 Shape {
 appearance USE APP_1
 geometry DEF FACE_84 IndexedFaceSet {
  coord DEF COORD_84 Coordinate { point [
  1.3779528 1.6141732 3.8638198,1.3779528 1.6141732 3.470119,
  1.4334119 1.6141732 3.8558459,1.4843781 1.6141732 3.8325705,
  1.5267224 1.6141732 3.795879,1.5570142 1.6141732 3.748744,
  1.5727995 1.6141732 3.6949841,1.5727995 1.6141732 3.6389546,
  1.5570142 1.6141732 3.5851948,1.5267224 1.6141732 3.5380598,
  1.4843781 1.6141732 3.5013683,1.4334119 1.6141732 3.4780928,
  1.3224936 1.6141732 3.4780928,1.2715274 1.6141732 3.5013683,
  1.2291832 1.6141732 3.5380598,1.1988913 1.6141732 3.5851948,
  1.183106 1.6141732 3.6389546,1.183106 1.6141732 3.6949841,
  1.1988913 1.6141732 3.748744,1.2291832 1.6141732 3.795879,
  1.2715274 1.6141732 3.8325705,1.3224936 1.6141732 3.8558459] }
 coordIndex [
  4,0,2,-1,4,2,3,-1,4,5,6,-1,4,6,7,-1,4,7,8,-1,4,8,9,-1,4,9,10,-1,4,10,11,-1,
  4,11,1,-1,4,1,12,-1,4,12,13,-1,4,13,14,-1,4,14,15,-1,4,15,16,-1,4,16,17,-1,4,17,18,-1,
  4,18,19,-1,4,19,20,-1,4,20,21,-1,4,21,0,-1]
  normalPerVertex TRUE
  normal DEF NORM_84 Normal { vector [
  0 1 0,0 1 0,
  0 1 0,0 1 0,
  0 1 0,0 1 0,
  0 1 0,0 1 0,
  0 1 0,0 1 0,
  0 1 0,0 1 0,
  0 1 0,0 1 0,
  0 1 0,0 1 0,
  0 1 0,0 1 0,
  0 1 0,0 1 0,
  0 1 0,0 1 0] }
}
}
DEF SHAPE_85 Shape {
 appearance USE APP_3
 geometry DEF FACE_85 IndexedFaceSet {
  coord DEF COORD_85 Coordinate { point [
  -1.6141732 1.515748 4.8480717,-1.1417323 1.515748 4.8480717,
  -1.6046046 1.449197 4.8480717,-1.5766741 1.3880376 4.8480717,
  -1.5326443 1.3372245 4.8480717,-1.4760823 1.3008743 4.8480717,
  -1.4115704 1.2819319 4.8480717,-1.3443351 1.2819319 4.8480717,
  -1.2798232 1.3008743 4.8480717,-1.2232612 1.3372245 4.8480717,
  -1.1792314 1.3880376 4.8480717,-1.1513009 1.449197 4.8480717,
  -1.1513009 1.582299 4.8480717,-1.1792314 1.6434585 4.8480717,
  -1.2232612 1.6942716 4.8480717,-1.2798232 1.7306217 4.8480717,
  -1.3443351 1.7495641 4.8480717,-1.4115704 1.7495641 4.8480717,
  -1.4760823 1.7306217 4.8480717,-1.5326443 1.6942716 4.8480717,
  -1.5766741 1.6434585 4.8480717,-1.6046046 1.582299 4.8480717,
  -1.4566929 1.515748 4.8480717,-1.2992126 1.515748 4.8480717,
  -1.4535034 1.4935644 4.8480717,-1.4441932 1.4731779 4.8480717,
  -1.4295166 1.4562402 4.8480717,-1.4106626 1.4441235 4.8480717,
  -1.3891586 1.4378093 4.8480717,-1.3667469 1.4378093 4.8480717,
  -1.3452429 1.4441235 4.8480717,-1.3263889 1.4562402 4.8480717,
  -1.3117123 1.4731779 4.8480717,-1.3024021 1.4935644 4.8480717,
  -1.3024021 1.5379317 4.8480717,-1.3117123 1.5583182 4.8480717,
  -1.3263889 1.5752559 4.8480717,-1.3452429 1.5873726 4.8480717,
  -1.3667469 1.5936867 4.8480717,-1.3891586 1.5936867 4.8480717,
  -1.4106626 1.5873726 4.8480717,-1.4295166 1.5752559 4.8480717,
  -1.4441932 1.5583182 4.8480717,-1.4535034 1.5379317 4.8480717] }
 coordIndex [
  11,10,32,-1,17,40,18,-1,19,41,42,-1,19,42,20,-1,17,39,40,-1,1,33,23,-1,1,11,33,-1,16,39,17,-1,
  16,38,39,-1,12,1,23,-1,12,23,34,-1,15,38,16,-1,15,37,38,-1,13,12,34,-1,13,34,35,-1,14,37,15,-1,
  14,13,35,-1,14,35,36,-1,14,36,37,-1,10,31,32,-1,10,9,31,-1,25,4,3,-1,25,26,4,-1,27,5,4,-1,
  27,4,26,-1,24,3,2,-1,24,25,3,-1,28,6,5,-1,28,5,27,-1,22,2,0,-1,22,24,2,-1,29,7,6,-1,
  29,6,28,-1,43,0,21,-1,43,22,0,-1,30,8,7,-1,30,7,29,-1,42,21,20,-1,42,43,21,-1,31,9,8,-1,
  31,8,30,-1,18,40,41,-1,18,41,19,-1,11,32,33,-1]
  normalPerVertex TRUE
  normal DEF NORM_85 Normal { vector [
  0 0 -1,0 0 -1,
  0 0 -1,0 0 -1,
  0 0 -1,0 0 -1,
  0 0 -1,0 0 -1,
  0 0 -1,0 0 -1,
  0 0 -1,0 0 -1,
  0 0 -1,0 0 -1,
  0 0 -1,0 0 -1,
  0 0 -1,0 0 -1,
  0 0 -1,0 0 -1,
  0 0 -1,0 0 -1,
  0 0 -1,0 0 -1,
  0 0 -1,0 0 -1,
  0 0 -1,0 0 -1,
  0 0 -1,0 0 -1,
  0 0 -1,0 0 -1,
  0 0 -1,0 0 -1,
  0 0 -1,0 0 -1,
  0 0 -1,0 0 -1,
  0 0 -1,0 0 -1,
  0 0 -1,0 0 -1,
  0 0 -1,0 0 -1] }
}
}
DEF SHAPE_86 Shape {
 appearance USE APP_3
 geometry DEF FACE_86 IndexedFaceSet {
  coord DEF COORD_86 Coordinate { point [
  -1.6141732 1.515748 8.7850796,-1.1417323 1.515748 8.7850796,
  -1.6046046 1.449197 8.7850796,-1.5766741 1.3880376 8.7850796,
  -1.5326443 1.3372245 8.7850796,-1.4760823 1.3008743 8.7850796,
  -1.4115704 1.2819319 8.7850796,-1.3443351 1.2819319 8.7850796,
  -1.2798232 1.3008743 8.7850796,-1.2232612 1.3372245 8.7850796,
  -1.1792314 1.3880376 8.7850796,-1.1513009 1.449197 8.7850796,
  -1.1513009 1.582299 8.7850796,-1.1792314 1.6434585 8.7850796,
  -1.2232612 1.6942716 8.7850796,-1.2798232 1.7306217 8.7850796,
  -1.3443351 1.7495641 8.7850796,-1.4115704 1.7495641 8.7850796,
  -1.4760823 1.7306217 8.7850796,-1.5326443 1.6942716 8.7850796,
  -1.5766741 1.6434585 8.7850796,-1.6046046 1.582299 8.7850796] }
 coordIndex [
  14,0,2,-1,14,2,3,-1,14,3,4,-1,14,4,5,-1,14,5,6,-1,14,6,7,-1,14,7,8,-1,14,8,9,-1,
  14,9,10,-1,14,10,11,-1,14,11,1,-1,14,1,12,-1,14,12,13,-1,14,15,16,-1,14,16,17,-1,14,17,18,-1,
  14,18,19,-1,14,19,20,-1,14,20,21,-1,14,21,0,-1]
  normalPerVertex TRUE
  normal DEF NORM_86 Normal { vector [
  0 0 1,0 0 1,
  0 0 1,0 0 1,
  0 0 1,0 0 1,
  0 0 1,0 0 1,
  0 0 1,0 0 1,
  0 0 1,0 0 1,
  0 0 1,0 0 1,
  0 0 1,0 0 1,
  0 0 1,0 0 1,
  0 0 1,0 0 1,
  0 0 1,0 0 1] }
}
}
DEF SHAPE_87 Shape {
 appearance USE APP_3
 geometry DEF FACE_87 IndexedFaceSet {
  coord DEF COORD_87 Coordinate { point [
  1.1417323 1.515748 4.8480717,1.6141732 1.515748 4.8480717,
  1.1513009 1.449197 4.8480717,1.1792314 1.3880376 4.8480717,
  1.2232612 1.3372245 4.8480717,1.2798232 1.3008743 4.8480717,
  1.3443351 1.2819319 4.8480717,1.4115704 1.2819319 4.8480717,
  1.4760823 1.3008743 4.8480717,1.5326443 1.3372245 4.8480717,
  1.5766741 1.3880376 4.8480717,1.6046046 1.449197 4.8480717,
  1.6046046 1.582299 4.8480717,1.5766741 1.6434585 4.8480717,
  1.5326443 1.6942716 4.8480717,1.4760823 1.7306217 4.8480717,
  1.4115704 1.7495641 4.8480717,1.3443351 1.7495641 4.8480717,
  1.2798232 1.7306217 4.8480717,1.2232612 1.6942716 4.8480717,
  1.1792314 1.6434585 4.8480717,1.1513009 1.582299 4.8480717,
  1.2992126 1.515748 4.8480717,1.4566929 1.515748 4.8480717,
  1.3024021 1.4935644 4.8480717,1.3117123 1.4731779 4.8480717,
  1.3263889 1.4562402 4.8480717,1.3452429 1.4441235 4.8480717,
  1.3667469 1.4378093 4.8480717,1.3891586 1.4378093 4.8480717,
  1.4106626 1.4441235 4.8480717,1.4295166 1.4562402 4.8480717,
  1.4441932 1.4731779 4.8480717,1.4535034 1.4935644 4.8480717,
  1.4535034 1.5379317 4.8480717,1.4441932 1.5583182 4.8480717,
  1.4295166 1.5752559 4.8480717,1.4106626 1.5873726 4.8480717,
  1.3891586 1.5936867 4.8480717,1.3667469 1.5936867 4.8480717,
  1.3452429 1.5873726 4.8480717,1.3263889 1.5752559 4.8480717,
  1.3117123 1.5583182 4.8480717,1.3024021 1.5379317 4.8480717] }
 coordIndex [
  11,10,32,-1,17,40,18,-1,19,41,42,-1,19,42,20,-1,17,39,40,-1,1,33,23,-1,1,11,33,-1,16,39,17,-1,
  16,38,39,-1,12,1,23,-1,12,23,34,-1,15,38,16,-1,15,37,38,-1,13,12,34,-1,13,34,35,-1,14,37,15,-1,
  14,13,35,-1,14,35,36,-1,14,36,37,-1,10,31,32,-1,10,9,31,-1,25,4,3,-1,25,26,4,-1,27,5,4,-1,
  27,4,26,-1,24,3,2,-1,24,25,3,-1,28,6,5,-1,28,5,27,-1,22,2,0,-1,22,24,2,-1,29,7,6,-1,
  29,6,28,-1,43,0,21,-1,43,22,0,-1,30,8,7,-1,30,7,29,-1,42,21,20,-1,42,43,21,-1,31,9,8,-1,
  31,8,30,-1,18,40,41,-1,18,41,19,-1,11,32,33,-1]
  normalPerVertex TRUE
  normal DEF NORM_87 Normal { vector [
  0 0 -1,0 0 -1,
  0 0 -1,0 0 -1,
  0 0 -1,0 0 -1,
  0 0 -1,0 0 -1,
  0 0 -1,0 0 -1,
  0 0 -1,0 0 -1,
  0 0 -1,0 0 -1,
  0 0 -1,0 0 -1,
  0 0 -1,0 0 -1,
  0 0 -1,0 0 -1,
  0 0 -1,0 0 -1,
  0 0 -1,0 0 -1,
  0 0 -1,0 0 -1,
  0 0 -1,0 0 -1,
  0 0 -1,0 0 -1,
  0 0 -1,0 0 -1,
  0 0 -1,0 0 -1,
  0 0 -1,0 0 -1,
  0 0 -1,0 0 -1,
  0 0 -1,0 0 -1,
  0 0 -1,0 0 -1,
  0 0 -1,0 0 -1] }
}
}
DEF SHAPE_88 Shape {
 appearance USE APP_3
 geometry DEF FACE_88 IndexedFaceSet {
  coord DEF COORD_88 Coordinate { point [
  1.1417323 1.515748 8.7850796,1.6141732 1.515748 8.7850796,
  1.1513009 1.449197 8.7850796,1.1792314 1.3880376 8.7850796,
  1.2232612 1.3372245 8.7850796,1.2798232 1.3008743 8.7850796,
  1.3443351 1.2819319 8.7850796,1.4115704 1.2819319 8.7850796,
  1.4760823 1.3008743 8.7850796,1.5326443 1.3372245 8.7850796,
  1.5766741 1.3880376 8.7850796,1.6046046 1.449197 8.7850796,
  1.6046046 1.582299 8.7850796,1.5766741 1.6434585 8.7850796,
  1.5326443 1.6942716 8.7850796,1.4760823 1.7306217 8.7850796,
  1.4115704 1.7495641 8.7850796,1.3443351 1.7495641 8.7850796,
  1.2798232 1.7306217 8.7850796,1.2232612 1.6942716 8.7850796,
  1.1792314 1.6434585 8.7850796,1.1513009 1.582299 8.7850796] }
 coordIndex [
  14,0,2,-1,14,2,3,-1,14,3,4,-1,14,4,5,-1,14,5,6,-1,14,6,7,-1,14,7,8,-1,14,8,9,-1,
  14,9,10,-1,14,10,11,-1,14,11,1,-1,14,1,12,-1,14,12,13,-1,14,15,16,-1,14,16,17,-1,14,17,18,-1,
  14,18,19,-1,14,19,20,-1,14,20,21,-1,14,21,0,-1]
  normalPerVertex TRUE
  normal DEF NORM_88 Normal { vector [
  0 0 1,0 0 1,
  0 0 1,0 0 1,
  0 0 1,0 0 1,
  0 0 1,0 0 1,
  0 0 1,0 0 1,
  0 0 1,0 0 1,
  0 0 1,0 0 1,
  0 0 1,0 0 1,
  0 0 1,0 0 1,
  0 0 1,0 0 1,
  0 0 1,0 0 1] }
}
}
] }
] }
] }
