#VRML V2.0 utf8
WorldInfo {
  title "/home/atait/.config/kicad/scripting/plugins/kicad-sandwiches/examples/sandwich-example/kisandwich-out/sandwich-example-sandwich_TOP.wrl - Generated by Pcbnew"
}
Transform {
  scale 2.54 2.54 2.54
  children [
Transform {
  children [
    Group {
      children [
        Shape {
          appearance Appearance {
            material Material {
              diffuseColor 0.43 0.45 0.3
              specularColor 0.487 0.505 0.37
              emissiveColor 0 0 0
              ambientIntensity 0.7
              transparency 0.1
              shininess 0.01
            }
          }
          geometry IndexedFaceSet {
            solid TRUE
            coord Coordinate {
              point [
69.671654 -34.731496 0.310039, 69.670141 -34.746858 0.310039,
69.66566 -34.761629 0.310039, 69.658383 -34.775242 0.310039,
69.648591 -34.787174 0.310039, 69.636659 -34.796966 0.310039,
69.623046 -34.804242 0.310039, 69.608275 -34.808723 0.310039,
69.592913 -34.810236 0.310039, 69.577552 -34.808723 0.310039,
69.562781 -34.804242 0.310039, 69.549168 -34.796966 0.310039,
69.537236 -34.787174 0.310039, 69.527443 -34.775242 0.310039,
69.520167 -34.761629 0.310039, 69.515686 -34.746858 0.310039,
69.514173 -34.731496 0.310039, 69.515686 -34.716135 0.310039,
69.520167 -34.701364 0.310039, 69.527443 -34.68775 0.310039,
69.537236 -34.675818 0.310039, 69.549168 -34.666026 0.310039,
69.562781 -34.65875 0.310039, 69.577552 -34.654269 0.310039,
69.592913 -34.652756 0.310039, 69.608275 -34.654269 0.310039,
69.623046 -34.65875 0.310039, 69.636659 -34.666026 0.310039,
69.648591 -34.675818 0.310039, 69.658383 -34.68775 0.310039,
69.66566 -34.701364 0.310039, 69.670141 -34.716135 0.310039,
89.770079 -55.696063 0.310039, 89.770079 -24.2 0.310039,
50.4 -24.2 0.310039, 50.4 -55.696063 0.310039,
69.947244 -39.27874 0.310039, 69.945731 -39.294102 0.310039,
69.94125 -39.308873 0.310039, 69.933974 -39.322486 0.310039,
69.924182 -39.334418 0.310039, 69.91225 -39.34421 0.310039,
69.898636 -39.351487 0.310039, 69.883865 -39.355967 0.310039,
69.868504 -39.35748 0.310039, 69.853142 -39.355967 0.310039,
69.838371 -39.351487 0.310039, 69.824758 -39.34421 0.310039,
69.812826 -39.334418 0.310039, 69.803034 -39.322486 0.310039,
69.795758 -39.308873 0.310039, 69.791277 -39.294102 0.310039,
69.789764 -39.27874 0.310039, 69.791277 -39.263379 0.310039,
69.795758 -39.248608 0.310039, 69.803034 -39.234994 0.310039,
69.812826 -39.223062 0.310039, 69.824758 -39.21327 0.310039,
69.838371 -39.205994 0.310039, 69.853142 -39.201513 0.310039,
69.868504 -39.2 0.310039, 69.883865 -39.201513 0.310039,
69.898636 -39.205994 0.310039, 69.91225 -39.21327 0.310039,
69.924182 -39.223062 0.310039, 69.933974 -39.234994 0.310039,
69.94125 -39.248608 0.310039, 69.945731 -39.263379 0.310039,
74.52126 -41.000002 0.310039, 74.522773 -40.98464 0.310039,
74.527254 -40.969869 0.310039, 74.53453 -40.956256 0.310039,
74.544322 -40.944324 0.310039, 74.556254 -40.934532 0.310039,
74.569867 -40.927255 0.310039, 74.584639 -40.922774 0.310039,
74.6 -40.921261 0.310039, 74.615361 -40.922774 0.310039,
74.630133 -40.927255 0.310039, 74.643746 -40.934532 0.310039,
74.655678 -40.944324 0.310039, 74.66547 -40.956256 0.310039,
74.672746 -40.969869 0.310039, 74.677227 -40.98464 0.310039,
74.67874 -41.000002 0.310039, 74.677227 -41.015363 0.310039,
74.672746 -41.030134 0.310039, 74.66547 -41.043747 0.310039,
74.655678 -41.055679 0.310039, 74.643746 -41.065472 0.310039,
74.630133 -41.072748 0.310039, 74.615361 -41.077229 0.310039,
74.6 -41.078742 0.310039, 74.584639 -41.077229 0.310039,
74.569867 -41.072748 0.310039, 74.556254 -41.065472 0.310039,
74.544322 -41.055679 0.310039, 74.53453 -41.043747 0.310039,
74.527254 -41.030134 0.310039, 74.522773 -41.015363 0.310039,
72.230709 -39.948031 0.310039, 72.232207 -39.940498 0.310039,
72.236474 -39.934112 0.310039, 72.242861 -39.929845 0.310039,
72.250394 -39.928346 0.310039, 72.257927 -39.929845 0.310039,
72.264313 -39.934112 0.310039, 72.26858 -39.940498 0.310039,
72.270079 -39.948031 0.310039, 72.26858 -39.955565 0.310039,
72.264313 -39.961951 0.310039, 72.257927 -39.966218 0.310039,
72.250394 -39.967717 0.310039, 72.242861 -39.966218 0.310039,
72.236474 -39.961951 0.310039, 72.232207 -39.955565 0.310039,
70.4 -40.341732 0.310039, 70.398502 -40.349265 0.310039,
70.394234 -40.355652 0.310039, 70.387848 -40.359919 0.310039,
70.380315 -40.361417 0.310039, 70.372782 -40.359919 0.310039,
70.366396 -40.355652 0.310039, 70.362128 -40.349265 0.310039,
70.36063 -40.341732 0.310039, 70.362128 -40.334199 0.310039,
70.366396 -40.327813 0.310039, 70.372782 -40.323546 0.310039,
70.380315 -40.322047 0.310039, 70.387848 -40.323546 0.310039,
70.394234 -40.327813 0.310039, 70.398502 -40.334199 0.310039,
71.187402 -41.030709 0.310039, 71.188915 -41.015347 0.310039,
71.193395 -41.000576 0.310039, 71.200672 -40.986963 0.310039,
71.210464 -40.975031 0.310039, 71.222396 -40.965239 0.310039,
71.236009 -40.957962 0.310039, 71.25078 -40.953481 0.310039,
71.266142 -40.951969 0.310039, 71.281503 -40.953481 0.310039,
71.296274 -40.957962 0.310039, 71.309887 -40.965239 0.310039,
71.321819 -40.975031 0.310039, 71.331612 -40.986963 0.310039,
71.338888 -41.000576 0.310039, 71.343369 -41.015347 0.310039,
71.344882 -41.030709 0.310039, 71.343369 -41.04607 0.310039,
71.338888 -41.060841 0.310039, 71.331612 -41.074454 0.310039,
71.321819 -41.086386 0.310039, 71.309887 -41.096179 0.310039,
71.296274 -41.103455 0.310039, 71.281503 -41.107936 0.310039,
71.266142 -41.109449 0.310039, 71.25078 -41.107936 0.310039,
71.236009 -41.103455 0.310039, 71.222396 -41.096179 0.310039,
71.210464 -41.086386 0.310039, 71.200672 -41.074454 0.310039,
71.193395 -41.060841 0.310039, 71.188915 -41.04607 0.310039,
73.746457 -41.325984 0.310039, 73.74797 -41.310623 0.310039,
73.75245 -41.295852 0.310039, 73.759727 -41.282239 0.310039,
73.769519 -41.270307 0.310039, 73.781451 -41.260514 0.310039,
73.795064 -41.253238 0.310039, 73.809835 -41.248757 0.310039,
73.825197 -41.247244 0.310039, 73.840558 -41.248757 0.310039,
73.855329 -41.253238 0.310039, 73.868943 -41.260514 0.310039,
73.880875 -41.270307 0.310039, 73.890667 -41.282239 0.310039,
73.897943 -41.295852 0.310039, 73.902424 -41.310623 0.310039,
73.903937 -41.325984 0.310039, 73.902424 -41.341346 0.310039,
73.897943 -41.356117 0.310039, 73.890667 -41.36973 0.310039,
73.880875 -41.381662 0.310039, 73.868943 -41.391454 0.310039,
73.855329 -41.398731 0.310039, 73.840558 -41.403211 0.310039,
73.825197 -41.404724 0.310039, 73.809835 -41.403211 0.310039,
73.795064 -41.398731 0.310039, 73.781451 -41.391454 0.310039,
73.769519 -41.381662 0.310039, 73.759727 -41.36973 0.310039,
73.75245 -41.356117 0.310039, 73.74797 -41.341346 0.310039,
66.541732 -36.011024 0.310039, 66.541732 -39.948031 0.310039,
66.534167 -40.024839 0.310039, 66.511764 -40.098694 0.310039,
66.475382 -40.16676 0.310039, 66.42642 -40.22642 0.310039,
66.36676 -40.275382 0.310039, 66.298694 -40.311764 0.310039,
66.224839 -40.334167 0.310039, 66.148031 -40.341732 0.310039,
62.211024 -40.341732 0.310039, 62.134217 -40.334167 0.310039,
62.060361 -40.311764 0.310039, 61.992295 -40.275382 0.310039,
61.932635 -40.22642 0.310039, 61.883673 -40.16676 0.310039,
61.847291 -40.098694 0.310039, 61.824888 -40.024839 0.310039,
61.817323 -39.948031 0.310039, 61.817323 -36.011024 0.310039,
61.824888 -35.934217 0.310039, 61.847291 -35.860361 0.310039,
61.883673 -35.792295 0.310039, 61.932635 -35.732635 0.310039,
61.992295 -35.683673 0.310039, 62.060361 -35.647291 0.310039,
62.134217 -35.624888 0.310039, 62.211024 -35.617323 0.310039,
66.148031 -35.617323 0.310039, 66.224839 -35.624888 0.310039,
66.298694 -35.647291 0.310039, 66.36676 -35.683673 0.310039,
66.42642 -35.732635 0.310039, 66.475382 -35.792295 0.310039,
66.511764 -35.860361 0.310039, 66.534167 -35.934217 0.310039,
69.671654 -34.731496 -0.310039, 69.670141 -34.746858 -0.310039,
69.66566 -34.761629 -0.310039, 69.658383 -34.775242 -0.310039,
69.648591 -34.787174 -0.310039, 69.636659 -34.796966 -0.310039,
69.623046 -34.804242 -0.310039, 69.608275 -34.808723 -0.310039,
69.592913 -34.810236 -0.310039, 69.577552 -34.808723 -0.310039,
69.562781 -34.804242 -0.310039, 69.549168 -34.796966 -0.310039,
69.537236 -34.787174 -0.310039, 69.527443 -34.775242 -0.310039,
69.520167 -34.761629 -0.310039, 69.515686 -34.746858 -0.310039,
69.514173 -34.731496 -0.310039, 69.515686 -34.716135 -0.310039,
69.520167 -34.701364 -0.310039, 69.527443 -34.68775 -0.310039,
69.537236 -34.675818 -0.310039, 69.549168 -34.666026 -0.310039,
69.562781 -34.65875 -0.310039, 69.577552 -34.654269 -0.310039,
69.592913 -34.652756 -0.310039, 69.608275 -34.654269 -0.310039,
69.623046 -34.65875 -0.310039, 69.636659 -34.666026 -0.310039,
69.648591 -34.675818 -0.310039, 69.658383 -34.68775 -0.310039,
69.66566 -34.701364 -0.310039, 69.670141 -34.716135 -0.310039,
89.770079 -55.696063 -0.310039, 89.770079 -24.2 -0.310039,
50.4 -24.2 -0.310039, 50.4 -55.696063 -0.310039,
69.947244 -39.27874 -0.310039, 69.945731 -39.294102 -0.310039,
69.94125 -39.308873 -0.310039, 69.933974 -39.322486 -0.310039,
69.924182 -39.334418 -0.310039, 69.91225 -39.34421 -0.310039,
69.898636 -39.351487 -0.310039, 69.883865 -39.355967 -0.310039,
69.868504 -39.35748 -0.310039, 69.853142 -39.355967 -0.310039,
69.838371 -39.351487 -0.310039, 69.824758 -39.34421 -0.310039,
69.812826 -39.334418 -0.310039, 69.803034 -39.322486 -0.310039,
69.795758 -39.308873 -0.310039, 69.791277 -39.294102 -0.310039,
69.789764 -39.27874 -0.310039, 69.791277 -39.263379 -0.310039,
69.795758 -39.248608 -0.310039, 69.803034 -39.234994 -0.310039,
69.812826 -39.223062 -0.310039, 69.824758 -39.21327 -0.310039,
69.838371 -39.205994 -0.310039, 69.853142 -39.201513 -0.310039,
69.868504 -39.2 -0.310039, 69.883865 -39.201513 -0.310039,
69.898636 -39.205994 -0.310039, 69.91225 -39.21327 -0.310039,
69.924182 -39.223062 -0.310039, 69.933974 -39.234994 -0.310039,
69.94125 -39.248608 -0.310039, 69.945731 -39.263379 -0.310039,
74.52126 -41.000002 -0.310039, 74.522773 -40.98464 -0.310039,
74.527254 -40.969869 -0.310039, 74.53453 -40.956256 -0.310039,
74.544322 -40.944324 -0.310039, 74.556254 -40.934532 -0.310039,
74.569867 -40.927255 -0.310039, 74.584639 -40.922774 -0.310039,
74.6 -40.921261 -0.310039, 74.615361 -40.922774 -0.310039,
74.630133 -40.927255 -0.310039, 74.643746 -40.934532 -0.310039,
74.655678 -40.944324 -0.310039, 74.66547 -40.956256 -0.310039,
74.672746 -40.969869 -0.310039, 74.677227 -40.98464 -0.310039,
74.67874 -41.000002 -0.310039, 74.677227 -41.015363 -0.310039,
74.672746 -41.030134 -0.310039, 74.66547 -41.043747 -0.310039,
74.655678 -41.055679 -0.310039, 74.643746 -41.065472 -0.310039,
74.630133 -41.072748 -0.310039, 74.615361 -41.077229 -0.310039,
74.6 -41.078742 -0.310039, 74.584639 -41.077229 -0.310039,
74.569867 -41.072748 -0.310039, 74.556254 -41.065472 -0.310039,
74.544322 -41.055679 -0.310039, 74.53453 -41.043747 -0.310039,
74.527254 -41.030134 -0.310039, 74.522773 -41.015363 -0.310039,
72.230709 -39.948031 -0.310039, 72.232207 -39.940498 -0.310039,
72.236474 -39.934112 -0.310039, 72.242861 -39.929845 -0.310039,
72.250394 -39.928346 -0.310039, 72.257927 -39.929845 -0.310039,
72.264313 -39.934112 -0.310039, 72.26858 -39.940498 -0.310039,
72.270079 -39.948031 -0.310039, 72.26858 -39.955565 -0.310039,
72.264313 -39.961951 -0.310039, 72.257927 -39.966218 -0.310039,
72.250394 -39.967717 -0.310039, 72.242861 -39.966218 -0.310039,
72.236474 -39.961951 -0.310039, 72.232207 -39.955565 -0.310039,
70.4 -40.341732 -0.310039, 70.398502 -40.349265 -0.310039,
70.394234 -40.355652 -0.310039, 70.387848 -40.359919 -0.310039,
70.380315 -40.361417 -0.310039, 70.372782 -40.359919 -0.310039,
70.366396 -40.355652 -0.310039, 70.362128 -40.349265 -0.310039,
70.36063 -40.341732 -0.310039, 70.362128 -40.334199 -0.310039,
70.366396 -40.327813 -0.310039, 70.372782 -40.323546 -0.310039,
70.380315 -40.322047 -0.310039, 70.387848 -40.323546 -0.310039,
70.394234 -40.327813 -0.310039, 70.398502 -40.334199 -0.310039,
71.187402 -41.030709 -0.310039, 71.188915 -41.015347 -0.310039,
71.193395 -41.000576 -0.310039, 71.200672 -40.986963 -0.310039,
71.210464 -40.975031 -0.310039, 71.222396 -40.965239 -0.310039,
71.236009 -40.957962 -0.310039, 71.25078 -40.953481 -0.310039,
71.266142 -40.951969 -0.310039, 71.281503 -40.953481 -0.310039,
71.296274 -40.957962 -0.310039, 71.309887 -40.965239 -0.310039,
71.321819 -40.975031 -0.310039, 71.331612 -40.986963 -0.310039,
71.338888 -41.000576 -0.310039, 71.343369 -41.015347 -0.310039,
71.344882 -41.030709 -0.310039, 71.343369 -41.04607 -0.310039,
71.338888 -41.060841 -0.310039, 71.331612 -41.074454 -0.310039,
71.321819 -41.086386 -0.310039, 71.309887 -41.096179 -0.310039,
71.296274 -41.103455 -0.310039, 71.281503 -41.107936 -0.310039,
71.266142 -41.109449 -0.310039, 71.25078 -41.107936 -0.310039,
71.236009 -41.103455 -0.310039, 71.222396 -41.096179 -0.310039,
71.210464 -41.086386 -0.310039, 71.200672 -41.074454 -0.310039,
71.193395 -41.060841 -0.310039, 71.188915 -41.04607 -0.310039,
73.746457 -41.325984 -0.310039, 73.74797 -41.310623 -0.310039,
73.75245 -41.295852 -0.310039, 73.759727 -41.282239 -0.310039,
73.769519 -41.270307 -0.310039, 73.781451 -41.260514 -0.310039,
73.795064 -41.253238 -0.310039, 73.809835 -41.248757 -0.310039,
73.825197 -41.247244 -0.310039, 73.840558 -41.248757 -0.310039,
73.855329 -41.253238 -0.310039, 73.868943 -41.260514 -0.310039,
73.880875 -41.270307 -0.310039, 73.890667 -41.282239 -0.310039,
73.897943 -41.295852 -0.310039, 73.902424 -41.310623 -0.310039,
73.903937 -41.325984 -0.310039, 73.902424 -41.341346 -0.310039,
73.897943 -41.356117 -0.310039, 73.890667 -41.36973 -0.310039,
73.880875 -41.381662 -0.310039, 73.868943 -41.391454 -0.310039,
73.855329 -41.398731 -0.310039, 73.840558 -41.403211 -0.310039,
73.825197 -41.404724 -0.310039, 73.809835 -41.403211 -0.310039,
73.795064 -41.398731 -0.310039, 73.781451 -41.391454 -0.310039,
73.769519 -41.381662 -0.310039, 73.759727 -41.36973 -0.310039,
73.75245 -41.356117 -0.310039, 73.74797 -41.341346 -0.310039,
66.541732 -36.011024 -0.310039, 66.541732 -39.948031 -0.310039,
66.534167 -40.024839 -0.310039, 66.511764 -40.098694 -0.310039,
66.475382 -40.16676 -0.310039, 66.42642 -40.22642 -0.310039,
66.36676 -40.275382 -0.310039, 66.298694 -40.311764 -0.310039,
66.224839 -40.334167 -0.310039, 66.148031 -40.341732 -0.310039,
62.211024 -40.341732 -0.310039, 62.134217 -40.334167 -0.310039,
62.060361 -40.311764 -0.310039, 61.992295 -40.275382 -0.310039,
61.932635 -40.22642 -0.310039, 61.883673 -40.16676 -0.310039,
61.847291 -40.098694 -0.310039, 61.824888 -40.024839 -0.310039,
61.817323 -39.948031 -0.310039, 61.817323 -36.011024 -0.310039,
61.824888 -35.934217 -0.310039, 61.847291 -35.860361 -0.310039,
61.883673 -35.792295 -0.310039, 61.932635 -35.732635 -0.310039,
61.992295 -35.683673 -0.310039, 62.060361 -35.647291 -0.310039,
62.134217 -35.624888 -0.310039, 62.211024 -35.617323 -0.310039,
66.148031 -35.617323 -0.310039, 66.224839 -35.624888 -0.310039,
66.298694 -35.647291 -0.310039, 66.36676 -35.683673 -0.310039,
66.42642 -35.732635 -0.310039, 66.475382 -35.792295 -0.310039,
66.511764 -35.860361 -0.310039, 66.534167 -35.934217 -0.310039
              ]
            }
            coordIndex [
33, 34, 221, -1, 33, 221, 222, -1, 33, 222, 223, -1, 33, 223, 224, -1,
33, 224, 225, -1, 33, 225, 226, -1, 33, 226, 227, -1, 33, 227, 228, -1,
33, 228, 229, -1, 33, 229, 230, -1, 33, 230, 231, -1, 33, 231, 196, -1,
33, 196, 22, -1, 33, 22, 23, -1, 33, 23, 24, -1, 33, 24, 25, -1,
33, 25, 26, -1, 33, 26, 27, -1, 33, 27, 28, -1, 33, 28, 29, -1,
33, 29, 30, -1, 33, 30, 31, -1, 33, 31, 0, -1, 33, 0, 57, -1,
33, 57, 58, -1, 33, 58, 59, -1, 33, 59, 60, -1, 33, 60, 61, -1,
33, 61, 62, -1, 33, 62, 63, -1, 33, 63, 64, -1, 33, 64, 65, -1,
33, 65, 66, -1, 33, 66, 67, -1, 33, 67, 36, -1, 33, 36, 126, -1,
33, 126, 127, -1, 33, 127, 128, -1, 33, 128, 129, -1, 33, 129, 130, -1,
33, 130, 131, -1, 33, 131, 116, -1, 33, 116, 102, -1, 33, 102, 103, -1,
33, 103, 104, -1, 33, 104, 105, -1, 33, 105, 106, -1, 33, 106, 107, -1,
33, 107, 108, -1, 33, 108, 168, -1, 33, 168, 169, -1, 33, 169, 170, -1,
33, 170, 171, -1, 33, 171, 172, -1, 33, 172, 173, -1, 33, 173, 174, -1,
33, 174, 175, -1, 33, 175, 176, -1, 33, 176, 177, -1, 33, 177, 178, -1,
33, 178, 179, -1, 33, 179, 180, -1, 33, 180, 72, -1, 33, 72, 73, -1,
33, 73, 74, -1, 33, 74, 75, -1, 33, 75, 76, -1, 33, 76, 77, -1,
33, 77, 78, -1, 33, 78, 79, -1, 33, 79, 80, -1, 33, 80, 81, -1,
33, 81, 82, -1, 33, 82, 83, -1, 33, 83, 84, -1, 33, 84, 32, -1,
180, 181, 32, -1, 180, 32, 96, -1, 180, 96, 97, -1, 180, 97, 98, -1,
180, 98, 99, -1, 180, 99, 68, -1, 180, 68, 69, -1, 180, 69, 70, -1,
180, 70, 71, -1, 180, 71, 72, -1, 108, 109, 192, -1, 108, 192, 193, -1,
108, 193, 194, -1, 108, 194, 195, -1, 108, 195, 164, -1, 108, 164, 165, -1,
108, 165, 166, -1, 108, 166, 167, -1, 108, 167, 168, -1, 148, 149, 32, -1,
148, 32, 192, -1, 148, 192, 114, -1, 148, 114, 115, -1, 148, 115, 100, -1,
148, 100, 101, -1, 148, 101, 102, -1, 148, 102, 147, -1, 102, 116, 136, -1,
102, 136, 137, -1, 102, 137, 138, -1, 102, 138, 139, -1, 102, 139, 140, -1,
102, 140, 141, -1, 102, 141, 142, -1, 102, 142, 143, -1, 102, 143, 144, -1,
102, 144, 145, -1, 102, 145, 146, -1, 102, 146, 147, -1, 116, 117, 160, -1,
116, 160, 161, -1, 116, 161, 162, -1, 116, 162, 163, -1, 116, 163, 132, -1,
116, 132, 133, -1, 116, 133, 134, -1, 116, 134, 135, -1, 116, 135, 136, -1,
36, 37, 123, -1, 36, 123, 124, -1, 36, 124, 125, -1, 36, 125, 126, -1,
52, 53, 0, -1, 52, 0, 1, -1, 52, 1, 2, -1, 52, 2, 3, -1,
52, 3, 4, -1, 52, 4, 5, -1, 52, 5, 6, -1, 52, 6, 7, -1,
52, 7, 8, -1, 52, 8, 9, -1, 52, 9, 10, -1, 52, 10, 11, -1,
52, 11, 12, -1, 52, 12, 13, -1, 52, 13, 14, -1, 52, 14, 15, -1,
52, 15, 16, -1, 52, 16, 196, -1, 52, 196, 51, -1, 0, 53, 54, -1,
0, 54, 55, -1, 0, 55, 56, -1, 0, 56, 57, -1, 196, 16, 17, -1,
196, 17, 18, -1, 196, 18, 19, -1, 196, 19, 20, -1, 196, 20, 21, -1,
196, 21, 22, -1, 34, 35, 211, -1, 34, 211, 212, -1, 34, 212, 213, -1,
34, 213, 214, -1, 34, 214, 215, -1, 34, 215, 216, -1, 34, 216, 217, -1,
34, 217, 218, -1, 34, 218, 219, -1, 34, 219, 220, -1, 34, 220, 221, -1,
32, 84, 85, -1, 32, 85, 86, -1, 32, 86, 87, -1, 32, 87, 88, -1,
32, 88, 89, -1, 32, 89, 90, -1, 32, 90, 91, -1, 32, 91, 92, -1,
32, 92, 93, -1, 32, 93, 94, -1, 32, 94, 95, -1, 32, 95, 96, -1,
32, 181, 182, -1, 32, 182, 183, -1, 32, 183, 184, -1, 32, 184, 185, -1,
32, 185, 186, -1, 32, 186, 187, -1, 32, 187, 188, -1, 32, 188, 189, -1,
32, 189, 190, -1, 32, 190, 191, -1, 32, 191, 192, -1, 192, 109, 110, -1,
192, 110, 111, -1, 192, 111, 112, -1, 192, 112, 113, -1, 192, 113, 114, -1,
32, 149, 150, -1, 32, 150, 151, -1, 32, 151, 152, -1, 32, 152, 153, -1,
32, 153, 154, -1, 32, 154, 155, -1, 32, 155, 156, -1, 32, 156, 157, -1,
32, 157, 158, -1, 32, 158, 159, -1, 32, 159, 197, -1, 32, 197, 198, -1,
32, 198, 199, -1, 32, 199, 200, -1, 32, 200, 201, -1, 32, 201, 202, -1,
32, 202, 203, -1, 32, 203, 204, -1, 32, 204, 205, -1, 32, 205, 206, -1,
32, 206, 207, -1, 32, 207, 208, -1, 32, 208, 209, -1, 32, 209, 35, -1,
160, 117, 118, -1, 160, 118, 119, -1, 160, 119, 120, -1, 160, 120, 121, -1,
160, 121, 122, -1, 160, 122, 197, -1, 160, 197, 159, -1, 123, 37, 38, -1,
123, 38, 39, -1, 123, 39, 40, -1, 123, 40, 41, -1, 123, 41, 42, -1,
123, 42, 43, -1, 123, 43, 44, -1, 123, 44, 45, -1, 123, 45, 46, -1,
123, 46, 47, -1, 123, 47, 48, -1, 123, 48, 49, -1, 123, 49, 196, -1,
123, 196, 122, -1, 196, 49, 50, -1, 196, 50, 51, -1, 210, 211, 35, -1,
210, 35, 209, -1, 197, 122, 196, -1, 266, 265, 453, -1, 453, 265, 454, -1,
454, 265, 455, -1, 455, 265, 456, -1, 456, 265, 457, -1, 457, 265, 458, -1,
458, 265, 459, -1, 459, 265, 460, -1, 460, 265, 461, -1, 461, 265, 462, -1,
462, 265, 463, -1, 463, 265, 428, -1, 428, 265, 254, -1, 254, 265, 255, -1,
255, 265, 256, -1, 256, 265, 257, -1, 257, 265, 258, -1, 258, 265, 259, -1,
259, 265, 260, -1, 260, 265, 261, -1, 261, 265, 262, -1, 262, 265, 263, -1,
263, 265, 232, -1, 232, 265, 289, -1, 289, 265, 290, -1, 290, 265, 291, -1,
291, 265, 292, -1, 292, 265, 293, -1, 293, 265, 294, -1, 294, 265, 295, -1,
295, 265, 296, -1, 296, 265, 297, -1, 297, 265, 298, -1, 298, 265, 299, -1,
299, 265, 268, -1, 268, 265, 358, -1, 358, 265, 359, -1, 359, 265, 360, -1,
360, 265, 361, -1, 361, 265, 362, -1, 362, 265, 363, -1, 363, 265, 348, -1,
348, 265, 334, -1, 334, 265, 335, -1, 335, 265, 336, -1, 336, 265, 337, -1,
337, 265, 338, -1, 338, 265, 339, -1, 339, 265, 340, -1, 340, 265, 400, -1,
400, 265, 401, -1, 401, 265, 402, -1, 402, 265, 403, -1, 403, 265, 404, -1,
404, 265, 405, -1, 405, 265, 406, -1, 406, 265, 407, -1, 407, 265, 408, -1,
408, 265, 409, -1, 409, 265, 410, -1, 410, 265, 411, -1, 411, 265, 412, -1,
412, 265, 304, -1, 304, 265, 305, -1, 305, 265, 306, -1, 306, 265, 307, -1,
307, 265, 308, -1, 308, 265, 309, -1, 309, 265, 310, -1, 310, 265, 311, -1,
311, 265, 312, -1, 312, 265, 313, -1, 313, 265, 314, -1, 314, 265, 315, -1,
315, 265, 316, -1, 316, 265, 264, -1, 413, 412, 264, -1, 264, 412, 328, -1,
328, 412, 329, -1, 329, 412, 330, -1, 330, 412, 331, -1, 331, 412, 300, -1,
300, 412, 301, -1, 301, 412, 302, -1, 302, 412, 303, -1, 303, 412, 304, -1,
341, 340, 424, -1, 424, 340, 425, -1, 425, 340, 426, -1, 426, 340, 427, -1,
427, 340, 396, -1, 396, 340, 397, -1, 397, 340, 398, -1, 398, 340, 399, -1,
399, 340, 400, -1, 381, 380, 264, -1, 264, 380, 424, -1, 424, 380, 346, -1,
346, 380, 347, -1, 347, 380, 332, -1, 332, 380, 333, -1, 333, 380, 334, -1,
334, 380, 379, -1, 348, 334, 368, -1, 368, 334, 369, -1, 369, 334, 370, -1,
370, 334, 371, -1, 371, 334, 372, -1, 372, 334, 373, -1, 373, 334, 374, -1,
374, 334, 375, -1, 375, 334, 376, -1, 376, 334, 377, -1, 377, 334, 378, -1,
378, 334, 379, -1, 349, 348, 392, -1, 392, 348, 393, -1, 393, 348, 394, -1,
394, 348, 395, -1, 395, 348, 364, -1, 364, 348, 365, -1, 365, 348, 366, -1,
366, 348, 367, -1, 367, 348, 368, -1, 269, 268, 355, -1, 355, 268, 356, -1,
356, 268, 357, -1, 357, 268, 358, -1, 285, 284, 232, -1, 232, 284, 233, -1,
233, 284, 234, -1, 234, 284, 235, -1, 235, 284, 236, -1, 236, 284, 237, -1,
237, 284, 238, -1, 238, 284, 239, -1, 239, 284, 240, -1, 240, 284, 241, -1,
241, 284, 242, -1, 242, 284, 243, -1, 243, 284, 244, -1, 244, 284, 245, -1,
245, 284, 246, -1, 246, 284, 247, -1, 247, 284, 248, -1, 248, 284, 428, -1,
428, 284, 283, -1, 285, 232, 286, -1, 286, 232, 287, -1, 287, 232, 288, -1,
288, 232, 289, -1, 248, 428, 249, -1, 249, 428, 250, -1, 250, 428, 251, -1,
251, 428, 252, -1, 252, 428, 253, -1, 253, 428, 254, -1, 267, 266, 443, -1,
443, 266, 444, -1, 444, 266, 445, -1, 445, 266, 446, -1, 446, 266, 447, -1,
447, 266, 448, -1, 448, 266, 449, -1, 449, 266, 450, -1, 450, 266, 451, -1,
451, 266, 452, -1, 452, 266, 453, -1, 316, 264, 317, -1, 317, 264, 318, -1,
318, 264, 319, -1, 319, 264, 320, -1, 320, 264, 321, -1, 321, 264, 322, -1,
322, 264, 323, -1, 323, 264, 324, -1, 324, 264, 325, -1, 325, 264, 326, -1,
326, 264, 327, -1, 327, 264, 328, -1, 413, 264, 414, -1, 414, 264, 415, -1,
415, 264, 416, -1, 416, 264, 417, -1, 417, 264, 418, -1, 418, 264, 419, -1,
419, 264, 420, -1, 420, 264, 421, -1, 421, 264, 422, -1, 422, 264, 423, -1,
423, 264, 424, -1, 341, 424, 342, -1, 342, 424, 343, -1, 343, 424, 344, -1,
344, 424, 345, -1, 345, 424, 346, -1, 381, 264, 382, -1, 382, 264, 383, -1,
383, 264, 384, -1, 384, 264, 385, -1, 385, 264, 386, -1, 386, 264, 387, -1,
387, 264, 388, -1, 388, 264, 389, -1, 389, 264, 390, -1, 390, 264, 391, -1,
391, 264, 429, -1, 429, 264, 430, -1, 430, 264, 431, -1, 431, 264, 432, -1,
432, 264, 433, -1, 433, 264, 434, -1, 434, 264, 435, -1, 435, 264, 436, -1,
436, 264, 437, -1, 437, 264, 438, -1, 438, 264, 439, -1, 439, 264, 440, -1,
440, 264, 441, -1, 441, 264, 267, -1, 349, 392, 350, -1, 350, 392, 351, -1,
351, 392, 352, -1, 352, 392, 353, -1, 353, 392, 354, -1, 354, 392, 429, -1,
429, 392, 391, -1, 269, 355, 270, -1, 270, 355, 271, -1, 271, 355, 272, -1,
272, 355, 273, -1, 273, 355, 274, -1, 274, 355, 275, -1, 275, 355, 276, -1,
276, 355, 277, -1, 277, 355, 278, -1, 278, 355, 279, -1, 279, 355, 280, -1,
280, 355, 281, -1, 281, 355, 428, -1, 428, 355, 354, -1, 281, 428, 282, -1,
282, 428, 283, -1, 443, 442, 267, -1, 267, 442, 441, -1, 354, 429, 428, -1,
33, 32, 265, -1, 265, 32, 264, -1, 34, 33, 266, -1, 266, 33, 265, -1,
35, 34, 267, -1, 267, 34, 266, -1, 32, 35, 264, -1, 264, 35, 267, -1,
197, 196, 429, -1, 429, 196, 428, -1, 198, 197, 430, -1, 430, 197, 429, -1,
199, 198, 431, -1, 431, 198, 430, -1, 200, 199, 432, -1, 432, 199, 431, -1,
201, 200, 433, -1, 433, 200, 432, -1, 202, 201, 434, -1, 434, 201, 433, -1,
203, 202, 435, -1, 435, 202, 434, -1, 204, 203, 436, -1, 436, 203, 435, -1,
205, 204, 437, -1, 437, 204, 436, -1, 206, 205, 438, -1, 438, 205, 437, -1,
207, 206, 439, -1, 439, 206, 438, -1, 208, 207, 440, -1, 440, 207, 439, -1,
209, 208, 441, -1, 441, 208, 440, -1, 210, 209, 442, -1, 442, 209, 441, -1,
211, 210, 443, -1, 443, 210, 442, -1, 212, 211, 444, -1, 444, 211, 443, -1,
213, 212, 445, -1, 445, 212, 444, -1, 214, 213, 446, -1, 446, 213, 445, -1,
215, 214, 447, -1, 447, 214, 446, -1, 216, 215, 448, -1, 448, 215, 447, -1,
217, 216, 449, -1, 449, 216, 448, -1, 218, 217, 450, -1, 450, 217, 449, -1,
219, 218, 451, -1, 451, 218, 450, -1, 220, 219, 452, -1, 452, 219, 451, -1,
221, 220, 453, -1, 453, 220, 452, -1, 222, 221, 454, -1, 454, 221, 453, -1,
223, 222, 455, -1, 455, 222, 454, -1, 224, 223, 456, -1, 456, 223, 455, -1,
225, 224, 457, -1, 457, 224, 456, -1, 226, 225, 458, -1, 458, 225, 457, -1,
227, 226, 459, -1, 459, 226, 458, -1, 228, 227, 460, -1, 460, 227, 459, -1,
229, 228, 461, -1, 461, 228, 460, -1, 230, 229, 462, -1, 462, 229, 461, -1,
231, 230, 463, -1, 463, 230, 462, -1, 196, 231, 428, -1, 428, 231, 463, -1
            ]
          }
        }
      ]
    }
  ]
}
Transform {
  children [
    Group {
      children [
        Shape {
          appearance Appearance {
            material Material {
              diffuseColor 0.75 0.61 0.23
              specularColor 0.9 0.844 0.692
              emissiveColor 0 0 0
              ambientIntensity 0.7
              transparency 0
              shininess 0.9
            }
          }
          geometry IndexedFaceSet {
            solid TRUE
            coord Coordinate {
              point [
71.173577 -40.903304 0.314961, 71.138737 -40.938144 0.314961,
71.116369 -40.982044 0.314961, 71.108661 -41.030709 0.314961,
71.116369 -41.079373 0.314961, 71.138737 -41.123273 0.314961,
71.173577 -41.158113 0.314961, 71.217478 -41.180481 0.314961,
71.266142 -41.188189 0.314961, 71.314806 -41.180481 0.314961,
71.335681 -41.169845 0.314961, 71.821894 -41.656058 0.314961,
71.83258 -41.661893 0.314961, 71.842828 -41.668479 0.314961,
71.845289 -41.668833 0.314961, 71.846232 -41.669348 0.314961,
71.847993 -41.669222 0.314961, 71.856693 -41.670472 0.314961,
73.529921 -41.670472 0.314961, 73.541605 -41.667041 0.314961,
73.553506 -41.664453 0.314961, 73.555496 -41.662963 0.314961,
73.556528 -41.66266 0.314961, 73.557685 -41.661324 0.314961,
73.56472 -41.656058 0.314961, 73.755657 -41.46512 0.314961,
73.776533 -41.475757 0.314961, 73.825197 -41.483465 0.314961,
73.873861 -41.475757 0.314961, 73.917761 -41.453389 0.314961,
73.952601 -41.418549 0.314961, 73.97497 -41.374648 0.314961,
73.982677 -41.325984 0.314961, 73.97497 -41.27732 0.314961,
73.952601 -41.23342 0.314961, 73.917761 -41.19858 0.314961,
73.873861 -41.176211 0.314961, 73.825197 -41.168504 0.314961,
73.776533 -41.176211 0.314961, 73.732632 -41.19858 0.314961,
73.697793 -41.23342 0.314961, 73.675424 -41.27732 0.314961,
73.667717 -41.325984 0.314961, 73.675424 -41.374648 0.314961,
73.68606 -41.395524 0.314961, 73.509537 -41.572047 0.314961,
71.877078 -41.572047 0.314961, 71.405278 -41.100248 0.314961,
71.415915 -41.079373 0.314961, 71.423622 -41.030709 0.314961,
71.415915 -40.982044 0.314961, 71.393546 -40.938144 0.314961,
71.358706 -40.903304 0.314961, 71.314806 -40.880936 0.314961,
71.266142 -40.873228 0.314961, 71.217478 -40.880936 0.314961,
71.187402 -41.030709 0.314961, 71.188915 -41.015347 0.314961,
71.193395 -41.000576 0.314961, 71.200672 -40.986963 0.314961,
71.210464 -40.975031 0.314961, 71.222396 -40.965239 0.314961,
71.236009 -40.957962 0.314961, 71.25078 -40.953481 0.314961,
71.266142 -40.951969 0.314961, 71.281503 -40.953481 0.314961,
71.296274 -40.957962 0.314961, 71.309887 -40.965239 0.314961,
71.321819 -40.975031 0.314961, 71.331612 -40.986963 0.314961,
71.338888 -41.000576 0.314961, 71.343369 -41.015347 0.314961,
71.344882 -41.030709 0.314961, 71.343369 -41.04607 0.314961,
71.338888 -41.060841 0.314961, 71.331612 -41.074454 0.314961,
71.321819 -41.086386 0.314961, 71.309887 -41.096179 0.314961,
71.296274 -41.103455 0.314961, 71.281503 -41.107936 0.314961,
71.266142 -41.109449 0.314961, 71.25078 -41.107936 0.314961,
71.236009 -41.103455 0.314961, 71.222396 -41.096179 0.314961,
71.210464 -41.086386 0.314961, 71.200672 -41.074454 0.314961,
71.193395 -41.060841 0.314961, 71.188915 -41.04607 0.314961,
73.746457 -41.325984 0.314961, 73.74797 -41.310623 0.314961,
73.75245 -41.295852 0.314961, 73.759727 -41.282239 0.314961,
73.769519 -41.270307 0.314961, 73.781451 -41.260514 0.314961,
73.795064 -41.253238 0.314961, 73.809835 -41.248757 0.314961,
73.825197 -41.247244 0.314961, 73.840558 -41.248757 0.314961,
73.855329 -41.253238 0.314961, 73.868943 -41.260514 0.314961,
73.880875 -41.270307 0.314961, 73.890667 -41.282239 0.314961,
73.897943 -41.295852 0.314961, 73.902424 -41.310623 0.314961,
73.903937 -41.325984 0.314961, 73.902424 -41.341346 0.314961,
73.897943 -41.356117 0.314961, 73.890667 -41.36973 0.314961,
73.880875 -41.381662 0.314961, 73.868943 -41.391454 0.314961,
73.855329 -41.398731 0.314961, 73.840558 -41.403211 0.314961,
73.825197 -41.404724 0.314961, 73.809835 -41.403211 0.314961,
73.795064 -41.398731 0.314961, 73.781451 -41.391454 0.314961,
73.769519 -41.381662 0.314961, 73.759727 -41.36973 0.314961,
73.75245 -41.356117 0.314961, 73.74797 -41.341346 0.314961,
69.510236 -34.731496 0.314961, 69.518424 -34.767369 0.314961,
69.541365 -34.796136 0.314961, 69.574516 -34.8121 0.314961,
69.611311 -34.8121 0.314961, 69.644462 -34.796136 0.314961,
69.667403 -34.767369 0.314961, 69.675591 -34.731496 0.314961,
69.667403 -34.695624 0.314961, 69.644462 -34.666856 0.314961,
69.611311 -34.650892 0.314961, 69.574516 -34.650892 0.314961,
69.541365 -34.666856 0.314961, 69.518424 -34.695624 0.314961,
69.514173 -34.731496 0.314961, 69.515686 -34.716135 0.314961,
69.520167 -34.701364 0.314961, 69.527443 -34.68775 0.314961,
69.537236 -34.675818 0.314961, 69.549168 -34.666026 0.314961,
69.562781 -34.65875 0.314961, 69.577552 -34.654269 0.314961,
69.592913 -34.652756 0.314961, 69.608275 -34.654269 0.314961,
69.623046 -34.65875 0.314961, 69.636659 -34.666026 0.314961,
69.648591 -34.675818 0.314961, 69.658383 -34.68775 0.314961,
69.66566 -34.701364 0.314961, 69.670141 -34.716135 0.314961,
69.671654 -34.731496 0.314961, 69.670141 -34.746858 0.314961,
69.66566 -34.761629 0.314961, 69.658383 -34.775242 0.314961,
69.648591 -34.787174 0.314961, 69.636659 -34.796966 0.314961,
69.623046 -34.804242 0.314961, 69.608275 -34.808723 0.314961,
69.592913 -34.810236 0.314961, 69.577552 -34.808723 0.314961,
69.562781 -34.804242 0.314961, 69.549168 -34.796966 0.314961,
69.537236 -34.787174 0.314961, 69.527443 -34.775242 0.314961,
69.520167 -34.761629 0.314961, 69.515686 -34.746858 0.314961,
69.785827 -39.27874 0.314961, 69.794015 -39.314613 0.314961,
69.816956 -39.34338 0.314961, 69.850107 -39.359344 0.314961,
69.886901 -39.359344 0.314961, 69.920052 -39.34338 0.314961,
69.942993 -39.314613 0.314961, 69.951181 -39.27874 0.314961,
69.942993 -39.242868 0.314961, 69.920052 -39.2141 0.314961,
69.886901 -39.198136 0.314961, 69.850107 -39.198136 0.314961,
69.816956 -39.2141 0.314961, 69.794015 -39.242868 0.314961,
69.789764 -39.27874 0.314961, 69.791277 -39.263379 0.314961,
69.795758 -39.248608 0.314961, 69.803034 -39.234994 0.314961,
69.812826 -39.223062 0.314961, 69.824758 -39.21327 0.314961,
69.838371 -39.205994 0.314961, 69.853142 -39.201513 0.314961,
69.868504 -39.2 0.314961, 69.883865 -39.201513 0.314961,
69.898636 -39.205994 0.314961, 69.91225 -39.21327 0.314961,
69.924182 -39.223062 0.314961, 69.933974 -39.234994 0.314961,
69.94125 -39.248608 0.314961, 69.945731 -39.263379 0.314961,
69.947244 -39.27874 0.314961, 69.945731 -39.294102 0.314961,
69.94125 -39.308873 0.314961, 69.933974 -39.322486 0.314961,
69.924182 -39.334418 0.314961, 69.91225 -39.34421 0.314961,
69.898636 -39.351487 0.314961, 69.883865 -39.355967 0.314961,
69.868504 -39.35748 0.314961, 69.853142 -39.355967 0.314961,
69.838371 -39.351487 0.314961, 69.824758 -39.34421 0.314961,
69.812826 -39.334418 0.314961, 69.803034 -39.322486 0.314961,
69.795758 -39.308873 0.314961, 69.791277 -39.294102 0.314961,
74.517323 -41.000002 0.314961, 74.525511 -41.035874 0.314961,
74.548452 -41.064641 0.314961, 74.581603 -41.080606 0.314961,
74.618397 -41.080606 0.314961, 74.651548 -41.064641 0.314961,
74.674489 -41.035874 0.314961, 74.682677 -41.000002 0.314961,
74.674489 -40.964129 0.314961, 74.651548 -40.935362 0.314961,
74.618397 -40.919397 0.314961, 74.581603 -40.919397 0.314961,
74.548452 -40.935362 0.314961, 74.525511 -40.964129 0.314961,
74.52126 -41.000002 0.314961, 74.522773 -40.98464 0.314961,
74.527254 -40.969869 0.314961, 74.53453 -40.956256 0.314961,
74.544322 -40.944324 0.314961, 74.556254 -40.934532 0.314961,
74.569867 -40.927255 0.314961, 74.584639 -40.922774 0.314961,
74.6 -40.921261 0.314961, 74.615361 -40.922774 0.314961,
74.630133 -40.927255 0.314961, 74.643746 -40.934532 0.314961,
74.655678 -40.944324 0.314961, 74.66547 -40.956256 0.314961,
74.672746 -40.969869 0.314961, 74.677227 -40.98464 0.314961,
74.67874 -41.000002 0.314961, 74.677227 -41.015363 0.314961,
74.672746 -41.030134 0.314961, 74.66547 -41.043747 0.314961,
74.655678 -41.055679 0.314961, 74.643746 -41.065472 0.314961,
74.630133 -41.072748 0.314961, 74.615361 -41.077229 0.314961,
74.6 -41.078742 0.314961, 74.584639 -41.077229 0.314961,
74.569867 -41.072748 0.314961, 74.556254 -41.065472 0.314961,
74.544322 -41.055679 0.314961, 74.53453 -41.043747 0.314961,
74.527254 -41.030134 0.314961, 74.522773 -41.015363 0.314961,
72.230709 -39.948031 0.314961, 72.232207 -39.940498 0.314961,
72.236474 -39.934112 0.314961, 72.242861 -39.929845 0.314961,
72.250394 -39.928346 0.314961, 72.257927 -39.929845 0.314961,
72.264313 -39.934112 0.314961, 72.26858 -39.940498 0.314961,
72.270079 -39.948031 0.314961, 72.26858 -39.955565 0.314961,
72.264313 -39.961951 0.314961, 72.257927 -39.966218 0.314961,
72.250394 -39.967717 0.314961, 72.242861 -39.966218 0.314961,
72.236474 -39.961951 0.314961, 72.232207 -39.955565 0.314961,
70.350787 -40.290589 0.314961, 70.329172 -40.312205 0.314961,
70.32126 -40.341732 0.314961, 70.329172 -40.37126 0.314961,
70.350787 -40.392876 0.314961, 70.380315 -40.400787 0.314961,
70.409843 -40.392876 0.314961, 70.431458 -40.37126 0.314961,
70.435511 -40.356132 0.314961, 70.7944 -39.997244 0.314961,
71.167717 -39.997244 0.314961, 72.218935 -39.997244 0.314961,
72.220866 -39.999175 0.314961, 72.250394 -40.007087 0.314961,
72.279921 -39.999175 0.314961, 72.301537 -39.977559 0.314961,
72.309449 -39.948031 0.314961, 72.301537 -39.918504 0.314961,
72.279921 -39.896888 0.314961, 72.250394 -39.888976 0.314961,
72.220866 -39.896888 0.314961, 72.218935 -39.898819 0.314961,
71.167717 -39.898819 0.314961, 70.774016 -39.898819 0.314961,
70.762334 -39.902249 0.314961, 70.750431 -39.904838 0.314961,
70.74844 -39.906328 0.314961, 70.747409 -39.906631 0.314961,
70.746253 -39.907965 0.314961, 70.739217 -39.913233 0.314961,
70.365915 -40.286535 0.314961, 70.36063 -40.341732 0.314961,
70.362128 -40.334199 0.314961, 70.366396 -40.327813 0.314961,
70.372782 -40.323546 0.314961, 70.380315 -40.322047 0.314961,
70.387848 -40.323546 0.314961, 70.394234 -40.327813 0.314961,
70.398502 -40.334199 0.314961, 70.4 -40.341732 0.314961,
70.398502 -40.349265 0.314961, 70.394234 -40.355652 0.314961,
70.387848 -40.359919 0.314961, 70.380315 -40.361417 0.314961,
70.372782 -40.359919 0.314961, 70.366396 -40.355652 0.314961,
70.362128 -40.349265 0.314961
              ]
            }
            coordIndex [
50, 51, 47, -1, 50, 47, 48, -1, 50, 48, 49, -1, 44, 45, 18, -1,
44, 18, 19, -1, 44, 19, 20, -1, 44, 20, 21, -1, 44, 21, 22, -1,
44, 22, 23, -1, 44, 23, 24, -1, 44, 24, 25, -1, 44, 25, 40, -1,
44, 40, 41, -1, 44, 41, 43, -1, 52, 53, 68, -1, 52, 68, 69, -1,
52, 69, 70, -1, 52, 70, 71, -1, 52, 71, 72, -1, 52, 72, 47, -1,
52, 47, 51, -1, 53, 54, 65, -1, 53, 65, 66, -1, 53, 66, 67, -1,
53, 67, 68, -1, 54, 55, 61, -1, 54, 61, 62, -1, 54, 62, 63, -1,
54, 63, 64, -1, 54, 64, 65, -1, 55, 0, 57, -1, 55, 57, 58, -1,
55, 58, 59, -1, 55, 59, 60, -1, 55, 60, 61, -1, 0, 1, 6, -1,
0, 6, 87, -1, 0, 87, 56, -1, 0, 56, 57, -1, 32, 33, 31, -1,
31, 33, 34, -1, 31, 34, 30, -1, 30, 34, 35, -1, 30, 35, 29, -1,
29, 35, 104, -1, 29, 104, 105, -1, 35, 36, 100, -1, 35, 100, 101, -1,
35, 101, 102, -1, 35, 102, 103, -1, 35, 103, 104, -1, 36, 37, 97, -1,
36, 97, 98, -1, 36, 98, 99, -1, 36, 99, 100, -1, 37, 38, 93, -1,
37, 93, 94, -1, 37, 94, 95, -1, 37, 95, 96, -1, 37, 96, 97, -1,
38, 39, 89, -1, 38, 89, 90, -1, 38, 90, 91, -1, 38, 91, 92, -1,
38, 92, 93, -1, 118, 119, 25, -1, 25, 119, 88, -1, 25, 88, 39, -1,
39, 88, 89, -1, 29, 105, 106, -1, 29, 106, 107, -1, 29, 107, 108, -1,
29, 108, 28, -1, 28, 108, 109, -1, 28, 109, 110, -1, 28, 110, 111, -1,
28, 111, 112, -1, 28, 112, 27, -1, 27, 112, 113, -1, 27, 113, 114, -1,
27, 114, 115, -1, 27, 115, 26, -1, 118, 25, 117, -1, 117, 25, 26, -1,
117, 26, 116, -1, 116, 26, 115, -1, 46, 47, 11, -1, 46, 11, 12, -1,
46, 12, 13, -1, 46, 13, 14, -1, 46, 14, 15, -1, 46, 15, 16, -1,
46, 16, 17, -1, 46, 17, 18, -1, 46, 18, 45, -1, 11, 47, 72, -1,
11, 72, 73, -1, 11, 73, 74, -1, 11, 74, 10, -1, 74, 75, 10, -1,
10, 75, 76, -1, 10, 76, 9, -1, 9, 76, 77, -1, 9, 77, 78, -1,
78, 79, 9, -1, 9, 79, 80, -1, 9, 80, 8, -1, 8, 80, 81, -1,
8, 81, 82, -1, 83, 84, 7, -1, 83, 7, 8, -1, 83, 8, 82, -1,
7, 84, 85, -1, 7, 85, 86, -1, 7, 86, 87, -1, 7, 87, 6, -1,
3, 4, 2, -1, 2, 4, 5, -1, 2, 5, 1, -1, 1, 5, 6, -1,
149, 150, 127, -1, 127, 150, 151, -1, 127, 151, 126, -1, 126, 151, 152, -1,
126, 152, 153, -1, 128, 129, 146, -1, 128, 146, 147, -1, 128, 147, 148, -1,
128, 148, 149, -1, 128, 149, 127, -1, 142, 143, 130, -1, 130, 143, 144, -1,
130, 144, 129, -1, 129, 144, 145, -1, 129, 145, 146, -1, 139, 140, 131, -1,
131, 140, 141, -1, 131, 141, 130, -1, 130, 141, 142, -1, 132, 133, 137, -1,
132, 137, 138, -1, 132, 138, 139, -1, 132, 139, 131, -1, 165, 134, 120, -1,
120, 134, 135, -1, 120, 135, 133, -1, 133, 135, 136, -1, 133, 136, 137, -1,
154, 155, 125, -1, 154, 125, 126, -1, 154, 126, 153, -1, 156, 157, 124, -1,
156, 124, 125, -1, 156, 125, 155, -1, 157, 158, 124, -1, 124, 158, 159, -1,
124, 159, 123, -1, 123, 159, 160, -1, 123, 160, 161, -1, 122, 123, 161, -1,
122, 161, 162, -1, 122, 162, 163, -1, 122, 163, 121, -1, 121, 163, 164, -1,
121, 164, 165, -1, 121, 165, 120, -1, 195, 196, 173, -1, 173, 196, 197, -1,
173, 197, 172, -1, 172, 197, 198, -1, 172, 198, 199, -1, 174, 175, 192, -1,
174, 192, 193, -1, 174, 193, 194, -1, 174, 194, 195, -1, 174, 195, 173, -1,
188, 189, 176, -1, 176, 189, 190, -1, 176, 190, 175, -1, 175, 190, 191, -1,
175, 191, 192, -1, 185, 186, 177, -1, 177, 186, 187, -1, 177, 187, 176, -1,
176, 187, 188, -1, 178, 179, 183, -1, 178, 183, 184, -1, 178, 184, 185, -1,
178, 185, 177, -1, 211, 180, 166, -1, 166, 180, 181, -1, 166, 181, 179, -1,
179, 181, 182, -1, 179, 182, 183, -1, 200, 201, 171, -1, 200, 171, 172, -1,
200, 172, 199, -1, 202, 203, 170, -1, 202, 170, 171, -1, 202, 171, 201, -1,
203, 204, 170, -1, 170, 204, 205, -1, 170, 205, 169, -1, 169, 205, 206, -1,
169, 206, 207, -1, 168, 169, 207, -1, 168, 207, 208, -1, 168, 208, 209, -1,
168, 209, 167, -1, 167, 209, 210, -1, 167, 210, 211, -1, 167, 211, 166, -1,
241, 242, 219, -1, 219, 242, 243, -1, 219, 243, 218, -1, 218, 243, 244, -1,
218, 244, 245, -1, 220, 221, 238, -1, 220, 238, 239, -1, 220, 239, 240, -1,
220, 240, 241, -1, 220, 241, 219, -1, 234, 235, 222, -1, 222, 235, 236, -1,
222, 236, 221, -1, 221, 236, 237, -1, 221, 237, 238, -1, 231, 232, 223, -1,
223, 232, 233, -1, 223, 233, 222, -1, 222, 233, 234, -1, 224, 225, 229, -1,
224, 229, 230, -1, 224, 230, 231, -1, 224, 231, 223, -1, 257, 226, 212, -1,
212, 226, 227, -1, 212, 227, 225, -1, 225, 227, 228, -1, 225, 228, 229, -1,
246, 247, 217, -1, 246, 217, 218, -1, 246, 218, 245, -1, 248, 249, 216, -1,
248, 216, 217, -1, 248, 217, 247, -1, 249, 250, 216, -1, 216, 250, 251, -1,
216, 251, 215, -1, 215, 251, 252, -1, 215, 252, 253, -1, 214, 215, 253, -1,
214, 253, 254, -1, 214, 254, 255, -1, 214, 255, 213, -1, 213, 255, 256, -1,
213, 256, 257, -1, 213, 257, 212, -1, 290, 291, 289, -1, 289, 291, 292, -1,
289, 292, 288, -1, 288, 292, 266, -1, 288, 266, 267, -1, 292, 293, 263, -1,
292, 263, 264, -1, 292, 264, 265, -1, 292, 265, 266, -1, 293, 294, 259, -1,
293, 259, 260, -1, 293, 260, 261, -1, 293, 261, 262, -1, 293, 262, 263, -1,
283, 284, 296, -1, 296, 284, 285, -1, 296, 285, 295, -1, 295, 285, 286, -1,
295, 286, 294, -1, 294, 286, 258, -1, 294, 258, 259, -1, 288, 267, 268, -1,
288, 268, 269, -1, 288, 269, 270, -1, 288, 270, 287, -1, 287, 270, 271, -1,
287, 271, 272, -1, 287, 272, 273, -1, 287, 273, 286, -1, 283, 296, 297, -1,
283, 297, 298, -1, 283, 298, 299, -1, 283, 299, 300, -1, 283, 300, 301, -1,
283, 301, 302, -1, 283, 302, 303, -1, 283, 303, 282, -1, 280, 281, 282, -1,
280, 282, 303, -1, 280, 303, 313, -1, 280, 313, 314, -1, 280, 314, 315, -1,
280, 315, 316, -1, 280, 316, 317, -1, 280, 317, 279, -1, 303, 304, 307, -1,
303, 307, 308, -1, 303, 308, 309, -1, 303, 309, 310, -1, 303, 310, 311, -1,
303, 311, 312, -1, 303, 312, 313, -1, 276, 277, 275, -1, 275, 277, 278, -1,
275, 278, 274, -1, 274, 278, 305, -1, 274, 305, 304, -1, 304, 305, 306, -1,
304, 306, 307, -1, 279, 317, 318, -1, 279, 318, 319, -1, 279, 319, 320, -1,
279, 320, 278, -1, 305, 278, 320, -1, 258, 286, 273, -1, 40, 25, 39, -1,
43, 41, 42, -1
            ]
          }
        }
      ]
    }
  ]
}
Transform {
  children [
    Group {
      children [
        Shape {
          appearance Appearance {
            material Material {
              diffuseColor 0.5 0.5 0.5
              specularColor 0.8 0.8 0.8
              emissiveColor 0 0 0
              ambientIntensity 0.7
              transparency 0
              shininess 0.7
            }
          }
          geometry IndexedFaceSet {
            solid TRUE
            coord Coordinate {
              point [

              ]
            }
            coordIndex [

            ]
          }
        }
      ]
    }
  ]
}
Transform {
  children [
    Group {
      children [
        Shape {
          appearance Appearance {
            material Material {
              diffuseColor 0.08 0.2 0.14
              specularColor 0.356 0.44 0.398
              emissiveColor 0 0 0
              ambientIntensity 0.8
              transparency 0.17
              shininess 0.3
            }
          }
          geometry IndexedFaceSet {
            solid TRUE
            coord Coordinate {
              point [
50.4 -24.2 0.319882, 50.4 -34.731496 0.319882,
50.4 -39.948031 0.319882, 50.4 -41.030709 0.319882,
50.4 -41.325984 0.319882, 50.4 -55.696063 0.319882,
89.770079 -55.696063 0.319882, 89.770079 -24.2 0.319882,
69.510236 -34.731496 0.319882, 69.518424 -34.695624 0.319882,
69.541365 -34.666856 0.319882, 69.574516 -34.650892 0.319882,
69.611311 -34.650892 0.319882, 69.644462 -34.666856 0.319882,
69.667403 -34.695624 0.319882, 69.675591 -34.731496 0.319882,
69.667403 -34.767369 0.319882, 69.644462 -34.796136 0.319882,
69.611311 -34.8121 0.319882, 69.574516 -34.8121 0.319882,
69.541365 -34.796136 0.319882, 69.518424 -34.767369 0.319882,
66.541732 -36.011024 0.319882, 66.541732 -39.27874 0.319882,
66.541732 -39.948031 0.319882, 66.534167 -40.024839 0.319882,
66.511764 -40.098694 0.319882, 66.475382 -40.16676 0.319882,
66.42642 -40.22642 0.319882, 66.36676 -40.275382 0.319882,
66.298694 -40.311764 0.319882, 66.224839 -40.334167 0.319882,
66.148031 -40.341732 0.319882, 62.211024 -40.341732 0.319882,
62.134217 -40.334167 0.319882, 62.060361 -40.311764 0.319882,
61.992295 -40.275382 0.319882, 61.932635 -40.22642 0.319882,
61.883673 -40.16676 0.319882, 61.847291 -40.098694 0.319882,
61.824888 -40.024839 0.319882, 61.817323 -39.948031 0.319882,
61.817323 -36.011024 0.319882, 61.824888 -35.934217 0.319882,
61.847291 -35.860361 0.319882, 61.883673 -35.792295 0.319882,
61.932635 -35.732635 0.319882, 61.992295 -35.683673 0.319882,
62.060361 -35.647291 0.319882, 62.134217 -35.624888 0.319882,
62.211024 -35.617323 0.319882, 66.148031 -35.617323 0.319882,
66.224839 -35.624888 0.319882, 66.298694 -35.647291 0.319882,
66.36676 -35.683673 0.319882, 66.42642 -35.732635 0.319882,
66.475382 -35.792295 0.319882, 66.511764 -35.860361 0.319882,
66.534167 -35.934217 0.319882, 69.785827 -39.27874 0.319882,
69.794015 -39.242868 0.319882, 69.816956 -39.2141 0.319882,
69.850107 -39.198136 0.319882, 69.886901 -39.198136 0.319882,
69.920052 -39.2141 0.319882, 69.942993 -39.242868 0.319882,
69.951181 -39.27874 0.319882, 69.942993 -39.314613 0.319882,
69.920052 -39.34338 0.319882, 69.886901 -39.359344 0.319882,
69.850107 -39.359344 0.319882, 69.816956 -39.34338 0.319882,
69.794015 -39.314613 0.319882, 70.32126 -40.341732 0.319882,
70.329172 -40.312205 0.319882, 70.350787 -40.290589 0.319882,
70.380315 -40.282677 0.319882, 70.409843 -40.290589 0.319882,
70.431458 -40.312205 0.319882, 70.43937 -40.341732 0.319882,
70.431458 -40.37126 0.319882, 70.409843 -40.392876 0.319882,
70.380315 -40.400787 0.319882, 70.350787 -40.392876 0.319882,
70.329172 -40.37126 0.319882, 74.682677 -41.000002 0.319882,
74.674489 -41.035874 0.319882, 74.651548 -41.064641 0.319882,
74.618397 -41.080606 0.319882, 74.581603 -41.080606 0.319882,
74.548452 -41.064641 0.319882, 74.525511 -41.035874 0.319882,
74.517323 -41.000002 0.319882, 74.525511 -40.964129 0.319882,
74.548452 -40.935362 0.319882, 74.581603 -40.919397 0.319882,
74.618397 -40.919397 0.319882, 74.651548 -40.935362 0.319882,
74.674489 -40.964129 0.319882, 72.191339 -39.948031 0.319882,
72.19925 -39.918504 0.319882, 72.220866 -39.896888 0.319882,
72.250394 -39.888976 0.319882, 72.279921 -39.896888 0.319882,
72.301537 -39.918504 0.319882, 72.309449 -39.948031 0.319882,
72.301537 -39.977559 0.319882, 72.279921 -39.999175 0.319882,
72.250394 -40.007087 0.319882, 72.220866 -39.999175 0.319882,
72.19925 -39.977559 0.319882, 71.423622 -41.030709 0.319882,
71.415915 -41.079373 0.319882, 71.393546 -41.123273 0.319882,
71.358706 -41.158113 0.319882, 71.314806 -41.180481 0.319882,
71.266142 -41.188189 0.319882, 71.217478 -41.180481 0.319882,
71.173577 -41.158113 0.319882, 71.138737 -41.123273 0.319882,
71.116369 -41.079373 0.319882, 71.108661 -41.030709 0.319882,
71.116369 -40.982044 0.319882, 71.138737 -40.938144 0.319882,
71.173577 -40.903304 0.319882, 71.217478 -40.880936 0.319882,
71.266142 -40.873228 0.319882, 71.314806 -40.880936 0.319882,
71.358706 -40.903304 0.319882, 71.393546 -40.938144 0.319882,
71.415915 -40.982044 0.319882, 71.418759 -41.000002 0.319882,
73.982677 -41.325984 0.319882, 73.97497 -41.374648 0.319882,
73.952601 -41.418549 0.319882, 73.917761 -41.453389 0.319882,
73.873861 -41.475757 0.319882, 73.825197 -41.483465 0.319882,
73.776533 -41.475757 0.319882, 73.732632 -41.453389 0.319882,
73.697793 -41.418549 0.319882, 73.675424 -41.374648 0.319882,
73.667717 -41.325984 0.319882, 73.675424 -41.27732 0.319882,
73.697793 -41.23342 0.319882, 73.732632 -41.19858 0.319882,
73.776533 -41.176211 0.319882, 73.825197 -41.168504 0.319882,
73.873861 -41.176211 0.319882, 73.917761 -41.19858 0.319882,
73.952601 -41.23342 0.319882, 73.97497 -41.27732 0.319882
              ]
            }
            coordIndex [
7, 0, 48, -1, 7, 48, 49, -1, 7, 49, 50, -1, 7, 50, 51, -1,
7, 51, 52, -1, 7, 52, 53, -1, 7, 53, 54, -1, 7, 54, 55, -1,
7, 55, 56, -1, 7, 56, 57, -1, 7, 57, 58, -1, 7, 58, 22, -1,
7, 22, 10, -1, 7, 10, 11, -1, 7, 11, 12, -1, 7, 12, 13, -1,
7, 13, 14, -1, 7, 14, 15, -1, 7, 15, 61, -1, 7, 61, 62, -1,
7, 62, 63, -1, 7, 63, 64, -1, 7, 64, 65, -1, 7, 65, 66, -1,
7, 66, 75, -1, 7, 75, 76, -1, 7, 76, 77, -1, 7, 77, 78, -1,
7, 78, 79, -1, 7, 79, 101, -1, 7, 101, 102, -1, 7, 102, 103, -1,
7, 103, 104, -1, 7, 104, 105, -1, 7, 105, 144, -1, 7, 144, 145, -1,
7, 145, 146, -1, 7, 146, 147, -1, 7, 147, 148, -1, 7, 148, 149, -1,
7, 149, 150, -1, 7, 150, 151, -1, 7, 151, 132, -1, 7, 132, 94, -1,
7, 94, 95, -1, 7, 95, 96, -1, 7, 96, 97, -1, 7, 97, 98, -1,
7, 98, 85, -1, 7, 85, 6, -1, 132, 133, 6, -1, 132, 6, 90, -1,
132, 90, 91, -1, 132, 91, 92, -1, 132, 92, 93, -1, 132, 93, 94, -1,
105, 106, 140, -1, 105, 140, 141, -1, 105, 141, 142, -1, 105, 142, 143, -1,
105, 143, 144, -1, 100, 101, 125, -1, 100, 125, 126, -1, 100, 126, 127, -1,
100, 127, 128, -1, 100, 128, 129, -1, 100, 129, 130, -1, 100, 130, 131, -1,
100, 131, 111, -1, 100, 111, 99, -1, 122, 123, 79, -1, 79, 123, 124, -1,
79, 124, 101, -1, 101, 124, 125, -1, 79, 80, 119, -1, 79, 119, 120, -1,
79, 120, 121, -1, 79, 121, 122, -1, 66, 67, 84, -1, 66, 84, 73, -1,
66, 73, 74, -1, 66, 74, 75, -1, 59, 60, 15, -1, 59, 15, 16, -1,
59, 16, 17, -1, 59, 17, 18, -1, 59, 18, 19, -1, 59, 19, 20, -1,
59, 20, 21, -1, 59, 21, 8, -1, 59, 8, 22, -1, 59, 22, 72, -1,
9, 10, 22, -1, 9, 22, 8, -1, 0, 1, 38, -1, 0, 38, 39, -1,
0, 39, 40, -1, 0, 40, 41, -1, 0, 41, 42, -1, 0, 42, 43, -1,
0, 43, 44, -1, 0, 44, 45, -1, 0, 45, 46, -1, 0, 46, 47, -1,
0, 47, 48, -1, 6, 85, 86, -1, 6, 86, 87, -1, 6, 87, 88, -1,
6, 88, 89, -1, 6, 89, 90, -1, 6, 133, 134, -1, 6, 134, 135, -1,
6, 135, 136, -1, 6, 136, 137, -1, 6, 137, 138, -1, 6, 138, 139, -1,
6, 139, 111, -1, 6, 111, 112, -1, 6, 112, 113, -1, 6, 113, 114, -1,
6, 114, 115, -1, 6, 115, 116, -1, 6, 116, 117, -1, 6, 117, 118, -1,
6, 118, 23, -1, 6, 23, 24, -1, 6, 24, 25, -1, 6, 25, 26, -1,
6, 26, 27, -1, 6, 27, 28, -1, 6, 28, 29, -1, 6, 29, 30, -1,
6, 30, 31, -1, 6, 31, 32, -1, 6, 32, 33, -1, 6, 33, 34, -1,
6, 34, 35, -1, 6, 35, 36, -1, 6, 36, 1, -1, 6, 1, 2, -1,
6, 2, 3, -1, 6, 3, 4, -1, 6, 4, 5, -1, 106, 107, 140, -1,
140, 107, 108, -1, 140, 108, 139, -1, 139, 108, 109, -1, 139, 109, 111, -1,
111, 109, 110, -1, 111, 110, 99, -1, 72, 22, 84, -1, 84, 22, 23, -1,
84, 23, 83, -1, 83, 23, 118, -1, 83, 118, 82, -1, 82, 118, 119, -1,
82, 119, 81, -1, 81, 119, 80, -1, 84, 67, 68, -1, 84, 68, 69, -1,
84, 69, 70, -1, 84, 70, 71, -1, 84, 71, 72, -1, 1, 36, 37, -1,
1, 37, 38, -1, 61, 15, 60, -1
            ]
          }
        }
      ]
    }
  ]
}
Transform {
  children [
    Group {
      children [
        Shape {
          appearance Appearance {
            material Material {
              diffuseColor 0.75 0.61 0.23
              specularColor 0.9 0.844 0.692
              emissiveColor 0 0 0
              ambientIntensity 0.7
              transparency 0
              shininess 0.9
            }
          }
          geometry IndexedFaceSet {
            solid TRUE
            coord Coordinate {
              point [
75.409449 -37.390945 -0.314961, 75.404954 -37.368345 -0.314961,
75.392152 -37.349187 -0.314961, 75.372993 -37.336385 -0.314961,
75.350394 -37.33189 -0.314961, 74.700787 -37.33189 -0.314961,
74.678188 -37.336385 -0.314961, 74.659029 -37.349187 -0.314961,
74.646228 -37.368345 -0.314961, 74.641732 -37.390945 -0.314961,
74.641732 -37.509055 -0.314961, 74.646228 -37.531655 -0.314961,
74.659029 -37.550813 -0.314961, 74.678188 -37.563615 -0.314961,
74.700787 -37.56811 -0.314961, 75.350394 -37.56811 -0.314961,
75.372993 -37.563615 -0.314961, 75.392152 -37.550813 -0.314961,
75.404954 -37.531655 -0.314961, 75.409449 -37.509055 -0.314961,
77.358268 -38.890945 -0.314961, 77.353772 -38.868345 -0.314961,
77.340971 -38.849187 -0.314961, 77.321812 -38.836385 -0.314961,
77.299213 -38.83189 -0.314961, 76.649606 -38.83189 -0.314961,
76.627007 -38.836385 -0.314961, 76.607848 -38.849187 -0.314961,
76.595046 -38.868345 -0.314961, 76.590551 -38.890945 -0.314961,
76.590551 -39.009055 -0.314961, 76.595046 -39.031655 -0.314961,
76.607848 -39.050813 -0.314961, 76.627007 -39.063615 -0.314961,
76.649606 -39.06811 -0.314961, 77.299213 -39.06811 -0.314961,
77.321812 -39.063615 -0.314961, 77.340971 -39.050813 -0.314961,
77.353772 -39.031655 -0.314961, 77.358268 -39.009055 -0.314961,
75.409449 -38.390945 -0.314961, 75.404954 -38.368345 -0.314961,
75.392152 -38.349187 -0.314961, 75.372993 -38.336385 -0.314961,
75.350394 -38.33189 -0.314961, 74.700787 -38.33189 -0.314961,
74.678188 -38.336385 -0.314961, 74.659029 -38.349187 -0.314961,
74.646228 -38.368345 -0.314961, 74.641732 -38.390945 -0.314961,
74.641732 -38.509055 -0.314961, 74.646228 -38.531655 -0.314961,
74.659029 -38.550813 -0.314961, 74.678188 -38.563615 -0.314961,
74.700787 -38.56811 -0.314961, 75.350394 -38.56811 -0.314961,
75.372993 -38.563615 -0.314961, 75.392152 -38.550813 -0.314961,
75.404954 -38.531655 -0.314961, 75.409449 -38.509055 -0.314961,
77.358268 -38.390945 -0.314961, 77.353772 -38.368345 -0.314961,
77.340971 -38.349187 -0.314961, 77.321812 -38.336385 -0.314961,
77.299213 -38.33189 -0.314961, 76.649606 -38.33189 -0.314961,
76.627007 -38.336385 -0.314961, 76.607848 -38.349187 -0.314961,
76.595046 -38.368345 -0.314961, 76.590551 -38.390945 -0.314961,
76.590551 -38.509055 -0.314961, 76.595046 -38.531655 -0.314961,
76.607848 -38.550813 -0.314961, 76.627007 -38.563615 -0.314961,
76.649606 -38.56811 -0.314961, 77.299213 -38.56811 -0.314961,
77.321812 -38.563615 -0.314961, 77.340971 -38.550813 -0.314961,
77.353772 -38.531655 -0.314961, 77.358268 -38.509055 -0.314961,
75.409449 -37.890945 -0.314961, 75.404954 -37.868345 -0.314961,
75.392152 -37.849187 -0.314961, 75.372993 -37.836385 -0.314961,
75.350394 -37.83189 -0.314961, 74.700787 -37.83189 -0.314961,
74.678188 -37.836385 -0.314961, 74.659029 -37.849187 -0.314961,
74.646228 -37.868345 -0.314961, 74.641732 -37.890945 -0.314961,
74.641732 -38.009055 -0.314961, 74.646228 -38.031655 -0.314961,
74.659029 -38.050813 -0.314961, 74.678188 -38.063615 -0.314961,
74.700787 -38.06811 -0.314961, 75.350394 -38.06811 -0.314961,
75.372993 -38.063615 -0.314961, 75.392152 -38.050813 -0.314961,
75.404954 -38.031655 -0.314961, 75.409449 -38.009055 -0.314961,
77.358268 -37.890945 -0.314961, 77.353772 -37.868345 -0.314961,
77.340971 -37.849187 -0.314961, 77.321812 -37.836385 -0.314961,
77.299213 -37.83189 -0.314961, 76.649606 -37.83189 -0.314961,
76.627007 -37.836385 -0.314961, 76.607848 -37.849187 -0.314961,
76.595046 -37.868345 -0.314961, 76.590551 -37.890945 -0.314961,
76.590551 -38.009055 -0.314961, 76.595046 -38.031655 -0.314961,
76.607848 -38.050813 -0.314961, 76.627007 -38.063615 -0.314961,
76.649606 -38.06811 -0.314961, 77.299213 -38.06811 -0.314961,
77.321812 -38.063615 -0.314961, 77.340971 -38.050813 -0.314961,
77.353772 -38.031655 -0.314961, 77.358268 -38.009055 -0.314961,
69.775546 -39.151336 -0.314961, 69.740706 -39.186176 -0.314961,
69.718337 -39.230076 -0.314961, 69.71063 -39.27874 -0.314961,
69.718337 -39.327404 -0.314961, 69.740706 -39.371305 -0.314961,
69.775546 -39.406144 -0.314961, 69.819291 -39.428434 -0.314961,
69.819291 -39.501451 -0.314961, 69.822722 -39.513135 -0.314961,
69.825311 -39.525036 -0.314961, 69.8268 -39.527026 -0.314961,
69.827104 -39.528057 -0.314961, 69.828439 -39.529214 -0.314961,
69.833706 -39.536249 -0.314961, 70.705122 -40.407665 -0.314961,
70.705122 -40.591584 -0.314961, 70.630167 -40.666539 -0.314961,
69.730712 -40.666539 -0.314961, 69.003065 -40.666539 -0.314961,
68.756299 -40.419773 -0.314961, 68.756299 -39.022835 -0.314961,
68.748487 -38.996228 -0.314961, 68.72753 -38.978069 -0.314961,
68.700083 -38.974123 -0.314961, 68.674859 -38.985642 -0.314961,
68.659867 -39.00897 -0.314961, 68.657874 -39.022835 -0.314961,
68.657874 -40.440157 -0.314961, 68.661305 -40.451841 -0.314961,
68.663894 -40.463743 -0.314961, 68.665383 -40.465732 -0.314961,
68.665686 -40.466764 -0.314961, 68.667022 -40.467921 -0.314961,
68.672288 -40.474956 -0.314961, 68.947882 -40.75055 -0.314961,
68.958568 -40.756385 -0.314961, 68.968816 -40.762971 -0.314961,
68.971277 -40.763324 -0.314961, 68.97222 -40.763839 -0.314961,
68.973981 -40.763713 -0.314961, 68.982681 -40.764964 -0.314961,
69.257572 -40.764964 -0.314961, 69.843548 -41.350941 -0.314961,
69.854234 -41.356775 -0.314961, 69.864482 -41.363361 -0.314961,
69.866943 -41.363715 -0.314961, 69.867886 -41.36423 -0.314961,
69.869647 -41.364104 -0.314961, 69.878347 -41.365355 -0.314961,
72.082372 -41.365355 -0.314961, 72.751816 -42.034799 -0.314961,
72.762504 -42.040635 -0.314961, 72.772749 -42.047219 -0.314961,
72.775209 -42.047573 -0.314961, 72.776153 -42.048088 -0.314961,
72.777916 -42.047962 -0.314961, 72.786614 -42.049213 -0.314961,
74.8 -42.049213 -0.314961, 74.811684 -42.045781 -0.314961,
74.823585 -42.043193 -0.314961, 74.825575 -42.041703 -0.314961,
74.826606 -42.0414 -0.314961, 74.827763 -42.040065 -0.314961,
74.834798 -42.034798 -0.314961, 76.034798 -40.834798 -0.314961,
76.040633 -40.824112 -0.314961, 76.047219 -40.813865 -0.314961,
76.047573 -40.811404 -0.314961, 76.048088 -40.810461 -0.314961,
76.047962 -40.808698 -0.314961, 76.049213 -40.8 -0.314961,
76.049213 -37.820384 -0.314961, 76.370384 -37.499213 -0.314961,
76.590551 -37.499213 -0.314961, 76.590551 -37.509055 -0.314961,
76.595046 -37.531655 -0.314961, 76.607848 -37.550813 -0.314961,
76.627007 -37.563615 -0.314961, 76.649606 -37.56811 -0.314961,
77.299213 -37.56811 -0.314961, 77.321812 -37.563615 -0.314961,
77.340971 -37.550813 -0.314961, 77.353772 -37.531655 -0.314961,
77.358268 -37.509055 -0.314961, 77.358268 -37.390945 -0.314961,
77.353772 -37.368345 -0.314961, 77.340971 -37.349187 -0.314961,
77.321812 -37.336385 -0.314961, 77.299213 -37.33189 -0.314961,
76.649606 -37.33189 -0.314961, 76.627007 -37.336385 -0.314961,
76.607848 -37.349187 -0.314961, 76.595046 -37.368345 -0.314961,
76.590551 -37.390945 -0.314961, 76.590551 -37.400787 -0.314961,
76.35 -37.400787 -0.314961, 76.338319 -37.404217 -0.314961,
76.326415 -37.406807 -0.314961, 76.324424 -37.408297 -0.314961,
76.323394 -37.4086 -0.314961, 76.322237 -37.409934 -0.314961,
76.315202 -37.415202 -0.314961, 75.965202 -37.765202 -0.314961,
75.959366 -37.775888 -0.314961, 75.952781 -37.786135 -0.314961,
75.952427 -37.788595 -0.314961, 75.951912 -37.789539 -0.314961,
75.952038 -37.791302 -0.314961, 75.950787 -37.8 -0.314961,
75.950787 -40.779616 -0.314961, 74.779616 -41.950787 -0.314961,
72.806999 -41.950787 -0.314961, 72.137555 -41.281344 -0.314961,
72.126868 -41.275508 -0.314961, 72.116621 -41.268923 -0.314961,
72.114161 -41.268569 -0.314961, 72.113217 -41.268054 -0.314961,
72.111454 -41.26818 -0.314961, 72.102756 -41.26693 -0.314961,
69.898731 -41.26693 -0.314961, 69.396766 -40.764964 -0.314961,
69.730712 -40.764964 -0.314961, 70.650552 -40.764964 -0.314961,
70.662235 -40.761533 -0.314961, 70.674137 -40.758944 -0.314961,
70.676126 -40.757455 -0.314961, 70.677158 -40.757152 -0.314961,
70.678315 -40.755816 -0.314961, 70.68535 -40.75055 -0.314961,
70.789133 -40.646767 -0.314961, 70.794967 -40.636083 -0.314961,
70.801554 -40.625834 -0.314961, 70.801907 -40.623372 -0.314961,
70.802422 -40.62243 -0.314961, 70.802296 -40.620669 -0.314961,
70.803547 -40.611969 -0.314961, 70.803547 -40.387281 -0.314961,
70.800116 -40.375597 -0.314961, 70.797527 -40.363696 -0.314961,
70.796037 -40.361706 -0.314961, 70.795735 -40.360675 -0.314961,
70.794399 -40.359518 -0.314961, 70.789133 -40.352482 -0.314961,
69.917717 -39.481066 -0.314961, 69.917717 -39.428434 -0.314961,
69.961462 -39.406144 -0.314961, 69.996302 -39.371305 -0.314961,
70.01867 -39.327404 -0.314961, 70.026378 -39.27874 -0.314961,
70.01867 -39.230076 -0.314961, 69.996302 -39.186176 -0.314961,
69.961462 -39.151336 -0.314961, 69.917562 -39.128967 -0.314961,
69.868898 -39.12126 -0.314961, 69.86811 -39.12126 -0.314961,
69.819446 -39.128967 -0.314961, 69.789764 -39.27874 -0.314961,
69.791277 -39.263379 -0.314961, 69.795758 -39.248608 -0.314961,
69.803034 -39.234994 -0.314961, 69.812826 -39.223062 -0.314961,
69.824758 -39.21327 -0.314961, 69.838371 -39.205994 -0.314961,
69.853142 -39.201513 -0.314961, 69.868504 -39.2 -0.314961,
69.883865 -39.201513 -0.314961, 69.898636 -39.205994 -0.314961,
69.91225 -39.21327 -0.314961, 69.924182 -39.223062 -0.314961,
69.933974 -39.234994 -0.314961, 69.94125 -39.248608 -0.314961,
69.945731 -39.263379 -0.314961, 69.947244 -39.27874 -0.314961,
69.945731 -39.294102 -0.314961, 69.94125 -39.308873 -0.314961,
69.933974 -39.322486 -0.314961, 69.924182 -39.334418 -0.314961,
69.91225 -39.34421 -0.314961, 69.898636 -39.351487 -0.314961,
69.883865 -39.355967 -0.314961, 69.868504 -39.35748 -0.314961,
69.853142 -39.355967 -0.314961, 69.838371 -39.351487 -0.314961,
69.824758 -39.34421 -0.314961, 69.812826 -39.334418 -0.314961,
69.803034 -39.322486 -0.314961, 69.795758 -39.308873 -0.314961,
69.791277 -39.294102 -0.314961, 69.499955 -34.604092 -0.314961,
69.465115 -34.638931 -0.314961, 69.442747 -34.682832 -0.314961,
69.435039 -34.731496 -0.314961, 69.442747 -34.78016 -0.314961,
69.465115 -34.824061 -0.314961, 69.499955 -34.8589 -0.314961,
69.543856 -34.881269 -0.314961, 69.59252 -34.888976 -0.314961,
69.593307 -34.888976 -0.314961, 69.641971 -34.881269 -0.314961,
69.685872 -34.8589 -0.314961, 69.720711 -34.824061 -0.314961,
69.74308 -34.78016 -0.314961, 69.750787 -34.731496 -0.314961,
69.74308 -34.682832 -0.314961, 69.720711 -34.638931 -0.314961,
69.685872 -34.604092 -0.314961, 69.642126 -34.581802 -0.314961,
69.642126 -31.975591 -0.314961, 69.634314 -31.948984 -0.314961,
69.613357 -31.930825 -0.314961, 69.58591 -31.926879 -0.314961,
69.560686 -31.938398 -0.314961, 69.545694 -31.961726 -0.314961,
69.543701 -31.975591 -0.314961, 69.543701 -34.581802 -0.314961,
69.514173 -34.731496 -0.314961, 69.515686 -34.716135 -0.314961,
69.520167 -34.701364 -0.314961, 69.527443 -34.68775 -0.314961,
69.537236 -34.675818 -0.314961, 69.549168 -34.666026 -0.314961,
69.562781 -34.65875 -0.314961, 69.577552 -34.654269 -0.314961,
69.592913 -34.652756 -0.314961, 69.608275 -34.654269 -0.314961,
69.623046 -34.65875 -0.314961, 69.636659 -34.666026 -0.314961,
69.648591 -34.675818 -0.314961, 69.658383 -34.68775 -0.314961,
69.66566 -34.701364 -0.314961, 69.670141 -34.716135 -0.314961,
69.671654 -34.731496 -0.314961, 69.670141 -34.746858 -0.314961,
69.66566 -34.761629 -0.314961, 69.658383 -34.775242 -0.314961,
69.648591 -34.787174 -0.314961, 69.636659 -34.796966 -0.314961,
69.623046 -34.804242 -0.314961, 69.608275 -34.808723 -0.314961,
69.592913 -34.810236 -0.314961, 69.577552 -34.808723 -0.314961,
69.562781 -34.804242 -0.314961, 69.549168 -34.796966 -0.314961,
69.537236 -34.787174 -0.314961, 69.527443 -34.775242 -0.314961,
69.520167 -34.761629 -0.314961, 69.515686 -34.746858 -0.314961,
74.507042 -40.872597 -0.314961, 74.472202 -40.907437 -0.314961,
74.449833 -40.951337 -0.314961, 74.442126 -41.000002 -0.314961,
74.449833 -41.048666 -0.314961, 74.472202 -41.092566 -0.314961,
74.507042 -41.127406 -0.314961, 74.550942 -41.149774 -0.314961,
74.599606 -41.157482 -0.314961, 74.600394 -41.157482 -0.314961,
74.649058 -41.149774 -0.314961, 74.692958 -41.127406 -0.314961,
74.727798 -41.092566 -0.314961, 74.750167 -41.048666 -0.314961,
74.757874 -41.000002 -0.314961, 74.750167 -40.951337 -0.314961,
74.739397 -40.930201 -0.314961, 75.060389 -40.609209 -0.314961,
75.066224 -40.598523 -0.314961, 75.07281 -40.588276 -0.314961,
75.073163 -40.585815 -0.314961, 75.073679 -40.584872 -0.314961,
75.073552 -40.583109 -0.314961, 75.074803 -40.574411 -0.314961,
75.074803 -39.06811 -0.314961, 75.350394 -39.06811 -0.314961,
75.372993 -39.063615 -0.314961, 75.392152 -39.050813 -0.314961,
75.404954 -39.031655 -0.314961, 75.409449 -39.009055 -0.314961,
75.409449 -38.890945 -0.314961, 75.404954 -38.868345 -0.314961,
75.392152 -38.849187 -0.314961, 75.372993 -38.836385 -0.314961,
75.350394 -38.83189 -0.314961, 74.700787 -38.83189 -0.314961,
74.678188 -38.836385 -0.314961, 74.659029 -38.849187 -0.314961,
74.646228 -38.868345 -0.314961, 74.641732 -38.890945 -0.314961,
74.641732 -39.009055 -0.314961, 74.646228 -39.031655 -0.314961,
74.659029 -39.050813 -0.314961, 74.678188 -39.063615 -0.314961,
74.700787 -39.06811 -0.314961, 74.976378 -39.06811 -0.314961,
74.976378 -40.554027 -0.314961, 74.669672 -40.860732 -0.314961,
74.649058 -40.850229 -0.314961, 74.600394 -40.842521 -0.314961,
74.599606 -40.842521 -0.314961, 74.550942 -40.850229 -0.314961,
74.52126 -41.000002 -0.314961, 74.522773 -40.98464 -0.314961,
74.527254 -40.969869 -0.314961, 74.53453 -40.956256 -0.314961,
74.544322 -40.944324 -0.314961, 74.556254 -40.934532 -0.314961,
74.569867 -40.927255 -0.314961, 74.584639 -40.922774 -0.314961,
74.6 -40.921261 -0.314961, 74.615361 -40.922774 -0.314961,
74.630133 -40.927255 -0.314961, 74.643746 -40.934532 -0.314961,
74.655678 -40.944324 -0.314961, 74.66547 -40.956256 -0.314961,
74.672746 -40.969869 -0.314961, 74.677227 -40.98464 -0.314961,
74.67874 -41.000002 -0.314961, 74.677227 -41.015363 -0.314961,
74.672746 -41.030134 -0.314961, 74.66547 -41.043747 -0.314961,
74.655678 -41.055679 -0.314961, 74.643746 -41.065472 -0.314961,
74.630133 -41.072748 -0.314961, 74.615361 -41.077229 -0.314961,
74.6 -41.078742 -0.314961, 74.584639 -41.077229 -0.314961,
74.569867 -41.072748 -0.314961, 74.556254 -41.065472 -0.314961,
74.544322 -41.055679 -0.314961, 74.53453 -41.043747 -0.314961,
74.527254 -41.030134 -0.314961, 74.522773 -41.015363 -0.314961,
70.350787 -40.290589 -0.314961, 70.329172 -40.312205 -0.314961,
70.32126 -40.341732 -0.314961, 70.329172 -40.37126 -0.314961,
70.350787 -40.392876 -0.314961, 70.365915 -40.396929 -0.314961,
70.542367 -40.573381 -0.314961, 70.566704 -40.586671 -0.314961,
70.594363 -40.584693 -0.314961, 70.616562 -40.568075 -0.314961,
70.626253 -40.542093 -0.314961, 70.620359 -40.514998 -0.314961,
70.611964 -40.503784 -0.314961, 70.435511 -40.327332 -0.314961,
70.431458 -40.312205 -0.314961, 70.409843 -40.290589 -0.314961,
70.380315 -40.282677 -0.314961, 70.36063 -40.341732 -0.314961,
70.362128 -40.334199 -0.314961, 70.366396 -40.327813 -0.314961,
70.372782 -40.323546 -0.314961, 70.380315 -40.322047 -0.314961,
70.387848 -40.323546 -0.314961, 70.394234 -40.327813 -0.314961,
70.398502 -40.334199 -0.314961, 70.4 -40.341732 -0.314961,
70.398502 -40.349265 -0.314961, 70.394234 -40.355652 -0.314961,
70.387848 -40.359919 -0.314961, 70.380315 -40.361417 -0.314961,
70.372782 -40.359919 -0.314961, 70.366396 -40.355652 -0.314961,
70.362128 -40.349265 -0.314961, 73.732632 -41.19858 -0.314961,
73.697793 -41.23342 -0.314961, 73.675424 -41.27732 -0.314961,
73.667717 -41.325984 -0.314961, 73.675424 -41.374648 -0.314961,
73.697793 -41.418549 -0.314961, 73.732632 -41.453389 -0.314961,
73.776533 -41.475757 -0.314961, 73.825197 -41.483465 -0.314961,
73.873861 -41.475757 -0.314961, 73.917761 -41.453389 -0.314961,
73.952601 -41.418549 -0.314961, 73.97497 -41.374648 -0.314961,
73.982677 -41.325984 -0.314961, 73.97497 -41.27732 -0.314961,
73.952601 -41.23342 -0.314961, 73.917761 -41.19858 -0.314961,
73.873861 -41.176211 -0.314961, 73.825197 -41.168504 -0.314961,
73.776533 -41.176211 -0.314961, 73.746457 -41.325984 -0.314961,
73.74797 -41.310623 -0.314961, 73.75245 -41.295852 -0.314961,
73.759727 -41.282239 -0.314961, 73.769519 -41.270307 -0.314961,
73.781451 -41.260514 -0.314961, 73.795064 -41.253238 -0.314961,
73.809835 -41.248757 -0.314961, 73.825197 -41.247244 -0.314961,
73.840558 -41.248757 -0.314961, 73.855329 -41.253238 -0.314961,
73.868943 -41.260514 -0.314961, 73.880875 -41.270307 -0.314961,
73.890667 -41.282239 -0.314961, 73.897943 -41.295852 -0.314961,
73.902424 -41.310623 -0.314961, 73.903937 -41.325984 -0.314961,
73.902424 -41.341346 -0.314961, 73.897943 -41.356117 -0.314961,
73.890667 -41.36973 -0.314961, 73.880875 -41.381662 -0.314961,
73.868943 -41.391454 -0.314961, 73.855329 -41.398731 -0.314961,
73.840558 -41.403211 -0.314961, 73.825197 -41.404724 -0.314961,
73.809835 -41.403211 -0.314961, 73.795064 -41.398731 -0.314961,
73.781451 -41.391454 -0.314961, 73.769519 -41.381662 -0.314961,
73.759727 -41.36973 -0.314961, 73.75245 -41.356117 -0.314961,
73.74797 -41.341346 -0.314961, 72.230709 -39.948031 -0.314961,
72.232207 -39.940498 -0.314961, 72.236474 -39.934112 -0.314961,
72.242861 -39.929845 -0.314961, 72.250394 -39.928346 -0.314961,
72.257927 -39.929845 -0.314961, 72.264313 -39.934112 -0.314961,
72.26858 -39.940498 -0.314961, 72.270079 -39.948031 -0.314961,
72.26858 -39.955565 -0.314961, 72.264313 -39.961951 -0.314961,
72.257927 -39.966218 -0.314961, 72.250394 -39.967717 -0.314961,
72.242861 -39.966218 -0.314961, 72.236474 -39.961951 -0.314961,
72.232207 -39.955565 -0.314961, 71.173577 -40.903304 -0.314961,
71.138737 -40.938144 -0.314961, 71.116369 -40.982044 -0.314961,
71.108661 -41.030709 -0.314961, 71.116369 -41.079373 -0.314961,
71.138737 -41.123273 -0.314961, 71.173577 -41.158113 -0.314961,
71.217478 -41.180481 -0.314961, 71.266142 -41.188189 -0.314961,
71.314806 -41.180481 -0.314961, 71.358706 -41.158113 -0.314961,
71.393546 -41.123273 -0.314961, 71.415915 -41.079373 -0.314961,
71.423622 -41.030709 -0.314961, 71.415915 -40.982044 -0.314961,
71.405278 -40.961169 -0.314961, 71.581802 -40.784646 -0.314961,
72.585039 -40.784646 -0.314961, 72.596723 -40.781215 -0.314961,
72.608624 -40.778626 -0.314961, 72.610614 -40.777136 -0.314961,
72.611646 -40.776833 -0.314961, 72.612803 -40.775498 -0.314961,
72.619838 -40.770231 -0.314961, 72.993854 -40.396216 -0.314961,
72.998065 -40.388503 -0.314961, 73.00382 -40.381861 -0.314961,
73.004581 -40.37657 -0.314961, 73.007143 -40.371878 -0.314961,
73.006516 -40.363112 -0.314961, 73.007767 -40.354414 -0.314961,
73.005546 -40.349551 -0.314961, 73.005165 -40.344219 -0.314961,
72.999898 -40.337184 -0.314961, 72.996248 -40.32919 -0.314961,
72.99175 -40.3263 -0.314961, 72.988547 -40.32202 -0.314961,
72.980313 -40.318949 -0.314961, 72.97292 -40.314198 -0.314961,
72.964221 -40.312947 -0.314961, 72.962566 -40.31233 -0.314961,
72.961515 -40.312558 -0.314961, 72.959055 -40.312205 -0.314961,
72.684164 -40.312205 -0.314961, 72.30559 -39.933631 -0.314961,
72.301537 -39.918504 -0.314961, 72.279921 -39.896888 -0.314961,
72.250394 -39.888976 -0.314961, 72.220866 -39.896888 -0.314961,
72.19925 -39.918504 -0.314961, 72.191339 -39.948031 -0.314961,
72.19925 -39.977559 -0.314961, 72.220866 -39.999175 -0.314961,
72.235993 -40.003228 -0.314961, 72.628981 -40.396216 -0.314961,
72.639667 -40.40205 -0.314961, 72.649915 -40.408637 -0.314961,
72.652376 -40.40899 -0.314961, 72.653319 -40.409505 -0.314961,
72.65508 -40.409379 -0.314961, 72.66378 -40.41063 -0.314961,
72.840246 -40.41063 -0.314961, 72.564655 -40.68622 -0.314961,
71.561417 -40.68622 -0.314961, 71.549733 -40.689651 -0.314961,
71.537832 -40.69224 -0.314961, 71.535842 -40.69373 -0.314961,
71.534811 -40.694033 -0.314961, 71.533654 -40.695368 -0.314961,
71.526619 -40.700635 -0.314961, 71.335681 -40.891572 -0.314961,
71.314806 -40.880936 -0.314961, 71.266142 -40.873228 -0.314961,
71.217478 -40.880936 -0.314961, 71.187402 -41.030709 -0.314961,
71.188915 -41.015347 -0.314961, 71.193395 -41.000576 -0.314961,
71.200672 -40.986963 -0.314961, 71.210464 -40.975031 -0.314961,
71.222396 -40.965239 -0.314961, 71.236009 -40.957962 -0.314961,
71.25078 -40.953481 -0.314961, 71.266142 -40.951969 -0.314961,
71.281503 -40.953481 -0.314961, 71.296274 -40.957962 -0.314961,
71.309887 -40.965239 -0.314961, 71.321819 -40.975031 -0.314961,
71.331612 -40.986963 -0.314961, 71.338888 -41.000576 -0.314961,
71.343369 -41.015347 -0.314961, 71.344882 -41.030709 -0.314961,
71.343369 -41.04607 -0.314961, 71.338888 -41.060841 -0.314961,
71.331612 -41.074454 -0.314961, 71.321819 -41.086386 -0.314961,
71.309887 -41.096179 -0.314961, 71.296274 -41.103455 -0.314961,
71.281503 -41.107936 -0.314961, 71.266142 -41.109449 -0.314961,
71.25078 -41.107936 -0.314961, 71.236009 -41.103455 -0.314961,
71.222396 -41.096179 -0.314961, 71.210464 -41.086386 -0.314961,
71.200672 -41.074454 -0.314961, 71.193395 -41.060841 -0.314961,
71.188915 -41.04607 -0.314961
              ]
            }
            coordIndex [
11, 9, 8, -1, 11, 8, 12, -1, 12, 8, 7, -1, 12, 7, 13, -1,
13, 7, 6, -1, 13, 6, 14, -1, 14, 6, 5, -1, 14, 5, 15, -1,
15, 5, 4, -1, 15, 4, 16, -1, 16, 4, 3, -1, 16, 3, 17, -1,
17, 3, 2, -1, 17, 2, 18, -1, 18, 2, 1, -1, 18, 1, 19, -1,
19, 1, 0, -1, 31, 29, 28, -1, 31, 28, 32, -1, 32, 28, 27, -1,
32, 27, 33, -1, 33, 27, 26, -1, 33, 26, 34, -1, 34, 26, 25, -1,
34, 25, 35, -1, 35, 25, 24, -1, 35, 24, 36, -1, 36, 24, 23, -1,
36, 23, 37, -1, 37, 23, 22, -1, 37, 22, 38, -1, 38, 22, 21, -1,
38, 21, 39, -1, 39, 21, 20, -1, 51, 49, 48, -1, 51, 48, 52, -1,
52, 48, 47, -1, 52, 47, 53, -1, 53, 47, 46, -1, 53, 46, 54, -1,
54, 46, 45, -1, 54, 45, 55, -1, 55, 45, 44, -1, 55, 44, 56, -1,
56, 44, 43, -1, 56, 43, 57, -1, 57, 43, 42, -1, 57, 42, 58, -1,
58, 42, 41, -1, 58, 41, 59, -1, 59, 41, 40, -1, 71, 69, 68, -1,
71, 68, 72, -1, 72, 68, 67, -1, 72, 67, 73, -1, 73, 67, 66, -1,
73, 66, 74, -1, 74, 66, 65, -1, 74, 65, 75, -1, 75, 65, 64, -1,
75, 64, 76, -1, 76, 64, 63, -1, 76, 63, 77, -1, 77, 63, 62, -1,
77, 62, 78, -1, 78, 62, 61, -1, 78, 61, 79, -1, 79, 61, 60, -1,
91, 89, 88, -1, 91, 88, 92, -1, 92, 88, 87, -1, 92, 87, 93, -1,
93, 87, 86, -1, 93, 86, 94, -1, 94, 86, 85, -1, 94, 85, 95, -1,
95, 85, 84, -1, 95, 84, 96, -1, 96, 84, 83, -1, 96, 83, 97, -1,
97, 83, 82, -1, 97, 82, 98, -1, 98, 82, 81, -1, 98, 81, 99, -1,
99, 81, 80, -1, 111, 109, 108, -1, 111, 108, 112, -1, 112, 108, 107, -1,
112, 107, 113, -1, 113, 107, 106, -1, 113, 106, 114, -1, 114, 106, 105, -1,
114, 105, 115, -1, 115, 105, 104, -1, 115, 104, 116, -1, 116, 104, 103, -1,
116, 103, 117, -1, 117, 103, 102, -1, 117, 102, 118, -1, 118, 102, 101, -1,
118, 101, 119, -1, 119, 101, 100, -1, 141, 140, 142, -1, 142, 140, 143, -1,
143, 140, 144, -1, 144, 140, 145, -1, 145, 140, 154, -1, 154, 140, 155, -1,
155, 140, 139, -1, 225, 224, 185, -1, 225, 185, 226, -1, 226, 185, 228, -1,
226, 228, 227, -1, 194, 193, 215, -1, 215, 193, 216, -1, 216, 193, 217, -1,
217, 193, 218, -1, 218, 193, 219, -1, 219, 193, 220, -1, 220, 193, 221, -1,
221, 193, 222, -1, 222, 193, 192, -1, 222, 192, 223, -1, 223, 192, 185, -1,
185, 192, 186, -1, 186, 192, 187, -1, 187, 192, 188, -1, 188, 192, 190, -1,
190, 192, 191, -1, 184, 183, 230, -1, 184, 230, 185, -1, 185, 230, 229, -1,
185, 229, 228, -1, 180, 179, 230, -1, 180, 230, 181, -1, 181, 230, 183, -1,
181, 183, 182, -1, 179, 178, 230, -1, 230, 178, 231, -1, 231, 178, 232, -1,
232, 178, 177, -1, 233, 232, 171, -1, 171, 232, 172, -1, 172, 232, 173, -1,
173, 232, 174, -1, 174, 232, 175, -1, 175, 232, 176, -1, 176, 232, 177, -1,
233, 171, 234, -1, 234, 171, 235, -1, 235, 171, 236, -1, 236, 171, 237, -1,
237, 171, 238, -1, 238, 171, 239, -1, 239, 171, 170, -1, 241, 240, 163, -1,
163, 240, 164, -1, 164, 240, 165, -1, 165, 240, 166, -1, 166, 240, 167, -1,
167, 240, 168, -1, 168, 240, 169, -1, 169, 240, 170, -1, 170, 240, 239, -1,
163, 162, 241, -1, 241, 162, 138, -1, 138, 162, 139, -1, 139, 162, 161, -1,
196, 214, 213, -1, 196, 213, 197, -1, 197, 213, 212, -1, 197, 212, 198, -1,
198, 212, 211, -1, 198, 211, 199, -1, 199, 211, 210, -1, 199, 210, 200, -1,
200, 210, 209, -1, 200, 209, 201, -1, 201, 209, 208, -1, 201, 208, 202, -1,
202, 208, 207, -1, 202, 207, 203, -1, 203, 207, 206, -1, 203, 206, 204, -1,
204, 206, 205, -1, 214, 196, 215, -1, 215, 196, 194, -1, 194, 196, 195, -1,
128, 127, 129, -1, 129, 127, 304, -1, 304, 127, 305, -1, 305, 127, 306, -1,
306, 127, 307, -1, 307, 127, 308, -1, 308, 127, 126, -1, 270, 269, 268, -1,
270, 268, 271, -1, 271, 268, 267, -1, 271, 267, 272, -1, 272, 267, 266, -1,
272, 266, 293, -1, 293, 266, 294, -1, 273, 272, 289, -1, 289, 272, 290, -1,
290, 272, 291, -1, 291, 272, 292, -1, 292, 272, 293, -1, 274, 273, 286, -1,
286, 273, 287, -1, 287, 273, 288, -1, 288, 273, 289, -1, 284, 283, 275, -1,
284, 275, 285, -1, 285, 275, 274, -1, 285, 274, 286, -1, 281, 280, 276, -1,
281, 276, 282, -1, 282, 276, 275, -1, 282, 275, 283, -1, 277, 308, 120, -1,
277, 120, 278, -1, 278, 120, 276, -1, 278, 276, 279, -1, 279, 276, 280, -1,
294, 266, 295, -1, 295, 266, 296, -1, 296, 266, 297, -1, 297, 266, 265, -1,
265, 264, 298, -1, 298, 264, 299, -1, 299, 264, 300, -1, 300, 264, 301, -1,
301, 264, 302, -1, 302, 264, 303, -1, 303, 264, 134, -1, 134, 264, 135, -1,
135, 264, 263, -1, 258, 257, 252, -1, 252, 257, 253, -1, 253, 257, 255, -1,
255, 257, 256, -1, 258, 252, 259, -1, 259, 252, 260, -1, 260, 252, 261, -1,
261, 252, 251, -1, 262, 261, 251, -1, 262, 251, 263, -1, 263, 251, 250, -1,
263, 250, 135, -1, 135, 250, 136, -1, 304, 303, 130, -1, 130, 303, 131, -1,
131, 303, 132, -1, 132, 303, 133, -1, 133, 303, 134, -1, 124, 123, 122, -1,
124, 122, 125, -1, 125, 122, 121, -1, 125, 121, 126, -1, 126, 121, 120, -1,
126, 120, 308, -1, 137, 136, 243, -1, 243, 136, 244, -1, 244, 136, 245, -1,
245, 136, 246, -1, 246, 136, 247, -1, 247, 136, 248, -1, 248, 136, 249, -1,
249, 136, 250, -1, 241, 138, 242, -1, 242, 138, 243, -1, 243, 138, 137, -1,
155, 139, 156, -1, 156, 139, 157, -1, 157, 139, 158, -1, 158, 139, 159, -1,
159, 139, 160, -1, 160, 139, 161, -1, 146, 145, 149, -1, 149, 145, 150, -1,
150, 145, 151, -1, 151, 145, 152, -1, 152, 145, 153, -1, 153, 145, 154, -1,
148, 147, 149, -1, 149, 147, 146, -1, 345, 344, 330, -1, 345, 330, 346, -1,
346, 330, 329, -1, 346, 329, 347, -1, 347, 329, 328, -1, 347, 328, 327, -1,
332, 331, 342, -1, 342, 331, 343, -1, 343, 331, 344, -1, 344, 331, 330, -1,
342, 341, 332, -1, 332, 341, 333, -1, 333, 341, 334, -1, 334, 341, 335, -1,
335, 341, 340, -1, 309, 335, 337, -1, 337, 335, 338, -1, 338, 335, 339, -1,
339, 335, 340, -1, 310, 309, 315, -1, 315, 309, 367, -1, 367, 309, 336, -1,
336, 309, 337, -1, 324, 323, 322, -1, 324, 322, 325, -1, 325, 322, 321, -1,
325, 321, 326, -1, 326, 321, 320, -1, 326, 320, 352, -1, 352, 320, 353, -1,
327, 326, 348, -1, 348, 326, 349, -1, 349, 326, 350, -1, 350, 326, 351, -1,
351, 326, 352, -1, 353, 320, 354, -1, 354, 320, 355, -1, 355, 320, 356, -1,
356, 320, 319, -1, 356, 319, 357, -1, 357, 319, 358, -1, 358, 319, 359, -1,
359, 319, 318, -1, 361, 360, 317, -1, 317, 360, 318, -1, 318, 360, 359, -1,
362, 361, 317, -1, 362, 317, 363, -1, 363, 317, 316, -1, 363, 316, 364, -1,
364, 316, 365, -1, 365, 316, 366, -1, 366, 316, 367, -1, 367, 316, 315, -1,
313, 312, 311, -1, 313, 311, 314, -1, 314, 311, 310, -1, 314, 310, 315, -1,
393, 392, 402, -1, 393, 402, 394, -1, 394, 402, 401, -1, 394, 401, 395, -1,
395, 401, 400, -1, 395, 400, 396, -1, 396, 400, 399, -1, 396, 399, 397, -1,
397, 399, 398, -1, 402, 392, 413, -1, 413, 392, 385, -1, 385, 392, 386, -1,
386, 392, 387, -1, 387, 392, 388, -1, 388, 392, 390, -1, 390, 392, 391, -1,
409, 407, 406, -1, 409, 406, 410, -1, 410, 406, 405, -1, 410, 405, 411, -1,
411, 405, 404, -1, 411, 404, 412, -1, 412, 404, 403, -1, 412, 403, 413, -1,
413, 403, 402, -1, 415, 414, 434, -1, 434, 414, 435, -1, 435, 414, 436, -1,
436, 414, 384, -1, 384, 414, 385, -1, 385, 414, 413, -1, 380, 379, 384, -1,
384, 379, 436, -1, 436, 379, 437, -1, 437, 379, 438, -1, 438, 379, 439, -1,
439, 379, 440, -1, 440, 379, 378, -1, 431, 430, 416, -1, 431, 416, 432, -1,
432, 416, 415, -1, 432, 415, 433, -1, 433, 415, 434, -1, 427, 426, 418, -1,
427, 418, 428, -1, 428, 418, 417, -1, 428, 417, 429, -1, 429, 417, 416, -1,
429, 416, 430, -1, 424, 423, 419, -1, 424, 419, 425, -1, 425, 419, 418, -1,
425, 418, 426, -1, 420, 451, 368, -1, 420, 368, 421, -1, 421, 368, 419, -1,
421, 419, 422, -1, 422, 419, 423, -1, 382, 381, 383, -1, 383, 381, 384, -1,
384, 381, 380, -1, 440, 378, 441, -1, 441, 378, 442, -1, 442, 378, 443, -1,
443, 378, 377, -1, 445, 444, 376, -1, 376, 444, 377, -1, 377, 444, 443, -1,
446, 445, 376, -1, 446, 376, 447, -1, 447, 376, 375, -1, 447, 375, 448, -1,
448, 375, 449, -1, 450, 449, 375, -1, 450, 375, 451, -1, 451, 375, 374, -1,
451, 374, 368, -1, 368, 374, 369, -1, 372, 371, 370, -1, 372, 370, 373, -1,
373, 370, 369, -1, 373, 369, 374, -1, 577, 588, 587, -1, 577, 587, 578, -1,
578, 587, 586, -1, 578, 586, 579, -1, 579, 586, 585, -1, 579, 585, 580, -1,
580, 585, 584, -1, 580, 584, 582, -1, 582, 584, 583, -1, 588, 577, 589, -1,
589, 577, 590, -1, 590, 577, 591, -1, 591, 577, 592, -1, 592, 577, 593, -1,
593, 577, 594, -1, 594, 577, 595, -1, 595, 577, 614, -1, 614, 577, 576, -1,
615, 614, 570, -1, 570, 614, 571, -1, 571, 614, 572, -1, 572, 614, 573, -1,
573, 614, 574, -1, 574, 614, 575, -1, 575, 614, 576, -1, 570, 569, 615, -1,
615, 569, 616, -1, 616, 569, 617, -1, 617, 569, 618, -1, 618, 569, 619, -1,
619, 569, 620, -1, 620, 569, 621, -1, 621, 569, 622, -1, 622, 569, 568, -1,
564, 563, 568, -1, 568, 563, 643, -1, 643, 563, 644, -1, 644, 563, 645, -1,
645, 563, 646, -1, 646, 563, 647, -1, 647, 563, 562, -1, 623, 622, 641, -1,
641, 622, 642, -1, 642, 622, 643, -1, 643, 622, 568, -1, 638, 637, 624, -1,
638, 624, 639, -1, 639, 624, 623, -1, 639, 623, 640, -1, 640, 623, 641, -1,
635, 634, 625, -1, 635, 625, 636, -1, 636, 625, 624, -1, 636, 624, 637, -1,
631, 630, 626, -1, 631, 626, 632, -1, 632, 626, 625, -1, 632, 625, 633, -1,
633, 625, 634, -1, 627, 658, 553, -1, 627, 553, 628, -1, 628, 553, 626, -1,
628, 626, 629, -1, 629, 626, 630, -1, 468, 467, 474, -1, 474, 467, 475, -1,
475, 467, 476, -1, 476, 467, 477, -1, 477, 467, 458, -1, 458, 467, 465, -1,
465, 467, 466, -1, 452, 468, 470, -1, 470, 468, 471, -1, 471, 468, 472, -1,
472, 468, 473, -1, 473, 468, 474, -1, 453, 452, 456, -1, 456, 452, 457, -1,
457, 452, 469, -1, 469, 452, 470, -1, 460, 459, 464, -1, 460, 464, 461, -1,
461, 464, 463, -1, 461, 463, 462, -1, 465, 464, 458, -1, 458, 464, 459, -1,
477, 458, 478, -1, 478, 458, 479, -1, 479, 458, 480, -1, 480, 458, 481, -1,
481, 458, 482, -1, 482, 458, 483, -1, 483, 458, 457, -1, 469, 484, 457, -1,
457, 484, 483, -1, 454, 453, 455, -1, 455, 453, 456, -1, 499, 498, 497, -1,
499, 497, 500, -1, 500, 497, 496, -1, 500, 496, 501, -1, 501, 496, 495, -1,
501, 495, 521, -1, 521, 495, 522, -1, 502, 501, 517, -1, 517, 501, 518, -1,
518, 501, 519, -1, 519, 501, 520, -1, 520, 501, 521, -1, 503, 502, 514, -1,
514, 502, 515, -1, 515, 502, 516, -1, 516, 502, 517, -1, 504, 503, 510, -1,
510, 503, 511, -1, 511, 503, 512, -1, 512, 503, 513, -1, 513, 503, 514, -1,
485, 504, 506, -1, 506, 504, 507, -1, 507, 504, 508, -1, 508, 504, 509, -1,
509, 504, 510, -1, 486, 485, 491, -1, 491, 485, 536, -1, 536, 485, 505, -1,
505, 485, 506, -1, 522, 495, 523, -1, 523, 495, 524, -1, 524, 495, 525, -1,
525, 495, 494, -1, 525, 494, 526, -1, 526, 494, 527, -1, 527, 494, 528, -1,
528, 494, 529, -1, 529, 494, 493, -1, 529, 493, 530, -1, 530, 493, 531, -1,
531, 493, 532, -1, 532, 493, 492, -1, 532, 492, 533, -1, 533, 492, 534, -1,
534, 492, 535, -1, 535, 492, 536, -1, 536, 492, 491, -1, 489, 488, 487, -1,
489, 487, 490, -1, 490, 487, 486, -1, 490, 486, 491, -1, 544, 543, 599, -1,
544, 599, 545, -1, 545, 599, 597, -1, 545, 597, 607, -1, 607, 597, 596, -1,
607, 596, 608, -1, 608, 596, 609, -1, 541, 540, 600, -1, 541, 600, 542, -1,
542, 600, 599, -1, 542, 599, 543, -1, 552, 551, 606, -1, 552, 606, 537, -1,
537, 606, 601, -1, 537, 601, 538, -1, 538, 601, 600, -1, 538, 600, 539, -1,
539, 600, 540, -1, 609, 596, 610, -1, 610, 596, 611, -1, 611, 596, 612, -1,
612, 596, 613, -1, 613, 596, 614, -1, 614, 596, 595, -1, 545, 607, 546, -1,
546, 607, 547, -1, 547, 607, 548, -1, 548, 607, 549, -1, 549, 607, 550, -1,
550, 607, 551, -1, 551, 607, 606, -1, 604, 603, 602, -1, 604, 602, 605, -1,
605, 602, 601, -1, 605, 601, 606, -1, 566, 565, 567, -1, 567, 565, 568, -1,
568, 565, 564, -1, 647, 562, 648, -1, 648, 562, 649, -1, 649, 562, 650, -1,
650, 562, 651, -1, 651, 562, 561, -1, 651, 561, 652, -1, 652, 561, 653, -1,
653, 561, 654, -1, 654, 561, 560, -1, 654, 560, 655, -1, 655, 560, 656, -1,
656, 560, 657, -1, 657, 560, 658, -1, 658, 560, 559, -1, 557, 556, 555, -1,
557, 555, 558, -1, 558, 555, 554, -1, 558, 554, 559, -1, 559, 554, 553, -1,
559, 553, 658, -1, 597, 599, 598, -1, 580, 582, 581, -1, 390, 389, 388, -1,
407, 409, 408, -1, 327, 348, 347, -1, 255, 254, 253, -1, 129, 304, 130, -1,
265, 298, 297, -1, 190, 189, 188, -1, 185, 224, 223, -1, 109, 111, 110, -1,
89, 91, 90, -1, 69, 71, 70, -1, 49, 51, 50, -1, 29, 31, 30, -1,
9, 11, 10, -1
            ]
          }
        }
      ]
    }
  ]
}
Transform {
  children [
    Group {
      children [
        Shape {
          appearance Appearance {
            material Material {
              diffuseColor 0.5 0.5 0.5
              specularColor 0.8 0.8 0.8
              emissiveColor 0 0 0
              ambientIntensity 0.7
              transparency 0
              shininess 0.7
            }
          }
          geometry IndexedFaceSet {
            solid TRUE
            coord Coordinate {
              point [
75.409449 -38.890945 -0.319882, 75.404954 -38.868345 -0.319882,
75.392152 -38.849187 -0.319882, 75.372993 -38.836385 -0.319882,
75.350394 -38.83189 -0.319882, 74.700787 -38.83189 -0.319882,
74.678188 -38.836385 -0.319882, 74.659029 -38.849187 -0.319882,
74.646228 -38.868345 -0.319882, 74.641732 -38.890945 -0.319882,
74.641732 -39.009055 -0.319882, 74.646228 -39.031655 -0.319882,
74.659029 -39.050813 -0.319882, 74.678188 -39.063615 -0.319882,
74.700787 -39.06811 -0.319882, 75.350394 -39.06811 -0.319882,
75.372993 -39.063615 -0.319882, 75.392152 -39.050813 -0.319882,
75.404954 -39.031655 -0.319882, 75.409449 -39.009055 -0.319882,
77.358268 -38.890945 -0.319882, 77.353772 -38.868345 -0.319882,
77.340971 -38.849187 -0.319882, 77.321812 -38.836385 -0.319882,
77.299213 -38.83189 -0.319882, 76.649606 -38.83189 -0.319882,
76.627007 -38.836385 -0.319882, 76.607848 -38.849187 -0.319882,
76.595046 -38.868345 -0.319882, 76.590551 -38.890945 -0.319882,
76.590551 -39.009055 -0.319882, 76.595046 -39.031655 -0.319882,
76.607848 -39.050813 -0.319882, 76.627007 -39.063615 -0.319882,
76.649606 -39.06811 -0.319882, 77.299213 -39.06811 -0.319882,
77.321812 -39.063615 -0.319882, 77.340971 -39.050813 -0.319882,
77.353772 -39.031655 -0.319882, 77.358268 -39.009055 -0.319882,
75.409449 -38.390945 -0.319882, 75.404954 -38.368345 -0.319882,
75.392152 -38.349187 -0.319882, 75.372993 -38.336385 -0.319882,
75.350394 -38.33189 -0.319882, 74.700787 -38.33189 -0.319882,
74.678188 -38.336385 -0.319882, 74.659029 -38.349187 -0.319882,
74.646228 -38.368345 -0.319882, 74.641732 -38.390945 -0.319882,
74.641732 -38.509055 -0.319882, 74.646228 -38.531655 -0.319882,
74.659029 -38.550813 -0.319882, 74.678188 -38.563615 -0.319882,
74.700787 -38.56811 -0.319882, 75.350394 -38.56811 -0.319882,
75.372993 -38.563615 -0.319882, 75.392152 -38.550813 -0.319882,
75.404954 -38.531655 -0.319882, 75.409449 -38.509055 -0.319882,
77.358268 -38.390945 -0.319882, 77.353772 -38.368345 -0.319882,
77.340971 -38.349187 -0.319882, 77.321812 -38.336385 -0.319882,
77.299213 -38.33189 -0.319882, 76.649606 -38.33189 -0.319882,
76.627007 -38.336385 -0.319882, 76.607848 -38.349187 -0.319882,
76.595046 -38.368345 -0.319882, 76.590551 -38.390945 -0.319882,
76.590551 -38.509055 -0.319882, 76.595046 -38.531655 -0.319882,
76.607848 -38.550813 -0.319882, 76.627007 -38.563615 -0.319882,
76.649606 -38.56811 -0.319882, 77.299213 -38.56811 -0.319882,
77.321812 -38.563615 -0.319882, 77.340971 -38.550813 -0.319882,
77.353772 -38.531655 -0.319882, 77.358268 -38.509055 -0.319882,
75.409449 -37.890945 -0.319882, 75.404954 -37.868345 -0.319882,
75.392152 -37.849187 -0.319882, 75.372993 -37.836385 -0.319882,
75.350394 -37.83189 -0.319882, 74.700787 -37.83189 -0.319882,
74.678188 -37.836385 -0.319882, 74.659029 -37.849187 -0.319882,
74.646228 -37.868345 -0.319882, 74.641732 -37.890945 -0.319882,
74.641732 -38.009055 -0.319882, 74.646228 -38.031655 -0.319882,
74.659029 -38.050813 -0.319882, 74.678188 -38.063615 -0.319882,
74.700787 -38.06811 -0.319882, 75.350394 -38.06811 -0.319882,
75.372993 -38.063615 -0.319882, 75.392152 -38.050813 -0.319882,
75.404954 -38.031655 -0.319882, 75.409449 -38.009055 -0.319882,
77.358268 -37.890945 -0.319882, 77.353772 -37.868345 -0.319882,
77.340971 -37.849187 -0.319882, 77.321812 -37.836385 -0.319882,
77.299213 -37.83189 -0.319882, 76.649606 -37.83189 -0.319882,
76.627007 -37.836385 -0.319882, 76.607848 -37.849187 -0.319882,
76.595046 -37.868345 -0.319882, 76.590551 -37.890945 -0.319882,
76.590551 -38.009055 -0.319882, 76.595046 -38.031655 -0.319882,
76.607848 -38.050813 -0.319882, 76.627007 -38.063615 -0.319882,
76.649606 -38.06811 -0.319882, 77.299213 -38.06811 -0.319882,
77.321812 -38.063615 -0.319882, 77.340971 -38.050813 -0.319882,
77.353772 -38.031655 -0.319882, 77.358268 -38.009055 -0.319882,
75.409449 -37.390945 -0.319882, 75.404954 -37.368345 -0.319882,
75.392152 -37.349187 -0.319882, 75.372993 -37.336385 -0.319882,
75.350394 -37.33189 -0.319882, 74.700787 -37.33189 -0.319882,
74.678188 -37.336385 -0.319882, 74.659029 -37.349187 -0.319882,
74.646228 -37.368345 -0.319882, 74.641732 -37.390945 -0.319882,
74.641732 -37.509055 -0.319882, 74.646228 -37.531655 -0.319882,
74.659029 -37.550813 -0.319882, 74.678188 -37.563615 -0.319882,
74.700787 -37.56811 -0.319882, 75.350394 -37.56811 -0.319882,
75.372993 -37.563615 -0.319882, 75.392152 -37.550813 -0.319882,
75.404954 -37.531655 -0.319882, 75.409449 -37.509055 -0.319882,
77.358268 -37.390945 -0.319882, 77.353772 -37.368345 -0.319882,
77.340971 -37.349187 -0.319882, 77.321812 -37.336385 -0.319882,
77.299213 -37.33189 -0.319882, 76.649606 -37.33189 -0.319882,
76.627007 -37.336385 -0.319882, 76.607848 -37.349187 -0.319882,
76.595046 -37.368345 -0.319882, 76.590551 -37.390945 -0.319882,
76.590551 -37.509055 -0.319882, 76.595046 -37.531655 -0.319882,
76.607848 -37.550813 -0.319882, 76.627007 -37.563615 -0.319882,
76.649606 -37.56811 -0.319882, 77.299213 -37.56811 -0.319882,
77.321812 -37.563615 -0.319882, 77.340971 -37.550813 -0.319882,
77.353772 -37.531655 -0.319882, 77.358268 -37.509055 -0.319882
              ]
            }
            coordIndex [
11, 9, 8, -1, 11, 8, 12, -1, 12, 8, 7, -1, 12, 7, 13, -1,
13, 7, 6, -1, 13, 6, 14, -1, 14, 6, 5, -1, 14, 5, 15, -1,
15, 5, 4, -1, 15, 4, 16, -1, 16, 4, 3, -1, 16, 3, 17, -1,
17, 3, 2, -1, 17, 2, 18, -1, 18, 2, 1, -1, 18, 1, 19, -1,
19, 1, 0, -1, 31, 29, 28, -1, 31, 28, 32, -1, 32, 28, 27, -1,
32, 27, 33, -1, 33, 27, 26, -1, 33, 26, 34, -1, 34, 26, 25, -1,
34, 25, 35, -1, 35, 25, 24, -1, 35, 24, 36, -1, 36, 24, 23, -1,
36, 23, 37, -1, 37, 23, 22, -1, 37, 22, 38, -1, 38, 22, 21, -1,
38, 21, 39, -1, 39, 21, 20, -1, 51, 49, 48, -1, 51, 48, 52, -1,
52, 48, 47, -1, 52, 47, 53, -1, 53, 47, 46, -1, 53, 46, 54, -1,
54, 46, 45, -1, 54, 45, 55, -1, 55, 45, 44, -1, 55, 44, 56, -1,
56, 44, 43, -1, 56, 43, 57, -1, 57, 43, 42, -1, 57, 42, 58, -1,
58, 42, 41, -1, 58, 41, 59, -1, 59, 41, 40, -1, 71, 69, 68, -1,
71, 68, 72, -1, 72, 68, 67, -1, 72, 67, 73, -1, 73, 67, 66, -1,
73, 66, 74, -1, 74, 66, 65, -1, 74, 65, 75, -1, 75, 65, 64, -1,
75, 64, 76, -1, 76, 64, 63, -1, 76, 63, 77, -1, 77, 63, 62, -1,
77, 62, 78, -1, 78, 62, 61, -1, 78, 61, 79, -1, 79, 61, 60, -1,
91, 89, 88, -1, 91, 88, 92, -1, 92, 88, 87, -1, 92, 87, 93, -1,
93, 87, 86, -1, 93, 86, 94, -1, 94, 86, 85, -1, 94, 85, 95, -1,
95, 85, 84, -1, 95, 84, 96, -1, 96, 84, 83, -1, 96, 83, 97, -1,
97, 83, 82, -1, 97, 82, 98, -1, 98, 82, 81, -1, 98, 81, 99, -1,
99, 81, 80, -1, 111, 109, 108, -1, 111, 108, 112, -1, 112, 108, 107, -1,
112, 107, 113, -1, 113, 107, 106, -1, 113, 106, 114, -1, 114, 106, 105, -1,
114, 105, 115, -1, 115, 105, 104, -1, 115, 104, 116, -1, 116, 104, 103, -1,
116, 103, 117, -1, 117, 103, 102, -1, 117, 102, 118, -1, 118, 102, 101, -1,
118, 101, 119, -1, 119, 101, 100, -1, 131, 129, 128, -1, 131, 128, 132, -1,
132, 128, 127, -1, 132, 127, 133, -1, 133, 127, 126, -1, 133, 126, 134, -1,
134, 126, 125, -1, 134, 125, 135, -1, 135, 125, 124, -1, 135, 124, 136, -1,
136, 124, 123, -1, 136, 123, 137, -1, 137, 123, 122, -1, 137, 122, 138, -1,
138, 122, 121, -1, 138, 121, 139, -1, 139, 121, 120, -1, 151, 149, 148, -1,
151, 148, 152, -1, 152, 148, 147, -1, 152, 147, 153, -1, 153, 147, 146, -1,
153, 146, 154, -1, 154, 146, 145, -1, 154, 145, 155, -1, 155, 145, 144, -1,
155, 144, 156, -1, 156, 144, 143, -1, 156, 143, 157, -1, 157, 143, 142, -1,
157, 142, 158, -1, 158, 142, 141, -1, 158, 141, 159, -1, 159, 141, 140, -1,
149, 151, 150, -1, 129, 131, 130, -1, 109, 111, 110, -1, 89, 91, 90, -1,
69, 71, 70, -1, 49, 51, 50, -1, 29, 31, 30, -1, 9, 11, 10, -1
            ]
          }
        }
      ]
    }
  ]
}
Transform {
  children [
    Group {
      children [
        Shape {
          appearance Appearance {
            material Material {
              diffuseColor 0.08 0.2 0.14
              specularColor 0.356 0.44 0.398
              emissiveColor 0 0 0
              ambientIntensity 0.8
              transparency 0.17
              shininess 0.3
            }
          }
          geometry IndexedFaceSet {
            solid TRUE
            coord Coordinate {
              point [
70.32126 -40.341732 -0.319882, 70.329172 -40.312205 -0.319882,
70.350787 -40.290589 -0.319882, 70.380315 -40.282677 -0.319882,
70.409843 -40.290589 -0.319882, 70.431458 -40.312205 -0.319882,
70.43937 -40.341732 -0.319882, 70.431458 -40.37126 -0.319882,
70.409843 -40.392876 -0.319882, 70.380315 -40.400787 -0.319882,
70.350787 -40.392876 -0.319882, 70.329172 -40.37126 -0.319882,
72.191339 -39.948031 -0.319882, 72.19925 -39.918504 -0.319882,
72.220866 -39.896888 -0.319882, 72.250394 -39.888976 -0.319882,
72.279921 -39.896888 -0.319882, 72.301537 -39.918504 -0.319882,
72.309449 -39.948031 -0.319882, 72.301537 -39.977559 -0.319882,
72.279921 -39.999175 -0.319882, 72.250394 -40.007087 -0.319882,
72.220866 -39.999175 -0.319882, 72.19925 -39.977559 -0.319882,
71.423622 -41.030709 -0.319882, 71.415915 -41.079373 -0.319882,
71.393546 -41.123273 -0.319882, 71.358706 -41.158113 -0.319882,
71.314806 -41.180481 -0.319882, 71.266142 -41.188189 -0.319882,
71.217478 -41.180481 -0.319882, 71.173577 -41.158113 -0.319882,
71.138737 -41.123273 -0.319882, 71.116369 -41.079373 -0.319882,
71.108661 -41.030709 -0.319882, 71.116369 -40.982044 -0.319882,
71.138737 -40.938144 -0.319882, 71.173577 -40.903304 -0.319882,
71.217478 -40.880936 -0.319882, 71.266142 -40.873228 -0.319882,
71.314806 -40.880936 -0.319882, 71.358706 -40.903304 -0.319882,
71.393546 -40.938144 -0.319882, 71.415915 -40.982044 -0.319882,
71.418759 -41.000002 -0.319882, 76.570472 -37.509055 -0.319882,
76.570472 -37.390945 -0.319882, 76.576496 -37.360662 -0.319882,
76.59365 -37.334989 -0.319882, 76.619323 -37.317835 -0.319882,
76.649606 -37.311811 -0.319882, 77.299213 -37.311811 -0.319882,
77.329496 -37.317835 -0.319882, 77.355169 -37.334989 -0.319882,
77.372323 -37.360662 -0.319882, 77.378346 -37.390945 -0.319882,
77.378346 -37.509055 -0.319882, 77.372323 -37.539338 -0.319882,
77.355169 -37.565011 -0.319882, 77.329496 -37.582165 -0.319882,
77.299213 -37.588189 -0.319882, 76.649606 -37.588189 -0.319882,
76.619323 -37.582165 -0.319882, 76.59365 -37.565011 -0.319882,
76.576496 -37.539338 -0.319882, 76.570472 -38.009055 -0.319882,
76.570472 -37.890945 -0.319882, 76.576496 -37.860662 -0.319882,
76.59365 -37.834989 -0.319882, 76.619323 -37.817835 -0.319882,
76.649606 -37.811811 -0.319882, 77.299213 -37.811811 -0.319882,
77.329496 -37.817835 -0.319882, 77.355169 -37.834989 -0.319882,
77.372323 -37.860662 -0.319882, 77.378346 -37.890945 -0.319882,
77.378346 -38.009055 -0.319882, 77.372323 -38.039338 -0.319882,
77.355169 -38.065011 -0.319882, 77.329496 -38.082165 -0.319882,
77.299213 -38.088189 -0.319882, 76.649606 -38.088189 -0.319882,
76.619323 -38.082165 -0.319882, 76.59365 -38.065011 -0.319882,
76.576496 -38.039338 -0.319882, 75.429528 -37.390945 -0.319882,
75.429528 -37.509055 -0.319882, 75.423504 -37.539338 -0.319882,
75.40635 -37.565011 -0.319882, 75.380677 -37.582165 -0.319882,
75.350394 -37.588189 -0.319882, 74.700787 -37.588189 -0.319882,
74.670504 -37.582165 -0.319882, 74.644831 -37.565011 -0.319882,
74.627677 -37.539338 -0.319882, 74.621654 -37.509055 -0.319882,
74.621654 -37.390945 -0.319882, 74.627677 -37.360662 -0.319882,
74.644831 -37.334989 -0.319882, 74.670504 -37.317835 -0.319882,
74.700787 -37.311811 -0.319882, 75.350394 -37.311811 -0.319882,
75.380677 -37.317835 -0.319882, 75.40635 -37.334989 -0.319882,
75.423504 -37.360662 -0.319882, 76.570472 -38.509055 -0.319882,
76.570472 -38.390945 -0.319882, 76.576496 -38.360662 -0.319882,
76.59365 -38.334989 -0.319882, 76.619323 -38.317835 -0.319882,
76.649606 -38.311811 -0.319882, 77.299213 -38.311811 -0.319882,
77.329496 -38.317835 -0.319882, 77.355169 -38.334989 -0.319882,
77.372323 -38.360662 -0.319882, 77.378346 -38.390945 -0.319882,
77.378346 -38.509055 -0.319882, 77.372323 -38.539338 -0.319882,
77.355169 -38.565011 -0.319882, 77.329496 -38.582165 -0.319882,
77.299213 -38.588189 -0.319882, 76.649606 -38.588189 -0.319882,
76.619323 -38.582165 -0.319882, 76.59365 -38.565011 -0.319882,
76.576496 -38.539338 -0.319882, 76.570472 -38.890945 -0.319882,
76.576496 -38.860662 -0.319882, 76.59365 -38.834989 -0.319882,
76.619323 -38.817835 -0.319882, 76.649606 -38.811811 -0.319882,
77.299213 -38.811811 -0.319882, 77.329496 -38.817835 -0.319882,
77.355169 -38.834989 -0.319882, 77.372323 -38.860662 -0.319882,
77.378346 -38.890945 -0.319882, 77.378346 -39.009055 -0.319882,
77.372323 -39.039338 -0.319882, 77.355169 -39.065011 -0.319882,
77.329496 -39.082165 -0.319882, 77.299213 -39.088189 -0.319882,
76.649606 -39.088189 -0.319882, 76.619323 -39.082165 -0.319882,
76.59365 -39.065011 -0.319882, 76.576496 -39.039338 -0.319882,
76.570472 -39.009055 -0.319882, 74.621654 -38.009055 -0.319882,
74.621654 -37.890945 -0.319882, 74.627677 -37.860662 -0.319882,
74.644831 -37.834989 -0.319882, 74.670504 -37.817835 -0.319882,
74.700787 -37.811811 -0.319882, 75.350394 -37.811811 -0.319882,
75.380677 -37.817835 -0.319882, 75.40635 -37.834989 -0.319882,
75.423504 -37.860662 -0.319882, 75.429528 -37.890945 -0.319882,
75.429528 -38.009055 -0.319882, 75.423504 -38.039338 -0.319882,
75.40635 -38.065011 -0.319882, 75.380677 -38.082165 -0.319882,
75.350394 -38.088189 -0.319882, 74.700787 -38.088189 -0.319882,
74.670504 -38.082165 -0.319882, 74.644831 -38.065011 -0.319882,
74.627677 -38.039338 -0.319882, 74.621654 -38.509055 -0.319882,
74.621654 -38.390945 -0.319882, 74.627677 -38.360662 -0.319882,
74.644831 -38.334989 -0.319882, 74.670504 -38.317835 -0.319882,
74.700787 -38.311811 -0.319882, 75.350394 -38.311811 -0.319882,
75.380677 -38.317835 -0.319882, 75.40635 -38.334989 -0.319882,
75.423504 -38.360662 -0.319882, 75.429528 -38.390945 -0.319882,
75.429528 -38.509055 -0.319882, 75.423504 -38.539338 -0.319882,
75.40635 -38.565011 -0.319882, 75.380677 -38.582165 -0.319882,
75.350394 -38.588189 -0.319882, 74.700787 -38.588189 -0.319882,
74.670504 -38.582165 -0.319882, 74.644831 -38.565011 -0.319882,
74.627677 -38.539338 -0.319882, 74.621654 -38.890945 -0.319882,
74.627677 -38.860662 -0.319882, 74.644831 -38.834989 -0.319882,
74.670504 -38.817835 -0.319882, 74.700787 -38.811811 -0.319882,
75.350394 -38.811811 -0.319882, 75.380677 -38.817835 -0.319882,
75.40635 -38.834989 -0.319882, 75.423504 -38.860662 -0.319882,
75.429528 -38.890945 -0.319882, 75.429528 -39.009055 -0.319882,
75.423504 -39.039338 -0.319882, 75.40635 -39.065011 -0.319882,
75.380677 -39.082165 -0.319882, 75.350394 -39.088189 -0.319882,
74.700787 -39.088189 -0.319882, 74.670504 -39.082165 -0.319882,
74.644831 -39.065011 -0.319882, 74.627677 -39.039338 -0.319882,
74.621654 -39.009055 -0.319882, 74.6 -40.842521 -0.319882,
74.648664 -40.850229 -0.319882, 74.692565 -40.872597 -0.319882,
74.727404 -40.907437 -0.319882, 74.749773 -40.951337 -0.319882,
74.75748 -41.000002 -0.319882, 74.749773 -41.048666 -0.319882,
74.727404 -41.092566 -0.319882, 74.692565 -41.127406 -0.319882,
74.648664 -41.149774 -0.319882, 74.6 -41.157482 -0.319882,
74.551336 -41.149774 -0.319882, 74.507435 -41.127406 -0.319882,
74.472596 -41.092566 -0.319882, 74.450227 -41.048666 -0.319882,
74.44252 -41.000002 -0.319882, 74.450227 -40.951337 -0.319882,
74.472596 -40.907437 -0.319882, 74.507435 -40.872597 -0.319882,
74.551336 -40.850229 -0.319882, 73.982677 -41.325984 -0.319882,
73.97497 -41.374648 -0.319882, 73.952601 -41.418549 -0.319882,
73.917761 -41.453389 -0.319882, 73.873861 -41.475757 -0.319882,
73.825197 -41.483465 -0.319882, 73.776533 -41.475757 -0.319882,
73.732632 -41.453389 -0.319882, 73.697793 -41.418549 -0.319882,
73.675424 -41.374648 -0.319882, 73.667717 -41.325984 -0.319882,
73.675424 -41.27732 -0.319882, 73.697793 -41.23342 -0.319882,
73.732632 -41.19858 -0.319882, 73.776533 -41.176211 -0.319882,
73.825197 -41.168504 -0.319882, 73.873861 -41.176211 -0.319882,
73.917761 -41.19858 -0.319882, 73.952601 -41.23342 -0.319882,
73.97497 -41.27732 -0.319882, 69.775939 -39.151336 -0.319882,
69.81984 -39.128967 -0.319882, 69.868504 -39.12126 -0.319882,
69.917168 -39.128967 -0.319882, 69.961069 -39.151336 -0.319882,
69.995908 -39.186176 -0.319882, 70.018277 -39.230076 -0.319882,
70.025984 -39.27874 -0.319882, 70.018277 -39.327404 -0.319882,
69.995908 -39.371305 -0.319882, 69.961069 -39.406144 -0.319882,
69.917168 -39.428513 -0.319882, 69.868504 -39.43622 -0.319882,
69.81984 -39.428513 -0.319882, 69.775939 -39.406144 -0.319882,
69.7411 -39.371305 -0.319882, 69.718731 -39.327404 -0.319882,
69.711024 -39.27874 -0.319882, 69.718731 -39.230076 -0.319882,
69.7411 -39.186176 -0.319882, 50.4 -24.2 -0.319882,
50.4 -34.731496 -0.319882, 50.4 -39.948031 -0.319882,
50.4 -41.030709 -0.319882, 50.4 -41.325984 -0.319882,
50.4 -55.696063 -0.319882, 89.770079 -55.696063 -0.319882,
89.770079 -24.2 -0.319882, 69.435433 -34.731496 -0.319882,
69.443141 -34.682832 -0.319882, 69.465509 -34.638931 -0.319882,
69.500349 -34.604092 -0.319882, 69.544249 -34.581723 -0.319882,
69.592913 -34.574016 -0.319882, 69.641578 -34.581723 -0.319882,
69.685478 -34.604092 -0.319882, 69.720318 -34.638931 -0.319882,
69.742686 -34.682832 -0.319882, 69.750394 -34.731496 -0.319882,
69.742686 -34.78016 -0.319882, 69.720318 -34.824061 -0.319882,
69.685478 -34.8589 -0.319882, 69.641578 -34.881269 -0.319882,
69.592913 -34.888976 -0.319882, 69.544249 -34.881269 -0.319882,
69.500349 -34.8589 -0.319882, 69.465509 -34.824061 -0.319882,
69.443141 -34.78016 -0.319882, 66.541732 -36.011024 -0.319882,
66.541732 -37.509055 -0.319882, 66.541732 -38.009055 -0.319882,
66.541732 -38.509055 -0.319882, 66.541732 -39.009055 -0.319882,
66.541732 -39.27874 -0.319882, 66.541732 -39.948031 -0.319882,
66.534167 -40.024839 -0.319882, 66.511764 -40.098694 -0.319882,
66.475382 -40.16676 -0.319882, 66.42642 -40.22642 -0.319882,
66.36676 -40.275382 -0.319882, 66.298694 -40.311764 -0.319882,
66.224839 -40.334167 -0.319882, 66.148031 -40.341732 -0.319882,
62.211024 -40.341732 -0.319882, 62.134217 -40.334167 -0.319882,
62.060361 -40.311764 -0.319882, 61.992295 -40.275382 -0.319882,
61.932635 -40.22642 -0.319882, 61.883673 -40.16676 -0.319882,
61.847291 -40.098694 -0.319882, 61.824888 -40.024839 -0.319882,
61.817323 -39.948031 -0.319882, 61.817323 -36.011024 -0.319882,
61.824888 -35.934217 -0.319882, 61.847291 -35.860361 -0.319882,
61.883673 -35.792295 -0.319882, 61.932635 -35.732635 -0.319882,
61.992295 -35.683673 -0.319882, 62.060361 -35.647291 -0.319882,
62.134217 -35.624888 -0.319882, 62.211024 -35.617323 -0.319882,
66.148031 -35.617323 -0.319882, 66.224839 -35.624888 -0.319882,
66.298694 -35.647291 -0.319882, 66.36676 -35.683673 -0.319882,
66.42642 -35.732635 -0.319882, 66.475382 -35.792295 -0.319882,
66.511764 -35.860361 -0.319882, 66.534167 -35.934217 -0.319882
              ]
            }
            coordIndex [
206, 202, 201, -1, 206, 201, 207, -1, 207, 201, 200, -1, 207, 200, 208, -1,
208, 200, 199, -1, 208, 199, 209, -1, 209, 199, 210, -1, 224, 223, 96, -1,
224, 96, 205, -1, 205, 96, 204, -1, 205, 204, 206, -1, 206, 204, 203, -1,
206, 203, 202, -1, 185, 96, 165, -1, 185, 165, 186, -1, 186, 165, 184, -1,
186, 184, 187, -1, 187, 184, 183, -1, 187, 183, 188, -1, 188, 183, 182, -1,
188, 182, 189, -1, 189, 182, 181, -1, 189, 181, 190, -1, 190, 181, 180, -1,
190, 180, 191, -1, 191, 180, 179, -1, 191, 179, 192, -1, 192, 179, 178, -1,
192, 178, 193, -1, 193, 178, 177, -1, 193, 177, 194, -1, 194, 177, 176, -1,
194, 176, 271, -1, 271, 176, 175, -1, 271, 175, 156, -1, 156, 175, 157, -1,
157, 175, 174, -1, 157, 174, 158, -1, 158, 174, 173, -1, 158, 173, 159, -1,
159, 173, 172, -1, 159, 172, 160, -1, 160, 172, 171, -1, 160, 171, 161, -1,
161, 171, 170, -1, 161, 170, 162, -1, 162, 170, 169, -1, 162, 169, 163, -1,
163, 169, 168, -1, 163, 168, 164, -1, 164, 168, 167, -1, 164, 167, 145, -1,
145, 167, 166, -1, 145, 166, 96, -1, 96, 166, 165, -1, 146, 96, 95, -1,
146, 95, 147, -1, 147, 95, 94, -1, 147, 94, 148, -1, 148, 94, 93, -1,
148, 93, 149, -1, 149, 93, 92, -1, 149, 92, 150, -1, 150, 92, 91, -1,
150, 91, 151, -1, 151, 91, 90, -1, 151, 90, 152, -1, 152, 90, 89, -1,
152, 89, 153, -1, 153, 89, 88, -1, 153, 88, 154, -1, 154, 88, 87, -1,
154, 87, 155, -1, 155, 87, 86, -1, 155, 86, 142, -1, 142, 86, 85, -1,
142, 85, 143, -1, 143, 85, 144, -1, 144, 85, 46, -1, 144, 46, 125, -1,
125, 46, 105, -1, 125, 105, 126, -1, 126, 105, 124, -1, 126, 124, 127, -1,
127, 124, 123, -1, 127, 123, 128, -1, 128, 123, 122, -1, 128, 122, 129, -1,
129, 122, 121, -1, 129, 121, 130, -1, 130, 121, 120, -1, 130, 120, 131, -1,
131, 120, 119, -1, 131, 119, 132, -1, 132, 119, 118, -1, 132, 118, 133, -1,
133, 118, 117, -1, 133, 117, 134, -1, 134, 117, 116, -1, 134, 116, 271, -1,
271, 116, 115, -1, 271, 115, 76, -1, 76, 115, 77, -1, 77, 115, 114, -1,
77, 114, 78, -1, 78, 114, 113, -1, 78, 113, 79, -1, 79, 113, 112, -1,
79, 112, 80, -1, 80, 112, 111, -1, 80, 111, 81, -1, 81, 111, 110, -1,
81, 110, 82, -1, 82, 110, 109, -1, 82, 109, 83, -1, 83, 109, 108, -1,
83, 108, 84, -1, 84, 108, 107, -1, 84, 107, 65, -1, 65, 107, 106, -1,
65, 106, 46, -1, 46, 106, 105, -1, 54, 53, 272, -1, 54, 272, 55, -1,
55, 272, 271, -1, 55, 271, 56, -1, 56, 271, 75, -1, 56, 75, 57, -1,
57, 75, 74, -1, 57, 74, 58, -1, 58, 74, 73, -1, 58, 73, 59, -1,
59, 73, 72, -1, 59, 72, 60, -1, 60, 72, 71, -1, 60, 71, 61, -1,
61, 71, 70, -1, 61, 70, 62, -1, 62, 70, 69, -1, 62, 69, 63, -1,
63, 69, 68, -1, 63, 68, 64, -1, 64, 68, 67, -1, 64, 67, 45, -1,
45, 67, 66, -1, 45, 66, 46, -1, 46, 66, 65, -1, 265, 272, 323, -1,
323, 272, 324, -1, 324, 272, 325, -1, 325, 272, 326, -1, 326, 272, 327, -1,
327, 272, 328, -1, 328, 272, 329, -1, 329, 272, 330, -1, 330, 272, 331, -1,
331, 272, 332, -1, 332, 272, 333, -1, 333, 272, 293, -1, 293, 272, 276, -1,
276, 272, 277, -1, 277, 272, 278, -1, 278, 272, 279, -1, 279, 272, 280, -1,
280, 272, 281, -1, 281, 272, 282, -1, 282, 272, 283, -1, 283, 272, 245, -1,
245, 272, 246, -1, 246, 272, 247, -1, 247, 272, 248, -1, 248, 272, 249, -1,
249, 272, 250, -1, 250, 272, 251, -1, 251, 272, 252, -1, 252, 272, 2, -1,
2, 272, 3, -1, 3, 272, 4, -1, 4, 272, 5, -1, 5, 272, 6, -1,
6, 272, 98, -1, 98, 272, 99, -1, 99, 272, 100, -1, 100, 272, 101, -1,
101, 272, 102, -1, 102, 272, 103, -1, 103, 272, 104, -1, 104, 272, 85, -1,
85, 272, 48, -1, 48, 272, 49, -1, 49, 272, 50, -1, 50, 272, 51, -1,
51, 272, 52, -1, 52, 272, 53, -1, 48, 47, 85, -1, 85, 47, 46, -1,
97, 96, 240, -1, 240, 96, 241, -1, 241, 96, 242, -1, 242, 96, 243, -1,
243, 96, 244, -1, 244, 96, 225, -1, 225, 96, 220, -1, 220, 96, 221, -1,
221, 96, 222, -1, 222, 96, 223, -1, 98, 97, 18, -1, 18, 97, 236, -1,
236, 97, 237, -1, 237, 97, 238, -1, 238, 97, 239, -1, 239, 97, 240, -1,
19, 18, 233, -1, 233, 18, 234, -1, 234, 18, 235, -1, 235, 18, 236, -1,
6, 98, 36, -1, 36, 98, 37, -1, 37, 98, 38, -1, 38, 98, 39, -1,
39, 98, 13, -1, 13, 98, 14, -1, 14, 98, 15, -1, 15, 98, 16, -1,
16, 98, 17, -1, 17, 98, 18, -1, 39, 13, 40, -1, 40, 13, 41, -1,
41, 13, 42, -1, 42, 13, 43, -1, 43, 13, 44, -1, 44, 13, 24, -1,
24, 13, 12, -1, 7, 6, 32, -1, 32, 6, 33, -1, 33, 6, 34, -1,
34, 6, 35, -1, 35, 6, 36, -1, 253, 252, 11, -1, 11, 252, 0, -1,
0, 252, 1, -1, 1, 252, 2, -1, 294, 293, 11, -1, 11, 293, 260, -1,
260, 293, 261, -1, 261, 293, 262, -1, 262, 293, 273, -1, 273, 293, 274, -1,
274, 293, 275, -1, 275, 293, 276, -1, 266, 265, 313, -1, 313, 265, 314, -1,
314, 265, 315, -1, 315, 265, 316, -1, 316, 265, 317, -1, 317, 265, 318, -1,
318, 265, 319, -1, 319, 265, 320, -1, 320, 265, 321, -1, 321, 265, 322, -1,
322, 265, 323, -1, 134, 271, 135, -1, 135, 271, 136, -1, 136, 271, 137, -1,
137, 271, 138, -1, 138, 271, 139, -1, 139, 271, 140, -1, 140, 271, 141, -1,
141, 271, 142, -1, 142, 271, 155, -1, 155, 271, 156, -1, 194, 271, 195, -1,
195, 271, 196, -1, 196, 271, 197, -1, 197, 271, 198, -1, 198, 271, 199, -1,
199, 271, 210, -1, 210, 271, 211, -1, 211, 271, 212, -1, 212, 271, 213, -1,
213, 271, 214, -1, 214, 271, 215, -1, 215, 271, 216, -1, 216, 271, 217, -1,
217, 271, 225, -1, 225, 271, 226, -1, 226, 271, 227, -1, 227, 271, 228, -1,
228, 271, 229, -1, 229, 271, 230, -1, 230, 271, 231, -1, 231, 271, 232, -1,
232, 271, 24, -1, 24, 271, 25, -1, 25, 271, 26, -1, 26, 271, 27, -1,
27, 271, 28, -1, 28, 271, 29, -1, 29, 271, 30, -1, 30, 271, 31, -1,
31, 271, 295, -1, 295, 271, 296, -1, 296, 271, 297, -1, 297, 271, 298, -1,
298, 271, 299, -1, 299, 271, 300, -1, 300, 271, 301, -1, 301, 271, 302, -1,
302, 271, 303, -1, 303, 271, 304, -1, 304, 271, 305, -1, 305, 271, 306, -1,
306, 271, 307, -1, 307, 271, 308, -1, 308, 271, 309, -1, 309, 271, 310, -1,
310, 271, 311, -1, 311, 271, 266, -1, 266, 271, 267, -1, 267, 271, 268, -1,
268, 271, 269, -1, 269, 271, 270, -1, 217, 225, 218, -1, 218, 225, 219, -1,
219, 225, 220, -1, 20, 19, 233, -1, 20, 233, 21, -1, 21, 233, 232, -1,
21, 232, 22, -1, 22, 232, 24, -1, 22, 24, 23, -1, 23, 24, 12, -1,
294, 11, 10, -1, 294, 10, 31, -1, 31, 10, 9, -1, 31, 9, 32, -1,
32, 9, 8, -1, 32, 8, 7, -1, 253, 11, 254, -1, 254, 11, 255, -1,
255, 11, 256, -1, 256, 11, 257, -1, 257, 11, 258, -1, 258, 11, 259, -1,
259, 11, 260, -1, 263, 262, 285, -1, 285, 262, 286, -1, 286, 262, 287, -1,
287, 262, 288, -1, 288, 262, 289, -1, 289, 262, 290, -1, 290, 262, 291, -1,
291, 262, 292, -1, 292, 262, 273, -1, 311, 266, 312, -1, 312, 266, 313, -1,
285, 284, 264, -1, 264, 284, 245, -1, 245, 284, 283, -1, 263, 285, 264, -1,
31, 295, 294, -1, 271, 76, 75, -1, 204, 96, 185, -1, 145, 96, 146, -1
            ]
          }
        }
      ]
    }
  ]
}
Transform {
  children [
    Group {
      children [
        Shape {
          appearance Appearance {
            material Material {
              diffuseColor 0.5 0.5 0.5
              specularColor 0.8 0.8 0.8
              emissiveColor 0 0 0
              ambientIntensity 0.7
              transparency 0
              shininess 0.7
            }
          }
          geometry IndexedFaceSet {
            solid TRUE
            coord Coordinate {
              point [
69.671654 -34.731496 0.319882, 69.670141 -34.716135 0.319882,
69.66566 -34.701364 0.319882, 69.658383 -34.68775 0.319882,
69.648591 -34.675818 0.319882, 69.636659 -34.666026 0.319882,
69.623046 -34.65875 0.319882, 69.608275 -34.654269 0.319882,
69.592913 -34.652756 0.319882, 69.577552 -34.654269 0.319882,
69.562781 -34.65875 0.319882, 69.549168 -34.666026 0.319882,
69.537236 -34.675818 0.319882, 69.527443 -34.68775 0.319882,
69.520167 -34.701364 0.319882, 69.515686 -34.716135 0.319882,
69.514173 -34.731496 0.319882, 69.515686 -34.746858 0.319882,
69.520167 -34.761629 0.319882, 69.527443 -34.775242 0.319882,
69.537236 -34.787174 0.319882, 69.549168 -34.796966 0.319882,
69.562781 -34.804242 0.319882, 69.577552 -34.808723 0.319882,
69.592913 -34.810236 0.319882, 69.608275 -34.808723 0.319882,
69.623046 -34.804242 0.319882, 69.636659 -34.796966 0.319882,
69.648591 -34.787174 0.319882, 69.658383 -34.775242 0.319882,
69.66566 -34.761629 0.319882, 69.670141 -34.746858 0.319882,
69.947244 -39.27874 0.319882, 69.945731 -39.263379 0.319882,
69.94125 -39.248608 0.319882, 69.933974 -39.234994 0.319882,
69.924182 -39.223062 0.319882, 69.91225 -39.21327 0.319882,
69.898636 -39.205994 0.319882, 69.883865 -39.201513 0.319882,
69.868504 -39.2 0.319882, 69.853142 -39.201513 0.319882,
69.838371 -39.205994 0.319882, 69.824758 -39.21327 0.319882,
69.812826 -39.223062 0.319882, 69.803034 -39.234994 0.319882,
69.795758 -39.248608 0.319882, 69.791277 -39.263379 0.319882,
69.789764 -39.27874 0.319882, 69.791277 -39.294102 0.319882,
69.795758 -39.308873 0.319882, 69.803034 -39.322486 0.319882,
69.812826 -39.334418 0.319882, 69.824758 -39.34421 0.319882,
69.838371 -39.351487 0.319882, 69.853142 -39.355967 0.319882,
69.868504 -39.35748 0.319882, 69.883865 -39.355967 0.319882,
69.898636 -39.351487 0.319882, 69.91225 -39.34421 0.319882,
69.924182 -39.334418 0.319882, 69.933974 -39.322486 0.319882,
69.94125 -39.308873 0.319882, 69.945731 -39.294102 0.319882,
74.67874 -41.000002 0.319882, 74.677227 -40.98464 0.319882,
74.672746 -40.969869 0.319882, 74.66547 -40.956256 0.319882,
74.655678 -40.944324 0.319882, 74.643746 -40.934532 0.319882,
74.630133 -40.927255 0.319882, 74.615361 -40.922774 0.319882,
74.6 -40.921261 0.319882, 74.584639 -40.922774 0.319882,
74.569867 -40.927255 0.319882, 74.556254 -40.934532 0.319882,
74.544322 -40.944324 0.319882, 74.53453 -40.956256 0.319882,
74.527254 -40.969869 0.319882, 74.522773 -40.98464 0.319882,
74.52126 -41.000002 0.319882, 74.522773 -41.015363 0.319882,
74.527254 -41.030134 0.319882, 74.53453 -41.043747 0.319882,
74.544322 -41.055679 0.319882, 74.556254 -41.065472 0.319882,
74.569867 -41.072748 0.319882, 74.584639 -41.077229 0.319882,
74.6 -41.078742 0.319882, 74.615361 -41.077229 0.319882,
74.630133 -41.072748 0.319882, 74.643746 -41.065472 0.319882,
74.655678 -41.055679 0.319882, 74.66547 -41.043747 0.319882,
74.672746 -41.030134 0.319882, 74.677227 -41.015363 0.319882,
72.270079 -39.948031 0.319882, 72.26858 -39.940498 0.319882,
72.264313 -39.934112 0.319882, 72.257927 -39.929845 0.319882,
72.250394 -39.928346 0.319882, 72.242861 -39.929845 0.319882,
72.236474 -39.934112 0.319882, 72.232207 -39.940498 0.319882,
72.230709 -39.948031 0.319882, 72.232207 -39.955565 0.319882,
72.236474 -39.961951 0.319882, 72.242861 -39.966218 0.319882,
72.250394 -39.967717 0.319882, 72.257927 -39.966218 0.319882,
72.264313 -39.961951 0.319882, 72.26858 -39.955565 0.319882,
70.4 -40.341732 0.319882, 70.398502 -40.334199 0.319882,
70.394234 -40.327813 0.319882, 70.387848 -40.323546 0.319882,
70.380315 -40.322047 0.319882, 70.372782 -40.323546 0.319882,
70.366396 -40.327813 0.319882, 70.362128 -40.334199 0.319882,
70.36063 -40.341732 0.319882, 70.362128 -40.349265 0.319882,
70.366396 -40.355652 0.319882, 70.372782 -40.359919 0.319882,
70.380315 -40.361417 0.319882, 70.387848 -40.359919 0.319882,
70.394234 -40.355652 0.319882, 70.398502 -40.349265 0.319882,
73.903937 -41.325984 0.319882, 73.902424 -41.310623 0.319882,
73.897943 -41.295852 0.319882, 73.890667 -41.282239 0.319882,
73.880875 -41.270307 0.319882, 73.868943 -41.260514 0.319882,
73.855329 -41.253238 0.319882, 73.840558 -41.248757 0.319882,
73.825197 -41.247244 0.319882, 73.809835 -41.248757 0.319882,
73.795064 -41.253238 0.319882, 73.781451 -41.260514 0.319882,
73.769519 -41.270307 0.319882, 73.759727 -41.282239 0.319882,
73.75245 -41.295852 0.319882, 73.74797 -41.310623 0.319882,
73.746457 -41.325984 0.319882, 73.74797 -41.341346 0.319882,
73.75245 -41.356117 0.319882, 73.759727 -41.36973 0.319882,
73.769519 -41.381662 0.319882, 73.781451 -41.391454 0.319882,
73.795064 -41.398731 0.319882, 73.809835 -41.403211 0.319882,
73.825197 -41.404724 0.319882, 73.840558 -41.403211 0.319882,
73.855329 -41.398731 0.319882, 73.868943 -41.391454 0.319882,
73.880875 -41.381662 0.319882, 73.890667 -41.36973 0.319882,
73.897943 -41.356117 0.319882, 73.902424 -41.341346 0.319882,
71.344882 -41.030709 0.319882, 71.343369 -41.015347 0.319882,
71.338888 -41.000576 0.319882, 71.331612 -40.986963 0.319882,
71.321819 -40.975031 0.319882, 71.309887 -40.965239 0.319882,
71.296274 -40.957962 0.319882, 71.281503 -40.953481 0.319882,
71.266142 -40.951969 0.319882, 71.25078 -40.953481 0.319882,
71.236009 -40.957962 0.319882, 71.222396 -40.965239 0.319882,
71.210464 -40.975031 0.319882, 71.200672 -40.986963 0.319882,
71.193395 -41.000576 0.319882, 71.188915 -41.015347 0.319882,
71.187402 -41.030709 0.319882, 71.188915 -41.04607 0.319882,
71.193395 -41.060841 0.319882, 71.200672 -41.074454 0.319882,
71.210464 -41.086386 0.319882, 71.222396 -41.096179 0.319882,
71.236009 -41.103455 0.319882, 71.25078 -41.107936 0.319882,
71.266142 -41.109449 0.319882, 71.281503 -41.107936 0.319882,
71.296274 -41.103455 0.319882, 71.309887 -41.096179 0.319882,
71.321819 -41.086386 0.319882, 71.331612 -41.074454 0.319882,
71.338888 -41.060841 0.319882, 71.343369 -41.04607 0.319882,
69.671654 -34.731496 -0.319882, 69.670141 -34.716135 -0.319882,
69.66566 -34.701364 -0.319882, 69.658383 -34.68775 -0.319882,
69.648591 -34.675818 -0.319882, 69.636659 -34.666026 -0.319882,
69.623046 -34.65875 -0.319882, 69.608275 -34.654269 -0.319882,
69.592913 -34.652756 -0.319882, 69.577552 -34.654269 -0.319882,
69.562781 -34.65875 -0.319882, 69.549168 -34.666026 -0.319882,
69.537236 -34.675818 -0.319882, 69.527443 -34.68775 -0.319882,
69.520167 -34.701364 -0.319882, 69.515686 -34.716135 -0.319882,
69.514173 -34.731496 -0.319882, 69.515686 -34.746858 -0.319882,
69.520167 -34.761629 -0.319882, 69.527443 -34.775242 -0.319882,
69.537236 -34.787174 -0.319882, 69.549168 -34.796966 -0.319882,
69.562781 -34.804242 -0.319882, 69.577552 -34.808723 -0.319882,
69.592913 -34.810236 -0.319882, 69.608275 -34.808723 -0.319882,
69.623046 -34.804242 -0.319882, 69.636659 -34.796966 -0.319882,
69.648591 -34.787174 -0.319882, 69.658383 -34.775242 -0.319882,
69.66566 -34.761629 -0.319882, 69.670141 -34.746858 -0.319882,
69.947244 -39.27874 -0.319882, 69.945731 -39.263379 -0.319882,
69.94125 -39.248608 -0.319882, 69.933974 -39.234994 -0.319882,
69.924182 -39.223062 -0.319882, 69.91225 -39.21327 -0.319882,
69.898636 -39.205994 -0.319882, 69.883865 -39.201513 -0.319882,
69.868504 -39.2 -0.319882, 69.853142 -39.201513 -0.319882,
69.838371 -39.205994 -0.319882, 69.824758 -39.21327 -0.319882,
69.812826 -39.223062 -0.319882, 69.803034 -39.234994 -0.319882,
69.795758 -39.248608 -0.319882, 69.791277 -39.263379 -0.319882,
69.789764 -39.27874 -0.319882, 69.791277 -39.294102 -0.319882,
69.795758 -39.308873 -0.319882, 69.803034 -39.322486 -0.319882,
69.812826 -39.334418 -0.319882, 69.824758 -39.34421 -0.319882,
69.838371 -39.351487 -0.319882, 69.853142 -39.355967 -0.319882,
69.868504 -39.35748 -0.319882, 69.883865 -39.355967 -0.319882,
69.898636 -39.351487 -0.319882, 69.91225 -39.34421 -0.319882,
69.924182 -39.334418 -0.319882, 69.933974 -39.322486 -0.319882,
69.94125 -39.308873 -0.319882, 69.945731 -39.294102 -0.319882,
74.67874 -41.000002 -0.319882, 74.677227 -40.98464 -0.319882,
74.672746 -40.969869 -0.319882, 74.66547 -40.956256 -0.319882,
74.655678 -40.944324 -0.319882, 74.643746 -40.934532 -0.319882,
74.630133 -40.927255 -0.319882, 74.615361 -40.922774 -0.319882,
74.6 -40.921261 -0.319882, 74.584639 -40.922774 -0.319882,
74.569867 -40.927255 -0.319882, 74.556254 -40.934532 -0.319882,
74.544322 -40.944324 -0.319882, 74.53453 -40.956256 -0.319882,
74.527254 -40.969869 -0.319882, 74.522773 -40.98464 -0.319882,
74.52126 -41.000002 -0.319882, 74.522773 -41.015363 -0.319882,
74.527254 -41.030134 -0.319882, 74.53453 -41.043747 -0.319882,
74.544322 -41.055679 -0.319882, 74.556254 -41.065472 -0.319882,
74.569867 -41.072748 -0.319882, 74.584639 -41.077229 -0.319882,
74.6 -41.078742 -0.319882, 74.615361 -41.077229 -0.319882,
74.630133 -41.072748 -0.319882, 74.643746 -41.065472 -0.319882,
74.655678 -41.055679 -0.319882, 74.66547 -41.043747 -0.319882,
74.672746 -41.030134 -0.319882, 74.677227 -41.015363 -0.319882,
72.270079 -39.948031 -0.319882, 72.26858 -39.940498 -0.319882,
72.264313 -39.934112 -0.319882, 72.257927 -39.929845 -0.319882,
72.250394 -39.928346 -0.319882, 72.242861 -39.929845 -0.319882,
72.236474 -39.934112 -0.319882, 72.232207 -39.940498 -0.319882,
72.230709 -39.948031 -0.319882, 72.232207 -39.955565 -0.319882,
72.236474 -39.961951 -0.319882, 72.242861 -39.966218 -0.319882,
72.250394 -39.967717 -0.319882, 72.257927 -39.966218 -0.319882,
72.264313 -39.961951 -0.319882, 72.26858 -39.955565 -0.319882,
70.4 -40.341732 -0.319882, 70.398502 -40.334199 -0.319882,
70.394234 -40.327813 -0.319882, 70.387848 -40.323546 -0.319882,
70.380315 -40.322047 -0.319882, 70.372782 -40.323546 -0.319882,
70.366396 -40.327813 -0.319882, 70.362128 -40.334199 -0.319882,
70.36063 -40.341732 -0.319882, 70.362128 -40.349265 -0.319882,
70.366396 -40.355652 -0.319882, 70.372782 -40.359919 -0.319882,
70.380315 -40.361417 -0.319882, 70.387848 -40.359919 -0.319882,
70.394234 -40.355652 -0.319882, 70.398502 -40.349265 -0.319882,
73.903937 -41.325984 -0.319882, 73.902424 -41.310623 -0.319882,
73.897943 -41.295852 -0.319882, 73.890667 -41.282239 -0.319882,
73.880875 -41.270307 -0.319882, 73.868943 -41.260514 -0.319882,
73.855329 -41.253238 -0.319882, 73.840558 -41.248757 -0.319882,
73.825197 -41.247244 -0.319882, 73.809835 -41.248757 -0.319882,
73.795064 -41.253238 -0.319882, 73.781451 -41.260514 -0.319882,
73.769519 -41.270307 -0.319882, 73.759727 -41.282239 -0.319882,
73.75245 -41.295852 -0.319882, 73.74797 -41.310623 -0.319882,
73.746457 -41.325984 -0.319882, 73.74797 -41.341346 -0.319882,
73.75245 -41.356117 -0.319882, 73.759727 -41.36973 -0.319882,
73.769519 -41.381662 -0.319882, 73.781451 -41.391454 -0.319882,
73.795064 -41.398731 -0.319882, 73.809835 -41.403211 -0.319882,
73.825197 -41.404724 -0.319882, 73.840558 -41.403211 -0.319882,
73.855329 -41.398731 -0.319882, 73.868943 -41.391454 -0.319882,
73.880875 -41.381662 -0.319882, 73.890667 -41.36973 -0.319882,
73.897943 -41.356117 -0.319882, 73.902424 -41.341346 -0.319882,
71.344882 -41.030709 -0.319882, 71.343369 -41.015347 -0.319882,
71.338888 -41.000576 -0.319882, 71.331612 -40.986963 -0.319882,
71.321819 -40.975031 -0.319882, 71.309887 -40.965239 -0.319882,
71.296274 -40.957962 -0.319882, 71.281503 -40.953481 -0.319882,
71.266142 -40.951969 -0.319882, 71.25078 -40.953481 -0.319882,
71.236009 -40.957962 -0.319882, 71.222396 -40.965239 -0.319882,
71.210464 -40.975031 -0.319882, 71.200672 -40.986963 -0.319882,
71.193395 -41.000576 -0.319882, 71.188915 -41.015347 -0.319882,
71.187402 -41.030709 -0.319882, 71.188915 -41.04607 -0.319882,
71.193395 -41.060841 -0.319882, 71.200672 -41.074454 -0.319882,
71.210464 -41.086386 -0.319882, 71.222396 -41.096179 -0.319882,
71.236009 -41.103455 -0.319882, 71.25078 -41.107936 -0.319882,
71.266142 -41.109449 -0.319882, 71.281503 -41.107936 -0.319882,
71.296274 -41.103455 -0.319882, 71.309887 -41.096179 -0.319882,
71.321819 -41.086386 -0.319882, 71.331612 -41.074454 -0.319882,
71.338888 -41.060841 -0.319882, 71.343369 -41.04607 -0.319882
              ]
            }
            coordIndex [
 
1, 193, 0, -1, 193, 192, 0, -1, 2, 194, 1, -1, 194, 193, 1, -1,
3, 195, 2, -1, 195, 194, 2, -1, 4, 196, 3, -1, 196, 195, 3, -1,
5, 197, 4, -1, 197, 196, 4, -1, 6, 198, 5, -1, 198, 197, 5, -1,
7, 199, 6, -1, 199, 198, 6, -1, 8, 200, 7, -1, 200, 199, 7, -1,
9, 201, 8, -1, 201, 200, 8, -1, 10, 202, 9, -1, 202, 201, 9, -1,
11, 203, 10, -1, 203, 202, 10, -1, 12, 204, 11, -1, 204, 203, 11, -1,
13, 205, 12, -1, 205, 204, 12, -1, 14, 206, 13, -1, 206, 205, 13, -1,
15, 207, 14, -1, 207, 206, 14, -1, 16, 208, 15, -1, 208, 207, 15, -1,
17, 209, 16, -1, 209, 208, 16, -1, 18, 210, 17, -1, 210, 209, 17, -1,
19, 211, 18, -1, 211, 210, 18, -1, 20, 212, 19, -1, 212, 211, 19, -1,
21, 213, 20, -1, 213, 212, 20, -1, 22, 214, 21, -1, 214, 213, 21, -1,
23, 215, 22, -1, 215, 214, 22, -1, 24, 216, 23, -1, 216, 215, 23, -1,
25, 217, 24, -1, 217, 216, 24, -1, 26, 218, 25, -1, 218, 217, 25, -1,
27, 219, 26, -1, 219, 218, 26, -1, 28, 220, 27, -1, 220, 219, 27, -1,
29, 221, 28, -1, 221, 220, 28, -1, 30, 222, 29, -1, 222, 221, 29, -1,
31, 223, 30, -1, 223, 222, 30, -1, 0, 192, 31, -1, 192, 223, 31, -1,
33, 225, 32, -1, 225, 224, 32, -1, 34, 226, 33, -1, 226, 225, 33, -1,
35, 227, 34, -1, 227, 226, 34, -1, 36, 228, 35, -1, 228, 227, 35, -1,
37, 229, 36, -1, 229, 228, 36, -1, 38, 230, 37, -1, 230, 229, 37, -1,
39, 231, 38, -1, 231, 230, 38, -1, 40, 232, 39, -1, 232, 231, 39, -1,
41, 233, 40, -1, 233, 232, 40, -1, 42, 234, 41, -1, 234, 233, 41, -1,
43, 235, 42, -1, 235, 234, 42, -1, 44, 236, 43, -1, 236, 235, 43, -1,
45, 237, 44, -1, 237, 236, 44, -1, 46, 238, 45, -1, 238, 237, 45, -1,
47, 239, 46, -1, 239, 238, 46, -1, 48, 240, 47, -1, 240, 239, 47, -1,
49, 241, 48, -1, 241, 240, 48, -1, 50, 242, 49, -1, 242, 241, 49, -1,
51, 243, 50, -1, 243, 242, 50, -1, 52, 244, 51, -1, 244, 243, 51, -1,
53, 245, 52, -1, 245, 244, 52, -1, 54, 246, 53, -1, 246, 245, 53, -1,
55, 247, 54, -1, 247, 246, 54, -1, 56, 248, 55, -1, 248, 247, 55, -1,
57, 249, 56, -1, 249, 248, 56, -1, 58, 250, 57, -1, 250, 249, 57, -1,
59, 251, 58, -1, 251, 250, 58, -1, 60, 252, 59, -1, 252, 251, 59, -1,
61, 253, 60, -1, 253, 252, 60, -1, 62, 254, 61, -1, 254, 253, 61, -1,
63, 255, 62, -1, 255, 254, 62, -1, 32, 224, 63, -1, 224, 255, 63, -1,
65, 257, 64, -1, 257, 256, 64, -1, 66, 258, 65, -1, 258, 257, 65, -1,
67, 259, 66, -1, 259, 258, 66, -1, 68, 260, 67, -1, 260, 259, 67, -1,
69, 261, 68, -1, 261, 260, 68, -1, 70, 262, 69, -1, 262, 261, 69, -1,
71, 263, 70, -1, 263, 262, 70, -1, 72, 264, 71, -1, 264, 263, 71, -1,
73, 265, 72, -1, 265, 264, 72, -1, 74, 266, 73, -1, 266, 265, 73, -1,
75, 267, 74, -1, 267, 266, 74, -1, 76, 268, 75, -1, 268, 267, 75, -1,
77, 269, 76, -1, 269, 268, 76, -1, 78, 270, 77, -1, 270, 269, 77, -1,
79, 271, 78, -1, 271, 270, 78, -1, 80, 272, 79, -1, 272, 271, 79, -1,
81, 273, 80, -1, 273, 272, 80, -1, 82, 274, 81, -1, 274, 273, 81, -1,
83, 275, 82, -1, 275, 274, 82, -1, 84, 276, 83, -1, 276, 275, 83, -1,
85, 277, 84, -1, 277, 276, 84, -1, 86, 278, 85, -1, 278, 277, 85, -1,
87, 279, 86, -1, 279, 278, 86, -1, 88, 280, 87, -1, 280, 279, 87, -1,
89, 281, 88, -1, 281, 280, 88, -1, 90, 282, 89, -1, 282, 281, 89, -1,
91, 283, 90, -1, 283, 282, 90, -1, 92, 284, 91, -1, 284, 283, 91, -1,
93, 285, 92, -1, 285, 284, 92, -1, 94, 286, 93, -1, 286, 285, 93, -1,
95, 287, 94, -1, 287, 286, 94, -1, 64, 256, 95, -1, 256, 287, 95, -1,
97, 289, 96, -1, 289, 288, 96, -1, 98, 290, 97, -1, 290, 289, 97, -1,
99, 291, 98, -1, 291, 290, 98, -1, 100, 292, 99, -1, 292, 291, 99, -1,
101, 293, 100, -1, 293, 292, 100, -1, 102, 294, 101, -1, 294, 293, 101, -1,
103, 295, 102, -1, 295, 294, 102, -1, 104, 296, 103, -1, 296, 295, 103, -1,
105, 297, 104, -1, 297, 296, 104, -1, 106, 298, 105, -1, 298, 297, 105, -1,
107, 299, 106, -1, 299, 298, 106, -1, 108, 300, 107, -1, 300, 299, 107, -1,
109, 301, 108, -1, 301, 300, 108, -1, 110, 302, 109, -1, 302, 301, 109, -1,
111, 303, 110, -1, 303, 302, 110, -1, 96, 288, 111, -1, 288, 303, 111, -1,
113, 305, 112, -1, 305, 304, 112, -1, 114, 306, 113, -1, 306, 305, 113, -1,
115, 307, 114, -1, 307, 306, 114, -1, 116, 308, 115, -1, 308, 307, 115, -1,
117, 309, 116, -1, 309, 308, 116, -1, 118, 310, 117, -1, 310, 309, 117, -1,
119, 311, 118, -1, 311, 310, 118, -1, 120, 312, 119, -1, 312, 311, 119, -1,
121, 313, 120, -1, 313, 312, 120, -1, 122, 314, 121, -1, 314, 313, 121, -1,
123, 315, 122, -1, 315, 314, 122, -1, 124, 316, 123, -1, 316, 315, 123, -1,
125, 317, 124, -1, 317, 316, 124, -1, 126, 318, 125, -1, 318, 317, 125, -1,
127, 319, 126, -1, 319, 318, 126, -1, 112, 304, 127, -1, 304, 319, 127, -1,
129, 321, 128, -1, 321, 320, 128, -1, 130, 322, 129, -1, 322, 321, 129, -1,
131, 323, 130, -1, 323, 322, 130, -1, 132, 324, 131, -1, 324, 323, 131, -1,
133, 325, 132, -1, 325, 324, 132, -1, 134, 326, 133, -1, 326, 325, 133, -1,
135, 327, 134, -1, 327, 326, 134, -1, 136, 328, 135, -1, 328, 327, 135, -1,
137, 329, 136, -1, 329, 328, 136, -1, 138, 330, 137, -1, 330, 329, 137, -1,
139, 331, 138, -1, 331, 330, 138, -1, 140, 332, 139, -1, 332, 331, 139, -1,
141, 333, 140, -1, 333, 332, 140, -1, 142, 334, 141, -1, 334, 333, 141, -1,
143, 335, 142, -1, 335, 334, 142, -1, 144, 336, 143, -1, 336, 335, 143, -1,
145, 337, 144, -1, 337, 336, 144, -1, 146, 338, 145, -1, 338, 337, 145, -1,
147, 339, 146, -1, 339, 338, 146, -1, 148, 340, 147, -1, 340, 339, 147, -1,
149, 341, 148, -1, 341, 340, 148, -1, 150, 342, 149, -1, 342, 341, 149, -1,
151, 343, 150, -1, 343, 342, 150, -1, 152, 344, 151, -1, 344, 343, 151, -1,
153, 345, 152, -1, 345, 344, 152, -1, 154, 346, 153, -1, 346, 345, 153, -1,
155, 347, 154, -1, 347, 346, 154, -1, 156, 348, 155, -1, 348, 347, 155, -1,
157, 349, 156, -1, 349, 348, 156, -1, 158, 350, 157, -1, 350, 349, 157, -1,
159, 351, 158, -1, 351, 350, 158, -1, 128, 320, 159, -1, 320, 351, 159, -1,
161, 353, 160, -1, 353, 352, 160, -1, 162, 354, 161, -1, 354, 353, 161, -1,
163, 355, 162, -1, 355, 354, 162, -1, 164, 356, 163, -1, 356, 355, 163, -1,
165, 357, 164, -1, 357, 356, 164, -1, 166, 358, 165, -1, 358, 357, 165, -1,
167, 359, 166, -1, 359, 358, 166, -1, 168, 360, 167, -1, 360, 359, 167, -1,
169, 361, 168, -1, 361, 360, 168, -1, 170, 362, 169, -1, 362, 361, 169, -1,
171, 363, 170, -1, 363, 362, 170, -1, 172, 364, 171, -1, 364, 363, 171, -1,
173, 365, 172, -1, 365, 364, 172, -1, 174, 366, 173, -1, 366, 365, 173, -1,
175, 367, 174, -1, 367, 366, 174, -1, 176, 368, 175, -1, 368, 367, 175, -1,
177, 369, 176, -1, 369, 368, 176, -1, 178, 370, 177, -1, 370, 369, 177, -1,
179, 371, 178, -1, 371, 370, 178, -1, 180, 372, 179, -1, 372, 371, 179, -1,
181, 373, 180, -1, 373, 372, 180, -1, 182, 374, 181, -1, 374, 373, 181, -1,
183, 375, 182, -1, 375, 374, 182, -1, 184, 376, 183, -1, 376, 375, 183, -1,
185, 377, 184, -1, 377, 376, 184, -1, 186, 378, 185, -1, 378, 377, 185, -1,
187, 379, 186, -1, 379, 378, 186, -1, 188, 380, 187, -1, 380, 379, 187, -1,
189, 381, 188, -1, 381, 380, 188, -1, 190, 382, 189, -1, 382, 381, 189, -1,
191, 383, 190, -1, 383, 382, 190, -1, 160, 352, 191, -1, 352, 383, 191, -1
            ]
          }
        }
      ]
    }
  ]
}
Transform {
  children [
    Group {
      children [
        Shape {
          appearance Appearance {
            material Material {
              diffuseColor 0.94 0.94 0.94
              specularColor 0.946 0.946 0.946
              emissiveColor 0 0 0
              ambientIntensity 0.7
              transparency 0
              shininess 0.02
            }
          }
          geometry IndexedFaceSet {
            solid TRUE
            coord Coordinate {
              point [
72.166526 -33.967493 0.344488, 72.186417 -33.963985 0.344488,
72.1994 -33.948513 0.344488, 72.201181 -33.938414 0.344488,
72.201181 -33.780933 0.344488, 72.194273 -33.761954 0.344488,
72.177143 -33.752063 0.344488, 72.184133 -33.751452 0.344488,
72.185634 -33.7504 0.344488, 72.186417 -33.750262 0.344488,
72.187252 -33.749267 0.344488, 72.187322 -33.749218 0.344488,
72.18859 -33.748878 0.344488, 72.189342 -33.747804 0.344488,
72.192533 -33.745569 0.344488, 72.203781 -33.73432 0.344488,
72.207023 -33.727368 0.344488, 72.211423 -33.721084 0.344488,
72.211191 -33.718429 0.344488, 72.212317 -33.716015 0.344488,
72.210331 -33.708605 0.344488, 72.209663 -33.700963 0.344488,
72.207429 -33.697772 0.344488, 72.207089 -33.696505 0.344488,
72.206015 -33.695752 0.344488, 72.203781 -33.692563 0.344488,
72.192533 -33.681314 0.344488, 72.185581 -33.678072 0.344488,
72.179296 -33.673672 0.344488, 72.177951 -33.673789 0.344488,
72.176781 -33.673114 0.344488, 72.17545 -33.673349 0.344488,
72.174227 -33.672778 0.344488, 72.166817 -33.674763 0.344488,
72.159175 -33.675432 0.344488, 72.157673 -33.676483 0.344488,
72.15689 -33.676622 0.344488, 72.156054 -33.677617 0.344488,
72.155984 -33.677666 0.344488, 72.154717 -33.678006 0.344488,
72.153965 -33.67908 0.344488, 72.150775 -33.681314 0.344488,
72.139526 -33.692562 0.344488, 72.136284 -33.699514 0.344488,
72.131883 -33.7058 0.344488, 72.132115 -33.708454 0.344488,
72.13099 -33.710868 0.344488, 72.132975 -33.718278 0.344488,
72.133644 -33.72592 0.344488, 72.135877 -33.72911 0.344488,
72.136217 -33.730378 0.344488, 72.137291 -33.73113 0.344488,
72.139526 -33.734321 0.344488, 72.150774 -33.74557 0.344488,
72.157726 -33.748811 0.344488, 72.164012 -33.753212 0.344488,
72.165356 -33.753094 0.344488, 72.166384 -33.753687 0.344488,
72.15689 -33.755362 0.344488, 72.143907 -33.770834 0.344488,
72.142126 -33.780933 0.344488, 72.142126 -33.938414 0.344488,
72.149034 -33.957394 0.344488, 72.36173 -33.753187 0.344488,
72.351631 -33.751406 0.344488, 72.317885 -33.751406 0.344488,
72.316226 -33.752009 0.344488, 72.314509 -33.751599 0.344488,
72.30468 -33.754523 0.344488, 72.298897 -33.757415 0.344488,
72.289267 -33.751854 0.344488, 72.269376 -33.755362 0.344488,
72.256393 -33.770834 0.344488, 72.254612 -33.780933 0.344488,
72.254612 -33.938414 0.344488, 72.26152 -33.957394 0.344488,
72.279012 -33.967493 0.344488, 72.298903 -33.963985 0.344488,
72.311886 -33.948513 0.344488, 72.313667 -33.938414 0.344488,
72.313667 -33.816055 0.344488, 72.324856 -33.810461 0.344488,
72.344661 -33.810461 0.344488, 72.352119 -33.81419 0.344488,
72.355849 -33.82165 0.344488, 72.355849 -33.938414 0.344488,
72.362757 -33.957394 0.344488, 72.380249 -33.967493 0.344488,
72.400141 -33.963985 0.344488, 72.413124 -33.948513 0.344488,
72.414904 -33.938414 0.344488, 72.414904 -33.814679 0.344488,
72.4143 -33.81302 0.344488, 72.414711 -33.811303 0.344488,
72.411787 -33.801474 0.344488, 72.400538 -33.778977 0.344488,
72.397328 -33.775937 0.344488, 72.39557 -33.771881 0.344488,
72.387333 -33.765772 0.344488, 72.364836 -33.754523 0.344488,
72.363082 -33.754321 0.344488, 72.576603 -33.751406 0.344488,
72.531608 -33.751406 0.344488, 72.52995 -33.752009 0.344488,
72.528233 -33.751599 0.344488, 72.518404 -33.754523 0.344488,
72.495906 -33.765772 0.344488, 72.495463 -33.766239 0.344488,
72.488231 -33.771303 0.344488, 72.476983 -33.782552 0.344488,
72.47671 -33.783137 0.344488, 72.471452 -33.790226 0.344488,
72.460204 -33.812723 0.344488, 72.460002 -33.814476 0.344488,
72.458867 -33.815829 0.344488, 72.457086 -33.825928 0.344488,
72.457086 -33.886448 0.344488, 72.457086 -33.893419 0.344488,
72.45769 -33.895078 0.344488, 72.45728 -33.896795 0.344488,
72.460204 -33.906624 0.344488, 72.471452 -33.929122 0.344488,
72.47192 -33.929565 0.344488, 72.476983 -33.936795 0.344488,
72.488231 -33.948044 0.344488, 72.488815 -33.948316 0.344488,
72.495906 -33.953576 0.344488, 72.518404 -33.964824 0.344488,
72.520156 -33.965026 0.344488, 72.521509 -33.966161 0.344488,
72.531608 -33.967941 0.344488, 72.568196 -33.967941 0.344488,
72.563583 -33.977166 0.344488, 72.559111 -33.981638 0.344488,
72.547135 -33.987626 0.344488, 72.52733 -33.987626 0.344488,
72.511068 -33.979495 0.344488, 72.491002 -33.977186 0.344488,
72.474146 -33.988315 0.344488, 72.468388 -34.007675 0.344488,
72.476421 -34.026207 0.344488, 72.484657 -34.032316 0.344488,
72.507155 -34.043564 0.344488, 72.508908 -34.043766 0.344488,
72.510261 -34.044901 0.344488, 72.52036 -34.046681 0.344488,
72.554106 -34.046681 0.344488, 72.555764 -34.046078 0.344488,
72.557481 -34.046488 0.344488, 72.567311 -34.043564 0.344488,
72.589808 -34.032316 0.344488, 72.59025 -34.031848 0.344488,
72.597482 -34.026784 0.344488, 72.608731 -34.015535 0.344488,
72.609003 -34.01495 0.344488, 72.614261 -34.007862 0.344488,
72.62551 -33.985365 0.344488, 72.625712 -33.983611 0.344488,
72.626847 -33.982259 0.344488, 72.628628 -33.972159 0.344488,
72.628628 -33.780933 0.344488, 72.621719 -33.761954 0.344488,
72.604228 -33.751854 0.344488, 72.589374 -33.754473 0.344488,
72.588054 -33.754321 0.344488, 72.586702 -33.753187 0.344488,
72.569572 -33.810461 0.344488, 72.569572 -33.908886 0.344488,
72.538579 -33.908886 0.344488, 72.526602 -33.902898 0.344488,
72.52213 -33.898426 0.344488, 72.516141 -33.886448 0.344488,
72.516141 -33.832898 0.344488, 72.52213 -33.820921 0.344488,
72.526602 -33.816449 0.344488, 72.538579 -33.810461 0.344488,
69.962711 -33.897697 0.344488, 69.962711 -33.889141 0.344488,
69.96644 -33.881682 0.344488, 69.9739 -33.877953 0.344488,
70.016142 -33.877953 0.344488, 70.016142 -33.908886 0.344488,
69.9739 -33.908886 0.344488, 69.96644 -33.905157 0.344488,
69.905436 -33.872072 0.344488, 69.903656 -33.882171 0.344488,
69.903656 -33.897697 0.344488, 69.903656 -33.904668 0.344488,
69.904259 -33.906327 0.344488, 69.903849 -33.908044 0.344488,
69.906773 -33.917873 0.344488, 69.918022 -33.94037 0.344488,
69.921231 -33.943409 0.344488, 69.92299 -33.947467 0.344488,
69.931227 -33.953576 0.344488, 69.953724 -33.964824 0.344488,
69.955477 -33.965026 0.344488, 69.95683 -33.966161 0.344488,
69.966929 -33.967941 0.344488, 70.023172 -33.967941 0.344488,
70.02483 -33.967337 0.344488, 70.026548 -33.967748 0.344488,
70.036075 -33.964914 0.344488, 70.040542 -33.967493 0.344488,
70.060433 -33.963985 0.344488, 70.073416 -33.948513 0.344488,
70.075197 -33.938414 0.344488, 70.075197 -33.814679 0.344488,
70.074593 -33.81302 0.344488, 70.075003 -33.811303 0.344488,
70.07208 -33.801474 0.344488, 70.060831 -33.778977 0.344488,
70.05762 -33.775937 0.344488, 70.055862 -33.771881 0.344488,
70.047626 -33.765772 0.344488, 70.025128 -33.754523 0.344488,
70.023375 -33.754321 0.344488, 70.022022 -33.753187 0.344488,
70.011923 -33.751406 0.344488, 69.966929 -33.751406 0.344488,
69.96527 -33.752009 0.344488, 69.963554 -33.751599 0.344488,
69.953724 -33.754523 0.344488, 69.931227 -33.765772 0.344488,
69.91734 -33.780439 0.344488, 69.91613 -33.8006 0.344488,
69.928162 -33.816823 0.344488, 69.947807 -33.821516 0.344488,
69.957637 -33.818592 0.344488, 69.9739 -33.810461 0.344488,
70.004953 -33.810461 0.344488, 70.012412 -33.81419 0.344488,
70.014766 -33.818898 0.344488, 69.966929 -33.818898 0.344488,
69.96527 -33.819501 0.344488, 69.963554 -33.819091 0.344488,
69.953724 -33.822015 0.344488, 69.931227 -33.833263 0.344488,
69.928187 -33.836474 0.344488, 69.924131 -33.838232 0.344488,
69.918022 -33.846469 0.344488, 69.906773 -33.868966 0.344488,
69.906571 -33.870719 0.344488, 70.261349 -33.953576 0.344488,
70.261792 -33.953107 0.344488, 70.269023 -33.948044 0.344488,
70.280272 -33.936796 0.344488, 70.280543 -33.936212 0.344488,
70.285803 -33.929122 0.344488, 70.297051 -33.906624 0.344488,
70.297253 -33.904871 0.344488, 70.298388 -33.903519 0.344488,
70.300169 -33.893419 0.344488, 70.300169 -33.825928 0.344488,
70.299565 -33.824269 0.344488, 70.299975 -33.822552 0.344488,
70.297051 -33.812723 0.344488, 70.285803 -33.790226 0.344488,
70.285335 -33.789783 0.344488, 70.280272 -33.782552 0.344488,
70.269023 -33.771303 0.344488, 70.268439 -33.771031 0.344488,
70.261349 -33.765772 0.344488, 70.238852 -33.754523 0.344488,
70.237098 -33.754321 0.344488, 70.235746 -33.753187 0.344488,
70.225646 -33.751406 0.344488, 70.187683 -33.751406 0.344488,
70.187683 -33.702193 0.344488, 70.180774 -33.683213 0.344488,
70.163283 -33.673114 0.344488, 70.143391 -33.676622 0.344488,
70.130408 -33.692094 0.344488, 70.128628 -33.702193 0.344488,
70.128628 -33.810461 0.344488, 70.128628 -33.938414 0.344488,
70.135536 -33.957394 0.344488, 70.153028 -33.967493 0.344488,
70.16788 -33.964874 0.344488, 70.1692 -33.965026 0.344488,
70.170553 -33.966161 0.344488, 70.180652 -33.967941 0.344488,
70.225646 -33.967941 0.344488, 70.227305 -33.967337 0.344488,
70.229022 -33.967748 0.344488, 70.238852 -33.964824 0.344488,
70.241113 -33.832898 0.344488, 70.241113 -33.886449 0.344488,
70.235125 -33.898426 0.344488, 70.230652 -33.902898 0.344488,
70.218676 -33.908886 0.344488, 70.187683 -33.908886 0.344488,
70.187683 -33.810461 0.344488, 70.218676 -33.810461 0.344488,
70.230652 -33.816449 0.344488, 70.235125 -33.820921 0.344488,
70.475072 -33.953576 0.344488, 70.475515 -33.953107 0.344488,
70.482746 -33.948044 0.344488, 70.493995 -33.936796 0.344488,
70.494267 -33.936212 0.344488, 70.499526 -33.929122 0.344488,
70.510774 -33.906624 0.344488, 70.510976 -33.904871 0.344488,
70.512111 -33.903519 0.344488, 70.513892 -33.893419 0.344488,
70.513892 -33.825928 0.344488, 70.513288 -33.824269 0.344488,
70.513698 -33.822552 0.344488, 70.510774 -33.812723 0.344488,
70.499526 -33.790226 0.344488, 70.499059 -33.789783 0.344488,
70.493995 -33.782552 0.344488, 70.482746 -33.771303 0.344488,
70.482163 -33.771031 0.344488, 70.475072 -33.765772 0.344488,
70.452575 -33.754523 0.344488, 70.450821 -33.754321 0.344488,
70.449469 -33.753187 0.344488, 70.43937 -33.751406 0.344488,
70.405624 -33.751406 0.344488, 70.403965 -33.752009 0.344488,
70.402248 -33.751599 0.344488, 70.392419 -33.754523 0.344488,
70.369922 -33.765772 0.344488, 70.369479 -33.766239 0.344488,
70.362247 -33.771303 0.344488, 70.350999 -33.782552 0.344488,
70.350726 -33.783137 0.344488, 70.345468 -33.790226 0.344488,
70.334219 -33.812723 0.344488, 70.334017 -33.814476 0.344488,
70.332883 -33.815829 0.344488, 70.331102 -33.825928 0.344488,
70.331102 -33.886448 0.344488, 70.331102 -33.893419 0.344488,
70.331706 -33.895078 0.344488, 70.331296 -33.896795 0.344488,
70.334219 -33.906624 0.344488, 70.345468 -33.929122 0.344488,
70.345936 -33.929565 0.344488, 70.350999 -33.936795 0.344488,
70.362247 -33.948044 0.344488, 70.36283 -33.948316 0.344488,
70.369922 -33.953576 0.344488, 70.392419 -33.964824 0.344488,
70.394172 -33.965026 0.344488, 70.395525 -33.966161 0.344488,
70.405624 -33.967941 0.344488, 70.43937 -33.967941 0.344488,
70.441028 -33.967337 0.344488, 70.442745 -33.967748 0.344488,
70.452575 -33.964824 0.344488, 70.454837 -33.832898 0.344488,
70.454837 -33.886449 0.344488, 70.448848 -33.898426 0.344488,
70.444376 -33.902898 0.344488, 70.4324 -33.908886 0.344488,
70.412594 -33.908886 0.344488, 70.400618 -33.902898 0.344488,
70.396146 -33.898426 0.344488, 70.390157 -33.886448 0.344488,
70.390157 -33.832898 0.344488, 70.396146 -33.820921 0.344488,
70.400618 -33.816449 0.344488, 70.412594 -33.810461 0.344488,
70.4324 -33.810461 0.344488, 70.444376 -33.816449 0.344488,
70.448848 -33.820921 0.344488, 70.557855 -33.770834 0.344488,
70.556074 -33.780933 0.344488, 70.556074 -33.904668 0.344488,
70.556678 -33.906326 0.344488, 70.556267 -33.908044 0.344488,
70.559191 -33.917873 0.344488, 70.57044 -33.94037 0.344488,
70.57365 -33.943409 0.344488, 70.575408 -33.947467 0.344488,
70.583645 -33.953576 0.344488, 70.606143 -33.964824 0.344488,
70.607895 -33.965026 0.344488, 70.609248 -33.966161 0.344488,
70.619347 -33.967941 0.344488, 70.653093 -33.967941 0.344488,
70.654751 -33.967337 0.344488, 70.656469 -33.967748 0.344488,
70.666298 -33.964824 0.344488, 70.672081 -33.961932 0.344488,
70.681711 -33.967493 0.344488, 70.701603 -33.963985 0.344488,
70.714586 -33.948513 0.344488, 70.716367 -33.938414 0.344488,
70.716367 -33.780933 0.344488, 70.709458 -33.761954 0.344488,
70.691967 -33.751854 0.344488, 70.672075 -33.755362 0.344488,
70.659092 -33.770834 0.344488, 70.657311 -33.780933 0.344488,
70.657311 -33.903292 0.344488, 70.646123 -33.908886 0.344488,
70.626318 -33.908886 0.344488, 70.618858 -33.905157 0.344488,
70.615129 -33.897698 0.344488, 70.615129 -33.780933 0.344488,
70.608221 -33.761954 0.344488, 70.590729 -33.751854 0.344488,
70.570838 -33.755362 0.344488, 70.769797 -33.751406 0.344488,
70.765579 -33.751406 0.344488, 70.746599 -33.758314 0.344488,
70.7365 -33.775806 0.344488, 70.740007 -33.795697 0.344488,
70.75548 -33.80868 0.344488, 70.765579 -33.810461 0.344488,
70.769797 -33.810461 0.344488, 70.769797 -33.904668 0.344488,
70.770401 -33.906326 0.344488, 70.769991 -33.908044 0.344488,
70.772915 -33.917873 0.344488, 70.784163 -33.94037 0.344488,
70.787373 -33.943409 0.344488, 70.789131 -33.947467 0.344488,
70.797368 -33.953576 0.344488, 70.819866 -33.964824 0.344488,
70.821619 -33.965026 0.344488, 70.822971 -33.966161 0.344488,
70.83307 -33.967941 0.344488, 70.855568 -33.967941 0.344488,
70.874548 -33.961033 0.344488, 70.884647 -33.943541 0.344488,
70.881139 -33.92365 0.344488, 70.865667 -33.910667 0.344488,
70.855568 -33.908886 0.344488, 70.840041 -33.908886 0.344488,
70.832581 -33.905157 0.344488, 70.828852 -33.897698 0.344488,
70.828852 -33.810461 0.344488, 70.855568 -33.810461 0.344488,
70.874548 -33.803553 0.344488, 70.884647 -33.786061 0.344488,
70.881139 -33.76617 0.344488, 70.865667 -33.753187 0.344488,
70.855568 -33.751406 0.344488, 70.828852 -33.751406 0.344488,
70.828852 -33.702193 0.344488, 70.821944 -33.683213 0.344488,
70.804452 -33.673114 0.344488, 70.784561 -33.676622 0.344488,
70.771578 -33.692094 0.344488, 70.769797 -33.702193 0.344488,
71.210856 -33.786061 0.344488, 71.207348 -33.76617 0.344488,
71.191876 -33.753187 0.344488, 71.181777 -33.751406 0.344488,
71.15928 -33.751406 0.344488, 71.157621 -33.752009 0.344488,
71.155904 -33.751599 0.344488, 71.146074 -33.754523 0.344488,
71.134263 -33.760428 0.344488, 71.119413 -33.751854 0.344488,
71.099522 -33.755362 0.344488, 71.086539 -33.770834 0.344488,
71.084758 -33.780933 0.344488, 71.084758 -33.938414 0.344488,
71.091666 -33.957394 0.344488, 71.109158 -33.967493 0.344488,
71.129049 -33.963985 0.344488, 71.142032 -33.948513 0.344488,
71.143813 -33.938414 0.344488, 71.143813 -33.832898 0.344488,
71.149801 -33.820922 0.344488, 71.154273 -33.816449 0.344488,
71.16625 -33.810461 0.344488, 71.181777 -33.810461 0.344488,
71.200757 -33.803553 0.344488, 71.428096 -32.987832 0.344488,
71.417997 -32.986052 0.344488, 71.384252 -32.986052 0.344488,
71.382593 -32.986655 0.344488, 71.380876 -32.986245 0.344488,
71.371047 -32.989169 0.344488, 71.365264 -32.99206 0.344488,
71.355633 -32.9865 0.344488, 71.335742 -32.990007 0.344488,
71.322759 -33.00548 0.344488, 71.320978 -33.015579 0.344488,
71.320978 -33.173059 0.344488, 71.327887 -33.192039 0.344488,
71.345378 -33.202139 0.344488, 71.36527 -33.198631 0.344488,
71.378253 -33.183159 0.344488, 71.380033 -33.173059 0.344488,
71.380033 -33.050701 0.344488, 71.391222 -33.045107 0.344488,
71.411027 -33.045107 0.344488, 71.418486 -33.048836 0.344488,
71.422216 -33.056295 0.344488, 71.422216 -33.173059 0.344488,
71.429124 -33.192039 0.344488, 71.446616 -33.202139 0.344488,
71.466507 -33.198631 0.344488, 71.47949 -33.183159 0.344488,
71.481271 -33.173059 0.344488, 71.481271 -33.056295 0.344488,
71.485 -33.048836 0.344488, 71.492459 -33.045107 0.344488,
71.512265 -33.045107 0.344488, 71.519723 -33.048836 0.344488,
71.523453 -33.056295 0.344488, 71.523453 -33.173059 0.344488,
71.530361 -33.192039 0.344488, 71.547853 -33.202139 0.344488,
71.567744 -33.198631 0.344488, 71.580727 -33.183159 0.344488,
71.582508 -33.173059 0.344488, 71.582508 -33.049325 0.344488,
71.581904 -33.047666 0.344488, 71.582315 -33.045949 0.344488,
71.579391 -33.03612 0.344488, 71.568142 -33.013622 0.344488,
71.564932 -33.010583 0.344488, 71.563174 -33.006526 0.344488,
71.554937 -33.000417 0.344488, 71.53244 -32.989169 0.344488,
71.530686 -32.988967 0.344488, 71.529334 -32.987832 0.344488,
71.519235 -32.986052 0.344488, 71.485489 -32.986052 0.344488,
71.48383 -32.986655 0.344488, 71.482113 -32.986245 0.344488,
71.472284 -32.989169 0.344488, 71.451743 -32.999439 0.344488,
71.431202 -32.989169 0.344488, 71.429449 -32.988967 0.344488,
71.328009 -33.751406 0.344488, 71.283015 -33.751406 0.344488,
71.281356 -33.752009 0.344488, 71.279639 -33.751599 0.344488,
71.26981 -33.754523 0.344488, 71.247312 -33.765772 0.344488,
71.244272 -33.768982 0.344488, 71.240217 -33.77074 0.344488,
71.234107 -33.778977 0.344488, 71.222858 -33.801474 0.344488,
71.222656 -33.803227 0.344488, 71.221522 -33.80458 0.344488,
71.219741 -33.814679 0.344488, 71.219741 -33.823656 0.344488,
71.219741 -33.904668 0.344488, 71.220344 -33.906327 0.344488,
71.219935 -33.908044 0.344488, 71.222858 -33.917873 0.344488,
71.234107 -33.94037 0.344488, 71.237317 -33.943409 0.344488,
71.239076 -33.947467 0.344488, 71.247312 -33.953576 0.344488,
71.26981 -33.964824 0.344488, 71.271563 -33.965026 0.344488,
71.272915 -33.966161 0.344488, 71.283015 -33.967941 0.344488,
71.328009 -33.967941 0.344488, 71.329667 -33.967337 0.344488,
71.331384 -33.967748 0.344488, 71.341214 -33.964824 0.344488,
71.363711 -33.953576 0.344488, 71.377598 -33.938909 0.344488,
71.378808 -33.918747 0.344488, 71.366776 -33.902524 0.344488,
71.34713 -33.897831 0.344488, 71.337301 -33.900755 0.344488,
71.321039 -33.908886 0.344488, 71.289985 -33.908886 0.344488,
71.282526 -33.905157 0.344488, 71.278796 -33.897697 0.344488,
71.278796 -33.88388 0.344488, 71.367545 -33.866131 0.344488,
71.371713 -33.863595 0.344488, 71.376519 -33.862748 0.344488,
71.380075 -33.858509 0.344488, 71.384802 -33.855634 0.344488,
71.386365 -33.851013 0.344488, 71.389502 -33.847276 0.344488,
71.391282 -33.837176 0.344488, 71.391282 -33.814679 0.344488,
71.390678 -33.81302 0.344488, 71.391089 -33.811303 0.344488,
71.388165 -33.801474 0.344488, 71.376916 -33.778977 0.344488,
71.373706 -33.775937 0.344488, 71.371948 -33.771881 0.344488,
71.363711 -33.765772 0.344488, 71.341214 -33.754523 0.344488,
71.33946 -33.754321 0.344488, 71.338108 -33.753187 0.344488,
71.327819 -33.813851 0.344488, 71.278796 -33.823656 0.344488,
71.278796 -33.82165 0.344488, 71.282526 -33.81419 0.344488,
71.289985 -33.810461 0.344488, 71.321039 -33.810461 0.344488,
71.540583 -33.753187 0.344488, 71.530483 -33.751406 0.344488,
71.496738 -33.751406 0.344488, 71.495079 -33.752009 0.344488,
71.493362 -33.751599 0.344488, 71.483533 -33.754523 0.344488,
71.47775 -33.757415 0.344488, 71.46812 -33.751854 0.344488,
71.448228 -33.755362 0.344488, 71.435245 -33.770834 0.344488,
71.433465 -33.780933 0.344488, 71.433465 -33.938414 0.344488,
71.440373 -33.957394 0.344488, 71.457865 -33.967493 0.344488,
71.477756 -33.963985 0.344488, 71.490739 -33.948513 0.344488,
71.49252 -33.938414 0.344488, 71.49252 -33.816055 0.344488,
71.503708 -33.810461 0.344488, 71.523513 -33.810461 0.344488,
71.530972 -33.81419 0.344488, 71.534702 -33.82165 0.344488,
71.534702 -33.938414 0.344488, 71.54161 -33.957394 0.344488,
71.559102 -33.967493 0.344488, 71.578993 -33.963985 0.344488,
71.591976 -33.948513 0.344488, 71.593757 -33.938414 0.344488,
71.593757 -33.821649 0.344488, 71.597486 -33.81419 0.344488,
71.604946 -33.810461 0.344488, 71.624751 -33.810461 0.344488,
71.632209 -33.81419 0.344488, 71.635939 -33.821649 0.344488,
71.635939 -33.938414 0.344488, 71.642847 -33.957394 0.344488,
71.660339 -33.967493 0.344488, 71.68023 -33.963985 0.344488,
71.693213 -33.948513 0.344488, 71.694994 -33.938414 0.344488,
71.694994 -33.814679 0.344488, 71.69439 -33.81302 0.344488,
71.694801 -33.811304 0.344488, 71.691877 -33.801474 0.344488,
71.680628 -33.778977 0.344488, 71.677418 -33.775937 0.344488,
71.67566 -33.771881 0.344488, 71.667423 -33.765772 0.344488,
71.644926 -33.754523 0.344488, 71.643172 -33.754321 0.344488,
71.64182 -33.753187 0.344488, 71.631721 -33.751406 0.344488,
71.597975 -33.751406 0.344488, 71.596317 -33.752009 0.344488,
71.5946 -33.751599 0.344488, 71.58477 -33.754523 0.344488,
71.564229 -33.764793 0.344488, 71.543689 -33.754523 0.344488,
71.541935 -33.754321 0.344488, 71.881146 -33.953576 0.344488,
71.881589 -33.953107 0.344488, 71.88882 -33.948044 0.344488,
71.900069 -33.936796 0.344488, 71.900341 -33.936212 0.344488,
71.9056 -33.929122 0.344488, 71.916849 -33.906624 0.344488,
71.91705 -33.904871 0.344488, 71.918185 -33.903519 0.344488,
71.919966 -33.893419 0.344488, 71.919966 -33.825928 0.344488,
71.919362 -33.824269 0.344488, 71.919773 -33.822552 0.344488,
71.916849 -33.812723 0.344488, 71.9056 -33.790226 0.344488,
71.905133 -33.789783 0.344488, 71.900069 -33.782552 0.344488,
71.88882 -33.771303 0.344488, 71.888237 -33.771031 0.344488,
71.881146 -33.765772 0.344488, 71.858649 -33.754523 0.344488,
71.856896 -33.754321 0.344488, 71.855543 -33.753187 0.344488,
71.845444 -33.751406 0.344488, 71.811698 -33.751406 0.344488,
71.81004 -33.752009 0.344488, 71.808323 -33.751599 0.344488,
71.798494 -33.754523 0.344488, 71.775996 -33.765772 0.344488,
71.775553 -33.766239 0.344488, 71.768322 -33.771303 0.344488,
71.757073 -33.782552 0.344488, 71.7568 -33.783137 0.344488,
71.751543 -33.790226 0.344488, 71.740294 -33.812723 0.344488,
71.740092 -33.814476 0.344488, 71.738957 -33.815829 0.344488,
71.737176 -33.825928 0.344488, 71.737176 -33.886448 0.344488,
71.737176 -33.893419 0.344488, 71.73778 -33.895078 0.344488,
71.73737 -33.896795 0.344488, 71.740294 -33.906624 0.344488,
71.751543 -33.929122 0.344488, 71.75201 -33.929565 0.344488,
71.757073 -33.936795 0.344488, 71.768322 -33.948044 0.344488,
71.768905 -33.948316 0.344488, 71.775996 -33.953576 0.344488,
71.798494 -33.964824 0.344488, 71.800246 -33.965026 0.344488,
71.801599 -33.966161 0.344488, 71.811698 -33.967941 0.344488,
71.845444 -33.967941 0.344488, 71.847102 -33.967337 0.344488,
71.84882 -33.967748 0.344488, 71.858649 -33.964824 0.344488,
71.860911 -33.832898 0.344488, 71.860911 -33.886449 0.344488,
71.854922 -33.898426 0.344488, 71.85045 -33.902898 0.344488,
71.838474 -33.908886 0.344488, 71.818669 -33.908886 0.344488,
71.806692 -33.902898 0.344488, 71.80222 -33.898426 0.344488,
71.796231 -33.886448 0.344488, 71.796231 -33.832898 0.344488,
71.80222 -33.820921 0.344488, 71.806692 -33.816449 0.344488,
71.818669 -33.810461 0.344488, 71.838474 -33.810461 0.344488,
71.85045 -33.816449 0.344488, 71.854922 -33.820921 0.344488,
72.852568 -33.80458 0.344488, 72.850787 -33.814679 0.344488,
72.850787 -33.825928 0.344488, 72.851391 -33.827587 0.344488,
72.850981 -33.829304 0.344488, 72.853904 -33.839133 0.344488,
72.865153 -33.86163 0.344488, 72.868363 -33.864669 0.344488,
72.870122 -33.868726 0.344488, 72.878358 -33.874835 0.344488,
72.900856 -33.886084 0.344488, 72.902609 -33.886285 0.344488,
72.903961 -33.88742 0.344488, 72.914061 -33.889201 0.344488,
72.940836 -33.889201 0.344488, 72.948295 -33.89293 0.344488,
72.951351 -33.899043 0.344488, 72.948295 -33.905157 0.344488,
72.940836 -33.908886 0.344488, 72.909782 -33.908886 0.344488,
72.89352 -33.900755 0.344488, 72.873454 -33.898446 0.344488,
72.856598 -33.909575 0.344488, 72.85084 -33.928935 0.344488,
72.858873 -33.947467 0.344488, 72.867109 -33.953576 0.344488,
72.889607 -33.964824 0.344488, 72.89136 -33.965026 0.344488,
72.892713 -33.966161 0.344488, 72.902812 -33.967941 0.344488,
72.947806 -33.967941 0.344488, 72.949465 -33.967337 0.344488,
72.951182 -33.967748 0.344488, 72.961011 -33.964824 0.344488,
72.983509 -33.953576 0.344488, 72.986548 -33.950365 0.344488,
72.990605 -33.948607 0.344488, 72.996714 -33.94037 0.344488,
73.007962 -33.917873 0.344488, 73.008164 -33.91612 0.344488,
73.009299 -33.914767 0.344488, 73.01108 -33.904668 0.344488,
73.01108 -33.893419 0.344488, 73.010476 -33.891761 0.344488,
73.010886 -33.890044 0.344488, 73.007962 -33.880215 0.344488,
72.996714 -33.857717 0.344488, 72.993504 -33.854678 0.344488,
72.991745 -33.850621 0.344488, 72.983509 -33.844512 0.344488,
72.961011 -33.833263 0.344488, 72.959258 -33.833061 0.344488,
72.957906 -33.831927 0.344488, 72.947806 -33.830146 0.344488,
72.921031 -33.830146 0.344488, 72.913572 -33.826417 0.344488,
72.910515 -33.820303 0.344488, 72.913572 -33.81419 0.344488,
72.921031 -33.810461 0.344488, 72.940836 -33.810461 0.344488,
72.957099 -33.818592 0.344488, 72.977165 -33.820901 0.344488,
72.99402 -33.809772 0.344488, 72.999778 -33.790413 0.344488,
72.991745 -33.771881 0.344488, 72.983509 -33.765772 0.344488,
72.961011 -33.754523 0.344488, 72.959258 -33.754321 0.344488,
72.957906 -33.753187 0.344488, 72.947806 -33.751406 0.344488,
72.914061 -33.751406 0.344488, 72.912402 -33.752009 0.344488,
72.910685 -33.751599 0.344488, 72.900856 -33.754523 0.344488,
72.878358 -33.765772 0.344488, 72.875319 -33.768982 0.344488,
72.871263 -33.77074 0.344488, 72.865153 -33.778977 0.344488,
72.853904 -33.801474 0.344488, 72.853702 -33.803227 0.344488,
73.185983 -33.953576 0.344488, 73.186426 -33.953107 0.344488,
73.193657 -33.948044 0.344488, 73.204906 -33.936796 0.344488,
73.205178 -33.936212 0.344488, 73.210437 -33.929122 0.344488,
73.221685 -33.906624 0.344488, 73.221887 -33.904871 0.344488,
73.223022 -33.903519 0.344488, 73.224803 -33.893419 0.344488,
73.224803 -33.825928 0.344488, 73.224199 -33.824269 0.344488,
73.224609 -33.822552 0.344488, 73.221685 -33.812723 0.344488,
73.210437 -33.790226 0.344488, 73.20997 -33.789783 0.344488,
73.204906 -33.782552 0.344488, 73.193657 -33.771303 0.344488,
73.193074 -33.771031 0.344488, 73.185983 -33.765772 0.344488,
73.163486 -33.754523 0.344488, 73.161732 -33.754321 0.344488,
73.16038 -33.753187 0.344488, 73.150281 -33.751406 0.344488,
73.116535 -33.751406 0.344488, 73.114876 -33.752009 0.344488,
73.113159 -33.751599 0.344488, 73.10333 -33.754523 0.344488,
73.080833 -33.765772 0.344488, 73.08039 -33.766239 0.344488,
73.073158 -33.771303 0.344488, 73.06191 -33.782552 0.344488,
73.061637 -33.783137 0.344488, 73.056379 -33.790226 0.344488,
73.04513 -33.812723 0.344488, 73.044928 -33.814476 0.344488,
73.043794 -33.815829 0.344488, 73.042013 -33.825928 0.344488,
73.042013 -33.886448 0.344488, 73.042013 -33.893419 0.344488,
73.042617 -33.895078 0.344488, 73.042207 -33.896795 0.344488,
73.04513 -33.906624 0.344488, 73.056379 -33.929122 0.344488,
73.056847 -33.929565 0.344488, 73.06191 -33.936795 0.344488,
73.073158 -33.948044 0.344488, 73.073741 -33.948316 0.344488,
73.080833 -33.953576 0.344488, 73.10333 -33.964824 0.344488,
73.105083 -33.965026 0.344488, 73.106436 -33.966161 0.344488,
73.116535 -33.967941 0.344488, 73.150281 -33.967941 0.344488,
73.151939 -33.967337 0.344488, 73.153656 -33.967748 0.344488,
73.163486 -33.964824 0.344488, 73.165748 -33.832898 0.344488,
73.165748 -33.886449 0.344488, 73.159759 -33.898426 0.344488,
73.155287 -33.902898 0.344488, 73.143311 -33.908886 0.344488,
73.123506 -33.908886 0.344488, 73.111529 -33.902898 0.344488,
73.107057 -33.898426 0.344488, 73.101068 -33.886448 0.344488,
73.101068 -33.832898 0.344488, 73.107057 -33.820921 0.344488,
73.111529 -33.816449 0.344488, 73.123506 -33.810461 0.344488,
73.143311 -33.810461 0.344488, 73.155287 -33.816449 0.344488,
73.159759 -33.820921 0.344488, 73.932433 -33.309417 0.344488,
73.930653 -33.319516 0.344488, 73.930653 -33.521991 0.344488,
73.931256 -33.523649 0.344488, 73.930846 -33.525367 0.344488,
73.93377 -33.535196 0.344488, 73.945019 -33.557693 0.344488,
73.948228 -33.560732 0.344488, 73.949987 -33.564789 0.344488,
73.958224 -33.570898 0.344488, 73.980721 -33.582147 0.344488,
74.000787 -33.584456 0.344488, 74.017642 -33.573327 0.344488,
74.023401 -33.553967 0.344488, 74.015368 -33.535435 0.344488,
74.007131 -33.529326 0.344488, 73.993437 -33.52248 0.344488,
73.989708 -33.51502 0.344488, 73.989708 -33.319516 0.344488,
73.9828 -33.300536 0.344488, 73.965308 -33.290437 0.344488,
73.945417 -33.293944 0.344488, 73.491957 -33.751406 0.344488,
73.453993 -33.751406 0.344488, 73.452334 -33.752009 0.344488,
73.450617 -33.751599 0.344488, 73.440788 -33.754523 0.344488,
73.418291 -33.765772 0.344488, 73.417848 -33.766239 0.344488,
73.410616 -33.771303 0.344488, 73.399368 -33.782552 0.344488,
73.399095 -33.783137 0.344488, 73.393837 -33.790226 0.344488,
73.382588 -33.812723 0.344488, 73.382386 -33.814476 0.344488,
73.381252 -33.815829 0.344488, 73.379471 -33.825928 0.344488,
73.379471 -33.886448 0.344488, 73.379471 -33.893419 0.344488,
73.380074 -33.895078 0.344488, 73.379665 -33.896795 0.344488,
73.382588 -33.906624 0.344488, 73.393837 -33.929122 0.344488,
73.394305 -33.929565 0.344488, 73.399368 -33.936795 0.344488,
73.410616 -33.948044 0.344488, 73.411199 -33.948316 0.344488,
73.418291 -33.953576 0.344488, 73.440788 -33.964824 0.344488,
73.442541 -33.965026 0.344488, 73.443894 -33.966161 0.344488,
73.453993 -33.967941 0.344488, 73.498987 -33.967941 0.344488,
73.500646 -33.967337 0.344488, 73.502363 -33.967748 0.344488,
73.51189 -33.964914 0.344488, 73.516357 -33.967493 0.344488,
73.536248 -33.963985 0.344488, 73.549231 -33.948513 0.344488,
73.551012 -33.938414 0.344488, 73.551012 -33.702193 0.344488,
73.544104 -33.683213 0.344488, 73.526612 -33.673114 0.344488,
73.506721 -33.676622 0.344488, 73.493738 -33.692094 0.344488,
73.491957 -33.702193 0.344488, 73.491957 -33.810461 0.344488,
73.491957 -33.908886 0.344488, 73.460963 -33.908886 0.344488,
73.448987 -33.902898 0.344488, 73.444515 -33.898426 0.344488,
73.438526 -33.886448 0.344488, 73.438526 -33.832898 0.344488,
73.444515 -33.820921 0.344488, 73.448987 -33.816449 0.344488,
73.460963 -33.810461 0.344488, 73.701462 -33.751406 0.344488,
73.656468 -33.751406 0.344488, 73.654809 -33.752009 0.344488,
73.653092 -33.751599 0.344488, 73.643263 -33.754523 0.344488,
73.620765 -33.765772 0.344488, 73.617726 -33.768982 0.344488,
73.61367 -33.77074 0.344488, 73.60756 -33.778977 0.344488,
73.596311 -33.801474 0.344488, 73.596109 -33.803227 0.344488,
73.594975 -33.80458 0.344488, 73.593194 -33.814679 0.344488,
73.593194 -33.823656 0.344488, 73.593194 -33.904668 0.344488,
73.593798 -33.906327 0.344488, 73.593388 -33.908044 0.344488,
73.596311 -33.917873 0.344488, 73.60756 -33.94037 0.344488,
73.61077 -33.943409 0.344488, 73.612529 -33.947467 0.344488,
73.620765 -33.953576 0.344488, 73.643263 -33.964824 0.344488,
73.645016 -33.965026 0.344488, 73.646369 -33.966161 0.344488,
73.656468 -33.967941 0.344488, 73.701462 -33.967941 0.344488,
73.70312 -33.967337 0.344488, 73.704837 -33.967748 0.344488,
73.714667 -33.964824 0.344488, 73.737164 -33.953576 0.344488,
73.751051 -33.938909 0.344488, 73.752261 -33.918747 0.344488,
73.740229 -33.902524 0.344488, 73.720583 -33.897831 0.344488,
73.710754 -33.900755 0.344488, 73.694492 -33.908886 0.344488,
73.663438 -33.908886 0.344488, 73.655979 -33.905157 0.344488,
73.652249 -33.897697 0.344488, 73.652249 -33.88388 0.344488,
73.740998 -33.866131 0.344488, 73.745167 -33.863595 0.344488,
73.749972 -33.862748 0.344488, 73.753528 -33.858509 0.344488,
73.758255 -33.855634 0.344488, 73.759818 -33.851013 0.344488,
73.762955 -33.847276 0.344488, 73.764735 -33.837176 0.344488,
73.764735 -33.814679 0.344488, 73.764131 -33.81302 0.344488,
73.764542 -33.811303 0.344488, 73.761618 -33.801474 0.344488,
73.750369 -33.778977 0.344488, 73.747159 -33.775937 0.344488,
73.745401 -33.771881 0.344488, 73.737164 -33.765772 0.344488,
73.714667 -33.754523 0.344488, 73.712913 -33.754321 0.344488,
73.711561 -33.753187 0.344488, 73.701272 -33.813851 0.344488,
73.652249 -33.823656 0.344488, 73.652249 -33.82165 0.344488,
73.655979 -33.81419 0.344488, 73.663438 -33.810461 0.344488,
73.694492 -33.810461 0.344488, 73.933016 -33.786061 0.344488,
73.929508 -33.76617 0.344488, 73.914036 -33.753187 0.344488,
73.903937 -33.751406 0.344488, 73.881439 -33.751406 0.344488,
73.879781 -33.752009 0.344488, 73.878064 -33.751599 0.344488,
73.868234 -33.754523 0.344488, 73.856423 -33.760428 0.344488,
73.841573 -33.751854 0.344488, 73.821681 -33.755362 0.344488,
73.808698 -33.770834 0.344488, 73.806918 -33.780933 0.344488,
73.806918 -33.938414 0.344488, 73.813826 -33.957394 0.344488,
73.831318 -33.967493 0.344488, 73.851209 -33.963985 0.344488,
73.864192 -33.948513 0.344488, 73.865973 -33.938414 0.344488,
73.865973 -33.832898 0.344488, 73.871961 -33.820922 0.344488,
73.876433 -33.816449 0.344488, 73.88841 -33.810461 0.344488,
73.903937 -33.810461 0.344488, 73.922917 -33.803553 0.344488,
74.240245 -33.753187 0.344488, 74.230146 -33.751406 0.344488,
74.1964 -33.751406 0.344488, 74.194742 -33.752009 0.344488,
74.193025 -33.751599 0.344488, 74.183196 -33.754523 0.344488,
74.177413 -33.757415 0.344488, 74.167782 -33.751854 0.344488,
74.147891 -33.755362 0.344488, 74.134908 -33.770834 0.344488,
74.133127 -33.780933 0.344488, 74.133127 -33.938414 0.344488,
74.140035 -33.957394 0.344488, 74.157527 -33.967493 0.344488,
74.177419 -33.963985 0.344488, 74.190402 -33.948513 0.344488,
74.192182 -33.938414 0.344488, 74.192182 -33.816055 0.344488,
74.203371 -33.810461 0.344488, 74.223176 -33.810461 0.344488,
74.230635 -33.81419 0.344488, 74.234365 -33.82165 0.344488,
74.234365 -33.938414 0.344488, 74.241273 -33.957394 0.344488,
74.258765 -33.967493 0.344488, 74.278656 -33.963985 0.344488,
74.291639 -33.948513 0.344488, 74.29342 -33.938414 0.344488,
74.29342 -33.821649 0.344488, 74.297149 -33.81419 0.344488,
74.304608 -33.810461 0.344488, 74.324413 -33.810461 0.344488,
74.331872 -33.81419 0.344488, 74.335602 -33.821649 0.344488,
74.335602 -33.938414 0.344488, 74.34251 -33.957394 0.344488,
74.360002 -33.967493 0.344488, 74.379893 -33.963985 0.344488,
74.392876 -33.948513 0.344488, 74.394657 -33.938414 0.344488,
74.394657 -33.814679 0.344488, 74.394053 -33.81302 0.344488,
74.394463 -33.811304 0.344488, 74.391539 -33.801474 0.344488,
74.380291 -33.778977 0.344488, 74.377081 -33.775937 0.344488,
74.375322 -33.771881 0.344488, 74.367086 -33.765772 0.344488,
74.344589 -33.754523 0.344488, 74.342835 -33.754321 0.344488,
74.341483 -33.753187 0.344488, 74.331383 -33.751406 0.344488,
74.297638 -33.751406 0.344488, 74.295979 -33.752009 0.344488,
74.294262 -33.751599 0.344488, 74.284433 -33.754523 0.344488,
74.263892 -33.764793 0.344488, 74.243351 -33.754523 0.344488,
74.241598 -33.754321 0.344488, 74.495894 -33.897697 0.344488,
74.495894 -33.889141 0.344488, 74.499624 -33.881682 0.344488,
74.507083 -33.877953 0.344488, 74.549325 -33.877953 0.344488,
74.549325 -33.908886 0.344488, 74.507083 -33.908886 0.344488,
74.499624 -33.905157 0.344488, 74.43862 -33.872072 0.344488,
74.436839 -33.882171 0.344488, 74.436839 -33.897697 0.344488,
74.436839 -33.904668 0.344488, 74.437443 -33.906327 0.344488,
74.437033 -33.908044 0.344488, 74.439956 -33.917873 0.344488,
74.451205 -33.94037 0.344488, 74.454415 -33.943409 0.344488,
74.456174 -33.947467 0.344488, 74.46441 -33.953576 0.344488,
74.486908 -33.964824 0.344488, 74.488661 -33.965026 0.344488,
74.490013 -33.966161 0.344488, 74.500113 -33.967941 0.344488,
74.556356 -33.967941 0.344488, 74.558014 -33.967337 0.344488,
74.559731 -33.967748 0.344488, 74.569258 -33.964914 0.344488,
74.573725 -33.967493 0.344488, 74.593617 -33.963985 0.344488,
74.6066 -33.948513 0.344488, 74.60838 -33.938414 0.344488,
74.60838 -33.814679 0.344488, 74.607776 -33.81302 0.344488,
74.608187 -33.811303 0.344488, 74.605263 -33.801474 0.344488,
74.594014 -33.778977 0.344488, 74.590804 -33.775937 0.344488,
74.589046 -33.771881 0.344488, 74.580809 -33.765772 0.344488,
74.558312 -33.754523 0.344488, 74.556558 -33.754321 0.344488,
74.555206 -33.753187 0.344488, 74.545107 -33.751406 0.344488,
74.500113 -33.751406 0.344488, 74.498454 -33.752009 0.344488,
74.496737 -33.751599 0.344488, 74.486908 -33.754523 0.344488,
74.46441 -33.765772 0.344488, 74.450524 -33.780439 0.344488,
74.449313 -33.8006 0.344488, 74.461346 -33.816823 0.344488,
74.480991 -33.821516 0.344488, 74.49082 -33.818592 0.344488,
74.507083 -33.810461 0.344488, 74.538137 -33.810461 0.344488,
74.545595 -33.81419 0.344488, 74.547949 -33.818898 0.344488,
74.500113 -33.818898 0.344488, 74.498454 -33.819501 0.344488,
74.496737 -33.819091 0.344488, 74.486908 -33.822015 0.344488,
74.46441 -33.833263 0.344488, 74.46137 -33.836474 0.344488,
74.457315 -33.838232 0.344488, 74.451205 -33.846469 0.344488,
74.439956 -33.868966 0.344488, 74.439754 -33.870719 0.344488,
75.123003 -32.986052 0.344488, 75.085039 -32.986052 0.344488,
75.08338 -32.986655 0.344488, 75.081663 -32.986245 0.344488,
75.071834 -32.989169 0.344488, 75.049337 -33.000417 0.344488,
75.048894 -33.000885 0.344488, 75.041662 -33.005949 0.344488,
75.030414 -33.017198 0.344488, 75.030141 -33.017782 0.344488,
75.024883 -33.024871 0.344488, 75.013634 -33.047369 0.344488,
75.013432 -33.049122 0.344488, 75.012298 -33.050474 0.344488,
75.010517 -33.060574 0.344488, 75.010517 -33.121094 0.344488,
75.010517 -33.128065 0.344488, 75.01112 -33.129724 0.344488,
75.010711 -33.131441 0.344488, 75.013634 -33.14127 0.344488,
75.024883 -33.163767 0.344488, 75.025351 -33.16421 0.344488,
75.030414 -33.171441 0.344488, 75.041662 -33.18269 0.344488,
75.042245 -33.182961 0.344488, 75.049337 -33.188221 0.344488,
75.071834 -33.19947 0.344488, 75.073587 -33.199671 0.344488,
75.07494 -33.200806 0.344488, 75.085039 -33.202587 0.344488,
75.130033 -33.202587 0.344488, 75.131692 -33.201983 0.344488,
75.133409 -33.202394 0.344488, 75.142936 -33.199559 0.344488,
75.147403 -33.202139 0.344488, 75.167294 -33.198631 0.344488,
75.180278 -33.183159 0.344488, 75.182058 -33.173059 0.344488,
75.182058 -32.936839 0.344488, 75.17515 -32.917859 0.344488,
75.157658 -32.90776 0.344488, 75.137767 -32.911267 0.344488,
75.124784 -32.92674 0.344488, 75.123003 -32.936839 0.344488,
75.123003 -33.045107 0.344488, 75.123003 -33.143532 0.344488,
75.092009 -33.143532 0.344488, 75.080033 -33.137544 0.344488,
75.075561 -33.133072 0.344488, 75.069572 -33.121094 0.344488,
75.069572 -33.067544 0.344488, 75.075561 -33.055567 0.344488,
75.080033 -33.051094 0.344488, 75.092009 -33.045107 0.344488,
74.652343 -33.80458 0.344488, 74.650562 -33.814679 0.344488,
74.650562 -33.825928 0.344488, 74.651166 -33.827587 0.344488,
74.650756 -33.829304 0.344488, 74.65368 -33.839133 0.344488,
74.664928 -33.86163 0.344488, 74.668138 -33.864669 0.344488,
74.669897 -33.868726 0.344488, 74.678133 -33.874835 0.344488,
74.700631 -33.886084 0.344488, 74.702384 -33.886285 0.344488,
74.703737 -33.88742 0.344488, 74.713836 -33.889201 0.344488,
74.740611 -33.889201 0.344488, 74.74807 -33.89293 0.344488,
74.751126 -33.899044 0.344488, 74.74807 -33.905157 0.344488,
74.740611 -33.908886 0.344488, 74.709557 -33.908886 0.344488,
74.693295 -33.900755 0.344488, 74.673229 -33.898446 0.344488,
74.656374 -33.909575 0.344488, 74.650615 -33.928935 0.344488,
74.658648 -33.947467 0.344488, 74.666885 -33.953576 0.344488,
74.689382 -33.964824 0.344488, 74.691135 -33.965026 0.344488,
74.692488 -33.966161 0.344488, 74.702587 -33.967941 0.344488,
74.747581 -33.967941 0.344488, 74.74924 -33.967337 0.344488,
74.750957 -33.967748 0.344488, 74.760787 -33.964824 0.344488,
74.783284 -33.953576 0.344488, 74.786323 -33.950365 0.344488,
74.79038 -33.948607 0.344488, 74.796489 -33.94037 0.344488,
74.807737 -33.917873 0.344488, 74.807939 -33.91612 0.344488,
74.809074 -33.914767 0.344488, 74.810855 -33.904668 0.344488,
74.810855 -33.893419 0.344488, 74.810251 -33.891761 0.344488,
74.810661 -33.890044 0.344488, 74.807737 -33.880215 0.344488,
74.796489 -33.857717 0.344488, 74.793279 -33.854678 0.344488,
74.79152 -33.850621 0.344488, 74.783284 -33.844512 0.344488,
74.760787 -33.833263 0.344488, 74.759033 -33.833061 0.344488,
74.757681 -33.831927 0.344488, 74.747581 -33.830146 0.344488,
74.720806 -33.830146 0.344488, 74.713347 -33.826417 0.344488,
74.71029 -33.820304 0.344488, 74.713347 -33.81419 0.344488,
74.720806 -33.810461 0.344488, 74.740611 -33.810461 0.344488,
74.756874 -33.818592 0.344488, 74.77694 -33.820901 0.344488,
74.793795 -33.809772 0.344488, 74.799554 -33.790413 0.344488,
74.79152 -33.771881 0.344488, 74.783284 -33.765772 0.344488,
74.760787 -33.754523 0.344488, 74.759033 -33.754321 0.344488,
74.757681 -33.753187 0.344488, 74.747581 -33.751406 0.344488,
74.713836 -33.751406 0.344488, 74.712177 -33.752009 0.344488,
74.71046 -33.751599 0.344488, 74.700631 -33.754523 0.344488,
74.678133 -33.765772 0.344488, 74.675094 -33.768982 0.344488,
74.671038 -33.77074 0.344488, 74.664928 -33.778977 0.344488,
74.65368 -33.801474 0.344488, 74.653478 -33.803227 0.344488,
75.224241 -33.751406 0.344488, 75.220022 -33.751406 0.344488,
75.201042 -33.758314 0.344488, 75.190943 -33.775806 0.344488,
75.19445 -33.795697 0.344488, 75.209923 -33.80868 0.344488,
75.220022 -33.810461 0.344488, 75.224241 -33.810461 0.344488,
75.224241 -33.904668 0.344488, 75.224844 -33.906326 0.344488,
75.224434 -33.908044 0.344488, 75.227358 -33.917873 0.344488,
75.238606 -33.94037 0.344488, 75.241816 -33.943409 0.344488,
75.243575 -33.947467 0.344488, 75.251811 -33.953576 0.344488,
75.274309 -33.964824 0.344488, 75.276062 -33.965026 0.344488,
75.277415 -33.966161 0.344488, 75.287514 -33.967941 0.344488,
75.310011 -33.967941 0.344488, 75.328991 -33.961033 0.344488,
75.33909 -33.943541 0.344488, 75.335583 -33.92365 0.344488,
75.32011 -33.910667 0.344488, 75.310011 -33.908886 0.344488,
75.294484 -33.908886 0.344488, 75.287025 -33.905157 0.344488,
75.283296 -33.897698 0.344488, 75.283296 -33.810461 0.344488,
75.310011 -33.810461 0.344488, 75.328991 -33.803553 0.344488,
75.33909 -33.786061 0.344488, 75.335583 -33.76617 0.344488,
75.32011 -33.753187 0.344488, 75.310011 -33.751406 0.344488,
75.283296 -33.751406 0.344488, 75.283296 -33.702193 0.344488,
75.276387 -33.683213 0.344488, 75.258896 -33.673114 0.344488,
75.239004 -33.676622 0.344488, 75.226021 -33.692094 0.344488,
75.224241 -33.702193 0.344488, 75.418279 -33.75185 0.344488,
75.418279 -33.702193 0.344488, 75.41137 -33.683213 0.344488,
75.393879 -33.673114 0.344488, 75.373987 -33.676622 0.344488,
75.361004 -33.692094 0.344488, 75.359224 -33.702193 0.344488,
75.359224 -33.938414 0.344488, 75.366132 -33.957394 0.344488,
75.383624 -33.967493 0.344488, 75.403515 -33.963985 0.344488,
75.416498 -33.948513 0.344488, 75.418279 -33.938414 0.344488,
75.418279 -33.816055 0.344488, 75.429467 -33.810461 0.344488,
75.449272 -33.810461 0.344488, 75.456731 -33.81419 0.344488,
75.460461 -33.82165 0.344488, 75.460461 -33.938414 0.344488,
75.467369 -33.957394 0.344488, 75.484861 -33.967493 0.344488,
75.504752 -33.963985 0.344488, 75.517735 -33.948513 0.344488,
75.519516 -33.938414 0.344488, 75.519516 -33.814679 0.344488,
75.518912 -33.81302 0.344488, 75.519322 -33.811303 0.344488,
75.516399 -33.801474 0.344488, 75.50515 -33.778977 0.344488,
75.50194 -33.775937 0.344488, 75.500181 -33.771881 0.344488,
75.491945 -33.765772 0.344488, 75.469448 -33.754523 0.344488,
75.467694 -33.754321 0.344488, 75.466342 -33.753187 0.344488,
75.456243 -33.751406 0.344488, 75.422497 -33.751406 0.344488,
75.420838 -33.752009 0.344488, 75.419121 -33.751599 0.344488,
75.669966 -33.751406 0.344488, 75.624972 -33.751406 0.344488,
75.623313 -33.752009 0.344488, 75.621596 -33.751599 0.344488,
75.611767 -33.754523 0.344488, 75.589269 -33.765772 0.344488,
75.58623 -33.768982 0.344488, 75.582174 -33.77074 0.344488,
75.576064 -33.778977 0.344488, 75.564815 -33.801474 0.344488,
75.564613 -33.803227 0.344488, 75.563479 -33.80458 0.344488,
75.561698 -33.814679 0.344488, 75.561698 -33.823656 0.344488,
75.561698 -33.904668 0.344488, 75.562302 -33.906327 0.344488,
75.561892 -33.908044 0.344488, 75.564815 -33.917873 0.344488,
75.576064 -33.94037 0.344488, 75.579274 -33.943409 0.344488,
75.581033 -33.947467 0.344488, 75.589269 -33.953576 0.344488,
75.611767 -33.964824 0.344488, 75.61352 -33.965026 0.344488,
75.614872 -33.966161 0.344488, 75.624972 -33.967941 0.344488,
75.669966 -33.967941 0.344488, 75.671624 -33.967337 0.344488,
75.673341 -33.967748 0.344488, 75.683171 -33.964824 0.344488,
75.705668 -33.953576 0.344488, 75.719555 -33.938909 0.344488,
75.720765 -33.918747 0.344488, 75.708733 -33.902524 0.344488,
75.689087 -33.897831 0.344488, 75.679258 -33.900755 0.344488,
75.662996 -33.908886 0.344488, 75.631942 -33.908886 0.344488,
75.624483 -33.905157 0.344488, 75.620753 -33.897697 0.344488,
75.620753 -33.88388 0.344488, 75.709502 -33.866131 0.344488,
75.71367 -33.863595 0.344488, 75.718476 -33.862748 0.344488,
75.722032 -33.858509 0.344488, 75.726759 -33.855634 0.344488,
75.728322 -33.851013 0.344488, 75.731459 -33.847276 0.344488,
75.733239 -33.837176 0.344488, 75.733239 -33.814679 0.344488,
75.732635 -33.81302 0.344488, 75.733046 -33.811303 0.344488,
75.730122 -33.801474 0.344488, 75.718873 -33.778977 0.344488,
75.715663 -33.775937 0.344488, 75.713905 -33.771881 0.344488,
75.705668 -33.765772 0.344488, 75.683171 -33.754523 0.344488,
75.681417 -33.754321 0.344488, 75.680065 -33.753187 0.344488,
75.669776 -33.813851 0.344488, 75.620753 -33.823656 0.344488,
75.620753 -33.82165 0.344488, 75.624483 -33.81419 0.344488,
75.631942 -33.810461 0.344488, 75.662996 -33.810461 0.344488,
75.90152 -33.786061 0.344488, 75.898012 -33.76617 0.344488,
75.88254 -33.753187 0.344488, 75.872441 -33.751406 0.344488,
75.849943 -33.751406 0.344488, 75.848285 -33.752009 0.344488,
75.846568 -33.751599 0.344488, 75.836738 -33.754523 0.344488,
75.824927 -33.760428 0.344488, 75.810077 -33.751854 0.344488,
75.790185 -33.755362 0.344488, 75.777202 -33.770834 0.344488,
75.775422 -33.780933 0.344488, 75.775422 -33.938414 0.344488,
75.78233 -33.957394 0.344488, 75.799822 -33.967493 0.344488,
75.819713 -33.963985 0.344488, 75.832696 -33.948513 0.344488,
75.834477 -33.938414 0.344488, 75.834477 -33.832898 0.344488,
75.840465 -33.820922 0.344488, 75.844937 -33.816449 0.344488,
75.856914 -33.810461 0.344488, 75.872441 -33.810461 0.344488,
75.89142 -33.803553 0.344488, 76.018672 -33.751406 0.344488,
75.973678 -33.751406 0.344488, 75.97202 -33.752009 0.344488,
75.970303 -33.751599 0.344488, 75.960474 -33.754523 0.344488,
75.937976 -33.765772 0.344488, 75.934936 -33.768982 0.344488,
75.93088 -33.77074 0.344488, 75.924771 -33.778977 0.344488,
75.913522 -33.801474 0.344488, 75.91332 -33.803227 0.344488,
75.912185 -33.80458 0.344488, 75.910405 -33.814679 0.344488,
75.910405 -33.823656 0.344488, 75.910405 -33.904668 0.344488,
75.911008 -33.906327 0.344488, 75.910598 -33.908044 0.344488,
75.913522 -33.917873 0.344488, 75.924771 -33.94037 0.344488,
75.927981 -33.943409 0.344488, 75.929739 -33.947467 0.344488,
75.937976 -33.953576 0.344488, 75.960474 -33.964824 0.344488,
75.962226 -33.965026 0.344488, 75.963579 -33.966161 0.344488,
75.973678 -33.967941 0.344488, 76.018672 -33.967941 0.344488,
76.020331 -33.967337 0.344488, 76.022048 -33.967748 0.344488,
76.031878 -33.964824 0.344488, 76.054375 -33.953576 0.344488,
76.068261 -33.938909 0.344488, 76.069472 -33.918747 0.344488,
76.057439 -33.902524 0.344488, 76.037794 -33.897831 0.344488,
76.027965 -33.900755 0.344488, 76.011702 -33.908886 0.344488,
75.980649 -33.908886 0.344488, 75.973189 -33.905157 0.344488,
75.96946 -33.897697 0.344488, 75.96946 -33.88388 0.344488,
76.058209 -33.866131 0.344488, 76.062377 -33.863595 0.344488,
76.067182 -33.862748 0.344488, 76.070739 -33.858509 0.344488,
76.075466 -33.855634 0.344488, 76.077029 -33.851013 0.344488,
76.080165 -33.847276 0.344488, 76.081946 -33.837176 0.344488,
76.081946 -33.814679 0.344488, 76.081342 -33.81302 0.344488,
76.081752 -33.811303 0.344488, 76.078829 -33.801474 0.344488,
76.06758 -33.778977 0.344488, 76.06437 -33.775937 0.344488,
76.062611 -33.771881 0.344488, 76.054375 -33.765772 0.344488,
76.031878 -33.754523 0.344488, 76.030124 -33.754321 0.344488,
76.028772 -33.753187 0.344488, 76.018483 -33.813851 0.344488,
75.96946 -33.823656 0.344488, 75.96946 -33.82165 0.344488,
75.973189 -33.81419 0.344488, 75.980649 -33.810461 0.344488,
76.011702 -33.810461 0.344488, 72.109472 -33.790865 0.344488,
72.10935 -33.770667 0.344488, 72.096274 -33.755273 0.344488,
72.076361 -33.751886 0.344488, 72.058931 -33.76209 0.344488,
72.053857 -33.771002 0.344488, 72.025422 -33.850622 0.344488,
71.996986 -33.771002 0.344488, 71.984096 -33.755452 0.344488,
71.964227 -33.751824 0.344488, 71.946674 -33.761817 0.344488,
71.939652 -33.780755 0.344488, 71.941371 -33.790865 0.344488,
71.997614 -33.948345 0.344488, 71.997735 -33.948491 0.344488,
71.997737 -33.94868 0.344488, 72.004173 -33.956257 0.344488,
72.010504 -33.963896 0.344488, 72.010689 -33.96393 0.344488,
72.010813 -33.964074 0.344488, 72.020608 -33.965741 0.344488,
72.030373 -33.967524 0.344488, 72.030538 -33.96743 0.344488,
72.030725 -33.967461 0.344488, 72.03929 -33.962446 0.344488,
72.047926 -33.95753 0.344488, 72.047992 -33.957352 0.344488,
72.048155 -33.957257 0.344488, 72.053229 -33.948345 0.344488,
74.912092 -33.799636 0.344488, 74.912092 -33.702193 0.344488,
74.905184 -33.683213 0.344488, 74.887692 -33.673114 0.344488,
74.867801 -33.676622 0.344488, 74.854818 -33.692094 0.344488,
74.853037 -33.702193 0.344488, 74.853037 -33.938414 0.344488,
74.859945 -33.957394 0.344488, 74.877437 -33.967493 0.344488,
74.897328 -33.963985 0.344488, 74.910311 -33.948513 0.344488,
74.912092 -33.938414 0.344488, 74.912092 -33.907011 0.344488,
74.948931 -33.95613 0.344488, 74.965846 -33.967169 0.344488,
74.985899 -33.964754 0.344488, 74.999707 -33.950013 0.344488,
75.00081 -33.929845 0.344488, 74.996175 -33.920697 0.344488,
74.944049 -33.851196 0.344488, 74.993432 -33.801813 0.344488,
75.001968 -33.783507 0.344488, 74.996741 -33.763997 0.344488,
74.980195 -33.752412 0.344488, 74.960074 -33.754172 0.344488,
74.951674 -33.760054 0.344488, 73.268766 -33.692094 0.344488,
73.266985 -33.702193 0.344488, 73.266985 -33.904668 0.344488,
73.267589 -33.906326 0.344488, 73.267178 -33.908044 0.344488,
73.270102 -33.917873 0.344488, 73.281351 -33.94037 0.344488,
73.284561 -33.943409 0.344488, 73.286319 -33.947467 0.344488,
73.294556 -33.953576 0.344488, 73.317054 -33.964824 0.344488,
73.337119 -33.967133 0.344488, 73.353974 -33.956004 0.344488,
73.359733 -33.936644 0.344488, 73.3517 -33.918113 0.344488,
73.343463 -33.912004 0.344488, 73.329769 -33.905157 0.344488,
73.32604 -33.897698 0.344488, 73.32604 -33.702193 0.344488,
73.319132 -33.683213 0.344488, 73.30164 -33.673114 0.344488,
73.281749 -33.676622 0.344488, 74.404874 -33.433152 0.344488,
74.403094 -33.443251 0.344488, 74.403094 -33.510742 0.344488,
74.403697 -33.512401 0.344488, 74.403287 -33.514118 0.344488,
74.406211 -33.523947 0.344488, 74.41746 -33.546444 0.344488,
74.417928 -33.546887 0.344488, 74.422991 -33.554118 0.344488,
74.434239 -33.565367 0.344488, 74.434822 -33.565639 0.344488,
74.441913 -33.570898 0.344488, 74.464411 -33.582147 0.344488,
74.466164 -33.582348 0.344488, 74.467517 -33.583483 0.344488,
74.477616 -33.585264 0.344488, 74.52261 -33.585264 0.344488,
74.524269 -33.58466 0.344488, 74.525986 -33.585071 0.344488,
74.535815 -33.582147 0.344488, 74.558313 -33.570898 0.344488,
74.572199 -33.556231 0.344488, 74.57341 -33.53607 0.344488,
74.561377 -33.519847 0.344488, 74.541732 -33.515154 0.344488,
74.531903 -33.518078 0.344488, 74.51564 -33.526209 0.344488,
74.484586 -33.526209 0.344488, 74.472609 -33.520221 0.344488,
74.468137 -33.515749 0.344488, 74.462149 -33.503771 0.344488,
74.462149 -33.450221 0.344488, 74.468137 -33.438244 0.344488,
74.472609 -33.433772 0.344488, 74.484586 -33.427784 0.344488,
74.51564 -33.427784 0.344488, 74.531903 -33.435915 0.344488,
74.551969 -33.438224 0.344488, 74.568824 -33.427095 0.344488,
74.574582 -33.407735 0.344488, 74.566549 -33.389204 0.344488,
74.558313 -33.383094 0.344488, 74.535815 -33.371846 0.344488,
74.534062 -33.371644 0.344488, 74.532709 -33.370509 0.344488,
74.52261 -33.368729 0.344488, 74.477616 -33.368729 0.344488,
74.475957 -33.369332 0.344488, 74.47424 -33.368922 0.344488,
74.464411 -33.371846 0.344488, 74.441913 -33.383094 0.344488,
74.44147 -33.383562 0.344488, 74.434239 -33.388626 0.344488,
74.422991 -33.399875 0.344488, 74.422718 -33.400459 0.344488,
74.41746 -33.407548 0.344488, 74.406211 -33.430046 0.344488,
74.406009 -33.431799 0.344488, 74.089225 -33.388325 0.344488,
74.076335 -33.372774 0.344488, 74.056466 -33.369147 0.344488,
74.038913 -33.37914 0.344488, 74.031891 -33.398078 0.344488,
74.03361 -33.408187 0.344488, 74.086095 -33.555144 0.344488,
74.069998 -33.595386 0.344488, 74.066423 -33.598961 0.344488,
74.048213 -33.608067 0.344488, 74.034326 -33.622733 0.344488,
74.033115 -33.642895 0.344488, 74.045148 -33.659118 0.344488,
74.064793 -33.663811 0.344488, 74.074623 -33.660887 0.344488,
74.09712 -33.649639 0.344488, 74.097563 -33.649171 0.344488,
74.104794 -33.644107 0.344488, 74.116043 -33.632858 0.344488,
74.116409 -33.632071 0.344488, 74.117175 -33.631661 0.344488,
74.122579 -33.622946 0.344488, 74.145076 -33.566703 0.344488,
74.145088 -33.566335 0.344488, 74.145468 -33.565668 0.344488,
74.201711 -33.408187 0.344488, 74.201589 -33.38799 0.344488,
74.188513 -33.372596 0.344488, 74.1686 -33.369209 0.344488,
74.15117 -33.379413 0.344488, 74.146096 -33.388325 0.344488,
74.117661 -33.467944 0.344488, 69.905436 -33.421903 0.344488,
69.903656 -33.432002 0.344488, 69.903656 -33.443251 0.344488,
69.904259 -33.444909 0.344488, 69.903849 -33.446627 0.344488,
69.906773 -33.456456 0.344488, 69.918022 -33.478953 0.344488,
69.921231 -33.481992 0.344488, 69.92299 -33.486049 0.344488,
69.931227 -33.492158 0.344488, 69.953724 -33.503407 0.344488,
69.955477 -33.503608 0.344488, 69.95683 -33.504743 0.344488,
69.966929 -33.506524 0.344488, 69.993705 -33.506524 0.344488,
70.001163 -33.510253 0.344488, 70.00422 -33.516366 0.344488,
70.001163 -33.52248 0.344488, 69.993705 -33.526209 0.344488,
69.962651 -33.526209 0.344488, 69.946388 -33.518078 0.344488,
69.926322 -33.515769 0.344488, 69.909467 -33.526898 0.344488,
69.903709 -33.546257 0.344488, 69.911741 -33.564789 0.344488,
69.919978 -33.570898 0.344488, 69.942476 -33.582147 0.344488,
69.944228 -33.582348 0.344488, 69.945581 -33.583483 0.344488,
69.95568 -33.585264 0.344488, 70.000675 -33.585264 0.344488,
70.002333 -33.58466 0.344488, 70.00405 -33.585071 0.344488,
70.01388 -33.582147 0.344488, 70.036377 -33.570898 0.344488,
70.039416 -33.567688 0.344488, 70.043473 -33.56593 0.344488,
70.049582 -33.557693 0.344488, 70.060831 -33.535196 0.344488,
70.061032 -33.533443 0.344488, 70.062167 -33.53209 0.344488,
70.063948 -33.521991 0.344488, 70.063948 -33.510742 0.344488,
70.063344 -33.509083 0.344488, 70.063755 -33.507367 0.344488,
70.060831 -33.497537 0.344488, 70.049582 -33.47504 0.344488,
70.046372 -33.472 0.344488, 70.044614 -33.467944 0.344488,
70.036377 -33.461835 0.344488, 70.01388 -33.450586 0.344488,
70.012126 -33.450384 0.344488, 70.010774 -33.44925 0.344488,
70.000675 -33.447469 0.344488, 69.9739 -33.447469 0.344488,
69.96644 -33.443739 0.344488, 69.963383 -33.437626 0.344488,
69.96644 -33.431513 0.344488, 69.9739 -33.427784 0.344488,
69.993705 -33.427784 0.344488, 70.009967 -33.435915 0.344488,
70.030033 -33.438224 0.344488, 70.046888 -33.427095 0.344488,
70.052647 -33.407735 0.344488, 70.044614 -33.389204 0.344488,
70.036377 -33.383094 0.344488, 70.01388 -33.371846 0.344488,
70.012126 -33.371644 0.344488, 70.010774 -33.370509 0.344488,
70.000675 -33.368729 0.344488, 69.966929 -33.368729 0.344488,
69.96527 -33.369332 0.344488, 69.963554 -33.368922 0.344488,
69.953724 -33.371846 0.344488, 69.931227 -33.383094 0.344488,
69.928187 -33.386305 0.344488, 69.924131 -33.388063 0.344488,
69.918022 -33.3963 0.344488, 69.906773 -33.418797 0.344488,
69.906571 -33.42055 0.344488, 70.238852 -33.570898 0.344488,
70.239294 -33.57043 0.344488, 70.246526 -33.565367 0.344488,
70.257774 -33.554119 0.344488, 70.258046 -33.553535 0.344488,
70.263306 -33.546444 0.344488, 70.274554 -33.523947 0.344488,
70.274756 -33.522194 0.344488, 70.275891 -33.520841 0.344488,
70.277671 -33.510742 0.344488, 70.277671 -33.443251 0.344488,
70.277067 -33.441592 0.344488, 70.277478 -33.439875 0.344488,
70.274554 -33.430046 0.344488, 70.263306 -33.407548 0.344488,
70.262838 -33.407106 0.344488, 70.257774 -33.399874 0.344488,
70.246526 -33.388626 0.344488, 70.245942 -33.388354 0.344488,
70.238852 -33.383094 0.344488, 70.216354 -33.371846 0.344488,
70.214601 -33.371644 0.344488, 70.213248 -33.370509 0.344488,
70.203149 -33.368729 0.344488, 70.169404 -33.368729 0.344488,
70.167745 -33.369332 0.344488, 70.166028 -33.368922 0.344488,
70.156199 -33.371846 0.344488, 70.133701 -33.383094 0.344488,
70.133258 -33.383562 0.344488, 70.126027 -33.388626 0.344488,
70.114778 -33.399875 0.344488, 70.114506 -33.400459 0.344488,
70.109248 -33.407548 0.344488, 70.097999 -33.430046 0.344488,
70.097797 -33.431799 0.344488, 70.096662 -33.433152 0.344488,
70.094881 -33.443251 0.344488, 70.094881 -33.503771 0.344488,
70.094881 -33.510742 0.344488, 70.095485 -33.512401 0.344488,
70.095075 -33.514118 0.344488, 70.097999 -33.523947 0.344488,
70.109248 -33.546444 0.344488, 70.109715 -33.546887 0.344488,
70.114778 -33.554118 0.344488, 70.126027 -33.565367 0.344488,
70.12661 -33.565639 0.344488, 70.133701 -33.570898 0.344488,
70.156199 -33.582147 0.344488, 70.157952 -33.582348 0.344488,
70.159304 -33.583483 0.344488, 70.169404 -33.585264 0.344488,
70.203149 -33.585264 0.344488, 70.204807 -33.58466 0.344488,
70.206525 -33.585071 0.344488, 70.216354 -33.582147 0.344488,
70.218616 -33.450221 0.344488, 70.218616 -33.503772 0.344488,
70.212628 -33.515748 0.344488, 70.208155 -33.520221 0.344488,
70.196179 -33.526209 0.344488, 70.176374 -33.526209 0.344488,
70.164397 -33.520221 0.344488, 70.159925 -33.515749 0.344488,
70.153937 -33.503771 0.344488, 70.153937 -33.450221 0.344488,
70.159925 -33.438244 0.344488, 70.164397 -33.433772 0.344488,
70.176374 -33.427784 0.344488, 70.196179 -33.427784 0.344488,
70.208155 -33.433772 0.344488, 70.212628 -33.438244 0.344488,
70.844319 -33.368729 0.344488, 70.799325 -33.368729 0.344488,
70.797666 -33.369332 0.344488, 70.795949 -33.368922 0.344488,
70.78612 -33.371846 0.344488, 70.763622 -33.383094 0.344488,
70.760583 -33.386305 0.344488, 70.756527 -33.388063 0.344488,
70.750417 -33.3963 0.344488, 70.739169 -33.418797 0.344488,
70.738967 -33.42055 0.344488, 70.737832 -33.421903 0.344488,
70.736051 -33.432002 0.344488, 70.736051 -33.440978 0.344488,
70.736051 -33.521991 0.344488, 70.736655 -33.52365 0.344488,
70.736245 -33.525367 0.344488, 70.739169 -33.535196 0.344488,
70.750417 -33.557693 0.344488, 70.753627 -33.560732 0.344488,
70.755386 -33.564789 0.344488, 70.763622 -33.570898 0.344488,
70.78612 -33.582147 0.344488, 70.787873 -33.582348 0.344488,
70.789226 -33.583483 0.344488, 70.799325 -33.585264 0.344488,
70.844319 -33.585264 0.344488, 70.845977 -33.58466 0.344488,
70.847694 -33.585071 0.344488, 70.857524 -33.582147 0.344488,
70.880021 -33.570898 0.344488, 70.893908 -33.556231 0.344488,
70.895119 -33.53607 0.344488, 70.883086 -33.519847 0.344488,
70.863441 -33.515154 0.344488, 70.853611 -33.518078 0.344488,
70.837349 -33.526209 0.344488, 70.806295 -33.526209 0.344488,
70.798836 -33.52248 0.344488, 70.795106 -33.51502 0.344488,
70.795106 -33.501203 0.344488, 70.883856 -33.483454 0.344488,
70.888024 -33.480918 0.344488, 70.892829 -33.480071 0.344488,
70.896385 -33.475832 0.344488, 70.901112 -33.472957 0.344488,
70.902675 -33.468336 0.344488, 70.905812 -33.464598 0.344488,
70.907593 -33.454499 0.344488, 70.907593 -33.432002 0.344488,
70.906989 -33.430343 0.344488, 70.907399 -33.428626 0.344488,
70.904475 -33.418796 0.344488, 70.893226 -33.3963 0.344488,
70.890016 -33.39326 0.344488, 70.888258 -33.389204 0.344488,
70.880021 -33.383094 0.344488, 70.857524 -33.371846 0.344488,
70.85577 -33.371644 0.344488, 70.854418 -33.370509 0.344488,
70.844129 -33.431174 0.344488, 70.795106 -33.440978 0.344488,
70.795106 -33.438972 0.344488, 70.798836 -33.431513 0.344488,
70.806295 -33.427784 0.344488, 70.837349 -33.427784 0.344488,
71.188807 -33.369172 0.344488, 71.188807 -33.319516 0.344488,
71.181899 -33.300536 0.344488, 71.164407 -33.290437 0.344488,
71.144516 -33.293944 0.344488, 71.131533 -33.309417 0.344488,
71.129752 -33.319516 0.344488, 71.129752 -33.555737 0.344488,
71.136661 -33.574717 0.344488, 71.154152 -33.584816 0.344488,
71.174044 -33.581308 0.344488, 71.187027 -33.565836 0.344488,
71.188807 -33.555737 0.344488, 71.188807 -33.433378 0.344488,
71.199996 -33.427784 0.344488, 71.219801 -33.427784 0.344488,
71.22726 -33.431513 0.344488, 71.23099 -33.438972 0.344488,
71.23099 -33.555737 0.344488, 71.237898 -33.574717 0.344488,
71.25539 -33.584816 0.344488, 71.275281 -33.581308 0.344488,
71.288264 -33.565836 0.344488, 71.290045 -33.555737 0.344488,
71.290045 -33.432002 0.344488, 71.289441 -33.430343 0.344488,
71.289851 -33.428626 0.344488, 71.286928 -33.418796 0.344488,
71.275679 -33.3963 0.344488, 71.272469 -33.39326 0.344488,
71.27071 -33.389204 0.344488, 71.262474 -33.383094 0.344488,
71.239976 -33.371846 0.344488, 71.238223 -33.371644 0.344488,
71.23687 -33.370509 0.344488, 71.226771 -33.368729 0.344488,
71.193026 -33.368729 0.344488, 71.191367 -33.369332 0.344488,
71.18965 -33.368922 0.344488, 71.391282 -33.51502 0.344488,
71.391282 -33.506464 0.344488, 71.395011 -33.499005 0.344488,
71.402471 -33.495276 0.344488, 71.444713 -33.495276 0.344488,
71.444713 -33.526209 0.344488, 71.402471 -33.526209 0.344488,
71.395011 -33.52248 0.344488, 71.334007 -33.489394 0.344488,
71.332227 -33.499494 0.344488, 71.332227 -33.51502 0.344488,
71.332227 -33.521991 0.344488, 71.33283 -33.52365 0.344488,
71.33242 -33.525367 0.344488, 71.335344 -33.535196 0.344488,
71.346593 -33.557693 0.344488, 71.349803 -33.560732 0.344488,
71.351561 -33.564789 0.344488, 71.359798 -33.570898 0.344488,
71.382296 -33.582147 0.344488, 71.384048 -33.582348 0.344488,
71.385401 -33.583483 0.344488, 71.3955 -33.585264 0.344488,
71.451743 -33.585264 0.344488, 71.453402 -33.58466 0.344488,
71.455119 -33.585071 0.344488, 71.464646 -33.582237 0.344488,
71.469113 -33.584816 0.344488, 71.489004 -33.581308 0.344488,
71.501987 -33.565836 0.344488, 71.503768 -33.555737 0.344488,
71.503768 -33.432002 0.344488, 71.503164 -33.430343 0.344488,
71.503574 -33.428626 0.344488, 71.500651 -33.418796 0.344488,
71.489402 -33.3963 0.344488, 71.486192 -33.39326 0.344488,
71.484433 -33.389204 0.344488, 71.476197 -33.383094 0.344488,
71.4537 -33.371846 0.344488, 71.451946 -33.371644 0.344488,
71.450594 -33.370509 0.344488, 71.440494 -33.368729 0.344488,
71.3955 -33.368729 0.344488, 71.393842 -33.369332 0.344488,
71.392125 -33.368922 0.344488, 71.382296 -33.371846 0.344488,
71.359798 -33.383094 0.344488, 71.345911 -33.397761 0.344488,
71.344701 -33.417923 0.344488, 71.356733 -33.434146 0.344488,
71.376379 -33.438839 0.344488, 71.386208 -33.435915 0.344488,
71.402471 -33.427784 0.344488, 71.433524 -33.427784 0.344488,
71.440983 -33.431513 0.344488, 71.443337 -33.43622 0.344488,
71.3955 -33.43622 0.344488, 71.393842 -33.436824 0.344488,
71.392125 -33.436414 0.344488, 71.382296 -33.439338 0.344488,
71.359798 -33.450586 0.344488, 71.356758 -33.453796 0.344488,
71.352702 -33.455555 0.344488, 71.346593 -33.463791 0.344488,
71.335344 -33.486289 0.344488, 71.335142 -33.488042 0.344488,
71.834195 -33.368729 0.344488, 71.789201 -33.368729 0.344488,
71.787543 -33.369332 0.344488, 71.785826 -33.368922 0.344488,
71.775996 -33.371846 0.344488, 71.753499 -33.383094 0.344488,
71.750459 -33.386305 0.344488, 71.746403 -33.388063 0.344488,
71.740294 -33.3963 0.344488, 71.729045 -33.418797 0.344488,
71.728843 -33.42055 0.344488, 71.727708 -33.421903 0.344488,
71.725928 -33.432002 0.344488, 71.725928 -33.440978 0.344488,
71.725928 -33.521991 0.344488, 71.726531 -33.52365 0.344488,
71.726121 -33.525367 0.344488, 71.729045 -33.535196 0.344488,
71.740294 -33.557693 0.344488, 71.743504 -33.560732 0.344488,
71.745262 -33.564789 0.344488, 71.753499 -33.570898 0.344488,
71.775996 -33.582147 0.344488, 71.777749 -33.582348 0.344488,
71.779102 -33.583483 0.344488, 71.789201 -33.585264 0.344488,
71.834195 -33.585264 0.344488, 71.835854 -33.58466 0.344488,
71.837571 -33.585071 0.344488, 71.8474 -33.582147 0.344488,
71.869898 -33.570898 0.344488, 71.883784 -33.556231 0.344488,
71.884995 -33.53607 0.344488, 71.872962 -33.519847 0.344488,
71.853317 -33.515154 0.344488, 71.843488 -33.518078 0.344488,
71.827225 -33.526209 0.344488, 71.796172 -33.526209 0.344488,
71.788712 -33.52248 0.344488, 71.784983 -33.51502 0.344488,
71.784983 -33.501203 0.344488, 71.873732 -33.483454 0.344488,
71.8779 -33.480918 0.344488, 71.882705 -33.480071 0.344488,
71.886262 -33.475832 0.344488, 71.890989 -33.472957 0.344488,
71.892552 -33.468336 0.344488, 71.895688 -33.464598 0.344488,
71.897469 -33.454499 0.344488, 71.897469 -33.432002 0.344488,
71.896865 -33.430343 0.344488, 71.897275 -33.428626 0.344488,
71.894352 -33.418796 0.344488, 71.883103 -33.3963 0.344488,
71.879893 -33.39326 0.344488, 71.878134 -33.389204 0.344488,
71.869898 -33.383094 0.344488, 71.8474 -33.371846 0.344488,
71.845647 -33.371644 0.344488, 71.844294 -33.370509 0.344488,
71.834006 -33.431174 0.344488, 71.784983 -33.440978 0.344488,
71.784983 -33.438972 0.344488, 71.788712 -33.431513 0.344488,
71.796172 -33.427784 0.344488, 71.827225 -33.427784 0.344488,
72.119629 -33.368729 0.344488, 72.11541 -33.368729 0.344488,
72.09643 -33.375637 0.344488, 72.086331 -33.393129 0.344488,
72.089839 -33.41302 0.344488, 72.105311 -33.426003 0.344488,
72.11541 -33.427784 0.344488, 72.119629 -33.427784 0.344488,
72.119629 -33.521991 0.344488, 72.120232 -33.523649 0.344488,
72.119822 -33.525367 0.344488, 72.122746 -33.535196 0.344488,
72.133994 -33.557693 0.344488, 72.137204 -33.560732 0.344488,
72.138963 -33.564789 0.344488, 72.1472 -33.570898 0.344488,
72.169697 -33.582147 0.344488, 72.17145 -33.582348 0.344488,
72.172803 -33.583483 0.344488, 72.182902 -33.585264 0.344488,
72.205399 -33.585264 0.344488, 72.224379 -33.578356 0.344488,
72.234478 -33.560864 0.344488, 72.230971 -33.540973 0.344488,
72.215498 -33.52799 0.344488, 72.205399 -33.526209 0.344488,
72.189872 -33.526209 0.344488, 72.182413 -33.52248 0.344488,
72.178684 -33.51502 0.344488, 72.178684 -33.427784 0.344488,
72.205399 -33.427784 0.344488, 72.224379 -33.420876 0.344488,
72.234478 -33.403384 0.344488, 72.230971 -33.383493 0.344488,
72.215498 -33.370509 0.344488, 72.205399 -33.368729 0.344488,
72.178684 -33.368729 0.344488, 72.178684 -33.319516 0.344488,
72.171776 -33.300536 0.344488, 72.154284 -33.290437 0.344488,
72.134393 -33.293944 0.344488, 72.121409 -33.309417 0.344488,
72.119629 -33.319516 0.344488, 72.387333 -33.570898 0.344488,
72.387776 -33.57043 0.344488, 72.395007 -33.565367 0.344488,
72.406256 -33.554119 0.344488, 72.406528 -33.553535 0.344488,
72.411787 -33.546444 0.344488, 72.423035 -33.523947 0.344488,
72.423237 -33.522194 0.344488, 72.424372 -33.520841 0.344488,
72.426153 -33.510742 0.344488, 72.426153 -33.443251 0.344488,
72.425549 -33.441592 0.344488, 72.425959 -33.439875 0.344488,
72.423035 -33.430046 0.344488, 72.411787 -33.407548 0.344488,
72.41132 -33.407106 0.344488, 72.406256 -33.399874 0.344488,
72.395007 -33.388626 0.344488, 72.394424 -33.388354 0.344488,
72.387333 -33.383094 0.344488, 72.364836 -33.371846 0.344488,
72.363082 -33.371644 0.344488, 72.36173 -33.370509 0.344488,
72.351631 -33.368729 0.344488, 72.317885 -33.368729 0.344488,
72.316226 -33.369332 0.344488, 72.314509 -33.368922 0.344488,
72.30468 -33.371846 0.344488, 72.282183 -33.383094 0.344488,
72.28174 -33.383562 0.344488, 72.274508 -33.388626 0.344488,
72.26326 -33.399875 0.344488, 72.262987 -33.400459 0.344488,
72.257729 -33.407548 0.344488, 72.24648 -33.430046 0.344488,
72.246278 -33.431799 0.344488, 72.245144 -33.433152 0.344488,
72.243363 -33.443251 0.344488, 72.243363 -33.503771 0.344488,
72.243363 -33.510742 0.344488, 72.243967 -33.512401 0.344488,
72.243557 -33.514118 0.344488, 72.24648 -33.523947 0.344488,
72.257729 -33.546444 0.344488, 72.258197 -33.546887 0.344488,
72.26326 -33.554118 0.344488, 72.274508 -33.565367 0.344488,
72.275091 -33.565639 0.344488, 72.282183 -33.570898 0.344488,
72.30468 -33.582147 0.344488, 72.306433 -33.582348 0.344488,
72.307786 -33.583483 0.344488, 72.317885 -33.585264 0.344488,
72.351631 -33.585264 0.344488, 72.353289 -33.58466 0.344488,
72.355006 -33.585071 0.344488, 72.364836 -33.582147 0.344488,
72.367098 -33.450221 0.344488, 72.367098 -33.503772 0.344488,
72.361109 -33.515748 0.344488, 72.356637 -33.520221 0.344488,
72.344661 -33.526209 0.344488, 72.324856 -33.526209 0.344488,
72.312879 -33.520221 0.344488, 72.308407 -33.515749 0.344488,
72.302418 -33.503771 0.344488, 72.302418 -33.450221 0.344488,
72.308407 -33.438244 0.344488, 72.312879 -33.433772 0.344488,
72.324856 -33.427784 0.344488, 72.344661 -33.427784 0.344488,
72.356637 -33.433772 0.344488, 72.361109 -33.438244 0.344488,
72.947806 -32.986052 0.344488, 72.902812 -32.986052 0.344488,
72.901153 -32.986655 0.344488, 72.899436 -32.986245 0.344488,
72.889607 -32.989169 0.344488, 72.867109 -33.000417 0.344488,
72.86407 -33.003628 0.344488, 72.860014 -33.005386 0.344488,
72.853904 -33.013622 0.344488, 72.842656 -33.03612 0.344488,
72.842454 -33.037873 0.344488, 72.841319 -33.039226 0.344488,
72.839538 -33.049325 0.344488, 72.839538 -33.058301 0.344488,
72.839538 -33.139314 0.344488, 72.840142 -33.140972 0.344488,
72.839732 -33.14269 0.344488, 72.842656 -33.152519 0.344488,
72.853904 -33.175016 0.344488, 72.857114 -33.178055 0.344488,
72.858873 -33.182112 0.344488, 72.867109 -33.188221 0.344488,
72.889607 -33.19947 0.344488, 72.89136 -33.199671 0.344488,
72.892713 -33.200806 0.344488, 72.902812 -33.202587 0.344488,
72.947806 -33.202587 0.344488, 72.949464 -33.201983 0.344488,
72.951181 -33.202394 0.344488, 72.961011 -33.19947 0.344488,
72.983508 -33.188221 0.344488, 72.997395 -33.173554 0.344488,
72.998606 -33.153393 0.344488, 72.986573 -33.13717 0.344488,
72.966928 -33.132477 0.344488, 72.957098 -33.135401 0.344488,
72.940836 -33.143532 0.344488, 72.909782 -33.143532 0.344488,
72.902323 -33.139802 0.344488, 72.898593 -33.132343 0.344488,
72.898593 -33.118526 0.344488, 72.987343 -33.100776 0.344488,
72.991511 -33.098241 0.344488, 72.996316 -33.097394 0.344488,
72.999872 -33.093155 0.344488, 73.004599 -33.09028 0.344488,
73.006162 -33.085659 0.344488, 73.009299 -33.081921 0.344488,
73.01108 -33.071822 0.344488, 73.01108 -33.049325 0.344488,
73.010476 -33.047666 0.344488, 73.010886 -33.045949 0.344488,
73.007962 -33.036119 0.344488, 72.996713 -33.013622 0.344488,
72.993503 -33.010583 0.344488, 72.991745 -33.006526 0.344488,
72.983508 -33.000417 0.344488, 72.961011 -32.989169 0.344488,
72.959257 -32.988967 0.344488, 72.957905 -32.987832 0.344488,
72.947616 -33.048497 0.344488, 72.898593 -33.058301 0.344488,
72.898593 -33.056295 0.344488, 72.902323 -33.048836 0.344488,
72.909782 -33.045107 0.344488, 72.940836 -33.045107 0.344488,
72.781034 -33.570898 0.344488, 72.781477 -33.57043 0.344488,
72.788708 -33.565367 0.344488, 72.799957 -33.554119 0.344488,
72.800228 -33.553535 0.344488, 72.805488 -33.546444 0.344488,
72.816736 -33.523947 0.344488, 72.816938 -33.522194 0.344488,
72.818073 -33.520841 0.344488, 72.819854 -33.510742 0.344488,
72.819854 -33.443251 0.344488, 72.81925 -33.441592 0.344488,
72.81966 -33.439875 0.344488, 72.816736 -33.430046 0.344488,
72.805488 -33.407548 0.344488, 72.80502 -33.407106 0.344488,
72.799957 -33.399874 0.344488, 72.788708 -33.388626 0.344488,
72.788124 -33.388354 0.344488, 72.781034 -33.383094 0.344488,
72.758537 -33.371846 0.344488, 72.756783 -33.371644 0.344488,
72.755431 -33.370509 0.344488, 72.745331 -33.368729 0.344488,
72.707368 -33.368729 0.344488, 72.707368 -33.319516 0.344488,
72.700459 -33.300536 0.344488, 72.682968 -33.290437 0.344488,
72.663076 -33.293944 0.344488, 72.650093 -33.309417 0.344488,
72.648313 -33.319516 0.344488, 72.648313 -33.427784 0.344488,
72.648313 -33.555737 0.344488, 72.655221 -33.574717 0.344488,
72.672713 -33.584816 0.344488, 72.687565 -33.582196 0.344488,
72.688885 -33.582348 0.344488, 72.690238 -33.583483 0.344488,
72.700337 -33.585264 0.344488, 72.745331 -33.585264 0.344488,
72.74699 -33.58466 0.344488, 72.748707 -33.585071 0.344488,
72.758537 -33.582147 0.344488, 72.760798 -33.450221 0.344488,
72.760798 -33.503772 0.344488, 72.75481 -33.515748 0.344488,
72.750337 -33.520221 0.344488, 72.738361 -33.526209 0.344488,
72.707368 -33.526209 0.344488, 72.707368 -33.427784 0.344488,
72.738361 -33.427784 0.344488, 72.750337 -33.433772 0.344488,
72.75481 -33.438244 0.344488, 72.959055 -33.368729 0.344488,
72.914061 -33.368729 0.344488, 72.912402 -33.369332 0.344488,
72.910685 -33.368922 0.344488, 72.900856 -33.371846 0.344488,
72.878358 -33.383094 0.344488, 72.875319 -33.386305 0.344488,
72.871263 -33.388063 0.344488, 72.865153 -33.3963 0.344488,
72.853904 -33.418797 0.344488, 72.853702 -33.42055 0.344488,
72.852568 -33.421903 0.344488, 72.850787 -33.432002 0.344488,
72.850787 -33.438972 0.344488, 72.850787 -33.521991 0.344488,
72.851391 -33.52365 0.344488, 72.850981 -33.525367 0.344488,
72.853904 -33.535196 0.344488, 72.865153 -33.557693 0.344488,
72.868363 -33.560732 0.344488, 72.870122 -33.564789 0.344488,
72.878358 -33.570898 0.344488, 72.900856 -33.582147 0.344488,
72.902609 -33.582348 0.344488, 72.903961 -33.583483 0.344488,
72.914061 -33.585264 0.344488, 72.959055 -33.585264 0.344488,
72.960713 -33.58466 0.344488, 72.96243 -33.585071 0.344488,
72.97226 -33.582147 0.344488, 72.994757 -33.570898 0.344488,
73.008644 -33.556231 0.344488, 73.009854 -33.53607 0.344488,
72.997822 -33.519847 0.344488, 72.978176 -33.515154 0.344488,
72.968347 -33.518078 0.344488, 72.952085 -33.526209 0.344488,
72.921031 -33.526209 0.344488, 72.913572 -33.52248 0.344488,
72.909842 -33.51502 0.344488, 72.909842 -33.501203 0.344488,
72.998591 -33.483454 0.344488, 73.002759 -33.480918 0.344488,
73.007565 -33.480071 0.344488, 73.011121 -33.475832 0.344488,
73.015848 -33.472957 0.344488, 73.017411 -33.468336 0.344488,
73.020548 -33.464598 0.344488, 73.022328 -33.454499 0.344488,
73.022328 -33.432002 0.344488, 73.021724 -33.430343 0.344488,
73.022135 -33.428626 0.344488, 73.019211 -33.418796 0.344488,
73.007962 -33.3963 0.344488, 73.004752 -33.39326 0.344488,
73.002994 -33.389204 0.344488, 72.994757 -33.383094 0.344488,
72.97226 -33.371846 0.344488, 72.970506 -33.371644 0.344488,
72.969154 -33.370509 0.344488, 72.958865 -33.431174 0.344488,
72.909842 -33.440978 0.344488, 72.909842 -33.438972 0.344488,
72.913572 -33.431513 0.344488, 72.921031 -33.427784 0.344488,
72.952085 -33.427784 0.344488, 73.370586 -33.403384 0.344488,
73.367079 -33.383493 0.344488, 73.351606 -33.370509 0.344488,
73.341507 -33.368729 0.344488, 73.31901 -33.368729 0.344488,
73.317352 -33.369332 0.344488, 73.315634 -33.368922 0.344488,
73.305805 -33.371846 0.344488, 73.293994 -33.377751 0.344488,
73.279143 -33.369177 0.344488, 73.259252 -33.372685 0.344488,
73.246269 -33.388157 0.344488, 73.244488 -33.398256 0.344488,
73.244488 -33.555737 0.344488, 73.251396 -33.574717 0.344488,
73.268888 -33.584816 0.344488, 73.28878 -33.581308 0.344488,
73.301763 -33.565836 0.344488, 73.303543 -33.555737 0.344488,
73.303543 -33.450221 0.344488, 73.309531 -33.438244 0.344488,
73.314004 -33.433772 0.344488, 73.32598 -33.427784 0.344488,
73.341507 -33.427784 0.344488, 73.360487 -33.420876 0.344488,
73.487739 -33.368729 0.344488, 73.442745 -33.368729 0.344488,
73.441086 -33.369332 0.344488, 73.439369 -33.368922 0.344488,
73.42954 -33.371846 0.344488, 73.407043 -33.383094 0.344488,
73.404003 -33.386305 0.344488, 73.399947 -33.388063 0.344488,
73.393837 -33.3963 0.344488, 73.382589 -33.418797 0.344488,
73.382387 -33.42055 0.344488, 73.381252 -33.421903 0.344488,
73.379471 -33.432002 0.344488, 73.379471 -33.440978 0.344488,
73.379471 -33.521991 0.344488, 73.380075 -33.52365 0.344488,
73.379665 -33.525367 0.344488, 73.382589 -33.535196 0.344488,
73.393837 -33.557693 0.344488, 73.397047 -33.560732 0.344488,
73.398806 -33.564789 0.344488, 73.407043 -33.570898 0.344488,
73.42954 -33.582147 0.344488, 73.431293 -33.582348 0.344488,
73.432646 -33.583483 0.344488, 73.442745 -33.585264 0.344488,
73.487739 -33.585264 0.344488, 73.489397 -33.58466 0.344488,
73.491115 -33.585071 0.344488, 73.500944 -33.582147 0.344488,
73.523441 -33.570898 0.344488, 73.537328 -33.556231 0.344488,
73.538539 -33.53607 0.344488, 73.526506 -33.519847 0.344488,
73.506861 -33.515154 0.344488, 73.497031 -33.518078 0.344488,
73.480769 -33.526209 0.344488, 73.449715 -33.526209 0.344488,
73.442256 -33.52248 0.344488, 73.438526 -33.51502 0.344488,
73.438526 -33.501203 0.344488, 73.527276 -33.483454 0.344488,
73.531444 -33.480918 0.344488, 73.536249 -33.480071 0.344488,
73.539806 -33.475832 0.344488, 73.544532 -33.472957 0.344488,
73.546095 -33.468336 0.344488, 73.549232 -33.464598 0.344488,
73.551013 -33.454499 0.344488, 73.551013 -33.432002 0.344488,
73.550409 -33.430343 0.344488, 73.550819 -33.428626 0.344488,
73.547895 -33.418796 0.344488, 73.536646 -33.3963 0.344488,
73.533436 -33.39326 0.344488, 73.531678 -33.389204 0.344488,
73.523441 -33.383094 0.344488, 73.500944 -33.371846 0.344488,
73.499191 -33.371644 0.344488, 73.497838 -33.370509 0.344488,
73.487549 -33.431174 0.344488, 73.438526 -33.440978 0.344488,
73.438526 -33.438972 0.344488, 73.442256 -33.431513 0.344488,
73.449715 -33.427784 0.344488, 73.480769 -33.427784 0.344488,
73.641001 -33.51502 0.344488, 73.641001 -33.506464 0.344488,
73.644731 -33.499005 0.344488, 73.65219 -33.495276 0.344488,
73.694432 -33.495276 0.344488, 73.694432 -33.526209 0.344488,
73.65219 -33.526209 0.344488, 73.644731 -33.52248 0.344488,
73.583727 -33.489394 0.344488, 73.581946 -33.499494 0.344488,
73.581946 -33.51502 0.344488, 73.581946 -33.521991 0.344488,
73.58255 -33.52365 0.344488, 73.58214 -33.525367 0.344488,
73.585063 -33.535196 0.344488, 73.596312 -33.557693 0.344488,
73.599522 -33.560732 0.344488, 73.601281 -33.564789 0.344488,
73.609517 -33.570898 0.344488, 73.632015 -33.582147 0.344488,
73.633768 -33.582348 0.344488, 73.63512 -33.583483 0.344488,
73.64522 -33.585264 0.344488, 73.701463 -33.585264 0.344488,
73.703121 -33.58466 0.344488, 73.704838 -33.585071 0.344488,
73.714365 -33.582237 0.344488, 73.718832 -33.584816 0.344488,
73.738724 -33.581308 0.344488, 73.751707 -33.565836 0.344488,
73.753487 -33.555737 0.344488, 73.753487 -33.432002 0.344488,
73.752883 -33.430343 0.344488, 73.753294 -33.428626 0.344488,
73.75037 -33.418796 0.344488, 73.739121 -33.3963 0.344488,
73.735911 -33.39326 0.344488, 73.734153 -33.389204 0.344488,
73.725916 -33.383094 0.344488, 73.703419 -33.371846 0.344488,
73.701665 -33.371644 0.344488, 73.700313 -33.370509 0.344488,
73.690214 -33.368729 0.344488, 73.64522 -33.368729 0.344488,
73.643561 -33.369332 0.344488, 73.641844 -33.368922 0.344488,
73.632015 -33.371846 0.344488, 73.609517 -33.383094 0.344488,
73.595631 -33.397761 0.344488, 73.59442 -33.417923 0.344488,
73.606453 -33.434146 0.344488, 73.626098 -33.438839 0.344488,
73.635928 -33.435915 0.344488, 73.65219 -33.427784 0.344488,
73.683244 -33.427784 0.344488, 73.690702 -33.431513 0.344488,
73.693056 -33.43622 0.344488, 73.64522 -33.43622 0.344488,
73.643561 -33.436824 0.344488, 73.641844 -33.436414 0.344488,
73.632015 -33.439338 0.344488, 73.609517 -33.450586 0.344488,
73.606478 -33.453796 0.344488, 73.602422 -33.455555 0.344488,
73.596312 -33.463791 0.344488, 73.585063 -33.486289 0.344488,
73.584861 -33.488042 0.344488, 74.664624 -33.51502 0.344488,
74.664624 -33.506464 0.344488, 74.668353 -33.499005 0.344488,
74.675813 -33.495276 0.344488, 74.718055 -33.495276 0.344488,
74.718055 -33.526209 0.344488, 74.675813 -33.526209 0.344488,
74.668353 -33.52248 0.344488, 74.607349 -33.489394 0.344488,
74.605569 -33.499494 0.344488, 74.605569 -33.51502 0.344488,
74.605569 -33.521991 0.344488, 74.606172 -33.52365 0.344488,
74.605762 -33.525367 0.344488, 74.608686 -33.535196 0.344488,
74.619935 -33.557693 0.344488, 74.623144 -33.560732 0.344488,
74.624903 -33.564789 0.344488, 74.63314 -33.570898 0.344488,
74.655637 -33.582147 0.344488, 74.65739 -33.582348 0.344488,
74.658743 -33.583483 0.344488, 74.668842 -33.585264 0.344488,
74.725085 -33.585264 0.344488, 74.726743 -33.58466 0.344488,
74.728461 -33.585071 0.344488, 74.737988 -33.582237 0.344488,
74.742455 -33.584816 0.344488, 74.762346 -33.581308 0.344488,
74.775329 -33.565836 0.344488, 74.77711 -33.555737 0.344488,
74.77711 -33.432002 0.344488, 74.776506 -33.430343 0.344488,
74.776916 -33.428626 0.344488, 74.773993 -33.418796 0.344488,
74.762744 -33.3963 0.344488, 74.759533 -33.39326 0.344488,
74.757775 -33.389204 0.344488, 74.749539 -33.383094 0.344488,
74.727041 -33.371846 0.344488, 74.725288 -33.371644 0.344488,
74.723935 -33.370509 0.344488, 74.713836 -33.368729 0.344488,
74.668842 -33.368729 0.344488, 74.667183 -33.369332 0.344488,
74.665467 -33.368922 0.344488, 74.655637 -33.371846 0.344488,
74.63314 -33.383094 0.344488, 74.619253 -33.397761 0.344488,
74.618043 -33.417923 0.344488, 74.630075 -33.434146 0.344488,
74.64972 -33.438839 0.344488, 74.65955 -33.435915 0.344488,
74.675813 -33.427784 0.344488, 74.706866 -33.427784 0.344488,
74.714325 -33.431513 0.344488, 74.716679 -33.43622 0.344488,
74.668842 -33.43622 0.344488, 74.667183 -33.436824 0.344488,
74.665467 -33.436414 0.344488, 74.655637 -33.439338 0.344488,
74.63314 -33.450586 0.344488, 74.6301 -33.453796 0.344488,
74.626044 -33.455555 0.344488, 74.619935 -33.463791 0.344488,
74.608686 -33.486289 0.344488, 74.608484 -33.488042 0.344488,
74.956639 -33.403384 0.344488, 74.953131 -33.383493 0.344488,
74.937659 -33.370509 0.344488, 74.927559 -33.368729 0.344488,
74.905062 -33.368729 0.344488, 74.903404 -33.369332 0.344488,
74.901687 -33.368922 0.344488, 74.891857 -33.371846 0.344488,
74.880046 -33.377751 0.344488, 74.865196 -33.369177 0.344488,
74.845304 -33.372685 0.344488, 74.832321 -33.388157 0.344488,
74.830541 -33.398256 0.344488, 74.830541 -33.555737 0.344488,
74.837449 -33.574717 0.344488, 74.854941 -33.584816 0.344488,
74.874832 -33.581308 0.344488, 74.887815 -33.565836 0.344488,
74.889596 -33.555737 0.344488, 74.889596 -33.450221 0.344488,
74.895583 -33.438244 0.344488, 74.900056 -33.433772 0.344488,
74.912033 -33.427784 0.344488, 74.927559 -33.427784 0.344488,
74.946539 -33.420876 0.344488, 75.073791 -33.368729 0.344488,
75.028797 -33.368729 0.344488, 75.027139 -33.369332 0.344488,
75.025422 -33.368922 0.344488, 75.015593 -33.371846 0.344488,
74.993095 -33.383094 0.344488, 74.990055 -33.386305 0.344488,
74.985999 -33.388063 0.344488, 74.97989 -33.3963 0.344488,
74.968641 -33.418797 0.344488, 74.968439 -33.42055 0.344488,
74.967304 -33.421903 0.344488, 74.965524 -33.432002 0.344488,
74.965524 -33.440978 0.344488, 74.965524 -33.521991 0.344488,
74.966127 -33.52365 0.344488, 74.965717 -33.525367 0.344488,
74.968641 -33.535196 0.344488, 74.97989 -33.557693 0.344488,
74.9831 -33.560732 0.344488, 74.984858 -33.564789 0.344488,
74.993095 -33.570898 0.344488, 75.015593 -33.582147 0.344488,
75.017345 -33.582348 0.344488, 75.018698 -33.583483 0.344488,
75.028797 -33.585264 0.344488, 75.073791 -33.585264 0.344488,
75.07545 -33.58466 0.344488, 75.077167 -33.585071 0.344488,
75.086996 -33.582147 0.344488, 75.109494 -33.570898 0.344488,
75.12338 -33.556231 0.344488, 75.124591 -33.53607 0.344488,
75.112558 -33.519847 0.344488, 75.092913 -33.515154 0.344488,
75.083084 -33.518078 0.344488, 75.066821 -33.526209 0.344488,
75.035768 -33.526209 0.344488, 75.028308 -33.52248 0.344488,
75.024579 -33.51502 0.344488, 75.024579 -33.501203 0.344488,
75.113328 -33.483454 0.344488, 75.117496 -33.480918 0.344488,
75.122301 -33.480071 0.344488, 75.125858 -33.475832 0.344488,
75.130585 -33.472957 0.344488, 75.132148 -33.468336 0.344488,
75.135284 -33.464598 0.344488, 75.137065 -33.454499 0.344488,
75.137065 -33.432002 0.344488, 75.136461 -33.430343 0.344488,
75.136871 -33.428626 0.344488, 75.133948 -33.418796 0.344488,
75.122699 -33.3963 0.344488, 75.119489 -33.39326 0.344488,
75.11773 -33.389204 0.344488, 75.109494 -33.383094 0.344488,
75.086996 -33.371846 0.344488, 75.085243 -33.371644 0.344488,
75.083891 -33.370509 0.344488, 75.073602 -33.431174 0.344488,
75.024579 -33.440978 0.344488, 75.024579 -33.438972 0.344488,
75.028308 -33.431513 0.344488, 75.035768 -33.427784 0.344488,
75.066821 -33.427784 0.344488, 75.179247 -33.368729 0.344488,
75.175029 -33.368729 0.344488, 75.156049 -33.375637 0.344488,
75.14595 -33.393129 0.344488, 75.149457 -33.41302 0.344488,
75.16493 -33.426003 0.344488, 75.175029 -33.427784 0.344488,
75.179247 -33.427784 0.344488, 75.179247 -33.555737 0.344488,
75.186156 -33.574717 0.344488, 75.203647 -33.584816 0.344488,
75.223539 -33.581308 0.344488, 75.236522 -33.565836 0.344488,
75.238302 -33.555737 0.344488, 75.238302 -33.427784 0.344488,
75.265018 -33.427784 0.344488, 75.283998 -33.420876 0.344488,
75.294097 -33.403384 0.344488, 75.290589 -33.383493 0.344488,
75.275117 -33.370509 0.344488, 75.265018 -33.368729 0.344488,
75.238302 -33.368729 0.344488, 75.238302 -33.360232 0.344488,
75.242031 -33.352773 0.344488, 75.249491 -33.349044 0.344488,
75.265018 -33.349044 0.344488, 75.283998 -33.342135 0.344488,
75.294097 -33.324644 0.344488, 75.290589 -33.304752 0.344488,
75.275117 -33.291769 0.344488, 75.265018 -33.289989 0.344488,
75.24252 -33.289989 0.344488, 75.240862 -33.290592 0.344488,
75.239145 -33.290182 0.344488, 75.229316 -33.293106 0.344488,
75.206818 -33.304354 0.344488, 75.203779 -33.307564 0.344488,
75.199722 -33.309323 0.344488, 75.193613 -33.317559 0.344488,
75.182365 -33.340057 0.344488, 75.182163 -33.34181 0.344488,
75.181028 -33.343163 0.344488, 75.179247 -33.353262 0.344488,
75.316011 -33.388157 0.344488, 75.31423 -33.398256 0.344488,
75.31423 -33.521991 0.344488, 75.314834 -33.523649 0.344488,
75.314424 -33.525367 0.344488, 75.317348 -33.535196 0.344488,
75.328596 -33.557693 0.344488, 75.331806 -33.560732 0.344488,
75.333565 -33.564789 0.344488, 75.341801 -33.570898 0.344488,
75.364299 -33.582147 0.344488, 75.366052 -33.582348 0.344488,
75.367404 -33.583483 0.344488, 75.377504 -33.585264 0.344488,
75.411249 -33.585264 0.344488, 75.412907 -33.58466 0.344488,
75.414625 -33.585071 0.344488, 75.424454 -33.582147 0.344488,
75.430237 -33.579255 0.344488, 75.439868 -33.584816 0.344488,
75.459759 -33.581308 0.344488, 75.472742 -33.565836 0.344488,
75.474523 -33.555737 0.344488, 75.474523 -33.398256 0.344488,
75.467615 -33.379276 0.344488, 75.450123 -33.369177 0.344488,
75.430231 -33.372685 0.344488, 75.417248 -33.388157 0.344488,
75.415468 -33.398256 0.344488, 75.415468 -33.520615 0.344488,
75.404279 -33.526209 0.344488, 75.384474 -33.526209 0.344488,
75.377015 -33.52248 0.344488, 75.373285 -33.51502 0.344488,
75.373285 -33.398256 0.344488, 75.366377 -33.379276 0.344488,
75.348885 -33.369177 0.344488, 75.328994 -33.372685 0.344488,
70.529719 -33.572474 0.344488, 70.535321 -33.5802 0.344488,
70.535915 -33.580348 0.344488, 70.536295 -33.580831 0.344488,
70.545652 -33.582786 0.344488, 70.554914 -33.585106 0.344488,
70.555466 -33.584837 0.344488, 70.556067 -33.584963 0.344488,
70.564491 -33.580445 0.344488, 70.573077 -33.576268 0.344488,
70.573326 -33.575708 0.344488, 70.573867 -33.575419 0.344488,
70.579272 -33.566703 0.344488, 70.59685 -33.522756 0.344488,
70.614429 -33.566703 0.344488, 70.614838 -33.567161 0.344488,
70.614881 -33.567772 0.344488, 70.621523 -33.574637 0.344488,
70.627892 -33.58176 0.344488, 70.628499 -33.581847 0.344488,
70.628926 -33.582288 0.344488, 70.638421 -33.583277 0.344488,
70.647883 -33.584641 0.344488, 70.648406 -33.584317 0.344488,
70.649015 -33.58438 0.344488, 70.656923 -33.579035 0.344488,
70.66505 -33.573996 0.344488, 70.665241 -33.573413 0.344488,
70.665749 -33.57307 0.344488, 70.670236 -33.563848 0.344488,
70.71523 -33.406368 0.344488, 70.713802 -33.386221 0.344488,
70.699758 -33.371705 0.344488, 70.679668 -33.369613 0.344488,
70.662934 -33.380923 0.344488, 70.658448 -33.390144 0.344488,
70.637181 -33.464574 0.344488, 70.624266 -33.432285 0.344488,
70.618117 -33.425409 0.344488, 70.612411 -33.418156 0.344488,
70.611453 -33.417956 0.344488, 70.610802 -33.417228 0.344488,
70.60167 -33.415912 0.344488, 70.592639 -33.414025 0.344488,
70.591778 -33.414487 0.344488, 70.590811 -33.414347 0.344488,
70.58297 -33.419209 0.344488, 70.574839 -33.423569 0.344488,
70.574151 -33.424678 0.344488, 70.573645 -33.424991 0.344488,
70.573294 -33.42606 0.344488, 70.569434 -33.432285 0.344488,
70.556518 -33.464574 0.344488, 70.535253 -33.390144 0.344488,
70.523396 -33.373793 0.344488, 70.503803 -33.368887 0.344488,
70.485641 -33.377724 0.344488, 70.477408 -33.396169 0.344488,
70.47847 -33.406368 0.344488, 70.523465 -33.563848 0.344488,
70.523824 -33.564345 0.344488, 70.523806 -33.564959 0.344488,
71.704522 -33.408187 0.344488, 71.7044 -33.38799 0.344488,
71.691324 -33.372596 0.344488, 71.671412 -33.369209 0.344488,
71.653981 -33.379413 0.344488, 71.648907 -33.388325 0.344488,
71.620472 -33.467944 0.344488, 71.592037 -33.388325 0.344488,
71.579147 -33.372774 0.344488, 71.559278 -33.369147 0.344488,
71.541725 -33.37914 0.344488, 71.534702 -33.398078 0.344488,
71.536422 -33.408187 0.344488, 71.592665 -33.565668 0.344488,
71.592786 -33.565814 0.344488, 71.592787 -33.566003 0.344488,
71.599223 -33.57358 0.344488, 71.605554 -33.581219 0.344488,
71.60574 -33.581252 0.344488, 71.605863 -33.581397 0.344488,
71.615658 -33.583063 0.344488, 71.625424 -33.584846 0.344488,
71.625589 -33.584752 0.344488, 71.625775 -33.584784 0.344488,
71.634341 -33.579769 0.344488, 71.642976 -33.574853 0.344488,
71.643042 -33.574675 0.344488, 71.643206 -33.57458 0.344488,
71.64828 -33.565668 0.344488, 73.808699 -33.309417 0.344488,
73.806918 -33.319516 0.344488, 73.806918 -33.521991 0.344488,
73.807522 -33.523649 0.344488, 73.807111 -33.525367 0.344488,
73.810035 -33.535196 0.344488, 73.821284 -33.557693 0.344488,
73.824494 -33.560732 0.344488, 73.826252 -33.564789 0.344488,
73.834489 -33.570898 0.344488, 73.856987 -33.582147 0.344488,
73.877052 -33.584456 0.344488, 73.893907 -33.573327 0.344488,
73.899666 -33.553967 0.344488, 73.891633 -33.535435 0.344488,
73.883396 -33.529326 0.344488, 73.869702 -33.52248 0.344488,
73.865973 -33.51502 0.344488, 73.865973 -33.319516 0.344488,
73.859065 -33.300536 0.344488, 73.841573 -33.290437 0.344488,
73.821682 -33.293944 0.344488, 75.529734 -33.309417 0.344488,
75.527954 -33.319516 0.344488, 75.527954 -33.521991 0.344488,
75.528557 -33.523649 0.344488, 75.528147 -33.525367 0.344488,
75.531071 -33.535196 0.344488, 75.542319 -33.557693 0.344488,
75.545529 -33.560732 0.344488, 75.547288 -33.564789 0.344488,
75.555524 -33.570898 0.344488, 75.578022 -33.582147 0.344488,
75.598088 -33.584456 0.344488, 75.614943 -33.573327 0.344488,
75.620702 -33.553967 0.344488, 75.612669 -33.535435 0.344488,
75.604432 -33.529326 0.344488, 75.590738 -33.52248 0.344488,
75.587009 -33.51502 0.344488, 75.587009 -33.319516 0.344488,
75.5801 -33.300536 0.344488, 75.562609 -33.290437 0.344488,
75.542717 -33.293944 0.344488, 75.226021 -33.039226 0.344488,
75.22424 -33.049325 0.344488, 75.22424 -33.060574 0.344488,
75.224844 -33.062232 0.344488, 75.224434 -33.06395 0.344488,
75.227357 -33.073779 0.344488, 75.238606 -33.096276 0.344488,
75.241816 -33.099315 0.344488, 75.243575 -33.103372 0.344488,
75.251811 -33.109481 0.344488, 75.274309 -33.12073 0.344488,
75.276062 -33.120931 0.344488, 75.277415 -33.122066 0.344488,
75.287514 -33.123847 0.344488, 75.314289 -33.123847 0.344488,
75.321748 -33.127576 0.344488, 75.324804 -33.133689 0.344488,
75.321748 -33.139802 0.344488, 75.314289 -33.143532 0.344488,
75.283235 -33.143532 0.344488, 75.266973 -33.135401 0.344488,
75.246907 -33.133092 0.344488, 75.230052 -33.14422 0.344488,
75.224293 -33.16358 0.344488, 75.232326 -33.182112 0.344488,
75.240563 -33.188221 0.344488, 75.26306 -33.19947 0.344488,
75.264813 -33.199671 0.344488, 75.266166 -33.200806 0.344488,
75.276265 -33.202587 0.344488, 75.321259 -33.202587 0.344488,
75.322918 -33.201983 0.344488, 75.324635 -33.202394 0.344488,
75.334465 -33.19947 0.344488, 75.356962 -33.188221 0.344488,
75.360001 -33.185011 0.344488, 75.364058 -33.183253 0.344488,
75.370167 -33.175016 0.344488, 75.381415 -33.152519 0.344488,
75.381617 -33.150765 0.344488, 75.382752 -33.149413 0.344488,
75.384533 -33.139314 0.344488, 75.384533 -33.128065 0.344488,
75.383929 -33.126406 0.344488, 75.384339 -33.124689 0.344488,
75.381415 -33.11486 0.344488, 75.370167 -33.092363 0.344488,
75.366957 -33.089323 0.344488, 75.365198 -33.085267 0.344488,
75.356962 -33.079157 0.344488, 75.334465 -33.067909 0.344488,
75.332711 -33.067707 0.344488, 75.331359 -33.066572 0.344488,
75.321259 -33.064792 0.344488, 75.294484 -33.064792 0.344488,
75.287025 -33.061062 0.344488, 75.283968 -33.054949 0.344488,
75.287025 -33.048836 0.344488, 75.294484 -33.045107 0.344488,
75.314289 -33.045107 0.344488, 75.330552 -33.053238 0.344488,
75.350618 -33.055547 0.344488, 75.367473 -33.044418 0.344488,
75.373231 -33.025058 0.344488, 75.365198 -33.006526 0.344488,
75.356962 -33.000417 0.344488, 75.334465 -32.989169 0.344488,
75.332711 -32.988967 0.344488, 75.331359 -32.987832 0.344488,
75.321259 -32.986052 0.344488, 75.287514 -32.986052 0.344488,
75.285855 -32.986655 0.344488, 75.284138 -32.986245 0.344488,
75.274309 -32.989169 0.344488, 75.251811 -33.000417 0.344488,
75.248772 -33.003628 0.344488, 75.244716 -33.005386 0.344488,
75.238606 -33.013622 0.344488, 75.227357 -33.03612 0.344488,
75.227156 -33.037873 0.344488, 75.497019 -33.161811 0.344488,
75.49011 -33.142831 0.344488, 75.472619 -33.132732 0.344488,
75.452727 -33.136239 0.344488, 75.439744 -33.151712 0.344488,
75.437963 -33.161811 0.344488, 75.437963 -33.166089 0.344488,
75.431975 -33.178065 0.344488, 75.424115 -33.185926 0.344488,
75.415579 -33.204231 0.344488, 75.420806 -33.223741 0.344488,
75.437351 -33.235326 0.344488, 75.457472 -33.233567 0.344488,
75.465872 -33.227685 0.344488, 75.477121 -33.216436 0.344488,
75.477393 -33.215853 0.344488, 75.482653 -33.208762 0.344488,
75.493901 -33.186264 0.344488, 75.494103 -33.184511 0.344488,
75.495238 -33.183159 0.344488, 75.497019 -33.173059 0.344488,
70.047626 -33.188221 0.344488, 70.048069 -33.187753 0.344488,
70.0553 -33.18269 0.344488, 70.066548 -33.171441 0.344488,
70.06682 -33.170858 0.344488, 70.07208 -33.163767 0.344488,
70.083328 -33.14127 0.344488, 70.08353 -33.139517 0.344488,
70.084665 -33.138164 0.344488, 70.086445 -33.128065 0.344488,
70.086445 -33.060574 0.344488, 70.085841 -33.058915 0.344488,
70.086252 -33.057198 0.344488, 70.083328 -33.047369 0.344488,
70.07208 -33.024871 0.344488, 70.071612 -33.024429 0.344488,
70.066548 -33.017197 0.344488, 70.0553 -33.005948 0.344488,
70.054716 -33.005676 0.344488, 70.047626 -33.000417 0.344488,
70.025128 -32.989169 0.344488, 70.023375 -32.988967 0.344488,
70.022022 -32.987832 0.344488, 70.011923 -32.986052 0.344488,
69.973959 -32.986052 0.344488, 69.973959 -32.936839 0.344488,
69.967051 -32.917859 0.344488, 69.949559 -32.90776 0.344488,
69.929668 -32.911267 0.344488, 69.916685 -32.92674 0.344488,
69.914904 -32.936839 0.344488, 69.914904 -33.045107 0.344488,
69.914904 -33.173059 0.344488, 69.921813 -33.192039 0.344488,
69.939304 -33.202139 0.344488, 69.954157 -33.199519 0.344488,
69.955477 -33.199671 0.344488, 69.95683 -33.200806 0.344488,
69.966929 -33.202587 0.344488, 70.011923 -33.202587 0.344488,
70.013581 -33.201983 0.344488, 70.015299 -33.202394 0.344488,
70.025128 -33.19947 0.344488, 70.02739 -33.067544 0.344488,
70.02739 -33.121094 0.344488, 70.021402 -33.133071 0.344488,
70.016929 -33.137544 0.344488, 70.004953 -33.143532 0.344488,
69.973959 -33.143532 0.344488, 69.973959 -33.045107 0.344488,
70.004953 -33.045107 0.344488, 70.016929 -33.051094 0.344488,
70.021402 -33.055567 0.344488, 70.261349 -33.188221 0.344488,
70.261792 -33.187753 0.344488, 70.269023 -33.18269 0.344488,
70.280272 -33.171441 0.344488, 70.280543 -33.170858 0.344488,
70.285803 -33.163767 0.344488, 70.297051 -33.14127 0.344488,
70.297253 -33.139517 0.344488, 70.298388 -33.138164 0.344488,
70.300169 -33.128065 0.344488, 70.300169 -33.060574 0.344488,
70.299565 -33.058915 0.344488, 70.299975 -33.057198 0.344488,
70.297051 -33.047369 0.344488, 70.285803 -33.024871 0.344488,
70.285335 -33.024429 0.344488, 70.280272 -33.017197 0.344488,
70.269023 -33.005948 0.344488, 70.268439 -33.005676 0.344488,
70.261349 -33.000417 0.344488, 70.238852 -32.989169 0.344488,
70.237098 -32.988967 0.344488, 70.235746 -32.987832 0.344488,
70.225646 -32.986052 0.344488, 70.191901 -32.986052 0.344488,
70.190242 -32.986655 0.344488, 70.188525 -32.986245 0.344488,
70.178696 -32.989169 0.344488, 70.156198 -33.000417 0.344488,
70.155756 -33.000885 0.344488, 70.148524 -33.005949 0.344488,
70.137276 -33.017198 0.344488, 70.137003 -33.017782 0.344488,
70.131745 -33.024871 0.344488, 70.120496 -33.047369 0.344488,
70.120294 -33.049122 0.344488, 70.119159 -33.050474 0.344488,
70.117379 -33.060574 0.344488, 70.117379 -33.121094 0.344488,
70.117379 -33.128065 0.344488, 70.117982 -33.129724 0.344488,
70.117572 -33.131441 0.344488, 70.120496 -33.14127 0.344488,
70.131745 -33.163767 0.344488, 70.132213 -33.16421 0.344488,
70.137276 -33.171441 0.344488, 70.148524 -33.18269 0.344488,
70.149107 -33.182961 0.344488, 70.156198 -33.188221 0.344488,
70.178696 -33.19947 0.344488, 70.180449 -33.199671 0.344488,
70.181802 -33.200806 0.344488, 70.191901 -33.202587 0.344488,
70.225646 -33.202587 0.344488, 70.227305 -33.201983 0.344488,
70.229022 -33.202394 0.344488, 70.238852 -33.19947 0.344488,
70.241113 -33.067544 0.344488, 70.241113 -33.121094 0.344488,
70.235125 -33.133071 0.344488, 70.230652 -33.137544 0.344488,
70.218676 -33.143532 0.344488, 70.198871 -33.143532 0.344488,
70.186894 -33.137544 0.344488, 70.182422 -33.133072 0.344488,
70.176434 -33.121094 0.344488, 70.176434 -33.067544 0.344488,
70.182422 -33.055567 0.344488, 70.186894 -33.051094 0.344488,
70.198871 -33.045107 0.344488, 70.218676 -33.045107 0.344488,
70.230652 -33.051094 0.344488, 70.235125 -33.055567 0.344488,
70.342351 -32.986052 0.344488, 70.338132 -32.986052 0.344488,
70.319152 -32.99296 0.344488, 70.309053 -33.010452 0.344488,
70.312561 -33.030343 0.344488, 70.328033 -33.043326 0.344488,
70.338132 -33.045107 0.344488, 70.342351 -33.045107 0.344488,
70.342351 -33.139314 0.344488, 70.342954 -33.140972 0.344488,
70.342544 -33.142689 0.344488, 70.345468 -33.152519 0.344488,
70.356717 -33.175016 0.344488, 70.359926 -33.178055 0.344488,
70.361685 -33.182112 0.344488, 70.369922 -33.188221 0.344488,
70.392419 -33.19947 0.344488, 70.394172 -33.199671 0.344488,
70.395525 -33.200806 0.344488, 70.405624 -33.202587 0.344488,
70.428121 -33.202587 0.344488, 70.447101 -33.195679 0.344488,
70.4572 -33.178187 0.344488, 70.453693 -33.158296 0.344488,
70.43822 -33.145313 0.344488, 70.428121 -33.143532 0.344488,
70.412594 -33.143532 0.344488, 70.405135 -33.139802 0.344488,
70.401406 -33.132343 0.344488, 70.401406 -33.045107 0.344488,
70.428121 -33.045107 0.344488, 70.447101 -33.038198 0.344488,
70.450301 -33.032656 0.344488, 70.463016 -33.043326 0.344488,
70.473115 -33.045107 0.344488, 70.477334 -33.045107 0.344488,
70.477334 -33.139314 0.344488, 70.477937 -33.140972 0.344488,
70.477527 -33.142689 0.344488, 70.480451 -33.152519 0.344488,
70.4917 -33.175016 0.344488, 70.494909 -33.178055 0.344488,
70.496668 -33.182112 0.344488, 70.504905 -33.188221 0.344488,
70.527402 -33.19947 0.344488, 70.529155 -33.199671 0.344488,
70.530508 -33.200806 0.344488, 70.540607 -33.202587 0.344488,
70.563104 -33.202587 0.344488, 70.582084 -33.195679 0.344488,
70.592183 -33.178187 0.344488, 70.588676 -33.158296 0.344488,
70.573204 -33.145313 0.344488, 70.563104 -33.143532 0.344488,
70.547578 -33.143532 0.344488, 70.540118 -33.139802 0.344488,
70.536389 -33.132343 0.344488, 70.536389 -33.045107 0.344488,
70.563104 -33.045107 0.344488, 70.582084 -33.038198 0.344488,
70.592183 -33.020707 0.344488, 70.588676 -33.000815 0.344488,
70.573204 -32.987832 0.344488, 70.563104 -32.986052 0.344488,
70.536389 -32.986052 0.344488, 70.536389 -32.936839 0.344488,
70.529481 -32.917859 0.344488, 70.511989 -32.90776 0.344488,
70.492098 -32.911267 0.344488, 70.479115 -32.92674 0.344488,
70.477334 -32.936839 0.344488, 70.477334 -32.986052 0.344488,
70.473115 -32.986052 0.344488, 70.454135 -32.99296 0.344488,
70.450935 -32.998502 0.344488, 70.43822 -32.987832 0.344488,
70.428121 -32.986052 0.344488, 70.401406 -32.986052 0.344488,
70.401406 -32.936839 0.344488, 70.394498 -32.917859 0.344488,
70.377006 -32.90776 0.344488, 70.357115 -32.911267 0.344488,
70.344131 -32.92674 0.344488, 70.342351 -32.936839 0.344488,
70.745038 -33.188221 0.344488, 70.745481 -33.187753 0.344488,
70.752712 -33.18269 0.344488, 70.763961 -33.171441 0.344488,
70.764233 -33.170858 0.344488, 70.769492 -33.163767 0.344488,
70.780741 -33.14127 0.344488, 70.780942 -33.139517 0.344488,
70.782077 -33.138164 0.344488, 70.783858 -33.128065 0.344488,
70.783858 -33.060574 0.344488, 70.783254 -33.058915 0.344488,
70.783665 -33.057198 0.344488, 70.780741 -33.047369 0.344488,
70.769492 -33.024871 0.344488, 70.769025 -33.024429 0.344488,
70.763961 -33.017197 0.344488, 70.752712 -33.005948 0.344488,
70.752129 -33.005676 0.344488, 70.745038 -33.000417 0.344488,
70.722541 -32.989169 0.344488, 70.720787 -32.988967 0.344488,
70.719435 -32.987832 0.344488, 70.709336 -32.986052 0.344488,
70.67559 -32.986052 0.344488, 70.673931 -32.986655 0.344488,
70.672215 -32.986245 0.344488, 70.662385 -32.989169 0.344488,
70.639888 -33.000417 0.344488, 70.639445 -33.000885 0.344488,
70.632213 -33.005949 0.344488, 70.620965 -33.017198 0.344488,
70.620692 -33.017782 0.344488, 70.615434 -33.024871 0.344488,
70.604185 -33.047369 0.344488, 70.603983 -33.049122 0.344488,
70.602849 -33.050474 0.344488, 70.601068 -33.060574 0.344488,
70.601068 -33.121094 0.344488, 70.601068 -33.128065 0.344488,
70.601672 -33.129724 0.344488, 70.601262 -33.131441 0.344488,
70.604185 -33.14127 0.344488, 70.615434 -33.163767 0.344488,
70.615902 -33.16421 0.344488, 70.620965 -33.171441 0.344488,
70.632213 -33.18269 0.344488, 70.632796 -33.182961 0.344488,
70.639888 -33.188221 0.344488, 70.662385 -33.19947 0.344488,
70.664138 -33.199671 0.344488, 70.665491 -33.200806 0.344488,
70.67559 -33.202587 0.344488, 70.709336 -33.202587 0.344488,
70.710994 -33.201983 0.344488, 70.712711 -33.202394 0.344488,
70.722541 -33.19947 0.344488, 70.724803 -33.067544 0.344488,
70.724803 -33.121094 0.344488, 70.718814 -33.133071 0.344488,
70.714342 -33.137544 0.344488, 70.702366 -33.143532 0.344488,
70.682561 -33.143532 0.344488, 70.670584 -33.137544 0.344488,
70.666112 -33.133072 0.344488, 70.660123 -33.121094 0.344488,
70.660123 -33.067544 0.344488, 70.666112 -33.055567 0.344488,
70.670584 -33.051094 0.344488, 70.682561 -33.045107 0.344488,
70.702366 -33.045107 0.344488, 70.714342 -33.051094 0.344488,
70.718814 -33.055567 0.344488, 70.933158 -32.987832 0.344488,
70.923059 -32.986052 0.344488, 70.889313 -32.986052 0.344488,
70.887655 -32.986655 0.344488, 70.885938 -32.986245 0.344488,
70.876109 -32.989169 0.344488, 70.870326 -32.99206 0.344488,
70.860695 -32.9865 0.344488, 70.840804 -32.990007 0.344488,
70.827821 -33.00548 0.344488, 70.82604 -33.015579 0.344488,
70.82604 -33.173059 0.344488, 70.832948 -33.192039 0.344488,
70.85044 -33.202139 0.344488, 70.870331 -33.198631 0.344488,
70.883315 -33.183159 0.344488, 70.885095 -33.173059 0.344488,
70.885095 -33.050701 0.344488, 70.896284 -33.045107 0.344488,
70.916089 -33.045107 0.344488, 70.923548 -33.048836 0.344488,
70.927278 -33.056295 0.344488, 70.927278 -33.173059 0.344488,
70.934186 -33.192039 0.344488, 70.951678 -33.202139 0.344488,
70.971569 -33.198631 0.344488, 70.984552 -33.183159 0.344488,
70.986333 -33.173059 0.344488, 70.986333 -33.056295 0.344488,
70.990062 -33.048836 0.344488, 70.997521 -33.045107 0.344488,
71.017326 -33.045107 0.344488, 71.024785 -33.048836 0.344488,
71.028515 -33.056295 0.344488, 71.028515 -33.173059 0.344488,
71.035423 -33.192039 0.344488, 71.052915 -33.202139 0.344488,
71.072806 -33.198631 0.344488, 71.085789 -33.183159 0.344488,
71.08757 -33.173059 0.344488, 71.08757 -33.049325 0.344488,
71.086966 -33.047666 0.344488, 71.087376 -33.045949 0.344488,
71.084452 -33.03612 0.344488, 71.073204 -33.013622 0.344488,
71.069994 -33.010583 0.344488, 71.068235 -33.006526 0.344488,
71.059999 -33.000417 0.344488, 71.037502 -32.989169 0.344488,
71.035748 -32.988967 0.344488, 71.034396 -32.987832 0.344488,
71.024296 -32.986052 0.344488, 70.990551 -32.986052 0.344488,
70.988892 -32.986655 0.344488, 70.987175 -32.986245 0.344488,
70.977346 -32.989169 0.344488, 70.956805 -32.999439 0.344488,
70.936264 -32.989169 0.344488, 70.934511 -32.988967 0.344488,
71.732958 -32.986052 0.344488, 71.687964 -32.986052 0.344488,
71.686305 -32.986655 0.344488, 71.684588 -32.986245 0.344488,
71.674759 -32.989169 0.344488, 71.652261 -33.000417 0.344488,
71.649222 -33.003628 0.344488, 71.645166 -33.005386 0.344488,
71.639056 -33.013622 0.344488, 71.627807 -33.03612 0.344488,
71.627606 -33.037873 0.344488, 71.626471 -33.039226 0.344488,
71.62469 -33.049325 0.344488, 71.62469 -33.058301 0.344488,
71.62469 -33.139314 0.344488, 71.625294 -33.140972 0.344488,
71.624884 -33.14269 0.344488, 71.627807 -33.152519 0.344488,
71.639056 -33.175016 0.344488, 71.642266 -33.178055 0.344488,
71.644025 -33.182112 0.344488, 71.652261 -33.188221 0.344488,
71.674759 -33.19947 0.344488, 71.676512 -33.199671 0.344488,
71.677865 -33.200806 0.344488, 71.687964 -33.202587 0.344488,
71.732958 -33.202587 0.344488, 71.734616 -33.201983 0.344488,
71.736333 -33.202394 0.344488, 71.746163 -33.19947 0.344488,
71.76866 -33.188221 0.344488, 71.782547 -33.173554 0.344488,
71.783757 -33.153393 0.344488, 71.771725 -33.13717 0.344488,
71.75208 -33.132477 0.344488, 71.74225 -33.135401 0.344488,
71.725988 -33.143532 0.344488, 71.694934 -33.143532 0.344488,
71.687475 -33.139802 0.344488, 71.683745 -33.132343 0.344488,
71.683745 -33.118526 0.344488, 71.772494 -33.100776 0.344488,
71.776663 -33.098241 0.344488, 71.781468 -33.097394 0.344488,
71.785024 -33.093155 0.344488, 71.789751 -33.09028 0.344488,
71.791314 -33.085659 0.344488, 71.794451 -33.081921 0.344488,
71.796231 -33.071822 0.344488, 71.796231 -33.049325 0.344488,
71.795628 -33.047666 0.344488, 71.796038 -33.045949 0.344488,
71.793114 -33.036119 0.344488, 71.781865 -33.013622 0.344488,
71.778655 -33.010583 0.344488, 71.776897 -33.006526 0.344488,
71.76866 -33.000417 0.344488, 71.746163 -32.989169 0.344488,
71.744409 -32.988967 0.344488, 71.743057 -32.987832 0.344488,
71.732768 -33.048497 0.344488, 71.683745 -33.058301 0.344488,
71.683745 -33.056295 0.344488, 71.687475 -33.048836 0.344488,
71.694934 -33.045107 0.344488, 71.725988 -33.045107 0.344488,
71.88622 -33.132343 0.344488, 71.88622 -33.123787 0.344488,
71.88995 -33.116328 0.344488, 71.897409 -33.112598 0.344488,
71.939651 -33.112598 0.344488, 71.939651 -33.143532 0.344488,
71.897409 -33.143532 0.344488, 71.88995 -33.139802 0.344488,
71.828946 -33.106717 0.344488, 71.827165 -33.116817 0.344488,
71.827165 -33.132343 0.344488, 71.827165 -33.139314 0.344488,
71.827769 -33.140972 0.344488, 71.827359 -33.14269 0.344488,
71.830282 -33.152519 0.344488, 71.841531 -33.175016 0.344488,
71.844741 -33.178055 0.344488, 71.8465 -33.182112 0.344488,
71.854736 -33.188221 0.344488, 71.877234 -33.19947 0.344488,
71.878987 -33.199671 0.344488, 71.880339 -33.200806 0.344488,
71.890439 -33.202587 0.344488, 71.946681 -33.202587 0.344488,
71.94834 -33.201983 0.344488, 71.950057 -33.202394 0.344488,
71.959584 -33.199559 0.344488, 71.964051 -33.202139 0.344488,
71.983943 -33.198631 0.344488, 71.996926 -33.183159 0.344488,
71.998706 -33.173059 0.344488, 71.998706 -33.049325 0.344488,
71.998102 -33.047666 0.344488, 71.998513 -33.045949 0.344488,
71.995589 -33.036119 0.344488, 71.98434 -33.013622 0.344488,
71.98113 -33.010583 0.344488, 71.979372 -33.006526 0.344488,
71.971135 -33.000417 0.344488, 71.948638 -32.989169 0.344488,
71.946884 -32.988967 0.344488, 71.945532 -32.987832 0.344488,
71.935433 -32.986052 0.344488, 71.890439 -32.986052 0.344488,
71.88878 -32.986655 0.344488, 71.887063 -32.986245 0.344488,
71.877234 -32.989169 0.344488, 71.854736 -33.000417 0.344488,
71.84085 -33.015084 0.344488, 71.839639 -33.035246 0.344488,
71.851672 -33.051469 0.344488, 71.871317 -33.056162 0.344488,
71.881146 -33.053238 0.344488, 71.897409 -33.045107 0.344488,
71.928463 -33.045107 0.344488, 71.935921 -33.048836 0.344488,
71.938275 -33.053543 0.344488, 71.890439 -33.053543 0.344488,
71.88878 -33.054147 0.344488, 71.887063 -33.053737 0.344488,
71.877234 -33.056661 0.344488, 71.854736 -33.067909 0.344488,
71.851696 -33.071119 0.344488, 71.847641 -33.072878 0.344488,
71.841531 -33.081114 0.344488, 71.830282 -33.103611 0.344488,
71.83008 -33.105365 0.344488, 72.159255 -32.987832 0.344488,
72.149156 -32.986052 0.344488, 72.11541 -32.986052 0.344488,
72.113752 -32.986655 0.344488, 72.112035 -32.986245 0.344488,
72.102206 -32.989169 0.344488, 72.096422 -32.99206 0.344488,
72.086792 -32.9865 0.344488, 72.066901 -32.990007 0.344488,
72.053918 -33.00548 0.344488, 72.052137 -33.015579 0.344488,
72.052137 -33.173059 0.344488, 72.059045 -33.192039 0.344488,
72.076537 -33.202139 0.344488, 72.096428 -33.198631 0.344488,
72.109411 -33.183159 0.344488, 72.111192 -33.173059 0.344488,
72.111192 -33.050701 0.344488, 72.122381 -33.045107 0.344488,
72.142186 -33.045107 0.344488, 72.149644 -33.048836 0.344488,
72.153374 -33.056295 0.344488, 72.153374 -33.173059 0.344488,
72.160283 -33.192039 0.344488, 72.177774 -33.202139 0.344488,
72.197666 -33.198631 0.344488, 72.210649 -33.183159 0.344488,
72.21243 -33.173059 0.344488, 72.21243 -33.049325 0.344488,
72.211826 -33.047666 0.344488, 72.212236 -33.045949 0.344488,
72.209312 -33.036119 0.344488, 72.198063 -33.013622 0.344488,
72.194853 -33.010583 0.344488, 72.193095 -33.006526 0.344488,
72.184858 -33.000417 0.344488, 72.162361 -32.989169 0.344488,
72.160607 -32.988967 0.344488, 72.256392 -33.039226 0.344488,
72.254611 -33.049325 0.344488, 72.254611 -33.060574 0.344488,
72.255215 -33.062232 0.344488, 72.254805 -33.06395 0.344488,
72.257729 -33.073779 0.344488, 72.268978 -33.096276 0.344488,
72.272187 -33.099315 0.344488, 72.273946 -33.103372 0.344488,
72.282183 -33.109481 0.344488, 72.30468 -33.12073 0.344488,
72.306433 -33.120931 0.344488, 72.307786 -33.122066 0.344488,
72.317885 -33.123847 0.344488, 72.344661 -33.123847 0.344488,
72.352119 -33.127576 0.344488, 72.355176 -33.133689 0.344488,
72.352119 -33.139802 0.344488, 72.344661 -33.143532 0.344488,
72.313607 -33.143532 0.344488, 72.297344 -33.135401 0.344488,
72.277278 -33.133092 0.344488, 72.260423 -33.14422 0.344488,
72.254665 -33.16358 0.344488, 72.262697 -33.182112 0.344488,
72.270934 -33.188221 0.344488, 72.293431 -33.19947 0.344488,
72.295184 -33.199671 0.344488, 72.296537 -33.200806 0.344488,
72.306636 -33.202587 0.344488, 72.351631 -33.202587 0.344488,
72.353289 -33.201983 0.344488, 72.355006 -33.202394 0.344488,
72.364836 -33.19947 0.344488, 72.387333 -33.188221 0.344488,
72.390372 -33.185011 0.344488, 72.394429 -33.183253 0.344488,
72.400538 -33.175016 0.344488, 72.411787 -33.152519 0.344488,
72.411988 -33.150765 0.344488, 72.413123 -33.149413 0.344488,
72.414904 -33.139314 0.344488, 72.414904 -33.128065 0.344488,
72.4143 -33.126406 0.344488, 72.414711 -33.124689 0.344488,
72.411787 -33.11486 0.344488, 72.400538 -33.092363 0.344488,
72.397328 -33.089323 0.344488, 72.39557 -33.085267 0.344488,
72.387333 -33.079157 0.344488, 72.364836 -33.067909 0.344488,
72.363082 -33.067707 0.344488, 72.36173 -33.066572 0.344488,
72.351631 -33.064792 0.344488, 72.324856 -33.064792 0.344488,
72.317396 -33.061062 0.344488, 72.314339 -33.054949 0.344488,
72.317396 -33.048836 0.344488, 72.324856 -33.045107 0.344488,
72.344661 -33.045107 0.344488, 72.360923 -33.053238 0.344488,
72.380989 -33.055547 0.344488, 72.397844 -33.044418 0.344488,
72.403603 -33.025058 0.344488, 72.39557 -33.006526 0.344488,
72.387333 -33.000417 0.344488, 72.364836 -32.989169 0.344488,
72.363082 -32.988967 0.344488, 72.36173 -32.987832 0.344488,
72.351631 -32.986052 0.344488, 72.317885 -32.986052 0.344488,
72.316226 -32.986655 0.344488, 72.314509 -32.986245 0.344488,
72.30468 -32.989169 0.344488, 72.282183 -33.000417 0.344488,
72.279143 -33.003628 0.344488, 72.275087 -33.005386 0.344488,
72.268978 -33.013622 0.344488, 72.257729 -33.03612 0.344488,
72.257527 -33.037873 0.344488, 72.769785 -33.188221 0.344488,
72.770228 -33.187753 0.344488, 72.777459 -33.18269 0.344488,
72.788708 -33.171441 0.344488, 72.78898 -33.170858 0.344488,
72.794239 -33.163767 0.344488, 72.805487 -33.14127 0.344488,
72.805689 -33.139517 0.344488, 72.806824 -33.138164 0.344488,
72.808605 -33.128065 0.344488, 72.808605 -33.060574 0.344488,
72.808001 -33.058915 0.344488, 72.808411 -33.057198 0.344488,
72.805487 -33.047369 0.344488, 72.794239 -33.024871 0.344488,
72.793772 -33.024429 0.344488, 72.788708 -33.017197 0.344488,
72.777459 -33.005948 0.344488, 72.776876 -33.005676 0.344488,
72.769785 -33.000417 0.344488, 72.747288 -32.989169 0.344488,
72.745534 -32.988967 0.344488, 72.744182 -32.987832 0.344488,
72.734083 -32.986052 0.344488, 72.696119 -32.986052 0.344488,
72.696119 -32.936839 0.344488, 72.689211 -32.917859 0.344488,
72.671719 -32.90776 0.344488, 72.651828 -32.911267 0.344488,
72.638844 -32.92674 0.344488, 72.637064 -32.936839 0.344488,
72.637064 -33.045107 0.344488, 72.637064 -33.173059 0.344488,
72.643972 -33.192039 0.344488, 72.661464 -33.202139 0.344488,
72.676317 -33.199519 0.344488, 72.677637 -33.199671 0.344488,
72.678989 -33.200806 0.344488, 72.689089 -33.202587 0.344488,
72.734083 -33.202587 0.344488, 72.735741 -33.201983 0.344488,
72.737458 -33.202394 0.344488, 72.747288 -33.19947 0.344488,
72.74955 -33.067544 0.344488, 72.74955 -33.121094 0.344488,
72.743561 -33.133071 0.344488, 72.739089 -33.137544 0.344488,
72.727113 -33.143532 0.344488, 72.696119 -33.143532 0.344488,
72.696119 -33.045107 0.344488, 72.727113 -33.045107 0.344488,
72.739089 -33.051094 0.344488, 72.743561 -33.055567 0.344488,
73.053262 -32.986052 0.344488, 73.049043 -32.986052 0.344488,
73.030063 -32.99296 0.344488, 73.019964 -33.010452 0.344488,
73.023472 -33.030343 0.344488, 73.038944 -33.043326 0.344488,
73.049043 -33.045107 0.344488, 73.053262 -33.045107 0.344488,
73.053262 -33.139314 0.344488, 73.053865 -33.140972 0.344488,
73.053455 -33.142689 0.344488, 73.056379 -33.152519 0.344488,
73.067628 -33.175016 0.344488, 73.070837 -33.178055 0.344488,
73.072596 -33.182112 0.344488, 73.080833 -33.188221 0.344488,
73.10333 -33.19947 0.344488, 73.105083 -33.199671 0.344488,
73.106436 -33.200806 0.344488, 73.116535 -33.202587 0.344488,
73.139032 -33.202587 0.344488, 73.158012 -33.195679 0.344488,
73.168111 -33.178187 0.344488, 73.164604 -33.158296 0.344488,
73.149131 -33.145313 0.344488, 73.139032 -33.143532 0.344488,
73.123506 -33.143532 0.344488, 73.116046 -33.139802 0.344488,
73.112317 -33.132343 0.344488, 73.112317 -33.045107 0.344488,
73.139032 -33.045107 0.344488, 73.158012 -33.038198 0.344488,
73.166808 -33.022964 0.344488, 73.166884 -33.023691 0.344488,
73.211878 -33.181171 0.344488, 73.212238 -33.181668 0.344488,
73.212219 -33.182281 0.344488, 73.218133 -33.189796 0.344488,
73.223735 -33.197523 0.344488, 73.224329 -33.197671 0.344488,
73.224709 -33.198154 0.344488, 73.234066 -33.200109 0.344488,
73.243328 -33.202428 0.344488, 73.24388 -33.20216 0.344488,
73.24448 -33.202285 0.344488, 73.252905 -33.197768 0.344488,
73.261491 -33.193591 0.344488, 73.26174 -33.193031 0.344488,
73.262281 -33.192741 0.344488, 73.267685 -33.184026 0.344488,
73.285264 -33.140079 0.344488, 73.302843 -33.184026 0.344488,
73.303252 -33.184483 0.344488, 73.303295 -33.185095 0.344488,
73.309937 -33.19196 0.344488, 73.316306 -33.199083 0.344488,
73.316913 -33.19917 0.344488, 73.317339 -33.199611 0.344488,
73.326835 -33.2006 0.344488, 73.336297 -33.201963 0.344488,
73.336819 -33.201639 0.344488, 73.337429 -33.201703 0.344488,
73.345337 -33.196358 0.344488, 73.353463 -33.191319 0.344488,
73.353655 -33.190736 0.344488, 73.354163 -33.190393 0.344488,
73.35865 -33.181171 0.344488, 73.403644 -33.023691 0.344488,
73.402216 -33.003544 0.344488, 73.388172 -32.989028 0.344488,
73.368082 -32.986935 0.344488, 73.351348 -32.998246 0.344488,
73.346861 -33.007467 0.344488, 73.325595 -33.081897 0.344488,
73.31268 -33.049607 0.344488, 73.306531 -33.042731 0.344488,
73.300824 -33.035479 0.344488, 73.299867 -33.035278 0.344488,
73.299216 -33.034551 0.344488, 73.290084 -33.033235 0.344488,
73.281053 -33.031348 0.344488, 73.280192 -33.031809 0.344488,
73.279225 -33.03167 0.344488, 73.271384 -33.036531 0.344488,
73.263252 -33.040892 0.344488, 73.262565 -33.042 0.344488,
73.262059 -33.042314 0.344488, 73.261707 -33.043383 0.344488,
73.257848 -33.049607 0.344488, 73.244932 -33.081897 0.344488,
73.223667 -33.007467 0.344488, 73.21181 -32.991115 0.344488,
73.192217 -32.98621 0.344488, 73.174054 -32.995047 0.344488,
73.166551 -33.011857 0.344488, 73.164604 -33.000815 0.344488,
73.149131 -32.987832 0.344488, 73.139032 -32.986052 0.344488,
73.112317 -32.986052 0.344488, 73.112317 -32.936839 0.344488,
73.105409 -32.917859 0.344488, 73.087917 -32.90776 0.344488,
73.068026 -32.911267 0.344488, 73.055043 -32.92674 0.344488,
73.053262 -32.936839 0.344488, 73.532733 -32.986052 0.344488,
73.487739 -32.986052 0.344488, 73.48608 -32.986655 0.344488,
73.484363 -32.986245 0.344488, 73.474534 -32.989169 0.344488,
73.452036 -33.000417 0.344488, 73.448996 -33.003628 0.344488,
73.444941 -33.005386 0.344488, 73.438831 -33.013622 0.344488,
73.427582 -33.03612 0.344488, 73.42738 -33.037873 0.344488,
73.426246 -33.039226 0.344488, 73.424465 -33.049325 0.344488,
73.424465 -33.058301 0.344488, 73.424465 -33.139314 0.344488,
73.425069 -33.140972 0.344488, 73.424659 -33.14269 0.344488,
73.427582 -33.152519 0.344488, 73.438831 -33.175016 0.344488,
73.442041 -33.178055 0.344488, 73.4438 -33.182112 0.344488,
73.452036 -33.188221 0.344488, 73.474534 -33.19947 0.344488,
73.476287 -33.199671 0.344488, 73.477639 -33.200806 0.344488,
73.487739 -33.202587 0.344488, 73.532733 -33.202587 0.344488,
73.534391 -33.201983 0.344488, 73.536108 -33.202394 0.344488,
73.545938 -33.19947 0.344488, 73.568435 -33.188221 0.344488,
73.582322 -33.173554 0.344488, 73.583532 -33.153393 0.344488,
73.5715 -33.13717 0.344488, 73.551854 -33.132477 0.344488,
73.542025 -33.135401 0.344488, 73.525763 -33.143532 0.344488,
73.494709 -33.143532 0.344488, 73.48725 -33.139802 0.344488,
73.48352 -33.132343 0.344488, 73.48352 -33.118526 0.344488,
73.572269 -33.100776 0.344488, 73.576437 -33.098241 0.344488,
73.581243 -33.097394 0.344488, 73.584799 -33.093155 0.344488,
73.589526 -33.09028 0.344488, 73.591089 -33.085659 0.344488,
73.594226 -33.081921 0.344488, 73.596006 -33.071822 0.344488,
73.596006 -33.049325 0.344488, 73.595402 -33.047666 0.344488,
73.595813 -33.045949 0.344488, 73.592889 -33.036119 0.344488,
73.58164 -33.013622 0.344488, 73.57843 -33.010583 0.344488,
73.576672 -33.006526 0.344488, 73.568435 -33.000417 0.344488,
73.545938 -32.989169 0.344488, 73.544184 -32.988967 0.344488,
73.542832 -32.987832 0.344488, 73.532543 -33.048497 0.344488,
73.48352 -33.058301 0.344488, 73.48352 -33.056295 0.344488,
73.48725 -33.048836 0.344488, 73.494709 -33.045107 0.344488,
73.525763 -33.045107 0.344488, 73.735207 -32.986052 0.344488,
73.690213 -32.986052 0.344488, 73.688555 -32.986655 0.344488,
73.686838 -32.986245 0.344488, 73.677009 -32.989169 0.344488,
73.654511 -33.000417 0.344488, 73.651471 -33.003628 0.344488,
73.647415 -33.005386 0.344488, 73.641306 -33.013622 0.344488,
73.630057 -33.03612 0.344488, 73.629855 -33.037873 0.344488,
73.62872 -33.039226 0.344488, 73.62694 -33.049325 0.344488,
73.62694 -33.058301 0.344488, 73.62694 -33.139314 0.344488,
73.627543 -33.140972 0.344488, 73.627133 -33.14269 0.344488,
73.630057 -33.152519 0.344488, 73.641306 -33.175016 0.344488,
73.644516 -33.178055 0.344488, 73.646274 -33.182112 0.344488,
73.654511 -33.188221 0.344488, 73.677009 -33.19947 0.344488,
73.678761 -33.199671 0.344488, 73.680114 -33.200806 0.344488,
73.690213 -33.202587 0.344488, 73.735207 -33.202587 0.344488,
73.736866 -33.201983 0.344488, 73.738583 -33.202394 0.344488,
73.748413 -33.19947 0.344488, 73.77091 -33.188221 0.344488,
73.784796 -33.173554 0.344488, 73.786007 -33.153393 0.344488,
73.773974 -33.13717 0.344488, 73.754329 -33.132477 0.344488,
73.7445 -33.135401 0.344488, 73.728237 -33.143532 0.344488,
73.697184 -33.143532 0.344488, 73.689724 -33.139802 0.344488,
73.685995 -33.132343 0.344488, 73.685995 -33.118526 0.344488,
73.774744 -33.100776 0.344488, 73.778912 -33.098241 0.344488,
73.783717 -33.097394 0.344488, 73.787274 -33.093155 0.344488,
73.792001 -33.09028 0.344488, 73.793564 -33.085659 0.344488,
73.7967 -33.081921 0.344488, 73.798481 -33.071822 0.344488,
73.798481 -33.049325 0.344488, 73.797877 -33.047666 0.344488,
73.798287 -33.045949 0.344488, 73.795364 -33.036119 0.344488,
73.784115 -33.013622 0.344488, 73.780905 -33.010583 0.344488,
73.779146 -33.006526 0.344488, 73.77091 -33.000417 0.344488,
73.748413 -32.989169 0.344488, 73.746659 -32.988967 0.344488,
73.745307 -32.987832 0.344488, 73.735018 -33.048497 0.344488,
73.685995 -33.058301 0.344488, 73.685995 -33.056295 0.344488,
73.689724 -33.048836 0.344488, 73.697184 -33.045107 0.344488,
73.728237 -33.045107 0.344488, 74.367085 -33.188221 0.344488,
74.367528 -33.187753 0.344488, 74.374759 -33.18269 0.344488,
74.386008 -33.171441 0.344488, 74.38628 -33.170858 0.344488,
74.391539 -33.163767 0.344488, 74.402788 -33.14127 0.344488,
74.402989 -33.139517 0.344488, 74.404124 -33.138164 0.344488,
74.405905 -33.128065 0.344488, 74.405905 -33.060574 0.344488,
74.405301 -33.058915 0.344488, 74.405712 -33.057198 0.344488,
74.402788 -33.047369 0.344488, 74.391539 -33.024871 0.344488,
74.391072 -33.024429 0.344488, 74.386008 -33.017197 0.344488,
74.374759 -33.005948 0.344488, 74.374176 -33.005676 0.344488,
74.367085 -33.000417 0.344488, 74.344588 -32.989169 0.344488,
74.342835 -32.988967 0.344488, 74.341482 -32.987832 0.344488,
74.331383 -32.986052 0.344488, 74.293419 -32.986052 0.344488,
74.293419 -32.936839 0.344488, 74.286511 -32.917859 0.344488,
74.269019 -32.90776 0.344488, 74.249128 -32.911267 0.344488,
74.236145 -32.92674 0.344488, 74.234364 -32.936839 0.344488,
74.234364 -33.045107 0.344488, 74.234364 -33.173059 0.344488,
74.241272 -33.192039 0.344488, 74.258764 -33.202139 0.344488,
74.273617 -33.199519 0.344488, 74.274937 -33.199671 0.344488,
74.27629 -33.200806 0.344488, 74.286389 -33.202587 0.344488,
74.331383 -33.202587 0.344488, 74.333041 -33.201983 0.344488,
74.334759 -33.202394 0.344488, 74.344588 -33.19947 0.344488,
74.34685 -33.067544 0.344488, 74.34685 -33.121094 0.344488,
74.340861 -33.133071 0.344488, 74.336389 -33.137544 0.344488,
74.324413 -33.143532 0.344488, 74.293419 -33.143532 0.344488,
74.293419 -33.045107 0.344488, 74.324413 -33.045107 0.344488,
74.336389 -33.051094 0.344488, 74.340861 -33.055567 0.344488,
74.580809 -33.188221 0.344488, 74.581252 -33.187753 0.344488,
74.588483 -33.18269 0.344488, 74.599731 -33.171441 0.344488,
74.600003 -33.170858 0.344488, 74.605263 -33.163767 0.344488,
74.616511 -33.14127 0.344488, 74.616713 -33.139517 0.344488,
74.617848 -33.138164 0.344488, 74.619628 -33.128065 0.344488,
74.619628 -33.060574 0.344488, 74.619024 -33.058915 0.344488,
74.619435 -33.057198 0.344488, 74.616511 -33.047369 0.344488,
74.605263 -33.024871 0.344488, 74.604795 -33.024429 0.344488,
74.599731 -33.017197 0.344488, 74.588483 -33.005948 0.344488,
74.587899 -33.005676 0.344488, 74.580809 -33.000417 0.344488,
74.558311 -32.989169 0.344488, 74.556558 -32.988967 0.344488,
74.555206 -32.987832 0.344488, 74.545106 -32.986052 0.344488,
74.511361 -32.986052 0.344488, 74.509702 -32.986655 0.344488,
74.507985 -32.986245 0.344488, 74.498156 -32.989169 0.344488,
74.475658 -33.000417 0.344488, 74.475215 -33.000885 0.344488,
74.467984 -33.005949 0.344488, 74.456735 -33.017198 0.344488,
74.456463 -33.017782 0.344488, 74.451205 -33.024871 0.344488,
74.439956 -33.047369 0.344488, 74.439754 -33.049122 0.344488,
74.438619 -33.050474 0.344488, 74.436839 -33.060574 0.344488,
74.436839 -33.121094 0.344488, 74.436839 -33.128065 0.344488,
74.437442 -33.129724 0.344488, 74.437032 -33.131441 0.344488,
74.439956 -33.14127 0.344488, 74.451205 -33.163767 0.344488,
74.451672 -33.16421 0.344488, 74.456735 -33.171441 0.344488,
74.467984 -33.18269 0.344488, 74.468567 -33.182961 0.344488,
74.475658 -33.188221 0.344488, 74.498156 -33.19947 0.344488,
74.499909 -33.199671 0.344488, 74.501261 -33.200806 0.344488,
74.511361 -33.202587 0.344488, 74.545106 -33.202587 0.344488,
74.546765 -33.201983 0.344488, 74.548482 -33.202394 0.344488,
74.558311 -33.19947 0.344488, 74.560573 -33.067544 0.344488,
74.560573 -33.121094 0.344488, 74.554585 -33.133071 0.344488,
74.550112 -33.137544 0.344488, 74.538136 -33.143532 0.344488,
74.518331 -33.143532 0.344488, 74.506354 -33.137544 0.344488,
74.501882 -33.133072 0.344488, 74.495894 -33.121094 0.344488,
74.495894 -33.067544 0.344488, 74.501882 -33.055567 0.344488,
74.506354 -33.051094 0.344488, 74.518331 -33.045107 0.344488,
74.538136 -33.045107 0.344488, 74.550112 -33.051094 0.344488,
74.554585 -33.055567 0.344488, 74.709617 -33.132343 0.344488,
74.709617 -33.123787 0.344488, 74.713346 -33.116328 0.344488,
74.720806 -33.112598 0.344488, 74.763048 -33.112598 0.344488,
74.763048 -33.143532 0.344488, 74.720806 -33.143532 0.344488,
74.713346 -33.139802 0.344488, 74.652343 -33.106717 0.344488,
74.650562 -33.116817 0.344488, 74.650562 -33.132343 0.344488,
74.650562 -33.139314 0.344488, 74.651165 -33.140972 0.344488,
74.650756 -33.14269 0.344488, 74.653679 -33.152519 0.344488,
74.664928 -33.175016 0.344488, 74.668138 -33.178055 0.344488,
74.669896 -33.182112 0.344488, 74.678133 -33.188221 0.344488,
74.700631 -33.19947 0.344488, 74.702383 -33.199671 0.344488,
74.703736 -33.200806 0.344488, 74.713835 -33.202587 0.344488,
74.770078 -33.202587 0.344488, 74.771737 -33.201983 0.344488,
74.773454 -33.202394 0.344488, 74.782981 -33.199559 0.344488,
74.787448 -33.202139 0.344488, 74.807339 -33.198631 0.344488,
74.820322 -33.183159 0.344488, 74.822103 -33.173059 0.344488,
74.822103 -33.049325 0.344488, 74.821499 -33.047666 0.344488,
74.821909 -33.045949 0.344488, 74.818986 -33.036119 0.344488,
74.807737 -33.013622 0.344488, 74.804527 -33.010583 0.344488,
74.802769 -33.006526 0.344488, 74.794532 -33.000417 0.344488,
74.772035 -32.989169 0.344488, 74.770281 -32.988967 0.344488,
74.768929 -32.987832 0.344488, 74.75883 -32.986052 0.344488,
74.713835 -32.986052 0.344488, 74.712177 -32.986655 0.344488,
74.71046 -32.986245 0.344488, 74.700631 -32.989169 0.344488,
74.678133 -33.000417 0.344488, 74.664246 -33.015084 0.344488,
74.663036 -33.035246 0.344488, 74.675069 -33.051469 0.344488,
74.694714 -33.056162 0.344488, 74.704543 -33.053238 0.344488,
74.720806 -33.045107 0.344488, 74.751859 -33.045107 0.344488,
74.759318 -33.048836 0.344488, 74.761672 -33.053543 0.344488,
74.713835 -33.053543 0.344488, 74.712177 -33.054147 0.344488,
74.71046 -33.053737 0.344488, 74.700631 -33.056661 0.344488,
74.678133 -33.067909 0.344488, 74.675093 -33.071119 0.344488,
74.671037 -33.072878 0.344488, 74.664928 -33.081114 0.344488,
74.653679 -33.103611 0.344488, 74.653477 -33.105365 0.344488,
73.947781 -32.987832 0.344488, 73.937682 -32.986052 0.344488,
73.903937 -32.986052 0.344488, 73.902278 -32.986655 0.344488,
73.900561 -32.986245 0.344488, 73.890732 -32.989169 0.344488,
73.884949 -32.99206 0.344488, 73.875319 -32.9865 0.344488,
73.855427 -32.990007 0.344488, 73.842444 -33.00548 0.344488,
73.840663 -33.015579 0.344488, 73.840663 -33.173059 0.344488,
73.847572 -33.192039 0.344488, 73.865063 -33.202139 0.344488,
73.884955 -33.198631 0.344488, 73.897938 -33.183159 0.344488,
73.899719 -33.173059 0.344488, 73.899719 -33.050701 0.344488,
73.910907 -33.045107 0.344488, 73.930712 -33.045107 0.344488,
73.938171 -33.048836 0.344488, 73.941901 -33.056295 0.344488,
73.941901 -33.173059 0.344488, 73.948809 -33.192039 0.344488,
73.966301 -33.202139 0.344488, 73.986192 -33.198631 0.344488,
73.999175 -33.183159 0.344488, 74.000956 -33.173059 0.344488,
74.000956 -33.049325 0.344488, 74.000352 -33.047666 0.344488,
74.000762 -33.045949 0.344488, 73.997839 -33.036119 0.344488,
73.98659 -33.013622 0.344488, 73.98338 -33.010583 0.344488,
73.981621 -33.006526 0.344488, 73.973385 -33.000417 0.344488,
73.950887 -32.989169 0.344488, 73.949134 -32.988967 0.344488,
75.001632 -33.020707 0.344488, 74.998124 -33.000815 0.344488,
74.982652 -32.987832 0.344488, 74.972553 -32.986052 0.344488,
74.950056 -32.986052 0.344488, 74.948397 -32.986655 0.344488,
74.94668 -32.986245 0.344488, 74.93685 -32.989169 0.344488,
74.925039 -32.995074 0.344488, 74.910189 -32.9865 0.344488,
74.890298 -32.990007 0.344488, 74.877315 -33.00548 0.344488,
74.875534 -33.015579 0.344488, 74.875534 -33.173059 0.344488,
74.882442 -33.192039 0.344488, 74.899934 -33.202139 0.344488,
74.919825 -33.198631 0.344488, 74.932808 -33.183159 0.344488,
74.934589 -33.173059 0.344488, 74.934589 -33.067544 0.344488,
74.940577 -33.055567 0.344488, 74.94505 -33.051095 0.344488,
74.957026 -33.045107 0.344488, 74.972553 -33.045107 0.344488,
74.991533 -33.038198 0.344488, 69.962711 -32.685509 0.344488,
69.962711 -32.659035 0.344488, 69.972292 -32.620709 0.344488,
69.979947 -32.605398 0.344488, 69.994128 -32.591218 0.344488,
70.016714 -32.583689 0.344488, 70.029629 -32.583689 0.344488,
70.052216 -32.591218 0.344488, 70.058536 -32.597538 0.344488,
70.076842 -32.606074 0.344488, 70.096351 -32.600847 0.344488,
70.107937 -32.584302 0.344488, 70.106176 -32.56418 0.344488,
70.100294 -32.55578 0.344488, 70.089045 -32.544531 0.344488,
70.087445 -32.543785 0.344488, 70.086521 -32.542281 0.344488,
70.077503 -32.537398 0.344488, 70.043758 -32.52615 0.344488,
70.043114 -32.526167 0.344488, 70.03442 -32.524634 0.344488,
70.011923 -32.524634 0.344488, 70.011317 -32.524855 0.344488,
70.002586 -32.52615 0.344488, 69.96884 -32.537398 0.344488,
69.967457 -32.538495 0.344488, 69.965699 -32.538649 0.344488,
69.957298 -32.544531 0.344488, 69.934801 -32.567028 0.344488,
69.934529 -32.567611 0.344488, 69.92927 -32.574702 0.344488,
69.918022 -32.5972 0.344488, 69.917861 -32.598589 0.344488,
69.915786 -32.603243 0.344488, 69.904537 -32.648238 0.344488,
69.904679 -32.649595 0.344488, 69.903656 -32.655399 0.344488,
69.903656 -32.689145 0.344488, 69.904122 -32.690427 0.344488,
69.904537 -32.696306 0.344488, 69.915786 -32.741301 0.344488,
69.916569 -32.742459 0.344488, 69.918022 -32.747344 0.344488,
69.92927 -32.769842 0.344488, 69.929738 -32.770285 0.344488,
69.934801 -32.777516 0.344488, 69.957298 -32.800013 0.344488,
69.958898 -32.800759 0.344488, 69.959822 -32.802263 0.344488,
69.96884 -32.807146 0.344488, 70.002586 -32.818394 0.344488,
70.003229 -32.818377 0.344488, 70.011923 -32.81991 0.344488,
70.03442 -32.81991 0.344488, 70.035026 -32.819689 0.344488,
70.043758 -32.818394 0.344488, 70.077503 -32.807146 0.344488,
70.078886 -32.806048 0.344488, 70.080645 -32.805895 0.344488,
70.089045 -32.800013 0.344488, 70.100294 -32.788764 0.344488,
70.10883 -32.770458 0.344488, 70.103603 -32.750949 0.344488,
70.087057 -32.739363 0.344488, 70.066936 -32.741124 0.344488,
70.058536 -32.747006 0.344488, 70.052216 -32.753326 0.344488,
70.029629 -32.760855 0.344488, 70.016714 -32.760855 0.344488,
69.994128 -32.753326 0.344488, 69.979947 -32.739145 0.344488,
69.972292 -32.723834 0.344488, 70.713555 -32.603374 0.344488,
70.709336 -32.603374 0.344488, 70.690356 -32.610283 0.344488,
70.680257 -32.627774 0.344488, 70.683765 -32.647666 0.344488,
70.699237 -32.660649 0.344488, 70.709336 -32.66243 0.344488,
70.713555 -32.66243 0.344488, 70.713555 -32.790382 0.344488,
70.720463 -32.809362 0.344488, 70.737955 -32.819461 0.344488,
70.757846 -32.815954 0.344488, 70.770829 -32.800481 0.344488,
70.77261 -32.790382 0.344488, 70.77261 -32.66243 0.344488,
70.799325 -32.66243 0.344488, 70.818305 -32.655521 0.344488,
70.828404 -32.63803 0.344488, 70.824897 -32.618138 0.344488,
70.809424 -32.605155 0.344488, 70.799325 -32.603374 0.344488,
70.77261 -32.603374 0.344488, 70.77261 -32.594878 0.344488,
70.776339 -32.587419 0.344488, 70.783798 -32.583689 0.344488,
70.799325 -32.583689 0.344488, 70.818305 -32.576781 0.344488,
70.828404 -32.559289 0.344488, 70.824897 -32.539398 0.344488,
70.809424 -32.526415 0.344488, 70.799325 -32.524634 0.344488,
70.776828 -32.524634 0.344488, 70.775169 -32.525238 0.344488,
70.773452 -32.524828 0.344488, 70.763623 -32.527752 0.344488,
70.741126 -32.539 0.344488, 70.738086 -32.54221 0.344488,
70.73403 -32.543969 0.344488, 70.72792 -32.552205 0.344488,
70.716672 -32.574702 0.344488, 70.71647 -32.576456 0.344488,
70.715335 -32.577808 0.344488, 70.713555 -32.587907 0.344488,
71.570351 -32.819461 0.344488, 71.590242 -32.815954 0.344488,
71.603225 -32.800481 0.344488, 71.605006 -32.790382 0.344488,
71.605006 -32.632902 0.344488, 71.598098 -32.613922 0.344488,
71.580967 -32.604031 0.344488, 71.587957 -32.60342 0.344488,
71.589459 -32.602369 0.344488, 71.590242 -32.602231 0.344488,
71.591077 -32.601235 0.344488, 71.591147 -32.601186 0.344488,
71.592415 -32.600847 0.344488, 71.593167 -32.599772 0.344488,
71.596358 -32.597538 0.344488, 71.607606 -32.586289 0.344488,
71.610848 -32.579336 0.344488, 71.615248 -32.573052 0.344488,
71.615016 -32.570398 0.344488, 71.616142 -32.567983 0.344488,
71.614156 -32.560573 0.344488, 71.613488 -32.552931 0.344488,
71.611254 -32.549741 0.344488, 71.610914 -32.548474 0.344488,
71.609839 -32.547721 0.344488, 71.607606 -32.544531 0.344488,
71.596357 -32.533283 0.344488, 71.589406 -32.530041 0.344488,
71.583121 -32.525641 0.344488, 71.581776 -32.525758 0.344488,
71.580606 -32.525083 0.344488, 71.579275 -32.525317 0.344488,
71.578052 -32.524747 0.344488, 71.570642 -32.526732 0.344488,
71.563 -32.5274 0.344488, 71.561498 -32.528452 0.344488,
71.560715 -32.52859 0.344488, 71.559879 -32.529585 0.344488,
71.559809 -32.529634 0.344488, 71.558542 -32.529974 0.344488,
71.557789 -32.531048 0.344488, 71.5546 -32.533282 0.344488,
71.543351 -32.544531 0.344488, 71.540109 -32.551483 0.344488,
71.535708 -32.557768 0.344488, 71.53594 -32.560422 0.344488,
71.534815 -32.562836 0.344488, 71.5368 -32.570246 0.344488,
71.537469 -32.577889 0.344488, 71.539702 -32.581078 0.344488,
71.540041 -32.582346 0.344488, 71.541116 -32.583099 0.344488,
71.54335 -32.586289 0.344488, 71.554599 -32.597538 0.344488,
71.561551 -32.60078 0.344488, 71.567837 -32.605181 0.344488,
71.569181 -32.605063 0.344488, 71.570209 -32.605656 0.344488,
71.560715 -32.60733 0.344488, 71.547731 -32.622803 0.344488,
71.545951 -32.632902 0.344488, 71.545951 -32.790382 0.344488,
71.552859 -32.809362 0.344488, 73.649438 -32.603374 0.344488,
73.645219 -32.603374 0.344488, 73.626239 -32.610283 0.344488,
73.61614 -32.627774 0.344488, 73.619648 -32.647666 0.344488,
73.63512 -32.660649 0.344488, 73.645219 -32.66243 0.344488,
73.649438 -32.66243 0.344488, 73.649438 -32.756637 0.344488,
73.650041 -32.758295 0.344488, 73.649631 -32.760012 0.344488,
73.652555 -32.769842 0.344488, 73.663804 -32.792339 0.344488,
73.667013 -32.795378 0.344488, 73.668772 -32.799435 0.344488,
73.677009 -32.805544 0.344488, 73.699506 -32.816793 0.344488,
73.701259 -32.816994 0.344488, 73.702612 -32.818129 0.344488,
73.712711 -32.81991 0.344488, 73.735208 -32.81991 0.344488,
73.754188 -32.813002 0.344488, 73.764287 -32.79551 0.344488,
73.76078 -32.775619 0.344488, 73.745307 -32.762635 0.344488,
73.735208 -32.760855 0.344488, 73.719681 -32.760855 0.344488,
73.712222 -32.757125 0.344488, 73.708493 -32.749666 0.344488,
73.708493 -32.66243 0.344488, 73.735208 -32.66243 0.344488,
73.754188 -32.655521 0.344488, 73.764287 -32.63803 0.344488,
73.76078 -32.618138 0.344488, 73.745307 -32.605155 0.344488,
73.735208 -32.603374 0.344488, 73.708493 -32.603374 0.344488,
73.708493 -32.554162 0.344488, 73.701585 -32.535182 0.344488,
73.684093 -32.525083 0.344488, 73.664202 -32.52859 0.344488,
73.651219 -32.544063 0.344488, 73.649438 -32.554162 0.344488,
73.917142 -32.805544 0.344488, 73.917585 -32.805076 0.344488,
73.924816 -32.800013 0.344488, 73.936065 -32.788764 0.344488,
73.936337 -32.788181 0.344488, 73.941596 -32.78109 0.344488,
73.952844 -32.758593 0.344488, 73.953046 -32.756839 0.344488,
73.954181 -32.755487 0.344488, 73.955962 -32.745388 0.344488,
73.955962 -32.677896 0.344488, 73.955358 -32.676238 0.344488,
73.955769 -32.674521 0.344488, 73.952844 -32.664692 0.344488,
73.941596 -32.642194 0.344488, 73.941129 -32.641752 0.344488,
73.936065 -32.63452 0.344488, 73.924816 -32.623271 0.344488,
73.924233 -32.622999 0.344488, 73.917142 -32.61774 0.344488,
73.894645 -32.606492 0.344488, 73.892891 -32.60629 0.344488,
73.891539 -32.605155 0.344488, 73.88144 -32.603374 0.344488,
73.847694 -32.603374 0.344488, 73.846035 -32.603978 0.344488,
73.844319 -32.603568 0.344488, 73.834489 -32.606492 0.344488,
73.811992 -32.61774 0.344488, 73.811549 -32.618207 0.344488,
73.804317 -32.623272 0.344488, 73.793069 -32.63452 0.344488,
73.792796 -32.635105 0.344488, 73.787538 -32.642194 0.344488,
73.776289 -32.664691 0.344488, 73.776087 -32.666444 0.344488,
73.774953 -32.667797 0.344488, 73.773172 -32.677896 0.344488,
73.773172 -32.738417 0.344488, 73.773172 -32.745388 0.344488,
73.773776 -32.747046 0.344488, 73.773366 -32.748764 0.344488,
73.776289 -32.758593 0.344488, 73.787538 -32.78109 0.344488,
73.788006 -32.781533 0.344488, 73.793069 -32.788764 0.344488,
73.804317 -32.800013 0.344488, 73.8049 -32.800284 0.344488,
73.811992 -32.805544 0.344488, 73.834489 -32.816793 0.344488,
73.836242 -32.816994 0.344488, 73.837595 -32.818129 0.344488,
73.847694 -32.81991 0.344488, 73.88144 -32.81991 0.344488,
73.883098 -32.819306 0.344488, 73.884815 -32.819717 0.344488,
73.894645 -32.816793 0.344488, 73.896907 -32.684867 0.344488,
73.896907 -32.738417 0.344488, 73.890918 -32.750394 0.344488,
73.886446 -32.754867 0.344488, 73.87447 -32.760855 0.344488,
73.854665 -32.760855 0.344488, 73.842688 -32.754867 0.344488,
73.838216 -32.750394 0.344488, 73.832227 -32.738417 0.344488,
73.832227 -32.684867 0.344488, 73.838216 -32.672889 0.344488,
73.842688 -32.668417 0.344488, 73.854665 -32.66243 0.344488,
73.87447 -32.66243 0.344488, 73.886446 -32.668417 0.344488,
73.890918 -32.67289 0.344488, 74.130865 -32.805544 0.344488,
74.131308 -32.805076 0.344488, 74.138539 -32.800013 0.344488,
74.149788 -32.788764 0.344488, 74.15006 -32.788181 0.344488,
74.155319 -32.78109 0.344488, 74.166568 -32.758593 0.344488,
74.166769 -32.756839 0.344488, 74.167904 -32.755487 0.344488,
74.169685 -32.745388 0.344488, 74.169685 -32.677896 0.344488,
74.169081 -32.676238 0.344488, 74.169492 -32.674521 0.344488,
74.166568 -32.664692 0.344488, 74.155319 -32.642194 0.344488,
74.154852 -32.641752 0.344488, 74.149788 -32.63452 0.344488,
74.138539 -32.623271 0.344488, 74.137956 -32.622999 0.344488,
74.130865 -32.61774 0.344488, 74.108368 -32.606492 0.344488,
74.106615 -32.60629 0.344488, 74.105262 -32.605155 0.344488,
74.095163 -32.603374 0.344488, 74.050169 -32.603374 0.344488,
74.04851 -32.603978 0.344488, 74.046793 -32.603568 0.344488,
74.037266 -32.606402 0.344488, 74.032799 -32.603823 0.344488,
74.012908 -32.60733 0.344488, 73.999925 -32.622803 0.344488,
73.998144 -32.632902 0.344488, 73.998144 -32.66243 0.344488,
73.998144 -32.869122 0.344488, 74.005052 -32.888102 0.344488,
74.022544 -32.898202 0.344488, 74.042435 -32.894694 0.344488,
74.055419 -32.879222 0.344488, 74.057199 -32.869122 0.344488,
74.057199 -32.81991 0.344488, 74.095163 -32.81991 0.344488,
74.096821 -32.819306 0.344488, 74.098539 -32.819717 0.344488,
74.108368 -32.816793 0.344488, 74.11063 -32.684867 0.344488,
74.11063 -32.738417 0.344488, 74.104641 -32.750394 0.344488,
74.100169 -32.754867 0.344488, 74.088193 -32.760855 0.344488,
74.057199 -32.760855 0.344488, 74.057199 -32.66243 0.344488,
74.088193 -32.66243 0.344488, 74.100169 -32.668417 0.344488,
74.104641 -32.67289 0.344488, 70.198931 -32.749666 0.344488,
70.198931 -32.74111 0.344488, 70.202661 -32.73365 0.344488,
70.21012 -32.729921 0.344488, 70.252362 -32.729921 0.344488,
70.252362 -32.760855 0.344488, 70.21012 -32.760855 0.344488,
70.202661 -32.757125 0.344488, 70.141657 -32.72404 0.344488,
70.139876 -32.734139 0.344488, 70.139876 -32.749666 0.344488,
70.139876 -32.756637 0.344488, 70.14048 -32.758295 0.344488,
70.14007 -32.760013 0.344488, 70.142993 -32.769842 0.344488,
70.154242 -32.792339 0.344488, 70.157452 -32.795378 0.344488,
70.159211 -32.799435 0.344488, 70.167447 -32.805544 0.344488,
70.189945 -32.816793 0.344488, 70.191698 -32.816994 0.344488,
70.19305 -32.818129 0.344488, 70.20315 -32.81991 0.344488,
70.259393 -32.81991 0.344488, 70.261051 -32.819306 0.344488,
70.262768 -32.819717 0.344488, 70.272295 -32.816882 0.344488,
70.276762 -32.819461 0.344488, 70.296654 -32.815954 0.344488,
70.309637 -32.800481 0.344488, 70.311417 -32.790382 0.344488,
70.311417 -32.666648 0.344488, 70.310813 -32.664989 0.344488,
70.311224 -32.663272 0.344488, 70.3083 -32.653442 0.344488,
70.297051 -32.630945 0.344488, 70.293841 -32.627906 0.344488,
70.292083 -32.623849 0.344488, 70.283846 -32.61774 0.344488,
70.261349 -32.606492 0.344488, 70.259595 -32.60629 0.344488,
70.258243 -32.605155 0.344488, 70.248144 -32.603374 0.344488,
70.20315 -32.603374 0.344488, 70.201491 -32.603978 0.344488,
70.199774 -32.603568 0.344488, 70.189945 -32.606492 0.344488,
70.167447 -32.61774 0.344488, 70.153561 -32.632407 0.344488,
70.15235 -32.652569 0.344488, 70.164383 -32.668791 0.344488,
70.184028 -32.673485 0.344488, 70.193857 -32.670561 0.344488,
70.21012 -32.66243 0.344488, 70.241174 -32.66243 0.344488,
70.248632 -32.666159 0.344488, 70.250986 -32.670866 0.344488,
70.20315 -32.670866 0.344488, 70.201491 -32.67147 0.344488,
70.199774 -32.671059 0.344488, 70.189945 -32.673983 0.344488,
70.167447 -32.685232 0.344488, 70.164407 -32.688442 0.344488,
70.160352 -32.6902 0.344488, 70.154242 -32.698437 0.344488,
70.142993 -32.720934 0.344488, 70.142791 -32.722687 0.344488,
70.490946 -32.63803 0.344488, 70.487439 -32.618138 0.344488,
70.471966 -32.605155 0.344488, 70.461867 -32.603374 0.344488,
70.43937 -32.603374 0.344488, 70.437711 -32.603978 0.344488,
70.435994 -32.603568 0.344488, 70.426165 -32.606492 0.344488,
70.414354 -32.612397 0.344488, 70.399503 -32.603823 0.344488,
70.379612 -32.60733 0.344488, 70.366629 -32.622803 0.344488,
70.364848 -32.632902 0.344488, 70.364848 -32.790382 0.344488,
70.371756 -32.809362 0.344488, 70.389248 -32.819461 0.344488,
70.409139 -32.815954 0.344488, 70.422122 -32.800481 0.344488,
70.423903 -32.790382 0.344488, 70.423903 -32.684867 0.344488,
70.429891 -32.67289 0.344488, 70.434364 -32.668418 0.344488,
70.44634 -32.66243 0.344488, 70.461867 -32.66243 0.344488,
70.480847 -32.655521 0.344488, 70.608099 -32.603374 0.344488,
70.563105 -32.603374 0.344488, 70.561446 -32.603978 0.344488,
70.559729 -32.603568 0.344488, 70.5499 -32.606492 0.344488,
70.527402 -32.61774 0.344488, 70.524363 -32.62095 0.344488,
70.520307 -32.622709 0.344488, 70.514197 -32.630945 0.344488,
70.502948 -32.653443 0.344488, 70.502746 -32.655196 0.344488,
70.501612 -32.656548 0.344488, 70.499831 -32.666648 0.344488,
70.499831 -32.675624 0.344488, 70.499831 -32.756637 0.344488,
70.500435 -32.758295 0.344488, 70.500025 -32.760013 0.344488,
70.502948 -32.769842 0.344488, 70.514197 -32.792339 0.344488,
70.517407 -32.795378 0.344488, 70.519166 -32.799435 0.344488,
70.527402 -32.805544 0.344488, 70.5499 -32.816793 0.344488,
70.551653 -32.816994 0.344488, 70.553006 -32.818129 0.344488,
70.563105 -32.81991 0.344488, 70.608099 -32.81991 0.344488,
70.609757 -32.819306 0.344488, 70.611474 -32.819717 0.344488,
70.621304 -32.816793 0.344488, 70.643801 -32.805544 0.344488,
70.657688 -32.790877 0.344488, 70.658898 -32.770716 0.344488,
70.646866 -32.754493 0.344488, 70.62722 -32.7498 0.344488,
70.617391 -32.752724 0.344488, 70.601129 -32.760855 0.344488,
70.570075 -32.760855 0.344488, 70.562616 -32.757125 0.344488,
70.558886 -32.749666 0.344488, 70.558886 -32.735849 0.344488,
70.647635 -32.718099 0.344488, 70.651804 -32.715564 0.344488,
70.656609 -32.714717 0.344488, 70.660165 -32.710478 0.344488,
70.664892 -32.707603 0.344488, 70.666455 -32.702981 0.344488,
70.669592 -32.699244 0.344488, 70.671372 -32.689145 0.344488,
70.671372 -32.666648 0.344488, 70.670769 -32.664989 0.344488,
70.671179 -32.663272 0.344488, 70.668255 -32.653442 0.344488,
70.657006 -32.630945 0.344488, 70.653796 -32.627906 0.344488,
70.652038 -32.623849 0.344488, 70.643801 -32.61774 0.344488,
70.621304 -32.606492 0.344488, 70.61955 -32.60629 0.344488,
70.618198 -32.605155 0.344488, 70.607909 -32.66582 0.344488,
70.558886 -32.675624 0.344488, 70.558886 -32.673618 0.344488,
70.562616 -32.666159 0.344488, 70.570075 -32.66243 0.344488,
70.601129 -32.66243 0.344488, 71.064042 -32.544063 0.344488,
71.062261 -32.554162 0.344488, 71.062261 -32.756637 0.344488,
71.062865 -32.758295 0.344488, 71.062454 -32.760012 0.344488,
71.065378 -32.769842 0.344488, 71.076627 -32.792339 0.344488,
71.079837 -32.795378 0.344488, 71.081595 -32.799435 0.344488,
71.089832 -32.805544 0.344488, 71.11233 -32.816793 0.344488,
71.132395 -32.819102 0.344488, 71.14925 -32.807973 0.344488,
71.155009 -32.788613 0.344488, 71.146976 -32.770081 0.344488,
71.138739 -32.763972 0.344488, 71.125045 -32.757125 0.344488,
71.121316 -32.749666 0.344488, 71.121316 -32.554162 0.344488,
71.114408 -32.535182 0.344488, 71.096916 -32.525083 0.344488,
71.077025 -32.52859 0.344488, 70.850319 -32.622803 0.344488,
70.848538 -32.632902 0.344488, 70.848538 -32.756637 0.344488,
70.849141 -32.758295 0.344488, 70.848731 -32.760012 0.344488,
70.851655 -32.769842 0.344488, 70.862904 -32.792339 0.344488,
70.866113 -32.795378 0.344488, 70.867872 -32.799435 0.344488,
70.876109 -32.805544 0.344488, 70.898606 -32.816793 0.344488,
70.900359 -32.816994 0.344488, 70.901712 -32.818129 0.344488,
70.911811 -32.81991 0.344488, 70.945557 -32.81991 0.344488,
70.947215 -32.819306 0.344488, 70.948932 -32.819717 0.344488,
70.958762 -32.816793 0.344488, 70.964544 -32.813901 0.344488,
70.974175 -32.819461 0.344488, 70.994067 -32.815954 0.344488,
71.00705 -32.800481 0.344488, 71.00883 -32.790382 0.344488,
71.00883 -32.632902 0.344488, 71.001922 -32.613922 0.344488,
70.98443 -32.603823 0.344488, 70.964539 -32.60733 0.344488,
70.951556 -32.622803 0.344488, 70.949775 -32.632902 0.344488,
70.949775 -32.75526 0.344488, 70.938587 -32.760855 0.344488,
70.918781 -32.760855 0.344488, 70.911322 -32.757125 0.344488,
70.907593 -32.749666 0.344488, 70.907593 -32.632902 0.344488,
70.900685 -32.613922 0.344488, 70.883193 -32.603823 0.344488,
70.863302 -32.60733 0.344488, 71.706243 -32.749666 0.344488,
71.706243 -32.74111 0.344488, 71.709972 -32.73365 0.344488,
71.717432 -32.729921 0.344488, 71.759674 -32.729921 0.344488,
71.759674 -32.760855 0.344488, 71.717432 -32.760855 0.344488,
71.709972 -32.757125 0.344488, 71.648969 -32.72404 0.344488,
71.647188 -32.734139 0.344488, 71.647188 -32.749666 0.344488,
71.647188 -32.756637 0.344488, 71.647791 -32.758295 0.344488,
71.647381 -32.760013 0.344488, 71.650305 -32.769842 0.344488,
71.661554 -32.792339 0.344488, 71.664764 -32.795378 0.344488,
71.666522 -32.799435 0.344488, 71.674759 -32.805544 0.344488,
71.697257 -32.816793 0.344488, 71.699009 -32.816994 0.344488,
71.700362 -32.818129 0.344488, 71.710461 -32.81991 0.344488,
71.766704 -32.81991 0.344488, 71.768363 -32.819306 0.344488,
71.77008 -32.819717 0.344488, 71.779607 -32.816882 0.344488,
71.784074 -32.819461 0.344488, 71.803965 -32.815954 0.344488,
71.816948 -32.800481 0.344488, 71.818729 -32.790382 0.344488,
71.818729 -32.666648 0.344488, 71.818125 -32.664989 0.344488,
71.818535 -32.663272 0.344488, 71.815612 -32.653442 0.344488,
71.804363 -32.630945 0.344488, 71.801153 -32.627906 0.344488,
71.799394 -32.623849 0.344488, 71.791158 -32.61774 0.344488,
71.768661 -32.606492 0.344488, 71.766907 -32.60629 0.344488,
71.765555 -32.605155 0.344488, 71.755456 -32.603374 0.344488,
71.710461 -32.603374 0.344488, 71.708803 -32.603978 0.344488,
71.707086 -32.603568 0.344488, 71.697257 -32.606492 0.344488,
71.674759 -32.61774 0.344488, 71.660872 -32.632407 0.344488,
71.659662 -32.652569 0.344488, 71.671694 -32.668791 0.344488,
71.69134 -32.673485 0.344488, 71.701169 -32.670561 0.344488,
71.717432 -32.66243 0.344488, 71.748485 -32.66243 0.344488,
71.755944 -32.666159 0.344488, 71.758298 -32.670866 0.344488,
71.710461 -32.670866 0.344488, 71.708803 -32.67147 0.344488,
71.707086 -32.671059 0.344488, 71.697257 -32.673983 0.344488,
71.674759 -32.685232 0.344488, 71.671719 -32.688442 0.344488,
71.667663 -32.6902 0.344488, 71.661554 -32.698437 0.344488,
71.650305 -32.720934 0.344488, 71.650103 -32.722687 0.344488,
72.468335 -32.603374 0.344488, 72.464117 -32.603374 0.344488,
72.445137 -32.610283 0.344488, 72.435038 -32.627774 0.344488,
72.438545 -32.647666 0.344488, 72.454018 -32.660649 0.344488,
72.464117 -32.66243 0.344488, 72.468335 -32.66243 0.344488,
72.468335 -32.756637 0.344488, 72.468939 -32.758295 0.344488,
72.468529 -32.760012 0.344488, 72.471453 -32.769842 0.344488,
72.482701 -32.792339 0.344488, 72.485911 -32.795378 0.344488,
72.48767 -32.799435 0.344488, 72.495906 -32.805544 0.344488,
72.518404 -32.816793 0.344488, 72.520157 -32.816994 0.344488,
72.521509 -32.818129 0.344488, 72.531609 -32.81991 0.344488,
72.554106 -32.81991 0.344488, 72.573086 -32.813002 0.344488,
72.583185 -32.79551 0.344488, 72.579678 -32.775619 0.344488,
72.564205 -32.762635 0.344488, 72.554106 -32.760855 0.344488,
72.538579 -32.760855 0.344488, 72.53112 -32.757125 0.344488,
72.527391 -32.749666 0.344488, 72.527391 -32.66243 0.344488,
72.554106 -32.66243 0.344488, 72.573086 -32.655521 0.344488,
72.581881 -32.640287 0.344488, 72.581957 -32.641014 0.344488,
72.626952 -32.798494 0.344488, 72.627312 -32.798991 0.344488,
72.627293 -32.799604 0.344488, 72.633206 -32.807119 0.344488,
72.638809 -32.814846 0.344488, 72.639403 -32.814994 0.344488,
72.639783 -32.815477 0.344488, 72.649139 -32.817432 0.344488,
72.658402 -32.819751 0.344488, 72.658953 -32.819483 0.344488,
72.659554 -32.819608 0.344488, 72.667979 -32.815091 0.344488,
72.676564 -32.810914 0.344488, 72.676814 -32.810354 0.344488,
72.677355 -32.810064 0.344488, 72.682759 -32.801348 0.344488,
72.700337 -32.757402 0.344488, 72.717916 -32.801349 0.344488,
72.718325 -32.801806 0.344488, 72.718369 -32.802418 0.344488,
72.725011 -32.809283 0.344488, 72.73138 -32.816406 0.344488,
72.731986 -32.816493 0.344488, 72.732413 -32.816934 0.344488,
72.741909 -32.817922 0.344488, 72.751371 -32.819286 0.344488,
72.751893 -32.818962 0.344488, 72.752502 -32.819026 0.344488,
72.760411 -32.813681 0.344488, 72.768537 -32.808642 0.344488,
72.768728 -32.808059 0.344488, 72.769237 -32.807716 0.344488,
72.773723 -32.798494 0.344488, 72.818718 -32.641014 0.344488,
72.817289 -32.620867 0.344488, 72.803245 -32.60635 0.344488,
72.783156 -32.604258 0.344488, 72.766422 -32.615569 0.344488,
72.761935 -32.62479 0.344488, 72.740669 -32.69922 0.344488,
72.727753 -32.66693 0.344488, 72.721605 -32.660054 0.344488,
72.715898 -32.652802 0.344488, 72.714941 -32.652601 0.344488,
72.71429 -32.651874 0.344488, 72.705158 -32.650557 0.344488,
72.696126 -32.648671 0.344488, 72.695265 -32.649132 0.344488,
72.694298 -32.648993 0.344488, 72.686458 -32.653854 0.344488,
72.678326 -32.658215 0.344488, 72.677638 -32.659323 0.344488,
72.677133 -32.659637 0.344488, 72.676781 -32.660706 0.344488,
72.672922 -32.66693 0.344488, 72.660006 -32.69922 0.344488,
72.63874 -32.62479 0.344488, 72.626883 -32.608438 0.344488,
72.607291 -32.603533 0.344488, 72.589128 -32.61237 0.344488,
72.581624 -32.62918 0.344488, 72.579678 -32.618138 0.344488,
72.564205 -32.605155 0.344488, 72.554106 -32.603374 0.344488,
72.527391 -32.603374 0.344488, 72.527391 -32.554162 0.344488,
72.520482 -32.535182 0.344488, 72.502991 -32.525083 0.344488,
72.483099 -32.52859 0.344488, 72.470116 -32.544063 0.344488,
72.468335 -32.554162 0.344488, 72.184859 -32.805544 0.344488,
72.185302 -32.805076 0.344488, 72.192533 -32.800013 0.344488,
72.203781 -32.788764 0.344488, 72.204053 -32.788181 0.344488,
72.209313 -32.78109 0.344488, 72.220561 -32.758593 0.344488,
72.220763 -32.756839 0.344488, 72.221898 -32.755487 0.344488,
72.223678 -32.745388 0.344488, 72.223678 -32.677896 0.344488,
72.223074 -32.676238 0.344488, 72.223485 -32.674521 0.344488,
72.220561 -32.664692 0.344488, 72.209313 -32.642194 0.344488,
72.208845 -32.641752 0.344488, 72.203781 -32.63452 0.344488,
72.192533 -32.623271 0.344488, 72.191949 -32.622999 0.344488,
72.184859 -32.61774 0.344488, 72.162361 -32.606492 0.344488,
72.160608 -32.60629 0.344488, 72.159256 -32.605155 0.344488,
72.149156 -32.603374 0.344488, 72.111193 -32.603374 0.344488,
72.111193 -32.554162 0.344488, 72.104284 -32.535182 0.344488,
72.086793 -32.525083 0.344488, 72.066901 -32.52859 0.344488,
72.053918 -32.544063 0.344488, 72.052137 -32.554162 0.344488,
72.052137 -32.66243 0.344488, 72.052137 -32.790382 0.344488,
72.059046 -32.809362 0.344488, 72.076537 -32.819461 0.344488,
72.09139 -32.816842 0.344488, 72.09271 -32.816994 0.344488,
72.094063 -32.818129 0.344488, 72.104162 -32.81991 0.344488,
72.149156 -32.81991 0.344488, 72.150815 -32.819306 0.344488,
72.152532 -32.819717 0.344488, 72.162361 -32.816793 0.344488,
72.164623 -32.684867 0.344488, 72.164623 -32.738417 0.344488,
72.158635 -32.750394 0.344488, 72.154162 -32.754867 0.344488,
72.142186 -32.760855 0.344488, 72.111193 -32.760855 0.344488,
72.111193 -32.66243 0.344488, 72.142186 -32.66243 0.344488,
72.154162 -32.668417 0.344488, 72.158635 -32.67289 0.344488,
72.36288 -32.603374 0.344488, 72.317885 -32.603374 0.344488,
72.316227 -32.603978 0.344488, 72.31451 -32.603568 0.344488,
72.304681 -32.606492 0.344488, 72.282183 -32.61774 0.344488,
72.279143 -32.62095 0.344488, 72.275087 -32.622709 0.344488,
72.268978 -32.630945 0.344488, 72.257729 -32.653443 0.344488,
72.257527 -32.655196 0.344488, 72.256393 -32.656548 0.344488,
72.254612 -32.666648 0.344488, 72.254612 -32.675624 0.344488,
72.254612 -32.756637 0.344488, 72.255215 -32.758295 0.344488,
72.254806 -32.760013 0.344488, 72.257729 -32.769842 0.344488,
72.268978 -32.792339 0.344488, 72.272188 -32.795378 0.344488,
72.273946 -32.799435 0.344488, 72.282183 -32.805544 0.344488,
72.304681 -32.816793 0.344488, 72.306433 -32.816994 0.344488,
72.307786 -32.818129 0.344488, 72.317885 -32.81991 0.344488,
72.36288 -32.81991 0.344488, 72.364538 -32.819306 0.344488,
72.366255 -32.819717 0.344488, 72.376085 -32.816793 0.344488,
72.398582 -32.805544 0.344488, 72.412469 -32.790877 0.344488,
72.413679 -32.770716 0.344488, 72.401646 -32.754493 0.344488,
72.382001 -32.7498 0.344488, 72.372172 -32.752724 0.344488,
72.355909 -32.760855 0.344488, 72.324856 -32.760855 0.344488,
72.317396 -32.757125 0.344488, 72.313667 -32.749666 0.344488,
72.313667 -32.735849 0.344488, 72.402416 -32.718099 0.344488,
72.406584 -32.715564 0.344488, 72.411389 -32.714717 0.344488,
72.414946 -32.710478 0.344488, 72.419673 -32.707603 0.344488,
72.421236 -32.702981 0.344488, 72.424372 -32.699244 0.344488,
72.426153 -32.689145 0.344488, 72.426153 -32.666648 0.344488,
72.425549 -32.664989 0.344488, 72.425959 -32.663272 0.344488,
72.423036 -32.653442 0.344488, 72.411787 -32.630945 0.344488,
72.408577 -32.627906 0.344488, 72.406819 -32.623849 0.344488,
72.398582 -32.61774 0.344488, 72.376085 -32.606492 0.344488,
72.374331 -32.60629 0.344488, 72.372979 -32.605155 0.344488,
72.36269 -32.66582 0.344488, 72.313667 -32.675624 0.344488,
72.313667 -32.673618 0.344488, 72.317396 -32.666159 0.344488,
72.324856 -32.66243 0.344488, 72.355909 -32.66243 0.344488,
72.947806 -32.603374 0.344488, 72.902812 -32.603374 0.344488,
72.901154 -32.603978 0.344488, 72.899437 -32.603568 0.344488,
72.889607 -32.606492 0.344488, 72.86711 -32.61774 0.344488,
72.86407 -32.62095 0.344488, 72.860014 -32.622709 0.344488,
72.853905 -32.630945 0.344488, 72.842656 -32.653443 0.344488,
72.842454 -32.655196 0.344488, 72.841319 -32.656548 0.344488,
72.839539 -32.666648 0.344488, 72.839539 -32.675624 0.344488,
72.839539 -32.756637 0.344488, 72.840142 -32.758295 0.344488,
72.839732 -32.760013 0.344488, 72.842656 -32.769842 0.344488,
72.853905 -32.792339 0.344488, 72.857115 -32.795378 0.344488,
72.858873 -32.799435 0.344488, 72.86711 -32.805544 0.344488,
72.889607 -32.816793 0.344488, 72.89136 -32.816994 0.344488,
72.892713 -32.818129 0.344488, 72.902812 -32.81991 0.344488,
72.947806 -32.81991 0.344488, 72.949465 -32.819306 0.344488,
72.951182 -32.819717 0.344488, 72.961011 -32.816793 0.344488,
72.983509 -32.805544 0.344488, 72.997395 -32.790877 0.344488,
72.998606 -32.770716 0.344488, 72.986573 -32.754493 0.344488,
72.966928 -32.7498 0.344488, 72.957099 -32.752724 0.344488,
72.940836 -32.760855 0.344488, 72.909783 -32.760855 0.344488,
72.902323 -32.757125 0.344488, 72.898594 -32.749666 0.344488,
72.898594 -32.735849 0.344488, 72.987343 -32.718099 0.344488,
72.991511 -32.715564 0.344488, 72.996316 -32.714717 0.344488,
72.999873 -32.710478 0.344488, 73.0046 -32.707603 0.344488,
73.006163 -32.702981 0.344488, 73.009299 -32.699244 0.344488,
73.01108 -32.689145 0.344488, 73.01108 -32.666648 0.344488,
73.010476 -32.664989 0.344488, 73.010886 -32.663272 0.344488,
73.007963 -32.653442 0.344488, 72.996714 -32.630945 0.344488,
72.993504 -32.627906 0.344488, 72.991745 -32.623849 0.344488,
72.983509 -32.61774 0.344488, 72.961011 -32.606492 0.344488,
72.959258 -32.60629 0.344488, 72.957906 -32.605155 0.344488,
72.947617 -32.66582 0.344488, 72.898594 -32.675624 0.344488,
72.898594 -32.673618 0.344488, 72.902323 -32.666159 0.344488,
72.909783 -32.66243 0.344488, 72.940836 -32.66243 0.344488,
73.150281 -32.603374 0.344488, 73.105287 -32.603374 0.344488,
73.103628 -32.603978 0.344488, 73.101911 -32.603568 0.344488,
73.092082 -32.606492 0.344488, 73.069585 -32.61774 0.344488,
73.066545 -32.62095 0.344488, 73.062489 -32.622709 0.344488,
73.05638 -32.630945 0.344488, 73.045131 -32.653443 0.344488,
73.044929 -32.655196 0.344488, 73.043794 -32.656548 0.344488,
73.042013 -32.666648 0.344488, 73.042013 -32.675624 0.344488,
73.042013 -32.756637 0.344488, 73.042617 -32.758295 0.344488,
73.042207 -32.760013 0.344488, 73.045131 -32.769842 0.344488,
73.05638 -32.792339 0.344488, 73.059589 -32.795378 0.344488,
73.061348 -32.799435 0.344488, 73.069585 -32.805544 0.344488,
73.092082 -32.816793 0.344488, 73.093835 -32.816994 0.344488,
73.095188 -32.818129 0.344488, 73.105287 -32.81991 0.344488,
73.150281 -32.81991 0.344488, 73.151939 -32.819306 0.344488,
73.153657 -32.819717 0.344488, 73.163486 -32.816793 0.344488,
73.185983 -32.805544 0.344488, 73.19987 -32.790877 0.344488,
73.201081 -32.770716 0.344488, 73.189048 -32.754493 0.344488,
73.169403 -32.7498 0.344488, 73.159574 -32.752724 0.344488,
73.143311 -32.760855 0.344488, 73.112257 -32.760855 0.344488,
73.104798 -32.757125 0.344488, 73.101069 -32.749666 0.344488,
73.101069 -32.735849 0.344488, 73.189818 -32.718099 0.344488,
73.193986 -32.715564 0.344488, 73.198791 -32.714717 0.344488,
73.202348 -32.710478 0.344488, 73.207074 -32.707603 0.344488,
73.208637 -32.702981 0.344488, 73.211774 -32.699244 0.344488,
73.213555 -32.689145 0.344488, 73.213555 -32.666648 0.344488,
73.212951 -32.664989 0.344488, 73.213361 -32.663272 0.344488,
73.210437 -32.653442 0.344488, 73.199189 -32.630945 0.344488,
73.195978 -32.627906 0.344488, 73.19422 -32.623849 0.344488,
73.185983 -32.61774 0.344488, 73.163486 -32.606492 0.344488,
73.161733 -32.60629 0.344488, 73.16038 -32.605155 0.344488,
73.150091 -32.66582 0.344488, 73.101069 -32.675624 0.344488,
73.101069 -32.673618 0.344488, 73.104798 -32.666159 0.344488,
73.112257 -32.66243 0.344488, 73.143311 -32.66243 0.344488,
74.439651 -32.749666 0.344488, 74.439651 -32.74111 0.344488,
74.443381 -32.73365 0.344488, 74.45084 -32.729921 0.344488,
74.493082 -32.729921 0.344488, 74.493082 -32.760855 0.344488,
74.45084 -32.760855 0.344488, 74.443381 -32.757125 0.344488,
74.382377 -32.72404 0.344488, 74.380596 -32.734139 0.344488,
74.380596 -32.749666 0.344488, 74.380596 -32.756637 0.344488,
74.3812 -32.758295 0.344488, 74.38079 -32.760013 0.344488,
74.383713 -32.769842 0.344488, 74.394962 -32.792339 0.344488,
74.398172 -32.795378 0.344488, 74.399931 -32.799435 0.344488,
74.408167 -32.805544 0.344488, 74.430665 -32.816793 0.344488,
74.432418 -32.816994 0.344488, 74.43377 -32.818129 0.344488,
74.44387 -32.81991 0.344488, 74.500113 -32.81991 0.344488,
74.501771 -32.819306 0.344488, 74.503488 -32.819717 0.344488,
74.513015 -32.816882 0.344488, 74.517482 -32.819461 0.344488,
74.537374 -32.815954 0.344488, 74.550357 -32.800481 0.344488,
74.552137 -32.790382 0.344488, 74.552137 -32.666648 0.344488,
74.551533 -32.664989 0.344488, 74.551944 -32.663272 0.344488,
74.54902 -32.653442 0.344488, 74.537771 -32.630945 0.344488,
74.534561 -32.627906 0.344488, 74.532803 -32.623849 0.344488,
74.524566 -32.61774 0.344488, 74.502069 -32.606492 0.344488,
74.500315 -32.60629 0.344488, 74.498963 -32.605155 0.344488,
74.488864 -32.603374 0.344488, 74.44387 -32.603374 0.344488,
74.442211 -32.603978 0.344488, 74.440494 -32.603568 0.344488,
74.430665 -32.606492 0.344488, 74.408167 -32.61774 0.344488,
74.394281 -32.632407 0.344488, 74.39307 -32.652569 0.344488,
74.405103 -32.668791 0.344488, 74.424748 -32.673485 0.344488,
74.434578 -32.670561 0.344488, 74.45084 -32.66243 0.344488,
74.481894 -32.66243 0.344488, 74.489352 -32.666159 0.344488,
74.491706 -32.670866 0.344488, 74.44387 -32.670866 0.344488,
74.442211 -32.67147 0.344488, 74.440494 -32.671059 0.344488,
74.430665 -32.673983 0.344488, 74.408167 -32.685232 0.344488,
74.405128 -32.688442 0.344488, 74.401072 -32.6902 0.344488,
74.394962 -32.698437 0.344488, 74.383713 -32.720934 0.344488,
74.383511 -32.722687 0.344488, 74.920529 -32.603374 0.344488,
74.882565 -32.603374 0.344488, 74.880906 -32.603978 0.344488,
74.879189 -32.603568 0.344488, 74.86936 -32.606492 0.344488,
74.846862 -32.61774 0.344488, 74.846419 -32.618207 0.344488,
74.839188 -32.623272 0.344488, 74.827939 -32.63452 0.344488,
74.827667 -32.635105 0.344488, 74.822409 -32.642194 0.344488,
74.81116 -32.664691 0.344488, 74.810958 -32.666444 0.344488,
74.809823 -32.667797 0.344488, 74.808043 -32.677896 0.344488,
74.808043 -32.738417 0.344488, 74.808043 -32.745388 0.344488,
74.808646 -32.747046 0.344488, 74.808236 -32.748764 0.344488,
74.81116 -32.758593 0.344488, 74.822409 -32.78109 0.344488,
74.822876 -32.781533 0.344488, 74.827939 -32.788764 0.344488,
74.839188 -32.800013 0.344488, 74.839771 -32.800284 0.344488,
74.846862 -32.805544 0.344488, 74.86936 -32.816793 0.344488,
74.871113 -32.816994 0.344488, 74.872465 -32.818129 0.344488,
74.882565 -32.81991 0.344488, 74.927559 -32.81991 0.344488,
74.929217 -32.819306 0.344488, 74.930935 -32.819717 0.344488,
74.940462 -32.816882 0.344488, 74.944929 -32.819461 0.344488,
74.96482 -32.815954 0.344488, 74.977803 -32.800481 0.344488,
74.979584 -32.790382 0.344488, 74.979584 -32.554162 0.344488,
74.972676 -32.535182 0.344488, 74.955184 -32.525083 0.344488,
74.935293 -32.52859 0.344488, 74.922309 -32.544063 0.344488,
74.920529 -32.554162 0.344488, 74.920529 -32.66243 0.344488,
74.920529 -32.760855 0.344488, 74.889535 -32.760855 0.344488,
74.877558 -32.754867 0.344488, 74.873086 -32.750394 0.344488,
74.867098 -32.738417 0.344488, 74.867098 -32.684867 0.344488,
74.873086 -32.672889 0.344488, 74.877558 -32.668417 0.344488,
74.889535 -32.66243 0.344488, 71.513297 -32.642833 0.344488,
71.513174 -32.622635 0.344488, 71.500098 -32.607241 0.344488,
71.480186 -32.603854 0.344488, 71.462756 -32.614059 0.344488,
71.457682 -32.622971 0.344488, 71.429246 -32.70259 0.344488,
71.400811 -32.622971 0.344488, 71.387921 -32.60742 0.344488,
71.368052 -32.603793 0.344488, 71.350499 -32.613786 0.344488,
71.343476 -32.632723 0.344488, 71.345196 -32.642833 0.344488,
71.401439 -32.800313 0.344488, 71.40156 -32.800459 0.344488,
71.401561 -32.800649 0.344488, 71.407998 -32.808226 0.344488,
71.414329 -32.815864 0.344488, 71.414514 -32.815898 0.344488,
71.414637 -32.816043 0.344488, 71.424433 -32.817709 0.344488,
71.434198 -32.819492 0.344488, 71.434363 -32.819398 0.344488,
71.43455 -32.81943 0.344488, 71.443115 -32.814415 0.344488,
71.451751 -32.809499 0.344488, 71.451817 -32.809321 0.344488,
71.45198 -32.809226 0.344488, 71.457054 -32.800313 0.344488,
73.362855 -32.605155 0.344488, 73.352756 -32.603374 0.344488,
73.31901 -32.603374 0.344488, 73.317352 -32.603978 0.344488,
73.315635 -32.603568 0.344488, 73.305806 -32.606492 0.344488,
73.300022 -32.609383 0.344488, 73.290392 -32.603823 0.344488,
73.270501 -32.60733 0.344488, 73.257518 -32.622803 0.344488,
73.255737 -32.632902 0.344488, 73.255737 -32.790382 0.344488,
73.262645 -32.809362 0.344488, 73.280137 -32.819461 0.344488,
73.300028 -32.815954 0.344488, 73.313011 -32.800481 0.344488,
73.314792 -32.790382 0.344488, 73.314792 -32.668024 0.344488,
73.325981 -32.66243 0.344488, 73.345786 -32.66243 0.344488,
73.353244 -32.666159 0.344488, 73.356974 -32.673618 0.344488,
73.356974 -32.790382 0.344488, 73.363883 -32.809362 0.344488,
73.381374 -32.819461 0.344488, 73.401266 -32.815954 0.344488,
73.414249 -32.800481 0.344488, 73.41603 -32.790382 0.344488,
73.41603 -32.666648 0.344488, 73.415426 -32.664989 0.344488,
73.415836 -32.663272 0.344488, 73.412912 -32.653442 0.344488,
73.401663 -32.630945 0.344488, 73.398453 -32.627906 0.344488,
73.396695 -32.623849 0.344488, 73.388458 -32.61774 0.344488,
73.365961 -32.606492 0.344488, 73.364207 -32.60629 0.344488,
74.712686 -32.605155 0.344488, 74.702587 -32.603374 0.344488,
74.668841 -32.603374 0.344488, 74.667183 -32.603978 0.344488,
74.665466 -32.603568 0.344488, 74.655637 -32.606492 0.344488,
74.649854 -32.609383 0.344488, 74.640223 -32.603823 0.344488,
74.620332 -32.60733 0.344488, 74.607349 -32.622803 0.344488,
74.605568 -32.632902 0.344488, 74.605568 -32.790382 0.344488,
74.612476 -32.809362 0.344488, 74.629968 -32.819461 0.344488,
74.649859 -32.815954 0.344488, 74.662843 -32.800481 0.344488,
74.664623 -32.790382 0.344488, 74.664623 -32.668024 0.344488,
74.675812 -32.66243 0.344488, 74.695617 -32.66243 0.344488,
74.703076 -32.666159 0.344488, 74.706806 -32.673618 0.344488,
74.706806 -32.790382 0.344488, 74.713714 -32.809362 0.344488,
74.731206 -32.819461 0.344488, 74.751097 -32.815954 0.344488,
74.76408 -32.800481 0.344488, 74.765861 -32.790382 0.344488,
74.765861 -32.666648 0.344488, 74.765257 -32.664989 0.344488,
74.765667 -32.663272 0.344488, 74.762743 -32.653442 0.344488,
74.751494 -32.630945 0.344488, 74.748284 -32.627906 0.344488,
74.746526 -32.623849 0.344488, 74.738289 -32.61774 0.344488,
74.715792 -32.606492 0.344488, 74.714039 -32.60629 0.344488
              ]
            }
            coordIndex [
12, 13, 26, -1, 26, 13, 14, -1, 26, 14, 25, -1, 25, 14, 15, -1,
25, 15, 24, -1, 24, 15, 16, -1, 24, 16, 23, -1, 23, 16, 17, -1,
23, 17, 22, -1, 22, 17, 18, -1, 22, 18, 20, -1, 20, 18, 19, -1,
26, 27, 8, -1, 26, 8, 9, -1, 26, 9, 10, -1, 26, 10, 11, -1,
26, 11, 12, -1, 7, 8, 27, -1, 7, 27, 28, -1, 7, 28, 29, -1,
7, 29, 6, -1, 6, 29, 30, -1, 6, 30, 31, -1, 6, 31, 32, -1,
6, 32, 33, -1, 6, 33, 1, -1, 6, 1, 5, -1, 2, 3, 4, -1,
2, 4, 5, -1, 2, 5, 1, -1, 33, 34, 55, -1, 33, 55, 56, -1,
33, 56, 57, -1, 33, 57, 0, -1, 33, 0, 1, -1, 54, 55, 34, -1,
54, 34, 35, -1, 54, 35, 36, -1, 54, 36, 37, -1, 54, 37, 38, -1,
54, 38, 39, -1, 54, 39, 40, -1, 54, 40, 41, -1, 54, 41, 53, -1,
42, 43, 51, -1, 42, 51, 52, -1, 42, 52, 53, -1, 42, 53, 41, -1,
43, 44, 45, -1, 43, 45, 47, -1, 43, 47, 48, -1, 43, 48, 49, -1,
43, 49, 50, -1, 43, 50, 51, -1, 58, 59, 62, -1, 58, 62, 0, -1,
58, 0, 57, -1, 60, 61, 62, -1, 60, 62, 59, -1, 4919, 4920, 4825, -1,
4825, 4920, 4816, -1, 4825, 4816, 4823, -1, 4823, 4816, 4817, -1, 4823, 4817, 4822, -1,
4822, 4817, 4821, -1, 4818, 4819, 4820, -1, 4818, 4820, 4821, -1, 4818, 4821, 4817, -1,
4911, 4912, 4847, -1, 4847, 4912, 4913, -1, 4847, 4913, 4846, -1, 4846, 4913, 4914, -1,
4846, 4914, 4845, -1, 4845, 4914, 4915, -1, 4845, 4915, 4844, -1, 4844, 4915, 4834, -1,
4844, 4834, 4835, -1, 4916, 4917, 4832, -1, 4916, 4832, 4833, -1, 4916, 4833, 4834, -1,
4916, 4834, 4915, -1, 4917, 4918, 4829, -1, 4917, 4829, 4830, -1, 4917, 4830, 4831, -1,
4917, 4831, 4832, -1, 4918, 4919, 4827, -1, 4918, 4827, 4828, -1, 4918, 4828, 4829, -1,
4825, 4826, 4827, -1, 4825, 4827, 4919, -1, 4881, 4882, 4886, -1, 4886, 4882, 4883, -1,
4886, 4883, 4885, -1, 4885, 4883, 4884, -1, 4886, 4887, 4879, -1, 4886, 4879, 4880, -1,
4886, 4880, 4881, -1, 4888, 4889, 4874, -1, 4888, 4874, 4875, -1, 4888, 4875, 4876, -1,
4888, 4876, 4877, -1, 4888, 4877, 4878, -1, 4888, 4878, 4879, -1, 4888, 4879, 4887, -1,
4889, 4890, 4871, -1, 4889, 4871, 4872, -1, 4889, 4872, 4873, -1, 4889, 4873, 4874, -1,
4868, 4869, 4891, -1, 4891, 4869, 4870, -1, 4891, 4870, 4890, -1, 4890, 4870, 4871, -1,
4867, 4868, 4891, -1, 4867, 4891, 4892, -1, 4867, 4892, 4893, -1, 4867, 4893, 4894, -1,
4867, 4894, 4895, -1, 4867, 4895, 4866, -1, 4866, 4895, 4896, -1, 4866, 4896, 4897, -1,
4866, 4897, 4898, -1, 4866, 4898, 4899, -1, 4866, 4899, 4865, -1, 4859, 4860, 4905, -1,
4905, 4860, 4861, -1, 4905, 4861, 4904, -1, 4904, 4861, 4862, -1, 4904, 4862, 4903, -1,
4903, 4862, 4863, -1, 4903, 4863, 4902, -1, 4902, 4863, 4864, -1, 4902, 4864, 4901, -1,
4901, 4864, 4865, -1, 4901, 4865, 4900, -1, 4900, 4865, 4899, -1, 4905, 4906, 4854, -1,
4905, 4854, 4855, -1, 4905, 4855, 4856, -1, 4905, 4856, 4857, -1, 4905, 4857, 4858, -1,
4905, 4858, 4859, -1, 4906, 4907, 4850, -1, 4906, 4850, 4851, -1, 4906, 4851, 4853, -1,
4906, 4853, 4854, -1, 4848, 4849, 4909, -1, 4909, 4849, 4850, -1, 4909, 4850, 4908, -1,
4908, 4850, 4907, -1, 4848, 4909, 4910, -1, 4848, 4910, 4911, -1, 4848, 4911, 4847, -1,
4837, 4838, 4839, -1, 4837, 4839, 4840, -1, 4837, 4840, 4841, -1, 4837, 4841, 4836, -1,
4842, 4843, 4835, -1, 4842, 4835, 4836, -1, 4842, 4836, 4841, -1, 98, 99, 87, -1,
87, 99, 100, -1, 87, 100, 86, -1, 86, 100, 63, -1, 86, 63, 84, -1,
84, 63, 83, -1, 64, 65, 81, -1, 64, 81, 82, -1, 64, 82, 83, -1,
64, 83, 63, -1, 65, 66, 81, -1, 81, 66, 67, -1, 81, 67, 80, -1,
80, 67, 78, -1, 80, 78, 79, -1, 68, 69, 77, -1, 68, 77, 78, -1,
68, 78, 67, -1, 72, 75, 71, -1, 71, 75, 76, -1, 71, 76, 70, -1,
70, 76, 77, -1, 70, 77, 69, -1, 73, 74, 75, -1, 73, 75, 72, -1,
96, 88, 95, -1, 95, 88, 89, -1, 95, 89, 94, -1, 94, 89, 92, -1,
94, 92, 93, -1, 88, 96, 97, -1, 88, 97, 98, -1, 88, 98, 87, -1,
92, 89, 90, -1, 92, 90, 91, -1, 118, 119, 120, -1, 118, 120, 114, -1,
118, 114, 115, -1, 118, 115, 116, -1, 118, 116, 117, -1, 169, 130, 168, -1,
168, 130, 131, -1, 168, 131, 167, -1, 167, 131, 150, -1, 167, 150, 166, -1,
166, 150, 101, -1, 166, 101, 175, -1, 175, 101, 102, -1, 175, 102, 103, -1,
170, 171, 127, -1, 170, 127, 128, -1, 170, 128, 129, -1, 170, 129, 130, -1,
170, 130, 169, -1, 113, 120, 112, -1, 112, 120, 121, -1, 112, 121, 111, -1,
111, 121, 122, -1, 111, 122, 110, -1, 110, 122, 123, -1, 110, 123, 109, -1,
109, 123, 124, -1, 109, 124, 108, -1, 108, 124, 125, -1, 108, 125, 107, -1,
107, 125, 126, -1, 107, 126, 106, -1, 106, 126, 127, -1, 106, 127, 171, -1,
104, 105, 173, -1, 104, 173, 174, -1, 104, 174, 175, -1, 104, 175, 103, -1,
172, 173, 105, -1, 172, 105, 106, -1, 172, 106, 171, -1, 160, 161, 156, -1,
160, 156, 157, -1, 160, 157, 158, -1, 160, 158, 159, -1, 161, 162, 153, -1,
161, 153, 154, -1, 161, 154, 155, -1, 161, 155, 156, -1, 162, 163, 150, -1,
162, 150, 151, -1, 162, 151, 152, -1, 162, 152, 153, -1, 150, 163, 164, -1,
150, 164, 165, -1, 150, 165, 101, -1, 149, 150, 131, -1, 149, 131, 132, -1,
149, 132, 133, -1, 149, 133, 148, -1, 133, 134, 146, -1, 133, 146, 147, -1,
133, 147, 148, -1, 143, 144, 136, -1, 136, 144, 145, -1, 136, 145, 135, -1,
135, 145, 146, -1, 135, 146, 134, -1, 140, 141, 137, -1, 137, 141, 142, -1,
137, 142, 136, -1, 136, 142, 143, -1, 138, 139, 140, -1, 138, 140, 137, -1,
188, 189, 190, -1, 188, 190, 184, -1, 188, 184, 185, -1, 188, 185, 186, -1,
188, 186, 187, -1, 234, 178, 233, -1, 233, 178, 179, -1, 233, 179, 232, -1,
232, 179, 180, -1, 232, 180, 217, -1, 217, 180, 199, -1, 217, 199, 216, -1,
216, 199, 200, -1, 216, 200, 215, -1, 215, 200, 201, -1, 215, 201, 214, -1,
214, 201, 202, -1, 214, 202, 203, -1, 229, 230, 218, -1, 218, 230, 231, -1,
218, 231, 217, -1, 217, 231, 232, -1, 229, 218, 219, -1, 229, 219, 220, -1,
229, 220, 221, -1, 229, 221, 228, -1, 224, 226, 223, -1, 223, 226, 227, -1,
223, 227, 222, -1, 222, 227, 228, -1, 222, 228, 221, -1, 212, 204, 211, -1,
211, 204, 205, -1, 211, 205, 210, -1, 210, 205, 208, -1, 210, 208, 209, -1,
204, 212, 213, -1, 204, 213, 214, -1, 204, 214, 203, -1, 180, 181, 199, -1,
199, 181, 182, -1, 199, 182, 198, -1, 198, 182, 183, -1, 198, 183, 176, -1,
198, 176, 197, -1, 197, 176, 177, -1, 197, 177, 235, -1, 235, 177, 178, -1,
235, 178, 234, -1, 208, 205, 206, -1, 208, 206, 207, -1, 197, 235, 196, -1,
196, 235, 236, -1, 196, 236, 195, -1, 195, 236, 237, -1, 195, 237, 194, -1,
194, 237, 238, -1, 194, 238, 239, -1, 242, 190, 241, -1, 241, 190, 191, -1,
241, 191, 240, -1, 240, 191, 192, -1, 240, 192, 239, -1, 239, 192, 193, -1,
239, 193, 194, -1, 280, 281, 269, -1, 269, 281, 291, -1, 269, 291, 268, -1,
268, 291, 292, -1, 268, 292, 267, -1, 267, 292, 293, -1, 267, 293, 266, -1,
266, 293, 294, -1, 266, 294, 265, -1, 265, 294, 295, -1, 265, 295, 286, -1,
251, 254, 250, -1, 250, 254, 256, -1, 250, 256, 249, -1, 249, 256, 257, -1,
249, 257, 248, -1, 248, 257, 258, -1, 248, 258, 247, -1, 247, 258, 259, -1,
247, 259, 246, -1, 246, 259, 260, -1, 246, 260, 245, -1, 245, 260, 261, -1,
245, 261, 244, -1, 244, 261, 262, -1, 244, 262, 243, -1, 243, 262, 286, -1,
243, 286, 287, -1, 286, 262, 263, -1, 286, 263, 264, -1, 286, 264, 265, -1,
254, 251, 252, -1, 254, 252, 253, -1, 285, 243, 287, -1, 285, 287, 288, -1,
285, 288, 289, -1, 285, 289, 284, -1, 289, 290, 282, -1, 289, 282, 283, -1,
289, 283, 284, -1, 291, 281, 282, -1, 291, 282, 290, -1, 272, 276, 271, -1,
271, 276, 277, -1, 271, 277, 270, -1, 270, 277, 278, -1, 270, 278, 269, -1,
269, 278, 279, -1, 269, 279, 280, -1, 276, 272, 273, -1, 276, 273, 274, -1,
276, 274, 275, -1, 336, 337, 338, -1, 336, 338, 332, -1, 336, 332, 333, -1,
336, 333, 334, -1, 336, 334, 335, -1, 304, 307, 303, -1, 303, 307, 309, -1,
303, 309, 302, -1, 302, 309, 310, -1, 302, 310, 301, -1, 301, 310, 311, -1,
301, 311, 300, -1, 300, 311, 312, -1, 300, 312, 299, -1, 299, 312, 313, -1,
299, 313, 298, -1, 298, 313, 314, -1, 298, 314, 297, -1, 297, 314, 315, -1,
297, 315, 296, -1, 296, 315, 353, -1, 296, 353, 354, -1, 353, 315, 316, -1,
353, 316, 317, -1, 353, 317, 318, -1, 353, 318, 368, -1, 365, 366, 319, -1,
319, 366, 367, -1, 319, 367, 318, -1, 318, 367, 368, -1, 365, 319, 320, -1,
365, 320, 321, -1, 365, 321, 322, -1, 365, 322, 364, -1, 364, 322, 363, -1,
363, 322, 323, -1, 363, 323, 362, -1, 362, 323, 324, -1, 362, 324, 361, -1,
361, 324, 345, -1, 361, 345, 360, -1, 360, 345, 346, -1, 360, 346, 347, -1,
307, 304, 305, -1, 307, 305, 306, -1, 352, 296, 354, -1, 352, 354, 355, -1,
352, 355, 356, -1, 352, 356, 351, -1, 356, 357, 349, -1, 356, 349, 350, -1,
356, 350, 351, -1, 358, 359, 348, -1, 358, 348, 349, -1, 358, 349, 357, -1,
360, 347, 348, -1, 360, 348, 359, -1, 345, 324, 344, -1, 344, 324, 325, -1,
344, 325, 343, -1, 343, 325, 326, -1, 343, 326, 342, -1, 342, 326, 327, -1,
342, 327, 341, -1, 341, 327, 328, -1, 341, 328, 340, -1, 340, 328, 329, -1,
340, 329, 339, -1, 339, 329, 330, -1, 339, 330, 338, -1, 338, 330, 331, -1,
338, 331, 332, -1, 370, 372, 369, -1, 369, 372, 374, -1, 369, 374, 406, -1,
406, 374, 375, -1, 406, 375, 376, -1, 400, 401, 382, -1, 382, 401, 402, -1,
382, 402, 381, -1, 381, 402, 403, -1, 381, 403, 404, -1, 377, 378, 405, -1,
405, 378, 379, -1, 405, 379, 404, -1, 404, 379, 380, -1, 404, 380, 381, -1,
405, 406, 376, -1, 405, 376, 377, -1, 387, 388, 394, -1, 394, 388, 389, -1,
394, 389, 393, -1, 393, 389, 390, -1, 393, 390, 392, -1, 392, 390, 391, -1,
395, 396, 386, -1, 395, 386, 387, -1, 395, 387, 394, -1, 384, 385, 398, -1,
398, 385, 386, -1, 398, 386, 397, -1, 397, 386, 396, -1, 383, 384, 398, -1,
383, 398, 399, -1, 383, 399, 400, -1, 383, 400, 382, -1, 448, 449, 416, -1,
416, 449, 407, -1, 416, 407, 414, -1, 414, 407, 408, -1, 414, 408, 413, -1,
413, 408, 412, -1, 409, 410, 411, -1, 409, 411, 412, -1, 409, 412, 408, -1,
440, 441, 438, -1, 438, 441, 442, -1, 438, 442, 437, -1, 437, 442, 443, -1,
437, 443, 436, -1, 436, 443, 444, -1, 436, 444, 435, -1, 435, 444, 425, -1,
435, 425, 426, -1, 445, 446, 423, -1, 445, 423, 424, -1, 445, 424, 425, -1,
445, 425, 444, -1, 446, 447, 420, -1, 446, 420, 421, -1, 446, 421, 422, -1,
446, 422, 423, -1, 447, 448, 418, -1, 447, 418, 419, -1, 447, 419, 420, -1,
416, 417, 418, -1, 416, 418, 448, -1, 428, 429, 430, -1, 428, 430, 431, -1,
428, 431, 432, -1, 428, 432, 427, -1, 433, 434, 426, -1, 433, 426, 427, -1,
433, 427, 432, -1, 474, 450, 451, -1, 474, 451, 452, -1, 474, 452, 453, -1,
474, 453, 473, -1, 472, 473, 453, -1, 472, 453, 454, -1, 472, 454, 455, -1,
472, 455, 456, -1, 472, 456, 471, -1, 466, 467, 458, -1, 458, 467, 469, -1,
458, 469, 457, -1, 457, 469, 470, -1, 457, 470, 456, -1, 456, 470, 471, -1,
461, 464, 460, -1, 460, 464, 465, -1, 460, 465, 459, -1, 459, 465, 466, -1,
459, 466, 458, -1, 462, 463, 464, -1, 462, 464, 461, -1, 531, 532, 499, -1,
499, 532, 533, -1, 499, 533, 498, -1, 498, 533, 475, -1, 498, 475, 496, -1,
496, 475, 495, -1, 476, 477, 493, -1, 476, 493, 494, -1, 476, 494, 495, -1,
476, 495, 475, -1, 477, 478, 493, -1, 493, 478, 479, -1, 493, 479, 492, -1,
492, 479, 490, -1, 492, 490, 491, -1, 480, 481, 489, -1, 480, 489, 490, -1,
480, 490, 479, -1, 484, 487, 483, -1, 483, 487, 488, -1, 483, 488, 482, -1,
482, 488, 489, -1, 482, 489, 481, -1, 485, 486, 487, -1, 485, 487, 484, -1,
522, 523, 511, -1, 511, 523, 524, -1, 511, 524, 510, -1, 510, 524, 525, -1,
510, 525, 508, -1, 508, 525, 507, -1, 526, 527, 505, -1, 526, 505, 506, -1,
526, 506, 507, -1, 526, 507, 525, -1, 504, 505, 527, -1, 504, 527, 528, -1,
504, 528, 529, -1, 504, 529, 503, -1, 501, 502, 503, -1, 501, 503, 529, -1,
501, 529, 530, -1, 501, 530, 500, -1, 531, 499, 500, -1, 531, 500, 530, -1,
520, 512, 519, -1, 519, 512, 513, -1, 519, 513, 518, -1, 518, 513, 516, -1,
518, 516, 517, -1, 512, 520, 521, -1, 512, 521, 522, -1, 512, 522, 511, -1,
516, 513, 514, -1, 516, 514, 515, -1, 549, 550, 551, -1, 549, 551, 545, -1,
549, 545, 546, -1, 549, 546, 547, -1, 549, 547, 548, -1, 598, 599, 534, -1,
534, 599, 594, -1, 534, 594, 575, -1, 575, 594, 595, -1, 575, 595, 574, -1,
574, 595, 596, -1, 574, 596, 573, -1, 573, 596, 558, -1, 573, 558, 559, -1,
535, 536, 597, -1, 535, 597, 598, -1, 535, 598, 534, -1, 537, 538, 557, -1,
537, 557, 558, -1, 537, 558, 596, -1, 537, 596, 597, -1, 537, 597, 536, -1,
557, 538, 556, -1, 556, 538, 539, -1, 556, 539, 555, -1, 555, 539, 540, -1,
555, 540, 541, -1, 544, 551, 543, -1, 543, 551, 552, -1, 543, 552, 542, -1,
542, 552, 553, -1, 542, 553, 541, -1, 541, 553, 554, -1, 541, 554, 555, -1,
586, 587, 578, -1, 586, 578, 579, -1, 586, 579, 580, -1, 586, 580, 581, -1,
586, 581, 584, -1, 586, 584, 585, -1, 577, 578, 587, -1, 577, 587, 588, -1,
577, 588, 589, -1, 577, 589, 576, -1, 575, 576, 589, -1, 575, 589, 590, -1,
575, 590, 591, -1, 575, 591, 592, -1, 575, 592, 593, -1, 575, 593, 534, -1,
584, 581, 582, -1, 584, 582, 583, -1, 561, 562, 569, -1, 569, 562, 563, -1,
569, 563, 568, -1, 568, 563, 564, -1, 568, 564, 567, -1, 567, 564, 565, -1,
567, 565, 566, -1, 560, 561, 569, -1, 560, 569, 570, -1, 560, 570, 571, -1,
560, 571, 559, -1, 572, 573, 559, -1, 572, 559, 571, -1, 656, 657, 624, -1,
624, 657, 658, -1, 624, 658, 623, -1, 623, 658, 600, -1, 623, 600, 621, -1,
621, 600, 620, -1, 601, 602, 618, -1, 601, 618, 619, -1, 601, 619, 620, -1,
601, 620, 600, -1, 602, 603, 618, -1, 618, 603, 604, -1, 618, 604, 617, -1,
617, 604, 615, -1, 617, 615, 616, -1, 605, 606, 614, -1, 605, 614, 615, -1,
605, 615, 604, -1, 609, 612, 608, -1, 608, 612, 613, -1, 608, 613, 607, -1,
607, 613, 614, -1, 607, 614, 606, -1, 610, 611, 612, -1, 610, 612, 609, -1,
647, 648, 636, -1, 636, 648, 649, -1, 636, 649, 635, -1, 635, 649, 650, -1,
635, 650, 633, -1, 633, 650, 632, -1, 651, 652, 630, -1, 651, 630, 631, -1,
651, 631, 632, -1, 651, 632, 650, -1, 629, 630, 652, -1, 629, 652, 653, -1,
629, 653, 654, -1, 629, 654, 628, -1, 626, 627, 628, -1, 626, 628, 654, -1,
626, 654, 655, -1, 626, 655, 625, -1, 656, 624, 625, -1, 656, 625, 655, -1,
645, 637, 644, -1, 644, 637, 638, -1, 644, 638, 643, -1, 643, 638, 641, -1,
643, 641, 642, -1, 637, 645, 646, -1, 637, 646, 647, -1, 637, 647, 636, -1,
641, 638, 639, -1, 641, 639, 640, -1, 699, 700, 701, -1, 699, 701, 695, -1,
699, 695, 696, -1, 699, 696, 697, -1, 699, 697, 698, -1, 667, 670, 666, -1,
666, 670, 672, -1, 666, 672, 665, -1, 665, 672, 673, -1, 665, 673, 664, -1,
664, 673, 674, -1, 664, 674, 663, -1, 663, 674, 675, -1, 663, 675, 662, -1,
662, 675, 676, -1, 662, 676, 661, -1, 661, 676, 677, -1, 661, 677, 660, -1,
660, 677, 678, -1, 660, 678, 659, -1, 659, 678, 716, -1, 659, 716, 717, -1,
716, 678, 679, -1, 716, 679, 680, -1, 716, 680, 681, -1, 716, 681, 731, -1,
728, 729, 682, -1, 682, 729, 730, -1, 682, 730, 681, -1, 681, 730, 731, -1,
728, 682, 683, -1, 728, 683, 684, -1, 728, 684, 685, -1, 728, 685, 727, -1,
727, 685, 726, -1, 726, 685, 686, -1, 726, 686, 725, -1, 725, 686, 687, -1,
725, 687, 724, -1, 724, 687, 708, -1, 724, 708, 723, -1, 723, 708, 709, -1,
723, 709, 710, -1, 670, 667, 668, -1, 670, 668, 669, -1, 715, 659, 717, -1,
715, 717, 718, -1, 715, 718, 719, -1, 715, 719, 714, -1, 719, 720, 712, -1,
719, 712, 713, -1, 719, 713, 714, -1, 721, 722, 711, -1, 721, 711, 712, -1,
721, 712, 720, -1, 723, 710, 711, -1, 723, 711, 722, -1, 708, 687, 707, -1,
707, 687, 688, -1, 707, 688, 706, -1, 706, 688, 689, -1, 706, 689, 705, -1,
705, 689, 690, -1, 705, 690, 704, -1, 704, 690, 691, -1, 704, 691, 703, -1,
703, 691, 692, -1, 703, 692, 702, -1, 702, 692, 693, -1, 702, 693, 701, -1,
701, 693, 694, -1, 701, 694, 695, -1, 810, 811, 737, -1, 737, 811, 732, -1,
737, 732, 735, -1, 735, 732, 733, -1, 735, 733, 734, -1, 795, 796, 794, -1,
794, 796, 797, -1, 794, 797, 793, -1, 793, 797, 798, -1, 793, 798, 799, -1,
790, 791, 801, -1, 801, 791, 792, -1, 801, 792, 800, -1, 800, 792, 793, -1,
800, 793, 799, -1, 802, 803, 789, -1, 802, 789, 790, -1, 802, 790, 801, -1,
804, 805, 743, -1, 804, 743, 744, -1, 804, 744, 788, -1, 804, 788, 789, -1,
804, 789, 803, -1, 743, 805, 742, -1, 742, 805, 806, -1, 742, 806, 741, -1,
741, 806, 807, -1, 741, 807, 808, -1, 810, 738, 809, -1, 809, 738, 739, -1,
809, 739, 808, -1, 808, 739, 740, -1, 808, 740, 741, -1, 764, 765, 748, -1,
748, 765, 784, -1, 748, 784, 747, -1, 747, 784, 785, -1, 747, 785, 746, -1,
746, 785, 786, -1, 746, 786, 745, -1, 745, 786, 787, -1, 745, 787, 788, -1,
772, 775, 771, -1, 771, 775, 777, -1, 771, 777, 770, -1, 770, 777, 778, -1,
770, 778, 769, -1, 769, 778, 779, -1, 769, 779, 780, -1, 783, 765, 782, -1,
782, 765, 766, -1, 782, 766, 781, -1, 781, 766, 767, -1, 781, 767, 780, -1,
780, 767, 768, -1, 780, 768, 769, -1, 764, 748, 763, -1, 763, 748, 749, -1,
763, 749, 762, -1, 762, 749, 750, -1, 762, 750, 751, -1, 759, 760, 752, -1,
752, 760, 761, -1, 752, 761, 751, -1, 751, 761, 762, -1, 756, 757, 753, -1,
753, 757, 758, -1, 753, 758, 752, -1, 752, 758, 759, -1, 754, 755, 756, -1,
754, 756, 753, -1, 775, 772, 773, -1, 775, 773, 774, -1, 852, 853, 854, -1,
852, 854, 848, -1, 852, 848, 849, -1, 852, 849, 850, -1, 852, 850, 851, -1,
820, 823, 819, -1, 819, 823, 825, -1, 819, 825, 818, -1, 818, 825, 826, -1,
818, 826, 817, -1, 817, 826, 827, -1, 817, 827, 816, -1, 816, 827, 828, -1,
816, 828, 815, -1, 815, 828, 829, -1, 815, 829, 814, -1, 814, 829, 830, -1,
814, 830, 813, -1, 813, 830, 831, -1, 813, 831, 812, -1, 812, 831, 869, -1,
812, 869, 870, -1, 869, 831, 832, -1, 869, 832, 833, -1, 869, 833, 834, -1,
869, 834, 884, -1, 881, 882, 835, -1, 835, 882, 883, -1, 835, 883, 834, -1,
834, 883, 884, -1, 881, 835, 836, -1, 881, 836, 837, -1, 881, 837, 838, -1,
881, 838, 880, -1, 880, 838, 879, -1, 879, 838, 839, -1, 879, 839, 878, -1,
878, 839, 840, -1, 878, 840, 877, -1, 877, 840, 861, -1, 877, 861, 876, -1,
876, 861, 862, -1, 876, 862, 863, -1, 823, 820, 821, -1, 823, 821, 822, -1,
868, 812, 870, -1, 868, 870, 871, -1, 868, 871, 872, -1, 868, 872, 867, -1,
872, 873, 865, -1, 872, 865, 866, -1, 872, 866, 867, -1, 874, 875, 864, -1,
874, 864, 865, -1, 874, 865, 873, -1, 876, 863, 864, -1, 876, 864, 875, -1,
861, 840, 860, -1, 860, 840, 841, -1, 860, 841, 859, -1, 859, 841, 842, -1,
859, 842, 858, -1, 858, 842, 843, -1, 858, 843, 857, -1, 857, 843, 844, -1,
857, 844, 856, -1, 856, 844, 845, -1, 856, 845, 855, -1, 855, 845, 846, -1,
855, 846, 854, -1, 854, 846, 847, -1, 854, 847, 848, -1, 886, 888, 885, -1,
885, 888, 890, -1, 885, 890, 906, -1, 906, 890, 891, -1, 906, 891, 892, -1,
924, 925, 926, -1, 924, 926, 920, -1, 924, 920, 921, -1, 924, 921, 922, -1,
924, 922, 923, -1, 960, 951, 907, -1, 960, 907, 908, -1, 960, 908, 909, -1,
960, 909, 910, -1, 960, 910, 959, -1, 959, 910, 958, -1, 958, 910, 911, -1,
958, 911, 957, -1, 957, 911, 912, -1, 957, 912, 956, -1, 956, 912, 933, -1,
956, 933, 955, -1, 955, 933, 934, -1, 955, 934, 935, -1, 940, 941, 947, -1,
947, 941, 942, -1, 947, 942, 946, -1, 946, 942, 943, -1, 946, 943, 945, -1,
945, 943, 944, -1, 948, 949, 937, -1, 948, 937, 938, -1, 948, 938, 939, -1,
948, 939, 940, -1, 948, 940, 947, -1, 937, 949, 950, -1, 937, 950, 907, -1,
937, 907, 951, -1, 937, 951, 952, -1, 937, 952, 953, -1, 937, 953, 936, -1,
936, 953, 954, -1, 936, 954, 955, -1, 936, 955, 935, -1, 933, 912, 932, -1,
932, 912, 913, -1, 932, 913, 931, -1, 931, 913, 914, -1, 931, 914, 930, -1,
930, 914, 915, -1, 930, 915, 929, -1, 929, 915, 916, -1, 929, 916, 928, -1,
928, 916, 917, -1, 928, 917, 927, -1, 927, 917, 918, -1, 927, 918, 926, -1,
926, 918, 919, -1, 926, 919, 920, -1, 976, 977, 978, -1, 976, 978, 972, -1,
976, 972, 973, -1, 976, 973, 974, -1, 976, 974, 975, -1, 1025, 1026, 961, -1,
961, 1026, 1021, -1, 961, 1021, 1002, -1, 1002, 1021, 1022, -1, 1002, 1022, 1001, -1,
1001, 1022, 1023, -1, 1001, 1023, 1000, -1, 1000, 1023, 985, -1, 1000, 985, 986, -1,
962, 963, 1024, -1, 962, 1024, 1025, -1, 962, 1025, 961, -1, 964, 965, 984, -1,
964, 984, 985, -1, 964, 985, 1023, -1, 964, 1023, 1024, -1, 964, 1024, 963, -1,
984, 965, 983, -1, 983, 965, 966, -1, 983, 966, 982, -1, 982, 966, 967, -1,
982, 967, 968, -1, 971, 978, 970, -1, 970, 978, 979, -1, 970, 979, 969, -1,
969, 979, 980, -1, 969, 980, 968, -1, 968, 980, 981, -1, 968, 981, 982, -1,
1013, 1014, 1005, -1, 1013, 1005, 1006, -1, 1013, 1006, 1007, -1, 1013, 1007, 1008, -1,
1013, 1008, 1011, -1, 1013, 1011, 1012, -1, 1004, 1005, 1014, -1, 1004, 1014, 1015, -1,
1004, 1015, 1016, -1, 1004, 1016, 1003, -1, 1002, 1003, 1016, -1, 1002, 1016, 1017, -1,
1002, 1017, 1018, -1, 1002, 1018, 1019, -1, 1002, 1019, 1020, -1, 1002, 1020, 961, -1,
1011, 1008, 1009, -1, 1011, 1009, 1010, -1, 988, 989, 996, -1, 996, 989, 990, -1,
996, 990, 995, -1, 995, 990, 991, -1, 995, 991, 994, -1, 994, 991, 992, -1,
994, 992, 993, -1, 987, 988, 996, -1, 987, 996, 997, -1, 987, 997, 998, -1,
987, 998, 986, -1, 999, 1000, 986, -1, 999, 986, 998, -1, 893, 894, 905, -1,
905, 894, 895, -1, 905, 895, 904, -1, 904, 895, 902, -1, 904, 902, 903, -1,
898, 899, 897, -1, 897, 899, 900, -1, 897, 900, 896, -1, 896, 900, 901, -1,
896, 901, 902, -1, 905, 906, 892, -1, 905, 892, 893, -1, 1051, 1027, 1028, -1,
1051, 1028, 1029, -1, 1051, 1029, 1030, -1, 1051, 1030, 1050, -1, 1049, 1050, 1030, -1,
1049, 1030, 1031, -1, 1049, 1031, 1032, -1, 1049, 1032, 1033, -1, 1049, 1033, 1048, -1,
1043, 1044, 1035, -1, 1035, 1044, 1046, -1, 1035, 1046, 1034, -1, 1034, 1046, 1047, -1,
1034, 1047, 1033, -1, 1033, 1047, 1048, -1, 1038, 1041, 1037, -1, 1037, 1041, 1042, -1,
1037, 1042, 1036, -1, 1036, 1042, 1043, -1, 1036, 1043, 1035, -1, 1039, 1040, 1041, -1,
1039, 1041, 1038, -1, 1108, 1109, 1076, -1, 1076, 1109, 1110, -1, 1076, 1110, 1075, -1,
1075, 1110, 1052, -1, 1075, 1052, 1073, -1, 1073, 1052, 1072, -1, 1053, 1054, 1070, -1,
1053, 1070, 1071, -1, 1053, 1071, 1072, -1, 1053, 1072, 1052, -1, 1054, 1055, 1070, -1,
1070, 1055, 1056, -1, 1070, 1056, 1069, -1, 1069, 1056, 1067, -1, 1069, 1067, 1068, -1,
1057, 1058, 1066, -1, 1057, 1066, 1067, -1, 1057, 1067, 1056, -1, 1061, 1064, 1060, -1,
1060, 1064, 1065, -1, 1060, 1065, 1059, -1, 1059, 1065, 1066, -1, 1059, 1066, 1058, -1,
1062, 1063, 1064, -1, 1062, 1064, 1061, -1, 1099, 1100, 1088, -1, 1088, 1100, 1101, -1,
1088, 1101, 1087, -1, 1087, 1101, 1102, -1, 1087, 1102, 1085, -1, 1085, 1102, 1084, -1,
1103, 1104, 1082, -1, 1103, 1082, 1083, -1, 1103, 1083, 1084, -1, 1103, 1084, 1102, -1,
1081, 1082, 1104, -1, 1081, 1104, 1105, -1, 1081, 1105, 1106, -1, 1081, 1106, 1080, -1,
1078, 1079, 1080, -1, 1078, 1080, 1106, -1, 1078, 1106, 1107, -1, 1078, 1107, 1077, -1,
1108, 1076, 1077, -1, 1108, 1077, 1107, -1, 1097, 1089, 1096, -1, 1096, 1089, 1090, -1,
1096, 1090, 1095, -1, 1095, 1090, 1093, -1, 1095, 1093, 1094, -1, 1089, 1097, 1098, -1,
1089, 1098, 1099, -1, 1089, 1099, 1088, -1, 1093, 1090, 1091, -1, 1093, 1091, 1092, -1,
1123, 1124, 1125, -1, 1123, 1125, 1119, -1, 1123, 1119, 1120, -1, 1123, 1120, 1121, -1,
1123, 1121, 1122, -1, 1169, 1113, 1168, -1, 1168, 1113, 1114, -1, 1168, 1114, 1167, -1,
1167, 1114, 1115, -1, 1167, 1115, 1152, -1, 1152, 1115, 1134, -1, 1152, 1134, 1151, -1,
1151, 1134, 1135, -1, 1151, 1135, 1150, -1, 1150, 1135, 1136, -1, 1150, 1136, 1149, -1,
1149, 1136, 1137, -1, 1149, 1137, 1138, -1, 1164, 1165, 1153, -1, 1153, 1165, 1166, -1,
1153, 1166, 1152, -1, 1152, 1166, 1167, -1, 1164, 1153, 1154, -1, 1164, 1154, 1155, -1,
1164, 1155, 1156, -1, 1164, 1156, 1163, -1, 1159, 1161, 1158, -1, 1158, 1161, 1162, -1,
1158, 1162, 1157, -1, 1157, 1162, 1163, -1, 1157, 1163, 1156, -1, 1147, 1139, 1146, -1,
1146, 1139, 1140, -1, 1146, 1140, 1145, -1, 1145, 1140, 1143, -1, 1145, 1143, 1144, -1,
1139, 1147, 1148, -1, 1139, 1148, 1149, -1, 1139, 1149, 1138, -1, 1115, 1116, 1134, -1,
1134, 1116, 1117, -1, 1134, 1117, 1133, -1, 1133, 1117, 1118, -1, 1133, 1118, 1111, -1,
1133, 1111, 1132, -1, 1132, 1111, 1112, -1, 1132, 1112, 1170, -1, 1170, 1112, 1113, -1,
1170, 1113, 1169, -1, 1143, 1140, 1141, -1, 1143, 1141, 1142, -1, 1132, 1170, 1131, -1,
1131, 1170, 1171, -1, 1131, 1171, 1130, -1, 1130, 1171, 1172, -1, 1130, 1172, 1129, -1,
1129, 1172, 1173, -1, 1129, 1173, 1174, -1, 1177, 1125, 1176, -1, 1176, 1125, 1126, -1,
1176, 1126, 1175, -1, 1175, 1126, 1127, -1, 1175, 1127, 1174, -1, 1174, 1127, 1128, -1,
1174, 1128, 1129, -1, 1231, 1222, 1178, -1, 1231, 1178, 1179, -1, 1231, 1179, 1180, -1,
1231, 1180, 1181, -1, 1231, 1181, 1230, -1, 1230, 1181, 1229, -1, 1229, 1181, 1182, -1,
1229, 1182, 1228, -1, 1228, 1182, 1183, -1, 1228, 1183, 1227, -1, 1227, 1183, 1204, -1,
1227, 1204, 1226, -1, 1226, 1204, 1205, -1, 1226, 1205, 1206, -1, 1211, 1212, 1218, -1,
1218, 1212, 1213, -1, 1218, 1213, 1217, -1, 1217, 1213, 1214, -1, 1217, 1214, 1216, -1,
1216, 1214, 1215, -1, 1219, 1220, 1208, -1, 1219, 1208, 1209, -1, 1219, 1209, 1210, -1,
1219, 1210, 1211, -1, 1219, 1211, 1218, -1, 1208, 1220, 1221, -1, 1208, 1221, 1178, -1,
1208, 1178, 1222, -1, 1208, 1222, 1223, -1, 1208, 1223, 1224, -1, 1208, 1224, 1207, -1,
1207, 1224, 1225, -1, 1207, 1225, 1226, -1, 1207, 1226, 1206, -1, 1204, 1183, 1203, -1,
1203, 1183, 1184, -1, 1203, 1184, 1202, -1, 1202, 1184, 1185, -1, 1202, 1185, 1201, -1,
1201, 1185, 1186, -1, 1201, 1186, 1200, -1, 1200, 1186, 1187, -1, 1200, 1187, 1199, -1,
1199, 1187, 1188, -1, 1199, 1188, 1198, -1, 1198, 1188, 1189, -1, 1198, 1189, 1197, -1,
1197, 1189, 1190, -1, 1197, 1190, 1191, -1, 1195, 1196, 1197, -1, 1195, 1197, 1191, -1,
1195, 1191, 1192, -1, 1195, 1192, 1193, -1, 1195, 1193, 1194, -1, 1310, 1311, 1237, -1,
1237, 1311, 1232, -1, 1237, 1232, 1235, -1, 1235, 1232, 1233, -1, 1235, 1233, 1234, -1,
1295, 1296, 1294, -1, 1294, 1296, 1297, -1, 1294, 1297, 1293, -1, 1293, 1297, 1298, -1,
1293, 1298, 1299, -1, 1290, 1291, 1301, -1, 1301, 1291, 1292, -1, 1301, 1292, 1300, -1,
1300, 1292, 1293, -1, 1300, 1293, 1299, -1, 1302, 1303, 1289, -1, 1302, 1289, 1290, -1,
1302, 1290, 1301, -1, 1304, 1305, 1243, -1, 1304, 1243, 1244, -1, 1304, 1244, 1288, -1,
1304, 1288, 1289, -1, 1304, 1289, 1303, -1, 1243, 1305, 1242, -1, 1242, 1305, 1306, -1,
1242, 1306, 1241, -1, 1241, 1306, 1307, -1, 1241, 1307, 1308, -1, 1310, 1238, 1309, -1,
1309, 1238, 1239, -1, 1309, 1239, 1308, -1, 1308, 1239, 1240, -1, 1308, 1240, 1241, -1,
1264, 1265, 1248, -1, 1248, 1265, 1284, -1, 1248, 1284, 1247, -1, 1247, 1284, 1285, -1,
1247, 1285, 1246, -1, 1246, 1285, 1286, -1, 1246, 1286, 1245, -1, 1245, 1286, 1287, -1,
1245, 1287, 1288, -1, 1272, 1275, 1271, -1, 1271, 1275, 1277, -1, 1271, 1277, 1270, -1,
1270, 1277, 1278, -1, 1270, 1278, 1269, -1, 1269, 1278, 1279, -1, 1269, 1279, 1280, -1,
1283, 1265, 1282, -1, 1282, 1265, 1266, -1, 1282, 1266, 1281, -1, 1281, 1266, 1267, -1,
1281, 1267, 1280, -1, 1280, 1267, 1268, -1, 1280, 1268, 1269, -1, 1264, 1248, 1263, -1,
1263, 1248, 1249, -1, 1263, 1249, 1262, -1, 1262, 1249, 1250, -1, 1262, 1250, 1251, -1,
1259, 1260, 1252, -1, 1252, 1260, 1261, -1, 1252, 1261, 1251, -1, 1251, 1261, 1262, -1,
1256, 1257, 1253, -1, 1253, 1257, 1258, -1, 1253, 1258, 1252, -1, 1252, 1258, 1259, -1,
1254, 1255, 1256, -1, 1254, 1256, 1253, -1, 1275, 1272, 1273, -1, 1275, 1273, 1274, -1,
1353, 1354, 1321, -1, 1321, 1354, 1312, -1, 1321, 1312, 1319, -1, 1319, 1312, 1313, -1,
1319, 1313, 1318, -1, 1318, 1313, 1317, -1, 1314, 1315, 1316, -1, 1314, 1316, 1317, -1,
1314, 1317, 1313, -1, 1345, 1346, 1343, -1, 1343, 1346, 1347, -1, 1343, 1347, 1342, -1,
1342, 1347, 1348, -1, 1342, 1348, 1341, -1, 1341, 1348, 1349, -1, 1341, 1349, 1340, -1,
1340, 1349, 1330, -1, 1340, 1330, 1331, -1, 1350, 1351, 1328, -1, 1350, 1328, 1329, -1,
1350, 1329, 1330, -1, 1350, 1330, 1349, -1, 1351, 1352, 1325, -1, 1351, 1325, 1326, -1,
1351, 1326, 1327, -1, 1351, 1327, 1328, -1, 1352, 1353, 1323, -1, 1352, 1323, 1324, -1,
1352, 1324, 1325, -1, 1321, 1322, 1323, -1, 1321, 1323, 1353, -1, 1333, 1334, 1335, -1,
1333, 1335, 1336, -1, 1333, 1336, 1337, -1, 1333, 1337, 1332, -1, 1338, 1339, 1331, -1,
1338, 1331, 1332, -1, 1338, 1332, 1337, -1, 1392, 1393, 1369, -1, 1369, 1393, 1355, -1,
1369, 1355, 1368, -1, 1368, 1355, 1356, -1, 1368, 1356, 1367, -1, 1367, 1356, 1366, -1,
1360, 1363, 1359, -1, 1359, 1363, 1364, -1, 1359, 1364, 1358, -1, 1358, 1364, 1365, -1,
1358, 1365, 1357, -1, 1357, 1365, 1366, -1, 1357, 1366, 1356, -1, 1361, 1362, 1363, -1,
1361, 1363, 1360, -1, 1386, 1387, 1375, -1, 1375, 1387, 1388, -1, 1375, 1388, 1374, -1,
1374, 1388, 1389, -1, 1374, 1389, 1372, -1, 1372, 1389, 1371, -1, 1390, 1391, 1369, -1,
1390, 1369, 1370, -1, 1390, 1370, 1371, -1, 1390, 1371, 1389, -1, 1384, 1376, 1383, -1,
1383, 1376, 1377, -1, 1383, 1377, 1382, -1, 1382, 1377, 1380, -1, 1382, 1380, 1381, -1,
1376, 1384, 1385, -1, 1376, 1385, 1386, -1, 1376, 1386, 1375, -1, 1380, 1377, 1378, -1,
1380, 1378, 1379, -1, 1409, 1410, 1411, -1, 1409, 1411, 1405, -1, 1409, 1405, 1406, -1,
1409, 1406, 1407, -1, 1409, 1407, 1408, -1, 1458, 1459, 1394, -1, 1394, 1459, 1454, -1,
1394, 1454, 1435, -1, 1435, 1454, 1455, -1, 1435, 1455, 1434, -1, 1434, 1455, 1456, -1,
1434, 1456, 1433, -1, 1433, 1456, 1418, -1, 1433, 1418, 1419, -1, 1395, 1396, 1457, -1,
1395, 1457, 1458, -1, 1395, 1458, 1394, -1, 1397, 1398, 1417, -1, 1397, 1417, 1418, -1,
1397, 1418, 1456, -1, 1397, 1456, 1457, -1, 1397, 1457, 1396, -1, 1417, 1398, 1416, -1,
1416, 1398, 1399, -1, 1416, 1399, 1415, -1, 1415, 1399, 1400, -1, 1415, 1400, 1401, -1,
1404, 1411, 1403, -1, 1403, 1411, 1412, -1, 1403, 1412, 1402, -1, 1402, 1412, 1413, -1,
1402, 1413, 1401, -1, 1401, 1413, 1414, -1, 1401, 1414, 1415, -1, 1446, 1447, 1438, -1,
1446, 1438, 1439, -1, 1446, 1439, 1440, -1, 1446, 1440, 1441, -1, 1446, 1441, 1444, -1,
1446, 1444, 1445, -1, 1437, 1438, 1447, -1, 1437, 1447, 1448, -1, 1437, 1448, 1449, -1,
1437, 1449, 1436, -1, 1435, 1436, 1449, -1, 1435, 1449, 1450, -1, 1435, 1450, 1451, -1,
1435, 1451, 1452, -1, 1435, 1452, 1453, -1, 1435, 1453, 1394, -1, 1444, 1441, 1442, -1,
1444, 1442, 1443, -1, 1421, 1422, 1429, -1, 1429, 1422, 1423, -1, 1429, 1423, 1428, -1,
1428, 1423, 1424, -1, 1428, 1424, 1427, -1, 1427, 1424, 1425, -1, 1427, 1425, 1426, -1,
1420, 1421, 1429, -1, 1420, 1429, 1430, -1, 1420, 1430, 1431, -1, 1420, 1431, 1419, -1,
1432, 1433, 1419, -1, 1432, 1419, 1431, -1, 1484, 1460, 1461, -1, 1484, 1461, 1462, -1,
1484, 1462, 1463, -1, 1484, 1463, 1483, -1, 1482, 1483, 1463, -1, 1482, 1463, 1464, -1,
1482, 1464, 1465, -1, 1482, 1465, 1466, -1, 1482, 1466, 1481, -1, 1476, 1477, 1468, -1,
1468, 1477, 1479, -1, 1468, 1479, 1467, -1, 1467, 1479, 1480, -1, 1467, 1480, 1466, -1,
1466, 1480, 1481, -1, 1471, 1474, 1470, -1, 1470, 1474, 1475, -1, 1470, 1475, 1469, -1,
1469, 1475, 1476, -1, 1469, 1476, 1468, -1, 1472, 1473, 1474, -1, 1472, 1474, 1471, -1,
1500, 1501, 1502, -1, 1500, 1502, 1496, -1, 1500, 1496, 1497, -1, 1500, 1497, 1498, -1,
1500, 1498, 1499, -1, 1549, 1550, 1485, -1, 1485, 1550, 1545, -1, 1485, 1545, 1526, -1,
1526, 1545, 1546, -1, 1526, 1546, 1525, -1, 1525, 1546, 1547, -1, 1525, 1547, 1524, -1,
1524, 1547, 1509, -1, 1524, 1509, 1510, -1, 1486, 1487, 1548, -1, 1486, 1548, 1549, -1,
1486, 1549, 1485, -1, 1488, 1489, 1508, -1, 1488, 1508, 1509, -1, 1488, 1509, 1547, -1,
1488, 1547, 1548, -1, 1488, 1548, 1487, -1, 1508, 1489, 1507, -1, 1507, 1489, 1490, -1,
1507, 1490, 1506, -1, 1506, 1490, 1491, -1, 1506, 1491, 1492, -1, 1495, 1502, 1494, -1,
1494, 1502, 1503, -1, 1494, 1503, 1493, -1, 1493, 1503, 1504, -1, 1493, 1504, 1492, -1,
1492, 1504, 1505, -1, 1492, 1505, 1506, -1, 1537, 1538, 1529, -1, 1537, 1529, 1530, -1,
1537, 1530, 1531, -1, 1537, 1531, 1532, -1, 1537, 1532, 1535, -1, 1537, 1535, 1536, -1,
1528, 1529, 1538, -1, 1528, 1538, 1539, -1, 1528, 1539, 1540, -1, 1528, 1540, 1527, -1,
1526, 1527, 1540, -1, 1526, 1540, 1541, -1, 1526, 1541, 1542, -1, 1526, 1542, 1543, -1,
1526, 1543, 1544, -1, 1526, 1544, 1485, -1, 1535, 1532, 1533, -1, 1535, 1533, 1534, -1,
1512, 1513, 1520, -1, 1520, 1513, 1514, -1, 1520, 1514, 1519, -1, 1519, 1514, 1515, -1,
1519, 1515, 1518, -1, 1518, 1515, 1516, -1, 1518, 1516, 1517, -1, 1511, 1512, 1520, -1,
1511, 1520, 1521, -1, 1511, 1521, 1522, -1, 1511, 1522, 1510, -1, 1523, 1524, 1510, -1,
1523, 1510, 1522, -1, 1551, 1552, 1553, -1, 1551, 1553, 1554, -1, 1551, 1554, 1555, -1,
1551, 1555, 1556, -1, 1551, 1556, 1579, -1, 1556, 1557, 1572, -1, 1556, 1572, 1573, -1,
1556, 1573, 1574, -1, 1556, 1574, 1575, -1, 1556, 1575, 1576, -1, 1556, 1576, 1577, -1,
1556, 1577, 1578, -1, 1556, 1578, 1579, -1, 1557, 1558, 1564, -1, 1557, 1564, 1565, -1,
1557, 1565, 1566, -1, 1557, 1566, 1567, -1, 1557, 1567, 1568, -1, 1557, 1568, 1569, -1,
1557, 1569, 1570, -1, 1557, 1570, 1571, -1, 1557, 1571, 1572, -1, 1564, 1558, 1559, -1,
1564, 1559, 1560, -1, 1564, 1560, 1561, -1, 1564, 1561, 1563, -1, 1599, 1600, 1594, -1,
1594, 1600, 1580, -1, 1594, 1580, 1593, -1, 1593, 1580, 1581, -1, 1593, 1581, 1591, -1,
1591, 1581, 1582, -1, 1591, 1582, 1590, -1, 1590, 1582, 1583, -1, 1590, 1583, 1589, -1,
1589, 1583, 1584, -1, 1589, 1584, 1588, -1, 1588, 1584, 1585, -1, 1588, 1585, 1586, -1,
1601, 1602, 1603, -1, 1601, 1603, 1604, -1, 1601, 1604, 1605, -1, 1601, 1605, 1606, -1,
1601, 1606, 1600, -1, 1599, 1594, 1595, -1, 1599, 1595, 1596, -1, 1599, 1596, 1597, -1,
1599, 1597, 1598, -1, 1615, 1616, 1627, -1, 1627, 1616, 1617, -1, 1627, 1617, 1626, -1,
1626, 1617, 1624, -1, 1626, 1624, 1625, -1, 1620, 1621, 1619, -1, 1619, 1621, 1622, -1,
1619, 1622, 1618, -1, 1618, 1622, 1623, -1, 1618, 1623, 1624, -1, 1612, 1613, 1628, -1,
1628, 1613, 1614, -1, 1628, 1614, 1627, -1, 1627, 1614, 1615, -1, 1607, 1608, 1610, -1,
1607, 1610, 1612, -1, 1607, 1612, 1628, -1, 1685, 1686, 1634, -1, 1634, 1686, 1629, -1,
1634, 1629, 1632, -1, 1632, 1629, 1630, -1, 1632, 1630, 1631, -1, 1668, 1669, 1667, -1,
1667, 1669, 1670, -1, 1667, 1670, 1666, -1, 1666, 1670, 1671, -1, 1666, 1671, 1672, -1,
1663, 1664, 1674, -1, 1674, 1664, 1665, -1, 1674, 1665, 1673, -1, 1673, 1665, 1666, -1,
1673, 1666, 1672, -1, 1663, 1674, 1675, -1, 1663, 1675, 1676, -1, 1663, 1676, 1677, -1,
1663, 1677, 1662, -1, 1662, 1677, 1661, -1, 1661, 1677, 1678, -1, 1661, 1678, 1660, -1,
1660, 1678, 1679, -1, 1660, 1679, 1659, -1, 1659, 1679, 1641, -1, 1659, 1641, 1658, -1,
1658, 1641, 1642, -1, 1658, 1642, 1643, -1, 1646, 1647, 1654, -1, 1654, 1647, 1648, -1,
1654, 1648, 1653, -1, 1653, 1648, 1649, -1, 1653, 1649, 1652, -1, 1652, 1649, 1650, -1,
1652, 1650, 1651, -1, 1645, 1646, 1654, -1, 1645, 1654, 1655, -1, 1645, 1655, 1656, -1,
1645, 1656, 1644, -1, 1644, 1656, 1657, -1, 1644, 1657, 1658, -1, 1644, 1658, 1643, -1,
1641, 1679, 1640, -1, 1640, 1679, 1680, -1, 1640, 1680, 1639, -1, 1639, 1680, 1681, -1,
1639, 1681, 1638, -1, 1638, 1681, 1682, -1, 1638, 1682, 1637, -1, 1637, 1682, 1683, -1,
1637, 1683, 1636, -1, 1636, 1683, 1684, -1, 1636, 1684, 1635, -1, 1635, 1684, 1685, -1,
1635, 1685, 1634, -1, 1693, 1694, 1701, -1, 1693, 1701, 1702, -1, 1693, 1702, 1687, -1,
1693, 1687, 1688, -1, 1693, 1688, 1689, -1, 1693, 1689, 1690, -1, 1693, 1690, 1692, -1,
1712, 1713, 1714, -1, 1712, 1714, 1715, -1, 1712, 1715, 1716, -1, 1712, 1716, 1717, -1,
1712, 1717, 1711, -1, 1717, 1718, 1708, -1, 1717, 1708, 1709, -1, 1717, 1709, 1710, -1,
1717, 1710, 1711, -1, 1718, 1687, 1702, -1, 1718, 1702, 1703, -1, 1718, 1703, 1704, -1,
1718, 1704, 1705, -1, 1718, 1705, 1706, -1, 1718, 1706, 1707, -1, 1718, 1707, 1708, -1,
1697, 1699, 1696, -1, 1696, 1699, 1700, -1, 1696, 1700, 1695, -1, 1695, 1700, 1701, -1,
1695, 1701, 1694, -1, 1797, 1798, 1724, -1, 1724, 1798, 1719, -1, 1724, 1719, 1722, -1,
1722, 1719, 1720, -1, 1722, 1720, 1721, -1, 1782, 1783, 1781, -1, 1781, 1783, 1784, -1,
1781, 1784, 1780, -1, 1780, 1784, 1785, -1, 1780, 1785, 1786, -1, 1777, 1778, 1788, -1,
1788, 1778, 1779, -1, 1788, 1779, 1787, -1, 1787, 1779, 1780, -1, 1787, 1780, 1786, -1,
1789, 1790, 1776, -1, 1789, 1776, 1777, -1, 1789, 1777, 1788, -1, 1791, 1792, 1730, -1,
1791, 1730, 1731, -1, 1791, 1731, 1775, -1, 1791, 1775, 1776, -1, 1791, 1776, 1790, -1,
1730, 1792, 1729, -1, 1729, 1792, 1793, -1, 1729, 1793, 1728, -1, 1728, 1793, 1794, -1,
1728, 1794, 1795, -1, 1797, 1725, 1796, -1, 1796, 1725, 1726, -1, 1796, 1726, 1795, -1,
1795, 1726, 1727, -1, 1795, 1727, 1728, -1, 1751, 1752, 1735, -1, 1735, 1752, 1771, -1,
1735, 1771, 1734, -1, 1734, 1771, 1772, -1, 1734, 1772, 1733, -1, 1733, 1772, 1773, -1,
1733, 1773, 1732, -1, 1732, 1773, 1774, -1, 1732, 1774, 1775, -1, 1759, 1762, 1758, -1,
1758, 1762, 1764, -1, 1758, 1764, 1757, -1, 1757, 1764, 1765, -1, 1757, 1765, 1756, -1,
1756, 1765, 1766, -1, 1756, 1766, 1767, -1, 1770, 1752, 1769, -1, 1769, 1752, 1753, -1,
1769, 1753, 1768, -1, 1768, 1753, 1754, -1, 1768, 1754, 1767, -1, 1767, 1754, 1755, -1,
1767, 1755, 1756, -1, 1751, 1735, 1750, -1, 1750, 1735, 1736, -1, 1750, 1736, 1749, -1,
1749, 1736, 1737, -1, 1749, 1737, 1738, -1, 1746, 1747, 1739, -1, 1739, 1747, 1748, -1,
1739, 1748, 1738, -1, 1738, 1748, 1749, -1, 1743, 1744, 1740, -1, 1740, 1744, 1745, -1,
1740, 1745, 1739, -1, 1739, 1745, 1746, -1, 1741, 1742, 1743, -1, 1741, 1743, 1740, -1,
1762, 1759, 1760, -1, 1762, 1760, 1761, -1, 1839, 1840, 1841, -1, 1839, 1841, 1835, -1,
1839, 1835, 1836, -1, 1839, 1836, 1837, -1, 1839, 1837, 1838, -1, 1807, 1810, 1806, -1,
1806, 1810, 1812, -1, 1806, 1812, 1805, -1, 1805, 1812, 1813, -1, 1805, 1813, 1804, -1,
1804, 1813, 1814, -1, 1804, 1814, 1803, -1, 1803, 1814, 1815, -1, 1803, 1815, 1802, -1,
1802, 1815, 1816, -1, 1802, 1816, 1801, -1, 1801, 1816, 1817, -1, 1801, 1817, 1800, -1,
1800, 1817, 1818, -1, 1800, 1818, 1799, -1, 1799, 1818, 1856, -1, 1799, 1856, 1857, -1,
1856, 1818, 1819, -1, 1856, 1819, 1820, -1, 1856, 1820, 1821, -1, 1856, 1821, 1871, -1,
1868, 1869, 1822, -1, 1822, 1869, 1870, -1, 1822, 1870, 1821, -1, 1821, 1870, 1871, -1,
1868, 1822, 1823, -1, 1868, 1823, 1824, -1, 1868, 1824, 1825, -1, 1868, 1825, 1867, -1,
1867, 1825, 1866, -1, 1866, 1825, 1826, -1, 1866, 1826, 1865, -1, 1865, 1826, 1827, -1,
1865, 1827, 1864, -1, 1864, 1827, 1848, -1, 1864, 1848, 1863, -1, 1863, 1848, 1849, -1,
1863, 1849, 1850, -1, 1810, 1807, 1808, -1, 1810, 1808, 1809, -1, 1855, 1799, 1857, -1,
1855, 1857, 1858, -1, 1855, 1858, 1859, -1, 1855, 1859, 1854, -1, 1859, 1860, 1852, -1,
1859, 1852, 1853, -1, 1859, 1853, 1854, -1, 1861, 1862, 1851, -1, 1861, 1851, 1852, -1,
1861, 1852, 1860, -1, 1863, 1850, 1851, -1, 1863, 1851, 1862, -1, 1848, 1827, 1847, -1,
1847, 1827, 1828, -1, 1847, 1828, 1846, -1, 1846, 1828, 1829, -1, 1846, 1829, 1845, -1,
1845, 1829, 1830, -1, 1845, 1830, 1844, -1, 1844, 1830, 1831, -1, 1844, 1831, 1843, -1,
1843, 1831, 1832, -1, 1843, 1832, 1842, -1, 1842, 1832, 1833, -1, 1842, 1833, 1841, -1,
1841, 1833, 1834, -1, 1841, 1834, 1835, -1, 1887, 1888, 1889, -1, 1887, 1889, 1883, -1,
1887, 1883, 1884, -1, 1887, 1884, 1885, -1, 1887, 1885, 1886, -1, 1936, 1937, 1872, -1,
1872, 1937, 1932, -1, 1872, 1932, 1913, -1, 1913, 1932, 1933, -1, 1913, 1933, 1912, -1,
1912, 1933, 1934, -1, 1912, 1934, 1911, -1, 1911, 1934, 1896, -1, 1911, 1896, 1897, -1,
1873, 1874, 1935, -1, 1873, 1935, 1936, -1, 1873, 1936, 1872, -1, 1875, 1876, 1895, -1,
1875, 1895, 1896, -1, 1875, 1896, 1934, -1, 1875, 1934, 1935, -1, 1875, 1935, 1874, -1,
1895, 1876, 1894, -1, 1894, 1876, 1877, -1, 1894, 1877, 1893, -1, 1893, 1877, 1878, -1,
1893, 1878, 1879, -1, 1882, 1889, 1881, -1, 1881, 1889, 1890, -1, 1881, 1890, 1880, -1,
1880, 1890, 1891, -1, 1880, 1891, 1879, -1, 1879, 1891, 1892, -1, 1879, 1892, 1893, -1,
1924, 1925, 1916, -1, 1924, 1916, 1917, -1, 1924, 1917, 1918, -1, 1924, 1918, 1919, -1,
1924, 1919, 1922, -1, 1924, 1922, 1923, -1, 1915, 1916, 1925, -1, 1915, 1925, 1926, -1,
1915, 1926, 1927, -1, 1915, 1927, 1914, -1, 1913, 1914, 1927, -1, 1913, 1927, 1928, -1,
1913, 1928, 1929, -1, 1913, 1929, 1930, -1, 1913, 1930, 1931, -1, 1913, 1931, 1872, -1,
1922, 1919, 1920, -1, 1922, 1920, 1921, -1, 1899, 1900, 1907, -1, 1907, 1900, 1901, -1,
1907, 1901, 1906, -1, 1906, 1901, 1902, -1, 1906, 1902, 1905, -1, 1905, 1902, 1903, -1,
1905, 1903, 1904, -1, 1898, 1899, 1907, -1, 1898, 1907, 1908, -1, 1898, 1908, 1909, -1,
1898, 1909, 1897, -1, 1910, 1911, 1897, -1, 1910, 1897, 1909, -1, 1975, 1976, 1952, -1,
1952, 1976, 1938, -1, 1952, 1938, 1951, -1, 1951, 1938, 1939, -1, 1951, 1939, 1950, -1,
1950, 1939, 1949, -1, 1943, 1946, 1942, -1, 1942, 1946, 1947, -1, 1942, 1947, 1941, -1,
1941, 1947, 1948, -1, 1941, 1948, 1940, -1, 1940, 1948, 1949, -1, 1940, 1949, 1939, -1,
1944, 1945, 1946, -1, 1944, 1946, 1943, -1, 1969, 1970, 1958, -1, 1958, 1970, 1971, -1,
1958, 1971, 1957, -1, 1957, 1971, 1972, -1, 1957, 1972, 1955, -1, 1955, 1972, 1954, -1,
1973, 1974, 1952, -1, 1973, 1952, 1953, -1, 1973, 1953, 1954, -1, 1973, 1954, 1972, -1,
1967, 1959, 1966, -1, 1966, 1959, 1960, -1, 1966, 1960, 1965, -1, 1965, 1960, 1963, -1,
1965, 1963, 1964, -1, 1959, 1967, 1968, -1, 1959, 1968, 1969, -1, 1959, 1969, 1958, -1,
1963, 1960, 1961, -1, 1963, 1961, 1962, -1, 1989, 1990, 1991, -1, 1989, 1991, 1985, -1,
1989, 1985, 1986, -1, 1989, 1986, 1987, -1, 1989, 1987, 1988, -1, 2035, 1979, 2034, -1,
2034, 1979, 1980, -1, 2034, 1980, 2033, -1, 2033, 1980, 1981, -1, 2033, 1981, 2018, -1,
2018, 1981, 2000, -1, 2018, 2000, 2017, -1, 2017, 2000, 2001, -1, 2017, 2001, 2016, -1,
2016, 2001, 2002, -1, 2016, 2002, 2015, -1, 2015, 2002, 2003, -1, 2015, 2003, 2004, -1,
2030, 2031, 2019, -1, 2019, 2031, 2032, -1, 2019, 2032, 2018, -1, 2018, 2032, 2033, -1,
2030, 2019, 2020, -1, 2030, 2020, 2021, -1, 2030, 2021, 2022, -1, 2030, 2022, 2029, -1,
2025, 2027, 2024, -1, 2024, 2027, 2028, -1, 2024, 2028, 2023, -1, 2023, 2028, 2029, -1,
2023, 2029, 2022, -1, 2013, 2005, 2012, -1, 2012, 2005, 2006, -1, 2012, 2006, 2011, -1,
2011, 2006, 2009, -1, 2011, 2009, 2010, -1, 2005, 2013, 2014, -1, 2005, 2014, 2015, -1,
2005, 2015, 2004, -1, 1981, 1982, 2000, -1, 2000, 1982, 1983, -1, 2000, 1983, 1999, -1,
1999, 1983, 1984, -1, 1999, 1984, 1977, -1, 1999, 1977, 1998, -1, 1998, 1977, 1978, -1,
1998, 1978, 2036, -1, 2036, 1978, 1979, -1, 2036, 1979, 2035, -1, 2009, 2006, 2007, -1,
2009, 2007, 2008, -1, 1998, 2036, 1997, -1, 1997, 2036, 2037, -1, 1997, 2037, 1996, -1,
1996, 2037, 2038, -1, 1996, 2038, 1995, -1, 1995, 2038, 2039, -1, 1995, 2039, 2040, -1,
2043, 1991, 2042, -1, 2042, 1991, 1992, -1, 2042, 1992, 2041, -1, 2041, 1992, 1993, -1,
2041, 1993, 2040, -1, 2040, 1993, 1994, -1, 2040, 1994, 1995, -1, 2059, 2060, 2061, -1,
2059, 2061, 2055, -1, 2059, 2055, 2056, -1, 2059, 2056, 2057, -1, 2059, 2057, 2058, -1,
2108, 2109, 2044, -1, 2044, 2109, 2104, -1, 2044, 2104, 2085, -1, 2085, 2104, 2105, -1,
2085, 2105, 2084, -1, 2084, 2105, 2106, -1, 2084, 2106, 2083, -1, 2083, 2106, 2068, -1,
2083, 2068, 2069, -1, 2045, 2046, 2107, -1, 2045, 2107, 2108, -1, 2045, 2108, 2044, -1,
2047, 2048, 2067, -1, 2047, 2067, 2068, -1, 2047, 2068, 2106, -1, 2047, 2106, 2107, -1,
2047, 2107, 2046, -1, 2067, 2048, 2066, -1, 2066, 2048, 2049, -1, 2066, 2049, 2065, -1,
2065, 2049, 2050, -1, 2065, 2050, 2051, -1, 2054, 2061, 2053, -1, 2053, 2061, 2062, -1,
2053, 2062, 2052, -1, 2052, 2062, 2063, -1, 2052, 2063, 2051, -1, 2051, 2063, 2064, -1,
2051, 2064, 2065, -1, 2096, 2097, 2088, -1, 2096, 2088, 2089, -1, 2096, 2089, 2090, -1,
2096, 2090, 2091, -1, 2096, 2091, 2094, -1, 2096, 2094, 2095, -1, 2087, 2088, 2097, -1,
2087, 2097, 2098, -1, 2087, 2098, 2099, -1, 2087, 2099, 2086, -1, 2085, 2086, 2099, -1,
2085, 2099, 2100, -1, 2085, 2100, 2101, -1, 2085, 2101, 2102, -1, 2085, 2102, 2103, -1,
2085, 2103, 2044, -1, 2094, 2091, 2092, -1, 2094, 2092, 2093, -1, 2071, 2072, 2079, -1,
2079, 2072, 2073, -1, 2079, 2073, 2078, -1, 2078, 2073, 2074, -1, 2078, 2074, 2077, -1,
2077, 2074, 2075, -1, 2077, 2075, 2076, -1, 2070, 2071, 2079, -1, 2070, 2079, 2080, -1,
2070, 2080, 2081, -1, 2070, 2081, 2069, -1, 2082, 2083, 2069, -1, 2082, 2069, 2081, -1,
2151, 2152, 2119, -1, 2119, 2152, 2110, -1, 2119, 2110, 2117, -1, 2117, 2110, 2111, -1,
2117, 2111, 2116, -1, 2116, 2111, 2115, -1, 2112, 2113, 2114, -1, 2112, 2114, 2115, -1,
2112, 2115, 2111, -1, 2143, 2144, 2141, -1, 2141, 2144, 2145, -1, 2141, 2145, 2140, -1,
2140, 2145, 2146, -1, 2140, 2146, 2139, -1, 2139, 2146, 2147, -1, 2139, 2147, 2138, -1,
2138, 2147, 2128, -1, 2138, 2128, 2129, -1, 2148, 2149, 2126, -1, 2148, 2126, 2127, -1,
2148, 2127, 2128, -1, 2148, 2128, 2147, -1, 2149, 2150, 2123, -1, 2149, 2123, 2124, -1,
2149, 2124, 2125, -1, 2149, 2125, 2126, -1, 2150, 2151, 2121, -1, 2150, 2121, 2122, -1,
2150, 2122, 2123, -1, 2119, 2120, 2121, -1, 2119, 2121, 2151, -1, 2131, 2132, 2133, -1,
2131, 2133, 2134, -1, 2131, 2134, 2135, -1, 2131, 2135, 2130, -1, 2136, 2137, 2129, -1,
2136, 2129, 2130, -1, 2136, 2130, 2135, -1, 2193, 2194, 2195, -1, 2193, 2195, 2189, -1,
2193, 2189, 2190, -1, 2193, 2190, 2191, -1, 2193, 2191, 2192, -1, 2161, 2164, 2160, -1,
2160, 2164, 2166, -1, 2160, 2166, 2159, -1, 2159, 2166, 2167, -1, 2159, 2167, 2158, -1,
2158, 2167, 2168, -1, 2158, 2168, 2157, -1, 2157, 2168, 2169, -1, 2157, 2169, 2156, -1,
2156, 2169, 2170, -1, 2156, 2170, 2155, -1, 2155, 2170, 2171, -1, 2155, 2171, 2154, -1,
2154, 2171, 2172, -1, 2154, 2172, 2153, -1, 2153, 2172, 2210, -1, 2153, 2210, 2211, -1,
2210, 2172, 2173, -1, 2210, 2173, 2174, -1, 2210, 2174, 2175, -1, 2210, 2175, 2225, -1,
2222, 2223, 2176, -1, 2176, 2223, 2224, -1, 2176, 2224, 2175, -1, 2175, 2224, 2225, -1,
2222, 2176, 2177, -1, 2222, 2177, 2178, -1, 2222, 2178, 2179, -1, 2222, 2179, 2221, -1,
2221, 2179, 2220, -1, 2220, 2179, 2180, -1, 2220, 2180, 2219, -1, 2219, 2180, 2181, -1,
2219, 2181, 2218, -1, 2218, 2181, 2202, -1, 2218, 2202, 2217, -1, 2217, 2202, 2203, -1,
2217, 2203, 2204, -1, 2164, 2161, 2162, -1, 2164, 2162, 2163, -1, 2209, 2153, 2211, -1,
2209, 2211, 2212, -1, 2209, 2212, 2213, -1, 2209, 2213, 2208, -1, 2213, 2214, 2206, -1,
2213, 2206, 2207, -1, 2213, 2207, 2208, -1, 2215, 2216, 2205, -1, 2215, 2205, 2206, -1,
2215, 2206, 2214, -1, 2217, 2204, 2205, -1, 2217, 2205, 2216, -1, 2202, 2181, 2201, -1,
2201, 2181, 2182, -1, 2201, 2182, 2200, -1, 2200, 2182, 2183, -1, 2200, 2183, 2199, -1,
2199, 2183, 2184, -1, 2199, 2184, 2198, -1, 2198, 2184, 2185, -1, 2198, 2185, 2197, -1,
2197, 2185, 2186, -1, 2197, 2186, 2196, -1, 2196, 2186, 2187, -1, 2196, 2187, 2195, -1,
2195, 2187, 2188, -1, 2195, 2188, 2189, -1, 2241, 2242, 2243, -1, 2241, 2243, 2237, -1,
2241, 2237, 2238, -1, 2241, 2238, 2239, -1, 2241, 2239, 2240, -1, 2290, 2291, 2226, -1,
2226, 2291, 2286, -1, 2226, 2286, 2267, -1, 2267, 2286, 2287, -1, 2267, 2287, 2266, -1,
2266, 2287, 2288, -1, 2266, 2288, 2265, -1, 2265, 2288, 2250, -1, 2265, 2250, 2251, -1,
2227, 2228, 2289, -1, 2227, 2289, 2290, -1, 2227, 2290, 2226, -1, 2229, 2230, 2249, -1,
2229, 2249, 2250, -1, 2229, 2250, 2288, -1, 2229, 2288, 2289, -1, 2229, 2289, 2228, -1,
2249, 2230, 2248, -1, 2248, 2230, 2231, -1, 2248, 2231, 2247, -1, 2247, 2231, 2232, -1,
2247, 2232, 2233, -1, 2236, 2243, 2235, -1, 2235, 2243, 2244, -1, 2235, 2244, 2234, -1,
2234, 2244, 2245, -1, 2234, 2245, 2233, -1, 2233, 2245, 2246, -1, 2233, 2246, 2247, -1,
2278, 2279, 2270, -1, 2278, 2270, 2271, -1, 2278, 2271, 2272, -1, 2278, 2272, 2273, -1,
2278, 2273, 2276, -1, 2278, 2276, 2277, -1, 2269, 2270, 2279, -1, 2269, 2279, 2280, -1,
2269, 2280, 2281, -1, 2269, 2281, 2268, -1, 2267, 2268, 2281, -1, 2267, 2281, 2282, -1,
2267, 2282, 2283, -1, 2267, 2283, 2284, -1, 2267, 2284, 2285, -1, 2267, 2285, 2226, -1,
2276, 2273, 2274, -1, 2276, 2274, 2275, -1, 2253, 2254, 2261, -1, 2261, 2254, 2255, -1,
2261, 2255, 2260, -1, 2260, 2255, 2256, -1, 2260, 2256, 2259, -1, 2259, 2256, 2257, -1,
2259, 2257, 2258, -1, 2252, 2253, 2261, -1, 2252, 2261, 2262, -1, 2252, 2262, 2263, -1,
2252, 2263, 2251, -1, 2264, 2265, 2251, -1, 2264, 2251, 2263, -1, 2329, 2330, 2318, -1,
2318, 2330, 2340, -1, 2318, 2340, 2317, -1, 2317, 2340, 2341, -1, 2317, 2341, 2316, -1,
2316, 2341, 2342, -1, 2316, 2342, 2315, -1, 2315, 2342, 2343, -1, 2315, 2343, 2314, -1,
2314, 2343, 2344, -1, 2314, 2344, 2335, -1, 2300, 2303, 2299, -1, 2299, 2303, 2305, -1,
2299, 2305, 2298, -1, 2298, 2305, 2306, -1, 2298, 2306, 2297, -1, 2297, 2306, 2307, -1,
2297, 2307, 2296, -1, 2296, 2307, 2308, -1, 2296, 2308, 2295, -1, 2295, 2308, 2309, -1,
2295, 2309, 2294, -1, 2294, 2309, 2310, -1, 2294, 2310, 2293, -1, 2293, 2310, 2311, -1,
2293, 2311, 2292, -1, 2292, 2311, 2335, -1, 2292, 2335, 2336, -1, 2335, 2311, 2312, -1,
2335, 2312, 2313, -1, 2335, 2313, 2314, -1, 2303, 2300, 2301, -1, 2303, 2301, 2302, -1,
2334, 2292, 2336, -1, 2334, 2336, 2337, -1, 2334, 2337, 2338, -1, 2334, 2338, 2333, -1,
2338, 2339, 2331, -1, 2338, 2331, 2332, -1, 2338, 2332, 2333, -1, 2340, 2330, 2331, -1,
2340, 2331, 2339, -1, 2321, 2325, 2320, -1, 2320, 2325, 2326, -1, 2320, 2326, 2319, -1,
2319, 2326, 2327, -1, 2319, 2327, 2318, -1, 2318, 2327, 2328, -1, 2318, 2328, 2329, -1,
2325, 2321, 2322, -1, 2325, 2322, 2323, -1, 2325, 2323, 2324, -1, 2360, 2361, 2362, -1,
2360, 2362, 2356, -1, 2360, 2356, 2357, -1, 2360, 2357, 2358, -1, 2360, 2358, 2359, -1,
2409, 2410, 2345, -1, 2345, 2410, 2405, -1, 2345, 2405, 2386, -1, 2386, 2405, 2406, -1,
2386, 2406, 2385, -1, 2385, 2406, 2407, -1, 2385, 2407, 2384, -1, 2384, 2407, 2369, -1,
2384, 2369, 2370, -1, 2346, 2347, 2408, -1, 2346, 2408, 2409, -1, 2346, 2409, 2345, -1,
2348, 2349, 2368, -1, 2348, 2368, 2369, -1, 2348, 2369, 2407, -1, 2348, 2407, 2408, -1,
2348, 2408, 2347, -1, 2368, 2349, 2367, -1, 2367, 2349, 2350, -1, 2367, 2350, 2366, -1,
2366, 2350, 2351, -1, 2366, 2351, 2352, -1, 2355, 2362, 2354, -1, 2354, 2362, 2363, -1,
2354, 2363, 2353, -1, 2353, 2363, 2364, -1, 2353, 2364, 2352, -1, 2352, 2364, 2365, -1,
2352, 2365, 2366, -1, 2397, 2398, 2389, -1, 2397, 2389, 2390, -1, 2397, 2390, 2391, -1,
2397, 2391, 2392, -1, 2397, 2392, 2395, -1, 2397, 2395, 2396, -1, 2388, 2389, 2398, -1,
2388, 2398, 2399, -1, 2388, 2399, 2400, -1, 2388, 2400, 2387, -1, 2386, 2387, 2400, -1,
2386, 2400, 2401, -1, 2386, 2401, 2402, -1, 2386, 2402, 2403, -1, 2386, 2403, 2404, -1,
2386, 2404, 2345, -1, 2395, 2392, 2393, -1, 2395, 2393, 2394, -1, 2372, 2373, 2380, -1,
2380, 2373, 2374, -1, 2380, 2374, 2379, -1, 2379, 2374, 2375, -1, 2379, 2375, 2378, -1,
2378, 2375, 2376, -1, 2378, 2376, 2377, -1, 2371, 2372, 2380, -1, 2371, 2380, 2381, -1,
2371, 2381, 2382, -1, 2371, 2382, 2370, -1, 2383, 2384, 2370, -1, 2383, 2370, 2382, -1,
2435, 2411, 2412, -1, 2435, 2412, 2413, -1, 2435, 2413, 2414, -1, 2435, 2414, 2434, -1,
2433, 2434, 2414, -1, 2433, 2414, 2415, -1, 2433, 2415, 2416, -1, 2433, 2416, 2417, -1,
2433, 2417, 2432, -1, 2427, 2428, 2419, -1, 2419, 2428, 2430, -1, 2419, 2430, 2418, -1,
2418, 2430, 2431, -1, 2418, 2431, 2417, -1, 2417, 2431, 2432, -1, 2422, 2425, 2421, -1,
2421, 2425, 2426, -1, 2421, 2426, 2420, -1, 2420, 2426, 2427, -1, 2420, 2427, 2419, -1,
2423, 2424, 2425, -1, 2423, 2425, 2422, -1, 2451, 2452, 2453, -1, 2451, 2453, 2447, -1,
2451, 2447, 2448, -1, 2451, 2448, 2449, -1, 2451, 2449, 2450, -1, 2500, 2501, 2436, -1,
2436, 2501, 2496, -1, 2436, 2496, 2477, -1, 2477, 2496, 2497, -1, 2477, 2497, 2476, -1,
2476, 2497, 2498, -1, 2476, 2498, 2475, -1, 2475, 2498, 2460, -1, 2475, 2460, 2461, -1,
2437, 2438, 2499, -1, 2437, 2499, 2500, -1, 2437, 2500, 2436, -1, 2439, 2440, 2459, -1,
2439, 2459, 2460, -1, 2439, 2460, 2498, -1, 2439, 2498, 2499, -1, 2439, 2499, 2438, -1,
2459, 2440, 2458, -1, 2458, 2440, 2441, -1, 2458, 2441, 2457, -1, 2457, 2441, 2442, -1,
2457, 2442, 2443, -1, 2446, 2453, 2445, -1, 2445, 2453, 2454, -1, 2445, 2454, 2444, -1,
2444, 2454, 2455, -1, 2444, 2455, 2443, -1, 2443, 2455, 2456, -1, 2443, 2456, 2457, -1,
2488, 2489, 2480, -1, 2488, 2480, 2481, -1, 2488, 2481, 2482, -1, 2488, 2482, 2483, -1,
2488, 2483, 2486, -1, 2488, 2486, 2487, -1, 2479, 2480, 2489, -1, 2479, 2489, 2490, -1,
2479, 2490, 2491, -1, 2479, 2491, 2478, -1, 2477, 2478, 2491, -1, 2477, 2491, 2492, -1,
2477, 2492, 2493, -1, 2477, 2493, 2494, -1, 2477, 2494, 2495, -1, 2477, 2495, 2436, -1,
2486, 2483, 2484, -1, 2486, 2484, 2485, -1, 2463, 2464, 2471, -1, 2471, 2464, 2465, -1,
2471, 2465, 2470, -1, 2470, 2465, 2466, -1, 2470, 2466, 2469, -1, 2469, 2466, 2467, -1,
2469, 2467, 2468, -1, 2462, 2463, 2471, -1, 2462, 2471, 2472, -1, 2462, 2472, 2473, -1,
2462, 2473, 2461, -1, 2474, 2475, 2461, -1, 2474, 2461, 2473, -1, 2514, 2515, 2516, -1,
2514, 2516, 2510, -1, 2514, 2510, 2511, -1, 2514, 2511, 2512, -1, 2514, 2512, 2513, -1,
2560, 2504, 2559, -1, 2559, 2504, 2505, -1, 2559, 2505, 2558, -1, 2558, 2505, 2506, -1,
2558, 2506, 2543, -1, 2543, 2506, 2525, -1, 2543, 2525, 2542, -1, 2542, 2525, 2526, -1,
2542, 2526, 2541, -1, 2541, 2526, 2527, -1, 2541, 2527, 2540, -1, 2540, 2527, 2528, -1,
2540, 2528, 2529, -1, 2555, 2556, 2544, -1, 2544, 2556, 2557, -1, 2544, 2557, 2543, -1,
2543, 2557, 2558, -1, 2555, 2544, 2545, -1, 2555, 2545, 2546, -1, 2555, 2546, 2547, -1,
2555, 2547, 2554, -1, 2550, 2552, 2549, -1, 2549, 2552, 2553, -1, 2549, 2553, 2548, -1,
2548, 2553, 2554, -1, 2548, 2554, 2547, -1, 2538, 2530, 2537, -1, 2537, 2530, 2531, -1,
2537, 2531, 2536, -1, 2536, 2531, 2534, -1, 2536, 2534, 2535, -1, 2530, 2538, 2539, -1,
2530, 2539, 2540, -1, 2530, 2540, 2529, -1, 2506, 2507, 2525, -1, 2525, 2507, 2508, -1,
2525, 2508, 2524, -1, 2524, 2508, 2509, -1, 2524, 2509, 2502, -1, 2524, 2502, 2523, -1,
2523, 2502, 2503, -1, 2523, 2503, 2561, -1, 2561, 2503, 2504, -1, 2561, 2504, 2560, -1,
2534, 2531, 2532, -1, 2534, 2532, 2533, -1, 2523, 2561, 2522, -1, 2522, 2561, 2562, -1,
2522, 2562, 2521, -1, 2521, 2562, 2563, -1, 2521, 2563, 2520, -1, 2520, 2563, 2564, -1,
2520, 2564, 2565, -1, 2568, 2516, 2567, -1, 2567, 2516, 2517, -1, 2567, 2517, 2566, -1,
2566, 2517, 2518, -1, 2566, 2518, 2565, -1, 2565, 2518, 2519, -1, 2565, 2519, 2520, -1,
2581, 2582, 2583, -1, 2581, 2583, 2577, -1, 2581, 2577, 2578, -1, 2581, 2578, 2579, -1,
2581, 2579, 2580, -1, 2627, 2571, 2626, -1, 2626, 2571, 2572, -1, 2626, 2572, 2625, -1,
2625, 2572, 2573, -1, 2625, 2573, 2610, -1, 2610, 2573, 2592, -1, 2610, 2592, 2609, -1,
2609, 2592, 2593, -1, 2609, 2593, 2608, -1, 2608, 2593, 2594, -1, 2608, 2594, 2607, -1,
2607, 2594, 2595, -1, 2607, 2595, 2596, -1, 2622, 2623, 2611, -1, 2611, 2623, 2624, -1,
2611, 2624, 2610, -1, 2610, 2624, 2625, -1, 2622, 2611, 2612, -1, 2622, 2612, 2613, -1,
2622, 2613, 2614, -1, 2622, 2614, 2621, -1, 2617, 2619, 2616, -1, 2616, 2619, 2620, -1,
2616, 2620, 2615, -1, 2615, 2620, 2621, -1, 2615, 2621, 2614, -1, 2605, 2597, 2604, -1,
2604, 2597, 2598, -1, 2604, 2598, 2603, -1, 2603, 2598, 2601, -1, 2603, 2601, 2602, -1,
2597, 2605, 2606, -1, 2597, 2606, 2607, -1, 2597, 2607, 2596, -1, 2573, 2574, 2592, -1,
2592, 2574, 2575, -1, 2592, 2575, 2591, -1, 2591, 2575, 2576, -1, 2591, 2576, 2569, -1,
2591, 2569, 2590, -1, 2590, 2569, 2570, -1, 2590, 2570, 2628, -1, 2628, 2570, 2571, -1,
2628, 2571, 2627, -1, 2601, 2598, 2599, -1, 2601, 2599, 2600, -1, 2590, 2628, 2589, -1,
2589, 2628, 2629, -1, 2589, 2629, 2588, -1, 2588, 2629, 2630, -1, 2588, 2630, 2587, -1,
2587, 2630, 2631, -1, 2587, 2631, 2632, -1, 2635, 2583, 2634, -1, 2634, 2583, 2584, -1,
2634, 2584, 2633, -1, 2633, 2584, 2585, -1, 2633, 2585, 2632, -1, 2632, 2585, 2586, -1,
2632, 2586, 2587, -1, 2660, 2636, 2637, -1, 2660, 2637, 2638, -1, 2660, 2638, 2639, -1,
2660, 2639, 2659, -1, 2658, 2659, 2639, -1, 2658, 2639, 2640, -1, 2658, 2640, 2641, -1,
2658, 2641, 2642, -1, 2658, 2642, 2657, -1, 2652, 2653, 2644, -1, 2644, 2653, 2655, -1,
2644, 2655, 2643, -1, 2643, 2655, 2656, -1, 2643, 2656, 2642, -1, 2642, 2656, 2657, -1,
2647, 2650, 2646, -1, 2646, 2650, 2651, -1, 2646, 2651, 2645, -1, 2645, 2651, 2652, -1,
2645, 2652, 2644, -1, 2648, 2649, 2650, -1, 2648, 2650, 2647, -1, 2676, 2677, 2678, -1,
2676, 2678, 2672, -1, 2676, 2672, 2673, -1, 2676, 2673, 2674, -1, 2676, 2674, 2675, -1,
2725, 2726, 2661, -1, 2661, 2726, 2721, -1, 2661, 2721, 2702, -1, 2702, 2721, 2722, -1,
2702, 2722, 2701, -1, 2701, 2722, 2723, -1, 2701, 2723, 2700, -1, 2700, 2723, 2685, -1,
2700, 2685, 2686, -1, 2662, 2663, 2724, -1, 2662, 2724, 2725, -1, 2662, 2725, 2661, -1,
2664, 2665, 2684, -1, 2664, 2684, 2685, -1, 2664, 2685, 2723, -1, 2664, 2723, 2724, -1,
2664, 2724, 2663, -1, 2684, 2665, 2683, -1, 2683, 2665, 2666, -1, 2683, 2666, 2682, -1,
2682, 2666, 2667, -1, 2682, 2667, 2668, -1, 2671, 2678, 2670, -1, 2670, 2678, 2679, -1,
2670, 2679, 2669, -1, 2669, 2679, 2680, -1, 2669, 2680, 2668, -1, 2668, 2680, 2681, -1,
2668, 2681, 2682, -1, 2713, 2714, 2705, -1, 2713, 2705, 2706, -1, 2713, 2706, 2707, -1,
2713, 2707, 2708, -1, 2713, 2708, 2711, -1, 2713, 2711, 2712, -1, 2704, 2705, 2714, -1,
2704, 2714, 2715, -1, 2704, 2715, 2716, -1, 2704, 2716, 2703, -1, 2702, 2703, 2716, -1,
2702, 2716, 2717, -1, 2702, 2717, 2718, -1, 2702, 2718, 2719, -1, 2702, 2719, 2720, -1,
2702, 2720, 2661, -1, 2711, 2708, 2709, -1, 2711, 2709, 2710, -1, 2688, 2689, 2696, -1,
2696, 2689, 2690, -1, 2696, 2690, 2695, -1, 2695, 2690, 2691, -1, 2695, 2691, 2694, -1,
2694, 2691, 2692, -1, 2694, 2692, 2693, -1, 2687, 2688, 2696, -1, 2687, 2696, 2697, -1,
2687, 2697, 2698, -1, 2687, 2698, 2686, -1, 2699, 2700, 2686, -1, 2699, 2686, 2698, -1,
2768, 2769, 2736, -1, 2736, 2769, 2727, -1, 2736, 2727, 2734, -1, 2734, 2727, 2728, -1,
2734, 2728, 2733, -1, 2733, 2728, 2732, -1, 2729, 2730, 2731, -1, 2729, 2731, 2732, -1,
2729, 2732, 2728, -1, 2753, 2754, 2755, -1, 2753, 2755, 2756, -1, 2753, 2756, 2757, -1,
2753, 2757, 2752, -1, 2752, 2757, 2751, -1, 2751, 2757, 2758, -1, 2751, 2758, 2750, -1,
2750, 2758, 2759, -1, 2750, 2759, 2760, -1, 2749, 2750, 2760, -1, 2749, 2760, 2761, -1,
2749, 2761, 2739, -1, 2749, 2739, 2740, -1, 2749, 2740, 2741, -1, 2749, 2741, 2748, -1,
2738, 2739, 2761, -1, 2738, 2761, 2762, -1, 2738, 2762, 2763, -1, 2738, 2763, 2737, -1,
2763, 2764, 2737, -1, 2737, 2764, 2765, -1, 2737, 2765, 2736, -1, 2736, 2765, 2766, -1,
2736, 2766, 2767, -1, 2743, 2744, 2745, -1, 2743, 2745, 2746, -1, 2743, 2746, 2747, -1,
2743, 2747, 2742, -1, 2748, 2741, 2742, -1, 2748, 2742, 2747, -1, 2771, 2773, 2770, -1,
2770, 2773, 2775, -1, 2770, 2775, 2807, -1, 2807, 2775, 2776, -1, 2807, 2776, 2777, -1,
2801, 2802, 2783, -1, 2783, 2802, 2803, -1, 2783, 2803, 2782, -1, 2782, 2803, 2804, -1,
2782, 2804, 2805, -1, 2778, 2779, 2806, -1, 2806, 2779, 2780, -1, 2806, 2780, 2805, -1,
2805, 2780, 2781, -1, 2805, 2781, 2782, -1, 2806, 2807, 2777, -1, 2806, 2777, 2778, -1,
2788, 2789, 2795, -1, 2795, 2789, 2790, -1, 2795, 2790, 2794, -1, 2794, 2790, 2791, -1,
2794, 2791, 2793, -1, 2793, 2791, 2792, -1, 2796, 2797, 2787, -1, 2796, 2787, 2788, -1,
2796, 2788, 2795, -1, 2785, 2786, 2799, -1, 2799, 2786, 2787, -1, 2799, 2787, 2798, -1,
2798, 2787, 2797, -1, 2784, 2785, 2799, -1, 2784, 2799, 2800, -1, 2784, 2800, 2801, -1,
2784, 2801, 2783, -1, 2836, 2837, 2841, -1, 2841, 2837, 2838, -1, 2841, 2838, 2840, -1,
2840, 2838, 2839, -1, 2841, 2842, 2834, -1, 2841, 2834, 2835, -1, 2841, 2835, 2836, -1,
2843, 2844, 2829, -1, 2843, 2829, 2830, -1, 2843, 2830, 2831, -1, 2843, 2831, 2832, -1,
2843, 2832, 2833, -1, 2843, 2833, 2834, -1, 2843, 2834, 2842, -1, 2844, 2845, 2826, -1,
2844, 2826, 2827, -1, 2844, 2827, 2828, -1, 2844, 2828, 2829, -1, 2823, 2824, 2846, -1,
2846, 2824, 2825, -1, 2846, 2825, 2845, -1, 2845, 2825, 2826, -1, 2822, 2823, 2846, -1,
2822, 2846, 2847, -1, 2822, 2847, 2848, -1, 2822, 2848, 2849, -1, 2822, 2849, 2850, -1,
2822, 2850, 2821, -1, 2821, 2850, 2851, -1, 2821, 2851, 2852, -1, 2821, 2852, 2853, -1,
2821, 2853, 2854, -1, 2821, 2854, 2820, -1, 2814, 2815, 2860, -1, 2860, 2815, 2816, -1,
2860, 2816, 2859, -1, 2859, 2816, 2817, -1, 2859, 2817, 2858, -1, 2858, 2817, 2818, -1,
2858, 2818, 2857, -1, 2857, 2818, 2819, -1, 2857, 2819, 2856, -1, 2856, 2819, 2820, -1,
2856, 2820, 2855, -1, 2855, 2820, 2854, -1, 2860, 2861, 2809, -1, 2860, 2809, 2810, -1,
2860, 2810, 2811, -1, 2860, 2811, 2812, -1, 2860, 2812, 2813, -1, 2860, 2813, 2814, -1,
2861, 2862, 2867, -1, 2861, 2867, 2868, -1, 2861, 2868, 2808, -1, 2861, 2808, 2809, -1,
2865, 2866, 2864, -1, 2864, 2866, 2867, -1, 2864, 2867, 2863, -1, 2863, 2867, 2862, -1,
2870, 2871, 2872, -1, 2870, 2872, 2873, -1, 2870, 2873, 2874, -1, 2870, 2874, 2875, -1,
2870, 2875, 2898, -1, 2875, 2876, 2891, -1, 2875, 2891, 2892, -1, 2875, 2892, 2893, -1,
2875, 2893, 2894, -1, 2875, 2894, 2895, -1, 2875, 2895, 2896, -1, 2875, 2896, 2897, -1,
2875, 2897, 2898, -1, 2876, 2877, 2883, -1, 2876, 2883, 2884, -1, 2876, 2884, 2885, -1,
2876, 2885, 2886, -1, 2876, 2886, 2887, -1, 2876, 2887, 2888, -1, 2876, 2888, 2889, -1,
2876, 2889, 2890, -1, 2876, 2890, 2891, -1, 2883, 2877, 2878, -1, 2883, 2878, 2879, -1,
2883, 2879, 2880, -1, 2883, 2880, 2882, -1, 2907, 2908, 2919, -1, 2919, 2908, 2909, -1,
2919, 2909, 2918, -1, 2918, 2909, 2916, -1, 2918, 2916, 2917, -1, 2912, 2913, 2911, -1,
2911, 2913, 2914, -1, 2911, 2914, 2910, -1, 2910, 2914, 2915, -1, 2910, 2915, 2916, -1,
2904, 2905, 2920, -1, 2920, 2905, 2906, -1, 2920, 2906, 2919, -1, 2919, 2906, 2907, -1,
2899, 2900, 2902, -1, 2899, 2902, 2904, -1, 2899, 2904, 2920, -1, 2929, 2930, 2941, -1,
2941, 2930, 2931, -1, 2941, 2931, 2940, -1, 2940, 2931, 2938, -1, 2940, 2938, 2939, -1,
2934, 2935, 2933, -1, 2933, 2935, 2936, -1, 2933, 2936, 2932, -1, 2932, 2936, 2937, -1,
2932, 2937, 2938, -1, 2926, 2927, 2942, -1, 2942, 2927, 2928, -1, 2942, 2928, 2941, -1,
2941, 2928, 2929, -1, 2921, 2922, 2924, -1, 2921, 2924, 2926, -1, 2921, 2926, 2942, -1,
3021, 3022, 2948, -1, 2948, 3022, 2943, -1, 2948, 2943, 2946, -1, 2946, 2943, 2944, -1,
2946, 2944, 2945, -1, 3006, 3007, 3005, -1, 3005, 3007, 3008, -1, 3005, 3008, 3004, -1,
3004, 3008, 3009, -1, 3004, 3009, 3010, -1, 3001, 3002, 3012, -1, 3012, 3002, 3003, -1,
3012, 3003, 3011, -1, 3011, 3003, 3004, -1, 3011, 3004, 3010, -1, 3013, 3014, 3000, -1,
3013, 3000, 3001, -1, 3013, 3001, 3012, -1, 3015, 3016, 2954, -1, 3015, 2954, 2955, -1,
3015, 2955, 2999, -1, 3015, 2999, 3000, -1, 3015, 3000, 3014, -1, 2954, 3016, 2953, -1,
2953, 3016, 3017, -1, 2953, 3017, 2952, -1, 2952, 3017, 3018, -1, 2952, 3018, 3019, -1,
3021, 2949, 3020, -1, 3020, 2949, 2950, -1, 3020, 2950, 3019, -1, 3019, 2950, 2951, -1,
3019, 2951, 2952, -1, 2975, 2976, 2959, -1, 2959, 2976, 2995, -1, 2959, 2995, 2958, -1,
2958, 2995, 2996, -1, 2958, 2996, 2957, -1, 2957, 2996, 2997, -1, 2957, 2997, 2956, -1,
2956, 2997, 2998, -1, 2956, 2998, 2999, -1, 2983, 2986, 2982, -1, 2982, 2986, 2988, -1,
2982, 2988, 2981, -1, 2981, 2988, 2989, -1, 2981, 2989, 2980, -1, 2980, 2989, 2990, -1,
2980, 2990, 2991, -1, 2994, 2976, 2993, -1, 2993, 2976, 2977, -1, 2993, 2977, 2992, -1,
2992, 2977, 2978, -1, 2992, 2978, 2991, -1, 2991, 2978, 2979, -1, 2991, 2979, 2980, -1,
2975, 2959, 2974, -1, 2974, 2959, 2960, -1, 2974, 2960, 2973, -1, 2973, 2960, 2961, -1,
2973, 2961, 2962, -1, 2970, 2971, 2963, -1, 2963, 2971, 2972, -1, 2963, 2972, 2962, -1,
2962, 2972, 2973, -1, 2967, 2968, 2964, -1, 2964, 2968, 2969, -1, 2964, 2969, 2963, -1,
2963, 2969, 2970, -1, 2965, 2966, 2967, -1, 2965, 2967, 2964, -1, 2986, 2983, 2984, -1,
2986, 2984, 2985, -1, 3039, 3040, 3024, -1, 3024, 3040, 3041, -1, 3024, 3041, 3023, -1,
3023, 3041, 3042, -1, 3023, 3042, 3043, -1, 3035, 3036, 3025, -1, 3025, 3036, 3037, -1,
3025, 3037, 3024, -1, 3024, 3037, 3038, -1, 3024, 3038, 3039, -1, 3035, 3025, 3026, -1,
3035, 3026, 3027, -1, 3035, 3027, 3028, -1, 3035, 3028, 3029, -1, 3035, 3029, 3034, -1,
3032, 3033, 3031, -1, 3031, 3033, 3034, -1, 3031, 3034, 3030, -1, 3030, 3034, 3029, -1,
3081, 3082, 3070, -1, 3070, 3082, 3092, -1, 3070, 3092, 3069, -1, 3069, 3092, 3093, -1,
3069, 3093, 3068, -1, 3068, 3093, 3094, -1, 3068, 3094, 3067, -1, 3067, 3094, 3095, -1,
3067, 3095, 3066, -1, 3066, 3095, 3096, -1, 3066, 3096, 3087, -1, 3052, 3055, 3051, -1,
3051, 3055, 3057, -1, 3051, 3057, 3050, -1, 3050, 3057, 3058, -1, 3050, 3058, 3049, -1,
3049, 3058, 3059, -1, 3049, 3059, 3048, -1, 3048, 3059, 3060, -1, 3048, 3060, 3047, -1,
3047, 3060, 3061, -1, 3047, 3061, 3046, -1, 3046, 3061, 3062, -1, 3046, 3062, 3045, -1,
3045, 3062, 3063, -1, 3045, 3063, 3044, -1, 3044, 3063, 3087, -1, 3044, 3087, 3088, -1,
3087, 3063, 3064, -1, 3087, 3064, 3065, -1, 3087, 3065, 3066, -1, 3055, 3052, 3053, -1,
3055, 3053, 3054, -1, 3086, 3044, 3088, -1, 3086, 3088, 3089, -1, 3086, 3089, 3090, -1,
3086, 3090, 3085, -1, 3090, 3091, 3083, -1, 3090, 3083, 3084, -1, 3090, 3084, 3085, -1,
3092, 3082, 3083, -1, 3092, 3083, 3091, -1, 3073, 3077, 3072, -1, 3072, 3077, 3078, -1,
3072, 3078, 3071, -1, 3071, 3078, 3079, -1, 3071, 3079, 3070, -1, 3070, 3079, 3080, -1,
3070, 3080, 3081, -1, 3077, 3073, 3074, -1, 3077, 3074, 3075, -1, 3077, 3075, 3076, -1,
3137, 3138, 3139, -1, 3137, 3139, 3133, -1, 3137, 3133, 3134, -1, 3137, 3134, 3135, -1,
3137, 3135, 3136, -1, 3105, 3108, 3104, -1, 3104, 3108, 3110, -1, 3104, 3110, 3103, -1,
3103, 3110, 3111, -1, 3103, 3111, 3102, -1, 3102, 3111, 3112, -1, 3102, 3112, 3101, -1,
3101, 3112, 3113, -1, 3101, 3113, 3100, -1, 3100, 3113, 3114, -1, 3100, 3114, 3099, -1,
3099, 3114, 3115, -1, 3099, 3115, 3098, -1, 3098, 3115, 3116, -1, 3098, 3116, 3097, -1,
3097, 3116, 3154, -1, 3097, 3154, 3155, -1, 3154, 3116, 3117, -1, 3154, 3117, 3118, -1,
3154, 3118, 3119, -1, 3154, 3119, 3169, -1, 3166, 3167, 3120, -1, 3120, 3167, 3168, -1,
3120, 3168, 3119, -1, 3119, 3168, 3169, -1, 3166, 3120, 3121, -1, 3166, 3121, 3122, -1,
3166, 3122, 3123, -1, 3166, 3123, 3165, -1, 3165, 3123, 3164, -1, 3164, 3123, 3124, -1,
3164, 3124, 3163, -1, 3163, 3124, 3125, -1, 3163, 3125, 3162, -1, 3162, 3125, 3146, -1,
3162, 3146, 3161, -1, 3161, 3146, 3147, -1, 3161, 3147, 3148, -1, 3108, 3105, 3106, -1,
3108, 3106, 3107, -1, 3153, 3097, 3155, -1, 3153, 3155, 3156, -1, 3153, 3156, 3157, -1,
3153, 3157, 3152, -1, 3157, 3158, 3150, -1, 3157, 3150, 3151, -1, 3157, 3151, 3152, -1,
3159, 3160, 3149, -1, 3159, 3149, 3150, -1, 3159, 3150, 3158, -1, 3161, 3148, 3149, -1,
3161, 3149, 3160, -1, 3146, 3125, 3145, -1, 3145, 3125, 3126, -1, 3145, 3126, 3144, -1,
3144, 3126, 3127, -1, 3144, 3127, 3143, -1, 3143, 3127, 3128, -1, 3143, 3128, 3142, -1,
3142, 3128, 3129, -1, 3142, 3129, 3141, -1, 3141, 3129, 3130, -1, 3141, 3130, 3140, -1,
3140, 3130, 3131, -1, 3140, 3131, 3139, -1, 3139, 3131, 3132, -1, 3139, 3132, 3133, -1,
3252, 3253, 3179, -1, 3179, 3253, 3170, -1, 3179, 3170, 3177, -1, 3177, 3170, 3171, -1,
3177, 3171, 3176, -1, 3176, 3171, 3175, -1, 3172, 3173, 3174, -1, 3172, 3174, 3175, -1,
3172, 3175, 3171, -1, 3244, 3245, 3201, -1, 3201, 3245, 3246, -1, 3201, 3246, 3200, -1,
3200, 3246, 3247, -1, 3200, 3247, 3199, -1, 3199, 3247, 3248, -1, 3199, 3248, 3198, -1,
3198, 3248, 3188, -1, 3198, 3188, 3189, -1, 3249, 3250, 3186, -1, 3249, 3186, 3187, -1,
3249, 3187, 3188, -1, 3249, 3188, 3248, -1, 3250, 3251, 3183, -1, 3250, 3183, 3184, -1,
3250, 3184, 3185, -1, 3250, 3185, 3186, -1, 3251, 3252, 3181, -1, 3251, 3181, 3182, -1,
3251, 3182, 3183, -1, 3179, 3180, 3181, -1, 3179, 3181, 3252, -1, 3239, 3240, 3207, -1,
3207, 3240, 3241, -1, 3207, 3241, 3205, -1, 3205, 3241, 3242, -1, 3205, 3242, 3204, -1,
3204, 3242, 3203, -1, 3201, 3202, 3244, -1, 3244, 3202, 3203, -1, 3244, 3203, 3243, -1,
3243, 3203, 3242, -1, 3231, 3232, 3229, -1, 3229, 3232, 3233, -1, 3229, 3233, 3228, -1,
3228, 3233, 3234, -1, 3228, 3234, 3227, -1, 3227, 3234, 3235, -1, 3227, 3235, 3226, -1,
3226, 3235, 3216, -1, 3226, 3216, 3217, -1, 3236, 3237, 3214, -1, 3236, 3214, 3215, -1,
3236, 3215, 3216, -1, 3236, 3216, 3235, -1, 3237, 3238, 3211, -1, 3237, 3211, 3212, -1,
3237, 3212, 3213, -1, 3237, 3213, 3214, -1, 3238, 3239, 3209, -1, 3238, 3209, 3210, -1,
3238, 3210, 3211, -1, 3207, 3208, 3209, -1, 3207, 3209, 3239, -1, 3219, 3220, 3221, -1,
3219, 3221, 3222, -1, 3219, 3222, 3223, -1, 3219, 3223, 3218, -1, 3224, 3225, 3217, -1,
3224, 3217, 3218, -1, 3224, 3218, 3223, -1, 3191, 3192, 3193, -1, 3191, 3193, 3194, -1,
3191, 3194, 3195, -1, 3191, 3195, 3190, -1, 3196, 3197, 3189, -1, 3196, 3189, 3190, -1,
3196, 3190, 3195, -1, 3294, 3295, 3296, -1, 3294, 3296, 3290, -1, 3294, 3290, 3291, -1,
3294, 3291, 3292, -1, 3294, 3292, 3293, -1, 3262, 3265, 3261, -1, 3261, 3265, 3267, -1,
3261, 3267, 3260, -1, 3260, 3267, 3268, -1, 3260, 3268, 3259, -1, 3259, 3268, 3269, -1,
3259, 3269, 3258, -1, 3258, 3269, 3270, -1, 3258, 3270, 3257, -1, 3257, 3270, 3271, -1,
3257, 3271, 3256, -1, 3256, 3271, 3272, -1, 3256, 3272, 3255, -1, 3255, 3272, 3273, -1,
3255, 3273, 3254, -1, 3254, 3273, 3311, -1, 3254, 3311, 3312, -1, 3311, 3273, 3274, -1,
3311, 3274, 3275, -1, 3311, 3275, 3276, -1, 3311, 3276, 3326, -1, 3323, 3324, 3277, -1,
3277, 3324, 3325, -1, 3277, 3325, 3276, -1, 3276, 3325, 3326, -1, 3323, 3277, 3278, -1,
3323, 3278, 3279, -1, 3323, 3279, 3280, -1, 3323, 3280, 3322, -1, 3322, 3280, 3321, -1,
3321, 3280, 3281, -1, 3321, 3281, 3320, -1, 3320, 3281, 3282, -1, 3320, 3282, 3319, -1,
3319, 3282, 3303, -1, 3319, 3303, 3318, -1, 3318, 3303, 3304, -1, 3318, 3304, 3305, -1,
3265, 3262, 3263, -1, 3265, 3263, 3264, -1, 3310, 3254, 3312, -1, 3310, 3312, 3313, -1,
3310, 3313, 3314, -1, 3310, 3314, 3309, -1, 3314, 3315, 3307, -1, 3314, 3307, 3308, -1,
3314, 3308, 3309, -1, 3316, 3317, 3306, -1, 3316, 3306, 3307, -1, 3316, 3307, 3315, -1,
3318, 3305, 3306, -1, 3318, 3306, 3317, -1, 3303, 3282, 3302, -1, 3302, 3282, 3283, -1,
3302, 3283, 3301, -1, 3301, 3283, 3284, -1, 3301, 3284, 3300, -1, 3300, 3284, 3285, -1,
3300, 3285, 3299, -1, 3299, 3285, 3286, -1, 3299, 3286, 3298, -1, 3298, 3286, 3287, -1,
3298, 3287, 3297, -1, 3297, 3287, 3288, -1, 3297, 3288, 3296, -1, 3296, 3288, 3289, -1,
3296, 3289, 3290, -1, 3383, 3384, 3351, -1, 3351, 3384, 3385, -1, 3351, 3385, 3350, -1,
3350, 3385, 3327, -1, 3350, 3327, 3348, -1, 3348, 3327, 3347, -1, 3328, 3329, 3345, -1,
3328, 3345, 3346, -1, 3328, 3346, 3347, -1, 3328, 3347, 3327, -1, 3329, 3330, 3345, -1,
3345, 3330, 3331, -1, 3345, 3331, 3344, -1, 3344, 3331, 3342, -1, 3344, 3342, 3343, -1,
3332, 3333, 3341, -1, 3332, 3341, 3342, -1, 3332, 3342, 3331, -1, 3336, 3339, 3335, -1,
3335, 3339, 3340, -1, 3335, 3340, 3334, -1, 3334, 3340, 3341, -1, 3334, 3341, 3333, -1,
3337, 3338, 3339, -1, 3337, 3339, 3336, -1, 3374, 3375, 3363, -1, 3363, 3375, 3376, -1,
3363, 3376, 3362, -1, 3362, 3376, 3377, -1, 3362, 3377, 3360, -1, 3360, 3377, 3359, -1,
3378, 3379, 3357, -1, 3378, 3357, 3358, -1, 3378, 3358, 3359, -1, 3378, 3359, 3377, -1,
3356, 3357, 3379, -1, 3356, 3379, 3380, -1, 3356, 3380, 3381, -1, 3356, 3381, 3355, -1,
3353, 3354, 3355, -1, 3353, 3355, 3381, -1, 3353, 3381, 3382, -1, 3353, 3382, 3352, -1,
3383, 3351, 3352, -1, 3383, 3352, 3382, -1, 3372, 3364, 3371, -1, 3371, 3364, 3365, -1,
3371, 3365, 3370, -1, 3370, 3365, 3368, -1, 3370, 3368, 3369, -1, 3364, 3372, 3373, -1,
3364, 3373, 3374, -1, 3364, 3374, 3363, -1, 3368, 3365, 3366, -1, 3368, 3366, 3367, -1,
3401, 3402, 3403, -1, 3401, 3403, 3397, -1, 3401, 3397, 3398, -1, 3401, 3398, 3399, -1,
3401, 3399, 3400, -1, 3450, 3451, 3386, -1, 3386, 3451, 3446, -1, 3386, 3446, 3427, -1,
3427, 3446, 3447, -1, 3427, 3447, 3426, -1, 3426, 3447, 3448, -1, 3426, 3448, 3425, -1,
3425, 3448, 3410, -1, 3425, 3410, 3411, -1, 3387, 3388, 3449, -1, 3387, 3449, 3450, -1,
3387, 3450, 3386, -1, 3389, 3390, 3409, -1, 3389, 3409, 3410, -1, 3389, 3410, 3448, -1,
3389, 3448, 3449, -1, 3389, 3449, 3388, -1, 3409, 3390, 3408, -1, 3408, 3390, 3391, -1,
3408, 3391, 3407, -1, 3407, 3391, 3392, -1, 3407, 3392, 3393, -1, 3396, 3403, 3395, -1,
3395, 3403, 3404, -1, 3395, 3404, 3394, -1, 3394, 3404, 3405, -1, 3394, 3405, 3393, -1,
3393, 3405, 3406, -1, 3393, 3406, 3407, -1, 3438, 3439, 3430, -1, 3438, 3430, 3431, -1,
3438, 3431, 3432, -1, 3438, 3432, 3433, -1, 3438, 3433, 3436, -1, 3438, 3436, 3437, -1,
3429, 3430, 3439, -1, 3429, 3439, 3440, -1, 3429, 3440, 3441, -1, 3429, 3441, 3428, -1,
3427, 3428, 3441, -1, 3427, 3441, 3442, -1, 3427, 3442, 3443, -1, 3427, 3443, 3444, -1,
3427, 3444, 3445, -1, 3427, 3445, 3386, -1, 3436, 3433, 3434, -1, 3436, 3434, 3435, -1,
3413, 3414, 3421, -1, 3421, 3414, 3415, -1, 3421, 3415, 3420, -1, 3420, 3415, 3416, -1,
3420, 3416, 3419, -1, 3419, 3416, 3417, -1, 3419, 3417, 3418, -1, 3412, 3413, 3421, -1,
3412, 3421, 3422, -1, 3412, 3422, 3423, -1, 3412, 3423, 3411, -1, 3424, 3425, 3411, -1,
3424, 3411, 3423, -1, 3464, 3465, 3466, -1, 3464, 3466, 3460, -1, 3464, 3460, 3461, -1,
3464, 3461, 3462, -1, 3464, 3462, 3463, -1, 3510, 3454, 3509, -1, 3509, 3454, 3455, -1,
3509, 3455, 3508, -1, 3508, 3455, 3456, -1, 3508, 3456, 3493, -1, 3493, 3456, 3475, -1,
3493, 3475, 3492, -1, 3492, 3475, 3476, -1, 3492, 3476, 3491, -1, 3491, 3476, 3477, -1,
3491, 3477, 3490, -1, 3490, 3477, 3478, -1, 3490, 3478, 3479, -1, 3505, 3506, 3494, -1,
3494, 3506, 3507, -1, 3494, 3507, 3493, -1, 3493, 3507, 3508, -1, 3505, 3494, 3495, -1,
3505, 3495, 3496, -1, 3505, 3496, 3497, -1, 3505, 3497, 3504, -1, 3500, 3502, 3499, -1,
3499, 3502, 3503, -1, 3499, 3503, 3498, -1, 3498, 3503, 3504, -1, 3498, 3504, 3497, -1,
3488, 3480, 3487, -1, 3487, 3480, 3481, -1, 3487, 3481, 3486, -1, 3486, 3481, 3484, -1,
3486, 3484, 3485, -1, 3480, 3488, 3489, -1, 3480, 3489, 3490, -1, 3480, 3490, 3479, -1,
3456, 3457, 3475, -1, 3475, 3457, 3458, -1, 3475, 3458, 3474, -1, 3474, 3458, 3459, -1,
3474, 3459, 3452, -1, 3474, 3452, 3473, -1, 3473, 3452, 3453, -1, 3473, 3453, 3511, -1,
3511, 3453, 3454, -1, 3511, 3454, 3510, -1, 3484, 3481, 3482, -1, 3484, 3482, 3483, -1,
3473, 3511, 3472, -1, 3472, 3511, 3512, -1, 3472, 3512, 3471, -1, 3471, 3512, 3513, -1,
3471, 3513, 3470, -1, 3470, 3513, 3514, -1, 3470, 3514, 3515, -1, 3518, 3466, 3517, -1,
3517, 3466, 3467, -1, 3517, 3467, 3516, -1, 3516, 3467, 3468, -1, 3516, 3468, 3515, -1,
3515, 3468, 3469, -1, 3515, 3469, 3470, -1, 3554, 3555, 3543, -1, 3543, 3555, 3556, -1,
3543, 3556, 3542, -1, 3542, 3556, 3519, -1, 3542, 3519, 3540, -1, 3540, 3519, 3539, -1,
3520, 3521, 3537, -1, 3520, 3537, 3538, -1, 3520, 3538, 3539, -1, 3520, 3539, 3519, -1,
3521, 3522, 3537, -1, 3537, 3522, 3523, -1, 3537, 3523, 3536, -1, 3536, 3523, 3534, -1,
3536, 3534, 3535, -1, 3524, 3525, 3533, -1, 3524, 3533, 3534, -1, 3524, 3534, 3523, -1,
3528, 3531, 3527, -1, 3527, 3531, 3532, -1, 3527, 3532, 3526, -1, 3526, 3532, 3533, -1,
3526, 3533, 3525, -1, 3529, 3530, 3531, -1, 3529, 3531, 3528, -1, 3552, 3544, 3551, -1,
3551, 3544, 3545, -1, 3551, 3545, 3550, -1, 3550, 3545, 3548, -1, 3550, 3548, 3549, -1,
3544, 3552, 3553, -1, 3544, 3553, 3554, -1, 3544, 3554, 3543, -1, 3548, 3545, 3546, -1,
3548, 3546, 3547, -1, 3635, 3636, 3562, -1, 3562, 3636, 3557, -1, 3562, 3557, 3560, -1,
3560, 3557, 3558, -1, 3560, 3558, 3559, -1, 3620, 3621, 3619, -1, 3619, 3621, 3622, -1,
3619, 3622, 3618, -1, 3618, 3622, 3623, -1, 3618, 3623, 3624, -1, 3615, 3616, 3626, -1,
3626, 3616, 3617, -1, 3626, 3617, 3625, -1, 3625, 3617, 3618, -1, 3625, 3618, 3624, -1,
3627, 3628, 3614, -1, 3627, 3614, 3615, -1, 3627, 3615, 3626, -1, 3629, 3630, 3568, -1,
3629, 3568, 3569, -1, 3629, 3569, 3613, -1, 3629, 3613, 3614, -1, 3629, 3614, 3628, -1,
3568, 3630, 3567, -1, 3567, 3630, 3631, -1, 3567, 3631, 3566, -1, 3566, 3631, 3632, -1,
3566, 3632, 3633, -1, 3635, 3563, 3634, -1, 3634, 3563, 3564, -1, 3634, 3564, 3633, -1,
3633, 3564, 3565, -1, 3633, 3565, 3566, -1, 3589, 3590, 3573, -1, 3573, 3590, 3609, -1,
3573, 3609, 3572, -1, 3572, 3609, 3610, -1, 3572, 3610, 3571, -1, 3571, 3610, 3611, -1,
3571, 3611, 3570, -1, 3570, 3611, 3612, -1, 3570, 3612, 3613, -1, 3597, 3600, 3596, -1,
3596, 3600, 3602, -1, 3596, 3602, 3595, -1, 3595, 3602, 3603, -1, 3595, 3603, 3594, -1,
3594, 3603, 3604, -1, 3594, 3604, 3605, -1, 3608, 3590, 3607, -1, 3607, 3590, 3591, -1,
3607, 3591, 3606, -1, 3606, 3591, 3592, -1, 3606, 3592, 3605, -1, 3605, 3592, 3593, -1,
3605, 3593, 3594, -1, 3589, 3573, 3588, -1, 3588, 3573, 3574, -1, 3588, 3574, 3587, -1,
3587, 3574, 3575, -1, 3587, 3575, 3576, -1, 3584, 3585, 3577, -1, 3577, 3585, 3586, -1,
3577, 3586, 3576, -1, 3576, 3586, 3587, -1, 3581, 3582, 3578, -1, 3578, 3582, 3583, -1,
3578, 3583, 3577, -1, 3577, 3583, 3584, -1, 3579, 3580, 3581, -1, 3579, 3581, 3578, -1,
3600, 3597, 3598, -1, 3600, 3598, 3599, -1, 3674, 3675, 3663, -1, 3663, 3675, 3685, -1,
3663, 3685, 3662, -1, 3662, 3685, 3686, -1, 3662, 3686, 3661, -1, 3661, 3686, 3687, -1,
3661, 3687, 3660, -1, 3660, 3687, 3688, -1, 3660, 3688, 3659, -1, 3659, 3688, 3689, -1,
3659, 3689, 3680, -1, 3645, 3648, 3644, -1, 3644, 3648, 3650, -1, 3644, 3650, 3643, -1,
3643, 3650, 3651, -1, 3643, 3651, 3642, -1, 3642, 3651, 3652, -1, 3642, 3652, 3641, -1,
3641, 3652, 3653, -1, 3641, 3653, 3640, -1, 3640, 3653, 3654, -1, 3640, 3654, 3639, -1,
3639, 3654, 3655, -1, 3639, 3655, 3638, -1, 3638, 3655, 3656, -1, 3638, 3656, 3637, -1,
3637, 3656, 3680, -1, 3637, 3680, 3681, -1, 3680, 3656, 3657, -1, 3680, 3657, 3658, -1,
3680, 3658, 3659, -1, 3648, 3645, 3646, -1, 3648, 3646, 3647, -1, 3679, 3637, 3681, -1,
3679, 3681, 3682, -1, 3679, 3682, 3683, -1, 3679, 3683, 3678, -1, 3683, 3684, 3676, -1,
3683, 3676, 3677, -1, 3683, 3677, 3678, -1, 3685, 3675, 3676, -1, 3685, 3676, 3684, -1,
3666, 3670, 3665, -1, 3665, 3670, 3671, -1, 3665, 3671, 3664, -1, 3664, 3671, 3672, -1,
3664, 3672, 3663, -1, 3663, 3672, 3673, -1, 3663, 3673, 3674, -1, 3670, 3666, 3667, -1,
3670, 3667, 3668, -1, 3670, 3668, 3669, -1, 3793, 3794, 3699, -1, 3699, 3794, 3690, -1,
3699, 3690, 3697, -1, 3697, 3690, 3691, -1, 3697, 3691, 3696, -1, 3696, 3691, 3695, -1,
3692, 3693, 3694, -1, 3692, 3694, 3695, -1, 3692, 3695, 3691, -1, 3785, 3786, 3721, -1,
3721, 3786, 3787, -1, 3721, 3787, 3720, -1, 3720, 3787, 3788, -1, 3720, 3788, 3719, -1,
3719, 3788, 3789, -1, 3719, 3789, 3718, -1, 3718, 3789, 3708, -1, 3718, 3708, 3709, -1,
3790, 3791, 3706, -1, 3790, 3706, 3707, -1, 3790, 3707, 3708, -1, 3790, 3708, 3789, -1,
3791, 3792, 3703, -1, 3791, 3703, 3704, -1, 3791, 3704, 3705, -1, 3791, 3705, 3706, -1,
3792, 3793, 3701, -1, 3792, 3701, 3702, -1, 3792, 3702, 3703, -1, 3699, 3700, 3701, -1,
3699, 3701, 3793, -1, 3755, 3756, 3760, -1, 3760, 3756, 3757, -1, 3760, 3757, 3759, -1,
3759, 3757, 3758, -1, 3760, 3761, 3753, -1, 3760, 3753, 3754, -1, 3760, 3754, 3755, -1,
3762, 3763, 3748, -1, 3762, 3748, 3749, -1, 3762, 3749, 3750, -1, 3762, 3750, 3751, -1,
3762, 3751, 3752, -1, 3762, 3752, 3753, -1, 3762, 3753, 3761, -1, 3763, 3764, 3745, -1,
3763, 3745, 3746, -1, 3763, 3746, 3747, -1, 3763, 3747, 3748, -1, 3742, 3743, 3765, -1,
3765, 3743, 3744, -1, 3765, 3744, 3764, -1, 3764, 3744, 3745, -1, 3741, 3742, 3765, -1,
3741, 3765, 3766, -1, 3741, 3766, 3767, -1, 3741, 3767, 3768, -1, 3741, 3768, 3769, -1,
3741, 3769, 3740, -1, 3740, 3769, 3770, -1, 3740, 3770, 3771, -1, 3740, 3771, 3772, -1,
3740, 3772, 3773, -1, 3740, 3773, 3739, -1, 3733, 3734, 3779, -1, 3779, 3734, 3735, -1,
3779, 3735, 3778, -1, 3778, 3735, 3736, -1, 3778, 3736, 3777, -1, 3777, 3736, 3737, -1,
3777, 3737, 3776, -1, 3776, 3737, 3738, -1, 3776, 3738, 3775, -1, 3775, 3738, 3739, -1,
3775, 3739, 3774, -1, 3774, 3739, 3773, -1, 3779, 3780, 3728, -1, 3779, 3728, 3729, -1,
3779, 3729, 3730, -1, 3779, 3730, 3731, -1, 3779, 3731, 3732, -1, 3779, 3732, 3733, -1,
3780, 3781, 3724, -1, 3780, 3724, 3725, -1, 3780, 3725, 3727, -1, 3780, 3727, 3728, -1,
3722, 3723, 3783, -1, 3783, 3723, 3724, -1, 3783, 3724, 3782, -1, 3782, 3724, 3781, -1,
3722, 3783, 3784, -1, 3722, 3784, 3785, -1, 3722, 3785, 3721, -1, 3711, 3712, 3713, -1,
3711, 3713, 3714, -1, 3711, 3714, 3715, -1, 3711, 3715, 3710, -1, 3716, 3717, 3709, -1,
3716, 3709, 3710, -1, 3716, 3710, 3715, -1, 3810, 3811, 3812, -1, 3810, 3812, 3806, -1,
3810, 3806, 3807, -1, 3810, 3807, 3808, -1, 3810, 3808, 3809, -1, 3859, 3860, 3795, -1,
3795, 3860, 3855, -1, 3795, 3855, 3836, -1, 3836, 3855, 3856, -1, 3836, 3856, 3835, -1,
3835, 3856, 3857, -1, 3835, 3857, 3834, -1, 3834, 3857, 3819, -1, 3834, 3819, 3820, -1,
3796, 3797, 3858, -1, 3796, 3858, 3859, -1, 3796, 3859, 3795, -1, 3798, 3799, 3818, -1,
3798, 3818, 3819, -1, 3798, 3819, 3857, -1, 3798, 3857, 3858, -1, 3798, 3858, 3797, -1,
3818, 3799, 3817, -1, 3817, 3799, 3800, -1, 3817, 3800, 3816, -1, 3816, 3800, 3801, -1,
3816, 3801, 3802, -1, 3805, 3812, 3804, -1, 3804, 3812, 3813, -1, 3804, 3813, 3803, -1,
3803, 3813, 3814, -1, 3803, 3814, 3802, -1, 3802, 3814, 3815, -1, 3802, 3815, 3816, -1,
3847, 3848, 3839, -1, 3847, 3839, 3840, -1, 3847, 3840, 3841, -1, 3847, 3841, 3842, -1,
3847, 3842, 3845, -1, 3847, 3845, 3846, -1, 3838, 3839, 3848, -1, 3838, 3848, 3849, -1,
3838, 3849, 3850, -1, 3838, 3850, 3837, -1, 3836, 3837, 3850, -1, 3836, 3850, 3851, -1,
3836, 3851, 3852, -1, 3836, 3852, 3853, -1, 3836, 3853, 3854, -1, 3836, 3854, 3795, -1,
3845, 3842, 3843, -1, 3845, 3843, 3844, -1, 3822, 3823, 3830, -1, 3830, 3823, 3824, -1,
3830, 3824, 3829, -1, 3829, 3824, 3825, -1, 3829, 3825, 3828, -1, 3828, 3825, 3826, -1,
3828, 3826, 3827, -1, 3821, 3822, 3830, -1, 3821, 3830, 3831, -1, 3821, 3831, 3832, -1,
3821, 3832, 3820, -1, 3833, 3834, 3820, -1, 3833, 3820, 3832, -1, 3876, 3877, 3878, -1,
3876, 3878, 3872, -1, 3876, 3872, 3873, -1, 3876, 3873, 3874, -1, 3876, 3874, 3875, -1,
3925, 3926, 3861, -1, 3861, 3926, 3921, -1, 3861, 3921, 3902, -1, 3902, 3921, 3922, -1,
3902, 3922, 3901, -1, 3901, 3922, 3923, -1, 3901, 3923, 3900, -1, 3900, 3923, 3885, -1,
3900, 3885, 3886, -1, 3862, 3863, 3924, -1, 3862, 3924, 3925, -1, 3862, 3925, 3861, -1,
3864, 3865, 3884, -1, 3864, 3884, 3885, -1, 3864, 3885, 3923, -1, 3864, 3923, 3924, -1,
3864, 3924, 3863, -1, 3884, 3865, 3883, -1, 3883, 3865, 3866, -1, 3883, 3866, 3882, -1,
3882, 3866, 3867, -1, 3882, 3867, 3868, -1, 3871, 3878, 3870, -1, 3870, 3878, 3879, -1,
3870, 3879, 3869, -1, 3869, 3879, 3880, -1, 3869, 3880, 3868, -1, 3868, 3880, 3881, -1,
3868, 3881, 3882, -1, 3913, 3914, 3905, -1, 3913, 3905, 3906, -1, 3913, 3906, 3907, -1,
3913, 3907, 3908, -1, 3913, 3908, 3911, -1, 3913, 3911, 3912, -1, 3904, 3905, 3914, -1,
3904, 3914, 3915, -1, 3904, 3915, 3916, -1, 3904, 3916, 3903, -1, 3902, 3903, 3916, -1,
3902, 3916, 3917, -1, 3902, 3917, 3918, -1, 3902, 3918, 3919, -1, 3902, 3919, 3920, -1,
3902, 3920, 3861, -1, 3911, 3908, 3909, -1, 3911, 3909, 3910, -1, 3888, 3889, 3896, -1,
3896, 3889, 3890, -1, 3896, 3890, 3895, -1, 3895, 3890, 3891, -1, 3895, 3891, 3894, -1,
3894, 3891, 3892, -1, 3894, 3892, 3893, -1, 3887, 3888, 3896, -1, 3887, 3896, 3897, -1,
3887, 3897, 3898, -1, 3887, 3898, 3886, -1, 3899, 3900, 3886, -1, 3899, 3886, 3898, -1,
3964, 3965, 3953, -1, 3953, 3965, 3975, -1, 3953, 3975, 3952, -1, 3952, 3975, 3976, -1,
3952, 3976, 3951, -1, 3951, 3976, 3977, -1, 3951, 3977, 3950, -1, 3950, 3977, 3978, -1,
3950, 3978, 3949, -1, 3949, 3978, 3979, -1, 3949, 3979, 3970, -1, 3935, 3938, 3934, -1,
3934, 3938, 3940, -1, 3934, 3940, 3933, -1, 3933, 3940, 3941, -1, 3933, 3941, 3932, -1,
3932, 3941, 3942, -1, 3932, 3942, 3931, -1, 3931, 3942, 3943, -1, 3931, 3943, 3930, -1,
3930, 3943, 3944, -1, 3930, 3944, 3929, -1, 3929, 3944, 3945, -1, 3929, 3945, 3928, -1,
3928, 3945, 3946, -1, 3928, 3946, 3927, -1, 3927, 3946, 3970, -1, 3927, 3970, 3971, -1,
3970, 3946, 3947, -1, 3970, 3947, 3948, -1, 3970, 3948, 3949, -1, 3938, 3935, 3936, -1,
3938, 3936, 3937, -1, 3969, 3927, 3971, -1, 3969, 3971, 3972, -1, 3969, 3972, 3973, -1,
3969, 3973, 3968, -1, 3973, 3974, 3966, -1, 3973, 3966, 3967, -1, 3973, 3967, 3968, -1,
3975, 3965, 3966, -1, 3975, 3966, 3974, -1, 3956, 3960, 3955, -1, 3955, 3960, 3961, -1,
3955, 3961, 3954, -1, 3954, 3961, 3962, -1, 3954, 3962, 3953, -1, 3953, 3962, 3963, -1,
3953, 3963, 3964, -1, 3960, 3956, 3957, -1, 3960, 3957, 3958, -1, 3960, 3958, 3959, -1,
4020, 4021, 4022, -1, 4020, 4022, 4016, -1, 4020, 4016, 4017, -1, 4020, 4017, 4018, -1,
4020, 4018, 4019, -1, 3988, 3991, 3987, -1, 3987, 3991, 3993, -1, 3987, 3993, 3986, -1,
3986, 3993, 3994, -1, 3986, 3994, 3985, -1, 3985, 3994, 3995, -1, 3985, 3995, 3984, -1,
3984, 3995, 3996, -1, 3984, 3996, 3983, -1, 3983, 3996, 3997, -1, 3983, 3997, 3982, -1,
3982, 3997, 3998, -1, 3982, 3998, 3981, -1, 3981, 3998, 3999, -1, 3981, 3999, 3980, -1,
3980, 3999, 4037, -1, 3980, 4037, 4038, -1, 4037, 3999, 4000, -1, 4037, 4000, 4001, -1,
4037, 4001, 4002, -1, 4037, 4002, 4052, -1, 4049, 4050, 4003, -1, 4003, 4050, 4051, -1,
4003, 4051, 4002, -1, 4002, 4051, 4052, -1, 4049, 4003, 4004, -1, 4049, 4004, 4005, -1,
4049, 4005, 4006, -1, 4049, 4006, 4048, -1, 4048, 4006, 4047, -1, 4047, 4006, 4007, -1,
4047, 4007, 4046, -1, 4046, 4007, 4008, -1, 4046, 4008, 4045, -1, 4045, 4008, 4029, -1,
4045, 4029, 4044, -1, 4044, 4029, 4030, -1, 4044, 4030, 4031, -1, 3991, 3988, 3989, -1,
3991, 3989, 3990, -1, 4036, 3980, 4038, -1, 4036, 4038, 4039, -1, 4036, 4039, 4040, -1,
4036, 4040, 4035, -1, 4040, 4041, 4033, -1, 4040, 4033, 4034, -1, 4040, 4034, 4035, -1,
4042, 4043, 4032, -1, 4042, 4032, 4033, -1, 4042, 4033, 4041, -1, 4044, 4031, 4032, -1,
4044, 4032, 4043, -1, 4029, 4008, 4028, -1, 4028, 4008, 4009, -1, 4028, 4009, 4027, -1,
4027, 4009, 4010, -1, 4027, 4010, 4026, -1, 4026, 4010, 4011, -1, 4026, 4011, 4025, -1,
4025, 4011, 4012, -1, 4025, 4012, 4024, -1, 4024, 4012, 4013, -1, 4024, 4013, 4023, -1,
4023, 4013, 4014, -1, 4023, 4014, 4022, -1, 4022, 4014, 4015, -1, 4022, 4015, 4016, -1,
4065, 4066, 4067, -1, 4065, 4067, 4061, -1, 4065, 4061, 4062, -1, 4065, 4062, 4063, -1,
4065, 4063, 4064, -1, 4111, 4055, 4110, -1, 4110, 4055, 4056, -1, 4110, 4056, 4109, -1,
4109, 4056, 4057, -1, 4109, 4057, 4094, -1, 4094, 4057, 4076, -1, 4094, 4076, 4093, -1,
4093, 4076, 4077, -1, 4093, 4077, 4092, -1, 4092, 4077, 4078, -1, 4092, 4078, 4091, -1,
4091, 4078, 4079, -1, 4091, 4079, 4080, -1, 4106, 4107, 4095, -1, 4095, 4107, 4108, -1,
4095, 4108, 4094, -1, 4094, 4108, 4109, -1, 4106, 4095, 4096, -1, 4106, 4096, 4097, -1,
4106, 4097, 4098, -1, 4106, 4098, 4105, -1, 4101, 4103, 4100, -1, 4100, 4103, 4104, -1,
4100, 4104, 4099, -1, 4099, 4104, 4105, -1, 4099, 4105, 4098, -1, 4089, 4081, 4088, -1,
4088, 4081, 4082, -1, 4088, 4082, 4087, -1, 4087, 4082, 4085, -1, 4087, 4085, 4086, -1,
4081, 4089, 4090, -1, 4081, 4090, 4091, -1, 4081, 4091, 4080, -1, 4057, 4058, 4076, -1,
4076, 4058, 4059, -1, 4076, 4059, 4075, -1, 4075, 4059, 4060, -1, 4075, 4060, 4053, -1,
4075, 4053, 4074, -1, 4074, 4053, 4054, -1, 4074, 4054, 4112, -1, 4112, 4054, 4055, -1,
4112, 4055, 4111, -1, 4085, 4082, 4083, -1, 4085, 4083, 4084, -1, 4074, 4112, 4073, -1,
4073, 4112, 4113, -1, 4073, 4113, 4072, -1, 4072, 4113, 4114, -1, 4072, 4114, 4071, -1,
4071, 4114, 4115, -1, 4071, 4115, 4116, -1, 4119, 4067, 4118, -1, 4118, 4067, 4068, -1,
4118, 4068, 4117, -1, 4117, 4068, 4069, -1, 4117, 4069, 4116, -1, 4116, 4069, 4070, -1,
4116, 4070, 4071, -1, 4155, 4156, 4144, -1, 4144, 4156, 4157, -1, 4144, 4157, 4143, -1,
4143, 4157, 4120, -1, 4143, 4120, 4141, -1, 4141, 4120, 4140, -1, 4121, 4122, 4138, -1,
4121, 4138, 4139, -1, 4121, 4139, 4140, -1, 4121, 4140, 4120, -1, 4122, 4123, 4138, -1,
4138, 4123, 4124, -1, 4138, 4124, 4137, -1, 4137, 4124, 4135, -1, 4137, 4135, 4136, -1,
4125, 4126, 4134, -1, 4125, 4134, 4135, -1, 4125, 4135, 4124, -1, 4129, 4132, 4128, -1,
4128, 4132, 4133, -1, 4128, 4133, 4127, -1, 4127, 4133, 4134, -1, 4127, 4134, 4126, -1,
4130, 4131, 4132, -1, 4130, 4132, 4129, -1, 4153, 4145, 4152, -1, 4152, 4145, 4146, -1,
4152, 4146, 4151, -1, 4151, 4146, 4149, -1, 4151, 4149, 4150, -1, 4145, 4153, 4154, -1,
4145, 4154, 4155, -1, 4145, 4155, 4144, -1, 4149, 4146, 4147, -1, 4149, 4147, 4148, -1,
4182, 4158, 4159, -1, 4182, 4159, 4160, -1, 4182, 4160, 4161, -1, 4182, 4161, 4181, -1,
4180, 4181, 4161, -1, 4180, 4161, 4162, -1, 4180, 4162, 4163, -1, 4180, 4163, 4164, -1,
4180, 4164, 4179, -1, 4174, 4175, 4166, -1, 4166, 4175, 4177, -1, 4166, 4177, 4165, -1,
4165, 4177, 4178, -1, 4165, 4178, 4164, -1, 4164, 4178, 4179, -1, 4169, 4172, 4168, -1,
4168, 4172, 4173, -1, 4168, 4173, 4167, -1, 4167, 4173, 4174, -1, 4167, 4174, 4166, -1,
4170, 4171, 4172, -1, 4170, 4172, 4169, -1, 4196, 4197, 4193, -1, 4196, 4193, 4194, -1,
4196, 4194, 4195, -1, 4193, 4197, 4198, -1, 4193, 4198, 4199, -1, 4193, 4199, 4200, -1,
4193, 4200, 4192, -1, 4200, 4201, 4190, -1, 4200, 4190, 4191, -1, 4200, 4191, 4192, -1,
4188, 4189, 4203, -1, 4203, 4189, 4190, -1, 4203, 4190, 4202, -1, 4202, 4190, 4201, -1,
4188, 4203, 4204, -1, 4188, 4204, 4205, -1, 4188, 4205, 4206, -1, 4188, 4206, 4187, -1,
4206, 4207, 4185, -1, 4206, 4185, 4186, -1, 4206, 4186, 4187, -1, 4207, 4208, 4185, -1,
4185, 4208, 4209, -1, 4185, 4209, 4184, -1, 4184, 4209, 4230, -1, 4184, 4230, 4231, -1,
4252, 4253, 4233, -1, 4233, 4253, 4254, -1, 4233, 4254, 4232, -1, 4232, 4254, 4183, -1,
4232, 4183, 4231, -1, 4231, 4183, 4184, -1, 4221, 4222, 4218, -1, 4218, 4222, 4223, -1,
4218, 4223, 4216, -1, 4216, 4223, 4224, -1, 4216, 4224, 4215, -1, 4215, 4224, 4225, -1,
4215, 4225, 4214, -1, 4214, 4225, 4226, -1, 4214, 4226, 4213, -1, 4213, 4226, 4227, -1,
4213, 4227, 4212, -1, 4212, 4227, 4228, -1, 4212, 4228, 4211, -1, 4211, 4228, 4229, -1,
4211, 4229, 4210, -1, 4210, 4229, 4230, -1, 4210, 4230, 4209, -1, 4240, 4241, 4246, -1,
4246, 4241, 4242, -1, 4246, 4242, 4245, -1, 4245, 4242, 4243, -1, 4245, 4243, 4244, -1,
4239, 4240, 4246, -1, 4239, 4246, 4247, -1, 4239, 4247, 4248, -1, 4239, 4248, 4249, -1,
4239, 4249, 4238, -1, 4249, 4250, 4236, -1, 4249, 4236, 4237, -1, 4249, 4237, 4238, -1,
4251, 4252, 4233, -1, 4251, 4233, 4234, -1, 4251, 4234, 4235, -1, 4251, 4235, 4236, -1,
4251, 4236, 4250, -1, 4219, 4220, 4221, -1, 4219, 4221, 4218, -1, 4296, 4297, 4264, -1,
4264, 4297, 4255, -1, 4264, 4255, 4262, -1, 4262, 4255, 4256, -1, 4262, 4256, 4261, -1,
4261, 4256, 4260, -1, 4257, 4258, 4259, -1, 4257, 4259, 4260, -1, 4257, 4260, 4256, -1,
4281, 4282, 4283, -1, 4281, 4283, 4284, -1, 4281, 4284, 4285, -1, 4281, 4285, 4280, -1,
4280, 4285, 4279, -1, 4279, 4285, 4286, -1, 4279, 4286, 4278, -1, 4278, 4286, 4287, -1,
4278, 4287, 4288, -1, 4277, 4278, 4288, -1, 4277, 4288, 4289, -1, 4277, 4289, 4267, -1,
4277, 4267, 4268, -1, 4277, 4268, 4269, -1, 4277, 4269, 4276, -1, 4266, 4267, 4289, -1,
4266, 4289, 4290, -1, 4266, 4290, 4291, -1, 4266, 4291, 4265, -1, 4291, 4292, 4265, -1,
4265, 4292, 4293, -1, 4265, 4293, 4264, -1, 4264, 4293, 4294, -1, 4264, 4294, 4295, -1,
4271, 4272, 4273, -1, 4271, 4273, 4274, -1, 4271, 4274, 4275, -1, 4271, 4275, 4270, -1,
4276, 4269, 4270, -1, 4276, 4270, 4275, -1, 4330, 4331, 4304, -1, 4304, 4331, 4299, -1,
4304, 4299, 4303, -1, 4303, 4299, 4300, -1, 4303, 4300, 4302, -1, 4302, 4300, 4301, -1,
4325, 4326, 4305, -1, 4305, 4326, 4327, -1, 4305, 4327, 4304, -1, 4304, 4327, 4328, -1,
4304, 4328, 4329, -1, 4331, 4332, 4353, -1, 4331, 4353, 4354, -1, 4331, 4354, 4355, -1,
4331, 4355, 4298, -1, 4331, 4298, 4299, -1, 4352, 4353, 4332, -1, 4352, 4332, 4333, -1,
4352, 4333, 4334, -1, 4352, 4334, 4335, -1, 4352, 4335, 4336, -1, 4352, 4336, 4337, -1,
4352, 4337, 4338, -1, 4352, 4338, 4339, -1, 4352, 4339, 4351, -1, 4340, 4341, 4349, -1,
4340, 4349, 4350, -1, 4340, 4350, 4351, -1, 4340, 4351, 4339, -1, 4341, 4342, 4343, -1,
4341, 4343, 4345, -1, 4341, 4345, 4346, -1, 4341, 4346, 4347, -1, 4341, 4347, 4348, -1,
4341, 4348, 4349, -1, 4356, 4357, 4360, -1, 4356, 4360, 4298, -1, 4356, 4298, 4355, -1,
4358, 4359, 4360, -1, 4358, 4360, 4357, -1, 4402, 4403, 4370, -1, 4370, 4403, 4361, -1,
4370, 4361, 4368, -1, 4368, 4361, 4362, -1, 4368, 4362, 4367, -1, 4367, 4362, 4366, -1,
4363, 4364, 4365, -1, 4363, 4365, 4366, -1, 4363, 4366, 4362, -1, 4394, 4395, 4392, -1,
4392, 4395, 4396, -1, 4392, 4396, 4391, -1, 4391, 4396, 4397, -1, 4391, 4397, 4390, -1,
4390, 4397, 4398, -1, 4390, 4398, 4389, -1, 4389, 4398, 4379, -1, 4389, 4379, 4380, -1,
4399, 4400, 4377, -1, 4399, 4377, 4378, -1, 4399, 4378, 4379, -1, 4399, 4379, 4398, -1,
4400, 4401, 4374, -1, 4400, 4374, 4375, -1, 4400, 4375, 4376, -1, 4400, 4376, 4377, -1,
4401, 4402, 4372, -1, 4401, 4372, 4373, -1, 4401, 4373, 4374, -1, 4370, 4371, 4372, -1,
4370, 4372, 4402, -1, 4382, 4383, 4384, -1, 4382, 4384, 4385, -1, 4382, 4385, 4386, -1,
4382, 4386, 4381, -1, 4387, 4388, 4380, -1, 4387, 4380, 4381, -1, 4387, 4381, 4386, -1,
4444, 4445, 4446, -1, 4444, 4446, 4440, -1, 4444, 4440, 4441, -1, 4444, 4441, 4442, -1,
4444, 4442, 4443, -1, 4412, 4415, 4411, -1, 4411, 4415, 4417, -1, 4411, 4417, 4410, -1,
4410, 4417, 4418, -1, 4410, 4418, 4409, -1, 4409, 4418, 4419, -1, 4409, 4419, 4408, -1,
4408, 4419, 4420, -1, 4408, 4420, 4407, -1, 4407, 4420, 4421, -1, 4407, 4421, 4406, -1,
4406, 4421, 4422, -1, 4406, 4422, 4405, -1, 4405, 4422, 4423, -1, 4405, 4423, 4404, -1,
4404, 4423, 4461, -1, 4404, 4461, 4462, -1, 4461, 4423, 4424, -1, 4461, 4424, 4425, -1,
4461, 4425, 4426, -1, 4461, 4426, 4476, -1, 4473, 4474, 4427, -1, 4427, 4474, 4475, -1,
4427, 4475, 4426, -1, 4426, 4475, 4476, -1, 4473, 4427, 4428, -1, 4473, 4428, 4429, -1,
4473, 4429, 4430, -1, 4473, 4430, 4472, -1, 4472, 4430, 4471, -1, 4471, 4430, 4431, -1,
4471, 4431, 4470, -1, 4470, 4431, 4432, -1, 4470, 4432, 4469, -1, 4469, 4432, 4453, -1,
4469, 4453, 4468, -1, 4468, 4453, 4454, -1, 4468, 4454, 4455, -1, 4415, 4412, 4413, -1,
4415, 4413, 4414, -1, 4460, 4404, 4462, -1, 4460, 4462, 4463, -1, 4460, 4463, 4464, -1,
4460, 4464, 4459, -1, 4464, 4465, 4457, -1, 4464, 4457, 4458, -1, 4464, 4458, 4459, -1,
4466, 4467, 4456, -1, 4466, 4456, 4457, -1, 4466, 4457, 4465, -1, 4468, 4455, 4456, -1,
4468, 4456, 4467, -1, 4453, 4432, 4452, -1, 4452, 4432, 4433, -1, 4452, 4433, 4451, -1,
4451, 4433, 4434, -1, 4451, 4434, 4450, -1, 4450, 4434, 4435, -1, 4450, 4435, 4449, -1,
4449, 4435, 4436, -1, 4449, 4436, 4448, -1, 4448, 4436, 4437, -1, 4448, 4437, 4447, -1,
4447, 4437, 4438, -1, 4447, 4438, 4446, -1, 4446, 4438, 4439, -1, 4446, 4439, 4440, -1,
4485, 4488, 4484, -1, 4484, 4488, 4490, -1, 4484, 4490, 4483, -1, 4483, 4490, 4491, -1,
4483, 4491, 4482, -1, 4482, 4491, 4492, -1, 4482, 4492, 4481, -1, 4481, 4492, 4493, -1,
4481, 4493, 4480, -1, 4480, 4493, 4494, -1, 4480, 4494, 4479, -1, 4479, 4494, 4495, -1,
4479, 4495, 4478, -1, 4478, 4495, 4496, -1, 4478, 4496, 4477, -1, 4477, 4496, 4521, -1,
4477, 4521, 4522, -1, 4521, 4496, 4497, -1, 4521, 4497, 4498, -1, 4521, 4498, 4499, -1,
4521, 4499, 4530, -1, 4527, 4528, 4500, -1, 4500, 4528, 4529, -1, 4500, 4529, 4499, -1,
4499, 4529, 4530, -1, 4524, 4525, 4517, -1, 4517, 4525, 4526, -1, 4517, 4526, 4516, -1,
4516, 4526, 4527, -1, 4516, 4527, 4515, -1, 4515, 4527, 4514, -1, 4501, 4502, 4514, -1,
4501, 4514, 4527, -1, 4501, 4527, 4500, -1, 4503, 4504, 4513, -1, 4503, 4513, 4514, -1,
4503, 4514, 4502, -1, 4507, 4511, 4506, -1, 4506, 4511, 4512, -1, 4506, 4512, 4505, -1,
4505, 4512, 4513, -1, 4505, 4513, 4504, -1, 4511, 4507, 4508, -1, 4511, 4508, 4509, -1,
4511, 4509, 4510, -1, 4488, 4485, 4486, -1, 4488, 4486, 4487, -1, 4520, 4477, 4522, -1,
4520, 4522, 4523, -1, 4520, 4523, 4524, -1, 4520, 4524, 4519, -1, 4524, 4517, 4518, -1,
4524, 4518, 4519, -1, 4543, 4544, 4545, -1, 4543, 4545, 4539, -1, 4543, 4539, 4540, -1,
4543, 4540, 4541, -1, 4543, 4541, 4542, -1, 4589, 4533, 4588, -1, 4588, 4533, 4534, -1,
4588, 4534, 4587, -1, 4587, 4534, 4535, -1, 4587, 4535, 4572, -1, 4572, 4535, 4554, -1,
4572, 4554, 4571, -1, 4571, 4554, 4555, -1, 4571, 4555, 4570, -1, 4570, 4555, 4556, -1,
4570, 4556, 4569, -1, 4569, 4556, 4557, -1, 4569, 4557, 4558, -1, 4584, 4585, 4573, -1,
4573, 4585, 4586, -1, 4573, 4586, 4572, -1, 4572, 4586, 4587, -1, 4584, 4573, 4574, -1,
4584, 4574, 4575, -1, 4584, 4575, 4576, -1, 4584, 4576, 4583, -1, 4579, 4581, 4578, -1,
4578, 4581, 4582, -1, 4578, 4582, 4577, -1, 4577, 4582, 4583, -1, 4577, 4583, 4576, -1,
4567, 4559, 4566, -1, 4566, 4559, 4560, -1, 4566, 4560, 4565, -1, 4565, 4560, 4563, -1,
4565, 4563, 4564, -1, 4559, 4567, 4568, -1, 4559, 4568, 4569, -1, 4559, 4569, 4558, -1,
4535, 4536, 4554, -1, 4554, 4536, 4537, -1, 4554, 4537, 4553, -1, 4553, 4537, 4538, -1,
4553, 4538, 4531, -1, 4553, 4531, 4552, -1, 4552, 4531, 4532, -1, 4552, 4532, 4590, -1,
4590, 4532, 4533, -1, 4590, 4533, 4589, -1, 4563, 4560, 4561, -1, 4563, 4561, 4562, -1,
4552, 4590, 4551, -1, 4551, 4590, 4591, -1, 4551, 4591, 4550, -1, 4550, 4591, 4592, -1,
4550, 4592, 4549, -1, 4549, 4592, 4593, -1, 4549, 4593, 4594, -1, 4597, 4545, 4596, -1,
4596, 4545, 4546, -1, 4596, 4546, 4595, -1, 4595, 4546, 4547, -1, 4595, 4547, 4594, -1,
4594, 4547, 4548, -1, 4594, 4548, 4549, -1, 4622, 4598, 4599, -1, 4622, 4599, 4600, -1,
4622, 4600, 4601, -1, 4622, 4601, 4621, -1, 4620, 4621, 4601, -1, 4620, 4601, 4602, -1,
4620, 4602, 4603, -1, 4620, 4603, 4604, -1, 4620, 4604, 4619, -1, 4614, 4615, 4606, -1,
4606, 4615, 4617, -1, 4606, 4617, 4605, -1, 4605, 4617, 4618, -1, 4605, 4618, 4604, -1,
4604, 4618, 4619, -1, 4609, 4612, 4608, -1, 4608, 4612, 4613, -1, 4608, 4613, 4607, -1,
4607, 4613, 4614, -1, 4607, 4614, 4606, -1, 4610, 4611, 4612, -1, 4610, 4612, 4609, -1,
4638, 4639, 4640, -1, 4638, 4640, 4634, -1, 4638, 4634, 4635, -1, 4638, 4635, 4636, -1,
4638, 4636, 4637, -1, 4687, 4688, 4623, -1, 4623, 4688, 4683, -1, 4623, 4683, 4664, -1,
4664, 4683, 4684, -1, 4664, 4684, 4663, -1, 4663, 4684, 4685, -1, 4663, 4685, 4662, -1,
4662, 4685, 4647, -1, 4662, 4647, 4648, -1, 4624, 4625, 4686, -1, 4624, 4686, 4687, -1,
4624, 4687, 4623, -1, 4626, 4627, 4646, -1, 4626, 4646, 4647, -1, 4626, 4647, 4685, -1,
4626, 4685, 4686, -1, 4626, 4686, 4625, -1, 4646, 4627, 4645, -1, 4645, 4627, 4628, -1,
4645, 4628, 4644, -1, 4644, 4628, 4629, -1, 4644, 4629, 4630, -1, 4633, 4640, 4632, -1,
4632, 4640, 4641, -1, 4632, 4641, 4631, -1, 4631, 4641, 4642, -1, 4631, 4642, 4630, -1,
4630, 4642, 4643, -1, 4630, 4643, 4644, -1, 4675, 4676, 4667, -1, 4675, 4667, 4668, -1,
4675, 4668, 4669, -1, 4675, 4669, 4670, -1, 4675, 4670, 4673, -1, 4675, 4673, 4674, -1,
4666, 4667, 4676, -1, 4666, 4676, 4677, -1, 4666, 4677, 4678, -1, 4666, 4678, 4665, -1,
4664, 4665, 4678, -1, 4664, 4678, 4679, -1, 4664, 4679, 4680, -1, 4664, 4680, 4681, -1,
4664, 4681, 4682, -1, 4664, 4682, 4623, -1, 4673, 4670, 4671, -1, 4673, 4671, 4672, -1,
4650, 4651, 4658, -1, 4658, 4651, 4652, -1, 4658, 4652, 4657, -1, 4657, 4652, 4653, -1,
4657, 4653, 4656, -1, 4656, 4653, 4654, -1, 4656, 4654, 4655, -1, 4649, 4650, 4658, -1,
4649, 4658, 4659, -1, 4649, 4659, 4660, -1, 4649, 4660, 4648, -1, 4661, 4662, 4648, -1,
4661, 4648, 4660, -1, 4690, 4692, 4689, -1, 4689, 4692, 4694, -1, 4689, 4694, 4710, -1,
4710, 4694, 4695, -1, 4710, 4695, 4696, -1, 4697, 4698, 4709, -1, 4709, 4698, 4699, -1,
4709, 4699, 4708, -1, 4708, 4699, 4706, -1, 4708, 4706, 4707, -1, 4702, 4703, 4701, -1,
4701, 4703, 4704, -1, 4701, 4704, 4700, -1, 4700, 4704, 4705, -1, 4700, 4705, 4706, -1,
4709, 4710, 4696, -1, 4709, 4696, 4697, -1, 4712, 4714, 4711, -1, 4711, 4714, 4716, -1,
4711, 4716, 4748, -1, 4748, 4716, 4717, -1, 4748, 4717, 4718, -1, 4742, 4743, 4724, -1,
4724, 4743, 4744, -1, 4724, 4744, 4723, -1, 4723, 4744, 4745, -1, 4723, 4745, 4746, -1,
4719, 4720, 4747, -1, 4747, 4720, 4721, -1, 4747, 4721, 4746, -1, 4746, 4721, 4722, -1,
4746, 4722, 4723, -1, 4747, 4748, 4718, -1, 4747, 4718, 4719, -1, 4729, 4730, 4736, -1,
4736, 4730, 4731, -1, 4736, 4731, 4735, -1, 4735, 4731, 4732, -1, 4735, 4732, 4734, -1,
4734, 4732, 4733, -1, 4737, 4738, 4728, -1, 4737, 4728, 4729, -1, 4737, 4729, 4736, -1,
4726, 4727, 4740, -1, 4740, 4727, 4728, -1, 4740, 4728, 4739, -1, 4739, 4728, 4738, -1,
4725, 4726, 4740, -1, 4725, 4740, 4741, -1, 4725, 4741, 4742, -1, 4725, 4742, 4724, -1,
4761, 4762, 4763, -1, 4761, 4763, 4757, -1, 4761, 4757, 4758, -1, 4761, 4758, 4759, -1,
4761, 4759, 4760, -1, 4807, 4751, 4806, -1, 4806, 4751, 4752, -1, 4806, 4752, 4805, -1,
4805, 4752, 4753, -1, 4805, 4753, 4790, -1, 4790, 4753, 4772, -1, 4790, 4772, 4789, -1,
4789, 4772, 4773, -1, 4789, 4773, 4788, -1, 4788, 4773, 4774, -1, 4788, 4774, 4787, -1,
4787, 4774, 4775, -1, 4787, 4775, 4776, -1, 4802, 4803, 4791, -1, 4791, 4803, 4804, -1,
4791, 4804, 4790, -1, 4790, 4804, 4805, -1, 4802, 4791, 4792, -1, 4802, 4792, 4793, -1,
4802, 4793, 4794, -1, 4802, 4794, 4801, -1, 4797, 4799, 4796, -1, 4796, 4799, 4800, -1,
4796, 4800, 4795, -1, 4795, 4800, 4801, -1, 4795, 4801, 4794, -1, 4785, 4777, 4784, -1,
4784, 4777, 4778, -1, 4784, 4778, 4783, -1, 4783, 4778, 4781, -1, 4783, 4781, 4782, -1,
4777, 4785, 4786, -1, 4777, 4786, 4787, -1, 4777, 4787, 4776, -1, 4753, 4754, 4772, -1,
4772, 4754, 4755, -1, 4772, 4755, 4771, -1, 4771, 4755, 4756, -1, 4771, 4756, 4749, -1,
4771, 4749, 4770, -1, 4770, 4749, 4750, -1, 4770, 4750, 4808, -1, 4808, 4750, 4751, -1,
4808, 4751, 4807, -1, 4781, 4778, 4779, -1, 4781, 4779, 4780, -1, 4770, 4808, 4769, -1,
4769, 4808, 4809, -1, 4769, 4809, 4768, -1, 4768, 4809, 4810, -1, 4768, 4810, 4767, -1,
4767, 4810, 4811, -1, 4767, 4811, 4812, -1, 4815, 4763, 4814, -1, 4814, 4763, 4764, -1,
4814, 4764, 4813, -1, 4813, 4764, 4765, -1, 4813, 4765, 4812, -1, 4812, 4765, 4766, -1,
4812, 4766, 4767, -1, 4958, 4959, 4947, -1, 4947, 4959, 4969, -1, 4947, 4969, 4946, -1,
4946, 4969, 4970, -1, 4946, 4970, 4945, -1, 4945, 4970, 4971, -1, 4945, 4971, 4944, -1,
4944, 4971, 4972, -1, 4944, 4972, 4943, -1, 4943, 4972, 4973, -1, 4943, 4973, 4964, -1,
4929, 4932, 4928, -1, 4928, 4932, 4934, -1, 4928, 4934, 4927, -1, 4927, 4934, 4935, -1,
4927, 4935, 4926, -1, 4926, 4935, 4936, -1, 4926, 4936, 4925, -1, 4925, 4936, 4937, -1,
4925, 4937, 4924, -1, 4924, 4937, 4938, -1, 4924, 4938, 4923, -1, 4923, 4938, 4939, -1,
4923, 4939, 4922, -1, 4922, 4939, 4940, -1, 4922, 4940, 4921, -1, 4921, 4940, 4964, -1,
4921, 4964, 4965, -1, 4964, 4940, 4941, -1, 4964, 4941, 4942, -1, 4964, 4942, 4943, -1,
4932, 4929, 4930, -1, 4932, 4930, 4931, -1, 4963, 4921, 4965, -1, 4963, 4965, 4966, -1,
4963, 4966, 4967, -1, 4963, 4967, 4962, -1, 4967, 4968, 4960, -1, 4967, 4960, 4961, -1,
4967, 4961, 4962, -1, 4969, 4959, 4960, -1, 4969, 4960, 4968, -1, 4950, 4954, 4949, -1,
4949, 4954, 4955, -1, 4949, 4955, 4948, -1, 4948, 4955, 4956, -1, 4948, 4956, 4947, -1,
4947, 4956, 4957, -1, 4947, 4957, 4958, -1, 4954, 4950, 4951, -1, 4954, 4951, 4952, -1,
4954, 4952, 4953, -1, 4989, 4990, 4991, -1, 4989, 4991, 4985, -1, 4989, 4985, 4986, -1,
4989, 4986, 4987, -1, 4989, 4987, 4988, -1, 5038, 5039, 4974, -1, 4974, 5039, 5034, -1,
4974, 5034, 5015, -1, 5015, 5034, 5035, -1, 5015, 5035, 5014, -1, 5014, 5035, 5036, -1,
5014, 5036, 5013, -1, 5013, 5036, 4998, -1, 5013, 4998, 4999, -1, 4975, 4976, 5037, -1,
4975, 5037, 5038, -1, 4975, 5038, 4974, -1, 4977, 4978, 4997, -1, 4977, 4997, 4998, -1,
4977, 4998, 5036, -1, 4977, 5036, 5037, -1, 4977, 5037, 4976, -1, 4997, 4978, 4996, -1,
4996, 4978, 4979, -1, 4996, 4979, 4995, -1, 4995, 4979, 4980, -1, 4995, 4980, 4981, -1,
4984, 4991, 4983, -1, 4983, 4991, 4992, -1, 4983, 4992, 4982, -1, 4982, 4992, 4993, -1,
4982, 4993, 4981, -1, 4981, 4993, 4994, -1, 4981, 4994, 4995, -1, 5026, 5027, 5018, -1,
5026, 5018, 5019, -1, 5026, 5019, 5020, -1, 5026, 5020, 5021, -1, 5026, 5021, 5024, -1,
5026, 5024, 5025, -1, 5017, 5018, 5027, -1, 5017, 5027, 5028, -1, 5017, 5028, 5029, -1,
5017, 5029, 5016, -1, 5015, 5016, 5029, -1, 5015, 5029, 5030, -1, 5015, 5030, 5031, -1,
5015, 5031, 5032, -1, 5015, 5032, 5033, -1, 5015, 5033, 4974, -1, 5024, 5021, 5022, -1,
5024, 5022, 5023, -1, 5001, 5002, 5009, -1, 5009, 5002, 5003, -1, 5009, 5003, 5008, -1,
5008, 5003, 5004, -1, 5008, 5004, 5007, -1, 5007, 5004, 5005, -1, 5007, 5005, 5006, -1,
5000, 5001, 5009, -1, 5000, 5009, 5010, -1, 5000, 5010, 5011, -1, 5000, 5011, 4999, -1,
5012, 5013, 4999, -1, 5012, 4999, 5011, -1, 5055, 5056, 5057, -1, 5055, 5057, 5051, -1,
5055, 5051, 5052, -1, 5055, 5052, 5053, -1, 5055, 5053, 5054, -1, 5104, 5105, 5040, -1,
5040, 5105, 5100, -1, 5040, 5100, 5081, -1, 5081, 5100, 5101, -1, 5081, 5101, 5080, -1,
5080, 5101, 5102, -1, 5080, 5102, 5079, -1, 5079, 5102, 5064, -1, 5079, 5064, 5065, -1,
5041, 5042, 5103, -1, 5041, 5103, 5104, -1, 5041, 5104, 5040, -1, 5043, 5044, 5063, -1,
5043, 5063, 5064, -1, 5043, 5064, 5102, -1, 5043, 5102, 5103, -1, 5043, 5103, 5042, -1,
5063, 5044, 5062, -1, 5062, 5044, 5045, -1, 5062, 5045, 5061, -1, 5061, 5045, 5046, -1,
5061, 5046, 5047, -1, 5050, 5057, 5049, -1, 5049, 5057, 5058, -1, 5049, 5058, 5048, -1,
5048, 5058, 5059, -1, 5048, 5059, 5047, -1, 5047, 5059, 5060, -1, 5047, 5060, 5061, -1,
5092, 5093, 5084, -1, 5092, 5084, 5085, -1, 5092, 5085, 5086, -1, 5092, 5086, 5087, -1,
5092, 5087, 5090, -1, 5092, 5090, 5091, -1, 5083, 5084, 5093, -1, 5083, 5093, 5094, -1,
5083, 5094, 5095, -1, 5083, 5095, 5082, -1, 5081, 5082, 5095, -1, 5081, 5095, 5096, -1,
5081, 5096, 5097, -1, 5081, 5097, 5098, -1, 5081, 5098, 5099, -1, 5081, 5099, 5040, -1,
5090, 5087, 5088, -1, 5090, 5088, 5089, -1, 5067, 5068, 5075, -1, 5075, 5068, 5069, -1,
5075, 5069, 5074, -1, 5074, 5069, 5070, -1, 5074, 5070, 5073, -1, 5073, 5070, 5071, -1,
5073, 5071, 5072, -1, 5066, 5067, 5075, -1, 5066, 5075, 5076, -1, 5066, 5076, 5077, -1,
5066, 5077, 5065, -1, 5078, 5079, 5065, -1, 5078, 5065, 5077, -1, 5121, 5122, 5123, -1,
5121, 5123, 5117, -1, 5121, 5117, 5118, -1, 5121, 5118, 5119, -1, 5121, 5119, 5120, -1,
5170, 5171, 5106, -1, 5106, 5171, 5166, -1, 5106, 5166, 5147, -1, 5147, 5166, 5167, -1,
5147, 5167, 5146, -1, 5146, 5167, 5168, -1, 5146, 5168, 5145, -1, 5145, 5168, 5130, -1,
5145, 5130, 5131, -1, 5107, 5108, 5169, -1, 5107, 5169, 5170, -1, 5107, 5170, 5106, -1,
5109, 5110, 5129, -1, 5109, 5129, 5130, -1, 5109, 5130, 5168, -1, 5109, 5168, 5169, -1,
5109, 5169, 5108, -1, 5129, 5110, 5128, -1, 5128, 5110, 5111, -1, 5128, 5111, 5127, -1,
5127, 5111, 5112, -1, 5127, 5112, 5113, -1, 5116, 5123, 5115, -1, 5115, 5123, 5124, -1,
5115, 5124, 5114, -1, 5114, 5124, 5125, -1, 5114, 5125, 5113, -1, 5113, 5125, 5126, -1,
5113, 5126, 5127, -1, 5158, 5159, 5150, -1, 5158, 5150, 5151, -1, 5158, 5151, 5152, -1,
5158, 5152, 5153, -1, 5158, 5153, 5156, -1, 5158, 5156, 5157, -1, 5149, 5150, 5159, -1,
5149, 5159, 5160, -1, 5149, 5160, 5161, -1, 5149, 5161, 5148, -1, 5147, 5148, 5161, -1,
5147, 5161, 5162, -1, 5147, 5162, 5163, -1, 5147, 5163, 5164, -1, 5147, 5164, 5165, -1,
5147, 5165, 5106, -1, 5156, 5153, 5154, -1, 5156, 5154, 5155, -1, 5133, 5134, 5141, -1,
5141, 5134, 5135, -1, 5141, 5135, 5140, -1, 5140, 5135, 5136, -1, 5140, 5136, 5139, -1,
5139, 5136, 5137, -1, 5139, 5137, 5138, -1, 5132, 5133, 5141, -1, 5132, 5141, 5142, -1,
5132, 5142, 5143, -1, 5132, 5143, 5131, -1, 5144, 5145, 5131, -1, 5144, 5131, 5143, -1,
5184, 5185, 5186, -1, 5184, 5186, 5180, -1, 5184, 5180, 5181, -1, 5184, 5181, 5182, -1,
5184, 5182, 5183, -1, 5230, 5174, 5229, -1, 5229, 5174, 5175, -1, 5229, 5175, 5228, -1,
5228, 5175, 5176, -1, 5228, 5176, 5213, -1, 5213, 5176, 5195, -1, 5213, 5195, 5212, -1,
5212, 5195, 5196, -1, 5212, 5196, 5211, -1, 5211, 5196, 5197, -1, 5211, 5197, 5210, -1,
5210, 5197, 5198, -1, 5210, 5198, 5199, -1, 5225, 5226, 5214, -1, 5214, 5226, 5227, -1,
5214, 5227, 5213, -1, 5213, 5227, 5228, -1, 5225, 5214, 5215, -1, 5225, 5215, 5216, -1,
5225, 5216, 5217, -1, 5225, 5217, 5224, -1, 5220, 5222, 5219, -1, 5219, 5222, 5223, -1,
5219, 5223, 5218, -1, 5218, 5223, 5224, -1, 5218, 5224, 5217, -1, 5208, 5200, 5207, -1,
5207, 5200, 5201, -1, 5207, 5201, 5206, -1, 5206, 5201, 5204, -1, 5206, 5204, 5205, -1,
5200, 5208, 5209, -1, 5200, 5209, 5210, -1, 5200, 5210, 5199, -1, 5176, 5177, 5195, -1,
5195, 5177, 5178, -1, 5195, 5178, 5194, -1, 5194, 5178, 5179, -1, 5194, 5179, 5172, -1,
5194, 5172, 5193, -1, 5193, 5172, 5173, -1, 5193, 5173, 5231, -1, 5231, 5173, 5174, -1,
5231, 5174, 5230, -1, 5204, 5201, 5202, -1, 5204, 5202, 5203, -1, 5193, 5231, 5192, -1,
5192, 5231, 5232, -1, 5192, 5232, 5191, -1, 5191, 5232, 5233, -1, 5191, 5233, 5190, -1,
5190, 5233, 5234, -1, 5190, 5234, 5235, -1, 5238, 5186, 5237, -1, 5237, 5186, 5187, -1,
5237, 5187, 5236, -1, 5236, 5187, 5188, -1, 5236, 5188, 5235, -1, 5235, 5188, 5189, -1,
5235, 5189, 5190, -1, 5256, 5257, 5258, -1, 5256, 5258, 5252, -1, 5256, 5252, 5253, -1,
5256, 5253, 5254, -1, 5256, 5254, 5255, -1, 5292, 5283, 5239, -1, 5292, 5239, 5240, -1,
5292, 5240, 5241, -1, 5292, 5241, 5242, -1, 5292, 5242, 5291, -1, 5291, 5242, 5290, -1,
5290, 5242, 5243, -1, 5290, 5243, 5289, -1, 5289, 5243, 5244, -1, 5289, 5244, 5288, -1,
5288, 5244, 5265, -1, 5288, 5265, 5287, -1, 5287, 5265, 5266, -1, 5287, 5266, 5267, -1,
5272, 5273, 5279, -1, 5279, 5273, 5274, -1, 5279, 5274, 5278, -1, 5278, 5274, 5275, -1,
5278, 5275, 5277, -1, 5277, 5275, 5276, -1, 5280, 5281, 5269, -1, 5280, 5269, 5270, -1,
5280, 5270, 5271, -1, 5280, 5271, 5272, -1, 5280, 5272, 5279, -1, 5269, 5281, 5282, -1,
5269, 5282, 5239, -1, 5269, 5239, 5283, -1, 5269, 5283, 5284, -1, 5269, 5284, 5285, -1,
5269, 5285, 5268, -1, 5268, 5285, 5286, -1, 5268, 5286, 5287, -1, 5268, 5287, 5267, -1,
5265, 5244, 5264, -1, 5264, 5244, 5245, -1, 5264, 5245, 5263, -1, 5263, 5245, 5246, -1,
5263, 5246, 5262, -1, 5262, 5246, 5247, -1, 5262, 5247, 5261, -1, 5261, 5247, 5248, -1,
5261, 5248, 5260, -1, 5260, 5248, 5249, -1, 5260, 5249, 5259, -1, 5259, 5249, 5250, -1,
5259, 5250, 5258, -1, 5258, 5250, 5251, -1, 5258, 5251, 5252, -1, 4310, 4311, 4324, -1,
4324, 4311, 4312, -1, 4324, 4312, 4323, -1, 4323, 4312, 4313, -1, 4323, 4313, 4322, -1,
4322, 4313, 4314, -1, 4322, 4314, 4321, -1, 4321, 4314, 4315, -1, 4321, 4315, 4320, -1,
4320, 4315, 4316, -1, 4320, 4316, 4318, -1, 4318, 4316, 4317, -1, 4324, 4325, 4306, -1,
4324, 4306, 4307, -1, 4324, 4307, 4308, -1, 4324, 4308, 4309, -1, 4324, 4309, 4310, -1,
5293, 5294, 5295, -1, 5293, 5295, 5296, -1, 5293, 5296, 5297, -1, 5293, 5297, 5298, -1,
5293, 5298, 5321, -1, 5298, 5299, 5314, -1, 5298, 5314, 5315, -1, 5298, 5315, 5316, -1,
5298, 5316, 5317, -1, 5298, 5317, 5318, -1, 5298, 5318, 5319, -1, 5298, 5319, 5320, -1,
5298, 5320, 5321, -1, 5299, 5300, 5306, -1, 5299, 5306, 5307, -1, 5299, 5307, 5308, -1,
5299, 5308, 5309, -1, 5299, 5309, 5310, -1, 5299, 5310, 5311, -1, 5299, 5311, 5312, -1,
5299, 5312, 5313, -1, 5299, 5313, 5314, -1, 5306, 5300, 5301, -1, 5306, 5301, 5302, -1,
5306, 5302, 5303, -1, 5306, 5303, 5305, -1, 5357, 5358, 5346, -1, 5346, 5358, 5359, -1,
5346, 5359, 5345, -1, 5345, 5359, 5322, -1, 5345, 5322, 5343, -1, 5343, 5322, 5342, -1,
5323, 5324, 5340, -1, 5323, 5340, 5341, -1, 5323, 5341, 5342, -1, 5323, 5342, 5322, -1,
5324, 5325, 5340, -1, 5340, 5325, 5326, -1, 5340, 5326, 5339, -1, 5339, 5326, 5337, -1,
5339, 5337, 5338, -1, 5327, 5328, 5336, -1, 5327, 5336, 5337, -1, 5327, 5337, 5326, -1,
5331, 5334, 5330, -1, 5330, 5334, 5335, -1, 5330, 5335, 5329, -1, 5329, 5335, 5336, -1,
5329, 5336, 5328, -1, 5332, 5333, 5334, -1, 5332, 5334, 5331, -1, 5355, 5347, 5354, -1,
5354, 5347, 5348, -1, 5354, 5348, 5353, -1, 5353, 5348, 5351, -1, 5353, 5351, 5352, -1,
5347, 5355, 5356, -1, 5347, 5356, 5357, -1, 5347, 5357, 5346, -1, 5351, 5348, 5349, -1,
5351, 5349, 5350, -1, 5395, 5396, 5384, -1, 5384, 5396, 5397, -1, 5384, 5397, 5383, -1,
5383, 5397, 5360, -1, 5383, 5360, 5381, -1, 5381, 5360, 5380, -1, 5361, 5362, 5378, -1,
5361, 5378, 5379, -1, 5361, 5379, 5380, -1, 5361, 5380, 5360, -1, 5362, 5363, 5378, -1,
5378, 5363, 5364, -1, 5378, 5364, 5377, -1, 5377, 5364, 5375, -1, 5377, 5375, 5376, -1,
5365, 5366, 5374, -1, 5365, 5374, 5375, -1, 5365, 5375, 5364, -1, 5369, 5372, 5368, -1,
5368, 5372, 5373, -1, 5368, 5373, 5367, -1, 5367, 5373, 5374, -1, 5367, 5374, 5366, -1,
5370, 5371, 5372, -1, 5370, 5372, 5369, -1, 5393, 5385, 5392, -1, 5392, 5385, 5386, -1,
5392, 5386, 5391, -1, 5391, 5386, 5389, -1, 5391, 5389, 5390, -1, 5385, 5393, 5394, -1,
5385, 5394, 5395, -1, 5385, 5395, 5384, -1, 5389, 5386, 5387, -1, 5389, 5387, 5388, -1,
5383, 5381, 5382, -1, 5345, 5343, 5344, -1, 5305, 5303, 5304, -1, 4325, 4305, 4306, -1,
4320, 4318, 4319, -1, 5180, 5186, 5238, -1, 5222, 5220, 5221, -1, 5117, 5123, 5116, -1,
5051, 5057, 5050, -1, 4985, 4991, 4984, -1, 4934, 4932, 4933, -1, 4757, 4763, 4815, -1,
4799, 4797, 4798, -1, 4716, 4714, 4715, -1, 4714, 4712, 4713, -1, 4694, 4692, 4693, -1,
4706, 4699, 4700, -1, 4692, 4690, 4691, -1, 4634, 4640, 4633, -1, 4617, 4615, 4616, -1,
4539, 4545, 4597, -1, 4581, 4579, 4580, -1, 4490, 4488, 4489, -1, 4417, 4415, 4416, -1,
4389, 4380, 4388, -1, 4394, 4392, 4393, -1, 4370, 4368, 4369, -1, 4345, 4343, 4344, -1,
4330, 4304, 4329, -1, 4264, 4262, 4263, -1, 4296, 4264, 4295, -1, 4218, 4216, 4217, -1,
4177, 4175, 4176, -1, 4143, 4141, 4142, -1, 4061, 4067, 4119, -1, 4103, 4101, 4102, -1,
3993, 3991, 3992, -1, 3940, 3938, 3939, -1, 3872, 3878, 3871, -1, 3806, 3812, 3805, -1,
3718, 3709, 3717, -1, 3727, 3725, 3726, -1, 3699, 3697, 3698, -1, 3650, 3648, 3649, -1,
3609, 3590, 3608, -1, 3602, 3600, 3601, -1, 3570, 3613, 3569, -1, 3562, 3560, 3561, -1,
3635, 3562, 3563, -1, 3542, 3540, 3541, -1, 3460, 3466, 3518, -1, 3502, 3500, 3501, -1,
3397, 3403, 3396, -1, 3362, 3360, 3361, -1, 3350, 3348, 3349, -1, 3267, 3265, 3266, -1,
3198, 3189, 3197, -1, 3226, 3217, 3225, -1, 3231, 3229, 3230, -1, 3207, 3205, 3206, -1,
3179, 3177, 3178, -1, 3110, 3108, 3109, -1, 3057, 3055, 3056, -1, 2995, 2976, 2994, -1,
2988, 2986, 2987, -1, 2956, 2999, 2955, -1, 2948, 2946, 2947, -1, 3021, 2948, 2949, -1,
2924, 2922, 2923, -1, 2926, 2924, 2925, -1, 2938, 2931, 2932, -1, 2902, 2900, 2901, -1,
2904, 2902, 2903, -1, 2916, 2909, 2910, -1, 2882, 2880, 2881, -1, 2808, 2868, 2869, -1,
2775, 2773, 2774, -1, 2773, 2771, 2772, -1, 2736, 2734, 2735, -1, 2768, 2736, 2767, -1,
2672, 2678, 2671, -1, 2655, 2653, 2654, -1, 2577, 2583, 2635, -1, 2619, 2617, 2618, -1,
2510, 2516, 2568, -1, 2552, 2550, 2551, -1, 2447, 2453, 2446, -1, 2430, 2428, 2429, -1,
2356, 2362, 2355, -1, 2305, 2303, 2304, -1, 2237, 2243, 2236, -1, 2166, 2164, 2165, -1,
2138, 2129, 2137, -1, 2143, 2141, 2142, -1, 2119, 2117, 2118, -1, 2055, 2061, 2054, -1,
1985, 1991, 2043, -1, 2027, 2025, 2026, -1, 1957, 1955, 1956, -1, 1975, 1952, 1974, -1,
1883, 1889, 1882, -1, 1812, 1810, 1811, -1, 1771, 1752, 1770, -1, 1764, 1762, 1763, -1,
1732, 1775, 1731, -1, 1724, 1722, 1723, -1, 1797, 1724, 1725, -1, 1699, 1697, 1698, -1,
1692, 1690, 1691, -1, 1634, 1632, 1633, -1, 1610, 1608, 1609, -1, 1612, 1610, 1611, -1,
1624, 1617, 1618, -1, 1592, 1593, 1591, -1, 1600, 1606, 1580, -1, 1588, 1586, 1587, -1,
1563, 1561, 1562, -1, 1496, 1502, 1495, -1, 1479, 1477, 1478, -1, 1405, 1411, 1404, -1,
1374, 1372, 1373, -1, 1392, 1369, 1391, -1, 1340, 1331, 1339, -1, 1345, 1343, 1344, -1,
1321, 1319, 1320, -1, 1284, 1265, 1283, -1, 1277, 1275, 1276, -1, 1245, 1288, 1244, -1,
1237, 1235, 1236, -1, 1310, 1237, 1238, -1, 1119, 1125, 1177, -1, 1161, 1159, 1160, -1,
1087, 1085, 1086, -1, 1075, 1073, 1074, -1, 1046, 1044, 1045, -1, 890, 888, 889, -1,
902, 895, 896, -1, 972, 978, 971, -1, 888, 886, 887, -1, 825, 823, 824, -1,
784, 765, 783, -1, 777, 775, 776, -1, 745, 788, 744, -1, 737, 735, 736, -1,
810, 737, 738, -1, 672, 670, 671, -1, 635, 633, 634, -1, 623, 621, 622, -1,
545, 551, 544, -1, 510, 508, 509, -1, 498, 496, 497, -1, 469, 467, 468, -1,
435, 426, 434, -1, 440, 438, 439, -1, 416, 414, 415, -1, 374, 372, 373, -1,
372, 370, 371, -1, 309, 307, 308, -1, 256, 254, 255, -1, 184, 190, 242, -1,
226, 224, 225, -1, 114, 120, 113, -1, 86, 84, 85, -1, 4844, 4835, 4843, -1,
4853, 4851, 4852, -1, 4825, 4823, 4824, -1, 47, 45, 46, -1, 22, 20, 21, -1
            ]
          }
        }
      ]
    }
  ]
}
Transform {
  children [
    Group {
      children [
        Shape {
          appearance Appearance {
            material Material {
              diffuseColor 0.94 0.94 0.94
              specularColor 0.946 0.946 0.946
              emissiveColor 0 0 0
              ambientIntensity 0.7
              transparency 0
              shininess 0.02
            }
          }
          geometry IndexedFaceSet {
            solid TRUE
            coord Coordinate {
              point [
76.047244 -39.316916 -0.344488, 76.045463 -39.327015 -0.344488,
76.045463 -39.645725 -0.344488, 76.046067 -39.647384 -0.344488,
76.045657 -39.649101 -0.344488, 76.04858 -39.65893 -0.344488,
76.067328 -39.696426 -0.344488, 76.067796 -39.696869 -0.344488,
76.072859 -39.704099 -0.344488, 76.091606 -39.722847 -0.344488,
76.092189 -39.723119 -0.344488, 76.099281 -39.728379 -0.344488,
76.136776 -39.747126 -0.344488, 76.138529 -39.747328 -0.344488,
76.139882 -39.748463 -0.344488, 76.149981 -39.750244 -0.344488,
76.224972 -39.750244 -0.344488, 76.22663 -39.74964 -0.344488,
76.228347 -39.75005 -0.344488, 76.238177 -39.747126 -0.344488,
76.275672 -39.728379 -0.344488, 76.276115 -39.727911 -0.344488,
76.283346 -39.722847 -0.344488, 76.302094 -39.7041 -0.344488,
76.302365 -39.703516 -0.344488, 76.307625 -39.696426 -0.344488,
76.326372 -39.65893 -0.344488, 76.326574 -39.657177 -0.344488,
76.327709 -39.655824 -0.344488, 76.32949 -39.645725 -0.344488,
76.32949 -39.327015 -0.344488, 76.322581 -39.308035 -0.344488,
76.30509 -39.297936 -0.344488, 76.285198 -39.301444 -0.344488,
76.272215 -39.316916 -0.344488, 76.270435 -39.327015 -0.344488,
76.270435 -39.638755 -0.344488, 76.256947 -39.66573 -0.344488,
76.244976 -39.677701 -0.344488, 76.218001 -39.691189 -0.344488,
76.156952 -39.691189 -0.344488, 76.129977 -39.677701 -0.344488,
76.118006 -39.66573 -0.344488, 76.104518 -39.638754 -0.344488,
76.104518 -39.327015 -0.344488, 76.09761 -39.308035 -0.344488,
76.080118 -39.297936 -0.344488, 76.060227 -39.301444 -0.344488,
76.791339 -39.207874 -0.344488, 76.78442 -39.191171 -0.344488,
76.767717 -39.184252 -0.344488, 76. -39.184252 -0.344488,
74.641732 -39.184252 -0.344488, 74.625029 -39.191171 -0.344488,
74.61811 -39.207874 -0.344488, 74.625029 -39.224577 -0.344488,
74.641732 -39.231496 -0.344488, 76. -39.231496 -0.344488,
76.767717 -39.231496 -0.344488, 76.78442 -39.224577 -0.344488,
76.791339 -37.192126 -0.344488, 76.78442 -37.175423 -0.344488,
76.767717 -37.168504 -0.344488, 76. -37.168504 -0.344488,
75.232283 -37.168504 -0.344488, 75.21558 -37.175423 -0.344488,
75.208661 -37.192126 -0.344488, 75.21558 -37.208829 -0.344488,
75.232283 -37.215748 -0.344488, 76. -37.215748 -0.344488,
76.767717 -37.215748 -0.344488, 76.78442 -37.208829 -0.344488,
75.952545 -39.717093 -0.344488, 75.95177 -39.708237 -0.344488,
75.950719 -39.706735 -0.344488, 75.950581 -39.705952 -0.344488,
75.949586 -39.705117 -0.344488, 75.945888 -39.699837 -0.344488,
75.725845 -39.479794 -0.344488, 75.710817 -39.434709 -0.344488,
75.710817 -39.408976 -0.344488, 75.724304 -39.382002 -0.344488,
75.736276 -39.37003 -0.344488, 75.763251 -39.356543 -0.344488,
75.843048 -39.356543 -0.344488, 75.870023 -39.37003 -0.344488,
75.885382 -39.38539 -0.344488, 75.903688 -39.393926 -0.344488,
75.923198 -39.388698 -0.344488, 75.934783 -39.372153 -0.344488,
75.933022 -39.352032 -0.344488, 75.927141 -39.343631 -0.344488,
75.908393 -39.324884 -0.344488, 75.907809 -39.324612 -0.344488,
75.900719 -39.319353 -0.344488, 75.863224 -39.300605 -0.344488,
75.86147 -39.300403 -0.344488, 75.860118 -39.299269 -0.344488,
75.850019 -39.297488 -0.344488, 75.75628 -39.297488 -0.344488,
75.754621 -39.298091 -0.344488, 75.752904 -39.297681 -0.344488,
75.743075 -39.300605 -0.344488, 75.70558 -39.319353 -0.344488,
75.705137 -39.319821 -0.344488, 75.697906 -39.324884 -0.344488,
75.679158 -39.343631 -0.344488, 75.678886 -39.344215 -0.344488,
75.673627 -39.351306 -0.344488, 75.65488 -39.388801 -0.344488,
75.654678 -39.390554 -0.344488, 75.653543 -39.391907 -0.344488,
75.651762 -39.402006 -0.344488, 75.651762 -39.439501 -0.344488,
75.651983 -39.440107 -0.344488, 75.653278 -39.448839 -0.344488,
75.672025 -39.505081 -0.344488, 75.673122 -39.506464 -0.344488,
75.673276 -39.508223 -0.344488, 75.679158 -39.516623 -0.344488,
75.853723 -39.691189 -0.344488, 75.68129 -39.691189 -0.344488,
75.66231 -39.698097 -0.344488, 75.652211 -39.715589 -0.344488,
75.655718 -39.73548 -0.344488, 75.671191 -39.748463 -0.344488,
75.68129 -39.750244 -0.344488, 75.925009 -39.750244 -0.344488,
75.93336 -39.747204 -0.344488, 75.941945 -39.744904 -0.344488,
75.94272 -39.743797 -0.344488, 75.943989 -39.743335 -0.344488,
75.948432 -39.73564 -0.344488, 75.953531 -39.728359 -0.344488,
75.953413 -39.727013 -0.344488, 75.954088 -39.725844 -0.344488
              ]
            }
            coordIndex [
3, 1, 0, -1, 3, 0, 5, -1, 5, 0, 47, -1, 5, 47, 6, -1,
6, 47, 46, -1, 6, 46, 7, -1, 7, 46, 8, -1, 42, 41, 12, -1,
42, 12, 43, -1, 43, 12, 11, -1, 43, 11, 44, -1, 44, 11, 45, -1,
46, 45, 9, -1, 9, 45, 10, -1, 10, 45, 11, -1, 31, 30, 26, -1,
26, 30, 27, -1, 27, 30, 28, -1, 28, 30, 29, -1, 24, 23, 32, -1,
24, 32, 25, -1, 25, 32, 31, -1, 25, 31, 26, -1, 34, 33, 20, -1,
20, 33, 21, -1, 21, 33, 22, -1, 22, 33, 23, -1, 23, 33, 32, -1,
34, 20, 35, -1, 35, 20, 36, -1, 36, 20, 37, -1, 37, 20, 38, -1,
38, 20, 19, -1, 39, 38, 16, -1, 16, 38, 17, -1, 17, 38, 18, -1,
18, 38, 19, -1, 41, 40, 12, -1, 12, 40, 13, -1, 13, 40, 14, -1,
14, 40, 15, -1, 15, 40, 16, -1, 16, 40, 39, -1, 55, 54, 53, -1,
55, 53, 56, -1, 56, 53, 52, -1, 56, 52, 57, -1, 57, 52, 51, -1,
57, 51, 58, -1, 58, 51, 50, -1, 58, 50, 59, -1, 59, 50, 49, -1,
59, 49, 48, -1, 67, 66, 65, -1, 67, 65, 68, -1, 68, 65, 64, -1,
68, 64, 69, -1, 69, 64, 63, -1, 69, 63, 70, -1, 70, 63, 62, -1,
70, 62, 71, -1, 71, 62, 61, -1, 71, 61, 60, -1, 92, 91, 88, -1,
88, 91, 89, -1, 89, 91, 90, -1, 86, 85, 94, -1, 86, 94, 87, -1,
87, 94, 93, -1, 87, 93, 88, -1, 88, 93, 92, -1, 94, 85, 95, -1,
95, 85, 96, -1, 96, 85, 97, -1, 97, 85, 98, -1, 98, 85, 84, -1,
84, 83, 98, -1, 98, 83, 99, -1, 99, 83, 100, -1, 100, 83, 101, -1,
101, 83, 102, -1, 102, 83, 82, -1, 79, 104, 103, -1, 79, 103, 80, -1,
80, 103, 102, -1, 80, 102, 81, -1, 81, 102, 82, -1, 73, 72, 74, -1,
74, 72, 133, -1, 133, 72, 134, -1, 134, 72, 135, -1, 131, 130, 77, -1,
131, 77, 132, -1, 132, 77, 76, -1, 132, 76, 133, -1, 133, 76, 75, -1,
133, 75, 74, -1, 78, 77, 120, -1, 120, 77, 127, -1, 127, 77, 128, -1,
128, 77, 129, -1, 129, 77, 130, -1, 105, 104, 79, -1, 105, 79, 106, -1,
106, 79, 78, -1, 106, 78, 119, -1, 119, 78, 120, -1, 118, 117, 108, -1,
118, 108, 119, -1, 119, 108, 107, -1, 119, 107, 106, -1, 117, 116, 108, -1,
108, 116, 109, -1, 109, 116, 110, -1, 110, 116, 111, -1, 111, 116, 115, -1,
115, 114, 111, -1, 111, 114, 112, -1, 112, 114, 113, -1, 122, 121, 125, -1,
125, 121, 126, -1, 126, 121, 127, -1, 127, 121, 120, -1, 123, 122, 124, -1,
124, 122, 125, -1, 3, 5, 4, -1, 8, 46, 9, -1, 1, 3, 2, -1
            ]
          }
        }
      ]
    }
  ]
}
]
}
