ISO-10303-21;
HEADER;
FILE_DESCRIPTION(('KiCad electronic assembly'),'2;1');
FILE_NAME('sandwich-example-sandwich_LOW.step','2021-02-04T19:46:57',(
    'An Author'),('A Company'),'Open CASCADE STEP processor 6.9',
  'KiCad to STEP converter','Unknown');
FILE_SCHEMA(('AUTOMOTIVE_DESIGN { 1 0 10303 214 1 1 1 1 }'));
ENDSEC;
DATA;
#1 = APPLICATION_PROTOCOL_DEFINITION('international standard',
  'automotive_design',2000,#2);
#2 = APPLICATION_CONTEXT(
  'core data for automotive mechanical design processes');
#3 = SHAPE_DEFINITION_REPRESENTATION(#4,#10);
#4 = PRODUCT_DEFINITION_SHAPE('','',#5);
#5 = PRODUCT_DEFINITION('design','',#6,#9);
#6 = PRODUCT_DEFINITION_FORMATION('','',#7);
#7 = PRODUCT('Open CASCADE STEP translator 6.9 1',
  'Open CASCADE STEP translator 6.9 1','',(#8));
#8 = PRODUCT_CONTEXT('',#2,'mechanical');
#9 = PRODUCT_DEFINITION_CONTEXT('part definition',#2,'design');
#10 = SHAPE_REPRESENTATION('',(#11,#15,#19),#23);
#11 = AXIS2_PLACEMENT_3D('',#12,#13,#14);
#12 = CARTESIAN_POINT('',(0.,0.,0.));
#13 = DIRECTION('',(0.,0.,1.));
#14 = DIRECTION('',(1.,0.,-0.));
#15 = AXIS2_PLACEMENT_3D('',#16,#17,#18);
#16 = CARTESIAN_POINT('',(34.99,-34.925,1.65));
#17 = DIRECTION('',(0.,0.,1.));
#18 = DIRECTION('',(1.,0.,0.));
#19 = AXIS2_PLACEMENT_3D('',#20,#21,#22);
#20 = CARTESIAN_POINT('',(0.,0.,0.));
#21 = DIRECTION('',(0.,0.,1.));
#22 = DIRECTION('',(1.,0.,-0.));
#23 = ( GEOMETRIC_REPRESENTATION_CONTEXT(3) 
GLOBAL_UNCERTAINTY_ASSIGNED_CONTEXT((#27)) GLOBAL_UNIT_ASSIGNED_CONTEXT(
(#24,#25,#26)) REPRESENTATION_CONTEXT('Context #1',
  '3D Context with UNIT and UNCERTAINTY') );
#24 = ( LENGTH_UNIT() NAMED_UNIT(*) SI_UNIT(.MILLI.,.METRE.) );
#25 = ( NAMED_UNIT(*) PLANE_ANGLE_UNIT() SI_UNIT($,.RADIAN.) );
#26 = ( NAMED_UNIT(*) SI_UNIT($,.STERADIAN.) SOLID_ANGLE_UNIT() );
#27 = UNCERTAINTY_MEASURE_WITH_UNIT(LENGTH_MEASURE(2.E-06),#24,
  'distance_accuracy_value','confusion accuracy');
#28 = PRODUCT_RELATED_PRODUCT_CATEGORY('part',$,(#7));
#29 = SHAPE_DEFINITION_REPRESENTATION(#30,#36);
#30 = PRODUCT_DEFINITION_SHAPE('','',#31);
#31 = PRODUCT_DEFINITION('design','',#32,#35);
#32 = PRODUCT_DEFINITION_FORMATION('','',#33);
#33 = PRODUCT('SOIC-8_3.9x4.9mm_P1.27mm','SOIC-8_3.9x4.9mm_P1.27mm','',(
    #34));
#34 = PRODUCT_CONTEXT('',#2,'mechanical');
#35 = PRODUCT_DEFINITION_CONTEXT('part definition',#2,'design');
#36 = SHAPE_REPRESENTATION('',(#11,#37),#41);
#37 = AXIS2_PLACEMENT_3D('',#38,#39,#40);
#38 = CARTESIAN_POINT('',(0.,0.,0.));
#39 = DIRECTION('',(0.,0.,1.));
#40 = DIRECTION('',(1.,0.,-0.));
#41 = ( GEOMETRIC_REPRESENTATION_CONTEXT(3) 
GLOBAL_UNCERTAINTY_ASSIGNED_CONTEXT((#45)) GLOBAL_UNIT_ASSIGNED_CONTEXT(
(#42,#43,#44)) REPRESENTATION_CONTEXT('Context #1',
  '3D Context with UNIT and UNCERTAINTY') );
#42 = ( LENGTH_UNIT() NAMED_UNIT(*) SI_UNIT(.MILLI.,.METRE.) );
#43 = ( NAMED_UNIT(*) PLANE_ANGLE_UNIT() SI_UNIT($,.RADIAN.) );
#44 = ( NAMED_UNIT(*) SI_UNIT($,.STERADIAN.) SOLID_ANGLE_UNIT() );
#45 = UNCERTAINTY_MEASURE_WITH_UNIT(LENGTH_MEASURE(2.E-06),#42,
  'distance_accuracy_value','confusion accuracy');
#46 = ADVANCED_BREP_SHAPE_REPRESENTATION('',(#11,#47),#10951);
#47 = MANIFOLD_SOLID_BREP('',#48);
#48 = CLOSED_SHELL('',(#49,#179,#255,#331,#589,#812,#1109,#1136,#1192,
    #1339,#1366,#1393,#1420,#1447,#1474,#1481,#1535,#1716,#1764,#1817,
    #1895,#1976,#2057,#2138,#2219,#2295,#2351,#2398,#2654,#2680,#2965,
    #3013,#3066,#3119,#3396,#3428,#3479,#3764,#3832,#4077,#4104,#4389,
    #4457,#4511,#4729,#4974,#5001,#5046,#5098,#5144,#5196,#5386,#5433,
    #5462,#5491,#5520,#5547,#5574,#5601,#5628,#5655,#5682,#5709,#5716,
    #5767,#5818,#5877,#5955,#6036,#6117,#6198,#6279,#6360,#6441,#6517,
    #6549,#6575,#6602,#6629,#6656,#6683,#6710,#6737,#6764,#6771,#6798,
    #6825,#6852,#6879,#6906,#6933,#6960,#6967,#7014,#7040,#7087,#7334,
    #7381,#7407,#7462,#7488,#7514,#7563,#7848,#8133,#8201,#8255,#8473,
    #8718,#8745,#8813,#9098,#9383,#9451,#9505,#9723,#9968,#9995,#10040,
    #10047,#10076,#10105,#10134,#10163,#10167,#10194,#10221,#10248,
    #10275,#10302,#10329,#10356,#10363,#10390,#10417,#10444,#10471,
    #10498,#10525,#10552,#10559,#10586,#10613,#10640,#10667,#10694,
    #10721,#10748,#10755,#10782,#10809,#10836,#10863,#10890,#10917,
    #10944));
#49 = ADVANCED_FACE('',(#50),#64,.F.);
#50 = FACE_BOUND('',#51,.F.);
#51 = EDGE_LOOP('',(#52,#87,#120,#148));
#52 = ORIENTED_EDGE('',*,*,#53,.T.);
#53 = EDGE_CURVE('',#54,#56,#58,.T.);
#54 = VERTEX_POINT('',#55);
#55 = CARTESIAN_POINT('',(2.25,2.11,0.825));
#56 = VERTEX_POINT('',#57);
#57 = CARTESIAN_POINT('',(2.25,1.7,0.825));
#58 = SURFACE_CURVE('',#59,(#63,#75),.PCURVE_S1.);
#59 = LINE('',#60,#61);
#60 = CARTESIAN_POINT('',(2.25,2.11,0.825));
#61 = VECTOR('',#62,1.);
#62 = DIRECTION('',(2.22044604925E-16,-1.,0.));
#63 = PCURVE('',#64,#69);
#64 = CYLINDRICAL_SURFACE('',#65,0.1);
#65 = AXIS2_PLACEMENT_3D('',#66,#67,#68);
#66 = CARTESIAN_POINT('',(2.25,2.11,0.725));
#67 = DIRECTION('',(-2.22044604925E-16,1.,0.));
#68 = DIRECTION('',(4.440892098501E-15,9.860761315262E-31,1.));
#69 = DEFINITIONAL_REPRESENTATION('',(#70),#74);
#70 = LINE('',#71,#72);
#71 = CARTESIAN_POINT('',(-4.440892098501E-15,0.));
#72 = VECTOR('',#73,1.);
#73 = DIRECTION('',(0.,-1.));
#74 = ( GEOMETRIC_REPRESENTATION_CONTEXT(2) 
PARAMETRIC_REPRESENTATION_CONTEXT() REPRESENTATION_CONTEXT('2D SPACE',''
  ) );
#75 = PCURVE('',#76,#81);
#76 = PLANE('',#77);
#77 = AXIS2_PLACEMENT_3D('',#78,#79,#80);
#78 = CARTESIAN_POINT('',(1.8,2.11,0.825));
#79 = DIRECTION('',(0.,0.,1.));
#80 = DIRECTION('',(1.,2.22044604925E-16,-0.));
#81 = DEFINITIONAL_REPRESENTATION('',(#82),#86);
#82 = LINE('',#83,#84);
#83 = CARTESIAN_POINT('',(0.45,-9.992007221625E-17));
#84 = VECTOR('',#85,1.);
#85 = DIRECTION('',(0.,-1.));
#86 = ( GEOMETRIC_REPRESENTATION_CONTEXT(2) 
PARAMETRIC_REPRESENTATION_CONTEXT() REPRESENTATION_CONTEXT('2D SPACE',''
  ) );
#87 = ORIENTED_EDGE('',*,*,#88,.T.);
#88 = EDGE_CURVE('',#56,#89,#91,.T.);
#89 = VERTEX_POINT('',#90);
#90 = CARTESIAN_POINT('',(2.35,1.7,0.725));
#91 = SURFACE_CURVE('',#92,(#97,#104),.PCURVE_S1.);
#92 = CIRCLE('',#93,0.1);
#93 = AXIS2_PLACEMENT_3D('',#94,#95,#96);
#94 = CARTESIAN_POINT('',(2.25,1.7,0.725));
#95 = DIRECTION('',(-2.22044604925E-16,1.,0.));
#96 = DIRECTION('',(4.440892098501E-15,9.860761315262E-31,1.));
#97 = PCURVE('',#64,#98);
#98 = DEFINITIONAL_REPRESENTATION('',(#99),#103);
#99 = LINE('',#100,#101);
#100 = CARTESIAN_POINT('',(0.,-0.41));
#101 = VECTOR('',#102,1.);
#102 = DIRECTION('',(1.,0.));
#103 = ( GEOMETRIC_REPRESENTATION_CONTEXT(2) 
PARAMETRIC_REPRESENTATION_CONTEXT() REPRESENTATION_CONTEXT('2D SPACE',''
  ) );
#104 = PCURVE('',#105,#110);
#105 = PLANE('',#106);
#106 = AXIS2_PLACEMENT_3D('',#107,#108,#109);
#107 = CARTESIAN_POINT('',(2.41578967201,1.7,0.532659657565));
#108 = DIRECTION('',(2.22044604925E-16,-1.,0.));
#109 = DIRECTION('',(0.,0.,1.));
#110 = DEFINITIONAL_REPRESENTATION('',(#111),#119);
#111 = ( BOUNDED_CURVE() B_SPLINE_CURVE(2,(#112,#113,#114,#115,#116,#117
,#118),.UNSPECIFIED.,.T.,.F.) B_SPLINE_CURVE_WITH_KNOTS((1,2,2,2,2,1),(
    -2.094395102393,0.,2.094395102393,4.188790204786,6.28318530718,
8.377580409573),.UNSPECIFIED.) CURVE() GEOMETRIC_REPRESENTATION_ITEM() 
RATIONAL_B_SPLINE_CURVE((1.,0.5,1.,0.5,1.,0.5,1.)) REPRESENTATION_ITEM(
  '') );
#112 = CARTESIAN_POINT('',(0.292340342435,0.16578967201));
#113 = CARTESIAN_POINT('',(0.292340342435,-7.415408746888E-03));
#114 = CARTESIAN_POINT('',(0.142340342435,7.918713163156E-02));
#115 = CARTESIAN_POINT('',(-7.659657565E-03,0.16578967201));
#116 = CARTESIAN_POINT('',(0.142340342435,0.252392212388));
#117 = CARTESIAN_POINT('',(0.292340342435,0.338994752767));
#118 = CARTESIAN_POINT('',(0.292340342435,0.16578967201));
#119 = ( GEOMETRIC_REPRESENTATION_CONTEXT(2) 
PARAMETRIC_REPRESENTATION_CONTEXT() REPRESENTATION_CONTEXT('2D SPACE',''
  ) );
#120 = ORIENTED_EDGE('',*,*,#121,.F.);
#121 = EDGE_CURVE('',#122,#89,#124,.T.);
#122 = VERTEX_POINT('',#123);
#123 = CARTESIAN_POINT('',(2.35,2.11,0.725));
#124 = SURFACE_CURVE('',#125,(#129,#136),.PCURVE_S1.);
#125 = LINE('',#126,#127);
#126 = CARTESIAN_POINT('',(2.35,2.11,0.725));
#127 = VECTOR('',#128,1.);
#128 = DIRECTION('',(2.22044604925E-16,-1.,0.));
#129 = PCURVE('',#64,#130);
#130 = DEFINITIONAL_REPRESENTATION('',(#131),#135);
#131 = LINE('',#132,#133);
#132 = CARTESIAN_POINT('',(1.570796326795,0.));
#133 = VECTOR('',#134,1.);
#134 = DIRECTION('',(0.,-1.));
#135 = ( GEOMETRIC_REPRESENTATION_CONTEXT(2) 
PARAMETRIC_REPRESENTATION_CONTEXT() REPRESENTATION_CONTEXT('2D SPACE',''
  ) );
#136 = PCURVE('',#137,#142);
#137 = PLANE('',#138);
#138 = AXIS2_PLACEMENT_3D('',#139,#140,#141);
#139 = CARTESIAN_POINT('',(2.35,2.11,0.725));
#140 = DIRECTION('',(1.,2.22044604925E-16,1.044915787883E-15));
#141 = DIRECTION('',(1.044915787883E-15,2.320179133003E-31,-1.));
#142 = DEFINITIONAL_REPRESENTATION('',(#143),#147);
#143 = LINE('',#144,#145);
#144 = CARTESIAN_POINT('',(0.,0.));
#145 = VECTOR('',#146,1.);
#146 = DIRECTION('',(7.584527938158E-44,-1.));
#147 = ( GEOMETRIC_REPRESENTATION_CONTEXT(2) 
PARAMETRIC_REPRESENTATION_CONTEXT() REPRESENTATION_CONTEXT('2D SPACE',''
  ) );
#148 = ORIENTED_EDGE('',*,*,#149,.F.);
#149 = EDGE_CURVE('',#54,#122,#150,.T.);
#150 = SURFACE_CURVE('',#151,(#156,#163),.PCURVE_S1.);
#151 = CIRCLE('',#152,0.1);
#152 = AXIS2_PLACEMENT_3D('',#153,#154,#155);
#153 = CARTESIAN_POINT('',(2.25,2.11,0.725));
#154 = DIRECTION('',(-2.22044604925E-16,1.,0.));
#155 = DIRECTION('',(4.440892098501E-15,9.860761315262E-31,1.));
#156 = PCURVE('',#64,#157);
#157 = DEFINITIONAL_REPRESENTATION('',(#158),#162);
#158 = LINE('',#159,#160);
#159 = CARTESIAN_POINT('',(0.,0.));
#160 = VECTOR('',#161,1.);
#161 = DIRECTION('',(1.,0.));
#162 = ( GEOMETRIC_REPRESENTATION_CONTEXT(2) 
PARAMETRIC_REPRESENTATION_CONTEXT() REPRESENTATION_CONTEXT('2D SPACE',''
  ) );
#163 = PCURVE('',#164,#169);
#164 = PLANE('',#165);
#165 = AXIS2_PLACEMENT_3D('',#166,#167,#168);
#166 = CARTESIAN_POINT('',(2.41578967201,2.11,0.532659657565));
#167 = DIRECTION('',(2.22044604925E-16,-1.,0.));
#168 = DIRECTION('',(0.,0.,1.));
#169 = DEFINITIONAL_REPRESENTATION('',(#170),#178);
#170 = ( BOUNDED_CURVE() B_SPLINE_CURVE(2,(#171,#172,#173,#174,#175,#176
,#177),.UNSPECIFIED.,.T.,.F.) B_SPLINE_CURVE_WITH_KNOTS((1,2,2,2,2,1),(
    -2.094395102393,0.,2.094395102393,4.188790204786,6.28318530718,
8.377580409573),.UNSPECIFIED.) CURVE() GEOMETRIC_REPRESENTATION_ITEM() 
RATIONAL_B_SPLINE_CURVE((1.,0.5,1.,0.5,1.,0.5,1.)) REPRESENTATION_ITEM(
  '') );
#171 = CARTESIAN_POINT('',(0.292340342435,0.16578967201));
#172 = CARTESIAN_POINT('',(0.292340342435,-7.415408746888E-03));
#173 = CARTESIAN_POINT('',(0.142340342435,7.918713163156E-02));
#174 = CARTESIAN_POINT('',(-7.659657565E-03,0.16578967201));
#175 = CARTESIAN_POINT('',(0.142340342435,0.252392212388));
#176 = CARTESIAN_POINT('',(0.292340342435,0.338994752767));
#177 = CARTESIAN_POINT('',(0.292340342435,0.16578967201));
#178 = ( GEOMETRIC_REPRESENTATION_CONTEXT(2) 
PARAMETRIC_REPRESENTATION_CONTEXT() REPRESENTATION_CONTEXT('2D SPACE',''
  ) );
#179 = ADVANCED_FACE('',(#180),#76,.F.);
#180 = FACE_BOUND('',#181,.F.);
#181 = EDGE_LOOP('',(#182,#205,#233,#254));
#182 = ORIENTED_EDGE('',*,*,#183,.F.);
#183 = EDGE_CURVE('',#184,#54,#186,.T.);
#184 = VERTEX_POINT('',#185);
#185 = CARTESIAN_POINT('',(1.95,2.11,0.825));
#186 = SURFACE_CURVE('',#187,(#191,#198),.PCURVE_S1.);
#187 = LINE('',#188,#189);
#188 = CARTESIAN_POINT('',(1.8,2.11,0.825));
#189 = VECTOR('',#190,1.);
#190 = DIRECTION('',(1.,2.22044604925E-16,0.));
#191 = PCURVE('',#76,#192);
#192 = DEFINITIONAL_REPRESENTATION('',(#193),#197);
#193 = LINE('',#194,#195);
#194 = CARTESIAN_POINT('',(0.,0.));
#195 = VECTOR('',#196,1.);
#196 = DIRECTION('',(1.,0.));
#197 = ( GEOMETRIC_REPRESENTATION_CONTEXT(2) 
PARAMETRIC_REPRESENTATION_CONTEXT() REPRESENTATION_CONTEXT('2D SPACE',''
  ) );
#198 = PCURVE('',#164,#199);
#199 = DEFINITIONAL_REPRESENTATION('',(#200),#204);
#200 = LINE('',#201,#202);
#201 = CARTESIAN_POINT('',(0.292340342435,0.61578967201));
#202 = VECTOR('',#203,1.);
#203 = DIRECTION('',(0.,-1.));
#204 = ( GEOMETRIC_REPRESENTATION_CONTEXT(2) 
PARAMETRIC_REPRESENTATION_CONTEXT() REPRESENTATION_CONTEXT('2D SPACE',''
  ) );
#205 = ORIENTED_EDGE('',*,*,#206,.T.);
#206 = EDGE_CURVE('',#184,#207,#209,.T.);
#207 = VERTEX_POINT('',#208);
#208 = CARTESIAN_POINT('',(1.95,1.7,0.825));
#209 = SURFACE_CURVE('',#210,(#214,#221),.PCURVE_S1.);
#210 = LINE('',#211,#212);
#211 = CARTESIAN_POINT('',(1.95,2.275,0.825));
#212 = VECTOR('',#213,1.);
#213 = DIRECTION('',(2.22044604925E-16,-1.,0.));
#214 = PCURVE('',#76,#215);
#215 = DEFINITIONAL_REPRESENTATION('',(#216),#220);
#216 = LINE('',#217,#218);
#217 = CARTESIAN_POINT('',(0.15,0.165));
#218 = VECTOR('',#219,1.);
#219 = DIRECTION('',(0.,-1.));
#220 = ( GEOMETRIC_REPRESENTATION_CONTEXT(2) 
PARAMETRIC_REPRESENTATION_CONTEXT() REPRESENTATION_CONTEXT('2D SPACE',''
  ) );
#221 = PCURVE('',#222,#227);
#222 = B_SPLINE_SURFACE_WITH_KNOTS('',1,1,(
    (#223,#224)
    ,(#225,#226
    )),.UNSPECIFIED.,.F.,.F.,.F.,(2,2),(2,2),(0.,4.55),(0.,1.),
  .PIECEWISE_BEZIER_KNOTS.);
#223 = CARTESIAN_POINT('',(1.835171280765,2.217585640382,0.1));
#224 = CARTESIAN_POINT('',(1.95,2.275,0.825));
#225 = CARTESIAN_POINT('',(1.835171280765,-2.217585640382,0.1));
#226 = CARTESIAN_POINT('',(1.95,-2.275,0.825));
#227 = DEFINITIONAL_REPRESENTATION('',(#228),#232);
#228 = LINE('',#229,#230);
#229 = CARTESIAN_POINT('',(1.665334536938E-16,1.));
#230 = VECTOR('',#231,1.);
#231 = DIRECTION('',(1.,2.707861035671E-16));
#232 = ( GEOMETRIC_REPRESENTATION_CONTEXT(2) 
PARAMETRIC_REPRESENTATION_CONTEXT() REPRESENTATION_CONTEXT('2D SPACE',''
  ) );
#233 = ORIENTED_EDGE('',*,*,#234,.T.);
#234 = EDGE_CURVE('',#207,#56,#235,.T.);
#235 = SURFACE_CURVE('',#236,(#240,#247),.PCURVE_S1.);
#236 = LINE('',#237,#238);
#237 = CARTESIAN_POINT('',(1.8,1.7,0.825));
#238 = VECTOR('',#239,1.);
#239 = DIRECTION('',(1.,2.22044604925E-16,0.));
#240 = PCURVE('',#76,#241);
#241 = DEFINITIONAL_REPRESENTATION('',(#242),#246);
#242 = LINE('',#243,#244);
#243 = CARTESIAN_POINT('',(-9.103828801925E-17,-0.41));
#244 = VECTOR('',#245,1.);
#245 = DIRECTION('',(1.,0.));
#246 = ( GEOMETRIC_REPRESENTATION_CONTEXT(2) 
PARAMETRIC_REPRESENTATION_CONTEXT() REPRESENTATION_CONTEXT('2D SPACE',''
  ) );
#247 = PCURVE('',#105,#248);
#248 = DEFINITIONAL_REPRESENTATION('',(#249),#253);
#249 = LINE('',#250,#251);
#250 = CARTESIAN_POINT('',(0.292340342435,0.61578967201));
#251 = VECTOR('',#252,1.);
#252 = DIRECTION('',(0.,-1.));
#253 = ( GEOMETRIC_REPRESENTATION_CONTEXT(2) 
PARAMETRIC_REPRESENTATION_CONTEXT() REPRESENTATION_CONTEXT('2D SPACE',''
  ) );
#254 = ORIENTED_EDGE('',*,*,#53,.F.);
#255 = ADVANCED_FACE('',(#256),#137,.F.);
#256 = FACE_BOUND('',#257,.F.);
#257 = EDGE_LOOP('',(#258,#259,#282,#310));
#258 = ORIENTED_EDGE('',*,*,#121,.T.);
#259 = ORIENTED_EDGE('',*,*,#260,.T.);
#260 = EDGE_CURVE('',#89,#261,#263,.T.);
#261 = VERTEX_POINT('',#262);
#262 = CARTESIAN_POINT('',(2.35,1.7,0.3));
#263 = SURFACE_CURVE('',#264,(#268,#275),.PCURVE_S1.);
#264 = LINE('',#265,#266);
#265 = CARTESIAN_POINT('',(2.35,1.7,0.725));
#266 = VECTOR('',#267,1.);
#267 = DIRECTION('',(1.044915787883E-15,2.320179133003E-31,-1.));
#268 = PCURVE('',#137,#269);
#269 = DEFINITIONAL_REPRESENTATION('',(#270),#274);
#270 = LINE('',#271,#272);
#271 = CARTESIAN_POINT('',(-9.512734445312E-32,-0.41));
#272 = VECTOR('',#273,1.);
#273 = DIRECTION('',(1.,0.));
#274 = ( GEOMETRIC_REPRESENTATION_CONTEXT(2) 
PARAMETRIC_REPRESENTATION_CONTEXT() REPRESENTATION_CONTEXT('2D SPACE',''
  ) );
#275 = PCURVE('',#105,#276);
#276 = DEFINITIONAL_REPRESENTATION('',(#277),#281);
#277 = LINE('',#278,#279);
#278 = CARTESIAN_POINT('',(0.192340342435,6.578967201E-02));
#279 = VECTOR('',#280,1.);
#280 = DIRECTION('',(-1.,-1.044915787883E-15));
#281 = ( GEOMETRIC_REPRESENTATION_CONTEXT(2) 
PARAMETRIC_REPRESENTATION_CONTEXT() REPRESENTATION_CONTEXT('2D SPACE',''
  ) );
#282 = ORIENTED_EDGE('',*,*,#283,.F.);
#283 = EDGE_CURVE('',#284,#261,#286,.T.);
#284 = VERTEX_POINT('',#285);
#285 = CARTESIAN_POINT('',(2.35,2.11,0.3));
#286 = SURFACE_CURVE('',#287,(#291,#298),.PCURVE_S1.);
#287 = LINE('',#288,#289);
#288 = CARTESIAN_POINT('',(2.35,2.11,0.3));
#289 = VECTOR('',#290,1.);
#290 = DIRECTION('',(2.22044604925E-16,-1.,0.));
#291 = PCURVE('',#137,#292);
#292 = DEFINITIONAL_REPRESENTATION('',(#293),#297);
#293 = LINE('',#294,#295);
#294 = CARTESIAN_POINT('',(0.425,-9.860761315258E-32));
#295 = VECTOR('',#296,1.);
#296 = DIRECTION('',(7.584527938158E-44,-1.));
#297 = ( GEOMETRIC_REPRESENTATION_CONTEXT(2) 
PARAMETRIC_REPRESENTATION_CONTEXT() REPRESENTATION_CONTEXT('2D SPACE',''
  ) );
#298 = PCURVE('',#299,#304);
#299 = CYLINDRICAL_SURFACE('',#300,0.3);
#300 = AXIS2_PLACEMENT_3D('',#301,#302,#303);
#301 = CARTESIAN_POINT('',(2.65,2.11,0.3));
#302 = DIRECTION('',(-2.22044604925E-16,1.,-0.));
#303 = DIRECTION('',(-1.,-2.22044604925E-16,3.515706244646E-15));
#304 = DEFINITIONAL_REPRESENTATION('',(#305),#309);
#305 = LINE('',#306,#307);
#306 = CARTESIAN_POINT('',(6.28318530718,0.));
#307 = VECTOR('',#308,1.);
#308 = DIRECTION('',(0.,-1.));
#309 = ( GEOMETRIC_REPRESENTATION_CONTEXT(2) 
PARAMETRIC_REPRESENTATION_CONTEXT() REPRESENTATION_CONTEXT('2D SPACE',''
  ) );
#310 = ORIENTED_EDGE('',*,*,#311,.F.);
#311 = EDGE_CURVE('',#122,#284,#312,.T.);
#312 = SURFACE_CURVE('',#313,(#317,#324),.PCURVE_S1.);
#313 = LINE('',#314,#315);
#314 = CARTESIAN_POINT('',(2.35,2.11,0.725));
#315 = VECTOR('',#316,1.);
#316 = DIRECTION('',(1.044915787883E-15,2.320179133003E-31,-1.));
#317 = PCURVE('',#137,#318);
#318 = DEFINITIONAL_REPRESENTATION('',(#319),#323);
#319 = LINE('',#320,#321);
#320 = CARTESIAN_POINT('',(0.,0.));
#321 = VECTOR('',#322,1.);
#322 = DIRECTION('',(1.,0.));
#323 = ( GEOMETRIC_REPRESENTATION_CONTEXT(2) 
PARAMETRIC_REPRESENTATION_CONTEXT() REPRESENTATION_CONTEXT('2D SPACE',''
  ) );
#324 = PCURVE('',#164,#325);
#325 = DEFINITIONAL_REPRESENTATION('',(#326),#330);
#326 = LINE('',#327,#328);
#327 = CARTESIAN_POINT('',(0.192340342435,6.578967201E-02));
#328 = VECTOR('',#329,1.);
#329 = DIRECTION('',(-1.,-1.044915787883E-15));
#330 = ( GEOMETRIC_REPRESENTATION_CONTEXT(2) 
PARAMETRIC_REPRESENTATION_CONTEXT() REPRESENTATION_CONTEXT('2D SPACE',''
  ) );
#331 = ADVANCED_FACE('',(#332),#164,.F.);
#332 = FACE_BOUND('',#333,.F.);
#333 = EDGE_LOOP('',(#334,#362,#363,#364,#365,#389,#417,#445,#473,#506,
    #534,#563));
#334 = ORIENTED_EDGE('',*,*,#335,.F.);
#335 = EDGE_CURVE('',#184,#336,#338,.T.);
#336 = VERTEX_POINT('',#337);
#337 = CARTESIAN_POINT('',(1.95,2.11,1.025));
#338 = SURFACE_CURVE('',#339,(#343,#350),.PCURVE_S1.);
#339 = LINE('',#340,#341);
#340 = CARTESIAN_POINT('',(1.95,2.11,0.778829828783));
#341 = VECTOR('',#342,1.);
#342 = DIRECTION('',(0.,0.,1.));
#343 = PCURVE('',#164,#344);
#344 = DEFINITIONAL_REPRESENTATION('',(#345),#349);
#345 = LINE('',#346,#347);
#346 = CARTESIAN_POINT('',(0.246170171218,0.46578967201));
#347 = VECTOR('',#348,1.);
#348 = DIRECTION('',(1.,0.));
#349 = ( GEOMETRIC_REPRESENTATION_CONTEXT(2) 
PARAMETRIC_REPRESENTATION_CONTEXT() REPRESENTATION_CONTEXT('2D SPACE',''
  ) );
#350 = PCURVE('',#351,#356);
#351 = PLANE('',#352);
#352 = AXIS2_PLACEMENT_3D('',#353,#354,#355);
#353 = CARTESIAN_POINT('',(1.95,2.275,1.025));
#354 = DIRECTION('',(-1.,-2.22044604925E-16,0.));
#355 = DIRECTION('',(2.22044604925E-16,-1.,0.));
#356 = DEFINITIONAL_REPRESENTATION('',(#357),#361);
#357 = LINE('',#358,#359);
#358 = CARTESIAN_POINT('',(0.165,-0.246170171217));
#359 = VECTOR('',#360,1.);
#360 = DIRECTION('',(0.,1.));
#361 = ( GEOMETRIC_REPRESENTATION_CONTEXT(2) 
PARAMETRIC_REPRESENTATION_CONTEXT() REPRESENTATION_CONTEXT('2D SPACE',''
  ) );
#362 = ORIENTED_EDGE('',*,*,#183,.T.);
#363 = ORIENTED_EDGE('',*,*,#149,.T.);
#364 = ORIENTED_EDGE('',*,*,#311,.T.);
#365 = ORIENTED_EDGE('',*,*,#366,.T.);
#366 = EDGE_CURVE('',#284,#367,#369,.T.);
#367 = VERTEX_POINT('',#368);
#368 = CARTESIAN_POINT('',(2.65,2.11,5.551115123126E-17));
#369 = SURFACE_CURVE('',#370,(#375,#382),.PCURVE_S1.);
#370 = CIRCLE('',#371,0.3);
#371 = AXIS2_PLACEMENT_3D('',#372,#373,#374);
#372 = CARTESIAN_POINT('',(2.65,2.11,0.3));
#373 = DIRECTION('',(2.22044604925E-16,-1.,0.));
#374 = DIRECTION('',(-1.,-2.22044604925E-16,3.515706244646E-15));
#375 = PCURVE('',#164,#376);
#376 = DEFINITIONAL_REPRESENTATION('',(#377),#381);
#377 = CIRCLE('',#378,0.3);
#378 = AXIS2_PLACEMENT_2D('',#379,#380);
#379 = CARTESIAN_POINT('',(-0.232659657565,-0.23421032799));
#380 = DIRECTION('',(3.515706244646E-15,1.));
#381 = ( GEOMETRIC_REPRESENTATION_CONTEXT(2) 
PARAMETRIC_REPRESENTATION_CONTEXT() REPRESENTATION_CONTEXT('2D SPACE',''
  ) );
#382 = PCURVE('',#299,#383);
#383 = DEFINITIONAL_REPRESENTATION('',(#384),#388);
#384 = LINE('',#385,#386);
#385 = CARTESIAN_POINT('',(6.28318530718,0.));
#386 = VECTOR('',#387,1.);
#387 = DIRECTION('',(-1.,0.));
#388 = ( GEOMETRIC_REPRESENTATION_CONTEXT(2) 
PARAMETRIC_REPRESENTATION_CONTEXT() REPRESENTATION_CONTEXT('2D SPACE',''
  ) );
#389 = ORIENTED_EDGE('',*,*,#390,.T.);
#390 = EDGE_CURVE('',#367,#391,#393,.T.);
#391 = VERTEX_POINT('',#392);
#392 = CARTESIAN_POINT('',(3.,2.11,5.551115123126E-17));
#393 = SURFACE_CURVE('',#394,(#398,#405),.PCURVE_S1.);
#394 = LINE('',#395,#396);
#395 = CARTESIAN_POINT('',(2.65,2.11,5.551115123126E-17));
#396 = VECTOR('',#397,1.);
#397 = DIRECTION('',(1.,2.22044604925E-16,0.));
#398 = PCURVE('',#164,#399);
#399 = DEFINITIONAL_REPRESENTATION('',(#400),#404);
#400 = LINE('',#401,#402);
#401 = CARTESIAN_POINT('',(-0.532659657565,-0.23421032799));
#402 = VECTOR('',#403,1.);
#403 = DIRECTION('',(0.,-1.));
#404 = ( GEOMETRIC_REPRESENTATION_CONTEXT(2) 
PARAMETRIC_REPRESENTATION_CONTEXT() REPRESENTATION_CONTEXT('2D SPACE',''
  ) );
#405 = PCURVE('',#406,#411);
#406 = PLANE('',#407);
#407 = AXIS2_PLACEMENT_3D('',#408,#409,#410);
#408 = CARTESIAN_POINT('',(2.65,2.11,5.551115123126E-17));
#409 = DIRECTION('',(0.,0.,1.));
#410 = DIRECTION('',(1.,2.22044604925E-16,-0.));
#411 = DEFINITIONAL_REPRESENTATION('',(#412),#416);
#412 = LINE('',#413,#414);
#413 = CARTESIAN_POINT('',(0.,0.));
#414 = VECTOR('',#415,1.);
#415 = DIRECTION('',(1.,0.));
#416 = ( GEOMETRIC_REPRESENTATION_CONTEXT(2) 
PARAMETRIC_REPRESENTATION_CONTEXT() REPRESENTATION_CONTEXT('2D SPACE',''
  ) );
#417 = ORIENTED_EDGE('',*,*,#418,.T.);
#418 = EDGE_CURVE('',#391,#419,#421,.T.);
#419 = VERTEX_POINT('',#420);
#420 = CARTESIAN_POINT('',(3.,2.11,0.2));
#421 = SURFACE_CURVE('',#422,(#426,#433),.PCURVE_S1.);
#422 = LINE('',#423,#424);
#423 = CARTESIAN_POINT('',(3.,2.11,5.551115123126E-17));
#424 = VECTOR('',#425,1.);
#425 = DIRECTION('',(0.,0.,1.));
#426 = PCURVE('',#164,#427);
#427 = DEFINITIONAL_REPRESENTATION('',(#428),#432);
#428 = LINE('',#429,#430);
#429 = CARTESIAN_POINT('',(-0.532659657565,-0.58421032799));
#430 = VECTOR('',#431,1.);
#431 = DIRECTION('',(1.,0.));
#432 = ( GEOMETRIC_REPRESENTATION_CONTEXT(2) 
PARAMETRIC_REPRESENTATION_CONTEXT() REPRESENTATION_CONTEXT('2D SPACE',''
  ) );
#433 = PCURVE('',#434,#439);
#434 = PLANE('',#435);
#435 = AXIS2_PLACEMENT_3D('',#436,#437,#438);
#436 = CARTESIAN_POINT('',(3.,2.11,5.551115123126E-17));
#437 = DIRECTION('',(-1.,-2.22044604925E-16,0.));
#438 = DIRECTION('',(0.,0.,1.));
#439 = DEFINITIONAL_REPRESENTATION('',(#440),#444);
#440 = LINE('',#441,#442);
#441 = CARTESIAN_POINT('',(0.,0.));
#442 = VECTOR('',#443,1.);
#443 = DIRECTION('',(1.,0.));
#444 = ( GEOMETRIC_REPRESENTATION_CONTEXT(2) 
PARAMETRIC_REPRESENTATION_CONTEXT() REPRESENTATION_CONTEXT('2D SPACE',''
  ) );
#445 = ORIENTED_EDGE('',*,*,#446,.T.);
#446 = EDGE_CURVE('',#419,#447,#449,.T.);
#447 = VERTEX_POINT('',#448);
#448 = CARTESIAN_POINT('',(2.65,2.11,0.2));
#449 = SURFACE_CURVE('',#450,(#454,#461),.PCURVE_S1.);
#450 = LINE('',#451,#452);
#451 = CARTESIAN_POINT('',(3.,2.11,0.2));
#452 = VECTOR('',#453,1.);
#453 = DIRECTION('',(-1.,-2.22044604925E-16,0.));
#454 = PCURVE('',#164,#455);
#455 = DEFINITIONAL_REPRESENTATION('',(#456),#460);
#456 = LINE('',#457,#458);
#457 = CARTESIAN_POINT('',(-0.332659657565,-0.58421032799));
#458 = VECTOR('',#459,1.);
#459 = DIRECTION('',(0.,1.));
#460 = ( GEOMETRIC_REPRESENTATION_CONTEXT(2) 
PARAMETRIC_REPRESENTATION_CONTEXT() REPRESENTATION_CONTEXT('2D SPACE',''
  ) );
#461 = PCURVE('',#462,#467);
#462 = PLANE('',#463);
#463 = AXIS2_PLACEMENT_3D('',#464,#465,#466);
#464 = CARTESIAN_POINT('',(3.,2.11,0.2));
#465 = DIRECTION('',(0.,0.,-1.));
#466 = DIRECTION('',(-1.,-2.22044604925E-16,-0.));
#467 = DEFINITIONAL_REPRESENTATION('',(#468),#472);
#468 = LINE('',#469,#470);
#469 = CARTESIAN_POINT('',(-0.,0.));
#470 = VECTOR('',#471,1.);
#471 = DIRECTION('',(1.,0.));
#472 = ( GEOMETRIC_REPRESENTATION_CONTEXT(2) 
PARAMETRIC_REPRESENTATION_CONTEXT() REPRESENTATION_CONTEXT('2D SPACE',''
  ) );
#473 = ORIENTED_EDGE('',*,*,#474,.T.);
#474 = EDGE_CURVE('',#447,#475,#477,.T.);
#475 = VERTEX_POINT('',#476);
#476 = CARTESIAN_POINT('',(2.55,2.11,0.3));
#477 = SURFACE_CURVE('',#478,(#483,#494),.PCURVE_S1.);
#478 = CIRCLE('',#479,0.1);
#479 = AXIS2_PLACEMENT_3D('',#480,#481,#482);
#480 = CARTESIAN_POINT('',(2.65,2.11,0.3));
#481 = DIRECTION('',(-2.22044604925E-16,1.,0.));
#482 = DIRECTION('',(0.,0.,-1.));
#483 = PCURVE('',#164,#484);
#484 = DEFINITIONAL_REPRESENTATION('',(#485),#493);
#485 = ( BOUNDED_CURVE() B_SPLINE_CURVE(2,(#486,#487,#488,#489,#490,#491
,#492),.UNSPECIFIED.,.T.,.F.) B_SPLINE_CURVE_WITH_KNOTS((1,2,2,2,2,1),(
    -2.094395102393,0.,2.094395102393,4.188790204786,6.28318530718,
8.377580409573),.UNSPECIFIED.) CURVE() GEOMETRIC_REPRESENTATION_ITEM() 
RATIONAL_B_SPLINE_CURVE((1.,0.5,1.,0.5,1.,0.5,1.)) REPRESENTATION_ITEM(
  '') );
#486 = CARTESIAN_POINT('',(-0.332659657565,-0.23421032799));
#487 = CARTESIAN_POINT('',(-0.332659657565,-6.100524723311E-02));
#488 = CARTESIAN_POINT('',(-0.182659657565,-0.147607787612));
#489 = CARTESIAN_POINT('',(-3.2659657565E-02,-0.23421032799));
#490 = CARTESIAN_POINT('',(-0.182659657565,-0.320812868368));
#491 = CARTESIAN_POINT('',(-0.332659657565,-0.407415408747));
#492 = CARTESIAN_POINT('',(-0.332659657565,-0.23421032799));
#493 = ( GEOMETRIC_REPRESENTATION_CONTEXT(2) 
PARAMETRIC_REPRESENTATION_CONTEXT() REPRESENTATION_CONTEXT('2D SPACE',''
  ) );
#494 = PCURVE('',#495,#500);
#495 = CYLINDRICAL_SURFACE('',#496,0.1);
#496 = AXIS2_PLACEMENT_3D('',#497,#498,#499);
#497 = CARTESIAN_POINT('',(2.65,2.11,0.3));
#498 = DIRECTION('',(-2.22044604925E-16,1.,0.));
#499 = DIRECTION('',(0.,0.,-1.));
#500 = DEFINITIONAL_REPRESENTATION('',(#501),#505);
#501 = LINE('',#502,#503);
#502 = CARTESIAN_POINT('',(0.,0.));
#503 = VECTOR('',#504,1.);
#504 = DIRECTION('',(1.,0.));
#505 = ( GEOMETRIC_REPRESENTATION_CONTEXT(2) 
PARAMETRIC_REPRESENTATION_CONTEXT() REPRESENTATION_CONTEXT('2D SPACE',''
  ) );
#506 = ORIENTED_EDGE('',*,*,#507,.T.);
#507 = EDGE_CURVE('',#475,#508,#510,.T.);
#508 = VERTEX_POINT('',#509);
#509 = CARTESIAN_POINT('',(2.55,2.11,0.725));
#510 = SURFACE_CURVE('',#511,(#515,#522),.PCURVE_S1.);
#511 = LINE('',#512,#513);
#512 = CARTESIAN_POINT('',(2.55,2.11,0.3));
#513 = VECTOR('',#514,1.);
#514 = DIRECTION('',(0.,0.,1.));
#515 = PCURVE('',#164,#516);
#516 = DEFINITIONAL_REPRESENTATION('',(#517),#521);
#517 = LINE('',#518,#519);
#518 = CARTESIAN_POINT('',(-0.232659657565,-0.13421032799));
#519 = VECTOR('',#520,1.);
#520 = DIRECTION('',(1.,0.));
#521 = ( GEOMETRIC_REPRESENTATION_CONTEXT(2) 
PARAMETRIC_REPRESENTATION_CONTEXT() REPRESENTATION_CONTEXT('2D SPACE',''
  ) );
#522 = PCURVE('',#523,#528);
#523 = PLANE('',#524);
#524 = AXIS2_PLACEMENT_3D('',#525,#526,#527);
#525 = CARTESIAN_POINT('',(2.55,2.11,0.3));
#526 = DIRECTION('',(-1.,-2.22044604925E-16,0.));
#527 = DIRECTION('',(0.,0.,1.));
#528 = DEFINITIONAL_REPRESENTATION('',(#529),#533);
#529 = LINE('',#530,#531);
#530 = CARTESIAN_POINT('',(0.,0.));
#531 = VECTOR('',#532,1.);
#532 = DIRECTION('',(1.,0.));
#533 = ( GEOMETRIC_REPRESENTATION_CONTEXT(2) 
PARAMETRIC_REPRESENTATION_CONTEXT() REPRESENTATION_CONTEXT('2D SPACE',''
  ) );
#534 = ORIENTED_EDGE('',*,*,#535,.T.);
#535 = EDGE_CURVE('',#508,#536,#538,.T.);
#536 = VERTEX_POINT('',#537);
#537 = CARTESIAN_POINT('',(2.25,2.11,1.025));
#538 = SURFACE_CURVE('',#539,(#544,#551),.PCURVE_S1.);
#539 = CIRCLE('',#540,0.3);
#540 = AXIS2_PLACEMENT_3D('',#541,#542,#543);
#541 = CARTESIAN_POINT('',(2.25,2.11,0.725));
#542 = DIRECTION('',(2.22044604925E-16,-1.,0.));
#543 = DIRECTION('',(1.,2.22044604925E-16,3.700743415417E-16));
#544 = PCURVE('',#164,#545);
#545 = DEFINITIONAL_REPRESENTATION('',(#546),#550);
#546 = CIRCLE('',#547,0.3);
#547 = AXIS2_PLACEMENT_2D('',#548,#549);
#548 = CARTESIAN_POINT('',(0.192340342435,0.16578967201));
#549 = DIRECTION('',(3.700743415417E-16,-1.));
#550 = ( GEOMETRIC_REPRESENTATION_CONTEXT(2) 
PARAMETRIC_REPRESENTATION_CONTEXT() REPRESENTATION_CONTEXT('2D SPACE',''
  ) );
#551 = PCURVE('',#552,#557);
#552 = CYLINDRICAL_SURFACE('',#553,0.3);
#553 = AXIS2_PLACEMENT_3D('',#554,#555,#556);
#554 = CARTESIAN_POINT('',(2.25,2.11,0.725));
#555 = DIRECTION('',(-2.22044604925E-16,1.,-0.));
#556 = DIRECTION('',(1.,2.22044604925E-16,3.700743415417E-16));
#557 = DEFINITIONAL_REPRESENTATION('',(#558),#562);
#558 = LINE('',#559,#560);
#559 = CARTESIAN_POINT('',(6.28318530718,0.));
#560 = VECTOR('',#561,1.);
#561 = DIRECTION('',(-1.,0.));
#562 = ( GEOMETRIC_REPRESENTATION_CONTEXT(2) 
PARAMETRIC_REPRESENTATION_CONTEXT() REPRESENTATION_CONTEXT('2D SPACE',''
  ) );
#563 = ORIENTED_EDGE('',*,*,#564,.T.);
#564 = EDGE_CURVE('',#536,#336,#565,.T.);
#565 = SURFACE_CURVE('',#566,(#570,#577),.PCURVE_S1.);
#566 = LINE('',#567,#568);
#567 = CARTESIAN_POINT('',(2.25,2.11,1.025));
#568 = VECTOR('',#569,1.);
#569 = DIRECTION('',(-1.,-2.22044604925E-16,0.));
#570 = PCURVE('',#164,#571);
#571 = DEFINITIONAL_REPRESENTATION('',(#572),#576);
#572 = LINE('',#573,#574);
#573 = CARTESIAN_POINT('',(0.492340342435,0.16578967201));
#574 = VECTOR('',#575,1.);
#575 = DIRECTION('',(0.,1.));
#576 = ( GEOMETRIC_REPRESENTATION_CONTEXT(2) 
PARAMETRIC_REPRESENTATION_CONTEXT() REPRESENTATION_CONTEXT('2D SPACE',''
  ) );
#577 = PCURVE('',#578,#583);
#578 = PLANE('',#579);
#579 = AXIS2_PLACEMENT_3D('',#580,#581,#582);
#580 = CARTESIAN_POINT('',(2.25,2.11,1.025));
#581 = DIRECTION('',(0.,0.,-1.));
#582 = DIRECTION('',(-1.,-2.22044604925E-16,-0.));
#583 = DEFINITIONAL_REPRESENTATION('',(#584),#588);
#584 = LINE('',#585,#586);
#585 = CARTESIAN_POINT('',(-0.,0.));
#586 = VECTOR('',#587,1.);
#587 = DIRECTION('',(1.,0.));
#588 = ( GEOMETRIC_REPRESENTATION_CONTEXT(2) 
PARAMETRIC_REPRESENTATION_CONTEXT() REPRESENTATION_CONTEXT('2D SPACE',''
  ) );
#589 = ADVANCED_FACE('',(#590),#105,.T.);
#590 = FACE_BOUND('',#591,.T.);
#591 = EDGE_LOOP('',(#592,#620,#621,#622,#623,#647,#670,#693,#716,#744,
    #767,#791));
#592 = ORIENTED_EDGE('',*,*,#593,.F.);
#593 = EDGE_CURVE('',#207,#594,#596,.T.);
#594 = VERTEX_POINT('',#595);
#595 = CARTESIAN_POINT('',(1.95,1.7,1.025));
#596 = SURFACE_CURVE('',#597,(#601,#608),.PCURVE_S1.);
#597 = LINE('',#598,#599);
#598 = CARTESIAN_POINT('',(1.95,1.7,0.778829828783));
#599 = VECTOR('',#600,1.);
#600 = DIRECTION('',(0.,0.,1.));
#601 = PCURVE('',#105,#602);
#602 = DEFINITIONAL_REPRESENTATION('',(#603),#607);
#603 = LINE('',#604,#605);
#604 = CARTESIAN_POINT('',(0.246170171218,0.46578967201));
#605 = VECTOR('',#606,1.);
#606 = DIRECTION('',(1.,0.));
#607 = ( GEOMETRIC_REPRESENTATION_CONTEXT(2) 
PARAMETRIC_REPRESENTATION_CONTEXT() REPRESENTATION_CONTEXT('2D SPACE',''
  ) );
#608 = PCURVE('',#609,#614);
#609 = PLANE('',#610);
#610 = AXIS2_PLACEMENT_3D('',#611,#612,#613);
#611 = CARTESIAN_POINT('',(1.95,2.275,1.025));
#612 = DIRECTION('',(-1.,-2.22044604925E-16,0.));
#613 = DIRECTION('',(2.22044604925E-16,-1.,0.));
#614 = DEFINITIONAL_REPRESENTATION('',(#615),#619);
#615 = LINE('',#616,#617);
#616 = CARTESIAN_POINT('',(0.575,-0.246170171217));
#617 = VECTOR('',#618,1.);
#618 = DIRECTION('',(0.,1.));
#619 = ( GEOMETRIC_REPRESENTATION_CONTEXT(2) 
PARAMETRIC_REPRESENTATION_CONTEXT() REPRESENTATION_CONTEXT('2D SPACE',''
  ) );
#620 = ORIENTED_EDGE('',*,*,#234,.T.);
#621 = ORIENTED_EDGE('',*,*,#88,.T.);
#622 = ORIENTED_EDGE('',*,*,#260,.T.);
#623 = ORIENTED_EDGE('',*,*,#624,.T.);
#624 = EDGE_CURVE('',#261,#625,#627,.T.);
#625 = VERTEX_POINT('',#626);
#626 = CARTESIAN_POINT('',(2.65,1.7,5.551115123126E-17));
#627 = SURFACE_CURVE('',#628,(#633,#640),.PCURVE_S1.);
#628 = CIRCLE('',#629,0.3);
#629 = AXIS2_PLACEMENT_3D('',#630,#631,#632);
#630 = CARTESIAN_POINT('',(2.65,1.7,0.3));
#631 = DIRECTION('',(2.22044604925E-16,-1.,0.));
#632 = DIRECTION('',(-1.,-2.22044604925E-16,3.515706244646E-15));
#633 = PCURVE('',#105,#634);
#634 = DEFINITIONAL_REPRESENTATION('',(#635),#639);
#635 = CIRCLE('',#636,0.3);
#636 = AXIS2_PLACEMENT_2D('',#637,#638);
#637 = CARTESIAN_POINT('',(-0.232659657565,-0.23421032799));
#638 = DIRECTION('',(3.515706244646E-15,1.));
#639 = ( GEOMETRIC_REPRESENTATION_CONTEXT(2) 
PARAMETRIC_REPRESENTATION_CONTEXT() REPRESENTATION_CONTEXT('2D SPACE',''
  ) );
#640 = PCURVE('',#299,#641);
#641 = DEFINITIONAL_REPRESENTATION('',(#642),#646);
#642 = LINE('',#643,#644);
#643 = CARTESIAN_POINT('',(6.28318530718,-0.41));
#644 = VECTOR('',#645,1.);
#645 = DIRECTION('',(-1.,-1.413579858428E-16));
#646 = ( GEOMETRIC_REPRESENTATION_CONTEXT(2) 
PARAMETRIC_REPRESENTATION_CONTEXT() REPRESENTATION_CONTEXT('2D SPACE',''
  ) );
#647 = ORIENTED_EDGE('',*,*,#648,.T.);
#648 = EDGE_CURVE('',#625,#649,#651,.T.);
#649 = VERTEX_POINT('',#650);
#650 = CARTESIAN_POINT('',(3.,1.7,5.551115123126E-17));
#651 = SURFACE_CURVE('',#652,(#656,#663),.PCURVE_S1.);
#652 = LINE('',#653,#654);
#653 = CARTESIAN_POINT('',(2.65,1.7,5.551115123126E-17));
#654 = VECTOR('',#655,1.);
#655 = DIRECTION('',(1.,2.22044604925E-16,0.));
#656 = PCURVE('',#105,#657);
#657 = DEFINITIONAL_REPRESENTATION('',(#658),#662);
#658 = LINE('',#659,#660);
#659 = CARTESIAN_POINT('',(-0.532659657565,-0.23421032799));
#660 = VECTOR('',#661,1.);
#661 = DIRECTION('',(0.,-1.));
#662 = ( GEOMETRIC_REPRESENTATION_CONTEXT(2) 
PARAMETRIC_REPRESENTATION_CONTEXT() REPRESENTATION_CONTEXT('2D SPACE',''
  ) );
#663 = PCURVE('',#406,#664);
#664 = DEFINITIONAL_REPRESENTATION('',(#665),#669);
#665 = LINE('',#666,#667);
#666 = CARTESIAN_POINT('',(-9.103828801925E-17,-0.41));
#667 = VECTOR('',#668,1.);
#668 = DIRECTION('',(1.,0.));
#669 = ( GEOMETRIC_REPRESENTATION_CONTEXT(2) 
PARAMETRIC_REPRESENTATION_CONTEXT() REPRESENTATION_CONTEXT('2D SPACE',''
  ) );
#670 = ORIENTED_EDGE('',*,*,#671,.T.);
#671 = EDGE_CURVE('',#649,#672,#674,.T.);
#672 = VERTEX_POINT('',#673);
#673 = CARTESIAN_POINT('',(3.,1.7,0.2));
#674 = SURFACE_CURVE('',#675,(#679,#686),.PCURVE_S1.);
#675 = LINE('',#676,#677);
#676 = CARTESIAN_POINT('',(3.,1.7,5.551115123126E-17));
#677 = VECTOR('',#678,1.);
#678 = DIRECTION('',(0.,0.,1.));
#679 = PCURVE('',#105,#680);
#680 = DEFINITIONAL_REPRESENTATION('',(#681),#685);
#681 = LINE('',#682,#683);
#682 = CARTESIAN_POINT('',(-0.532659657565,-0.58421032799));
#683 = VECTOR('',#684,1.);
#684 = DIRECTION('',(1.,0.));
#685 = ( GEOMETRIC_REPRESENTATION_CONTEXT(2) 
PARAMETRIC_REPRESENTATION_CONTEXT() REPRESENTATION_CONTEXT('2D SPACE',''
  ) );
#686 = PCURVE('',#434,#687);
#687 = DEFINITIONAL_REPRESENTATION('',(#688),#692);
#688 = LINE('',#689,#690);
#689 = CARTESIAN_POINT('',(0.,-0.41));
#690 = VECTOR('',#691,1.);
#691 = DIRECTION('',(1.,0.));
#692 = ( GEOMETRIC_REPRESENTATION_CONTEXT(2) 
PARAMETRIC_REPRESENTATION_CONTEXT() REPRESENTATION_CONTEXT('2D SPACE',''
  ) );
#693 = ORIENTED_EDGE('',*,*,#694,.T.);
#694 = EDGE_CURVE('',#672,#695,#697,.T.);
#695 = VERTEX_POINT('',#696);
#696 = CARTESIAN_POINT('',(2.65,1.7,0.2));
#697 = SURFACE_CURVE('',#698,(#702,#709),.PCURVE_S1.);
#698 = LINE('',#699,#700);
#699 = CARTESIAN_POINT('',(3.,1.7,0.2));
#700 = VECTOR('',#701,1.);
#701 = DIRECTION('',(-1.,-2.22044604925E-16,0.));
#702 = PCURVE('',#105,#703);
#703 = DEFINITIONAL_REPRESENTATION('',(#704),#708);
#704 = LINE('',#705,#706);
#705 = CARTESIAN_POINT('',(-0.332659657565,-0.58421032799));
#706 = VECTOR('',#707,1.);
#707 = DIRECTION('',(0.,1.));
#708 = ( GEOMETRIC_REPRESENTATION_CONTEXT(2) 
PARAMETRIC_REPRESENTATION_CONTEXT() REPRESENTATION_CONTEXT('2D SPACE',''
  ) );
#709 = PCURVE('',#462,#710);
#710 = DEFINITIONAL_REPRESENTATION('',(#711),#715);
#711 = LINE('',#712,#713);
#712 = CARTESIAN_POINT('',(9.103828801925E-17,-0.41));
#713 = VECTOR('',#714,1.);
#714 = DIRECTION('',(1.,0.));
#715 = ( GEOMETRIC_REPRESENTATION_CONTEXT(2) 
PARAMETRIC_REPRESENTATION_CONTEXT() REPRESENTATION_CONTEXT('2D SPACE',''
  ) );
#716 = ORIENTED_EDGE('',*,*,#717,.T.);
#717 = EDGE_CURVE('',#695,#718,#720,.T.);
#718 = VERTEX_POINT('',#719);
#719 = CARTESIAN_POINT('',(2.55,1.7,0.3));
#720 = SURFACE_CURVE('',#721,(#726,#737),.PCURVE_S1.);
#721 = CIRCLE('',#722,0.1);
#722 = AXIS2_PLACEMENT_3D('',#723,#724,#725);
#723 = CARTESIAN_POINT('',(2.65,1.7,0.3));
#724 = DIRECTION('',(-2.22044604925E-16,1.,0.));
#725 = DIRECTION('',(0.,0.,-1.));
#726 = PCURVE('',#105,#727);
#727 = DEFINITIONAL_REPRESENTATION('',(#728),#736);
#728 = ( BOUNDED_CURVE() B_SPLINE_CURVE(2,(#729,#730,#731,#732,#733,#734
,#735),.UNSPECIFIED.,.T.,.F.) B_SPLINE_CURVE_WITH_KNOTS((1,2,2,2,2,1),(
    -2.094395102393,0.,2.094395102393,4.188790204786,6.28318530718,
8.377580409573),.UNSPECIFIED.) CURVE() GEOMETRIC_REPRESENTATION_ITEM() 
RATIONAL_B_SPLINE_CURVE((1.,0.5,1.,0.5,1.,0.5,1.)) REPRESENTATION_ITEM(
  '') );
#729 = CARTESIAN_POINT('',(-0.332659657565,-0.23421032799));
#730 = CARTESIAN_POINT('',(-0.332659657565,-6.100524723311E-02));
#731 = CARTESIAN_POINT('',(-0.182659657565,-0.147607787612));
#732 = CARTESIAN_POINT('',(-3.2659657565E-02,-0.23421032799));
#733 = CARTESIAN_POINT('',(-0.182659657565,-0.320812868368));
#734 = CARTESIAN_POINT('',(-0.332659657565,-0.407415408747));
#735 = CARTESIAN_POINT('',(-0.332659657565,-0.23421032799));
#736 = ( GEOMETRIC_REPRESENTATION_CONTEXT(2) 
PARAMETRIC_REPRESENTATION_CONTEXT() REPRESENTATION_CONTEXT('2D SPACE',''
  ) );
#737 = PCURVE('',#495,#738);
#738 = DEFINITIONAL_REPRESENTATION('',(#739),#743);
#739 = LINE('',#740,#741);
#740 = CARTESIAN_POINT('',(0.,-0.41));
#741 = VECTOR('',#742,1.);
#742 = DIRECTION('',(1.,0.));
#743 = ( GEOMETRIC_REPRESENTATION_CONTEXT(2) 
PARAMETRIC_REPRESENTATION_CONTEXT() REPRESENTATION_CONTEXT('2D SPACE',''
  ) );
#744 = ORIENTED_EDGE('',*,*,#745,.T.);
#745 = EDGE_CURVE('',#718,#746,#748,.T.);
#746 = VERTEX_POINT('',#747);
#747 = CARTESIAN_POINT('',(2.55,1.7,0.725));
#748 = SURFACE_CURVE('',#749,(#753,#760),.PCURVE_S1.);
#749 = LINE('',#750,#751);
#750 = CARTESIAN_POINT('',(2.55,1.7,0.3));
#751 = VECTOR('',#752,1.);
#752 = DIRECTION('',(0.,0.,1.));
#753 = PCURVE('',#105,#754);
#754 = DEFINITIONAL_REPRESENTATION('',(#755),#759);
#755 = LINE('',#756,#757);
#756 = CARTESIAN_POINT('',(-0.232659657565,-0.13421032799));
#757 = VECTOR('',#758,1.);
#758 = DIRECTION('',(1.,0.));
#759 = ( GEOMETRIC_REPRESENTATION_CONTEXT(2) 
PARAMETRIC_REPRESENTATION_CONTEXT() REPRESENTATION_CONTEXT('2D SPACE',''
  ) );
#760 = PCURVE('',#523,#761);
#761 = DEFINITIONAL_REPRESENTATION('',(#762),#766);
#762 = LINE('',#763,#764);
#763 = CARTESIAN_POINT('',(0.,-0.41));
#764 = VECTOR('',#765,1.);
#765 = DIRECTION('',(1.,0.));
#766 = ( GEOMETRIC_REPRESENTATION_CONTEXT(2) 
PARAMETRIC_REPRESENTATION_CONTEXT() REPRESENTATION_CONTEXT('2D SPACE',''
  ) );
#767 = ORIENTED_EDGE('',*,*,#768,.T.);
#768 = EDGE_CURVE('',#746,#769,#771,.T.);
#769 = VERTEX_POINT('',#770);
#770 = CARTESIAN_POINT('',(2.25,1.7,1.025));
#771 = SURFACE_CURVE('',#772,(#777,#784),.PCURVE_S1.);
#772 = CIRCLE('',#773,0.3);
#773 = AXIS2_PLACEMENT_3D('',#774,#775,#776);
#774 = CARTESIAN_POINT('',(2.25,1.7,0.725));
#775 = DIRECTION('',(2.22044604925E-16,-1.,0.));
#776 = DIRECTION('',(1.,2.22044604925E-16,3.700743415417E-16));
#777 = PCURVE('',#105,#778);
#778 = DEFINITIONAL_REPRESENTATION('',(#779),#783);
#779 = CIRCLE('',#780,0.3);
#780 = AXIS2_PLACEMENT_2D('',#781,#782);
#781 = CARTESIAN_POINT('',(0.192340342435,0.16578967201));
#782 = DIRECTION('',(3.700743415417E-16,-1.));
#783 = ( GEOMETRIC_REPRESENTATION_CONTEXT(2) 
PARAMETRIC_REPRESENTATION_CONTEXT() REPRESENTATION_CONTEXT('2D SPACE',''
  ) );
#784 = PCURVE('',#552,#785);
#785 = DEFINITIONAL_REPRESENTATION('',(#786),#790);
#786 = LINE('',#787,#788);
#787 = CARTESIAN_POINT('',(6.28318530718,-0.41));
#788 = VECTOR('',#789,1.);
#789 = DIRECTION('',(-1.,1.413579858428E-16));
#790 = ( GEOMETRIC_REPRESENTATION_CONTEXT(2) 
PARAMETRIC_REPRESENTATION_CONTEXT() REPRESENTATION_CONTEXT('2D SPACE',''
  ) );
#791 = ORIENTED_EDGE('',*,*,#792,.T.);
#792 = EDGE_CURVE('',#769,#594,#793,.T.);
#793 = SURFACE_CURVE('',#794,(#798,#805),.PCURVE_S1.);
#794 = LINE('',#795,#796);
#795 = CARTESIAN_POINT('',(2.25,1.7,1.025));
#796 = VECTOR('',#797,1.);
#797 = DIRECTION('',(-1.,-2.22044604925E-16,0.));
#798 = PCURVE('',#105,#799);
#799 = DEFINITIONAL_REPRESENTATION('',(#800),#804);
#800 = LINE('',#801,#802);
#801 = CARTESIAN_POINT('',(0.492340342435,0.16578967201));
#802 = VECTOR('',#803,1.);
#803 = DIRECTION('',(0.,1.));
#804 = ( GEOMETRIC_REPRESENTATION_CONTEXT(2) 
PARAMETRIC_REPRESENTATION_CONTEXT() REPRESENTATION_CONTEXT('2D SPACE',''
  ) );
#805 = PCURVE('',#578,#806);
#806 = DEFINITIONAL_REPRESENTATION('',(#807),#811);
#807 = LINE('',#808,#809);
#808 = CARTESIAN_POINT('',(9.103828801925E-17,-0.41));
#809 = VECTOR('',#810,1.);
#810 = DIRECTION('',(1.,0.));
#811 = ( GEOMETRIC_REPRESENTATION_CONTEXT(2) 
PARAMETRIC_REPRESENTATION_CONTEXT() REPRESENTATION_CONTEXT('2D SPACE',''
  ) );
#812 = ADVANCED_FACE('',(#813),#222,.F.);
#813 = FACE_BOUND('',#814,.F.);
#814 = EDGE_LOOP('',(#815,#844,#871,#899,#927,#955,#983,#1011,#1039,
    #1060,#1061,#1084));
#815 = ORIENTED_EDGE('',*,*,#816,.T.);
#816 = EDGE_CURVE('',#817,#819,#821,.T.);
#817 = VERTEX_POINT('',#818);
#818 = CARTESIAN_POINT('',(1.835171280765,2.217585640382,0.1));
#819 = VERTEX_POINT('',#820);
#820 = CARTESIAN_POINT('',(1.835171280765,-2.217585640382,0.1));
#821 = SURFACE_CURVE('',#822,(#826,#832),.PCURVE_S1.);
#822 = LINE('',#823,#824);
#823 = CARTESIAN_POINT('',(1.835171280765,2.217585640382,0.1));
#824 = VECTOR('',#825,1.);
#825 = DIRECTION('',(2.22044604925E-16,-1.,0.));
#826 = PCURVE('',#222,#827);
#827 = DEFINITIONAL_REPRESENTATION('',(#828),#831);
#828 = B_SPLINE_CURVE_WITH_KNOTS('',1,(#829,#830),.UNSPECIFIED.,.F.,.F.,
  (2,2),(0.,4.435171280764),.PIECEWISE_BEZIER_KNOTS.);
#829 = CARTESIAN_POINT('',(-4.94827695417E-16,-2.662846262169E-17));
#830 = CARTESIAN_POINT('',(4.55,1.773999406632E-16));
#831 = ( GEOMETRIC_REPRESENTATION_CONTEXT(2) 
PARAMETRIC_REPRESENTATION_CONTEXT() REPRESENTATION_CONTEXT('2D SPACE',''
  ) );
#832 = PCURVE('',#833,#838);
#833 = PLANE('',#834);
#834 = AXIS2_PLACEMENT_3D('',#835,#836,#837);
#835 = CARTESIAN_POINT('',(-1.717585640382,2.335171280765,0.1));
#836 = DIRECTION('',(0.,0.,1.));
#837 = DIRECTION('',(0.592513131498,-0.805560791625,0.));
#838 = DEFINITIONAL_REPRESENTATION('',(#839),#843);
#839 = LINE('',#840,#841);
#840 = CARTESIAN_POINT('',(2.199777510349,2.792290641846));
#841 = VECTOR('',#842,1.);
#842 = DIRECTION('',(0.805560791625,-0.592513131498));
#843 = ( GEOMETRIC_REPRESENTATION_CONTEXT(2) 
PARAMETRIC_REPRESENTATION_CONTEXT() REPRESENTATION_CONTEXT('2D SPACE',''
  ) );
#844 = ORIENTED_EDGE('',*,*,#845,.T.);
#845 = EDGE_CURVE('',#819,#846,#848,.T.);
#846 = VERTEX_POINT('',#847);
#847 = CARTESIAN_POINT('',(1.95,-2.275,0.825));
#848 = SURFACE_CURVE('',#849,(#852,#859),.PCURVE_S1.);
#849 = B_SPLINE_CURVE_WITH_KNOTS('',1,(#850,#851),.UNSPECIFIED.,.F.,.F.,
  (2,2),(0.,1.),.PIECEWISE_BEZIER_KNOTS.);
#850 = CARTESIAN_POINT('',(1.835171280765,-2.217585640382,0.1));
#851 = CARTESIAN_POINT('',(1.95,-2.275,0.825));
#852 = PCURVE('',#222,#853);
#853 = DEFINITIONAL_REPRESENTATION('',(#854),#858);
#854 = LINE('',#855,#856);
#855 = CARTESIAN_POINT('',(4.55,-5.572304233278E-17));
#856 = VECTOR('',#857,1.);
#857 = DIRECTION('',(8.881784197001E-16,1.));
#858 = ( GEOMETRIC_REPRESENTATION_CONTEXT(2) 
PARAMETRIC_REPRESENTATION_CONTEXT() REPRESENTATION_CONTEXT('2D SPACE',''
  ) );
#859 = PCURVE('',#860,#865);
#860 = B_SPLINE_SURFACE_WITH_KNOTS('',1,1,(
    (#861,#862)
    ,(#863,#864
    )),.UNSPECIFIED.,.F.,.F.,.F.,(2,2),(2,2),(0.,0.247487373415),(0.,1.)
  ,.PIECEWISE_BEZIER_KNOTS.);
#861 = CARTESIAN_POINT('',(1.835171280765,-2.217585640382,0.1));
#862 = CARTESIAN_POINT('',(1.95,-2.275,0.825));
#863 = CARTESIAN_POINT('',(1.717585640382,-2.335171280765,0.1));
#864 = CARTESIAN_POINT('',(1.775,-2.45,0.825));
#865 = DEFINITIONAL_REPRESENTATION('',(#866),#870);
#866 = LINE('',#867,#868);
#867 = CARTESIAN_POINT('',(2.992756715082E-16,-4.171445780772E-17));
#868 = VECTOR('',#869,1.);
#869 = DIRECTION('',(-4.054720267371E-16,1.));
#870 = ( GEOMETRIC_REPRESENTATION_CONTEXT(2) 
PARAMETRIC_REPRESENTATION_CONTEXT() REPRESENTATION_CONTEXT('2D SPACE',''
  ) );
#871 = ORIENTED_EDGE('',*,*,#872,.F.);
#872 = EDGE_CURVE('',#873,#846,#875,.T.);
#873 = VERTEX_POINT('',#874);
#874 = CARTESIAN_POINT('',(1.95,-2.11,0.825));
#875 = SURFACE_CURVE('',#876,(#880,#887),.PCURVE_S1.);
#876 = LINE('',#877,#878);
#877 = CARTESIAN_POINT('',(1.95,2.275,0.825));
#878 = VECTOR('',#879,1.);
#879 = DIRECTION('',(2.22044604925E-16,-1.,0.));
#880 = PCURVE('',#222,#881);
#881 = DEFINITIONAL_REPRESENTATION('',(#882),#886);
#882 = LINE('',#883,#884);
#883 = CARTESIAN_POINT('',(8.881784197001E-16,1.));
#884 = VECTOR('',#885,1.);
#885 = DIRECTION('',(1.,0.));
#886 = ( GEOMETRIC_REPRESENTATION_CONTEXT(2) 
PARAMETRIC_REPRESENTATION_CONTEXT() REPRESENTATION_CONTEXT('2D SPACE',''
  ) );
#887 = PCURVE('',#888,#893);
#888 = PLANE('',#889);
#889 = AXIS2_PLACEMENT_3D('',#890,#891,#892);
#890 = CARTESIAN_POINT('',(1.95,2.275,1.025));
#891 = DIRECTION('',(-1.,-2.22044604925E-16,0.));
#892 = DIRECTION('',(2.22044604925E-16,-1.,0.));
#893 = DEFINITIONAL_REPRESENTATION('',(#894),#898);
#894 = LINE('',#895,#896);
#895 = CARTESIAN_POINT('',(0.,-0.2));
#896 = VECTOR('',#897,1.);
#897 = DIRECTION('',(1.,0.));
#898 = ( GEOMETRIC_REPRESENTATION_CONTEXT(2) 
PARAMETRIC_REPRESENTATION_CONTEXT() REPRESENTATION_CONTEXT('2D SPACE',''
  ) );
#899 = ORIENTED_EDGE('',*,*,#900,.F.);
#900 = EDGE_CURVE('',#901,#873,#903,.T.);
#901 = VERTEX_POINT('',#902);
#902 = CARTESIAN_POINT('',(1.95,-1.7,0.825));
#903 = SURFACE_CURVE('',#904,(#908,#915),.PCURVE_S1.);
#904 = LINE('',#905,#906);
#905 = CARTESIAN_POINT('',(1.95,2.275,0.825));
#906 = VECTOR('',#907,1.);
#907 = DIRECTION('',(2.22044604925E-16,-1.,0.));
#908 = PCURVE('',#222,#909);
#909 = DEFINITIONAL_REPRESENTATION('',(#910),#914);
#910 = LINE('',#911,#912);
#911 = CARTESIAN_POINT('',(4.440892098501E-16,1.));
#912 = VECTOR('',#913,1.);
#913 = DIRECTION('',(1.,0.));
#914 = ( GEOMETRIC_REPRESENTATION_CONTEXT(2) 
PARAMETRIC_REPRESENTATION_CONTEXT() REPRESENTATION_CONTEXT('2D SPACE',''
  ) );
#915 = PCURVE('',#916,#921);
#916 = PLANE('',#917);
#917 = AXIS2_PLACEMENT_3D('',#918,#919,#920);
#918 = CARTESIAN_POINT('',(1.8,-1.7,0.825));
#919 = DIRECTION('',(0.,0.,1.));
#920 = DIRECTION('',(1.,2.22044604925E-16,-0.));
#921 = DEFINITIONAL_REPRESENTATION('',(#922),#926);
#922 = LINE('',#923,#924);
#923 = CARTESIAN_POINT('',(0.15,3.975));
#924 = VECTOR('',#925,1.);
#925 = DIRECTION('',(0.,-1.));
#926 = ( GEOMETRIC_REPRESENTATION_CONTEXT(2) 
PARAMETRIC_REPRESENTATION_CONTEXT() REPRESENTATION_CONTEXT('2D SPACE',''
  ) );
#927 = ORIENTED_EDGE('',*,*,#928,.F.);
#928 = EDGE_CURVE('',#929,#901,#931,.T.);
#929 = VERTEX_POINT('',#930);
#930 = CARTESIAN_POINT('',(1.95,-0.84,0.825));
#931 = SURFACE_CURVE('',#932,(#936,#943),.PCURVE_S1.);
#932 = LINE('',#933,#934);
#933 = CARTESIAN_POINT('',(1.95,2.275,0.825));
#934 = VECTOR('',#935,1.);
#935 = DIRECTION('',(2.22044604925E-16,-1.,0.));
#936 = PCURVE('',#222,#937);
#937 = DEFINITIONAL_REPRESENTATION('',(#938),#942);
#938 = LINE('',#939,#940);
#939 = CARTESIAN_POINT('',(4.440892098501E-16,1.));
#940 = VECTOR('',#941,1.);
#941 = DIRECTION('',(1.,0.));
#942 = ( GEOMETRIC_REPRESENTATION_CONTEXT(2) 
PARAMETRIC_REPRESENTATION_CONTEXT() REPRESENTATION_CONTEXT('2D SPACE',''
  ) );
#943 = PCURVE('',#944,#949);
#944 = PLANE('',#945);
#945 = AXIS2_PLACEMENT_3D('',#946,#947,#948);
#946 = CARTESIAN_POINT('',(1.95,2.275,1.025));
#947 = DIRECTION('',(-1.,-2.22044604925E-16,0.));
#948 = DIRECTION('',(2.22044604925E-16,-1.,0.));
#949 = DEFINITIONAL_REPRESENTATION('',(#950),#954);
#950 = LINE('',#951,#952);
#951 = CARTESIAN_POINT('',(0.,-0.2));
#952 = VECTOR('',#953,1.);
#953 = DIRECTION('',(1.,0.));
#954 = ( GEOMETRIC_REPRESENTATION_CONTEXT(2) 
PARAMETRIC_REPRESENTATION_CONTEXT() REPRESENTATION_CONTEXT('2D SPACE',''
  ) );
#955 = ORIENTED_EDGE('',*,*,#956,.F.);
#956 = EDGE_CURVE('',#957,#929,#959,.T.);
#957 = VERTEX_POINT('',#958);
#958 = CARTESIAN_POINT('',(1.95,-0.43,0.825));
#959 = SURFACE_CURVE('',#960,(#964,#971),.PCURVE_S1.);
#960 = LINE('',#961,#962);
#961 = CARTESIAN_POINT('',(1.95,2.275,0.825));
#962 = VECTOR('',#963,1.);
#963 = DIRECTION('',(2.22044604925E-16,-1.,0.));
#964 = PCURVE('',#222,#965);
#965 = DEFINITIONAL_REPRESENTATION('',(#966),#970);
#966 = LINE('',#967,#968);
#967 = CARTESIAN_POINT('',(4.440892098501E-16,1.));
#968 = VECTOR('',#969,1.);
#969 = DIRECTION('',(1.,0.));
#970 = ( GEOMETRIC_REPRESENTATION_CONTEXT(2) 
PARAMETRIC_REPRESENTATION_CONTEXT() REPRESENTATION_CONTEXT('2D SPACE',''
  ) );
#971 = PCURVE('',#972,#977);
#972 = PLANE('',#973);
#973 = AXIS2_PLACEMENT_3D('',#974,#975,#976);
#974 = CARTESIAN_POINT('',(1.8,-0.43,0.825));
#975 = DIRECTION('',(0.,0.,1.));
#976 = DIRECTION('',(1.,2.22044604925E-16,-0.));
#977 = DEFINITIONAL_REPRESENTATION('',(#978),#982);
#978 = LINE('',#979,#980);
#979 = CARTESIAN_POINT('',(0.15,2.705));
#980 = VECTOR('',#981,1.);
#981 = DIRECTION('',(0.,-1.));
#982 = ( GEOMETRIC_REPRESENTATION_CONTEXT(2) 
PARAMETRIC_REPRESENTATION_CONTEXT() REPRESENTATION_CONTEXT('2D SPACE',''
  ) );
#983 = ORIENTED_EDGE('',*,*,#984,.F.);
#984 = EDGE_CURVE('',#985,#957,#987,.T.);
#985 = VERTEX_POINT('',#986);
#986 = CARTESIAN_POINT('',(1.95,0.43,0.825));
#987 = SURFACE_CURVE('',#988,(#992,#999),.PCURVE_S1.);
#988 = LINE('',#989,#990);
#989 = CARTESIAN_POINT('',(1.95,2.275,0.825));
#990 = VECTOR('',#991,1.);
#991 = DIRECTION('',(2.22044604925E-16,-1.,0.));
#992 = PCURVE('',#222,#993);
#993 = DEFINITIONAL_REPRESENTATION('',(#994),#998);
#994 = LINE('',#995,#996);
#995 = CARTESIAN_POINT('',(2.22044604925E-16,1.));
#996 = VECTOR('',#997,1.);
#997 = DIRECTION('',(1.,2.581914010756E-16));
#998 = ( GEOMETRIC_REPRESENTATION_CONTEXT(2) 
PARAMETRIC_REPRESENTATION_CONTEXT() REPRESENTATION_CONTEXT('2D SPACE',''
  ) );
#999 = PCURVE('',#1000,#1005);
#1000 = PLANE('',#1001);
#1001 = AXIS2_PLACEMENT_3D('',#1002,#1003,#1004);
#1002 = CARTESIAN_POINT('',(1.95,2.275,1.025));
#1003 = DIRECTION('',(-1.,-2.22044604925E-16,0.));
#1004 = DIRECTION('',(2.22044604925E-16,-1.,0.));
#1005 = DEFINITIONAL_REPRESENTATION('',(#1006),#1010);
#1006 = LINE('',#1007,#1008);
#1007 = CARTESIAN_POINT('',(0.,-0.2));
#1008 = VECTOR('',#1009,1.);
#1009 = DIRECTION('',(1.,0.));
#1010 = ( GEOMETRIC_REPRESENTATION_CONTEXT(2) 
PARAMETRIC_REPRESENTATION_CONTEXT() REPRESENTATION_CONTEXT('2D SPACE',''
  ) );
#1011 = ORIENTED_EDGE('',*,*,#1012,.F.);
#1012 = EDGE_CURVE('',#1013,#985,#1015,.T.);
#1013 = VERTEX_POINT('',#1014);
#1014 = CARTESIAN_POINT('',(1.95,0.84,0.825));
#1015 = SURFACE_CURVE('',#1016,(#1020,#1027),.PCURVE_S1.);
#1016 = LINE('',#1017,#1018);
#1017 = CARTESIAN_POINT('',(1.95,2.275,0.825));
#1018 = VECTOR('',#1019,1.);
#1019 = DIRECTION('',(2.22044604925E-16,-1.,0.));
#1020 = PCURVE('',#222,#1021);
#1021 = DEFINITIONAL_REPRESENTATION('',(#1022),#1026);
#1022 = LINE('',#1023,#1024);
#1023 = CARTESIAN_POINT('',(2.22044604925E-16,1.));
#1024 = VECTOR('',#1025,1.);
#1025 = DIRECTION('',(1.,0.));
#1026 = ( GEOMETRIC_REPRESENTATION_CONTEXT(2) 
PARAMETRIC_REPRESENTATION_CONTEXT() REPRESENTATION_CONTEXT('2D SPACE',''
  ) );
#1027 = PCURVE('',#1028,#1033);
#1028 = PLANE('',#1029);
#1029 = AXIS2_PLACEMENT_3D('',#1030,#1031,#1032);
#1030 = CARTESIAN_POINT('',(1.8,0.84,0.825));
#1031 = DIRECTION('',(0.,0.,1.));
#1032 = DIRECTION('',(1.,2.22044604925E-16,-0.));
#1033 = DEFINITIONAL_REPRESENTATION('',(#1034),#1038);
#1034 = LINE('',#1035,#1036);
#1035 = CARTESIAN_POINT('',(0.15,1.435));
#1036 = VECTOR('',#1037,1.);
#1037 = DIRECTION('',(0.,-1.));
#1038 = ( GEOMETRIC_REPRESENTATION_CONTEXT(2) 
PARAMETRIC_REPRESENTATION_CONTEXT() REPRESENTATION_CONTEXT('2D SPACE',''
  ) );
#1039 = ORIENTED_EDGE('',*,*,#1040,.F.);
#1040 = EDGE_CURVE('',#207,#1013,#1041,.T.);
#1041 = SURFACE_CURVE('',#1042,(#1046,#1053),.PCURVE_S1.);
#1042 = LINE('',#1043,#1044);
#1043 = CARTESIAN_POINT('',(1.95,2.275,0.825));
#1044 = VECTOR('',#1045,1.);
#1045 = DIRECTION('',(2.22044604925E-16,-1.,0.));
#1046 = PCURVE('',#222,#1047);
#1047 = DEFINITIONAL_REPRESENTATION('',(#1048),#1052);
#1048 = LINE('',#1049,#1050);
#1049 = CARTESIAN_POINT('',(0.,1.));
#1050 = VECTOR('',#1051,1.);
#1051 = DIRECTION('',(1.,0.));
#1052 = ( GEOMETRIC_REPRESENTATION_CONTEXT(2) 
PARAMETRIC_REPRESENTATION_CONTEXT() REPRESENTATION_CONTEXT('2D SPACE',''
  ) );
#1053 = PCURVE('',#609,#1054);
#1054 = DEFINITIONAL_REPRESENTATION('',(#1055),#1059);
#1055 = LINE('',#1056,#1057);
#1056 = CARTESIAN_POINT('',(0.,-0.2));
#1057 = VECTOR('',#1058,1.);
#1058 = DIRECTION('',(1.,0.));
#1059 = ( GEOMETRIC_REPRESENTATION_CONTEXT(2) 
PARAMETRIC_REPRESENTATION_CONTEXT() REPRESENTATION_CONTEXT('2D SPACE',''
  ) );
#1060 = ORIENTED_EDGE('',*,*,#206,.F.);
#1061 = ORIENTED_EDGE('',*,*,#1062,.F.);
#1062 = EDGE_CURVE('',#1063,#184,#1065,.T.);
#1063 = VERTEX_POINT('',#1064);
#1064 = CARTESIAN_POINT('',(1.95,2.275,0.825));
#1065 = SURFACE_CURVE('',#1066,(#1070,#1077),.PCURVE_S1.);
#1066 = LINE('',#1067,#1068);
#1067 = CARTESIAN_POINT('',(1.95,2.275,0.825));
#1068 = VECTOR('',#1069,1.);
#1069 = DIRECTION('',(2.22044604925E-16,-1.,0.));
#1070 = PCURVE('',#222,#1071);
#1071 = DEFINITIONAL_REPRESENTATION('',(#1072),#1076);
#1072 = LINE('',#1073,#1074);
#1073 = CARTESIAN_POINT('',(-3.364087759472E-16,1.));
#1074 = VECTOR('',#1075,1.);
#1075 = DIRECTION('',(1.,0.));
#1076 = ( GEOMETRIC_REPRESENTATION_CONTEXT(2) 
PARAMETRIC_REPRESENTATION_CONTEXT() REPRESENTATION_CONTEXT('2D SPACE',''
  ) );
#1077 = PCURVE('',#351,#1078);
#1078 = DEFINITIONAL_REPRESENTATION('',(#1079),#1083);
#1079 = LINE('',#1080,#1081);
#1080 = CARTESIAN_POINT('',(0.,-0.2));
#1081 = VECTOR('',#1082,1.);
#1082 = DIRECTION('',(1.,0.));
#1083 = ( GEOMETRIC_REPRESENTATION_CONTEXT(2) 
PARAMETRIC_REPRESENTATION_CONTEXT() REPRESENTATION_CONTEXT('2D SPACE',''
  ) );
#1084 = ORIENTED_EDGE('',*,*,#1085,.F.);
#1085 = EDGE_CURVE('',#817,#1063,#1086,.T.);
#1086 = SURFACE_CURVE('',#1087,(#1090,#1097),.PCURVE_S1.);
#1087 = B_SPLINE_CURVE_WITH_KNOTS('',1,(#1088,#1089),.UNSPECIFIED.,.F.,
  .F.,(2,2),(0.,1.),.PIECEWISE_BEZIER_KNOTS.);
#1088 = CARTESIAN_POINT('',(1.835171280765,2.217585640382,0.1));
#1089 = CARTESIAN_POINT('',(1.95,2.275,0.825));
#1090 = PCURVE('',#222,#1091);
#1091 = DEFINITIONAL_REPRESENTATION('',(#1092),#1096);
#1092 = LINE('',#1093,#1094);
#1093 = CARTESIAN_POINT('',(-4.94827695417E-16,-2.662846262169E-17));
#1094 = VECTOR('',#1095,1.);
#1095 = DIRECTION('',(1.584189194698E-16,1.));
#1096 = ( GEOMETRIC_REPRESENTATION_CONTEXT(2) 
PARAMETRIC_REPRESENTATION_CONTEXT() REPRESENTATION_CONTEXT('2D SPACE',''
  ) );
#1097 = PCURVE('',#1098,#1103);
#1098 = B_SPLINE_SURFACE_WITH_KNOTS('',1,1,(
    (#1099,#1100)
    ,(#1101,#1102
    )),.UNSPECIFIED.,.F.,.F.,.F.,(2,2),(2,2),(0.,0.247487373415),(0.,1.)
  ,.PIECEWISE_BEZIER_KNOTS.);
#1099 = CARTESIAN_POINT('',(1.717585640382,2.335171280765,0.1));
#1100 = CARTESIAN_POINT('',(1.775,2.45,0.825));
#1101 = CARTESIAN_POINT('',(1.835171280765,2.217585640382,0.1));
#1102 = CARTESIAN_POINT('',(1.95,2.275,0.825));
#1103 = DEFINITIONAL_REPRESENTATION('',(#1104),#1108);
#1104 = LINE('',#1105,#1106);
#1105 = CARTESIAN_POINT('',(0.247487373415,-4.171445780772E-17));
#1106 = VECTOR('',#1107,1.);
#1107 = DIRECTION('',(1.387778780781E-16,1.));
#1108 = ( GEOMETRIC_REPRESENTATION_CONTEXT(2) 
PARAMETRIC_REPRESENTATION_CONTEXT() REPRESENTATION_CONTEXT('2D SPACE',''
  ) );
#1109 = ADVANCED_FACE('',(#1110),#299,.T.);
#1110 = FACE_BOUND('',#1111,.T.);
#1111 = EDGE_LOOP('',(#1112,#1113,#1134,#1135));
#1112 = ORIENTED_EDGE('',*,*,#366,.T.);
#1113 = ORIENTED_EDGE('',*,*,#1114,.T.);
#1114 = EDGE_CURVE('',#367,#625,#1115,.T.);
#1115 = SURFACE_CURVE('',#1116,(#1120,#1127),.PCURVE_S1.);
#1116 = LINE('',#1117,#1118);
#1117 = CARTESIAN_POINT('',(2.65,2.11,5.551115123126E-17));
#1118 = VECTOR('',#1119,1.);
#1119 = DIRECTION('',(2.22044604925E-16,-1.,0.));
#1120 = PCURVE('',#299,#1121);
#1121 = DEFINITIONAL_REPRESENTATION('',(#1122),#1126);
#1122 = LINE('',#1123,#1124);
#1123 = CARTESIAN_POINT('',(4.712388980385,0.));
#1124 = VECTOR('',#1125,1.);
#1125 = DIRECTION('',(0.,-1.));
#1126 = ( GEOMETRIC_REPRESENTATION_CONTEXT(2) 
PARAMETRIC_REPRESENTATION_CONTEXT() REPRESENTATION_CONTEXT('2D SPACE',''
  ) );
#1127 = PCURVE('',#406,#1128);
#1128 = DEFINITIONAL_REPRESENTATION('',(#1129),#1133);
#1129 = LINE('',#1130,#1131);
#1130 = CARTESIAN_POINT('',(0.,0.));
#1131 = VECTOR('',#1132,1.);
#1132 = DIRECTION('',(0.,-1.));
#1133 = ( GEOMETRIC_REPRESENTATION_CONTEXT(2) 
PARAMETRIC_REPRESENTATION_CONTEXT() REPRESENTATION_CONTEXT('2D SPACE',''
  ) );
#1134 = ORIENTED_EDGE('',*,*,#624,.F.);
#1135 = ORIENTED_EDGE('',*,*,#283,.F.);
#1136 = ADVANCED_FACE('',(#1137),#351,.F.);
#1137 = FACE_BOUND('',#1138,.F.);
#1138 = EDGE_LOOP('',(#1139,#1164,#1165,#1166));
#1139 = ORIENTED_EDGE('',*,*,#1140,.F.);
#1140 = EDGE_CURVE('',#1063,#1141,#1143,.T.);
#1141 = VERTEX_POINT('',#1142);
#1142 = CARTESIAN_POINT('',(1.95,2.275,1.025));
#1143 = SURFACE_CURVE('',#1144,(#1147,#1153),.PCURVE_S1.);
#1144 = B_SPLINE_CURVE_WITH_KNOTS('',1,(#1145,#1146),.UNSPECIFIED.,.F.,
  .F.,(2,2),(0.,1.),.PIECEWISE_BEZIER_KNOTS.);
#1145 = CARTESIAN_POINT('',(1.95,2.275,0.825));
#1146 = CARTESIAN_POINT('',(1.95,2.275,1.025));
#1147 = PCURVE('',#351,#1148);
#1148 = DEFINITIONAL_REPRESENTATION('',(#1149),#1152);
#1149 = B_SPLINE_CURVE_WITH_KNOTS('',1,(#1150,#1151),.UNSPECIFIED.,.F.,
  .F.,(2,2),(0.,1.),.PIECEWISE_BEZIER_KNOTS.);
#1150 = CARTESIAN_POINT('',(0.,-0.2));
#1151 = CARTESIAN_POINT('',(0.,0.));
#1152 = ( GEOMETRIC_REPRESENTATION_CONTEXT(2) 
PARAMETRIC_REPRESENTATION_CONTEXT() REPRESENTATION_CONTEXT('2D SPACE',''
  ) );
#1153 = PCURVE('',#1154,#1159);
#1154 = PLANE('',#1155);
#1155 = AXIS2_PLACEMENT_3D('',#1156,#1157,#1158);
#1156 = CARTESIAN_POINT('',(1.775,2.45,1.025));
#1157 = DIRECTION('',(-0.707106781187,-0.707106781187,0.));
#1158 = DIRECTION('',(0.707106781187,-0.707106781187,0.));
#1159 = DEFINITIONAL_REPRESENTATION('',(#1160),#1163);
#1160 = B_SPLINE_CURVE_WITH_KNOTS('',1,(#1161,#1162),.UNSPECIFIED.,.F.,
  .F.,(2,2),(0.,1.),.PIECEWISE_BEZIER_KNOTS.);
#1161 = CARTESIAN_POINT('',(0.247487373415,-0.2));
#1162 = CARTESIAN_POINT('',(0.247487373415,0.));
#1163 = ( GEOMETRIC_REPRESENTATION_CONTEXT(2) 
PARAMETRIC_REPRESENTATION_CONTEXT() REPRESENTATION_CONTEXT('2D SPACE',''
  ) );
#1164 = ORIENTED_EDGE('',*,*,#1062,.T.);
#1165 = ORIENTED_EDGE('',*,*,#335,.T.);
#1166 = ORIENTED_EDGE('',*,*,#1167,.F.);
#1167 = EDGE_CURVE('',#1141,#336,#1168,.T.);
#1168 = SURFACE_CURVE('',#1169,(#1173,#1180),.PCURVE_S1.);
#1169 = LINE('',#1170,#1171);
#1170 = CARTESIAN_POINT('',(1.95,2.275,1.025));
#1171 = VECTOR('',#1172,1.);
#1172 = DIRECTION('',(2.22044604925E-16,-1.,0.));
#1173 = PCURVE('',#351,#1174);
#1174 = DEFINITIONAL_REPRESENTATION('',(#1175),#1179);
#1175 = LINE('',#1176,#1177);
#1176 = CARTESIAN_POINT('',(0.,0.));
#1177 = VECTOR('',#1178,1.);
#1178 = DIRECTION('',(1.,0.));
#1179 = ( GEOMETRIC_REPRESENTATION_CONTEXT(2) 
PARAMETRIC_REPRESENTATION_CONTEXT() REPRESENTATION_CONTEXT('2D SPACE',''
  ) );
#1180 = PCURVE('',#1181,#1186);
#1181 = B_SPLINE_SURFACE_WITH_KNOTS('',1,1,(
    (#1182,#1183)
    ,(#1184,#1185
    )),.UNSPECIFIED.,.F.,.F.,.F.,(2,2),(2,2),(0.,4.55),(0.,1.),
  .PIECEWISE_BEZIER_KNOTS.);
#1182 = CARTESIAN_POINT('',(1.95,2.275,1.025));
#1183 = CARTESIAN_POINT('',(1.875,2.2375,1.025));
#1184 = CARTESIAN_POINT('',(1.95,-2.275,1.025));
#1185 = CARTESIAN_POINT('',(1.875,-2.2375,1.025));
#1186 = DEFINITIONAL_REPRESENTATION('',(#1187),#1191);
#1187 = LINE('',#1188,#1189);
#1188 = CARTESIAN_POINT('',(3.582431915782E-16,6.610125476969E-16));
#1189 = VECTOR('',#1190,1.);
#1190 = DIRECTION('',(1.,-8.115046621091E-14));
#1191 = ( GEOMETRIC_REPRESENTATION_CONTEXT(2) 
PARAMETRIC_REPRESENTATION_CONTEXT() REPRESENTATION_CONTEXT('2D SPACE',''
  ) );
#1192 = ADVANCED_FACE('',(#1193),#578,.F.);
#1193 = FACE_BOUND('',#1194,.F.);
#1194 = EDGE_LOOP('',(#1195,#1196,#1217,#1218,#1268,#1296));
#1195 = ORIENTED_EDGE('',*,*,#564,.F.);
#1196 = ORIENTED_EDGE('',*,*,#1197,.T.);
#1197 = EDGE_CURVE('',#536,#769,#1198,.T.);
#1198 = SURFACE_CURVE('',#1199,(#1203,#1210),.PCURVE_S1.);
#1199 = LINE('',#1200,#1201);
#1200 = CARTESIAN_POINT('',(2.25,2.11,1.025));
#1201 = VECTOR('',#1202,1.);
#1202 = DIRECTION('',(2.22044604925E-16,-1.,0.));
#1203 = PCURVE('',#578,#1204);
#1204 = DEFINITIONAL_REPRESENTATION('',(#1205),#1209);
#1205 = LINE('',#1206,#1207);
#1206 = CARTESIAN_POINT('',(-0.,0.));
#1207 = VECTOR('',#1208,1.);
#1208 = DIRECTION('',(0.,-1.));
#1209 = ( GEOMETRIC_REPRESENTATION_CONTEXT(2) 
PARAMETRIC_REPRESENTATION_CONTEXT() REPRESENTATION_CONTEXT('2D SPACE',''
  ) );
#1210 = PCURVE('',#552,#1211);
#1211 = DEFINITIONAL_REPRESENTATION('',(#1212),#1216);
#1212 = LINE('',#1213,#1214);
#1213 = CARTESIAN_POINT('',(4.712388980385,0.));
#1214 = VECTOR('',#1215,1.);
#1215 = DIRECTION('',(0.,-1.));
#1216 = ( GEOMETRIC_REPRESENTATION_CONTEXT(2) 
PARAMETRIC_REPRESENTATION_CONTEXT() REPRESENTATION_CONTEXT('2D SPACE',''
  ) );
#1217 = ORIENTED_EDGE('',*,*,#792,.T.);
#1218 = ORIENTED_EDGE('',*,*,#1219,.T.);
#1219 = EDGE_CURVE('',#594,#1220,#1222,.T.);
#1220 = VERTEX_POINT('',#1221);
#1221 = CARTESIAN_POINT('',(1.875,1.7,1.025));
#1222 = SURFACE_CURVE('',#1223,(#1227,#1234),.PCURVE_S1.);
#1223 = LINE('',#1224,#1225);
#1224 = CARTESIAN_POINT('',(2.25,1.7,1.025));
#1225 = VECTOR('',#1226,1.);
#1226 = DIRECTION('',(-1.,-2.22044604925E-16,0.));
#1227 = PCURVE('',#578,#1228);
#1228 = DEFINITIONAL_REPRESENTATION('',(#1229),#1233);
#1229 = LINE('',#1230,#1231);
#1230 = CARTESIAN_POINT('',(9.103828801925E-17,-0.41));
#1231 = VECTOR('',#1232,1.);
#1232 = DIRECTION('',(1.,0.));
#1233 = ( GEOMETRIC_REPRESENTATION_CONTEXT(2) 
PARAMETRIC_REPRESENTATION_CONTEXT() REPRESENTATION_CONTEXT('2D SPACE',''
  ) );
#1234 = PCURVE('',#1235,#1240);
#1235 = B_SPLINE_SURFACE_WITH_KNOTS('',1,1,(
    (#1236,#1237)
    ,(#1238,#1239
    )),.UNSPECIFIED.,.F.,.F.,.F.,(2,2),(2,2),(0.,4.55),(0.,1.),
  .PIECEWISE_BEZIER_KNOTS.);
#1236 = CARTESIAN_POINT('',(1.95,2.275,1.025));
#1237 = CARTESIAN_POINT('',(1.875,2.2375,1.025));
#1238 = CARTESIAN_POINT('',(1.95,-2.275,1.025));
#1239 = CARTESIAN_POINT('',(1.875,-2.2375,1.025));
#1240 = DEFINITIONAL_REPRESENTATION('',(#1241),#1267);
#1241 = B_SPLINE_CURVE_WITH_KNOTS('',3,(#1242,#1243,#1244,#1245,#1246,
    #1247,#1248,#1249,#1250,#1251,#1252,#1253,#1254,#1255,#1256,#1257,
    #1258,#1259,#1260,#1261,#1262,#1263,#1264,#1265,#1266),
  .UNSPECIFIED.,.F.,.F.,(4,1,1,1,1,1,1,1,1,1,1,1,1,1,1,1,1,1,1,1,1,1,4),
  (0.3,0.303409090909,0.306818181818,0.310227272727,0.313636363636,
    0.317045454545,0.320454545455,0.323863636364,0.327272727273,
    0.330681818182,0.334090909091,0.3375,0.340909090909,0.344318181818,
    0.347727272727,0.351136363636,0.354545454545,0.357954545455,
    0.361363636364,0.364772727273,0.368181818182,0.371590909091,0.375),
  .QUASI_UNIFORM_KNOTS.);
#1242 = CARTESIAN_POINT('',(0.575,0.));
#1243 = CARTESIAN_POINT('',(0.574575424574,1.515151515152E-02));
#1244 = CARTESIAN_POINT('',(0.5737256375,4.545454545455E-02));
#1245 = CARTESIAN_POINT('',(0.57244904391,9.090909090909E-02));
#1246 = CARTESIAN_POINT('',(0.571170533034,0.136363636364));
#1247 = CARTESIAN_POINT('',(0.56989010055,0.181818181818));
#1248 = CARTESIAN_POINT('',(0.568607742122,0.227272727273));
#1249 = CARTESIAN_POINT('',(0.567323453401,0.272727272727));
#1250 = CARTESIAN_POINT('',(0.566037230026,0.318181818182));
#1251 = CARTESIAN_POINT('',(0.564749067621,0.363636363636));
#1252 = CARTESIAN_POINT('',(0.5634589618,0.409090909091));
#1253 = CARTESIAN_POINT('',(0.56216690816,0.454545454545));
#1254 = CARTESIAN_POINT('',(0.560872902287,0.5));
#1255 = CARTESIAN_POINT('',(0.559576939754,0.545454545455));
#1256 = CARTESIAN_POINT('',(0.558279016117,0.590909090909));
#1257 = CARTESIAN_POINT('',(0.556979126924,0.636363636364));
#1258 = CARTESIAN_POINT('',(0.555677267705,0.681818181818));
#1259 = CARTESIAN_POINT('',(0.554373433979,0.727272727273));
#1260 = CARTESIAN_POINT('',(0.553067621251,0.772727272727));
#1261 = CARTESIAN_POINT('',(0.55175982501,0.818181818182));
#1262 = CARTESIAN_POINT('',(0.550450040735,0.863636363636));
#1263 = CARTESIAN_POINT('',(0.549138263888,0.909090909091));
#1264 = CARTESIAN_POINT('',(0.54782448992,0.954545454545));
#1265 = CARTESIAN_POINT('',(0.546947306149,0.984848484848));
#1266 = CARTESIAN_POINT('',(0.546508379888,1.));
#1267 = ( GEOMETRIC_REPRESENTATION_CONTEXT(2) 
PARAMETRIC_REPRESENTATION_CONTEXT() REPRESENTATION_CONTEXT('2D SPACE',''
  ) );
#1268 = ORIENTED_EDGE('',*,*,#1269,.F.);
#1269 = EDGE_CURVE('',#1270,#1220,#1272,.T.);
#1270 = VERTEX_POINT('',#1271);
#1271 = CARTESIAN_POINT('',(1.875,2.11,1.025));
#1272 = SURFACE_CURVE('',#1273,(#1277,#1284),.PCURVE_S1.);
#1273 = LINE('',#1274,#1275);
#1274 = CARTESIAN_POINT('',(1.875,2.2375,1.025));
#1275 = VECTOR('',#1276,1.);
#1276 = DIRECTION('',(2.22044604925E-16,-1.,0.));
#1277 = PCURVE('',#578,#1278);
#1278 = DEFINITIONAL_REPRESENTATION('',(#1279),#1283);
#1279 = LINE('',#1280,#1281);
#1280 = CARTESIAN_POINT('',(0.375,0.1275));
#1281 = VECTOR('',#1282,1.);
#1282 = DIRECTION('',(0.,-1.));
#1283 = ( GEOMETRIC_REPRESENTATION_CONTEXT(2) 
PARAMETRIC_REPRESENTATION_CONTEXT() REPRESENTATION_CONTEXT('2D SPACE',''
  ) );
#1284 = PCURVE('',#1285,#1290);
#1285 = B_SPLINE_SURFACE_WITH_KNOTS('',1,1,(
    (#1286,#1287)
    ,(#1288,#1289
    )),.UNSPECIFIED.,.F.,.F.,.F.,(2,2),(2,2),(0.,4.475),(0.,1.),
  .PIECEWISE_BEZIER_KNOTS.);
#1286 = CARTESIAN_POINT('',(1.875,2.2375,1.025));
#1287 = CARTESIAN_POINT('',(1.760171280765,2.180085640382,1.75));
#1288 = CARTESIAN_POINT('',(1.875,-2.2375,1.025));
#1289 = CARTESIAN_POINT('',(1.760171280765,-2.180085640382,1.75));
#1290 = DEFINITIONAL_REPRESENTATION('',(#1291),#1295);
#1291 = LINE('',#1292,#1293);
#1292 = CARTESIAN_POINT('',(-1.110223024625E-16,2.030520704916E-16));
#1293 = VECTOR('',#1294,1.);
#1294 = DIRECTION('',(1.,-2.308285900451E-16));
#1295 = ( GEOMETRIC_REPRESENTATION_CONTEXT(2) 
PARAMETRIC_REPRESENTATION_CONTEXT() REPRESENTATION_CONTEXT('2D SPACE',''
  ) );
#1296 = ORIENTED_EDGE('',*,*,#1297,.F.);
#1297 = EDGE_CURVE('',#336,#1270,#1298,.T.);
#1298 = SURFACE_CURVE('',#1299,(#1303,#1310),.PCURVE_S1.);
#1299 = LINE('',#1300,#1301);
#1300 = CARTESIAN_POINT('',(2.25,2.11,1.025));
#1301 = VECTOR('',#1302,1.);
#1302 = DIRECTION('',(-1.,-2.22044604925E-16,0.));
#1303 = PCURVE('',#578,#1304);
#1304 = DEFINITIONAL_REPRESENTATION('',(#1305),#1309);
#1305 = LINE('',#1306,#1307);
#1306 = CARTESIAN_POINT('',(-0.,0.));
#1307 = VECTOR('',#1308,1.);
#1308 = DIRECTION('',(1.,0.));
#1309 = ( GEOMETRIC_REPRESENTATION_CONTEXT(2) 
PARAMETRIC_REPRESENTATION_CONTEXT() REPRESENTATION_CONTEXT('2D SPACE',''
  ) );
#1310 = PCURVE('',#1181,#1311);
#1311 = DEFINITIONAL_REPRESENTATION('',(#1312),#1338);
#1312 = B_SPLINE_CURVE_WITH_KNOTS('',3,(#1313,#1314,#1315,#1316,#1317,
    #1318,#1319,#1320,#1321,#1322,#1323,#1324,#1325,#1326,#1327,#1328,
    #1329,#1330,#1331,#1332,#1333,#1334,#1335,#1336,#1337),
  .UNSPECIFIED.,.F.,.F.,(4,1,1,1,1,1,1,1,1,1,1,1,1,1,1,1,1,1,1,1,1,1,4),
  (0.3,0.303409090909,0.306818181818,0.310227272727,0.313636363636,
    0.317045454545,0.320454545455,0.323863636364,0.327272727273,
    0.330681818182,0.334090909091,0.3375,0.340909090909,0.344318181818,
    0.347727272727,0.351136363636,0.354545454545,0.357954545455,
    0.361363636364,0.364772727273,0.368181818182,0.371590909091,0.375),
  .QUASI_UNIFORM_KNOTS.);
#1313 = CARTESIAN_POINT('',(0.165,0.));
#1314 = CARTESIAN_POINT('',(0.164473026972,1.515151515152E-02));
#1315 = CARTESIAN_POINT('',(0.16341829125,4.545454545455E-02));
#1316 = CARTESIAN_POINT('',(0.161833813323,9.090909090909E-02));
#1317 = CARTESIAN_POINT('',(0.160246955707,0.136363636364));
#1318 = CARTESIAN_POINT('',(0.158657713035,0.181818181818));
#1319 = CARTESIAN_POINT('',(0.157066079927,0.227272727273));
#1320 = CARTESIAN_POINT('',(0.155472050986,0.272727272727));
#1321 = CARTESIAN_POINT('',(0.153875620797,0.318181818182));
#1322 = CARTESIAN_POINT('',(0.15227678393,0.363636363636));
#1323 = CARTESIAN_POINT('',(0.15067553494,0.409090909091));
#1324 = CARTESIAN_POINT('',(0.149071868364,0.454545454545));
#1325 = CARTESIAN_POINT('',(0.147465778721,0.5));
#1326 = CARTESIAN_POINT('',(0.145857260518,0.545454545455));
#1327 = CARTESIAN_POINT('',(0.14424630824,0.590909090909));
#1328 = CARTESIAN_POINT('',(0.142632916359,0.636363636364));
#1329 = CARTESIAN_POINT('',(0.141017079328,0.681818181818));
#1330 = CARTESIAN_POINT('',(0.139398791586,0.727272727273));
#1331 = CARTESIAN_POINT('',(0.137778047552,0.772727272727));
#1332 = CARTESIAN_POINT('',(0.13615484163,0.818181818182));
#1333 = CARTESIAN_POINT('',(0.134529168206,0.863636363636));
#1334 = CARTESIAN_POINT('',(0.132901021649,0.909090909091));
#1335 = CARTESIAN_POINT('',(0.131270396313,0.954545454545));
#1336 = CARTESIAN_POINT('',(0.130181656456,0.984848484848));
#1337 = CARTESIAN_POINT('',(0.129636871508,1.));
#1338 = ( GEOMETRIC_REPRESENTATION_CONTEXT(2) 
PARAMETRIC_REPRESENTATION_CONTEXT() REPRESENTATION_CONTEXT('2D SPACE',''
  ) );
#1339 = ADVANCED_FACE('',(#1340),#552,.T.);
#1340 = FACE_BOUND('',#1341,.T.);
#1341 = EDGE_LOOP('',(#1342,#1343,#1344,#1345));
#1342 = ORIENTED_EDGE('',*,*,#535,.T.);
#1343 = ORIENTED_EDGE('',*,*,#1197,.T.);
#1344 = ORIENTED_EDGE('',*,*,#768,.F.);
#1345 = ORIENTED_EDGE('',*,*,#1346,.F.);
#1346 = EDGE_CURVE('',#508,#746,#1347,.T.);
#1347 = SURFACE_CURVE('',#1348,(#1352,#1359),.PCURVE_S1.);
#1348 = LINE('',#1349,#1350);
#1349 = CARTESIAN_POINT('',(2.55,2.11,0.725));
#1350 = VECTOR('',#1351,1.);
#1351 = DIRECTION('',(2.22044604925E-16,-1.,0.));
#1352 = PCURVE('',#552,#1353);
#1353 = DEFINITIONAL_REPRESENTATION('',(#1354),#1358);
#1354 = LINE('',#1355,#1356);
#1355 = CARTESIAN_POINT('',(6.28318530718,0.));
#1356 = VECTOR('',#1357,1.);
#1357 = DIRECTION('',(0.,-1.));
#1358 = ( GEOMETRIC_REPRESENTATION_CONTEXT(2) 
PARAMETRIC_REPRESENTATION_CONTEXT() REPRESENTATION_CONTEXT('2D SPACE',''
  ) );
#1359 = PCURVE('',#523,#1360);
#1360 = DEFINITIONAL_REPRESENTATION('',(#1361),#1365);
#1361 = LINE('',#1362,#1363);
#1362 = CARTESIAN_POINT('',(0.425,0.));
#1363 = VECTOR('',#1364,1.);
#1364 = DIRECTION('',(0.,-1.));
#1365 = ( GEOMETRIC_REPRESENTATION_CONTEXT(2) 
PARAMETRIC_REPRESENTATION_CONTEXT() REPRESENTATION_CONTEXT('2D SPACE',''
  ) );
#1366 = ADVANCED_FACE('',(#1367),#523,.F.);
#1367 = FACE_BOUND('',#1368,.F.);
#1368 = EDGE_LOOP('',(#1369,#1390,#1391,#1392));
#1369 = ORIENTED_EDGE('',*,*,#1370,.T.);
#1370 = EDGE_CURVE('',#475,#718,#1371,.T.);
#1371 = SURFACE_CURVE('',#1372,(#1376,#1383),.PCURVE_S1.);
#1372 = LINE('',#1373,#1374);
#1373 = CARTESIAN_POINT('',(2.55,2.11,0.3));
#1374 = VECTOR('',#1375,1.);
#1375 = DIRECTION('',(2.22044604925E-16,-1.,0.));
#1376 = PCURVE('',#523,#1377);
#1377 = DEFINITIONAL_REPRESENTATION('',(#1378),#1382);
#1378 = LINE('',#1379,#1380);
#1379 = CARTESIAN_POINT('',(0.,0.));
#1380 = VECTOR('',#1381,1.);
#1381 = DIRECTION('',(0.,-1.));
#1382 = ( GEOMETRIC_REPRESENTATION_CONTEXT(2) 
PARAMETRIC_REPRESENTATION_CONTEXT() REPRESENTATION_CONTEXT('2D SPACE',''
  ) );
#1383 = PCURVE('',#495,#1384);
#1384 = DEFINITIONAL_REPRESENTATION('',(#1385),#1389);
#1385 = LINE('',#1386,#1387);
#1386 = CARTESIAN_POINT('',(1.570796326795,0.));
#1387 = VECTOR('',#1388,1.);
#1388 = DIRECTION('',(0.,-1.));
#1389 = ( GEOMETRIC_REPRESENTATION_CONTEXT(2) 
PARAMETRIC_REPRESENTATION_CONTEXT() REPRESENTATION_CONTEXT('2D SPACE',''
  ) );
#1390 = ORIENTED_EDGE('',*,*,#745,.T.);
#1391 = ORIENTED_EDGE('',*,*,#1346,.F.);
#1392 = ORIENTED_EDGE('',*,*,#507,.F.);
#1393 = ADVANCED_FACE('',(#1394),#495,.F.);
#1394 = FACE_BOUND('',#1395,.F.);
#1395 = EDGE_LOOP('',(#1396,#1417,#1418,#1419));
#1396 = ORIENTED_EDGE('',*,*,#1397,.T.);
#1397 = EDGE_CURVE('',#447,#695,#1398,.T.);
#1398 = SURFACE_CURVE('',#1399,(#1403,#1410),.PCURVE_S1.);
#1399 = LINE('',#1400,#1401);
#1400 = CARTESIAN_POINT('',(2.65,2.11,0.2));
#1401 = VECTOR('',#1402,1.);
#1402 = DIRECTION('',(2.22044604925E-16,-1.,0.));
#1403 = PCURVE('',#495,#1404);
#1404 = DEFINITIONAL_REPRESENTATION('',(#1405),#1409);
#1405 = LINE('',#1406,#1407);
#1406 = CARTESIAN_POINT('',(0.,0.));
#1407 = VECTOR('',#1408,1.);
#1408 = DIRECTION('',(0.,-1.));
#1409 = ( GEOMETRIC_REPRESENTATION_CONTEXT(2) 
PARAMETRIC_REPRESENTATION_CONTEXT() REPRESENTATION_CONTEXT('2D SPACE',''
  ) );
#1410 = PCURVE('',#462,#1411);
#1411 = DEFINITIONAL_REPRESENTATION('',(#1412),#1416);
#1412 = LINE('',#1413,#1414);
#1413 = CARTESIAN_POINT('',(0.35,7.771561172375E-17));
#1414 = VECTOR('',#1415,1.);
#1415 = DIRECTION('',(0.,-1.));
#1416 = ( GEOMETRIC_REPRESENTATION_CONTEXT(2) 
PARAMETRIC_REPRESENTATION_CONTEXT() REPRESENTATION_CONTEXT('2D SPACE',''
  ) );
#1417 = ORIENTED_EDGE('',*,*,#717,.T.);
#1418 = ORIENTED_EDGE('',*,*,#1370,.F.);
#1419 = ORIENTED_EDGE('',*,*,#474,.F.);
#1420 = ADVANCED_FACE('',(#1421),#462,.F.);
#1421 = FACE_BOUND('',#1422,.F.);
#1422 = EDGE_LOOP('',(#1423,#1444,#1445,#1446));
#1423 = ORIENTED_EDGE('',*,*,#1424,.T.);
#1424 = EDGE_CURVE('',#419,#672,#1425,.T.);
#1425 = SURFACE_CURVE('',#1426,(#1430,#1437),.PCURVE_S1.);
#1426 = LINE('',#1427,#1428);
#1427 = CARTESIAN_POINT('',(3.,2.11,0.2));
#1428 = VECTOR('',#1429,1.);
#1429 = DIRECTION('',(2.22044604925E-16,-1.,0.));
#1430 = PCURVE('',#462,#1431);
#1431 = DEFINITIONAL_REPRESENTATION('',(#1432),#1436);
#1432 = LINE('',#1433,#1434);
#1433 = CARTESIAN_POINT('',(-0.,0.));
#1434 = VECTOR('',#1435,1.);
#1435 = DIRECTION('',(0.,-1.));
#1436 = ( GEOMETRIC_REPRESENTATION_CONTEXT(2) 
PARAMETRIC_REPRESENTATION_CONTEXT() REPRESENTATION_CONTEXT('2D SPACE',''
  ) );
#1437 = PCURVE('',#434,#1438);
#1438 = DEFINITIONAL_REPRESENTATION('',(#1439),#1443);
#1439 = LINE('',#1440,#1441);
#1440 = CARTESIAN_POINT('',(0.2,0.));
#1441 = VECTOR('',#1442,1.);
#1442 = DIRECTION('',(0.,-1.));
#1443 = ( GEOMETRIC_REPRESENTATION_CONTEXT(2) 
PARAMETRIC_REPRESENTATION_CONTEXT() REPRESENTATION_CONTEXT('2D SPACE',''
  ) );
#1444 = ORIENTED_EDGE('',*,*,#694,.T.);
#1445 = ORIENTED_EDGE('',*,*,#1397,.F.);
#1446 = ORIENTED_EDGE('',*,*,#446,.F.);
#1447 = ADVANCED_FACE('',(#1448),#434,.F.);
#1448 = FACE_BOUND('',#1449,.F.);
#1449 = EDGE_LOOP('',(#1450,#1471,#1472,#1473));
#1450 = ORIENTED_EDGE('',*,*,#1451,.T.);
#1451 = EDGE_CURVE('',#391,#649,#1452,.T.);
#1452 = SURFACE_CURVE('',#1453,(#1457,#1464),.PCURVE_S1.);
#1453 = LINE('',#1454,#1455);
#1454 = CARTESIAN_POINT('',(3.,2.11,5.551115123126E-17));
#1455 = VECTOR('',#1456,1.);
#1456 = DIRECTION('',(2.22044604925E-16,-1.,0.));
#1457 = PCURVE('',#434,#1458);
#1458 = DEFINITIONAL_REPRESENTATION('',(#1459),#1463);
#1459 = LINE('',#1460,#1461);
#1460 = CARTESIAN_POINT('',(0.,0.));
#1461 = VECTOR('',#1462,1.);
#1462 = DIRECTION('',(0.,-1.));
#1463 = ( GEOMETRIC_REPRESENTATION_CONTEXT(2) 
PARAMETRIC_REPRESENTATION_CONTEXT() REPRESENTATION_CONTEXT('2D SPACE',''
  ) );
#1464 = PCURVE('',#406,#1465);
#1465 = DEFINITIONAL_REPRESENTATION('',(#1466),#1470);
#1466 = LINE('',#1467,#1468);
#1467 = CARTESIAN_POINT('',(0.35,-7.771561172375E-17));
#1468 = VECTOR('',#1469,1.);
#1469 = DIRECTION('',(0.,-1.));
#1470 = ( GEOMETRIC_REPRESENTATION_CONTEXT(2) 
PARAMETRIC_REPRESENTATION_CONTEXT() REPRESENTATION_CONTEXT('2D SPACE',''
  ) );
#1471 = ORIENTED_EDGE('',*,*,#671,.T.);
#1472 = ORIENTED_EDGE('',*,*,#1424,.F.);
#1473 = ORIENTED_EDGE('',*,*,#418,.F.);
#1474 = ADVANCED_FACE('',(#1475),#406,.F.);
#1475 = FACE_BOUND('',#1476,.F.);
#1476 = EDGE_LOOP('',(#1477,#1478,#1479,#1480));
#1477 = ORIENTED_EDGE('',*,*,#1114,.T.);
#1478 = ORIENTED_EDGE('',*,*,#648,.T.);
#1479 = ORIENTED_EDGE('',*,*,#1451,.F.);
#1480 = ORIENTED_EDGE('',*,*,#390,.F.);
#1481 = ADVANCED_FACE('',(#1482),#609,.F.);
#1482 = FACE_BOUND('',#1483,.F.);
#1483 = EDGE_LOOP('',(#1484,#1485,#1486,#1514));
#1484 = ORIENTED_EDGE('',*,*,#593,.F.);
#1485 = ORIENTED_EDGE('',*,*,#1040,.T.);
#1486 = ORIENTED_EDGE('',*,*,#1487,.T.);
#1487 = EDGE_CURVE('',#1013,#1488,#1490,.T.);
#1488 = VERTEX_POINT('',#1489);
#1489 = CARTESIAN_POINT('',(1.95,0.84,1.025));
#1490 = SURFACE_CURVE('',#1491,(#1495,#1502),.PCURVE_S1.);
#1491 = LINE('',#1492,#1493);
#1492 = CARTESIAN_POINT('',(1.95,0.84,0.778829828783));
#1493 = VECTOR('',#1494,1.);
#1494 = DIRECTION('',(0.,0.,1.));
#1495 = PCURVE('',#609,#1496);
#1496 = DEFINITIONAL_REPRESENTATION('',(#1497),#1501);
#1497 = LINE('',#1498,#1499);
#1498 = CARTESIAN_POINT('',(1.435,-0.246170171217));
#1499 = VECTOR('',#1500,1.);
#1500 = DIRECTION('',(0.,1.));
#1501 = ( GEOMETRIC_REPRESENTATION_CONTEXT(2) 
PARAMETRIC_REPRESENTATION_CONTEXT() REPRESENTATION_CONTEXT('2D SPACE',''
  ) );
#1502 = PCURVE('',#1503,#1508);
#1503 = PLANE('',#1504);
#1504 = AXIS2_PLACEMENT_3D('',#1505,#1506,#1507);
#1505 = CARTESIAN_POINT('',(2.41578967201,0.84,0.532659657565));
#1506 = DIRECTION('',(2.22044604925E-16,-1.,0.));
#1507 = DIRECTION('',(0.,0.,1.));
#1508 = DEFINITIONAL_REPRESENTATION('',(#1509),#1513);
#1509 = LINE('',#1510,#1511);
#1510 = CARTESIAN_POINT('',(0.246170171218,0.46578967201));
#1511 = VECTOR('',#1512,1.);
#1512 = DIRECTION('',(1.,0.));
#1513 = ( GEOMETRIC_REPRESENTATION_CONTEXT(2) 
PARAMETRIC_REPRESENTATION_CONTEXT() REPRESENTATION_CONTEXT('2D SPACE',''
  ) );
#1514 = ORIENTED_EDGE('',*,*,#1515,.F.);
#1515 = EDGE_CURVE('',#594,#1488,#1516,.T.);
#1516 = SURFACE_CURVE('',#1517,(#1521,#1528),.PCURVE_S1.);
#1517 = LINE('',#1518,#1519);
#1518 = CARTESIAN_POINT('',(1.95,2.275,1.025));
#1519 = VECTOR('',#1520,1.);
#1520 = DIRECTION('',(2.22044604925E-16,-1.,0.));
#1521 = PCURVE('',#609,#1522);
#1522 = DEFINITIONAL_REPRESENTATION('',(#1523),#1527);
#1523 = LINE('',#1524,#1525);
#1524 = CARTESIAN_POINT('',(0.,0.));
#1525 = VECTOR('',#1526,1.);
#1526 = DIRECTION('',(1.,0.));
#1527 = ( GEOMETRIC_REPRESENTATION_CONTEXT(2) 
PARAMETRIC_REPRESENTATION_CONTEXT() REPRESENTATION_CONTEXT('2D SPACE',''
  ) );
#1528 = PCURVE('',#1235,#1529);
#1529 = DEFINITIONAL_REPRESENTATION('',(#1530),#1534);
#1530 = LINE('',#1531,#1532);
#1531 = CARTESIAN_POINT('',(-1.110223024625E-16,1.787388845424E-15));
#1532 = VECTOR('',#1533,1.);
#1533 = DIRECTION('',(1.,-3.108502339868E-15));
#1534 = ( GEOMETRIC_REPRESENTATION_CONTEXT(2) 
PARAMETRIC_REPRESENTATION_CONTEXT() REPRESENTATION_CONTEXT('2D SPACE',''
  ) );
#1535 = ADVANCED_FACE('',(#1536),#833,.F.);
#1536 = FACE_BOUND('',#1537,.F.);
#1537 = EDGE_LOOP('',(#1538,#1567,#1594,#1621,#1648,#1668,#1669,#1691));
#1538 = ORIENTED_EDGE('',*,*,#1539,.F.);
#1539 = EDGE_CURVE('',#1540,#1542,#1544,.T.);
#1540 = VERTEX_POINT('',#1541);
#1541 = CARTESIAN_POINT('',(-1.835171280765,2.217585640382,0.1));
#1542 = VERTEX_POINT('',#1543);
#1543 = CARTESIAN_POINT('',(-1.717585640382,2.335171280765,0.1));
#1544 = SURFACE_CURVE('',#1545,(#1549,#1556),.PCURVE_S1.);
#1545 = LINE('',#1546,#1547);
#1546 = CARTESIAN_POINT('',(-1.835171280765,2.217585640382,0.1));
#1547 = VECTOR('',#1548,1.);
#1548 = DIRECTION('',(0.707106781187,0.707106781187,0.));
#1549 = PCURVE('',#833,#1550);
#1550 = DEFINITIONAL_REPRESENTATION('',(#1551),#1555);
#1551 = LINE('',#1552,#1553);
#1552 = CARTESIAN_POINT('',(2.505134554812E-02,-0.164393417553));
#1553 = VECTOR('',#1554,1.);
#1554 = DIRECTION('',(-0.150647445192,0.98858755164));
#1555 = ( GEOMETRIC_REPRESENTATION_CONTEXT(2) 
PARAMETRIC_REPRESENTATION_CONTEXT() REPRESENTATION_CONTEXT('2D SPACE',''
  ) );
#1556 = PCURVE('',#1557,#1562);
#1557 = B_SPLINE_SURFACE_WITH_KNOTS('',1,1,(
    (#1558,#1559)
    ,(#1560,#1561
    )),.UNSPECIFIED.,.F.,.F.,.F.,(2,2),(2,2),(0.,0.247487373415),(0.,1.)
  ,.PIECEWISE_BEZIER_KNOTS.);
#1558 = CARTESIAN_POINT('',(-1.835171280765,2.217585640382,0.1));
#1559 = CARTESIAN_POINT('',(-1.95,2.275,0.825));
#1560 = CARTESIAN_POINT('',(-1.717585640382,2.335171280765,0.1));
#1561 = CARTESIAN_POINT('',(-1.775,2.45,0.825));
#1562 = DEFINITIONAL_REPRESENTATION('',(#1563),#1566);
#1563 = B_SPLINE_CURVE_WITH_KNOTS('',1,(#1564,#1565),.UNSPECIFIED.,.F.,
  .F.,(2,2),(0.,0.16629120737),.PIECEWISE_BEZIER_KNOTS.);
#1564 = CARTESIAN_POINT('',(2.992756715082E-16,-4.171445780772E-17));
#1565 = CARTESIAN_POINT('',(0.247487373415,2.905068403533E-17));
#1566 = ( GEOMETRIC_REPRESENTATION_CONTEXT(2) 
PARAMETRIC_REPRESENTATION_CONTEXT() REPRESENTATION_CONTEXT('2D SPACE',''
  ) );
#1567 = ORIENTED_EDGE('',*,*,#1568,.F.);
#1568 = EDGE_CURVE('',#1569,#1540,#1571,.T.);
#1569 = VERTEX_POINT('',#1570);
#1570 = CARTESIAN_POINT('',(-1.835171280765,-2.217585640382,0.1));
#1571 = SURFACE_CURVE('',#1572,(#1576,#1583),.PCURVE_S1.);
#1572 = LINE('',#1573,#1574);
#1573 = CARTESIAN_POINT('',(-1.835171280765,-2.217585640382,0.1));
#1574 = VECTOR('',#1575,1.);
#1575 = DIRECTION('',(-2.22044604925E-16,1.,0.));
#1576 = PCURVE('',#833,#1577);
#1577 = DEFINITIONAL_REPRESENTATION('',(#1578),#1582);
#1578 = LINE('',#1579,#1580);
#1579 = CARTESIAN_POINT('',(3.597851433471,-2.792290641847));
#1580 = VECTOR('',#1581,1.);
#1581 = DIRECTION('',(-0.805560791625,0.592513131498));
#1582 = ( GEOMETRIC_REPRESENTATION_CONTEXT(2) 
PARAMETRIC_REPRESENTATION_CONTEXT() REPRESENTATION_CONTEXT('2D SPACE',''
  ) );
#1583 = PCURVE('',#1584,#1589);
#1584 = B_SPLINE_SURFACE_WITH_KNOTS('',1,1,(
    (#1585,#1586)
    ,(#1587,#1588
    )),.UNSPECIFIED.,.F.,.F.,.F.,(2,2),(2,2),(0.,4.55),(0.,1.),
  .PIECEWISE_BEZIER_KNOTS.);
#1585 = CARTESIAN_POINT('',(-1.835171280765,-2.217585640382,0.1));
#1586 = CARTESIAN_POINT('',(-1.95,-2.275,0.825));
#1587 = CARTESIAN_POINT('',(-1.835171280765,2.217585640382,0.1));
#1588 = CARTESIAN_POINT('',(-1.95,2.275,0.825));
#1589 = DEFINITIONAL_REPRESENTATION('',(#1590),#1593);
#1590 = B_SPLINE_CURVE_WITH_KNOTS('',1,(#1591,#1592),.UNSPECIFIED.,.F.,
  .F.,(2,2),(0.,4.435171280764),.PIECEWISE_BEZIER_KNOTS.);
#1591 = CARTESIAN_POINT('',(-4.94827695417E-16,-2.662846262169E-17));
#1592 = CARTESIAN_POINT('',(4.55,1.773999406632E-16));
#1593 = ( GEOMETRIC_REPRESENTATION_CONTEXT(2) 
PARAMETRIC_REPRESENTATION_CONTEXT() REPRESENTATION_CONTEXT('2D SPACE',''
  ) );
#1594 = ORIENTED_EDGE('',*,*,#1595,.F.);
#1595 = EDGE_CURVE('',#1596,#1569,#1598,.T.);
#1596 = VERTEX_POINT('',#1597);
#1597 = CARTESIAN_POINT('',(-1.717585640382,-2.335171280765,0.1));
#1598 = SURFACE_CURVE('',#1599,(#1603,#1610),.PCURVE_S1.);
#1599 = LINE('',#1600,#1601);
#1600 = CARTESIAN_POINT('',(-1.717585640382,-2.335171280765,0.1));
#1601 = VECTOR('',#1602,1.);
#1602 = DIRECTION('',(-0.707106781187,0.707106781187,0.));
#1603 = PCURVE('',#833,#1604);
#1604 = DEFINITIONAL_REPRESENTATION('',(#1605),#1609);
#1605 = LINE('',#1606,#1607);
#1606 = CARTESIAN_POINT('',(3.762244851024,-2.767239296299));
#1607 = VECTOR('',#1608,1.);
#1608 = DIRECTION('',(-0.98858755164,-0.150647445192));
#1609 = ( GEOMETRIC_REPRESENTATION_CONTEXT(2) 
PARAMETRIC_REPRESENTATION_CONTEXT() REPRESENTATION_CONTEXT('2D SPACE',''
  ) );
#1610 = PCURVE('',#1611,#1616);
#1611 = B_SPLINE_SURFACE_WITH_KNOTS('',1,1,(
    (#1612,#1613)
    ,(#1614,#1615
    )),.UNSPECIFIED.,.F.,.F.,.F.,(2,2),(2,2),(0.,0.247487373415),(0.,1.)
  ,.PIECEWISE_BEZIER_KNOTS.);
#1612 = CARTESIAN_POINT('',(-1.717585640382,-2.335171280765,0.1));
#1613 = CARTESIAN_POINT('',(-1.775,-2.45,0.825));
#1614 = CARTESIAN_POINT('',(-1.835171280765,-2.217585640382,0.1));
#1615 = CARTESIAN_POINT('',(-1.95,-2.275,0.825));
#1616 = DEFINITIONAL_REPRESENTATION('',(#1617),#1620);
#1617 = B_SPLINE_CURVE_WITH_KNOTS('',1,(#1618,#1619),.UNSPECIFIED.,.F.,
  .F.,(2,2),(0.,0.16629120737),.PIECEWISE_BEZIER_KNOTS.);
#1618 = CARTESIAN_POINT('',(-6.316502332661E-16,2.905068403496E-17));
#1619 = CARTESIAN_POINT('',(0.247487373415,-4.171445780772E-17));
#1620 = ( GEOMETRIC_REPRESENTATION_CONTEXT(2) 
PARAMETRIC_REPRESENTATION_CONTEXT() REPRESENTATION_CONTEXT('2D SPACE',''
  ) );
#1621 = ORIENTED_EDGE('',*,*,#1622,.F.);
#1622 = EDGE_CURVE('',#1623,#1596,#1625,.T.);
#1623 = VERTEX_POINT('',#1624);
#1624 = CARTESIAN_POINT('',(1.717585640382,-2.335171280765,0.1));
#1625 = SURFACE_CURVE('',#1626,(#1630,#1637),.PCURVE_S1.);
#1626 = LINE('',#1627,#1628);
#1627 = CARTESIAN_POINT('',(1.717585640382,-2.335171280765,0.1));
#1628 = VECTOR('',#1629,1.);
#1629 = DIRECTION('',(-1.,-2.22044604925E-16,0.));
#1630 = PCURVE('',#833,#1631);
#1631 = DEFINITIONAL_REPRESENTATION('',(#1632),#1636);
#1632 = LINE('',#1633,#1634);
#1633 = CARTESIAN_POINT('',(5.79762894382,-8.180123245438E-13));
#1634 = VECTOR('',#1635,1.);
#1635 = DIRECTION('',(-0.592513131498,-0.805560791625));
#1636 = ( GEOMETRIC_REPRESENTATION_CONTEXT(2) 
PARAMETRIC_REPRESENTATION_CONTEXT() REPRESENTATION_CONTEXT('2D SPACE',''
  ) );
#1637 = PCURVE('',#1638,#1643);
#1638 = B_SPLINE_SURFACE_WITH_KNOTS('',1,1,(
    (#1639,#1640)
    ,(#1641,#1642
    )),.UNSPECIFIED.,.F.,.F.,.F.,(2,2),(2,2),(0.,3.55),(0.,1.),
  .PIECEWISE_BEZIER_KNOTS.);
#1639 = CARTESIAN_POINT('',(1.717585640382,-2.335171280765,0.1));
#1640 = CARTESIAN_POINT('',(1.775,-2.45,0.825));
#1641 = CARTESIAN_POINT('',(-1.717585640382,-2.335171280765,0.1));
#1642 = CARTESIAN_POINT('',(-1.775,-2.45,0.825));
#1643 = DEFINITIONAL_REPRESENTATION('',(#1644),#1647);
#1644 = B_SPLINE_CURVE_WITH_KNOTS('',1,(#1645,#1646),.UNSPECIFIED.,.F.,
  .F.,(2,2),(0.,3.435171280764),.PIECEWISE_BEZIER_KNOTS.);
#1645 = CARTESIAN_POINT('',(2.867682730149E-16,-3.386432460304E-17));
#1646 = CARTESIAN_POINT('',(3.55,1.579746795886E-16));
#1647 = ( GEOMETRIC_REPRESENTATION_CONTEXT(2) 
PARAMETRIC_REPRESENTATION_CONTEXT() REPRESENTATION_CONTEXT('2D SPACE',''
  ) );
#1648 = ORIENTED_EDGE('',*,*,#1649,.F.);
#1649 = EDGE_CURVE('',#819,#1623,#1650,.T.);
#1650 = SURFACE_CURVE('',#1651,(#1655,#1662),.PCURVE_S1.);
#1651 = LINE('',#1652,#1653);
#1652 = CARTESIAN_POINT('',(1.835171280765,-2.217585640382,0.1));
#1653 = VECTOR('',#1654,1.);
#1654 = DIRECTION('',(-0.707106781187,-0.707106781187,0.));
#1655 = PCURVE('',#833,#1656);
#1656 = DEFINITIONAL_REPRESENTATION('',(#1657),#1661);
#1657 = LINE('',#1658,#1659);
#1658 = CARTESIAN_POINT('',(5.772577598272,0.164393417552));
#1659 = VECTOR('',#1660,1.);
#1660 = DIRECTION('',(0.150647445192,-0.98858755164));
#1661 = ( GEOMETRIC_REPRESENTATION_CONTEXT(2) 
PARAMETRIC_REPRESENTATION_CONTEXT() REPRESENTATION_CONTEXT('2D SPACE',''
  ) );
#1662 = PCURVE('',#860,#1663);
#1663 = DEFINITIONAL_REPRESENTATION('',(#1664),#1667);
#1664 = B_SPLINE_CURVE_WITH_KNOTS('',1,(#1665,#1666),.UNSPECIFIED.,.F.,
  .F.,(2,2),(0.,0.16629120737),.PIECEWISE_BEZIER_KNOTS.);
#1665 = CARTESIAN_POINT('',(2.992756715082E-16,-4.171445780772E-17));
#1666 = CARTESIAN_POINT('',(0.247487373415,2.905068403533E-17));
#1667 = ( GEOMETRIC_REPRESENTATION_CONTEXT(2) 
PARAMETRIC_REPRESENTATION_CONTEXT() REPRESENTATION_CONTEXT('2D SPACE',''
  ) );
#1668 = ORIENTED_EDGE('',*,*,#816,.F.);
#1669 = ORIENTED_EDGE('',*,*,#1670,.F.);
#1670 = EDGE_CURVE('',#1671,#817,#1673,.T.);
#1671 = VERTEX_POINT('',#1672);
#1672 = CARTESIAN_POINT('',(1.717585640382,2.335171280765,0.1));
#1673 = SURFACE_CURVE('',#1674,(#1678,#1685),.PCURVE_S1.);
#1674 = LINE('',#1675,#1676);
#1675 = CARTESIAN_POINT('',(1.717585640382,2.335171280765,0.1));
#1676 = VECTOR('',#1677,1.);
#1677 = DIRECTION('',(0.707106781187,-0.707106781187,0.));
#1678 = PCURVE('',#833,#1679);
#1679 = DEFINITIONAL_REPRESENTATION('',(#1680),#1684);
#1680 = LINE('',#1681,#1682);
#1681 = CARTESIAN_POINT('',(2.035384092796,2.767239296298));
#1682 = VECTOR('',#1683,1.);
#1683 = DIRECTION('',(0.98858755164,0.150647445192));
#1684 = ( GEOMETRIC_REPRESENTATION_CONTEXT(2) 
PARAMETRIC_REPRESENTATION_CONTEXT() REPRESENTATION_CONTEXT('2D SPACE',''
  ) );
#1685 = PCURVE('',#1098,#1686);
#1686 = DEFINITIONAL_REPRESENTATION('',(#1687),#1690);
#1687 = B_SPLINE_CURVE_WITH_KNOTS('',1,(#1688,#1689),.UNSPECIFIED.,.F.,
  .F.,(2,2),(0.,0.16629120737),.PIECEWISE_BEZIER_KNOTS.);
#1688 = CARTESIAN_POINT('',(-6.316502332661E-16,2.905068403496E-17));
#1689 = CARTESIAN_POINT('',(0.247487373415,-4.171445780772E-17));
#1690 = ( GEOMETRIC_REPRESENTATION_CONTEXT(2) 
PARAMETRIC_REPRESENTATION_CONTEXT() REPRESENTATION_CONTEXT('2D SPACE',''
  ) );
#1691 = ORIENTED_EDGE('',*,*,#1692,.F.);
#1692 = EDGE_CURVE('',#1542,#1671,#1693,.T.);
#1693 = SURFACE_CURVE('',#1694,(#1698,#1705),.PCURVE_S1.);
#1694 = LINE('',#1695,#1696);
#1695 = CARTESIAN_POINT('',(-1.717585640382,2.335171280765,0.1));
#1696 = VECTOR('',#1697,1.);
#1697 = DIRECTION('',(1.,2.22044604925E-16,0.));
#1698 = PCURVE('',#833,#1699);
#1699 = DEFINITIONAL_REPRESENTATION('',(#1700),#1704);
#1700 = LINE('',#1701,#1702);
#1701 = CARTESIAN_POINT('',(0.,0.));
#1702 = VECTOR('',#1703,1.);
#1703 = DIRECTION('',(0.592513131498,0.805560791625));
#1704 = ( GEOMETRIC_REPRESENTATION_CONTEXT(2) 
PARAMETRIC_REPRESENTATION_CONTEXT() REPRESENTATION_CONTEXT('2D SPACE',''
  ) );
#1705 = PCURVE('',#1706,#1711);
#1706 = B_SPLINE_SURFACE_WITH_KNOTS('',1,1,(
    (#1707,#1708)
    ,(#1709,#1710
    )),.UNSPECIFIED.,.F.,.F.,.F.,(2,2),(2,2),(0.,3.55),(0.,1.),
  .PIECEWISE_BEZIER_KNOTS.);
#1707 = CARTESIAN_POINT('',(-1.717585640382,2.335171280765,0.1));
#1708 = CARTESIAN_POINT('',(-1.775,2.45,0.825));
#1709 = CARTESIAN_POINT('',(1.717585640382,2.335171280765,0.1));
#1710 = CARTESIAN_POINT('',(1.775,2.45,0.825));
#1711 = DEFINITIONAL_REPRESENTATION('',(#1712),#1715);
#1712 = B_SPLINE_CURVE_WITH_KNOTS('',1,(#1713,#1714),.UNSPECIFIED.,.F.,
  .F.,(2,2),(0.,3.435171280764),.PIECEWISE_BEZIER_KNOTS.);
#1713 = CARTESIAN_POINT('',(2.867682730149E-16,-3.386432460304E-17));
#1714 = CARTESIAN_POINT('',(3.55,1.579746795886E-16));
#1715 = ( GEOMETRIC_REPRESENTATION_CONTEXT(2) 
PARAMETRIC_REPRESENTATION_CONTEXT() REPRESENTATION_CONTEXT('2D SPACE',''
  ) );
#1716 = ADVANCED_FACE('',(#1717),#1098,.F.);
#1717 = FACE_BOUND('',#1718,.F.);
#1718 = EDGE_LOOP('',(#1719,#1720,#1721,#1744));
#1719 = ORIENTED_EDGE('',*,*,#1670,.T.);
#1720 = ORIENTED_EDGE('',*,*,#1085,.T.);
#1721 = ORIENTED_EDGE('',*,*,#1722,.F.);
#1722 = EDGE_CURVE('',#1723,#1063,#1725,.T.);
#1723 = VERTEX_POINT('',#1724);
#1724 = CARTESIAN_POINT('',(1.775,2.45,0.825));
#1725 = SURFACE_CURVE('',#1726,(#1730,#1737),.PCURVE_S1.);
#1726 = LINE('',#1727,#1728);
#1727 = CARTESIAN_POINT('',(1.775,2.45,0.825));
#1728 = VECTOR('',#1729,1.);
#1729 = DIRECTION('',(0.707106781187,-0.707106781187,0.));
#1730 = PCURVE('',#1098,#1731);
#1731 = DEFINITIONAL_REPRESENTATION('',(#1732),#1736);
#1732 = LINE('',#1733,#1734);
#1733 = CARTESIAN_POINT('',(5.057693122531E-17,1.));
#1734 = VECTOR('',#1735,1.);
#1735 = DIRECTION('',(1.,0.));
#1736 = ( GEOMETRIC_REPRESENTATION_CONTEXT(2) 
PARAMETRIC_REPRESENTATION_CONTEXT() REPRESENTATION_CONTEXT('2D SPACE',''
  ) );
#1737 = PCURVE('',#1154,#1738);
#1738 = DEFINITIONAL_REPRESENTATION('',(#1739),#1743);
#1739 = LINE('',#1740,#1741);
#1740 = CARTESIAN_POINT('',(0.,-0.2));
#1741 = VECTOR('',#1742,1.);
#1742 = DIRECTION('',(1.,0.));
#1743 = ( GEOMETRIC_REPRESENTATION_CONTEXT(2) 
PARAMETRIC_REPRESENTATION_CONTEXT() REPRESENTATION_CONTEXT('2D SPACE',''
  ) );
#1744 = ORIENTED_EDGE('',*,*,#1745,.F.);
#1745 = EDGE_CURVE('',#1671,#1723,#1746,.T.);
#1746 = SURFACE_CURVE('',#1747,(#1750,#1757),.PCURVE_S1.);
#1747 = B_SPLINE_CURVE_WITH_KNOTS('',1,(#1748,#1749),.UNSPECIFIED.,.F.,
  .F.,(2,2),(0.,1.),.PIECEWISE_BEZIER_KNOTS.);
#1748 = CARTESIAN_POINT('',(1.717585640382,2.335171280765,0.1));
#1749 = CARTESIAN_POINT('',(1.775,2.45,0.825));
#1750 = PCURVE('',#1098,#1751);
#1751 = DEFINITIONAL_REPRESENTATION('',(#1752),#1756);
#1752 = LINE('',#1753,#1754);
#1753 = CARTESIAN_POINT('',(-6.316502332661E-16,2.905068403496E-17));
#1754 = VECTOR('',#1755,1.);
#1755 = DIRECTION('',(6.822271644914E-16,1.));
#1756 = ( GEOMETRIC_REPRESENTATION_CONTEXT(2) 
PARAMETRIC_REPRESENTATION_CONTEXT() REPRESENTATION_CONTEXT('2D SPACE',''
  ) );
#1757 = PCURVE('',#1706,#1758);
#1758 = DEFINITIONAL_REPRESENTATION('',(#1759),#1763);
#1759 = LINE('',#1760,#1761);
#1760 = CARTESIAN_POINT('',(3.55,-7.120423569698E-17));
#1761 = VECTOR('',#1762,1.);
#1762 = DIRECTION('',(0.,1.));
#1763 = ( GEOMETRIC_REPRESENTATION_CONTEXT(2) 
PARAMETRIC_REPRESENTATION_CONTEXT() REPRESENTATION_CONTEXT('2D SPACE',''
  ) );
#1764 = ADVANCED_FACE('',(#1765),#860,.F.);
#1765 = FACE_BOUND('',#1766,.F.);
#1766 = EDGE_LOOP('',(#1767,#1768,#1790,#1816));
#1767 = ORIENTED_EDGE('',*,*,#1649,.T.);
#1768 = ORIENTED_EDGE('',*,*,#1769,.T.);
#1769 = EDGE_CURVE('',#1623,#1770,#1772,.T.);
#1770 = VERTEX_POINT('',#1771);
#1771 = CARTESIAN_POINT('',(1.775,-2.45,0.825));
#1772 = SURFACE_CURVE('',#1773,(#1776,#1783),.PCURVE_S1.);
#1773 = B_SPLINE_CURVE_WITH_KNOTS('',1,(#1774,#1775),.UNSPECIFIED.,.F.,
  .F.,(2,2),(0.,1.),.PIECEWISE_BEZIER_KNOTS.);
#1774 = CARTESIAN_POINT('',(1.717585640382,-2.335171280765,0.1));
#1775 = CARTESIAN_POINT('',(1.775,-2.45,0.825));
#1776 = PCURVE('',#860,#1777);
#1777 = DEFINITIONAL_REPRESENTATION('',(#1778),#1782);
#1778 = LINE('',#1779,#1780);
#1779 = CARTESIAN_POINT('',(0.247487373415,2.905068403533E-17));
#1780 = VECTOR('',#1781,1.);
#1781 = DIRECTION('',(-5.828670879282E-16,1.));
#1782 = ( GEOMETRIC_REPRESENTATION_CONTEXT(2) 
PARAMETRIC_REPRESENTATION_CONTEXT() REPRESENTATION_CONTEXT('2D SPACE',''
  ) );
#1783 = PCURVE('',#1638,#1784);
#1784 = DEFINITIONAL_REPRESENTATION('',(#1785),#1789);
#1785 = LINE('',#1786,#1787);
#1786 = CARTESIAN_POINT('',(2.867682730149E-16,-3.386432460304E-17));
#1787 = VECTOR('',#1788,1.);
#1788 = DIRECTION('',(-2.650018708623E-16,1.));
#1789 = ( GEOMETRIC_REPRESENTATION_CONTEXT(2) 
PARAMETRIC_REPRESENTATION_CONTEXT() REPRESENTATION_CONTEXT('2D SPACE',''
  ) );
#1790 = ORIENTED_EDGE('',*,*,#1791,.F.);
#1791 = EDGE_CURVE('',#846,#1770,#1792,.T.);
#1792 = SURFACE_CURVE('',#1793,(#1797,#1804),.PCURVE_S1.);
#1793 = LINE('',#1794,#1795);
#1794 = CARTESIAN_POINT('',(1.95,-2.275,0.825));
#1795 = VECTOR('',#1796,1.);
#1796 = DIRECTION('',(-0.707106781187,-0.707106781187,0.));
#1797 = PCURVE('',#860,#1798);
#1798 = DEFINITIONAL_REPRESENTATION('',(#1799),#1803);
#1799 = LINE('',#1800,#1801);
#1800 = CARTESIAN_POINT('',(-1.061963552289E-16,1.));
#1801 = VECTOR('',#1802,1.);
#1802 = DIRECTION('',(1.,0.));
#1803 = ( GEOMETRIC_REPRESENTATION_CONTEXT(2) 
PARAMETRIC_REPRESENTATION_CONTEXT() REPRESENTATION_CONTEXT('2D SPACE',''
  ) );
#1804 = PCURVE('',#1805,#1810);
#1805 = PLANE('',#1806);
#1806 = AXIS2_PLACEMENT_3D('',#1807,#1808,#1809);
#1807 = CARTESIAN_POINT('',(1.95,-2.275,1.025));
#1808 = DIRECTION('',(-0.707106781187,0.707106781187,0.));
#1809 = DIRECTION('',(-0.707106781187,-0.707106781187,0.));
#1810 = DEFINITIONAL_REPRESENTATION('',(#1811),#1815);
#1811 = LINE('',#1812,#1813);
#1812 = CARTESIAN_POINT('',(-0.,-0.2));
#1813 = VECTOR('',#1814,1.);
#1814 = DIRECTION('',(1.,0.));
#1815 = ( GEOMETRIC_REPRESENTATION_CONTEXT(2) 
PARAMETRIC_REPRESENTATION_CONTEXT() REPRESENTATION_CONTEXT('2D SPACE',''
  ) );
#1816 = ORIENTED_EDGE('',*,*,#845,.F.);
#1817 = ADVANCED_FACE('',(#1818),#888,.F.);
#1818 = FACE_BOUND('',#1819,.F.);
#1819 = EDGE_LOOP('',(#1820,#1848,#1849,#1869));
#1820 = ORIENTED_EDGE('',*,*,#1821,.F.);
#1821 = EDGE_CURVE('',#873,#1822,#1824,.T.);
#1822 = VERTEX_POINT('',#1823);
#1823 = CARTESIAN_POINT('',(1.95,-2.11,1.025));
#1824 = SURFACE_CURVE('',#1825,(#1829,#1836),.PCURVE_S1.);
#1825 = LINE('',#1826,#1827);
#1826 = CARTESIAN_POINT('',(1.95,-2.11,0.778829828783));
#1827 = VECTOR('',#1828,1.);
#1828 = DIRECTION('',(0.,0.,1.));
#1829 = PCURVE('',#888,#1830);
#1830 = DEFINITIONAL_REPRESENTATION('',(#1831),#1835);
#1831 = LINE('',#1832,#1833);
#1832 = CARTESIAN_POINT('',(4.385,-0.246170171217));
#1833 = VECTOR('',#1834,1.);
#1834 = DIRECTION('',(0.,1.));
#1835 = ( GEOMETRIC_REPRESENTATION_CONTEXT(2) 
PARAMETRIC_REPRESENTATION_CONTEXT() REPRESENTATION_CONTEXT('2D SPACE',''
  ) );
#1836 = PCURVE('',#1837,#1842);
#1837 = PLANE('',#1838);
#1838 = AXIS2_PLACEMENT_3D('',#1839,#1840,#1841);
#1839 = CARTESIAN_POINT('',(2.41578967201,-2.11,0.532659657565));
#1840 = DIRECTION('',(2.22044604925E-16,-1.,0.));
#1841 = DIRECTION('',(0.,0.,1.));
#1842 = DEFINITIONAL_REPRESENTATION('',(#1843),#1847);
#1843 = LINE('',#1844,#1845);
#1844 = CARTESIAN_POINT('',(0.246170171218,0.46578967201));
#1845 = VECTOR('',#1846,1.);
#1846 = DIRECTION('',(1.,0.));
#1847 = ( GEOMETRIC_REPRESENTATION_CONTEXT(2) 
PARAMETRIC_REPRESENTATION_CONTEXT() REPRESENTATION_CONTEXT('2D SPACE',''
  ) );
#1848 = ORIENTED_EDGE('',*,*,#872,.T.);
#1849 = ORIENTED_EDGE('',*,*,#1850,.T.);
#1850 = EDGE_CURVE('',#846,#1851,#1853,.T.);
#1851 = VERTEX_POINT('',#1852);
#1852 = CARTESIAN_POINT('',(1.95,-2.275,1.025));
#1853 = SURFACE_CURVE('',#1854,(#1857,#1863),.PCURVE_S1.);
#1854 = B_SPLINE_CURVE_WITH_KNOTS('',1,(#1855,#1856),.UNSPECIFIED.,.F.,
  .F.,(2,2),(0.,1.),.PIECEWISE_BEZIER_KNOTS.);
#1855 = CARTESIAN_POINT('',(1.95,-2.275,0.825));
#1856 = CARTESIAN_POINT('',(1.95,-2.275,1.025));
#1857 = PCURVE('',#888,#1858);
#1858 = DEFINITIONAL_REPRESENTATION('',(#1859),#1862);
#1859 = B_SPLINE_CURVE_WITH_KNOTS('',1,(#1860,#1861),.UNSPECIFIED.,.F.,
  .F.,(2,2),(0.,1.),.PIECEWISE_BEZIER_KNOTS.);
#1860 = CARTESIAN_POINT('',(4.55,-0.2));
#1861 = CARTESIAN_POINT('',(4.55,0.));
#1862 = ( GEOMETRIC_REPRESENTATION_CONTEXT(2) 
PARAMETRIC_REPRESENTATION_CONTEXT() REPRESENTATION_CONTEXT('2D SPACE',''
  ) );
#1863 = PCURVE('',#1805,#1864);
#1864 = DEFINITIONAL_REPRESENTATION('',(#1865),#1868);
#1865 = B_SPLINE_CURVE_WITH_KNOTS('',1,(#1866,#1867),.UNSPECIFIED.,.F.,
  .F.,(2,2),(0.,1.),.PIECEWISE_BEZIER_KNOTS.);
#1866 = CARTESIAN_POINT('',(0.,-0.2));
#1867 = CARTESIAN_POINT('',(0.,0.));
#1868 = ( GEOMETRIC_REPRESENTATION_CONTEXT(2) 
PARAMETRIC_REPRESENTATION_CONTEXT() REPRESENTATION_CONTEXT('2D SPACE',''
  ) );
#1869 = ORIENTED_EDGE('',*,*,#1870,.F.);
#1870 = EDGE_CURVE('',#1822,#1851,#1871,.T.);
#1871 = SURFACE_CURVE('',#1872,(#1876,#1883),.PCURVE_S1.);
#1872 = LINE('',#1873,#1874);
#1873 = CARTESIAN_POINT('',(1.95,2.275,1.025));
#1874 = VECTOR('',#1875,1.);
#1875 = DIRECTION('',(2.22044604925E-16,-1.,0.));
#1876 = PCURVE('',#888,#1877);
#1877 = DEFINITIONAL_REPRESENTATION('',(#1878),#1882);
#1878 = LINE('',#1879,#1880);
#1879 = CARTESIAN_POINT('',(0.,0.));
#1880 = VECTOR('',#1881,1.);
#1881 = DIRECTION('',(1.,0.));
#1882 = ( GEOMETRIC_REPRESENTATION_CONTEXT(2) 
PARAMETRIC_REPRESENTATION_CONTEXT() REPRESENTATION_CONTEXT('2D SPACE',''
  ) );
#1883 = PCURVE('',#1884,#1889);
#1884 = B_SPLINE_SURFACE_WITH_KNOTS('',1,1,(
    (#1885,#1886)
    ,(#1887,#1888
    )),.UNSPECIFIED.,.F.,.F.,.F.,(2,2),(2,2),(0.,4.55),(0.,1.),
  .PIECEWISE_BEZIER_KNOTS.);
#1885 = CARTESIAN_POINT('',(1.95,2.275,1.025));
#1886 = CARTESIAN_POINT('',(1.875,2.2375,1.025));
#1887 = CARTESIAN_POINT('',(1.95,-2.275,1.025));
#1888 = CARTESIAN_POINT('',(1.875,-2.2375,1.025));
#1889 = DEFINITIONAL_REPRESENTATION('',(#1890),#1894);
#1890 = LINE('',#1891,#1892);
#1891 = CARTESIAN_POINT('',(8.881784197001E-16,1.308297669345E-13));
#1892 = VECTOR('',#1893,1.);
#1893 = DIRECTION('',(1.,-3.186124313148E-14));
#1894 = ( GEOMETRIC_REPRESENTATION_CONTEXT(2) 
PARAMETRIC_REPRESENTATION_CONTEXT() REPRESENTATION_CONTEXT('2D SPACE',''
  ) );
#1895 = ADVANCED_FACE('',(#1896),#916,.F.);
#1896 = FACE_BOUND('',#1897,.F.);
#1897 = EDGE_LOOP('',(#1898,#1926,#1927,#1950));
#1898 = ORIENTED_EDGE('',*,*,#1899,.F.);
#1899 = EDGE_CURVE('',#901,#1900,#1902,.T.);
#1900 = VERTEX_POINT('',#1901);
#1901 = CARTESIAN_POINT('',(2.25,-1.7,0.825));
#1902 = SURFACE_CURVE('',#1903,(#1907,#1914),.PCURVE_S1.);
#1903 = LINE('',#1904,#1905);
#1904 = CARTESIAN_POINT('',(1.8,-1.7,0.825));
#1905 = VECTOR('',#1906,1.);
#1906 = DIRECTION('',(1.,2.22044604925E-16,0.));
#1907 = PCURVE('',#916,#1908);
#1908 = DEFINITIONAL_REPRESENTATION('',(#1909),#1913);
#1909 = LINE('',#1910,#1911);
#1910 = CARTESIAN_POINT('',(0.,0.));
#1911 = VECTOR('',#1912,1.);
#1912 = DIRECTION('',(1.,0.));
#1913 = ( GEOMETRIC_REPRESENTATION_CONTEXT(2) 
PARAMETRIC_REPRESENTATION_CONTEXT() REPRESENTATION_CONTEXT('2D SPACE',''
  ) );
#1914 = PCURVE('',#1915,#1920);
#1915 = PLANE('',#1916);
#1916 = AXIS2_PLACEMENT_3D('',#1917,#1918,#1919);
#1917 = CARTESIAN_POINT('',(2.41578967201,-1.7,0.532659657565));
#1918 = DIRECTION('',(2.22044604925E-16,-1.,0.));
#1919 = DIRECTION('',(0.,0.,1.));
#1920 = DEFINITIONAL_REPRESENTATION('',(#1921),#1925);
#1921 = LINE('',#1922,#1923);
#1922 = CARTESIAN_POINT('',(0.292340342435,0.61578967201));
#1923 = VECTOR('',#1924,1.);
#1924 = DIRECTION('',(0.,-1.));
#1925 = ( GEOMETRIC_REPRESENTATION_CONTEXT(2) 
PARAMETRIC_REPRESENTATION_CONTEXT() REPRESENTATION_CONTEXT('2D SPACE',''
  ) );
#1926 = ORIENTED_EDGE('',*,*,#900,.T.);
#1927 = ORIENTED_EDGE('',*,*,#1928,.T.);
#1928 = EDGE_CURVE('',#873,#1929,#1931,.T.);
#1929 = VERTEX_POINT('',#1930);
#1930 = CARTESIAN_POINT('',(2.25,-2.11,0.825));
#1931 = SURFACE_CURVE('',#1932,(#1936,#1943),.PCURVE_S1.);
#1932 = LINE('',#1933,#1934);
#1933 = CARTESIAN_POINT('',(1.8,-2.11,0.825));
#1934 = VECTOR('',#1935,1.);
#1935 = DIRECTION('',(1.,2.22044604925E-16,0.));
#1936 = PCURVE('',#916,#1937);
#1937 = DEFINITIONAL_REPRESENTATION('',(#1938),#1942);
#1938 = LINE('',#1939,#1940);
#1939 = CARTESIAN_POINT('',(-9.103828801925E-17,-0.41));
#1940 = VECTOR('',#1941,1.);
#1941 = DIRECTION('',(1.,0.));
#1942 = ( GEOMETRIC_REPRESENTATION_CONTEXT(2) 
PARAMETRIC_REPRESENTATION_CONTEXT() REPRESENTATION_CONTEXT('2D SPACE',''
  ) );
#1943 = PCURVE('',#1837,#1944);
#1944 = DEFINITIONAL_REPRESENTATION('',(#1945),#1949);
#1945 = LINE('',#1946,#1947);
#1946 = CARTESIAN_POINT('',(0.292340342435,0.61578967201));
#1947 = VECTOR('',#1948,1.);
#1948 = DIRECTION('',(0.,-1.));
#1949 = ( GEOMETRIC_REPRESENTATION_CONTEXT(2) 
PARAMETRIC_REPRESENTATION_CONTEXT() REPRESENTATION_CONTEXT('2D SPACE',''
  ) );
#1950 = ORIENTED_EDGE('',*,*,#1951,.F.);
#1951 = EDGE_CURVE('',#1900,#1929,#1952,.T.);
#1952 = SURFACE_CURVE('',#1953,(#1957,#1964),.PCURVE_S1.);
#1953 = LINE('',#1954,#1955);
#1954 = CARTESIAN_POINT('',(2.25,-1.7,0.825));
#1955 = VECTOR('',#1956,1.);
#1956 = DIRECTION('',(2.22044604925E-16,-1.,0.));
#1957 = PCURVE('',#916,#1958);
#1958 = DEFINITIONAL_REPRESENTATION('',(#1959),#1963);
#1959 = LINE('',#1960,#1961);
#1960 = CARTESIAN_POINT('',(0.45,-9.992007221625E-17));
#1961 = VECTOR('',#1962,1.);
#1962 = DIRECTION('',(0.,-1.));
#1963 = ( GEOMETRIC_REPRESENTATION_CONTEXT(2) 
PARAMETRIC_REPRESENTATION_CONTEXT() REPRESENTATION_CONTEXT('2D SPACE',''
  ) );
#1964 = PCURVE('',#1965,#1970);
#1965 = CYLINDRICAL_SURFACE('',#1966,0.1);
#1966 = AXIS2_PLACEMENT_3D('',#1967,#1968,#1969);
#1967 = CARTESIAN_POINT('',(2.25,-1.7,0.725));
#1968 = DIRECTION('',(-2.22044604925E-16,1.,0.));
#1969 = DIRECTION('',(4.440892098501E-15,9.860761315262E-31,1.));
#1970 = DEFINITIONAL_REPRESENTATION('',(#1971),#1975);
#1971 = LINE('',#1972,#1973);
#1972 = CARTESIAN_POINT('',(-4.440892098501E-15,0.));
#1973 = VECTOR('',#1974,1.);
#1974 = DIRECTION('',(0.,-1.));
#1975 = ( GEOMETRIC_REPRESENTATION_CONTEXT(2) 
PARAMETRIC_REPRESENTATION_CONTEXT() REPRESENTATION_CONTEXT('2D SPACE',''
  ) );
#1976 = ADVANCED_FACE('',(#1977),#944,.F.);
#1977 = FACE_BOUND('',#1978,.F.);
#1978 = EDGE_LOOP('',(#1979,#2007,#2008,#2031));
#1979 = ORIENTED_EDGE('',*,*,#1980,.F.);
#1980 = EDGE_CURVE('',#929,#1981,#1983,.T.);
#1981 = VERTEX_POINT('',#1982);
#1982 = CARTESIAN_POINT('',(1.95,-0.84,1.025));
#1983 = SURFACE_CURVE('',#1984,(#1988,#1995),.PCURVE_S1.);
#1984 = LINE('',#1985,#1986);
#1985 = CARTESIAN_POINT('',(1.95,-0.84,0.778829828783));
#1986 = VECTOR('',#1987,1.);
#1987 = DIRECTION('',(0.,0.,1.));
#1988 = PCURVE('',#944,#1989);
#1989 = DEFINITIONAL_REPRESENTATION('',(#1990),#1994);
#1990 = LINE('',#1991,#1992);
#1991 = CARTESIAN_POINT('',(3.115,-0.246170171217));
#1992 = VECTOR('',#1993,1.);
#1993 = DIRECTION('',(0.,1.));
#1994 = ( GEOMETRIC_REPRESENTATION_CONTEXT(2) 
PARAMETRIC_REPRESENTATION_CONTEXT() REPRESENTATION_CONTEXT('2D SPACE',''
  ) );
#1995 = PCURVE('',#1996,#2001);
#1996 = PLANE('',#1997);
#1997 = AXIS2_PLACEMENT_3D('',#1998,#1999,#2000);
#1998 = CARTESIAN_POINT('',(2.41578967201,-0.84,0.532659657565));
#1999 = DIRECTION('',(2.22044604925E-16,-1.,0.));
#2000 = DIRECTION('',(0.,0.,1.));
#2001 = DEFINITIONAL_REPRESENTATION('',(#2002),#2006);
#2002 = LINE('',#2003,#2004);
#2003 = CARTESIAN_POINT('',(0.246170171218,0.46578967201));
#2004 = VECTOR('',#2005,1.);
#2005 = DIRECTION('',(1.,0.));
#2006 = ( GEOMETRIC_REPRESENTATION_CONTEXT(2) 
PARAMETRIC_REPRESENTATION_CONTEXT() REPRESENTATION_CONTEXT('2D SPACE',''
  ) );
#2007 = ORIENTED_EDGE('',*,*,#928,.T.);
#2008 = ORIENTED_EDGE('',*,*,#2009,.T.);
#2009 = EDGE_CURVE('',#901,#2010,#2012,.T.);
#2010 = VERTEX_POINT('',#2011);
#2011 = CARTESIAN_POINT('',(1.95,-1.7,1.025));
#2012 = SURFACE_CURVE('',#2013,(#2017,#2024),.PCURVE_S1.);
#2013 = LINE('',#2014,#2015);
#2014 = CARTESIAN_POINT('',(1.95,-1.7,0.778829828783));
#2015 = VECTOR('',#2016,1.);
#2016 = DIRECTION('',(0.,0.,1.));
#2017 = PCURVE('',#944,#2018);
#2018 = DEFINITIONAL_REPRESENTATION('',(#2019),#2023);
#2019 = LINE('',#2020,#2021);
#2020 = CARTESIAN_POINT('',(3.975,-0.246170171217));
#2021 = VECTOR('',#2022,1.);
#2022 = DIRECTION('',(0.,1.));
#2023 = ( GEOMETRIC_REPRESENTATION_CONTEXT(2) 
PARAMETRIC_REPRESENTATION_CONTEXT() REPRESENTATION_CONTEXT('2D SPACE',''
  ) );
#2024 = PCURVE('',#1915,#2025);
#2025 = DEFINITIONAL_REPRESENTATION('',(#2026),#2030);
#2026 = LINE('',#2027,#2028);
#2027 = CARTESIAN_POINT('',(0.246170171218,0.46578967201));
#2028 = VECTOR('',#2029,1.);
#2029 = DIRECTION('',(1.,0.));
#2030 = ( GEOMETRIC_REPRESENTATION_CONTEXT(2) 
PARAMETRIC_REPRESENTATION_CONTEXT() REPRESENTATION_CONTEXT('2D SPACE',''
  ) );
#2031 = ORIENTED_EDGE('',*,*,#2032,.F.);
#2032 = EDGE_CURVE('',#1981,#2010,#2033,.T.);
#2033 = SURFACE_CURVE('',#2034,(#2038,#2045),.PCURVE_S1.);
#2034 = LINE('',#2035,#2036);
#2035 = CARTESIAN_POINT('',(1.95,2.275,1.025));
#2036 = VECTOR('',#2037,1.);
#2037 = DIRECTION('',(2.22044604925E-16,-1.,0.));
#2038 = PCURVE('',#944,#2039);
#2039 = DEFINITIONAL_REPRESENTATION('',(#2040),#2044);
#2040 = LINE('',#2041,#2042);
#2041 = CARTESIAN_POINT('',(0.,0.));
#2042 = VECTOR('',#2043,1.);
#2043 = DIRECTION('',(1.,0.));
#2044 = ( GEOMETRIC_REPRESENTATION_CONTEXT(2) 
PARAMETRIC_REPRESENTATION_CONTEXT() REPRESENTATION_CONTEXT('2D SPACE',''
  ) );
#2045 = PCURVE('',#2046,#2051);
#2046 = B_SPLINE_SURFACE_WITH_KNOTS('',1,1,(
    (#2047,#2048)
    ,(#2049,#2050
    )),.UNSPECIFIED.,.F.,.F.,.F.,(2,2),(2,2),(0.,4.55),(0.,1.),
  .PIECEWISE_BEZIER_KNOTS.);
#2047 = CARTESIAN_POINT('',(1.95,2.275,1.025));
#2048 = CARTESIAN_POINT('',(1.875,2.2375,1.025));
#2049 = CARTESIAN_POINT('',(1.95,-2.275,1.025));
#2050 = CARTESIAN_POINT('',(1.875,-2.2375,1.025));
#2051 = DEFINITIONAL_REPRESENTATION('',(#2052),#2056);
#2052 = LINE('',#2053,#2054);
#2053 = CARTESIAN_POINT('',(4.440892098501E-16,-1.533621668044E-15));
#2054 = VECTOR('',#2055,1.);
#2055 = DIRECTION('',(1.,-2.266549457903E-15));
#2056 = ( GEOMETRIC_REPRESENTATION_CONTEXT(2) 
PARAMETRIC_REPRESENTATION_CONTEXT() REPRESENTATION_CONTEXT('2D SPACE',''
  ) );
#2057 = ADVANCED_FACE('',(#2058),#1028,.F.);
#2058 = FACE_BOUND('',#2059,.F.);
#2059 = EDGE_LOOP('',(#2060,#2083,#2084,#2112));
#2060 = ORIENTED_EDGE('',*,*,#2061,.F.);
#2061 = EDGE_CURVE('',#1013,#2062,#2064,.T.);
#2062 = VERTEX_POINT('',#2063);
#2063 = CARTESIAN_POINT('',(2.25,0.84,0.825));
#2064 = SURFACE_CURVE('',#2065,(#2069,#2076),.PCURVE_S1.);
#2065 = LINE('',#2066,#2067);
#2066 = CARTESIAN_POINT('',(1.8,0.84,0.825));
#2067 = VECTOR('',#2068,1.);
#2068 = DIRECTION('',(1.,2.22044604925E-16,0.));
#2069 = PCURVE('',#1028,#2070);
#2070 = DEFINITIONAL_REPRESENTATION('',(#2071),#2075);
#2071 = LINE('',#2072,#2073);
#2072 = CARTESIAN_POINT('',(0.,0.));
#2073 = VECTOR('',#2074,1.);
#2074 = DIRECTION('',(1.,0.));
#2075 = ( GEOMETRIC_REPRESENTATION_CONTEXT(2) 
PARAMETRIC_REPRESENTATION_CONTEXT() REPRESENTATION_CONTEXT('2D SPACE',''
  ) );
#2076 = PCURVE('',#1503,#2077);
#2077 = DEFINITIONAL_REPRESENTATION('',(#2078),#2082);
#2078 = LINE('',#2079,#2080);
#2079 = CARTESIAN_POINT('',(0.292340342435,0.61578967201));
#2080 = VECTOR('',#2081,1.);
#2081 = DIRECTION('',(0.,-1.));
#2082 = ( GEOMETRIC_REPRESENTATION_CONTEXT(2) 
PARAMETRIC_REPRESENTATION_CONTEXT() REPRESENTATION_CONTEXT('2D SPACE',''
  ) );
#2083 = ORIENTED_EDGE('',*,*,#1012,.T.);
#2084 = ORIENTED_EDGE('',*,*,#2085,.T.);
#2085 = EDGE_CURVE('',#985,#2086,#2088,.T.);
#2086 = VERTEX_POINT('',#2087);
#2087 = CARTESIAN_POINT('',(2.25,0.43,0.825));
#2088 = SURFACE_CURVE('',#2089,(#2093,#2100),.PCURVE_S1.);
#2089 = LINE('',#2090,#2091);
#2090 = CARTESIAN_POINT('',(1.8,0.43,0.825));
#2091 = VECTOR('',#2092,1.);
#2092 = DIRECTION('',(1.,2.22044604925E-16,0.));
#2093 = PCURVE('',#1028,#2094);
#2094 = DEFINITIONAL_REPRESENTATION('',(#2095),#2099);
#2095 = LINE('',#2096,#2097);
#2096 = CARTESIAN_POINT('',(-9.103828801925E-17,-0.41));
#2097 = VECTOR('',#2098,1.);
#2098 = DIRECTION('',(1.,0.));
#2099 = ( GEOMETRIC_REPRESENTATION_CONTEXT(2) 
PARAMETRIC_REPRESENTATION_CONTEXT() REPRESENTATION_CONTEXT('2D SPACE',''
  ) );
#2100 = PCURVE('',#2101,#2106);
#2101 = PLANE('',#2102);
#2102 = AXIS2_PLACEMENT_3D('',#2103,#2104,#2105);
#2103 = CARTESIAN_POINT('',(2.41578967201,0.43,0.532659657565));
#2104 = DIRECTION('',(2.22044604925E-16,-1.,0.));
#2105 = DIRECTION('',(0.,0.,1.));
#2106 = DEFINITIONAL_REPRESENTATION('',(#2107),#2111);
#2107 = LINE('',#2108,#2109);
#2108 = CARTESIAN_POINT('',(0.292340342435,0.61578967201));
#2109 = VECTOR('',#2110,1.);
#2110 = DIRECTION('',(0.,-1.));
#2111 = ( GEOMETRIC_REPRESENTATION_CONTEXT(2) 
PARAMETRIC_REPRESENTATION_CONTEXT() REPRESENTATION_CONTEXT('2D SPACE',''
  ) );
#2112 = ORIENTED_EDGE('',*,*,#2113,.F.);
#2113 = EDGE_CURVE('',#2062,#2086,#2114,.T.);
#2114 = SURFACE_CURVE('',#2115,(#2119,#2126),.PCURVE_S1.);
#2115 = LINE('',#2116,#2117);
#2116 = CARTESIAN_POINT('',(2.25,0.84,0.825));
#2117 = VECTOR('',#2118,1.);
#2118 = DIRECTION('',(2.22044604925E-16,-1.,0.));
#2119 = PCURVE('',#1028,#2120);
#2120 = DEFINITIONAL_REPRESENTATION('',(#2121),#2125);
#2121 = LINE('',#2122,#2123);
#2122 = CARTESIAN_POINT('',(0.45,-9.992007221625E-17));
#2123 = VECTOR('',#2124,1.);
#2124 = DIRECTION('',(0.,-1.));
#2125 = ( GEOMETRIC_REPRESENTATION_CONTEXT(2) 
PARAMETRIC_REPRESENTATION_CONTEXT() REPRESENTATION_CONTEXT('2D SPACE',''
  ) );
#2126 = PCURVE('',#2127,#2132);
#2127 = CYLINDRICAL_SURFACE('',#2128,0.1);
#2128 = AXIS2_PLACEMENT_3D('',#2129,#2130,#2131);
#2129 = CARTESIAN_POINT('',(2.25,0.84,0.725));
#2130 = DIRECTION('',(-2.22044604925E-16,1.,0.));
#2131 = DIRECTION('',(4.440892098501E-15,9.860761315262E-31,1.));
#2132 = DEFINITIONAL_REPRESENTATION('',(#2133),#2137);
#2133 = LINE('',#2134,#2135);
#2134 = CARTESIAN_POINT('',(-4.440892098501E-15,0.));
#2135 = VECTOR('',#2136,1.);
#2136 = DIRECTION('',(0.,-1.));
#2137 = ( GEOMETRIC_REPRESENTATION_CONTEXT(2) 
PARAMETRIC_REPRESENTATION_CONTEXT() REPRESENTATION_CONTEXT('2D SPACE',''
  ) );
#2138 = ADVANCED_FACE('',(#2139),#972,.F.);
#2139 = FACE_BOUND('',#2140,.F.);
#2140 = EDGE_LOOP('',(#2141,#2169,#2170,#2193));
#2141 = ORIENTED_EDGE('',*,*,#2142,.F.);
#2142 = EDGE_CURVE('',#957,#2143,#2145,.T.);
#2143 = VERTEX_POINT('',#2144);
#2144 = CARTESIAN_POINT('',(2.25,-0.43,0.825));
#2145 = SURFACE_CURVE('',#2146,(#2150,#2157),.PCURVE_S1.);
#2146 = LINE('',#2147,#2148);
#2147 = CARTESIAN_POINT('',(1.8,-0.43,0.825));
#2148 = VECTOR('',#2149,1.);
#2149 = DIRECTION('',(1.,2.22044604925E-16,0.));
#2150 = PCURVE('',#972,#2151);
#2151 = DEFINITIONAL_REPRESENTATION('',(#2152),#2156);
#2152 = LINE('',#2153,#2154);
#2153 = CARTESIAN_POINT('',(0.,0.));
#2154 = VECTOR('',#2155,1.);
#2155 = DIRECTION('',(1.,0.));
#2156 = ( GEOMETRIC_REPRESENTATION_CONTEXT(2) 
PARAMETRIC_REPRESENTATION_CONTEXT() REPRESENTATION_CONTEXT('2D SPACE',''
  ) );
#2157 = PCURVE('',#2158,#2163);
#2158 = PLANE('',#2159);
#2159 = AXIS2_PLACEMENT_3D('',#2160,#2161,#2162);
#2160 = CARTESIAN_POINT('',(2.41578967201,-0.43,0.532659657565));
#2161 = DIRECTION('',(2.22044604925E-16,-1.,0.));
#2162 = DIRECTION('',(0.,0.,1.));
#2163 = DEFINITIONAL_REPRESENTATION('',(#2164),#2168);
#2164 = LINE('',#2165,#2166);
#2165 = CARTESIAN_POINT('',(0.292340342435,0.61578967201));
#2166 = VECTOR('',#2167,1.);
#2167 = DIRECTION('',(0.,-1.));
#2168 = ( GEOMETRIC_REPRESENTATION_CONTEXT(2) 
PARAMETRIC_REPRESENTATION_CONTEXT() REPRESENTATION_CONTEXT('2D SPACE',''
  ) );
#2169 = ORIENTED_EDGE('',*,*,#956,.T.);
#2170 = ORIENTED_EDGE('',*,*,#2171,.T.);
#2171 = EDGE_CURVE('',#929,#2172,#2174,.T.);
#2172 = VERTEX_POINT('',#2173);
#2173 = CARTESIAN_POINT('',(2.25,-0.84,0.825));
#2174 = SURFACE_CURVE('',#2175,(#2179,#2186),.PCURVE_S1.);
#2175 = LINE('',#2176,#2177);
#2176 = CARTESIAN_POINT('',(1.8,-0.84,0.825));
#2177 = VECTOR('',#2178,1.);
#2178 = DIRECTION('',(1.,2.22044604925E-16,0.));
#2179 = PCURVE('',#972,#2180);
#2180 = DEFINITIONAL_REPRESENTATION('',(#2181),#2185);
#2181 = LINE('',#2182,#2183);
#2182 = CARTESIAN_POINT('',(-9.103828801925E-17,-0.41));
#2183 = VECTOR('',#2184,1.);
#2184 = DIRECTION('',(1.,0.));
#2185 = ( GEOMETRIC_REPRESENTATION_CONTEXT(2) 
PARAMETRIC_REPRESENTATION_CONTEXT() REPRESENTATION_CONTEXT('2D SPACE',''
  ) );
#2186 = PCURVE('',#1996,#2187);
#2187 = DEFINITIONAL_REPRESENTATION('',(#2188),#2192);
#2188 = LINE('',#2189,#2190);
#2189 = CARTESIAN_POINT('',(0.292340342435,0.61578967201));
#2190 = VECTOR('',#2191,1.);
#2191 = DIRECTION('',(0.,-1.));
#2192 = ( GEOMETRIC_REPRESENTATION_CONTEXT(2) 
PARAMETRIC_REPRESENTATION_CONTEXT() REPRESENTATION_CONTEXT('2D SPACE',''
  ) );
#2193 = ORIENTED_EDGE('',*,*,#2194,.F.);
#2194 = EDGE_CURVE('',#2143,#2172,#2195,.T.);
#2195 = SURFACE_CURVE('',#2196,(#2200,#2207),.PCURVE_S1.);
#2196 = LINE('',#2197,#2198);
#2197 = CARTESIAN_POINT('',(2.25,-0.43,0.825));
#2198 = VECTOR('',#2199,1.);
#2199 = DIRECTION('',(2.22044604925E-16,-1.,0.));
#2200 = PCURVE('',#972,#2201);
#2201 = DEFINITIONAL_REPRESENTATION('',(#2202),#2206);
#2202 = LINE('',#2203,#2204);
#2203 = CARTESIAN_POINT('',(0.45,-9.992007221625E-17));
#2204 = VECTOR('',#2205,1.);
#2205 = DIRECTION('',(0.,-1.));
#2206 = ( GEOMETRIC_REPRESENTATION_CONTEXT(2) 
PARAMETRIC_REPRESENTATION_CONTEXT() REPRESENTATION_CONTEXT('2D SPACE',''
  ) );
#2207 = PCURVE('',#2208,#2213);
#2208 = CYLINDRICAL_SURFACE('',#2209,0.1);
#2209 = AXIS2_PLACEMENT_3D('',#2210,#2211,#2212);
#2210 = CARTESIAN_POINT('',(2.25,-0.43,0.725));
#2211 = DIRECTION('',(-2.22044604925E-16,1.,0.));
#2212 = DIRECTION('',(4.440892098501E-15,9.860761315262E-31,1.));
#2213 = DEFINITIONAL_REPRESENTATION('',(#2214),#2218);
#2214 = LINE('',#2215,#2216);
#2215 = CARTESIAN_POINT('',(-4.440892098501E-15,0.));
#2216 = VECTOR('',#2217,1.);
#2217 = DIRECTION('',(0.,-1.));
#2218 = ( GEOMETRIC_REPRESENTATION_CONTEXT(2) 
PARAMETRIC_REPRESENTATION_CONTEXT() REPRESENTATION_CONTEXT('2D SPACE',''
  ) );
#2219 = ADVANCED_FACE('',(#2220),#1000,.F.);
#2220 = FACE_BOUND('',#2221,.F.);
#2221 = EDGE_LOOP('',(#2222,#2245,#2246,#2269));
#2222 = ORIENTED_EDGE('',*,*,#2223,.F.);
#2223 = EDGE_CURVE('',#985,#2224,#2226,.T.);
#2224 = VERTEX_POINT('',#2225);
#2225 = CARTESIAN_POINT('',(1.95,0.43,1.025));
#2226 = SURFACE_CURVE('',#2227,(#2231,#2238),.PCURVE_S1.);
#2227 = LINE('',#2228,#2229);
#2228 = CARTESIAN_POINT('',(1.95,0.43,0.778829828783));
#2229 = VECTOR('',#2230,1.);
#2230 = DIRECTION('',(0.,0.,1.));
#2231 = PCURVE('',#1000,#2232);
#2232 = DEFINITIONAL_REPRESENTATION('',(#2233),#2237);
#2233 = LINE('',#2234,#2235);
#2234 = CARTESIAN_POINT('',(1.845,-0.246170171217));
#2235 = VECTOR('',#2236,1.);
#2236 = DIRECTION('',(0.,1.));
#2237 = ( GEOMETRIC_REPRESENTATION_CONTEXT(2) 
PARAMETRIC_REPRESENTATION_CONTEXT() REPRESENTATION_CONTEXT('2D SPACE',''
  ) );
#2238 = PCURVE('',#2101,#2239);
#2239 = DEFINITIONAL_REPRESENTATION('',(#2240),#2244);
#2240 = LINE('',#2241,#2242);
#2241 = CARTESIAN_POINT('',(0.246170171218,0.46578967201));
#2242 = VECTOR('',#2243,1.);
#2243 = DIRECTION('',(1.,0.));
#2244 = ( GEOMETRIC_REPRESENTATION_CONTEXT(2) 
PARAMETRIC_REPRESENTATION_CONTEXT() REPRESENTATION_CONTEXT('2D SPACE',''
  ) );
#2245 = ORIENTED_EDGE('',*,*,#984,.T.);
#2246 = ORIENTED_EDGE('',*,*,#2247,.T.);
#2247 = EDGE_CURVE('',#957,#2248,#2250,.T.);
#2248 = VERTEX_POINT('',#2249);
#2249 = CARTESIAN_POINT('',(1.95,-0.43,1.025));
#2250 = SURFACE_CURVE('',#2251,(#2255,#2262),.PCURVE_S1.);
#2251 = LINE('',#2252,#2253);
#2252 = CARTESIAN_POINT('',(1.95,-0.43,0.778829828783));
#2253 = VECTOR('',#2254,1.);
#2254 = DIRECTION('',(0.,0.,1.));
#2255 = PCURVE('',#1000,#2256);
#2256 = DEFINITIONAL_REPRESENTATION('',(#2257),#2261);
#2257 = LINE('',#2258,#2259);
#2258 = CARTESIAN_POINT('',(2.705,-0.246170171217));
#2259 = VECTOR('',#2260,1.);
#2260 = DIRECTION('',(0.,1.));
#2261 = ( GEOMETRIC_REPRESENTATION_CONTEXT(2) 
PARAMETRIC_REPRESENTATION_CONTEXT() REPRESENTATION_CONTEXT('2D SPACE',''
  ) );
#2262 = PCURVE('',#2158,#2263);
#2263 = DEFINITIONAL_REPRESENTATION('',(#2264),#2268);
#2264 = LINE('',#2265,#2266);
#2265 = CARTESIAN_POINT('',(0.246170171218,0.46578967201));
#2266 = VECTOR('',#2267,1.);
#2267 = DIRECTION('',(1.,0.));
#2268 = ( GEOMETRIC_REPRESENTATION_CONTEXT(2) 
PARAMETRIC_REPRESENTATION_CONTEXT() REPRESENTATION_CONTEXT('2D SPACE',''
  ) );
#2269 = ORIENTED_EDGE('',*,*,#2270,.F.);
#2270 = EDGE_CURVE('',#2224,#2248,#2271,.T.);
#2271 = SURFACE_CURVE('',#2272,(#2276,#2283),.PCURVE_S1.);
#2272 = LINE('',#2273,#2274);
#2273 = CARTESIAN_POINT('',(1.95,2.275,1.025));
#2274 = VECTOR('',#2275,1.);
#2275 = DIRECTION('',(2.22044604925E-16,-1.,0.));
#2276 = PCURVE('',#1000,#2277);
#2277 = DEFINITIONAL_REPRESENTATION('',(#2278),#2282);
#2278 = LINE('',#2279,#2280);
#2279 = CARTESIAN_POINT('',(0.,0.));
#2280 = VECTOR('',#2281,1.);
#2281 = DIRECTION('',(1.,0.));
#2282 = ( GEOMETRIC_REPRESENTATION_CONTEXT(2) 
PARAMETRIC_REPRESENTATION_CONTEXT() REPRESENTATION_CONTEXT('2D SPACE',''
  ) );
#2283 = PCURVE('',#2284,#2289);
#2284 = B_SPLINE_SURFACE_WITH_KNOTS('',1,1,(
    (#2285,#2286)
    ,(#2287,#2288
    )),.UNSPECIFIED.,.F.,.F.,.F.,(2,2),(2,2),(0.,4.55),(0.,1.),
  .PIECEWISE_BEZIER_KNOTS.);
#2285 = CARTESIAN_POINT('',(1.95,2.275,1.025));
#2286 = CARTESIAN_POINT('',(1.875,2.2375,1.025));
#2287 = CARTESIAN_POINT('',(1.95,-2.275,1.025));
#2288 = CARTESIAN_POINT('',(1.875,-2.2375,1.025));
#2289 = DEFINITIONAL_REPRESENTATION('',(#2290),#2294);
#2290 = LINE('',#2291,#2292);
#2291 = CARTESIAN_POINT('',(4.440892098501E-16,4.614467133797E-16));
#2292 = VECTOR('',#2293,1.);
#2293 = DIRECTION('',(1.,-3.4432243677E-15));
#2294 = ( GEOMETRIC_REPRESENTATION_CONTEXT(2) 
PARAMETRIC_REPRESENTATION_CONTEXT() REPRESENTATION_CONTEXT('2D SPACE',''
  ) );
#2295 = ADVANCED_FACE('',(#2296),#1154,.F.);
#2296 = FACE_BOUND('',#2297,.F.);
#2297 = EDGE_LOOP('',(#2298,#2299,#2300,#2328));
#2298 = ORIENTED_EDGE('',*,*,#1722,.T.);
#2299 = ORIENTED_EDGE('',*,*,#1140,.T.);
#2300 = ORIENTED_EDGE('',*,*,#2301,.F.);
#2301 = EDGE_CURVE('',#2302,#1141,#2304,.T.);
#2302 = VERTEX_POINT('',#2303);
#2303 = CARTESIAN_POINT('',(1.775,2.45,1.025));
#2304 = SURFACE_CURVE('',#2305,(#2309,#2316),.PCURVE_S1.);
#2305 = LINE('',#2306,#2307);
#2306 = CARTESIAN_POINT('',(1.775,2.45,1.025));
#2307 = VECTOR('',#2308,1.);
#2308 = DIRECTION('',(0.707106781187,-0.707106781187,0.));
#2309 = PCURVE('',#1154,#2310);
#2310 = DEFINITIONAL_REPRESENTATION('',(#2311),#2315);
#2311 = LINE('',#2312,#2313);
#2312 = CARTESIAN_POINT('',(0.,0.));
#2313 = VECTOR('',#2314,1.);
#2314 = DIRECTION('',(1.,0.));
#2315 = ( GEOMETRIC_REPRESENTATION_CONTEXT(2) 
PARAMETRIC_REPRESENTATION_CONTEXT() REPRESENTATION_CONTEXT('2D SPACE',''
  ) );
#2316 = PCURVE('',#2317,#2322);
#2317 = B_SPLINE_SURFACE_WITH_KNOTS('',1,1,(
    (#2318,#2319)
    ,(#2320,#2321
    )),.UNSPECIFIED.,.F.,.F.,.F.,(2,2),(2,2),(0.,0.247487373415),(0.,1.)
  ,.PIECEWISE_BEZIER_KNOTS.);
#2318 = CARTESIAN_POINT('',(1.775,2.45,1.025));
#2319 = CARTESIAN_POINT('',(1.7375,2.375,1.025));
#2320 = CARTESIAN_POINT('',(1.95,2.275,1.025));
#2321 = CARTESIAN_POINT('',(1.875,2.2375,1.025));
#2322 = DEFINITIONAL_REPRESENTATION('',(#2323),#2327);
#2323 = LINE('',#2324,#2325);
#2324 = CARTESIAN_POINT('',(-1.427240192909E-16,-5.26430630895E-15));
#2325 = VECTOR('',#2326,1.);
#2326 = DIRECTION('',(1.,-4.801228329872E-15));
#2327 = ( GEOMETRIC_REPRESENTATION_CONTEXT(2) 
PARAMETRIC_REPRESENTATION_CONTEXT() REPRESENTATION_CONTEXT('2D SPACE',''
  ) );
#2328 = ORIENTED_EDGE('',*,*,#2329,.F.);
#2329 = EDGE_CURVE('',#1723,#2302,#2330,.T.);
#2330 = SURFACE_CURVE('',#2331,(#2334,#2340),.PCURVE_S1.);
#2331 = B_SPLINE_CURVE_WITH_KNOTS('',1,(#2332,#2333),.UNSPECIFIED.,.F.,
  .F.,(2,2),(0.,1.),.PIECEWISE_BEZIER_KNOTS.);
#2332 = CARTESIAN_POINT('',(1.775,2.45,0.825));
#2333 = CARTESIAN_POINT('',(1.775,2.45,1.025));
#2334 = PCURVE('',#1154,#2335);
#2335 = DEFINITIONAL_REPRESENTATION('',(#2336),#2339);
#2336 = B_SPLINE_CURVE_WITH_KNOTS('',1,(#2337,#2338),.UNSPECIFIED.,.F.,
  .F.,(2,2),(0.,1.),.PIECEWISE_BEZIER_KNOTS.);
#2337 = CARTESIAN_POINT('',(0.,-0.2));
#2338 = CARTESIAN_POINT('',(0.,0.));
#2339 = ( GEOMETRIC_REPRESENTATION_CONTEXT(2) 
PARAMETRIC_REPRESENTATION_CONTEXT() REPRESENTATION_CONTEXT('2D SPACE',''
  ) );
#2340 = PCURVE('',#2341,#2346);
#2341 = PLANE('',#2342);
#2342 = AXIS2_PLACEMENT_3D('',#2343,#2344,#2345);
#2343 = CARTESIAN_POINT('',(-1.775,2.45,1.025));
#2344 = DIRECTION('',(2.22044604925E-16,-1.,0.));
#2345 = DIRECTION('',(1.,2.22044604925E-16,0.));
#2346 = DEFINITIONAL_REPRESENTATION('',(#2347),#2350);
#2347 = B_SPLINE_CURVE_WITH_KNOTS('',1,(#2348,#2349),.UNSPECIFIED.,.F.,
  .F.,(2,2),(0.,1.),.PIECEWISE_BEZIER_KNOTS.);
#2348 = CARTESIAN_POINT('',(3.55,-0.2));
#2349 = CARTESIAN_POINT('',(3.55,0.));
#2350 = ( GEOMETRIC_REPRESENTATION_CONTEXT(2) 
PARAMETRIC_REPRESENTATION_CONTEXT() REPRESENTATION_CONTEXT('2D SPACE',''
  ) );
#2351 = ADVANCED_FACE('',(#2352),#1181,.F.);
#2352 = FACE_BOUND('',#2353,.F.);
#2353 = EDGE_LOOP('',(#2354,#2376,#2377,#2378));
#2354 = ORIENTED_EDGE('',*,*,#2355,.F.);
#2355 = EDGE_CURVE('',#1141,#2356,#2358,.T.);
#2356 = VERTEX_POINT('',#2357);
#2357 = CARTESIAN_POINT('',(1.875,2.2375,1.025));
#2358 = SURFACE_CURVE('',#2359,(#2362,#2369),.PCURVE_S1.);
#2359 = B_SPLINE_CURVE_WITH_KNOTS('',1,(#2360,#2361),.UNSPECIFIED.,.F.,
  .F.,(2,2),(0.,1.),.PIECEWISE_BEZIER_KNOTS.);
#2360 = CARTESIAN_POINT('',(1.95,2.275,1.025));
#2361 = CARTESIAN_POINT('',(1.875,2.2375,1.025));
#2362 = PCURVE('',#1181,#2363);
#2363 = DEFINITIONAL_REPRESENTATION('',(#2364),#2368);
#2364 = LINE('',#2365,#2366);
#2365 = CARTESIAN_POINT('',(3.582431915782E-16,6.610125476969E-16));
#2366 = VECTOR('',#2367,1.);
#2367 = DIRECTION('',(2.539634103421E-16,1.));
#2368 = ( GEOMETRIC_REPRESENTATION_CONTEXT(2) 
PARAMETRIC_REPRESENTATION_CONTEXT() REPRESENTATION_CONTEXT('2D SPACE',''
  ) );
#2369 = PCURVE('',#2317,#2370);
#2370 = DEFINITIONAL_REPRESENTATION('',(#2371),#2375);
#2371 = LINE('',#2372,#2373);
#2372 = CARTESIAN_POINT('',(0.247487373415,-5.268019691465E-15));
#2373 = VECTOR('',#2374,1.);
#2374 = DIRECTION('',(3.053113317719E-16,1.));
#2375 = ( GEOMETRIC_REPRESENTATION_CONTEXT(2) 
PARAMETRIC_REPRESENTATION_CONTEXT() REPRESENTATION_CONTEXT('2D SPACE',''
  ) );
#2376 = ORIENTED_EDGE('',*,*,#1167,.T.);
#2377 = ORIENTED_EDGE('',*,*,#1297,.T.);
#2378 = ORIENTED_EDGE('',*,*,#2379,.F.);
#2379 = EDGE_CURVE('',#2356,#1270,#2380,.T.);
#2380 = SURFACE_CURVE('',#2381,(#2385,#2391),.PCURVE_S1.);
#2381 = LINE('',#2382,#2383);
#2382 = CARTESIAN_POINT('',(1.875,2.2375,1.025));
#2383 = VECTOR('',#2384,1.);
#2384 = DIRECTION('',(2.22044604925E-16,-1.,0.));
#2385 = PCURVE('',#1181,#2386);
#2386 = DEFINITIONAL_REPRESENTATION('',(#2387),#2390);
#2387 = B_SPLINE_CURVE_WITH_KNOTS('',1,(#2388,#2389),.UNSPECIFIED.,.F.,
  .F.,(2,2),(0.,0.1275),.PIECEWISE_BEZIER_KNOTS.);
#2388 = CARTESIAN_POINT('',(6.122066019203E-16,1.));
#2389 = CARTESIAN_POINT('',(0.129636871508,1.));
#2390 = ( GEOMETRIC_REPRESENTATION_CONTEXT(2) 
PARAMETRIC_REPRESENTATION_CONTEXT() REPRESENTATION_CONTEXT('2D SPACE',''
  ) );
#2391 = PCURVE('',#1285,#2392);
#2392 = DEFINITIONAL_REPRESENTATION('',(#2393),#2397);
#2393 = LINE('',#2394,#2395);
#2394 = CARTESIAN_POINT('',(9.892682991552E-17,9.298836221054E-17));
#2395 = VECTOR('',#2396,1.);
#2396 = DIRECTION('',(1.,6.324161807868E-16));
#2397 = ( GEOMETRIC_REPRESENTATION_CONTEXT(2) 
PARAMETRIC_REPRESENTATION_CONTEXT() REPRESENTATION_CONTEXT('2D SPACE',''
  ) );
#2398 = ADVANCED_FACE('',(#2399),#1285,.F.);
#2399 = FACE_BOUND('',#2400,.F.);
#2400 = EDGE_LOOP('',(#2401,#2402,#2403,#2425,#2453,#2475,#2503,#2525,
    #2553,#2575,#2602,#2629));
#2401 = ORIENTED_EDGE('',*,*,#2379,.T.);
#2402 = ORIENTED_EDGE('',*,*,#1269,.T.);
#2403 = ORIENTED_EDGE('',*,*,#2404,.T.);
#2404 = EDGE_CURVE('',#1220,#2405,#2407,.T.);
#2405 = VERTEX_POINT('',#2406);
#2406 = CARTESIAN_POINT('',(1.875,0.84,1.025));
#2407 = SURFACE_CURVE('',#2408,(#2412,#2419),.PCURVE_S1.);
#2408 = LINE('',#2409,#2410);
#2409 = CARTESIAN_POINT('',(1.875,2.2375,1.025));
#2410 = VECTOR('',#2411,1.);
#2411 = DIRECTION('',(2.22044604925E-16,-1.,0.));
#2412 = PCURVE('',#1285,#2413);
#2413 = DEFINITIONAL_REPRESENTATION('',(#2414),#2418);
#2414 = LINE('',#2415,#2416);
#2415 = CARTESIAN_POINT('',(0.,7.898593846556E-17));
#2416 = VECTOR('',#2417,1.);
#2417 = DIRECTION('',(1.,-7.879298957242E-21));
#2418 = ( GEOMETRIC_REPRESENTATION_CONTEXT(2) 
PARAMETRIC_REPRESENTATION_CONTEXT() REPRESENTATION_CONTEXT('2D SPACE',''
  ) );
#2419 = PCURVE('',#1235,#2420);
#2420 = DEFINITIONAL_REPRESENTATION('',(#2421),#2424);
#2421 = B_SPLINE_CURVE_WITH_KNOTS('',1,(#2422,#2423),.UNSPECIFIED.,.F.,
  .F.,(2,2),(0.5375,1.3975),.PIECEWISE_BEZIER_KNOTS.);
#2422 = CARTESIAN_POINT('',(0.546508379888,1.));
#2423 = CARTESIAN_POINT('',(1.420921787709,1.));
#2424 = ( GEOMETRIC_REPRESENTATION_CONTEXT(2) 
PARAMETRIC_REPRESENTATION_CONTEXT() REPRESENTATION_CONTEXT('2D SPACE',''
  ) );
#2425 = ORIENTED_EDGE('',*,*,#2426,.T.);
#2426 = EDGE_CURVE('',#2405,#2427,#2429,.T.);
#2427 = VERTEX_POINT('',#2428);
#2428 = CARTESIAN_POINT('',(1.875,0.43,1.025));
#2429 = SURFACE_CURVE('',#2430,(#2434,#2441),.PCURVE_S1.);
#2430 = LINE('',#2431,#2432);
#2431 = CARTESIAN_POINT('',(1.875,2.2375,1.025));
#2432 = VECTOR('',#2433,1.);
#2433 = DIRECTION('',(2.22044604925E-16,-1.,0.));
#2434 = PCURVE('',#1285,#2435);
#2435 = DEFINITIONAL_REPRESENTATION('',(#2436),#2440);
#2436 = LINE('',#2437,#2438);
#2437 = CARTESIAN_POINT('',(0.,4.015578818414E-16));
#2438 = VECTOR('',#2439,1.);
#2439 = DIRECTION('',(1.,-2.308285901225E-16));
#2440 = ( GEOMETRIC_REPRESENTATION_CONTEXT(2) 
PARAMETRIC_REPRESENTATION_CONTEXT() REPRESENTATION_CONTEXT('2D SPACE',''
  ) );
#2441 = PCURVE('',#2442,#2447);
#2442 = PLANE('',#2443);
#2443 = AXIS2_PLACEMENT_3D('',#2444,#2445,#2446);
#2444 = CARTESIAN_POINT('',(2.25,0.84,1.025));
#2445 = DIRECTION('',(0.,0.,-1.));
#2446 = DIRECTION('',(-1.,-2.22044604925E-16,-0.));
#2447 = DEFINITIONAL_REPRESENTATION('',(#2448),#2452);
#2448 = LINE('',#2449,#2450);
#2449 = CARTESIAN_POINT('',(0.375,1.3975));
#2450 = VECTOR('',#2451,1.);
#2451 = DIRECTION('',(0.,-1.));
#2452 = ( GEOMETRIC_REPRESENTATION_CONTEXT(2) 
PARAMETRIC_REPRESENTATION_CONTEXT() REPRESENTATION_CONTEXT('2D SPACE',''
  ) );
#2453 = ORIENTED_EDGE('',*,*,#2454,.T.);
#2454 = EDGE_CURVE('',#2427,#2455,#2457,.T.);
#2455 = VERTEX_POINT('',#2456);
#2456 = CARTESIAN_POINT('',(1.875,-0.43,1.025));
#2457 = SURFACE_CURVE('',#2458,(#2462,#2469),.PCURVE_S1.);
#2458 = LINE('',#2459,#2460);
#2459 = CARTESIAN_POINT('',(1.875,2.2375,1.025));
#2460 = VECTOR('',#2461,1.);
#2461 = DIRECTION('',(2.22044604925E-16,-1.,0.));
#2462 = PCURVE('',#1285,#2463);
#2463 = DEFINITIONAL_REPRESENTATION('',(#2464),#2468);
#2464 = LINE('',#2465,#2466);
#2465 = CARTESIAN_POINT('',(0.,1.832436906063E-16));
#2466 = VECTOR('',#2467,1.);
#2467 = DIRECTION('',(1.,-1.100461883326E-16));
#2468 = ( GEOMETRIC_REPRESENTATION_CONTEXT(2) 
PARAMETRIC_REPRESENTATION_CONTEXT() REPRESENTATION_CONTEXT('2D SPACE',''
  ) );
#2469 = PCURVE('',#2284,#2470);
#2470 = DEFINITIONAL_REPRESENTATION('',(#2471),#2474);
#2471 = B_SPLINE_CURVE_WITH_KNOTS('',1,(#2472,#2473),.UNSPECIFIED.,.F.,
  .F.,(2,2),(1.8075,2.6675),.PIECEWISE_BEZIER_KNOTS.);
#2472 = CARTESIAN_POINT('',(1.837793296089,1.));
#2473 = CARTESIAN_POINT('',(2.712206703911,1.));
#2474 = ( GEOMETRIC_REPRESENTATION_CONTEXT(2) 
PARAMETRIC_REPRESENTATION_CONTEXT() REPRESENTATION_CONTEXT('2D SPACE',''
  ) );
#2475 = ORIENTED_EDGE('',*,*,#2476,.T.);
#2476 = EDGE_CURVE('',#2455,#2477,#2479,.T.);
#2477 = VERTEX_POINT('',#2478);
#2478 = CARTESIAN_POINT('',(1.875,-0.84,1.025));
#2479 = SURFACE_CURVE('',#2480,(#2484,#2491),.PCURVE_S1.);
#2480 = LINE('',#2481,#2482);
#2481 = CARTESIAN_POINT('',(1.875,2.2375,1.025));
#2482 = VECTOR('',#2483,1.);
#2483 = DIRECTION('',(2.22044604925E-16,-1.,0.));
#2484 = PCURVE('',#1285,#2485);
#2485 = DEFINITIONAL_REPRESENTATION('',(#2486),#2490);
#2486 = LINE('',#2487,#2488);
#2487 = CARTESIAN_POINT('',(0.,-1.103045166678E-16));
#2488 = VECTOR('',#2489,1.);
#2489 = DIRECTION('',(1.,-3.867985841121E-26));
#2490 = ( GEOMETRIC_REPRESENTATION_CONTEXT(2) 
PARAMETRIC_REPRESENTATION_CONTEXT() REPRESENTATION_CONTEXT('2D SPACE',''
  ) );
#2491 = PCURVE('',#2492,#2497);
#2492 = PLANE('',#2493);
#2493 = AXIS2_PLACEMENT_3D('',#2494,#2495,#2496);
#2494 = CARTESIAN_POINT('',(2.25,-0.43,1.025));
#2495 = DIRECTION('',(0.,0.,-1.));
#2496 = DIRECTION('',(-1.,-2.22044604925E-16,-0.));
#2497 = DEFINITIONAL_REPRESENTATION('',(#2498),#2502);
#2498 = LINE('',#2499,#2500);
#2499 = CARTESIAN_POINT('',(0.375,2.6675));
#2500 = VECTOR('',#2501,1.);
#2501 = DIRECTION('',(0.,-1.));
#2502 = ( GEOMETRIC_REPRESENTATION_CONTEXT(2) 
PARAMETRIC_REPRESENTATION_CONTEXT() REPRESENTATION_CONTEXT('2D SPACE',''
  ) );
#2503 = ORIENTED_EDGE('',*,*,#2504,.T.);
#2504 = EDGE_CURVE('',#2477,#2505,#2507,.T.);
#2505 = VERTEX_POINT('',#2506);
#2506 = CARTESIAN_POINT('',(1.875,-1.7,1.025));
#2507 = SURFACE_CURVE('',#2508,(#2512,#2519),.PCURVE_S1.);
#2508 = LINE('',#2509,#2510);
#2509 = CARTESIAN_POINT('',(1.875,2.2375,1.025));
#2510 = VECTOR('',#2511,1.);
#2511 = DIRECTION('',(2.22044604925E-16,-1.,0.));
#2512 = PCURVE('',#1285,#2513);
#2513 = DEFINITIONAL_REPRESENTATION('',(#2514),#2518);
#2514 = LINE('',#2515,#2516);
#2515 = CARTESIAN_POINT('',(0.,2.283626280447E-16));
#2516 = VECTOR('',#2517,1.);
#2517 = DIRECTION('',(1.,-1.100461884099E-16));
#2518 = ( GEOMETRIC_REPRESENTATION_CONTEXT(2) 
PARAMETRIC_REPRESENTATION_CONTEXT() REPRESENTATION_CONTEXT('2D SPACE',''
  ) );
#2519 = PCURVE('',#2046,#2520);
#2520 = DEFINITIONAL_REPRESENTATION('',(#2521),#2524);
#2521 = B_SPLINE_CURVE_WITH_KNOTS('',1,(#2522,#2523),.UNSPECIFIED.,.F.,
  .F.,(2,2),(3.0775,3.9375),.PIECEWISE_BEZIER_KNOTS.);
#2522 = CARTESIAN_POINT('',(3.129078212291,1.));
#2523 = CARTESIAN_POINT('',(4.003491620112,1.));
#2524 = ( GEOMETRIC_REPRESENTATION_CONTEXT(2) 
PARAMETRIC_REPRESENTATION_CONTEXT() REPRESENTATION_CONTEXT('2D SPACE',''
  ) );
#2525 = ORIENTED_EDGE('',*,*,#2526,.T.);
#2526 = EDGE_CURVE('',#2505,#2527,#2529,.T.);
#2527 = VERTEX_POINT('',#2528);
#2528 = CARTESIAN_POINT('',(1.875,-2.11,1.025));
#2529 = SURFACE_CURVE('',#2530,(#2534,#2541),.PCURVE_S1.);
#2530 = LINE('',#2531,#2532);
#2531 = CARTESIAN_POINT('',(1.875,2.2375,1.025));
#2532 = VECTOR('',#2533,1.);
#2533 = DIRECTION('',(2.22044604925E-16,-1.,0.));
#2534 = PCURVE('',#1285,#2535);
#2535 = DEFINITIONAL_REPRESENTATION('',(#2536),#2540);
#2536 = LINE('',#2537,#2538);
#2537 = CARTESIAN_POINT('',(0.,-2.049442383629E-16));
#2538 = VECTOR('',#2539,1.);
#2539 = DIRECTION('',(1.,-1.159249739466E-25));
#2540 = ( GEOMETRIC_REPRESENTATION_CONTEXT(2) 
PARAMETRIC_REPRESENTATION_CONTEXT() REPRESENTATION_CONTEXT('2D SPACE',''
  ) );
#2541 = PCURVE('',#2542,#2547);
#2542 = PLANE('',#2543);
#2543 = AXIS2_PLACEMENT_3D('',#2544,#2545,#2546);
#2544 = CARTESIAN_POINT('',(2.25,-1.7,1.025));
#2545 = DIRECTION('',(0.,0.,-1.));
#2546 = DIRECTION('',(-1.,-2.22044604925E-16,-0.));
#2547 = DEFINITIONAL_REPRESENTATION('',(#2548),#2552);
#2548 = LINE('',#2549,#2550);
#2549 = CARTESIAN_POINT('',(0.375,3.9375));
#2550 = VECTOR('',#2551,1.);
#2551 = DIRECTION('',(0.,-1.));
#2552 = ( GEOMETRIC_REPRESENTATION_CONTEXT(2) 
PARAMETRIC_REPRESENTATION_CONTEXT() REPRESENTATION_CONTEXT('2D SPACE',''
  ) );
#2553 = ORIENTED_EDGE('',*,*,#2554,.T.);
#2554 = EDGE_CURVE('',#2527,#2555,#2557,.T.);
#2555 = VERTEX_POINT('',#2556);
#2556 = CARTESIAN_POINT('',(1.875,-2.2375,1.025));
#2557 = SURFACE_CURVE('',#2558,(#2562,#2569),.PCURVE_S1.);
#2558 = LINE('',#2559,#2560);
#2559 = CARTESIAN_POINT('',(1.875,2.2375,1.025));
#2560 = VECTOR('',#2561,1.);
#2561 = DIRECTION('',(2.22044604925E-16,-1.,0.));
#2562 = PCURVE('',#1285,#2563);
#2563 = DEFINITIONAL_REPRESENTATION('',(#2564),#2568);
#2564 = LINE('',#2565,#2566);
#2565 = CARTESIAN_POINT('',(0.,9.242286192998E-16));
#2566 = VECTOR('',#2567,1.);
#2567 = DIRECTION('',(1.,-2.597292370711E-16));
#2568 = ( GEOMETRIC_REPRESENTATION_CONTEXT(2) 
PARAMETRIC_REPRESENTATION_CONTEXT() REPRESENTATION_CONTEXT('2D SPACE',''
  ) );
#2569 = PCURVE('',#1884,#2570);
#2570 = DEFINITIONAL_REPRESENTATION('',(#2571),#2574);
#2571 = B_SPLINE_CURVE_WITH_KNOTS('',1,(#2572,#2573),.UNSPECIFIED.,.F.,
  .F.,(2,2),(4.3475,4.475),.PIECEWISE_BEZIER_KNOTS.);
#2572 = CARTESIAN_POINT('',(4.420363128492,1.));
#2573 = CARTESIAN_POINT('',(4.55,1.));
#2574 = ( GEOMETRIC_REPRESENTATION_CONTEXT(2) 
PARAMETRIC_REPRESENTATION_CONTEXT() REPRESENTATION_CONTEXT('2D SPACE',''
  ) );
#2575 = ORIENTED_EDGE('',*,*,#2576,.T.);
#2576 = EDGE_CURVE('',#2555,#2577,#2579,.T.);
#2577 = VERTEX_POINT('',#2578);
#2578 = CARTESIAN_POINT('',(1.760171280765,-2.180085640382,1.75));
#2579 = SURFACE_CURVE('',#2580,(#2583,#2590),.PCURVE_S1.);
#2580 = B_SPLINE_CURVE_WITH_KNOTS('',1,(#2581,#2582),.UNSPECIFIED.,.F.,
  .F.,(2,2),(0.,1.),.PIECEWISE_BEZIER_KNOTS.);
#2581 = CARTESIAN_POINT('',(1.875,-2.2375,1.025));
#2582 = CARTESIAN_POINT('',(1.760171280765,-2.180085640382,1.75));
#2583 = PCURVE('',#1285,#2584);
#2584 = DEFINITIONAL_REPRESENTATION('',(#2585),#2589);
#2585 = LINE('',#2586,#2587);
#2586 = CARTESIAN_POINT('',(4.475,9.319165177224E-17));
#2587 = VECTOR('',#2588,1.);
#2588 = DIRECTION('',(0.,1.));
#2589 = ( GEOMETRIC_REPRESENTATION_CONTEXT(2) 
PARAMETRIC_REPRESENTATION_CONTEXT() REPRESENTATION_CONTEXT('2D SPACE',''
  ) );
#2590 = PCURVE('',#2591,#2596);
#2591 = B_SPLINE_SURFACE_WITH_KNOTS('',1,1,(
    (#2592,#2593)
    ,(#2594,#2595
    )),.UNSPECIFIED.,.F.,.F.,.F.,(2,2),(2,2),(0.,0.194454364826),(0.,1.)
  ,.PIECEWISE_BEZIER_KNOTS.);
#2592 = CARTESIAN_POINT('',(1.875,-2.2375,1.025));
#2593 = CARTESIAN_POINT('',(1.760171280765,-2.180085640382,1.75));
#2594 = CARTESIAN_POINT('',(1.7375,-2.375,1.025));
#2595 = CARTESIAN_POINT('',(1.680085640382,-2.260171280765,1.75));
#2596 = DEFINITIONAL_REPRESENTATION('',(#2597),#2601);
#2597 = LINE('',#2598,#2599);
#2598 = CARTESIAN_POINT('',(-1.318037530753E-16,1.463330846146E-16));
#2599 = VECTOR('',#2600,1.);
#2600 = DIRECTION('',(1.991356383806E-19,1.));
#2601 = ( GEOMETRIC_REPRESENTATION_CONTEXT(2) 
PARAMETRIC_REPRESENTATION_CONTEXT() REPRESENTATION_CONTEXT('2D SPACE',''
  ) );
#2602 = ORIENTED_EDGE('',*,*,#2603,.F.);
#2603 = EDGE_CURVE('',#2604,#2577,#2606,.T.);
#2604 = VERTEX_POINT('',#2605);
#2605 = CARTESIAN_POINT('',(1.760171280765,2.180085640382,1.75));
#2606 = SURFACE_CURVE('',#2607,(#2611,#2617),.PCURVE_S1.);
#2607 = LINE('',#2608,#2609);
#2608 = CARTESIAN_POINT('',(1.760171280765,2.180085640382,1.75));
#2609 = VECTOR('',#2610,1.);
#2610 = DIRECTION('',(2.22044604925E-16,-1.,0.));
#2611 = PCURVE('',#1285,#2612);
#2612 = DEFINITIONAL_REPRESENTATION('',(#2613),#2616);
#2613 = B_SPLINE_CURVE_WITH_KNOTS('',1,(#2614,#2615),.UNSPECIFIED.,.F.,
  .F.,(2,2),(0.,4.360171280764),.PIECEWISE_BEZIER_KNOTS.);
#2614 = CARTESIAN_POINT('',(-3.026276149984E-17,1.));
#2615 = CARTESIAN_POINT('',(4.475,1.));
#2616 = ( GEOMETRIC_REPRESENTATION_CONTEXT(2) 
PARAMETRIC_REPRESENTATION_CONTEXT() REPRESENTATION_CONTEXT('2D SPACE',''
  ) );
#2617 = PCURVE('',#2618,#2623);
#2618 = PLANE('',#2619);
#2619 = AXIS2_PLACEMENT_3D('',#2620,#2621,#2622);
#2620 = CARTESIAN_POINT('',(-1.680085640382,2.260171280765,1.75));
#2621 = DIRECTION('',(0.,0.,-1.));
#2622 = DIRECTION('',(0.596575959062,-0.802556617983,0.));
#2623 = DEFINITIONAL_REPRESENTATION('',(#2624),#2628);
#2624 = LINE('',#2625,#2626);
#2625 = CARTESIAN_POINT('',(2.116647832849,-2.713223791911));
#2626 = VECTOR('',#2627,1.);
#2627 = DIRECTION('',(0.802556617983,0.596575959062));
#2628 = ( GEOMETRIC_REPRESENTATION_CONTEXT(2) 
PARAMETRIC_REPRESENTATION_CONTEXT() REPRESENTATION_CONTEXT('2D SPACE',''
  ) );
#2629 = ORIENTED_EDGE('',*,*,#2630,.F.);
#2630 = EDGE_CURVE('',#2356,#2604,#2631,.T.);
#2631 = SURFACE_CURVE('',#2632,(#2635,#2642),.PCURVE_S1.);
#2632 = B_SPLINE_CURVE_WITH_KNOTS('',1,(#2633,#2634),.UNSPECIFIED.,.F.,
  .F.,(2,2),(0.,1.),.PIECEWISE_BEZIER_KNOTS.);
#2633 = CARTESIAN_POINT('',(1.875,2.2375,1.025));
#2634 = CARTESIAN_POINT('',(1.760171280765,2.180085640382,1.75));
#2635 = PCURVE('',#1285,#2636);
#2636 = DEFINITIONAL_REPRESENTATION('',(#2637),#2641);
#2637 = LINE('',#2638,#2639);
#2638 = CARTESIAN_POINT('',(9.892682991552E-17,9.298836221054E-17));
#2639 = VECTOR('',#2640,1.);
#2640 = DIRECTION('',(-1.291895914154E-16,1.));
#2641 = ( GEOMETRIC_REPRESENTATION_CONTEXT(2) 
PARAMETRIC_REPRESENTATION_CONTEXT() REPRESENTATION_CONTEXT('2D SPACE',''
  ) );
#2642 = PCURVE('',#2643,#2648);
#2643 = B_SPLINE_SURFACE_WITH_KNOTS('',1,1,(
    (#2644,#2645)
    ,(#2646,#2647
    )),.UNSPECIFIED.,.F.,.F.,.F.,(2,2),(2,2),(0.,0.194454364826),(0.,1.)
  ,.PIECEWISE_BEZIER_KNOTS.);
#2644 = CARTESIAN_POINT('',(1.7375,2.375,1.025));
#2645 = CARTESIAN_POINT('',(1.680085640382,2.260171280765,1.75));
#2646 = CARTESIAN_POINT('',(1.875,2.2375,1.025));
#2647 = CARTESIAN_POINT('',(1.760171280765,2.180085640382,1.75));
#2648 = DEFINITIONAL_REPRESENTATION('',(#2649),#2653);
#2649 = LINE('',#2650,#2651);
#2650 = CARTESIAN_POINT('',(0.194454364826,1.109474362103E-16));
#2651 = VECTOR('',#2652,1.);
#2652 = DIRECTION('',(8.326672684689E-17,1.));
#2653 = ( GEOMETRIC_REPRESENTATION_CONTEXT(2) 
PARAMETRIC_REPRESENTATION_CONTEXT() REPRESENTATION_CONTEXT('2D SPACE',''
  ) );
#2654 = ADVANCED_FACE('',(#2655),#1235,.F.);
#2655 = FACE_BOUND('',#2656,.F.);
#2656 = EDGE_LOOP('',(#2657,#2658,#2659,#2679));
#2657 = ORIENTED_EDGE('',*,*,#1219,.F.);
#2658 = ORIENTED_EDGE('',*,*,#1515,.T.);
#2659 = ORIENTED_EDGE('',*,*,#2660,.T.);
#2660 = EDGE_CURVE('',#1488,#2405,#2661,.T.);
#2661 = SURFACE_CURVE('',#2662,(#2666,#2672),.PCURVE_S1.);
#2662 = LINE('',#2663,#2664);
#2663 = CARTESIAN_POINT('',(2.25,0.84,1.025));
#2664 = VECTOR('',#2665,1.);
#2665 = DIRECTION('',(-1.,-2.22044604925E-16,0.));
#2666 = PCURVE('',#1235,#2667);
#2667 = DEFINITIONAL_REPRESENTATION('',(#2668),#2671);
#2668 = B_SPLINE_CURVE_WITH_KNOTS('',1,(#2669,#2670),.UNSPECIFIED.,.F.,
  .F.,(2,2),(0.3,0.375),.PIECEWISE_BEZIER_KNOTS.);
#2669 = CARTESIAN_POINT('',(1.435,2.895957172748E-16));
#2670 = CARTESIAN_POINT('',(1.420921787709,1.));
#2671 = ( GEOMETRIC_REPRESENTATION_CONTEXT(2) 
PARAMETRIC_REPRESENTATION_CONTEXT() REPRESENTATION_CONTEXT('2D SPACE',''
  ) );
#2672 = PCURVE('',#2442,#2673);
#2673 = DEFINITIONAL_REPRESENTATION('',(#2674),#2678);
#2674 = LINE('',#2675,#2676);
#2675 = CARTESIAN_POINT('',(-0.,0.));
#2676 = VECTOR('',#2677,1.);
#2677 = DIRECTION('',(1.,0.));
#2678 = ( GEOMETRIC_REPRESENTATION_CONTEXT(2) 
PARAMETRIC_REPRESENTATION_CONTEXT() REPRESENTATION_CONTEXT('2D SPACE',''
  ) );
#2679 = ORIENTED_EDGE('',*,*,#2404,.F.);
#2680 = ADVANCED_FACE('',(#2681),#1503,.F.);
#2681 = FACE_BOUND('',#2682,.F.);
#2682 = EDGE_LOOP('',(#2683,#2684,#2685,#2713,#2741,#2770,#2798,#2826,
    #2854,#2887,#2915,#2944));
#2683 = ORIENTED_EDGE('',*,*,#1487,.F.);
#2684 = ORIENTED_EDGE('',*,*,#2061,.T.);
#2685 = ORIENTED_EDGE('',*,*,#2686,.T.);
#2686 = EDGE_CURVE('',#2062,#2687,#2689,.T.);
#2687 = VERTEX_POINT('',#2688);
#2688 = CARTESIAN_POINT('',(2.35,0.84,0.725));
#2689 = SURFACE_CURVE('',#2690,(#2695,#2706),.PCURVE_S1.);
#2690 = CIRCLE('',#2691,0.1);
#2691 = AXIS2_PLACEMENT_3D('',#2692,#2693,#2694);
#2692 = CARTESIAN_POINT('',(2.25,0.84,0.725));
#2693 = DIRECTION('',(-2.22044604925E-16,1.,0.));
#2694 = DIRECTION('',(4.440892098501E-15,9.860761315262E-31,1.));
#2695 = PCURVE('',#1503,#2696);
#2696 = DEFINITIONAL_REPRESENTATION('',(#2697),#2705);
#2697 = ( BOUNDED_CURVE() B_SPLINE_CURVE(2,(#2698,#2699,#2700,#2701,
#2702,#2703,#2704),.UNSPECIFIED.,.T.,.F.) B_SPLINE_CURVE_WITH_KNOTS((1,2
    ,2,2,2,1),(-2.094395102393,0.,2.094395102393,4.188790204786,
6.28318530718,8.377580409573),.UNSPECIFIED.) CURVE() 
GEOMETRIC_REPRESENTATION_ITEM() RATIONAL_B_SPLINE_CURVE((1.,0.5,1.,0.5,
1.,0.5,1.)) REPRESENTATION_ITEM('') );
#2698 = CARTESIAN_POINT('',(0.292340342435,0.16578967201));
#2699 = CARTESIAN_POINT('',(0.292340342435,-7.415408746888E-03));
#2700 = CARTESIAN_POINT('',(0.142340342435,7.918713163156E-02));
#2701 = CARTESIAN_POINT('',(-7.659657565E-03,0.16578967201));
#2702 = CARTESIAN_POINT('',(0.142340342435,0.252392212388));
#2703 = CARTESIAN_POINT('',(0.292340342435,0.338994752767));
#2704 = CARTESIAN_POINT('',(0.292340342435,0.16578967201));
#2705 = ( GEOMETRIC_REPRESENTATION_CONTEXT(2) 
PARAMETRIC_REPRESENTATION_CONTEXT() REPRESENTATION_CONTEXT('2D SPACE',''
  ) );
#2706 = PCURVE('',#2127,#2707);
#2707 = DEFINITIONAL_REPRESENTATION('',(#2708),#2712);
#2708 = LINE('',#2709,#2710);
#2709 = CARTESIAN_POINT('',(0.,0.));
#2710 = VECTOR('',#2711,1.);
#2711 = DIRECTION('',(1.,-7.067899292141E-17));
#2712 = ( GEOMETRIC_REPRESENTATION_CONTEXT(2) 
PARAMETRIC_REPRESENTATION_CONTEXT() REPRESENTATION_CONTEXT('2D SPACE',''
  ) );
#2713 = ORIENTED_EDGE('',*,*,#2714,.T.);
#2714 = EDGE_CURVE('',#2687,#2715,#2717,.T.);
#2715 = VERTEX_POINT('',#2716);
#2716 = CARTESIAN_POINT('',(2.35,0.84,0.3));
#2717 = SURFACE_CURVE('',#2718,(#2722,#2729),.PCURVE_S1.);
#2718 = LINE('',#2719,#2720);
#2719 = CARTESIAN_POINT('',(2.35,0.84,0.725));
#2720 = VECTOR('',#2721,1.);
#2721 = DIRECTION('',(1.044915787883E-15,2.320179133003E-31,-1.));
#2722 = PCURVE('',#1503,#2723);
#2723 = DEFINITIONAL_REPRESENTATION('',(#2724),#2728);
#2724 = LINE('',#2725,#2726);
#2725 = CARTESIAN_POINT('',(0.192340342435,6.578967201E-02));
#2726 = VECTOR('',#2727,1.);
#2727 = DIRECTION('',(-1.,-1.044915787883E-15));
#2728 = ( GEOMETRIC_REPRESENTATION_CONTEXT(2) 
PARAMETRIC_REPRESENTATION_CONTEXT() REPRESENTATION_CONTEXT('2D SPACE',''
  ) );
#2729 = PCURVE('',#2730,#2735);
#2730 = PLANE('',#2731);
#2731 = AXIS2_PLACEMENT_3D('',#2732,#2733,#2734);
#2732 = CARTESIAN_POINT('',(2.35,0.84,0.725));
#2733 = DIRECTION('',(1.,2.22044604925E-16,1.044915787883E-15));
#2734 = DIRECTION('',(1.044915787883E-15,2.320179133003E-31,-1.));
#2735 = DEFINITIONAL_REPRESENTATION('',(#2736),#2740);
#2736 = LINE('',#2737,#2738);
#2737 = CARTESIAN_POINT('',(0.,0.));
#2738 = VECTOR('',#2739,1.);
#2739 = DIRECTION('',(1.,0.));
#2740 = ( GEOMETRIC_REPRESENTATION_CONTEXT(2) 
PARAMETRIC_REPRESENTATION_CONTEXT() REPRESENTATION_CONTEXT('2D SPACE',''
  ) );
#2741 = ORIENTED_EDGE('',*,*,#2742,.T.);
#2742 = EDGE_CURVE('',#2715,#2743,#2745,.T.);
#2743 = VERTEX_POINT('',#2744);
#2744 = CARTESIAN_POINT('',(2.65,0.84,5.551115123126E-17));
#2745 = SURFACE_CURVE('',#2746,(#2751,#2758),.PCURVE_S1.);
#2746 = CIRCLE('',#2747,0.3);
#2747 = AXIS2_PLACEMENT_3D('',#2748,#2749,#2750);
#2748 = CARTESIAN_POINT('',(2.65,0.84,0.3));
#2749 = DIRECTION('',(2.22044604925E-16,-1.,0.));
#2750 = DIRECTION('',(-1.,-2.22044604925E-16,3.515706244646E-15));
#2751 = PCURVE('',#1503,#2752);
#2752 = DEFINITIONAL_REPRESENTATION('',(#2753),#2757);
#2753 = CIRCLE('',#2754,0.3);
#2754 = AXIS2_PLACEMENT_2D('',#2755,#2756);
#2755 = CARTESIAN_POINT('',(-0.232659657565,-0.23421032799));
#2756 = DIRECTION('',(3.515706244646E-15,1.));
#2757 = ( GEOMETRIC_REPRESENTATION_CONTEXT(2) 
PARAMETRIC_REPRESENTATION_CONTEXT() REPRESENTATION_CONTEXT('2D SPACE',''
  ) );
#2758 = PCURVE('',#2759,#2764);
#2759 = CYLINDRICAL_SURFACE('',#2760,0.3);
#2760 = AXIS2_PLACEMENT_3D('',#2761,#2762,#2763);
#2761 = CARTESIAN_POINT('',(2.65,0.84,0.3));
#2762 = DIRECTION('',(-2.22044604925E-16,1.,-0.));
#2763 = DIRECTION('',(-1.,-2.22044604925E-16,3.515706244646E-15));
#2764 = DEFINITIONAL_REPRESENTATION('',(#2765),#2769);
#2765 = LINE('',#2766,#2767);
#2766 = CARTESIAN_POINT('',(6.28318530718,-1.110223024625E-16));
#2767 = VECTOR('',#2768,1.);
#2768 = DIRECTION('',(-1.,7.067899292141E-17));
#2769 = ( GEOMETRIC_REPRESENTATION_CONTEXT(2) 
PARAMETRIC_REPRESENTATION_CONTEXT() REPRESENTATION_CONTEXT('2D SPACE',''
  ) );
#2770 = ORIENTED_EDGE('',*,*,#2771,.T.);
#2771 = EDGE_CURVE('',#2743,#2772,#2774,.T.);
#2772 = VERTEX_POINT('',#2773);
#2773 = CARTESIAN_POINT('',(3.,0.84,5.551115123126E-17));
#2774 = SURFACE_CURVE('',#2775,(#2779,#2786),.PCURVE_S1.);
#2775 = LINE('',#2776,#2777);
#2776 = CARTESIAN_POINT('',(2.65,0.84,5.551115123126E-17));
#2777 = VECTOR('',#2778,1.);
#2778 = DIRECTION('',(1.,2.22044604925E-16,0.));
#2779 = PCURVE('',#1503,#2780);
#2780 = DEFINITIONAL_REPRESENTATION('',(#2781),#2785);
#2781 = LINE('',#2782,#2783);
#2782 = CARTESIAN_POINT('',(-0.532659657565,-0.23421032799));
#2783 = VECTOR('',#2784,1.);
#2784 = DIRECTION('',(0.,-1.));
#2785 = ( GEOMETRIC_REPRESENTATION_CONTEXT(2) 
PARAMETRIC_REPRESENTATION_CONTEXT() REPRESENTATION_CONTEXT('2D SPACE',''
  ) );
#2786 = PCURVE('',#2787,#2792);
#2787 = PLANE('',#2788);
#2788 = AXIS2_PLACEMENT_3D('',#2789,#2790,#2791);
#2789 = CARTESIAN_POINT('',(2.65,0.84,5.551115123126E-17));
#2790 = DIRECTION('',(0.,0.,1.));
#2791 = DIRECTION('',(1.,2.22044604925E-16,-0.));
#2792 = DEFINITIONAL_REPRESENTATION('',(#2793),#2797);
#2793 = LINE('',#2794,#2795);
#2794 = CARTESIAN_POINT('',(0.,0.));
#2795 = VECTOR('',#2796,1.);
#2796 = DIRECTION('',(1.,0.));
#2797 = ( GEOMETRIC_REPRESENTATION_CONTEXT(2) 
PARAMETRIC_REPRESENTATION_CONTEXT() REPRESENTATION_CONTEXT('2D SPACE',''
  ) );
#2798 = ORIENTED_EDGE('',*,*,#2799,.T.);
#2799 = EDGE_CURVE('',#2772,#2800,#2802,.T.);
#2800 = VERTEX_POINT('',#2801);
#2801 = CARTESIAN_POINT('',(3.,0.84,0.2));
#2802 = SURFACE_CURVE('',#2803,(#2807,#2814),.PCURVE_S1.);
#2803 = LINE('',#2804,#2805);
#2804 = CARTESIAN_POINT('',(3.,0.84,5.551115123126E-17));
#2805 = VECTOR('',#2806,1.);
#2806 = DIRECTION('',(0.,0.,1.));
#2807 = PCURVE('',#1503,#2808);
#2808 = DEFINITIONAL_REPRESENTATION('',(#2809),#2813);
#2809 = LINE('',#2810,#2811);
#2810 = CARTESIAN_POINT('',(-0.532659657565,-0.58421032799));
#2811 = VECTOR('',#2812,1.);
#2812 = DIRECTION('',(1.,0.));
#2813 = ( GEOMETRIC_REPRESENTATION_CONTEXT(2) 
PARAMETRIC_REPRESENTATION_CONTEXT() REPRESENTATION_CONTEXT('2D SPACE',''
  ) );
#2814 = PCURVE('',#2815,#2820);
#2815 = PLANE('',#2816);
#2816 = AXIS2_PLACEMENT_3D('',#2817,#2818,#2819);
#2817 = CARTESIAN_POINT('',(3.,0.84,5.551115123126E-17));
#2818 = DIRECTION('',(-1.,-2.22044604925E-16,0.));
#2819 = DIRECTION('',(0.,0.,1.));
#2820 = DEFINITIONAL_REPRESENTATION('',(#2821),#2825);
#2821 = LINE('',#2822,#2823);
#2822 = CARTESIAN_POINT('',(0.,0.));
#2823 = VECTOR('',#2824,1.);
#2824 = DIRECTION('',(1.,0.));
#2825 = ( GEOMETRIC_REPRESENTATION_CONTEXT(2) 
PARAMETRIC_REPRESENTATION_CONTEXT() REPRESENTATION_CONTEXT('2D SPACE',''
  ) );
#2826 = ORIENTED_EDGE('',*,*,#2827,.T.);
#2827 = EDGE_CURVE('',#2800,#2828,#2830,.T.);
#2828 = VERTEX_POINT('',#2829);
#2829 = CARTESIAN_POINT('',(2.65,0.84,0.2));
#2830 = SURFACE_CURVE('',#2831,(#2835,#2842),.PCURVE_S1.);
#2831 = LINE('',#2832,#2833);
#2832 = CARTESIAN_POINT('',(3.,0.84,0.2));
#2833 = VECTOR('',#2834,1.);
#2834 = DIRECTION('',(-1.,-2.22044604925E-16,0.));
#2835 = PCURVE('',#1503,#2836);
#2836 = DEFINITIONAL_REPRESENTATION('',(#2837),#2841);
#2837 = LINE('',#2838,#2839);
#2838 = CARTESIAN_POINT('',(-0.332659657565,-0.58421032799));
#2839 = VECTOR('',#2840,1.);
#2840 = DIRECTION('',(0.,1.));
#2841 = ( GEOMETRIC_REPRESENTATION_CONTEXT(2) 
PARAMETRIC_REPRESENTATION_CONTEXT() REPRESENTATION_CONTEXT('2D SPACE',''
  ) );
#2842 = PCURVE('',#2843,#2848);
#2843 = PLANE('',#2844);
#2844 = AXIS2_PLACEMENT_3D('',#2845,#2846,#2847);
#2845 = CARTESIAN_POINT('',(3.,0.84,0.2));
#2846 = DIRECTION('',(0.,0.,-1.));
#2847 = DIRECTION('',(-1.,-2.22044604925E-16,-0.));
#2848 = DEFINITIONAL_REPRESENTATION('',(#2849),#2853);
#2849 = LINE('',#2850,#2851);
#2850 = CARTESIAN_POINT('',(-0.,0.));
#2851 = VECTOR('',#2852,1.);
#2852 = DIRECTION('',(1.,0.));
#2853 = ( GEOMETRIC_REPRESENTATION_CONTEXT(2) 
PARAMETRIC_REPRESENTATION_CONTEXT() REPRESENTATION_CONTEXT('2D SPACE',''
  ) );
#2854 = ORIENTED_EDGE('',*,*,#2855,.T.);
#2855 = EDGE_CURVE('',#2828,#2856,#2858,.T.);
#2856 = VERTEX_POINT('',#2857);
#2857 = CARTESIAN_POINT('',(2.55,0.84,0.3));
#2858 = SURFACE_CURVE('',#2859,(#2864,#2875),.PCURVE_S1.);
#2859 = CIRCLE('',#2860,0.1);
#2860 = AXIS2_PLACEMENT_3D('',#2861,#2862,#2863);
#2861 = CARTESIAN_POINT('',(2.65,0.84,0.3));
#2862 = DIRECTION('',(-2.22044604925E-16,1.,0.));
#2863 = DIRECTION('',(0.,0.,-1.));
#2864 = PCURVE('',#1503,#2865);
#2865 = DEFINITIONAL_REPRESENTATION('',(#2866),#2874);
#2866 = ( BOUNDED_CURVE() B_SPLINE_CURVE(2,(#2867,#2868,#2869,#2870,
#2871,#2872,#2873),.UNSPECIFIED.,.T.,.F.) B_SPLINE_CURVE_WITH_KNOTS((1,2
    ,2,2,2,1),(-2.094395102393,0.,2.094395102393,4.188790204786,
6.28318530718,8.377580409573),.UNSPECIFIED.) CURVE() 
GEOMETRIC_REPRESENTATION_ITEM() RATIONAL_B_SPLINE_CURVE((1.,0.5,1.,0.5,
1.,0.5,1.)) REPRESENTATION_ITEM('') );
#2867 = CARTESIAN_POINT('',(-0.332659657565,-0.23421032799));
#2868 = CARTESIAN_POINT('',(-0.332659657565,-6.100524723311E-02));
#2869 = CARTESIAN_POINT('',(-0.182659657565,-0.147607787612));
#2870 = CARTESIAN_POINT('',(-3.2659657565E-02,-0.23421032799));
#2871 = CARTESIAN_POINT('',(-0.182659657565,-0.320812868368));
#2872 = CARTESIAN_POINT('',(-0.332659657565,-0.407415408747));
#2873 = CARTESIAN_POINT('',(-0.332659657565,-0.23421032799));
#2874 = ( GEOMETRIC_REPRESENTATION_CONTEXT(2) 
PARAMETRIC_REPRESENTATION_CONTEXT() REPRESENTATION_CONTEXT('2D SPACE',''
  ) );
#2875 = PCURVE('',#2876,#2881);
#2876 = CYLINDRICAL_SURFACE('',#2877,0.1);
#2877 = AXIS2_PLACEMENT_3D('',#2878,#2879,#2880);
#2878 = CARTESIAN_POINT('',(2.65,0.84,0.3));
#2879 = DIRECTION('',(-2.22044604925E-16,1.,0.));
#2880 = DIRECTION('',(0.,0.,-1.));
#2881 = DEFINITIONAL_REPRESENTATION('',(#2882),#2886);
#2882 = LINE('',#2883,#2884);
#2883 = CARTESIAN_POINT('',(0.,0.));
#2884 = VECTOR('',#2885,1.);
#2885 = DIRECTION('',(1.,0.));
#2886 = ( GEOMETRIC_REPRESENTATION_CONTEXT(2) 
PARAMETRIC_REPRESENTATION_CONTEXT() REPRESENTATION_CONTEXT('2D SPACE',''
  ) );
#2887 = ORIENTED_EDGE('',*,*,#2888,.T.);
#2888 = EDGE_CURVE('',#2856,#2889,#2891,.T.);
#2889 = VERTEX_POINT('',#2890);
#2890 = CARTESIAN_POINT('',(2.55,0.84,0.725));
#2891 = SURFACE_CURVE('',#2892,(#2896,#2903),.PCURVE_S1.);
#2892 = LINE('',#2893,#2894);
#2893 = CARTESIAN_POINT('',(2.55,0.84,0.3));
#2894 = VECTOR('',#2895,1.);
#2895 = DIRECTION('',(0.,0.,1.));
#2896 = PCURVE('',#1503,#2897);
#2897 = DEFINITIONAL_REPRESENTATION('',(#2898),#2902);
#2898 = LINE('',#2899,#2900);
#2899 = CARTESIAN_POINT('',(-0.232659657565,-0.13421032799));
#2900 = VECTOR('',#2901,1.);
#2901 = DIRECTION('',(1.,0.));
#2902 = ( GEOMETRIC_REPRESENTATION_CONTEXT(2) 
PARAMETRIC_REPRESENTATION_CONTEXT() REPRESENTATION_CONTEXT('2D SPACE',''
  ) );
#2903 = PCURVE('',#2904,#2909);
#2904 = PLANE('',#2905);
#2905 = AXIS2_PLACEMENT_3D('',#2906,#2907,#2908);
#2906 = CARTESIAN_POINT('',(2.55,0.84,0.3));
#2907 = DIRECTION('',(-1.,-2.22044604925E-16,0.));
#2908 = DIRECTION('',(0.,0.,1.));
#2909 = DEFINITIONAL_REPRESENTATION('',(#2910),#2914);
#2910 = LINE('',#2911,#2912);
#2911 = CARTESIAN_POINT('',(0.,0.));
#2912 = VECTOR('',#2913,1.);
#2913 = DIRECTION('',(1.,0.));
#2914 = ( GEOMETRIC_REPRESENTATION_CONTEXT(2) 
PARAMETRIC_REPRESENTATION_CONTEXT() REPRESENTATION_CONTEXT('2D SPACE',''
  ) );
#2915 = ORIENTED_EDGE('',*,*,#2916,.T.);
#2916 = EDGE_CURVE('',#2889,#2917,#2919,.T.);
#2917 = VERTEX_POINT('',#2918);
#2918 = CARTESIAN_POINT('',(2.25,0.84,1.025));
#2919 = SURFACE_CURVE('',#2920,(#2925,#2932),.PCURVE_S1.);
#2920 = CIRCLE('',#2921,0.3);
#2921 = AXIS2_PLACEMENT_3D('',#2922,#2923,#2924);
#2922 = CARTESIAN_POINT('',(2.25,0.84,0.725));
#2923 = DIRECTION('',(2.22044604925E-16,-1.,0.));
#2924 = DIRECTION('',(1.,2.22044604925E-16,3.700743415417E-16));
#2925 = PCURVE('',#1503,#2926);
#2926 = DEFINITIONAL_REPRESENTATION('',(#2927),#2931);
#2927 = CIRCLE('',#2928,0.3);
#2928 = AXIS2_PLACEMENT_2D('',#2929,#2930);
#2929 = CARTESIAN_POINT('',(0.192340342435,0.16578967201));
#2930 = DIRECTION('',(3.700743415417E-16,-1.));
#2931 = ( GEOMETRIC_REPRESENTATION_CONTEXT(2) 
PARAMETRIC_REPRESENTATION_CONTEXT() REPRESENTATION_CONTEXT('2D SPACE',''
  ) );
#2932 = PCURVE('',#2933,#2938);
#2933 = CYLINDRICAL_SURFACE('',#2934,0.3);
#2934 = AXIS2_PLACEMENT_3D('',#2935,#2936,#2937);
#2935 = CARTESIAN_POINT('',(2.25,0.84,0.725));
#2936 = DIRECTION('',(-2.22044604925E-16,1.,-0.));
#2937 = DIRECTION('',(1.,2.22044604925E-16,3.700743415417E-16));
#2938 = DEFINITIONAL_REPRESENTATION('',(#2939),#2943);
#2939 = LINE('',#2940,#2941);
#2940 = CARTESIAN_POINT('',(6.28318530718,0.));
#2941 = VECTOR('',#2942,1.);
#2942 = DIRECTION('',(-1.,0.));
#2943 = ( GEOMETRIC_REPRESENTATION_CONTEXT(2) 
PARAMETRIC_REPRESENTATION_CONTEXT() REPRESENTATION_CONTEXT('2D SPACE',''
  ) );
#2944 = ORIENTED_EDGE('',*,*,#2945,.T.);
#2945 = EDGE_CURVE('',#2917,#1488,#2946,.T.);
#2946 = SURFACE_CURVE('',#2947,(#2951,#2958),.PCURVE_S1.);
#2947 = LINE('',#2948,#2949);
#2948 = CARTESIAN_POINT('',(2.25,0.84,1.025));
#2949 = VECTOR('',#2950,1.);
#2950 = DIRECTION('',(-1.,-2.22044604925E-16,0.));
#2951 = PCURVE('',#1503,#2952);
#2952 = DEFINITIONAL_REPRESENTATION('',(#2953),#2957);
#2953 = LINE('',#2954,#2955);
#2954 = CARTESIAN_POINT('',(0.492340342435,0.16578967201));
#2955 = VECTOR('',#2956,1.);
#2956 = DIRECTION('',(0.,1.));
#2957 = ( GEOMETRIC_REPRESENTATION_CONTEXT(2) 
PARAMETRIC_REPRESENTATION_CONTEXT() REPRESENTATION_CONTEXT('2D SPACE',''
  ) );
#2958 = PCURVE('',#2442,#2959);
#2959 = DEFINITIONAL_REPRESENTATION('',(#2960),#2964);
#2960 = LINE('',#2961,#2962);
#2961 = CARTESIAN_POINT('',(-0.,0.));
#2962 = VECTOR('',#2963,1.);
#2963 = DIRECTION('',(1.,0.));
#2964 = ( GEOMETRIC_REPRESENTATION_CONTEXT(2) 
PARAMETRIC_REPRESENTATION_CONTEXT() REPRESENTATION_CONTEXT('2D SPACE',''
  ) );
#2965 = ADVANCED_FACE('',(#2966),#1706,.F.);
#2966 = FACE_BOUND('',#2967,.F.);
#2967 = EDGE_LOOP('',(#2968,#2969,#2970,#2993));
#2968 = ORIENTED_EDGE('',*,*,#1692,.T.);
#2969 = ORIENTED_EDGE('',*,*,#1745,.T.);
#2970 = ORIENTED_EDGE('',*,*,#2971,.F.);
#2971 = EDGE_CURVE('',#2972,#1723,#2974,.T.);
#2972 = VERTEX_POINT('',#2973);
#2973 = CARTESIAN_POINT('',(-1.775,2.45,0.825));
#2974 = SURFACE_CURVE('',#2975,(#2979,#2986),.PCURVE_S1.);
#2975 = LINE('',#2976,#2977);
#2976 = CARTESIAN_POINT('',(-1.775,2.45,0.825));
#2977 = VECTOR('',#2978,1.);
#2978 = DIRECTION('',(1.,2.22044604925E-16,0.));
#2979 = PCURVE('',#1706,#2980);
#2980 = DEFINITIONAL_REPRESENTATION('',(#2981),#2985);
#2981 = LINE('',#2982,#2983);
#2982 = CARTESIAN_POINT('',(2.176640215269E-17,1.));
#2983 = VECTOR('',#2984,1.);
#2984 = DIRECTION('',(1.,9.382166405283E-17));
#2985 = ( GEOMETRIC_REPRESENTATION_CONTEXT(2) 
PARAMETRIC_REPRESENTATION_CONTEXT() REPRESENTATION_CONTEXT('2D SPACE',''
  ) );
#2986 = PCURVE('',#2341,#2987);
#2987 = DEFINITIONAL_REPRESENTATION('',(#2988),#2992);
#2988 = LINE('',#2989,#2990);
#2989 = CARTESIAN_POINT('',(0.,-0.2));
#2990 = VECTOR('',#2991,1.);
#2991 = DIRECTION('',(1.,0.));
#2992 = ( GEOMETRIC_REPRESENTATION_CONTEXT(2) 
PARAMETRIC_REPRESENTATION_CONTEXT() REPRESENTATION_CONTEXT('2D SPACE',''
  ) );
#2993 = ORIENTED_EDGE('',*,*,#2994,.F.);
#2994 = EDGE_CURVE('',#1542,#2972,#2995,.T.);
#2995 = SURFACE_CURVE('',#2996,(#2999,#3006),.PCURVE_S1.);
#2996 = B_SPLINE_CURVE_WITH_KNOTS('',1,(#2997,#2998),.UNSPECIFIED.,.F.,
  .F.,(2,2),(0.,1.),.PIECEWISE_BEZIER_KNOTS.);
#2997 = CARTESIAN_POINT('',(-1.717585640382,2.335171280765,0.1));
#2998 = CARTESIAN_POINT('',(-1.775,2.45,0.825));
#2999 = PCURVE('',#1706,#3000);
#3000 = DEFINITIONAL_REPRESENTATION('',(#3001),#3005);
#3001 = LINE('',#3002,#3003);
#3002 = CARTESIAN_POINT('',(2.867682730149E-16,-3.386432460304E-17));
#3003 = VECTOR('',#3004,1.);
#3004 = DIRECTION('',(-2.650018708623E-16,1.));
#3005 = ( GEOMETRIC_REPRESENTATION_CONTEXT(2) 
PARAMETRIC_REPRESENTATION_CONTEXT() REPRESENTATION_CONTEXT('2D SPACE',''
  ) );
#3006 = PCURVE('',#1557,#3007);
#3007 = DEFINITIONAL_REPRESENTATION('',(#3008),#3012);
#3008 = LINE('',#3009,#3010);
#3009 = CARTESIAN_POINT('',(0.247487373415,2.905068403533E-17));
#3010 = VECTOR('',#3011,1.);
#3011 = DIRECTION('',(-5.828670879282E-16,1.));
#3012 = ( GEOMETRIC_REPRESENTATION_CONTEXT(2) 
PARAMETRIC_REPRESENTATION_CONTEXT() REPRESENTATION_CONTEXT('2D SPACE',''
  ) );
#3013 = ADVANCED_FACE('',(#3014),#1638,.F.);
#3014 = FACE_BOUND('',#3015,.F.);
#3015 = EDGE_LOOP('',(#3016,#3017,#3039,#3065));
#3016 = ORIENTED_EDGE('',*,*,#1622,.T.);
#3017 = ORIENTED_EDGE('',*,*,#3018,.T.);
#3018 = EDGE_CURVE('',#1596,#3019,#3021,.T.);
#3019 = VERTEX_POINT('',#3020);
#3020 = CARTESIAN_POINT('',(-1.775,-2.45,0.825));
#3021 = SURFACE_CURVE('',#3022,(#3025,#3032),.PCURVE_S1.);
#3022 = B_SPLINE_CURVE_WITH_KNOTS('',1,(#3023,#3024),.UNSPECIFIED.,.F.,
  .F.,(2,2),(0.,1.),.PIECEWISE_BEZIER_KNOTS.);
#3023 = CARTESIAN_POINT('',(-1.717585640382,-2.335171280765,0.1));
#3024 = CARTESIAN_POINT('',(-1.775,-2.45,0.825));
#3025 = PCURVE('',#1638,#3026);
#3026 = DEFINITIONAL_REPRESENTATION('',(#3027),#3031);
#3027 = LINE('',#3028,#3029);
#3028 = CARTESIAN_POINT('',(3.55,-7.120423569698E-17));
#3029 = VECTOR('',#3030,1.);
#3030 = DIRECTION('',(0.,1.));
#3031 = ( GEOMETRIC_REPRESENTATION_CONTEXT(2) 
PARAMETRIC_REPRESENTATION_CONTEXT() REPRESENTATION_CONTEXT('2D SPACE',''
  ) );
#3032 = PCURVE('',#1611,#3033);
#3033 = DEFINITIONAL_REPRESENTATION('',(#3034),#3038);
#3034 = LINE('',#3035,#3036);
#3035 = CARTESIAN_POINT('',(-6.316502332661E-16,2.905068403496E-17));
#3036 = VECTOR('',#3037,1.);
#3037 = DIRECTION('',(6.822271644914E-16,1.));
#3038 = ( GEOMETRIC_REPRESENTATION_CONTEXT(2) 
PARAMETRIC_REPRESENTATION_CONTEXT() REPRESENTATION_CONTEXT('2D SPACE',''
  ) );
#3039 = ORIENTED_EDGE('',*,*,#3040,.F.);
#3040 = EDGE_CURVE('',#1770,#3019,#3041,.T.);
#3041 = SURFACE_CURVE('',#3042,(#3046,#3053),.PCURVE_S1.);
#3042 = LINE('',#3043,#3044);
#3043 = CARTESIAN_POINT('',(1.775,-2.45,0.825));
#3044 = VECTOR('',#3045,1.);
#3045 = DIRECTION('',(-1.,-2.22044604925E-16,0.));
#3046 = PCURVE('',#1638,#3047);
#3047 = DEFINITIONAL_REPRESENTATION('',(#3048),#3052);
#3048 = LINE('',#3049,#3050);
#3049 = CARTESIAN_POINT('',(2.176640215269E-17,1.));
#3050 = VECTOR('',#3051,1.);
#3051 = DIRECTION('',(1.,9.382166405283E-17));
#3052 = ( GEOMETRIC_REPRESENTATION_CONTEXT(2) 
PARAMETRIC_REPRESENTATION_CONTEXT() REPRESENTATION_CONTEXT('2D SPACE',''
  ) );
#3053 = PCURVE('',#3054,#3059);
#3054 = PLANE('',#3055);
#3055 = AXIS2_PLACEMENT_3D('',#3056,#3057,#3058);
#3056 = CARTESIAN_POINT('',(1.775,-2.45,1.025));
#3057 = DIRECTION('',(-2.22044604925E-16,1.,0.));
#3058 = DIRECTION('',(-1.,-2.22044604925E-16,0.));
#3059 = DEFINITIONAL_REPRESENTATION('',(#3060),#3064);
#3060 = LINE('',#3061,#3062);
#3061 = CARTESIAN_POINT('',(-0.,-0.2));
#3062 = VECTOR('',#3063,1.);
#3063 = DIRECTION('',(1.,0.));
#3064 = ( GEOMETRIC_REPRESENTATION_CONTEXT(2) 
PARAMETRIC_REPRESENTATION_CONTEXT() REPRESENTATION_CONTEXT('2D SPACE',''
  ) );
#3065 = ORIENTED_EDGE('',*,*,#1769,.F.);
#3066 = ADVANCED_FACE('',(#3067),#1611,.F.);
#3067 = FACE_BOUND('',#3068,.F.);
#3068 = EDGE_LOOP('',(#3069,#3070,#3092,#3118));
#3069 = ORIENTED_EDGE('',*,*,#1595,.T.);
#3070 = ORIENTED_EDGE('',*,*,#3071,.T.);
#3071 = EDGE_CURVE('',#1569,#3072,#3074,.T.);
#3072 = VERTEX_POINT('',#3073);
#3073 = CARTESIAN_POINT('',(-1.95,-2.275,0.825));
#3074 = SURFACE_CURVE('',#3075,(#3078,#3085),.PCURVE_S1.);
#3075 = B_SPLINE_CURVE_WITH_KNOTS('',1,(#3076,#3077),.UNSPECIFIED.,.F.,
  .F.,(2,2),(0.,1.),.PIECEWISE_BEZIER_KNOTS.);
#3076 = CARTESIAN_POINT('',(-1.835171280765,-2.217585640382,0.1));
#3077 = CARTESIAN_POINT('',(-1.95,-2.275,0.825));
#3078 = PCURVE('',#1611,#3079);
#3079 = DEFINITIONAL_REPRESENTATION('',(#3080),#3084);
#3080 = LINE('',#3081,#3082);
#3081 = CARTESIAN_POINT('',(0.247487373415,-4.171445780772E-17));
#3082 = VECTOR('',#3083,1.);
#3083 = DIRECTION('',(1.387778780781E-16,1.));
#3084 = ( GEOMETRIC_REPRESENTATION_CONTEXT(2) 
PARAMETRIC_REPRESENTATION_CONTEXT() REPRESENTATION_CONTEXT('2D SPACE',''
  ) );
#3085 = PCURVE('',#1584,#3086);
#3086 = DEFINITIONAL_REPRESENTATION('',(#3087),#3091);
#3087 = LINE('',#3088,#3089);
#3088 = CARTESIAN_POINT('',(-4.94827695417E-16,-2.662846262169E-17));
#3089 = VECTOR('',#3090,1.);
#3090 = DIRECTION('',(1.584189194698E-16,1.));
#3091 = ( GEOMETRIC_REPRESENTATION_CONTEXT(2) 
PARAMETRIC_REPRESENTATION_CONTEXT() REPRESENTATION_CONTEXT('2D SPACE',''
  ) );
#3092 = ORIENTED_EDGE('',*,*,#3093,.F.);
#3093 = EDGE_CURVE('',#3019,#3072,#3094,.T.);
#3094 = SURFACE_CURVE('',#3095,(#3099,#3106),.PCURVE_S1.);
#3095 = LINE('',#3096,#3097);
#3096 = CARTESIAN_POINT('',(-1.775,-2.45,0.825));
#3097 = VECTOR('',#3098,1.);
#3098 = DIRECTION('',(-0.707106781187,0.707106781187,0.));
#3099 = PCURVE('',#1611,#3100);
#3100 = DEFINITIONAL_REPRESENTATION('',(#3101),#3105);
#3101 = LINE('',#3102,#3103);
#3102 = CARTESIAN_POINT('',(5.057693122531E-17,1.));
#3103 = VECTOR('',#3104,1.);
#3104 = DIRECTION('',(1.,0.));
#3105 = ( GEOMETRIC_REPRESENTATION_CONTEXT(2) 
PARAMETRIC_REPRESENTATION_CONTEXT() REPRESENTATION_CONTEXT('2D SPACE',''
  ) );
#3106 = PCURVE('',#3107,#3112);
#3107 = PLANE('',#3108);
#3108 = AXIS2_PLACEMENT_3D('',#3109,#3110,#3111);
#3109 = CARTESIAN_POINT('',(-1.775,-2.45,1.025));
#3110 = DIRECTION('',(0.707106781187,0.707106781187,0.));
#3111 = DIRECTION('',(-0.707106781187,0.707106781187,0.));
#3112 = DEFINITIONAL_REPRESENTATION('',(#3113),#3117);
#3113 = LINE('',#3114,#3115);
#3114 = CARTESIAN_POINT('',(0.,-0.2));
#3115 = VECTOR('',#3116,1.);
#3116 = DIRECTION('',(1.,0.));
#3117 = ( GEOMETRIC_REPRESENTATION_CONTEXT(2) 
PARAMETRIC_REPRESENTATION_CONTEXT() REPRESENTATION_CONTEXT('2D SPACE',''
  ) );
#3118 = ORIENTED_EDGE('',*,*,#3018,.F.);
#3119 = ADVANCED_FACE('',(#3120),#1584,.F.);
#3120 = FACE_BOUND('',#3121,.F.);
#3121 = EDGE_LOOP('',(#3122,#3123,#3145,#3173,#3201,#3229,#3257,#3285,
    #3313,#3341,#3369,#3395));
#3122 = ORIENTED_EDGE('',*,*,#1568,.T.);
#3123 = ORIENTED_EDGE('',*,*,#3124,.T.);
#3124 = EDGE_CURVE('',#1540,#3125,#3127,.T.);
#3125 = VERTEX_POINT('',#3126);
#3126 = CARTESIAN_POINT('',(-1.95,2.275,0.825));
#3127 = SURFACE_CURVE('',#3128,(#3131,#3138),.PCURVE_S1.);
#3128 = B_SPLINE_CURVE_WITH_KNOTS('',1,(#3129,#3130),.UNSPECIFIED.,.F.,
  .F.,(2,2),(0.,1.),.PIECEWISE_BEZIER_KNOTS.);
#3129 = CARTESIAN_POINT('',(-1.835171280765,2.217585640382,0.1));
#3130 = CARTESIAN_POINT('',(-1.95,2.275,0.825));
#3131 = PCURVE('',#1584,#3132);
#3132 = DEFINITIONAL_REPRESENTATION('',(#3133),#3137);
#3133 = LINE('',#3134,#3135);
#3134 = CARTESIAN_POINT('',(4.55,-5.572304233278E-17));
#3135 = VECTOR('',#3136,1.);
#3136 = DIRECTION('',(8.881784197001E-16,1.));
#3137 = ( GEOMETRIC_REPRESENTATION_CONTEXT(2) 
PARAMETRIC_REPRESENTATION_CONTEXT() REPRESENTATION_CONTEXT('2D SPACE',''
  ) );
#3138 = PCURVE('',#1557,#3139);
#3139 = DEFINITIONAL_REPRESENTATION('',(#3140),#3144);
#3140 = LINE('',#3141,#3142);
#3141 = CARTESIAN_POINT('',(2.992756715082E-16,-4.171445780772E-17));
#3142 = VECTOR('',#3143,1.);
#3143 = DIRECTION('',(-4.054720267371E-16,1.));
#3144 = ( GEOMETRIC_REPRESENTATION_CONTEXT(2) 
PARAMETRIC_REPRESENTATION_CONTEXT() REPRESENTATION_CONTEXT('2D SPACE',''
  ) );
#3145 = ORIENTED_EDGE('',*,*,#3146,.F.);
#3146 = EDGE_CURVE('',#3147,#3125,#3149,.T.);
#3147 = VERTEX_POINT('',#3148);
#3148 = CARTESIAN_POINT('',(-1.95,2.11,0.825));
#3149 = SURFACE_CURVE('',#3150,(#3154,#3161),.PCURVE_S1.);
#3150 = LINE('',#3151,#3152);
#3151 = CARTESIAN_POINT('',(-1.95,-2.275,0.825));
#3152 = VECTOR('',#3153,1.);
#3153 = DIRECTION('',(-2.22044604925E-16,1.,0.));
#3154 = PCURVE('',#1584,#3155);
#3155 = DEFINITIONAL_REPRESENTATION('',(#3156),#3160);
#3156 = LINE('',#3157,#3158);
#3157 = CARTESIAN_POINT('',(8.881784197001E-16,1.));
#3158 = VECTOR('',#3159,1.);
#3159 = DIRECTION('',(1.,0.));
#3160 = ( GEOMETRIC_REPRESENTATION_CONTEXT(2) 
PARAMETRIC_REPRESENTATION_CONTEXT() REPRESENTATION_CONTEXT('2D SPACE',''
  ) );
#3161 = PCURVE('',#3162,#3167);
#3162 = PLANE('',#3163);
#3163 = AXIS2_PLACEMENT_3D('',#3164,#3165,#3166);
#3164 = CARTESIAN_POINT('',(-1.95,-2.275,1.025));
#3165 = DIRECTION('',(1.,2.22044604925E-16,0.));
#3166 = DIRECTION('',(-2.22044604925E-16,1.,0.));
#3167 = DEFINITIONAL_REPRESENTATION('',(#3168),#3172);
#3168 = LINE('',#3169,#3170);
#3169 = CARTESIAN_POINT('',(0.,-0.2));
#3170 = VECTOR('',#3171,1.);
#3171 = DIRECTION('',(1.,0.));
#3172 = ( GEOMETRIC_REPRESENTATION_CONTEXT(2) 
PARAMETRIC_REPRESENTATION_CONTEXT() REPRESENTATION_CONTEXT('2D SPACE',''
  ) );
#3173 = ORIENTED_EDGE('',*,*,#3174,.F.);
#3174 = EDGE_CURVE('',#3175,#3147,#3177,.T.);
#3175 = VERTEX_POINT('',#3176);
#3176 = CARTESIAN_POINT('',(-1.95,1.7,0.825));
#3177 = SURFACE_CURVE('',#3178,(#3182,#3189),.PCURVE_S1.);
#3178 = LINE('',#3179,#3180);
#3179 = CARTESIAN_POINT('',(-1.95,-2.275,0.825));
#3180 = VECTOR('',#3181,1.);
#3181 = DIRECTION('',(-2.22044604925E-16,1.,0.));
#3182 = PCURVE('',#1584,#3183);
#3183 = DEFINITIONAL_REPRESENTATION('',(#3184),#3188);
#3184 = LINE('',#3185,#3186);
#3185 = CARTESIAN_POINT('',(4.440892098501E-16,1.));
#3186 = VECTOR('',#3187,1.);
#3187 = DIRECTION('',(1.,0.));
#3188 = ( GEOMETRIC_REPRESENTATION_CONTEXT(2) 
PARAMETRIC_REPRESENTATION_CONTEXT() REPRESENTATION_CONTEXT('2D SPACE',''
  ) );
#3189 = PCURVE('',#3190,#3195);
#3190 = PLANE('',#3191);
#3191 = AXIS2_PLACEMENT_3D('',#3192,#3193,#3194);
#3192 = CARTESIAN_POINT('',(-1.8,1.7,0.825));
#3193 = DIRECTION('',(0.,0.,1.));
#3194 = DIRECTION('',(-1.,-9.95799250103E-17,0.));
#3195 = DEFINITIONAL_REPRESENTATION('',(#3196),#3200);
#3196 = LINE('',#3197,#3198);
#3197 = CARTESIAN_POINT('',(0.15,3.975));
#3198 = VECTOR('',#3199,1.);
#3199 = DIRECTION('',(1.224646799147E-16,-1.));
#3200 = ( GEOMETRIC_REPRESENTATION_CONTEXT(2) 
PARAMETRIC_REPRESENTATION_CONTEXT() REPRESENTATION_CONTEXT('2D SPACE',''
  ) );
#3201 = ORIENTED_EDGE('',*,*,#3202,.F.);
#3202 = EDGE_CURVE('',#3203,#3175,#3205,.T.);
#3203 = VERTEX_POINT('',#3204);
#3204 = CARTESIAN_POINT('',(-1.95,0.84,0.825));
#3205 = SURFACE_CURVE('',#3206,(#3210,#3217),.PCURVE_S1.);
#3206 = LINE('',#3207,#3208);
#3207 = CARTESIAN_POINT('',(-1.95,-2.275,0.825));
#3208 = VECTOR('',#3209,1.);
#3209 = DIRECTION('',(-2.22044604925E-16,1.,0.));
#3210 = PCURVE('',#1584,#3211);
#3211 = DEFINITIONAL_REPRESENTATION('',(#3212),#3216);
#3212 = LINE('',#3213,#3214);
#3213 = CARTESIAN_POINT('',(4.440892098501E-16,1.));
#3214 = VECTOR('',#3215,1.);
#3215 = DIRECTION('',(1.,0.));
#3216 = ( GEOMETRIC_REPRESENTATION_CONTEXT(2) 
PARAMETRIC_REPRESENTATION_CONTEXT() REPRESENTATION_CONTEXT('2D SPACE',''
  ) );
#3217 = PCURVE('',#3218,#3223);
#3218 = PLANE('',#3219);
#3219 = AXIS2_PLACEMENT_3D('',#3220,#3221,#3222);
#3220 = CARTESIAN_POINT('',(-1.95,-2.275,1.025));
#3221 = DIRECTION('',(1.,2.22044604925E-16,0.));
#3222 = DIRECTION('',(-2.22044604925E-16,1.,0.));
#3223 = DEFINITIONAL_REPRESENTATION('',(#3224),#3228);
#3224 = LINE('',#3225,#3226);
#3225 = CARTESIAN_POINT('',(0.,-0.2));
#3226 = VECTOR('',#3227,1.);
#3227 = DIRECTION('',(1.,0.));
#3228 = ( GEOMETRIC_REPRESENTATION_CONTEXT(2) 
PARAMETRIC_REPRESENTATION_CONTEXT() REPRESENTATION_CONTEXT('2D SPACE',''
  ) );
#3229 = ORIENTED_EDGE('',*,*,#3230,.F.);
#3230 = EDGE_CURVE('',#3231,#3203,#3233,.T.);
#3231 = VERTEX_POINT('',#3232);
#3232 = CARTESIAN_POINT('',(-1.95,0.43,0.825));
#3233 = SURFACE_CURVE('',#3234,(#3238,#3245),.PCURVE_S1.);
#3234 = LINE('',#3235,#3236);
#3235 = CARTESIAN_POINT('',(-1.95,-2.275,0.825));
#3236 = VECTOR('',#3237,1.);
#3237 = DIRECTION('',(-2.22044604925E-16,1.,0.));
#3238 = PCURVE('',#1584,#3239);
#3239 = DEFINITIONAL_REPRESENTATION('',(#3240),#3244);
#3240 = LINE('',#3241,#3242);
#3241 = CARTESIAN_POINT('',(4.440892098501E-16,1.));
#3242 = VECTOR('',#3243,1.);
#3243 = DIRECTION('',(1.,0.));
#3244 = ( GEOMETRIC_REPRESENTATION_CONTEXT(2) 
PARAMETRIC_REPRESENTATION_CONTEXT() REPRESENTATION_CONTEXT('2D SPACE',''
  ) );
#3245 = PCURVE('',#3246,#3251);
#3246 = PLANE('',#3247);
#3247 = AXIS2_PLACEMENT_3D('',#3248,#3249,#3250);
#3248 = CARTESIAN_POINT('',(-1.8,0.43,0.825));
#3249 = DIRECTION('',(0.,0.,1.));
#3250 = DIRECTION('',(-1.,-9.95799250103E-17,0.));
#3251 = DEFINITIONAL_REPRESENTATION('',(#3252),#3256);
#3252 = LINE('',#3253,#3254);
#3253 = CARTESIAN_POINT('',(0.15,2.705));
#3254 = VECTOR('',#3255,1.);
#3255 = DIRECTION('',(1.224646799147E-16,-1.));
#3256 = ( GEOMETRIC_REPRESENTATION_CONTEXT(2) 
PARAMETRIC_REPRESENTATION_CONTEXT() REPRESENTATION_CONTEXT('2D SPACE',''
  ) );
#3257 = ORIENTED_EDGE('',*,*,#3258,.F.);
#3258 = EDGE_CURVE('',#3259,#3231,#3261,.T.);
#3259 = VERTEX_POINT('',#3260);
#3260 = CARTESIAN_POINT('',(-1.95,-0.43,0.825));
#3261 = SURFACE_CURVE('',#3262,(#3266,#3273),.PCURVE_S1.);
#3262 = LINE('',#3263,#3264);
#3263 = CARTESIAN_POINT('',(-1.95,-2.275,0.825));
#3264 = VECTOR('',#3265,1.);
#3265 = DIRECTION('',(-2.22044604925E-16,1.,0.));
#3266 = PCURVE('',#1584,#3267);
#3267 = DEFINITIONAL_REPRESENTATION('',(#3268),#3272);
#3268 = LINE('',#3269,#3270);
#3269 = CARTESIAN_POINT('',(2.22044604925E-16,1.));
#3270 = VECTOR('',#3271,1.);
#3271 = DIRECTION('',(1.,2.581914010756E-16));
#3272 = ( GEOMETRIC_REPRESENTATION_CONTEXT(2) 
PARAMETRIC_REPRESENTATION_CONTEXT() REPRESENTATION_CONTEXT('2D SPACE',''
  ) );
#3273 = PCURVE('',#3274,#3279);
#3274 = PLANE('',#3275);
#3275 = AXIS2_PLACEMENT_3D('',#3276,#3277,#3278);
#3276 = CARTESIAN_POINT('',(-1.95,-2.275,1.025));
#3277 = DIRECTION('',(1.,2.22044604925E-16,0.));
#3278 = DIRECTION('',(-2.22044604925E-16,1.,0.));
#3279 = DEFINITIONAL_REPRESENTATION('',(#3280),#3284);
#3280 = LINE('',#3281,#3282);
#3281 = CARTESIAN_POINT('',(0.,-0.2));
#3282 = VECTOR('',#3283,1.);
#3283 = DIRECTION('',(1.,0.));
#3284 = ( GEOMETRIC_REPRESENTATION_CONTEXT(2) 
PARAMETRIC_REPRESENTATION_CONTEXT() REPRESENTATION_CONTEXT('2D SPACE',''
  ) );
#3285 = ORIENTED_EDGE('',*,*,#3286,.F.);
#3286 = EDGE_CURVE('',#3287,#3259,#3289,.T.);
#3287 = VERTEX_POINT('',#3288);
#3288 = CARTESIAN_POINT('',(-1.95,-0.84,0.825));
#3289 = SURFACE_CURVE('',#3290,(#3294,#3301),.PCURVE_S1.);
#3290 = LINE('',#3291,#3292);
#3291 = CARTESIAN_POINT('',(-1.95,-2.275,0.825));
#3292 = VECTOR('',#3293,1.);
#3293 = DIRECTION('',(-2.22044604925E-16,1.,0.));
#3294 = PCURVE('',#1584,#3295);
#3295 = DEFINITIONAL_REPRESENTATION('',(#3296),#3300);
#3296 = LINE('',#3297,#3298);
#3297 = CARTESIAN_POINT('',(2.22044604925E-16,1.));
#3298 = VECTOR('',#3299,1.);
#3299 = DIRECTION('',(1.,0.));
#3300 = ( GEOMETRIC_REPRESENTATION_CONTEXT(2) 
PARAMETRIC_REPRESENTATION_CONTEXT() REPRESENTATION_CONTEXT('2D SPACE',''
  ) );
#3301 = PCURVE('',#3302,#3307);
#3302 = PLANE('',#3303);
#3303 = AXIS2_PLACEMENT_3D('',#3304,#3305,#3306);
#3304 = CARTESIAN_POINT('',(-1.8,-0.84,0.825));
#3305 = DIRECTION('',(0.,0.,1.));
#3306 = DIRECTION('',(-1.,-9.95799250103E-17,0.));
#3307 = DEFINITIONAL_REPRESENTATION('',(#3308),#3312);
#3308 = LINE('',#3309,#3310);
#3309 = CARTESIAN_POINT('',(0.15,1.435));
#3310 = VECTOR('',#3311,1.);
#3311 = DIRECTION('',(1.224646799147E-16,-1.));
#3312 = ( GEOMETRIC_REPRESENTATION_CONTEXT(2) 
PARAMETRIC_REPRESENTATION_CONTEXT() REPRESENTATION_CONTEXT('2D SPACE',''
  ) );
#3313 = ORIENTED_EDGE('',*,*,#3314,.F.);
#3314 = EDGE_CURVE('',#3315,#3287,#3317,.T.);
#3315 = VERTEX_POINT('',#3316);
#3316 = CARTESIAN_POINT('',(-1.95,-1.7,0.825));
#3317 = SURFACE_CURVE('',#3318,(#3322,#3329),.PCURVE_S1.);
#3318 = LINE('',#3319,#3320);
#3319 = CARTESIAN_POINT('',(-1.95,-2.275,0.825));
#3320 = VECTOR('',#3321,1.);
#3321 = DIRECTION('',(-2.22044604925E-16,1.,0.));
#3322 = PCURVE('',#1584,#3323);
#3323 = DEFINITIONAL_REPRESENTATION('',(#3324),#3328);
#3324 = LINE('',#3325,#3326);
#3325 = CARTESIAN_POINT('',(0.,1.));
#3326 = VECTOR('',#3327,1.);
#3327 = DIRECTION('',(1.,0.));
#3328 = ( GEOMETRIC_REPRESENTATION_CONTEXT(2) 
PARAMETRIC_REPRESENTATION_CONTEXT() REPRESENTATION_CONTEXT('2D SPACE',''
  ) );
#3329 = PCURVE('',#3330,#3335);
#3330 = PLANE('',#3331);
#3331 = AXIS2_PLACEMENT_3D('',#3332,#3333,#3334);
#3332 = CARTESIAN_POINT('',(-1.95,-2.275,1.025));
#3333 = DIRECTION('',(1.,2.22044604925E-16,0.));
#3334 = DIRECTION('',(-2.22044604925E-16,1.,0.));
#3335 = DEFINITIONAL_REPRESENTATION('',(#3336),#3340);
#3336 = LINE('',#3337,#3338);
#3337 = CARTESIAN_POINT('',(0.,-0.2));
#3338 = VECTOR('',#3339,1.);
#3339 = DIRECTION('',(1.,0.));
#3340 = ( GEOMETRIC_REPRESENTATION_CONTEXT(2) 
PARAMETRIC_REPRESENTATION_CONTEXT() REPRESENTATION_CONTEXT('2D SPACE',''
  ) );
#3341 = ORIENTED_EDGE('',*,*,#3342,.F.);
#3342 = EDGE_CURVE('',#3343,#3315,#3345,.T.);
#3343 = VERTEX_POINT('',#3344);
#3344 = CARTESIAN_POINT('',(-1.95,-2.11,0.825));
#3345 = SURFACE_CURVE('',#3346,(#3350,#3357),.PCURVE_S1.);
#3346 = LINE('',#3347,#3348);
#3347 = CARTESIAN_POINT('',(-1.95,-2.275,0.825));
#3348 = VECTOR('',#3349,1.);
#3349 = DIRECTION('',(-2.22044604925E-16,1.,0.));
#3350 = PCURVE('',#1584,#3351);
#3351 = DEFINITIONAL_REPRESENTATION('',(#3352),#3356);
#3352 = LINE('',#3353,#3354);
#3353 = CARTESIAN_POINT('',(1.665334536938E-16,1.));
#3354 = VECTOR('',#3355,1.);
#3355 = DIRECTION('',(1.,2.707861035671E-16));
#3356 = ( GEOMETRIC_REPRESENTATION_CONTEXT(2) 
PARAMETRIC_REPRESENTATION_CONTEXT() REPRESENTATION_CONTEXT('2D SPACE',''
  ) );
#3357 = PCURVE('',#3358,#3363);
#3358 = PLANE('',#3359);
#3359 = AXIS2_PLACEMENT_3D('',#3360,#3361,#3362);
#3360 = CARTESIAN_POINT('',(-1.8,-2.11,0.825));
#3361 = DIRECTION('',(0.,0.,1.));
#3362 = DIRECTION('',(-1.,-9.95799250103E-17,0.));
#3363 = DEFINITIONAL_REPRESENTATION('',(#3364),#3368);
#3364 = LINE('',#3365,#3366);
#3365 = CARTESIAN_POINT('',(0.15,0.165));
#3366 = VECTOR('',#3367,1.);
#3367 = DIRECTION('',(1.224646799147E-16,-1.));
#3368 = ( GEOMETRIC_REPRESENTATION_CONTEXT(2) 
PARAMETRIC_REPRESENTATION_CONTEXT() REPRESENTATION_CONTEXT('2D SPACE',''
  ) );
#3369 = ORIENTED_EDGE('',*,*,#3370,.F.);
#3370 = EDGE_CURVE('',#3072,#3343,#3371,.T.);
#3371 = SURFACE_CURVE('',#3372,(#3376,#3383),.PCURVE_S1.);
#3372 = LINE('',#3373,#3374);
#3373 = CARTESIAN_POINT('',(-1.95,-2.275,0.825));
#3374 = VECTOR('',#3375,1.);
#3375 = DIRECTION('',(-2.22044604925E-16,1.,0.));
#3376 = PCURVE('',#1584,#3377);
#3377 = DEFINITIONAL_REPRESENTATION('',(#3378),#3382);
#3378 = LINE('',#3379,#3380);
#3379 = CARTESIAN_POINT('',(-3.364087759472E-16,1.));
#3380 = VECTOR('',#3381,1.);
#3381 = DIRECTION('',(1.,0.));
#3382 = ( GEOMETRIC_REPRESENTATION_CONTEXT(2) 
PARAMETRIC_REPRESENTATION_CONTEXT() REPRESENTATION_CONTEXT('2D SPACE',''
  ) );
#3383 = PCURVE('',#3384,#3389);
#3384 = PLANE('',#3385);
#3385 = AXIS2_PLACEMENT_3D('',#3386,#3387,#3388);
#3386 = CARTESIAN_POINT('',(-1.95,-2.275,1.025));
#3387 = DIRECTION('',(1.,2.22044604925E-16,0.));
#3388 = DIRECTION('',(-2.22044604925E-16,1.,0.));
#3389 = DEFINITIONAL_REPRESENTATION('',(#3390),#3394);
#3390 = LINE('',#3391,#3392);
#3391 = CARTESIAN_POINT('',(0.,-0.2));
#3392 = VECTOR('',#3393,1.);
#3393 = DIRECTION('',(1.,0.));
#3394 = ( GEOMETRIC_REPRESENTATION_CONTEXT(2) 
PARAMETRIC_REPRESENTATION_CONTEXT() REPRESENTATION_CONTEXT('2D SPACE',''
  ) );
#3395 = ORIENTED_EDGE('',*,*,#3071,.F.);
#3396 = ADVANCED_FACE('',(#3397),#1557,.F.);
#3397 = FACE_BOUND('',#3398,.F.);
#3398 = EDGE_LOOP('',(#3399,#3400,#3401,#3427));
#3399 = ORIENTED_EDGE('',*,*,#1539,.T.);
#3400 = ORIENTED_EDGE('',*,*,#2994,.T.);
#3401 = ORIENTED_EDGE('',*,*,#3402,.F.);
#3402 = EDGE_CURVE('',#3125,#2972,#3403,.T.);
#3403 = SURFACE_CURVE('',#3404,(#3408,#3415),.PCURVE_S1.);
#3404 = LINE('',#3405,#3406);
#3405 = CARTESIAN_POINT('',(-1.95,2.275,0.825));
#3406 = VECTOR('',#3407,1.);
#3407 = DIRECTION('',(0.707106781187,0.707106781187,0.));
#3408 = PCURVE('',#1557,#3409);
#3409 = DEFINITIONAL_REPRESENTATION('',(#3410),#3414);
#3410 = LINE('',#3411,#3412);
#3411 = CARTESIAN_POINT('',(-1.061963552289E-16,1.));
#3412 = VECTOR('',#3413,1.);
#3413 = DIRECTION('',(1.,0.));
#3414 = ( GEOMETRIC_REPRESENTATION_CONTEXT(2) 
PARAMETRIC_REPRESENTATION_CONTEXT() REPRESENTATION_CONTEXT('2D SPACE',''
  ) );
#3415 = PCURVE('',#3416,#3421);
#3416 = PLANE('',#3417);
#3417 = AXIS2_PLACEMENT_3D('',#3418,#3419,#3420);
#3418 = CARTESIAN_POINT('',(-1.95,2.275,1.025));
#3419 = DIRECTION('',(0.707106781187,-0.707106781187,0.));
#3420 = DIRECTION('',(0.707106781187,0.707106781187,0.));
#3421 = DEFINITIONAL_REPRESENTATION('',(#3422),#3426);
#3422 = LINE('',#3423,#3424);
#3423 = CARTESIAN_POINT('',(0.,-0.2));
#3424 = VECTOR('',#3425,1.);
#3425 = DIRECTION('',(1.,0.));
#3426 = ( GEOMETRIC_REPRESENTATION_CONTEXT(2) 
PARAMETRIC_REPRESENTATION_CONTEXT() REPRESENTATION_CONTEXT('2D SPACE',''
  ) );
#3427 = ORIENTED_EDGE('',*,*,#3124,.F.);
#3428 = ADVANCED_FACE('',(#3429),#1805,.F.);
#3429 = FACE_BOUND('',#3430,.F.);
#3430 = EDGE_LOOP('',(#3431,#3432,#3452,#3478));
#3431 = ORIENTED_EDGE('',*,*,#1791,.T.);
#3432 = ORIENTED_EDGE('',*,*,#3433,.T.);
#3433 = EDGE_CURVE('',#1770,#3434,#3436,.T.);
#3434 = VERTEX_POINT('',#3435);
#3435 = CARTESIAN_POINT('',(1.775,-2.45,1.025));
#3436 = SURFACE_CURVE('',#3437,(#3440,#3446),.PCURVE_S1.);
#3437 = B_SPLINE_CURVE_WITH_KNOTS('',1,(#3438,#3439),.UNSPECIFIED.,.F.,
  .F.,(2,2),(0.,1.),.PIECEWISE_BEZIER_KNOTS.);
#3438 = CARTESIAN_POINT('',(1.775,-2.45,0.825));
#3439 = CARTESIAN_POINT('',(1.775,-2.45,1.025));
#3440 = PCURVE('',#1805,#3441);
#3441 = DEFINITIONAL_REPRESENTATION('',(#3442),#3445);
#3442 = B_SPLINE_CURVE_WITH_KNOTS('',1,(#3443,#3444),.UNSPECIFIED.,.F.,
  .F.,(2,2),(0.,1.),.PIECEWISE_BEZIER_KNOTS.);
#3443 = CARTESIAN_POINT('',(0.247487373415,-0.2));
#3444 = CARTESIAN_POINT('',(0.247487373415,0.));
#3445 = ( GEOMETRIC_REPRESENTATION_CONTEXT(2) 
PARAMETRIC_REPRESENTATION_CONTEXT() REPRESENTATION_CONTEXT('2D SPACE',''
  ) );
#3446 = PCURVE('',#3054,#3447);
#3447 = DEFINITIONAL_REPRESENTATION('',(#3448),#3451);
#3448 = B_SPLINE_CURVE_WITH_KNOTS('',1,(#3449,#3450),.UNSPECIFIED.,.F.,
  .F.,(2,2),(0.,1.),.PIECEWISE_BEZIER_KNOTS.);
#3449 = CARTESIAN_POINT('',(0.,-0.2));
#3450 = CARTESIAN_POINT('',(0.,0.));
#3451 = ( GEOMETRIC_REPRESENTATION_CONTEXT(2) 
PARAMETRIC_REPRESENTATION_CONTEXT() REPRESENTATION_CONTEXT('2D SPACE',''
  ) );
#3452 = ORIENTED_EDGE('',*,*,#3453,.F.);
#3453 = EDGE_CURVE('',#1851,#3434,#3454,.T.);
#3454 = SURFACE_CURVE('',#3455,(#3459,#3466),.PCURVE_S1.);
#3455 = LINE('',#3456,#3457);
#3456 = CARTESIAN_POINT('',(1.95,-2.275,1.025));
#3457 = VECTOR('',#3458,1.);
#3458 = DIRECTION('',(-0.707106781187,-0.707106781187,0.));
#3459 = PCURVE('',#1805,#3460);
#3460 = DEFINITIONAL_REPRESENTATION('',(#3461),#3465);
#3461 = LINE('',#3462,#3463);
#3462 = CARTESIAN_POINT('',(0.,0.));
#3463 = VECTOR('',#3464,1.);
#3464 = DIRECTION('',(1.,0.));
#3465 = ( GEOMETRIC_REPRESENTATION_CONTEXT(2) 
PARAMETRIC_REPRESENTATION_CONTEXT() REPRESENTATION_CONTEXT('2D SPACE',''
  ) );
#3466 = PCURVE('',#3467,#3472);
#3467 = B_SPLINE_SURFACE_WITH_KNOTS('',1,1,(
    (#3468,#3469)
    ,(#3470,#3471
    )),.UNSPECIFIED.,.F.,.F.,.F.,(2,2),(2,2),(0.,0.247487373415),(0.,1.)
  ,.PIECEWISE_BEZIER_KNOTS.);
#3468 = CARTESIAN_POINT('',(1.95,-2.275,1.025));
#3469 = CARTESIAN_POINT('',(1.875,-2.2375,1.025));
#3470 = CARTESIAN_POINT('',(1.775,-2.45,1.025));
#3471 = CARTESIAN_POINT('',(1.7375,-2.375,1.025));
#3472 = DEFINITIONAL_REPRESENTATION('',(#3473),#3477);
#3473 = LINE('',#3474,#3475);
#3474 = CARTESIAN_POINT('',(2.508731586994E-16,-4.08400163074E-15));
#3475 = VECTOR('',#3476,1.);
#3476 = DIRECTION('',(1.,7.990563855149E-15));
#3477 = ( GEOMETRIC_REPRESENTATION_CONTEXT(2) 
PARAMETRIC_REPRESENTATION_CONTEXT() REPRESENTATION_CONTEXT('2D SPACE',''
  ) );
#3478 = ORIENTED_EDGE('',*,*,#1850,.F.);
#3479 = ADVANCED_FACE('',(#3480),#1837,.T.);
#3480 = FACE_BOUND('',#3481,.T.);
#3481 = EDGE_LOOP('',(#3482,#3483,#3484,#3512,#3540,#3569,#3597,#3625,
    #3653,#3686,#3714,#3743));
#3482 = ORIENTED_EDGE('',*,*,#1821,.F.);
#3483 = ORIENTED_EDGE('',*,*,#1928,.T.);
#3484 = ORIENTED_EDGE('',*,*,#3485,.T.);
#3485 = EDGE_CURVE('',#1929,#3486,#3488,.T.);
#3486 = VERTEX_POINT('',#3487);
#3487 = CARTESIAN_POINT('',(2.35,-2.11,0.725));
#3488 = SURFACE_CURVE('',#3489,(#3494,#3505),.PCURVE_S1.);
#3489 = CIRCLE('',#3490,0.1);
#3490 = AXIS2_PLACEMENT_3D('',#3491,#3492,#3493);
#3491 = CARTESIAN_POINT('',(2.25,-2.11,0.725));
#3492 = DIRECTION('',(-2.22044604925E-16,1.,0.));
#3493 = DIRECTION('',(4.440892098501E-15,9.860761315262E-31,1.));
#3494 = PCURVE('',#1837,#3495);
#3495 = DEFINITIONAL_REPRESENTATION('',(#3496),#3504);
#3496 = ( BOUNDED_CURVE() B_SPLINE_CURVE(2,(#3497,#3498,#3499,#3500,
#3501,#3502,#3503),.UNSPECIFIED.,.T.,.F.) B_SPLINE_CURVE_WITH_KNOTS((1,2
    ,2,2,2,1),(-2.094395102393,0.,2.094395102393,4.188790204786,
6.28318530718,8.377580409573),.UNSPECIFIED.) CURVE() 
GEOMETRIC_REPRESENTATION_ITEM() RATIONAL_B_SPLINE_CURVE((1.,0.5,1.,0.5,
1.,0.5,1.)) REPRESENTATION_ITEM('') );
#3497 = CARTESIAN_POINT('',(0.292340342435,0.16578967201));
#3498 = CARTESIAN_POINT('',(0.292340342435,-7.415408746888E-03));
#3499 = CARTESIAN_POINT('',(0.142340342435,7.918713163156E-02));
#3500 = CARTESIAN_POINT('',(-7.659657565E-03,0.16578967201));
#3501 = CARTESIAN_POINT('',(0.142340342435,0.252392212388));
#3502 = CARTESIAN_POINT('',(0.292340342435,0.338994752767));
#3503 = CARTESIAN_POINT('',(0.292340342435,0.16578967201));
#3504 = ( GEOMETRIC_REPRESENTATION_CONTEXT(2) 
PARAMETRIC_REPRESENTATION_CONTEXT() REPRESENTATION_CONTEXT('2D SPACE',''
  ) );
#3505 = PCURVE('',#1965,#3506);
#3506 = DEFINITIONAL_REPRESENTATION('',(#3507),#3511);
#3507 = LINE('',#3508,#3509);
#3508 = CARTESIAN_POINT('',(0.,-0.41));
#3509 = VECTOR('',#3510,1.);
#3510 = DIRECTION('',(1.,0.));
#3511 = ( GEOMETRIC_REPRESENTATION_CONTEXT(2) 
PARAMETRIC_REPRESENTATION_CONTEXT() REPRESENTATION_CONTEXT('2D SPACE',''
  ) );
#3512 = ORIENTED_EDGE('',*,*,#3513,.T.);
#3513 = EDGE_CURVE('',#3486,#3514,#3516,.T.);
#3514 = VERTEX_POINT('',#3515);
#3515 = CARTESIAN_POINT('',(2.35,-2.11,0.3));
#3516 = SURFACE_CURVE('',#3517,(#3521,#3528),.PCURVE_S1.);
#3517 = LINE('',#3518,#3519);
#3518 = CARTESIAN_POINT('',(2.35,-2.11,0.725));
#3519 = VECTOR('',#3520,1.);
#3520 = DIRECTION('',(1.044915787883E-15,2.320179133003E-31,-1.));
#3521 = PCURVE('',#1837,#3522);
#3522 = DEFINITIONAL_REPRESENTATION('',(#3523),#3527);
#3523 = LINE('',#3524,#3525);
#3524 = CARTESIAN_POINT('',(0.192340342435,6.578967201E-02));
#3525 = VECTOR('',#3526,1.);
#3526 = DIRECTION('',(-1.,-1.044915787883E-15));
#3527 = ( GEOMETRIC_REPRESENTATION_CONTEXT(2) 
PARAMETRIC_REPRESENTATION_CONTEXT() REPRESENTATION_CONTEXT('2D SPACE',''
  ) );
#3528 = PCURVE('',#3529,#3534);
#3529 = PLANE('',#3530);
#3530 = AXIS2_PLACEMENT_3D('',#3531,#3532,#3533);
#3531 = CARTESIAN_POINT('',(2.35,-1.7,0.725));
#3532 = DIRECTION('',(1.,2.22044604925E-16,1.044915787883E-15));
#3533 = DIRECTION('',(1.044915787883E-15,2.320179133003E-31,-1.));
#3534 = DEFINITIONAL_REPRESENTATION('',(#3535),#3539);
#3535 = LINE('',#3536,#3537);
#3536 = CARTESIAN_POINT('',(-9.512734445312E-32,-0.41));
#3537 = VECTOR('',#3538,1.);
#3538 = DIRECTION('',(1.,0.));
#3539 = ( GEOMETRIC_REPRESENTATION_CONTEXT(2) 
PARAMETRIC_REPRESENTATION_CONTEXT() REPRESENTATION_CONTEXT('2D SPACE',''
  ) );
#3540 = ORIENTED_EDGE('',*,*,#3541,.T.);
#3541 = EDGE_CURVE('',#3514,#3542,#3544,.T.);
#3542 = VERTEX_POINT('',#3543);
#3543 = CARTESIAN_POINT('',(2.65,-2.11,5.551115123126E-17));
#3544 = SURFACE_CURVE('',#3545,(#3550,#3557),.PCURVE_S1.);
#3545 = CIRCLE('',#3546,0.3);
#3546 = AXIS2_PLACEMENT_3D('',#3547,#3548,#3549);
#3547 = CARTESIAN_POINT('',(2.65,-2.11,0.3));
#3548 = DIRECTION('',(2.22044604925E-16,-1.,0.));
#3549 = DIRECTION('',(-1.,-2.22044604925E-16,3.515706244646E-15));
#3550 = PCURVE('',#1837,#3551);
#3551 = DEFINITIONAL_REPRESENTATION('',(#3552),#3556);
#3552 = CIRCLE('',#3553,0.3);
#3553 = AXIS2_PLACEMENT_2D('',#3554,#3555);
#3554 = CARTESIAN_POINT('',(-0.232659657565,-0.23421032799));
#3555 = DIRECTION('',(3.515706244646E-15,1.));
#3556 = ( GEOMETRIC_REPRESENTATION_CONTEXT(2) 
PARAMETRIC_REPRESENTATION_CONTEXT() REPRESENTATION_CONTEXT('2D SPACE',''
  ) );
#3557 = PCURVE('',#3558,#3563);
#3558 = CYLINDRICAL_SURFACE('',#3559,0.3);
#3559 = AXIS2_PLACEMENT_3D('',#3560,#3561,#3562);
#3560 = CARTESIAN_POINT('',(2.65,-1.7,0.3));
#3561 = DIRECTION('',(-2.22044604925E-16,1.,-0.));
#3562 = DIRECTION('',(-1.,-2.22044604925E-16,3.515706244646E-15));
#3563 = DEFINITIONAL_REPRESENTATION('',(#3564),#3568);
#3564 = LINE('',#3565,#3566);
#3565 = CARTESIAN_POINT('',(6.28318530718,-0.41));
#3566 = VECTOR('',#3567,1.);
#3567 = DIRECTION('',(-1.,0.));
#3568 = ( GEOMETRIC_REPRESENTATION_CONTEXT(2) 
PARAMETRIC_REPRESENTATION_CONTEXT() REPRESENTATION_CONTEXT('2D SPACE',''
  ) );
#3569 = ORIENTED_EDGE('',*,*,#3570,.T.);
#3570 = EDGE_CURVE('',#3542,#3571,#3573,.T.);
#3571 = VERTEX_POINT('',#3572);
#3572 = CARTESIAN_POINT('',(3.,-2.11,5.551115123126E-17));
#3573 = SURFACE_CURVE('',#3574,(#3578,#3585),.PCURVE_S1.);
#3574 = LINE('',#3575,#3576);
#3575 = CARTESIAN_POINT('',(2.65,-2.11,5.551115123126E-17));
#3576 = VECTOR('',#3577,1.);
#3577 = DIRECTION('',(1.,2.22044604925E-16,0.));
#3578 = PCURVE('',#1837,#3579);
#3579 = DEFINITIONAL_REPRESENTATION('',(#3580),#3584);
#3580 = LINE('',#3581,#3582);
#3581 = CARTESIAN_POINT('',(-0.532659657565,-0.23421032799));
#3582 = VECTOR('',#3583,1.);
#3583 = DIRECTION('',(0.,-1.));
#3584 = ( GEOMETRIC_REPRESENTATION_CONTEXT(2) 
PARAMETRIC_REPRESENTATION_CONTEXT() REPRESENTATION_CONTEXT('2D SPACE',''
  ) );
#3585 = PCURVE('',#3586,#3591);
#3586 = PLANE('',#3587);
#3587 = AXIS2_PLACEMENT_3D('',#3588,#3589,#3590);
#3588 = CARTESIAN_POINT('',(2.65,-1.7,5.551115123126E-17));
#3589 = DIRECTION('',(0.,0.,1.));
#3590 = DIRECTION('',(1.,2.22044604925E-16,-0.));
#3591 = DEFINITIONAL_REPRESENTATION('',(#3592),#3596);
#3592 = LINE('',#3593,#3594);
#3593 = CARTESIAN_POINT('',(-9.103828801925E-17,-0.41));
#3594 = VECTOR('',#3595,1.);
#3595 = DIRECTION('',(1.,0.));
#3596 = ( GEOMETRIC_REPRESENTATION_CONTEXT(2) 
PARAMETRIC_REPRESENTATION_CONTEXT() REPRESENTATION_CONTEXT('2D SPACE',''
  ) );
#3597 = ORIENTED_EDGE('',*,*,#3598,.T.);
#3598 = EDGE_CURVE('',#3571,#3599,#3601,.T.);
#3599 = VERTEX_POINT('',#3600);
#3600 = CARTESIAN_POINT('',(3.,-2.11,0.2));
#3601 = SURFACE_CURVE('',#3602,(#3606,#3613),.PCURVE_S1.);
#3602 = LINE('',#3603,#3604);
#3603 = CARTESIAN_POINT('',(3.,-2.11,5.551115123126E-17));
#3604 = VECTOR('',#3605,1.);
#3605 = DIRECTION('',(0.,0.,1.));
#3606 = PCURVE('',#1837,#3607);
#3607 = DEFINITIONAL_REPRESENTATION('',(#3608),#3612);
#3608 = LINE('',#3609,#3610);
#3609 = CARTESIAN_POINT('',(-0.532659657565,-0.58421032799));
#3610 = VECTOR('',#3611,1.);
#3611 = DIRECTION('',(1.,0.));
#3612 = ( GEOMETRIC_REPRESENTATION_CONTEXT(2) 
PARAMETRIC_REPRESENTATION_CONTEXT() REPRESENTATION_CONTEXT('2D SPACE',''
  ) );
#3613 = PCURVE('',#3614,#3619);
#3614 = PLANE('',#3615);
#3615 = AXIS2_PLACEMENT_3D('',#3616,#3617,#3618);
#3616 = CARTESIAN_POINT('',(3.,-1.7,5.551115123126E-17));
#3617 = DIRECTION('',(-1.,-2.22044604925E-16,0.));
#3618 = DIRECTION('',(0.,0.,1.));
#3619 = DEFINITIONAL_REPRESENTATION('',(#3620),#3624);
#3620 = LINE('',#3621,#3622);
#3621 = CARTESIAN_POINT('',(0.,-0.41));
#3622 = VECTOR('',#3623,1.);
#3623 = DIRECTION('',(1.,0.));
#3624 = ( GEOMETRIC_REPRESENTATION_CONTEXT(2) 
PARAMETRIC_REPRESENTATION_CONTEXT() REPRESENTATION_CONTEXT('2D SPACE',''
  ) );
#3625 = ORIENTED_EDGE('',*,*,#3626,.T.);
#3626 = EDGE_CURVE('',#3599,#3627,#3629,.T.);
#3627 = VERTEX_POINT('',#3628);
#3628 = CARTESIAN_POINT('',(2.65,-2.11,0.2));
#3629 = SURFACE_CURVE('',#3630,(#3634,#3641),.PCURVE_S1.);
#3630 = LINE('',#3631,#3632);
#3631 = CARTESIAN_POINT('',(3.,-2.11,0.2));
#3632 = VECTOR('',#3633,1.);
#3633 = DIRECTION('',(-1.,-2.22044604925E-16,0.));
#3634 = PCURVE('',#1837,#3635);
#3635 = DEFINITIONAL_REPRESENTATION('',(#3636),#3640);
#3636 = LINE('',#3637,#3638);
#3637 = CARTESIAN_POINT('',(-0.332659657565,-0.58421032799));
#3638 = VECTOR('',#3639,1.);
#3639 = DIRECTION('',(0.,1.));
#3640 = ( GEOMETRIC_REPRESENTATION_CONTEXT(2) 
PARAMETRIC_REPRESENTATION_CONTEXT() REPRESENTATION_CONTEXT('2D SPACE',''
  ) );
#3641 = PCURVE('',#3642,#3647);
#3642 = PLANE('',#3643);
#3643 = AXIS2_PLACEMENT_3D('',#3644,#3645,#3646);
#3644 = CARTESIAN_POINT('',(3.,-1.7,0.2));
#3645 = DIRECTION('',(0.,0.,-1.));
#3646 = DIRECTION('',(-1.,-2.22044604925E-16,-0.));
#3647 = DEFINITIONAL_REPRESENTATION('',(#3648),#3652);
#3648 = LINE('',#3649,#3650);
#3649 = CARTESIAN_POINT('',(9.103828801925E-17,-0.41));
#3650 = VECTOR('',#3651,1.);
#3651 = DIRECTION('',(1.,0.));
#3652 = ( GEOMETRIC_REPRESENTATION_CONTEXT(2) 
PARAMETRIC_REPRESENTATION_CONTEXT() REPRESENTATION_CONTEXT('2D SPACE',''
  ) );
#3653 = ORIENTED_EDGE('',*,*,#3654,.T.);
#3654 = EDGE_CURVE('',#3627,#3655,#3657,.T.);
#3655 = VERTEX_POINT('',#3656);
#3656 = CARTESIAN_POINT('',(2.55,-2.11,0.3));
#3657 = SURFACE_CURVE('',#3658,(#3663,#3674),.PCURVE_S1.);
#3658 = CIRCLE('',#3659,0.1);
#3659 = AXIS2_PLACEMENT_3D('',#3660,#3661,#3662);
#3660 = CARTESIAN_POINT('',(2.65,-2.11,0.3));
#3661 = DIRECTION('',(-2.22044604925E-16,1.,0.));
#3662 = DIRECTION('',(0.,0.,-1.));
#3663 = PCURVE('',#1837,#3664);
#3664 = DEFINITIONAL_REPRESENTATION('',(#3665),#3673);
#3665 = ( BOUNDED_CURVE() B_SPLINE_CURVE(2,(#3666,#3667,#3668,#3669,
#3670,#3671,#3672),.UNSPECIFIED.,.T.,.F.) B_SPLINE_CURVE_WITH_KNOTS((1,2
    ,2,2,2,1),(-2.094395102393,0.,2.094395102393,4.188790204786,
6.28318530718,8.377580409573),.UNSPECIFIED.) CURVE() 
GEOMETRIC_REPRESENTATION_ITEM() RATIONAL_B_SPLINE_CURVE((1.,0.5,1.,0.5,
1.,0.5,1.)) REPRESENTATION_ITEM('') );
#3666 = CARTESIAN_POINT('',(-0.332659657565,-0.23421032799));
#3667 = CARTESIAN_POINT('',(-0.332659657565,-6.100524723311E-02));
#3668 = CARTESIAN_POINT('',(-0.182659657565,-0.147607787612));
#3669 = CARTESIAN_POINT('',(-3.2659657565E-02,-0.23421032799));
#3670 = CARTESIAN_POINT('',(-0.182659657565,-0.320812868368));
#3671 = CARTESIAN_POINT('',(-0.332659657565,-0.407415408747));
#3672 = CARTESIAN_POINT('',(-0.332659657565,-0.23421032799));
#3673 = ( GEOMETRIC_REPRESENTATION_CONTEXT(2) 
PARAMETRIC_REPRESENTATION_CONTEXT() REPRESENTATION_CONTEXT('2D SPACE',''
  ) );
#3674 = PCURVE('',#3675,#3680);
#3675 = CYLINDRICAL_SURFACE('',#3676,0.1);
#3676 = AXIS2_PLACEMENT_3D('',#3677,#3678,#3679);
#3677 = CARTESIAN_POINT('',(2.65,-1.7,0.3));
#3678 = DIRECTION('',(-2.22044604925E-16,1.,0.));
#3679 = DIRECTION('',(0.,0.,-1.));
#3680 = DEFINITIONAL_REPRESENTATION('',(#3681),#3685);
#3681 = LINE('',#3682,#3683);
#3682 = CARTESIAN_POINT('',(0.,-0.41));
#3683 = VECTOR('',#3684,1.);
#3684 = DIRECTION('',(1.,0.));
#3685 = ( GEOMETRIC_REPRESENTATION_CONTEXT(2) 
PARAMETRIC_REPRESENTATION_CONTEXT() REPRESENTATION_CONTEXT('2D SPACE',''
  ) );
#3686 = ORIENTED_EDGE('',*,*,#3687,.T.);
#3687 = EDGE_CURVE('',#3655,#3688,#3690,.T.);
#3688 = VERTEX_POINT('',#3689);
#3689 = CARTESIAN_POINT('',(2.55,-2.11,0.725));
#3690 = SURFACE_CURVE('',#3691,(#3695,#3702),.PCURVE_S1.);
#3691 = LINE('',#3692,#3693);
#3692 = CARTESIAN_POINT('',(2.55,-2.11,0.3));
#3693 = VECTOR('',#3694,1.);
#3694 = DIRECTION('',(0.,0.,1.));
#3695 = PCURVE('',#1837,#3696);
#3696 = DEFINITIONAL_REPRESENTATION('',(#3697),#3701);
#3697 = LINE('',#3698,#3699);
#3698 = CARTESIAN_POINT('',(-0.232659657565,-0.13421032799));
#3699 = VECTOR('',#3700,1.);
#3700 = DIRECTION('',(1.,0.));
#3701 = ( GEOMETRIC_REPRESENTATION_CONTEXT(2) 
PARAMETRIC_REPRESENTATION_CONTEXT() REPRESENTATION_CONTEXT('2D SPACE',''
  ) );
#3702 = PCURVE('',#3703,#3708);
#3703 = PLANE('',#3704);
#3704 = AXIS2_PLACEMENT_3D('',#3705,#3706,#3707);
#3705 = CARTESIAN_POINT('',(2.55,-1.7,0.3));
#3706 = DIRECTION('',(-1.,-2.22044604925E-16,0.));
#3707 = DIRECTION('',(0.,0.,1.));
#3708 = DEFINITIONAL_REPRESENTATION('',(#3709),#3713);
#3709 = LINE('',#3710,#3711);
#3710 = CARTESIAN_POINT('',(0.,-0.41));
#3711 = VECTOR('',#3712,1.);
#3712 = DIRECTION('',(1.,0.));
#3713 = ( GEOMETRIC_REPRESENTATION_CONTEXT(2) 
PARAMETRIC_REPRESENTATION_CONTEXT() REPRESENTATION_CONTEXT('2D SPACE',''
  ) );
#3714 = ORIENTED_EDGE('',*,*,#3715,.T.);
#3715 = EDGE_CURVE('',#3688,#3716,#3718,.T.);
#3716 = VERTEX_POINT('',#3717);
#3717 = CARTESIAN_POINT('',(2.25,-2.11,1.025));
#3718 = SURFACE_CURVE('',#3719,(#3724,#3731),.PCURVE_S1.);
#3719 = CIRCLE('',#3720,0.3);
#3720 = AXIS2_PLACEMENT_3D('',#3721,#3722,#3723);
#3721 = CARTESIAN_POINT('',(2.25,-2.11,0.725));
#3722 = DIRECTION('',(2.22044604925E-16,-1.,0.));
#3723 = DIRECTION('',(1.,2.22044604925E-16,3.700743415417E-16));
#3724 = PCURVE('',#1837,#3725);
#3725 = DEFINITIONAL_REPRESENTATION('',(#3726),#3730);
#3726 = CIRCLE('',#3727,0.3);
#3727 = AXIS2_PLACEMENT_2D('',#3728,#3729);
#3728 = CARTESIAN_POINT('',(0.192340342435,0.16578967201));
#3729 = DIRECTION('',(3.700743415417E-16,-1.));
#3730 = ( GEOMETRIC_REPRESENTATION_CONTEXT(2) 
PARAMETRIC_REPRESENTATION_CONTEXT() REPRESENTATION_CONTEXT('2D SPACE',''
  ) );
#3731 = PCURVE('',#3732,#3737);
#3732 = CYLINDRICAL_SURFACE('',#3733,0.3);
#3733 = AXIS2_PLACEMENT_3D('',#3734,#3735,#3736);
#3734 = CARTESIAN_POINT('',(2.25,-1.7,0.725));
#3735 = DIRECTION('',(-2.22044604925E-16,1.,-0.));
#3736 = DIRECTION('',(1.,2.22044604925E-16,3.700743415417E-16));
#3737 = DEFINITIONAL_REPRESENTATION('',(#3738),#3742);
#3738 = LINE('',#3739,#3740);
#3739 = CARTESIAN_POINT('',(6.28318530718,-0.41));
#3740 = VECTOR('',#3741,1.);
#3741 = DIRECTION('',(-1.,0.));
#3742 = ( GEOMETRIC_REPRESENTATION_CONTEXT(2) 
PARAMETRIC_REPRESENTATION_CONTEXT() REPRESENTATION_CONTEXT('2D SPACE',''
  ) );
#3743 = ORIENTED_EDGE('',*,*,#3744,.T.);
#3744 = EDGE_CURVE('',#3716,#1822,#3745,.T.);
#3745 = SURFACE_CURVE('',#3746,(#3750,#3757),.PCURVE_S1.);
#3746 = LINE('',#3747,#3748);
#3747 = CARTESIAN_POINT('',(2.25,-2.11,1.025));
#3748 = VECTOR('',#3749,1.);
#3749 = DIRECTION('',(-1.,-2.22044604925E-16,0.));
#3750 = PCURVE('',#1837,#3751);
#3751 = DEFINITIONAL_REPRESENTATION('',(#3752),#3756);
#3752 = LINE('',#3753,#3754);
#3753 = CARTESIAN_POINT('',(0.492340342435,0.16578967201));
#3754 = VECTOR('',#3755,1.);
#3755 = DIRECTION('',(0.,1.));
#3756 = ( GEOMETRIC_REPRESENTATION_CONTEXT(2) 
PARAMETRIC_REPRESENTATION_CONTEXT() REPRESENTATION_CONTEXT('2D SPACE',''
  ) );
#3757 = PCURVE('',#2542,#3758);
#3758 = DEFINITIONAL_REPRESENTATION('',(#3759),#3763);
#3759 = LINE('',#3760,#3761);
#3760 = CARTESIAN_POINT('',(9.103828801925E-17,-0.41));
#3761 = VECTOR('',#3762,1.);
#3762 = DIRECTION('',(1.,0.));
#3763 = ( GEOMETRIC_REPRESENTATION_CONTEXT(2) 
PARAMETRIC_REPRESENTATION_CONTEXT() REPRESENTATION_CONTEXT('2D SPACE',''
  ) );
#3764 = ADVANCED_FACE('',(#3765),#1884,.F.);
#3765 = FACE_BOUND('',#3766,.F.);
#3766 = EDGE_LOOP('',(#3767,#3810,#3811,#3831));
#3767 = ORIENTED_EDGE('',*,*,#3768,.F.);
#3768 = EDGE_CURVE('',#1822,#2527,#3769,.T.);
#3769 = SURFACE_CURVE('',#3770,(#3774,#3803),.PCURVE_S1.);
#3770 = LINE('',#3771,#3772);
#3771 = CARTESIAN_POINT('',(2.25,-2.11,1.025));
#3772 = VECTOR('',#3773,1.);
#3773 = DIRECTION('',(-1.,-2.22044604925E-16,0.));
#3774 = PCURVE('',#1884,#3775);
#3775 = DEFINITIONAL_REPRESENTATION('',(#3776),#3802);
#3776 = B_SPLINE_CURVE_WITH_KNOTS('',3,(#3777,#3778,#3779,#3780,#3781,
    #3782,#3783,#3784,#3785,#3786,#3787,#3788,#3789,#3790,#3791,#3792,
    #3793,#3794,#3795,#3796,#3797,#3798,#3799,#3800,#3801),
  .UNSPECIFIED.,.F.,.F.,(4,1,1,1,1,1,1,1,1,1,1,1,1,1,1,1,1,1,1,1,1,1,4),
  (0.3,0.303409090909,0.306818181818,0.310227272727,0.313636363636,
    0.317045454545,0.320454545455,0.323863636364,0.327272727273,
    0.330681818182,0.334090909091,0.3375,0.340909090909,0.344318181818,
    0.347727272727,0.351136363636,0.354545454545,0.357954545455,
    0.361363636364,0.364772727273,0.368181818182,0.371590909091,0.375),
  .QUASI_UNIFORM_KNOTS.);
#3777 = CARTESIAN_POINT('',(4.385,0.));
#3778 = CARTESIAN_POINT('',(4.385526973028,1.515151515152E-02));
#3779 = CARTESIAN_POINT('',(4.38658170875,4.545454545455E-02));
#3780 = CARTESIAN_POINT('',(4.388166186677,9.090909090909E-02));
#3781 = CARTESIAN_POINT('',(4.389753044293,0.136363636364));
#3782 = CARTESIAN_POINT('',(4.391342286965,0.181818181818));
#3783 = CARTESIAN_POINT('',(4.392933920073,0.227272727273));
#3784 = CARTESIAN_POINT('',(4.394527949014,0.272727272727));
#3785 = CARTESIAN_POINT('',(4.396124379203,0.318181818182));
#3786 = CARTESIAN_POINT('',(4.39772321607,0.363636363636));
#3787 = CARTESIAN_POINT('',(4.39932446506,0.409090909091));
#3788 = CARTESIAN_POINT('',(4.400928131636,0.454545454545));
#3789 = CARTESIAN_POINT('',(4.402534221279,0.5));
#3790 = CARTESIAN_POINT('',(4.404142739482,0.545454545455));
#3791 = CARTESIAN_POINT('',(4.40575369176,0.590909090909));
#3792 = CARTESIAN_POINT('',(4.407367083641,0.636363636364));
#3793 = CARTESIAN_POINT('',(4.408982920672,0.681818181818));
#3794 = CARTESIAN_POINT('',(4.410601208414,0.727272727273));
#3795 = CARTESIAN_POINT('',(4.412221952448,0.772727272727));
#3796 = CARTESIAN_POINT('',(4.41384515837,0.818181818182));
#3797 = CARTESIAN_POINT('',(4.415470831794,0.863636363636));
#3798 = CARTESIAN_POINT('',(4.417098978351,0.909090909091));
#3799 = CARTESIAN_POINT('',(4.418729603687,0.954545454545));
#3800 = CARTESIAN_POINT('',(4.419818343544,0.984848484848));
#3801 = CARTESIAN_POINT('',(4.420363128492,1.));
#3802 = ( GEOMETRIC_REPRESENTATION_CONTEXT(2) 
PARAMETRIC_REPRESENTATION_CONTEXT() REPRESENTATION_CONTEXT('2D SPACE',''
  ) );
#3803 = PCURVE('',#2542,#3804);
#3804 = DEFINITIONAL_REPRESENTATION('',(#3805),#3809);
#3805 = LINE('',#3806,#3807);
#3806 = CARTESIAN_POINT('',(9.103828801925E-17,-0.41));
#3807 = VECTOR('',#3808,1.);
#3808 = DIRECTION('',(1.,0.));
#3809 = ( GEOMETRIC_REPRESENTATION_CONTEXT(2) 
PARAMETRIC_REPRESENTATION_CONTEXT() REPRESENTATION_CONTEXT('2D SPACE',''
  ) );
#3810 = ORIENTED_EDGE('',*,*,#1870,.T.);
#3811 = ORIENTED_EDGE('',*,*,#3812,.T.);
#3812 = EDGE_CURVE('',#1851,#2555,#3813,.T.);
#3813 = SURFACE_CURVE('',#3814,(#3817,#3824),.PCURVE_S1.);
#3814 = B_SPLINE_CURVE_WITH_KNOTS('',1,(#3815,#3816),.UNSPECIFIED.,.F.,
  .F.,(2,2),(0.,1.),.PIECEWISE_BEZIER_KNOTS.);
#3815 = CARTESIAN_POINT('',(1.95,-2.275,1.025));
#3816 = CARTESIAN_POINT('',(1.875,-2.2375,1.025));
#3817 = PCURVE('',#1884,#3818);
#3818 = DEFINITIONAL_REPRESENTATION('',(#3819),#3823);
#3819 = LINE('',#3820,#3821);
#3820 = CARTESIAN_POINT('',(4.55,6.626387450765E-16));
#3821 = VECTOR('',#3822,1.);
#3822 = DIRECTION('',(-8.881784197001E-16,1.));
#3823 = ( GEOMETRIC_REPRESENTATION_CONTEXT(2) 
PARAMETRIC_REPRESENTATION_CONTEXT() REPRESENTATION_CONTEXT('2D SPACE',''
  ) );
#3824 = PCURVE('',#3467,#3825);
#3825 = DEFINITIONAL_REPRESENTATION('',(#3826),#3830);
#3826 = LINE('',#3827,#3828);
#3827 = CARTESIAN_POINT('',(2.508731586994E-16,-4.08400163074E-15));
#3828 = VECTOR('',#3829,1.);
#3829 = DIRECTION('',(2.93758077062E-16,1.));
#3830 = ( GEOMETRIC_REPRESENTATION_CONTEXT(2) 
PARAMETRIC_REPRESENTATION_CONTEXT() REPRESENTATION_CONTEXT('2D SPACE',''
  ) );
#3831 = ORIENTED_EDGE('',*,*,#2554,.F.);
#3832 = ADVANCED_FACE('',(#3833),#1915,.F.);
#3833 = FACE_BOUND('',#3834,.F.);
#3834 = EDGE_LOOP('',(#3835,#3836,#3837,#3865,#3888,#3912,#3935,#3958,
    #3981,#4009,#4032,#4056));
#3835 = ORIENTED_EDGE('',*,*,#2009,.F.);
#3836 = ORIENTED_EDGE('',*,*,#1899,.T.);
#3837 = ORIENTED_EDGE('',*,*,#3838,.T.);
#3838 = EDGE_CURVE('',#1900,#3839,#3841,.T.);
#3839 = VERTEX_POINT('',#3840);
#3840 = CARTESIAN_POINT('',(2.35,-1.7,0.725));
#3841 = SURFACE_CURVE('',#3842,(#3847,#3858),.PCURVE_S1.);
#3842 = CIRCLE('',#3843,0.1);
#3843 = AXIS2_PLACEMENT_3D('',#3844,#3845,#3846);
#3844 = CARTESIAN_POINT('',(2.25,-1.7,0.725));
#3845 = DIRECTION('',(-2.22044604925E-16,1.,0.));
#3846 = DIRECTION('',(4.440892098501E-15,9.860761315262E-31,1.));
#3847 = PCURVE('',#1915,#3848);
#3848 = DEFINITIONAL_REPRESENTATION('',(#3849),#3857);
#3849 = ( BOUNDED_CURVE() B_SPLINE_CURVE(2,(#3850,#3851,#3852,#3853,
#3854,#3855,#3856),.UNSPECIFIED.,.T.,.F.) B_SPLINE_CURVE_WITH_KNOTS((1,2
    ,2,2,2,1),(-2.094395102393,0.,2.094395102393,4.188790204786,
6.28318530718,8.377580409573),.UNSPECIFIED.) CURVE() 
GEOMETRIC_REPRESENTATION_ITEM() RATIONAL_B_SPLINE_CURVE((1.,0.5,1.,0.5,
1.,0.5,1.)) REPRESENTATION_ITEM('') );
#3850 = CARTESIAN_POINT('',(0.292340342435,0.16578967201));
#3851 = CARTESIAN_POINT('',(0.292340342435,-7.415408746888E-03));
#3852 = CARTESIAN_POINT('',(0.142340342435,7.918713163156E-02));
#3853 = CARTESIAN_POINT('',(-7.659657565E-03,0.16578967201));
#3854 = CARTESIAN_POINT('',(0.142340342435,0.252392212388));
#3855 = CARTESIAN_POINT('',(0.292340342435,0.338994752767));
#3856 = CARTESIAN_POINT('',(0.292340342435,0.16578967201));
#3857 = ( GEOMETRIC_REPRESENTATION_CONTEXT(2) 
PARAMETRIC_REPRESENTATION_CONTEXT() REPRESENTATION_CONTEXT('2D SPACE',''
  ) );
#3858 = PCURVE('',#1965,#3859);
#3859 = DEFINITIONAL_REPRESENTATION('',(#3860),#3864);
#3860 = LINE('',#3861,#3862);
#3861 = CARTESIAN_POINT('',(0.,0.));
#3862 = VECTOR('',#3863,1.);
#3863 = DIRECTION('',(1.,0.));
#3864 = ( GEOMETRIC_REPRESENTATION_CONTEXT(2) 
PARAMETRIC_REPRESENTATION_CONTEXT() REPRESENTATION_CONTEXT('2D SPACE',''
  ) );
#3865 = ORIENTED_EDGE('',*,*,#3866,.T.);
#3866 = EDGE_CURVE('',#3839,#3867,#3869,.T.);
#3867 = VERTEX_POINT('',#3868);
#3868 = CARTESIAN_POINT('',(2.35,-1.7,0.3));
#3869 = SURFACE_CURVE('',#3870,(#3874,#3881),.PCURVE_S1.);
#3870 = LINE('',#3871,#3872);
#3871 = CARTESIAN_POINT('',(2.35,-1.7,0.725));
#3872 = VECTOR('',#3873,1.);
#3873 = DIRECTION('',(1.044915787883E-15,2.320179133003E-31,-1.));
#3874 = PCURVE('',#1915,#3875);
#3875 = DEFINITIONAL_REPRESENTATION('',(#3876),#3880);
#3876 = LINE('',#3877,#3878);
#3877 = CARTESIAN_POINT('',(0.192340342435,6.578967201E-02));
#3878 = VECTOR('',#3879,1.);
#3879 = DIRECTION('',(-1.,-1.044915787883E-15));
#3880 = ( GEOMETRIC_REPRESENTATION_CONTEXT(2) 
PARAMETRIC_REPRESENTATION_CONTEXT() REPRESENTATION_CONTEXT('2D SPACE',''
  ) );
#3881 = PCURVE('',#3529,#3882);
#3882 = DEFINITIONAL_REPRESENTATION('',(#3883),#3887);
#3883 = LINE('',#3884,#3885);
#3884 = CARTESIAN_POINT('',(0.,0.));
#3885 = VECTOR('',#3886,1.);
#3886 = DIRECTION('',(1.,0.));
#3887 = ( GEOMETRIC_REPRESENTATION_CONTEXT(2) 
PARAMETRIC_REPRESENTATION_CONTEXT() REPRESENTATION_CONTEXT('2D SPACE',''
  ) );
#3888 = ORIENTED_EDGE('',*,*,#3889,.T.);
#3889 = EDGE_CURVE('',#3867,#3890,#3892,.T.);
#3890 = VERTEX_POINT('',#3891);
#3891 = CARTESIAN_POINT('',(2.65,-1.7,5.551115123126E-17));
#3892 = SURFACE_CURVE('',#3893,(#3898,#3905),.PCURVE_S1.);
#3893 = CIRCLE('',#3894,0.3);
#3894 = AXIS2_PLACEMENT_3D('',#3895,#3896,#3897);
#3895 = CARTESIAN_POINT('',(2.65,-1.7,0.3));
#3896 = DIRECTION('',(2.22044604925E-16,-1.,0.));
#3897 = DIRECTION('',(-1.,-2.22044604925E-16,3.515706244646E-15));
#3898 = PCURVE('',#1915,#3899);
#3899 = DEFINITIONAL_REPRESENTATION('',(#3900),#3904);
#3900 = CIRCLE('',#3901,0.3);
#3901 = AXIS2_PLACEMENT_2D('',#3902,#3903);
#3902 = CARTESIAN_POINT('',(-0.232659657565,-0.23421032799));
#3903 = DIRECTION('',(3.515706244646E-15,1.));
#3904 = ( GEOMETRIC_REPRESENTATION_CONTEXT(2) 
PARAMETRIC_REPRESENTATION_CONTEXT() REPRESENTATION_CONTEXT('2D SPACE',''
  ) );
#3905 = PCURVE('',#3558,#3906);
#3906 = DEFINITIONAL_REPRESENTATION('',(#3907),#3911);
#3907 = LINE('',#3908,#3909);
#3908 = CARTESIAN_POINT('',(6.28318530718,2.22044604925E-16));
#3909 = VECTOR('',#3910,1.);
#3910 = DIRECTION('',(-1.,-1.413579858428E-16));
#3911 = ( GEOMETRIC_REPRESENTATION_CONTEXT(2) 
PARAMETRIC_REPRESENTATION_CONTEXT() REPRESENTATION_CONTEXT('2D SPACE',''
  ) );
#3912 = ORIENTED_EDGE('',*,*,#3913,.T.);
#3913 = EDGE_CURVE('',#3890,#3914,#3916,.T.);
#3914 = VERTEX_POINT('',#3915);
#3915 = CARTESIAN_POINT('',(3.,-1.7,5.551115123126E-17));
#3916 = SURFACE_CURVE('',#3917,(#3921,#3928),.PCURVE_S1.);
#3917 = LINE('',#3918,#3919);
#3918 = CARTESIAN_POINT('',(2.65,-1.7,5.551115123126E-17));
#3919 = VECTOR('',#3920,1.);
#3920 = DIRECTION('',(1.,2.22044604925E-16,0.));
#3921 = PCURVE('',#1915,#3922);
#3922 = DEFINITIONAL_REPRESENTATION('',(#3923),#3927);
#3923 = LINE('',#3924,#3925);
#3924 = CARTESIAN_POINT('',(-0.532659657565,-0.23421032799));
#3925 = VECTOR('',#3926,1.);
#3926 = DIRECTION('',(0.,-1.));
#3927 = ( GEOMETRIC_REPRESENTATION_CONTEXT(2) 
PARAMETRIC_REPRESENTATION_CONTEXT() REPRESENTATION_CONTEXT('2D SPACE',''
  ) );
#3928 = PCURVE('',#3586,#3929);
#3929 = DEFINITIONAL_REPRESENTATION('',(#3930),#3934);
#3930 = LINE('',#3931,#3932);
#3931 = CARTESIAN_POINT('',(0.,0.));
#3932 = VECTOR('',#3933,1.);
#3933 = DIRECTION('',(1.,0.));
#3934 = ( GEOMETRIC_REPRESENTATION_CONTEXT(2) 
PARAMETRIC_REPRESENTATION_CONTEXT() REPRESENTATION_CONTEXT('2D SPACE',''
  ) );
#3935 = ORIENTED_EDGE('',*,*,#3936,.T.);
#3936 = EDGE_CURVE('',#3914,#3937,#3939,.T.);
#3937 = VERTEX_POINT('',#3938);
#3938 = CARTESIAN_POINT('',(3.,-1.7,0.2));
#3939 = SURFACE_CURVE('',#3940,(#3944,#3951),.PCURVE_S1.);
#3940 = LINE('',#3941,#3942);
#3941 = CARTESIAN_POINT('',(3.,-1.7,5.551115123126E-17));
#3942 = VECTOR('',#3943,1.);
#3943 = DIRECTION('',(0.,0.,1.));
#3944 = PCURVE('',#1915,#3945);
#3945 = DEFINITIONAL_REPRESENTATION('',(#3946),#3950);
#3946 = LINE('',#3947,#3948);
#3947 = CARTESIAN_POINT('',(-0.532659657565,-0.58421032799));
#3948 = VECTOR('',#3949,1.);
#3949 = DIRECTION('',(1.,0.));
#3950 = ( GEOMETRIC_REPRESENTATION_CONTEXT(2) 
PARAMETRIC_REPRESENTATION_CONTEXT() REPRESENTATION_CONTEXT('2D SPACE',''
  ) );
#3951 = PCURVE('',#3614,#3952);
#3952 = DEFINITIONAL_REPRESENTATION('',(#3953),#3957);
#3953 = LINE('',#3954,#3955);
#3954 = CARTESIAN_POINT('',(0.,0.));
#3955 = VECTOR('',#3956,1.);
#3956 = DIRECTION('',(1.,0.));
#3957 = ( GEOMETRIC_REPRESENTATION_CONTEXT(2) 
PARAMETRIC_REPRESENTATION_CONTEXT() REPRESENTATION_CONTEXT('2D SPACE',''
  ) );
#3958 = ORIENTED_EDGE('',*,*,#3959,.T.);
#3959 = EDGE_CURVE('',#3937,#3960,#3962,.T.);
#3960 = VERTEX_POINT('',#3961);
#3961 = CARTESIAN_POINT('',(2.65,-1.7,0.2));
#3962 = SURFACE_CURVE('',#3963,(#3967,#3974),.PCURVE_S1.);
#3963 = LINE('',#3964,#3965);
#3964 = CARTESIAN_POINT('',(3.,-1.7,0.2));
#3965 = VECTOR('',#3966,1.);
#3966 = DIRECTION('',(-1.,-2.22044604925E-16,0.));
#3967 = PCURVE('',#1915,#3968);
#3968 = DEFINITIONAL_REPRESENTATION('',(#3969),#3973);
#3969 = LINE('',#3970,#3971);
#3970 = CARTESIAN_POINT('',(-0.332659657565,-0.58421032799));
#3971 = VECTOR('',#3972,1.);
#3972 = DIRECTION('',(0.,1.));
#3973 = ( GEOMETRIC_REPRESENTATION_CONTEXT(2) 
PARAMETRIC_REPRESENTATION_CONTEXT() REPRESENTATION_CONTEXT('2D SPACE',''
  ) );
#3974 = PCURVE('',#3642,#3975);
#3975 = DEFINITIONAL_REPRESENTATION('',(#3976),#3980);
#3976 = LINE('',#3977,#3978);
#3977 = CARTESIAN_POINT('',(-0.,0.));
#3978 = VECTOR('',#3979,1.);
#3979 = DIRECTION('',(1.,0.));
#3980 = ( GEOMETRIC_REPRESENTATION_CONTEXT(2) 
PARAMETRIC_REPRESENTATION_CONTEXT() REPRESENTATION_CONTEXT('2D SPACE',''
  ) );
#3981 = ORIENTED_EDGE('',*,*,#3982,.T.);
#3982 = EDGE_CURVE('',#3960,#3983,#3985,.T.);
#3983 = VERTEX_POINT('',#3984);
#3984 = CARTESIAN_POINT('',(2.55,-1.7,0.3));
#3985 = SURFACE_CURVE('',#3986,(#3991,#4002),.PCURVE_S1.);
#3986 = CIRCLE('',#3987,0.1);
#3987 = AXIS2_PLACEMENT_3D('',#3988,#3989,#3990);
#3988 = CARTESIAN_POINT('',(2.65,-1.7,0.3));
#3989 = DIRECTION('',(-2.22044604925E-16,1.,0.));
#3990 = DIRECTION('',(0.,0.,-1.));
#3991 = PCURVE('',#1915,#3992);
#3992 = DEFINITIONAL_REPRESENTATION('',(#3993),#4001);
#3993 = ( BOUNDED_CURVE() B_SPLINE_CURVE(2,(#3994,#3995,#3996,#3997,
#3998,#3999,#4000),.UNSPECIFIED.,.T.,.F.) B_SPLINE_CURVE_WITH_KNOTS((1,2
    ,2,2,2,1),(-2.094395102393,0.,2.094395102393,4.188790204786,
6.28318530718,8.377580409573),.UNSPECIFIED.) CURVE() 
GEOMETRIC_REPRESENTATION_ITEM() RATIONAL_B_SPLINE_CURVE((1.,0.5,1.,0.5,
1.,0.5,1.)) REPRESENTATION_ITEM('') );
#3994 = CARTESIAN_POINT('',(-0.332659657565,-0.23421032799));
#3995 = CARTESIAN_POINT('',(-0.332659657565,-6.100524723311E-02));
#3996 = CARTESIAN_POINT('',(-0.182659657565,-0.147607787612));
#3997 = CARTESIAN_POINT('',(-3.2659657565E-02,-0.23421032799));
#3998 = CARTESIAN_POINT('',(-0.182659657565,-0.320812868368));
#3999 = CARTESIAN_POINT('',(-0.332659657565,-0.407415408747));
#4000 = CARTESIAN_POINT('',(-0.332659657565,-0.23421032799));
#4001 = ( GEOMETRIC_REPRESENTATION_CONTEXT(2) 
PARAMETRIC_REPRESENTATION_CONTEXT() REPRESENTATION_CONTEXT('2D SPACE',''
  ) );
#4002 = PCURVE('',#3675,#4003);
#4003 = DEFINITIONAL_REPRESENTATION('',(#4004),#4008);
#4004 = LINE('',#4005,#4006);
#4005 = CARTESIAN_POINT('',(0.,0.));
#4006 = VECTOR('',#4007,1.);
#4007 = DIRECTION('',(1.,0.));
#4008 = ( GEOMETRIC_REPRESENTATION_CONTEXT(2) 
PARAMETRIC_REPRESENTATION_CONTEXT() REPRESENTATION_CONTEXT('2D SPACE',''
  ) );
#4009 = ORIENTED_EDGE('',*,*,#4010,.T.);
#4010 = EDGE_CURVE('',#3983,#4011,#4013,.T.);
#4011 = VERTEX_POINT('',#4012);
#4012 = CARTESIAN_POINT('',(2.55,-1.7,0.725));
#4013 = SURFACE_CURVE('',#4014,(#4018,#4025),.PCURVE_S1.);
#4014 = LINE('',#4015,#4016);
#4015 = CARTESIAN_POINT('',(2.55,-1.7,0.3));
#4016 = VECTOR('',#4017,1.);
#4017 = DIRECTION('',(0.,0.,1.));
#4018 = PCURVE('',#1915,#4019);
#4019 = DEFINITIONAL_REPRESENTATION('',(#4020),#4024);
#4020 = LINE('',#4021,#4022);
#4021 = CARTESIAN_POINT('',(-0.232659657565,-0.13421032799));
#4022 = VECTOR('',#4023,1.);
#4023 = DIRECTION('',(1.,0.));
#4024 = ( GEOMETRIC_REPRESENTATION_CONTEXT(2) 
PARAMETRIC_REPRESENTATION_CONTEXT() REPRESENTATION_CONTEXT('2D SPACE',''
  ) );
#4025 = PCURVE('',#3703,#4026);
#4026 = DEFINITIONAL_REPRESENTATION('',(#4027),#4031);
#4027 = LINE('',#4028,#4029);
#4028 = CARTESIAN_POINT('',(0.,0.));
#4029 = VECTOR('',#4030,1.);
#4030 = DIRECTION('',(1.,0.));
#4031 = ( GEOMETRIC_REPRESENTATION_CONTEXT(2) 
PARAMETRIC_REPRESENTATION_CONTEXT() REPRESENTATION_CONTEXT('2D SPACE',''
  ) );
#4032 = ORIENTED_EDGE('',*,*,#4033,.T.);
#4033 = EDGE_CURVE('',#4011,#4034,#4036,.T.);
#4034 = VERTEX_POINT('',#4035);
#4035 = CARTESIAN_POINT('',(2.25,-1.7,1.025));
#4036 = SURFACE_CURVE('',#4037,(#4042,#4049),.PCURVE_S1.);
#4037 = CIRCLE('',#4038,0.3);
#4038 = AXIS2_PLACEMENT_3D('',#4039,#4040,#4041);
#4039 = CARTESIAN_POINT('',(2.25,-1.7,0.725));
#4040 = DIRECTION('',(2.22044604925E-16,-1.,0.));
#4041 = DIRECTION('',(1.,2.22044604925E-16,3.700743415417E-16));
#4042 = PCURVE('',#1915,#4043);
#4043 = DEFINITIONAL_REPRESENTATION('',(#4044),#4048);
#4044 = CIRCLE('',#4045,0.3);
#4045 = AXIS2_PLACEMENT_2D('',#4046,#4047);
#4046 = CARTESIAN_POINT('',(0.192340342435,0.16578967201));
#4047 = DIRECTION('',(3.700743415417E-16,-1.));
#4048 = ( GEOMETRIC_REPRESENTATION_CONTEXT(2) 
PARAMETRIC_REPRESENTATION_CONTEXT() REPRESENTATION_CONTEXT('2D SPACE',''
  ) );
#4049 = PCURVE('',#3732,#4050);
#4050 = DEFINITIONAL_REPRESENTATION('',(#4051),#4055);
#4051 = LINE('',#4052,#4053);
#4052 = CARTESIAN_POINT('',(6.28318530718,-2.22044604925E-16));
#4053 = VECTOR('',#4054,1.);
#4054 = DIRECTION('',(-1.,1.413579858428E-16));
#4055 = ( GEOMETRIC_REPRESENTATION_CONTEXT(2) 
PARAMETRIC_REPRESENTATION_CONTEXT() REPRESENTATION_CONTEXT('2D SPACE',''
  ) );
#4056 = ORIENTED_EDGE('',*,*,#4057,.T.);
#4057 = EDGE_CURVE('',#4034,#2010,#4058,.T.);
#4058 = SURFACE_CURVE('',#4059,(#4063,#4070),.PCURVE_S1.);
#4059 = LINE('',#4060,#4061);
#4060 = CARTESIAN_POINT('',(2.25,-1.7,1.025));
#4061 = VECTOR('',#4062,1.);
#4062 = DIRECTION('',(-1.,-2.22044604925E-16,0.));
#4063 = PCURVE('',#1915,#4064);
#4064 = DEFINITIONAL_REPRESENTATION('',(#4065),#4069);
#4065 = LINE('',#4066,#4067);
#4066 = CARTESIAN_POINT('',(0.492340342435,0.16578967201));
#4067 = VECTOR('',#4068,1.);
#4068 = DIRECTION('',(0.,1.));
#4069 = ( GEOMETRIC_REPRESENTATION_CONTEXT(2) 
PARAMETRIC_REPRESENTATION_CONTEXT() REPRESENTATION_CONTEXT('2D SPACE',''
  ) );
#4070 = PCURVE('',#2542,#4071);
#4071 = DEFINITIONAL_REPRESENTATION('',(#4072),#4076);
#4072 = LINE('',#4073,#4074);
#4073 = CARTESIAN_POINT('',(-0.,0.));
#4074 = VECTOR('',#4075,1.);
#4075 = DIRECTION('',(1.,0.));
#4076 = ( GEOMETRIC_REPRESENTATION_CONTEXT(2) 
PARAMETRIC_REPRESENTATION_CONTEXT() REPRESENTATION_CONTEXT('2D SPACE',''
  ) );
#4077 = ADVANCED_FACE('',(#4078),#1965,.F.);
#4078 = FACE_BOUND('',#4079,.F.);
#4079 = EDGE_LOOP('',(#4080,#4081,#4082,#4103));
#4080 = ORIENTED_EDGE('',*,*,#1951,.T.);
#4081 = ORIENTED_EDGE('',*,*,#3485,.T.);
#4082 = ORIENTED_EDGE('',*,*,#4083,.F.);
#4083 = EDGE_CURVE('',#3839,#3486,#4084,.T.);
#4084 = SURFACE_CURVE('',#4085,(#4089,#4096),.PCURVE_S1.);
#4085 = LINE('',#4086,#4087);
#4086 = CARTESIAN_POINT('',(2.35,-1.7,0.725));
#4087 = VECTOR('',#4088,1.);
#4088 = DIRECTION('',(2.22044604925E-16,-1.,0.));
#4089 = PCURVE('',#1965,#4090);
#4090 = DEFINITIONAL_REPRESENTATION('',(#4091),#4095);
#4091 = LINE('',#4092,#4093);
#4092 = CARTESIAN_POINT('',(1.570796326795,0.));
#4093 = VECTOR('',#4094,1.);
#4094 = DIRECTION('',(0.,-1.));
#4095 = ( GEOMETRIC_REPRESENTATION_CONTEXT(2) 
PARAMETRIC_REPRESENTATION_CONTEXT() REPRESENTATION_CONTEXT('2D SPACE',''
  ) );
#4096 = PCURVE('',#3529,#4097);
#4097 = DEFINITIONAL_REPRESENTATION('',(#4098),#4102);
#4098 = LINE('',#4099,#4100);
#4099 = CARTESIAN_POINT('',(0.,0.));
#4100 = VECTOR('',#4101,1.);
#4101 = DIRECTION('',(7.584527938158E-44,-1.));
#4102 = ( GEOMETRIC_REPRESENTATION_CONTEXT(2) 
PARAMETRIC_REPRESENTATION_CONTEXT() REPRESENTATION_CONTEXT('2D SPACE',''
  ) );
#4103 = ORIENTED_EDGE('',*,*,#3838,.F.);
#4104 = ADVANCED_FACE('',(#4105),#1996,.T.);
#4105 = FACE_BOUND('',#4106,.T.);
#4106 = EDGE_LOOP('',(#4107,#4108,#4109,#4137,#4165,#4194,#4222,#4250,
    #4278,#4311,#4339,#4368));
#4107 = ORIENTED_EDGE('',*,*,#1980,.F.);
#4108 = ORIENTED_EDGE('',*,*,#2171,.T.);
#4109 = ORIENTED_EDGE('',*,*,#4110,.T.);
#4110 = EDGE_CURVE('',#2172,#4111,#4113,.T.);
#4111 = VERTEX_POINT('',#4112);
#4112 = CARTESIAN_POINT('',(2.35,-0.84,0.725));
#4113 = SURFACE_CURVE('',#4114,(#4119,#4130),.PCURVE_S1.);
#4114 = CIRCLE('',#4115,0.1);
#4115 = AXIS2_PLACEMENT_3D('',#4116,#4117,#4118);
#4116 = CARTESIAN_POINT('',(2.25,-0.84,0.725));
#4117 = DIRECTION('',(-2.22044604925E-16,1.,0.));
#4118 = DIRECTION('',(4.440892098501E-15,9.860761315262E-31,1.));
#4119 = PCURVE('',#1996,#4120);
#4120 = DEFINITIONAL_REPRESENTATION('',(#4121),#4129);
#4121 = ( BOUNDED_CURVE() B_SPLINE_CURVE(2,(#4122,#4123,#4124,#4125,
#4126,#4127,#4128),.UNSPECIFIED.,.T.,.F.) B_SPLINE_CURVE_WITH_KNOTS((1,2
    ,2,2,2,1),(-2.094395102393,0.,2.094395102393,4.188790204786,
6.28318530718,8.377580409573),.UNSPECIFIED.) CURVE() 
GEOMETRIC_REPRESENTATION_ITEM() RATIONAL_B_SPLINE_CURVE((1.,0.5,1.,0.5,
1.,0.5,1.)) REPRESENTATION_ITEM('') );
#4122 = CARTESIAN_POINT('',(0.292340342435,0.16578967201));
#4123 = CARTESIAN_POINT('',(0.292340342435,-7.415408746888E-03));
#4124 = CARTESIAN_POINT('',(0.142340342435,7.918713163156E-02));
#4125 = CARTESIAN_POINT('',(-7.659657565E-03,0.16578967201));
#4126 = CARTESIAN_POINT('',(0.142340342435,0.252392212388));
#4127 = CARTESIAN_POINT('',(0.292340342435,0.338994752767));
#4128 = CARTESIAN_POINT('',(0.292340342435,0.16578967201));
#4129 = ( GEOMETRIC_REPRESENTATION_CONTEXT(2) 
PARAMETRIC_REPRESENTATION_CONTEXT() REPRESENTATION_CONTEXT('2D SPACE',''
  ) );
#4130 = PCURVE('',#2208,#4131);
#4131 = DEFINITIONAL_REPRESENTATION('',(#4132),#4136);
#4132 = LINE('',#4133,#4134);
#4133 = CARTESIAN_POINT('',(0.,-0.41));
#4134 = VECTOR('',#4135,1.);
#4135 = DIRECTION('',(1.,-7.067899292141E-17));
#4136 = ( GEOMETRIC_REPRESENTATION_CONTEXT(2) 
PARAMETRIC_REPRESENTATION_CONTEXT() REPRESENTATION_CONTEXT('2D SPACE',''
  ) );
#4137 = ORIENTED_EDGE('',*,*,#4138,.T.);
#4138 = EDGE_CURVE('',#4111,#4139,#4141,.T.);
#4139 = VERTEX_POINT('',#4140);
#4140 = CARTESIAN_POINT('',(2.35,-0.84,0.3));
#4141 = SURFACE_CURVE('',#4142,(#4146,#4153),.PCURVE_S1.);
#4142 = LINE('',#4143,#4144);
#4143 = CARTESIAN_POINT('',(2.35,-0.84,0.725));
#4144 = VECTOR('',#4145,1.);
#4145 = DIRECTION('',(1.044915787883E-15,2.320179133003E-31,-1.));
#4146 = PCURVE('',#1996,#4147);
#4147 = DEFINITIONAL_REPRESENTATION('',(#4148),#4152);
#4148 = LINE('',#4149,#4150);
#4149 = CARTESIAN_POINT('',(0.192340342435,6.578967201E-02));
#4150 = VECTOR('',#4151,1.);
#4151 = DIRECTION('',(-1.,-1.044915787883E-15));
#4152 = ( GEOMETRIC_REPRESENTATION_CONTEXT(2) 
PARAMETRIC_REPRESENTATION_CONTEXT() REPRESENTATION_CONTEXT('2D SPACE',''
  ) );
#4153 = PCURVE('',#4154,#4159);
#4154 = PLANE('',#4155);
#4155 = AXIS2_PLACEMENT_3D('',#4156,#4157,#4158);
#4156 = CARTESIAN_POINT('',(2.35,-0.43,0.725));
#4157 = DIRECTION('',(1.,2.22044604925E-16,1.044915787883E-15));
#4158 = DIRECTION('',(1.044915787883E-15,2.320179133003E-31,-1.));
#4159 = DEFINITIONAL_REPRESENTATION('',(#4160),#4164);
#4160 = LINE('',#4161,#4162);
#4161 = CARTESIAN_POINT('',(-9.512734445312E-32,-0.41));
#4162 = VECTOR('',#4163,1.);
#4163 = DIRECTION('',(1.,0.));
#4164 = ( GEOMETRIC_REPRESENTATION_CONTEXT(2) 
PARAMETRIC_REPRESENTATION_CONTEXT() REPRESENTATION_CONTEXT('2D SPACE',''
  ) );
#4165 = ORIENTED_EDGE('',*,*,#4166,.T.);
#4166 = EDGE_CURVE('',#4139,#4167,#4169,.T.);
#4167 = VERTEX_POINT('',#4168);
#4168 = CARTESIAN_POINT('',(2.65,-0.84,5.551115123126E-17));
#4169 = SURFACE_CURVE('',#4170,(#4175,#4182),.PCURVE_S1.);
#4170 = CIRCLE('',#4171,0.3);
#4171 = AXIS2_PLACEMENT_3D('',#4172,#4173,#4174);
#4172 = CARTESIAN_POINT('',(2.65,-0.84,0.3));
#4173 = DIRECTION('',(2.22044604925E-16,-1.,0.));
#4174 = DIRECTION('',(-1.,-2.22044604925E-16,3.515706244646E-15));
#4175 = PCURVE('',#1996,#4176);
#4176 = DEFINITIONAL_REPRESENTATION('',(#4177),#4181);
#4177 = CIRCLE('',#4178,0.3);
#4178 = AXIS2_PLACEMENT_2D('',#4179,#4180);
#4179 = CARTESIAN_POINT('',(-0.232659657565,-0.23421032799));
#4180 = DIRECTION('',(3.515706244646E-15,1.));
#4181 = ( GEOMETRIC_REPRESENTATION_CONTEXT(2) 
PARAMETRIC_REPRESENTATION_CONTEXT() REPRESENTATION_CONTEXT('2D SPACE',''
  ) );
#4182 = PCURVE('',#4183,#4188);
#4183 = CYLINDRICAL_SURFACE('',#4184,0.3);
#4184 = AXIS2_PLACEMENT_3D('',#4185,#4186,#4187);
#4185 = CARTESIAN_POINT('',(2.65,-0.43,0.3));
#4186 = DIRECTION('',(-2.22044604925E-16,1.,-0.));
#4187 = DIRECTION('',(-1.,-2.22044604925E-16,3.515706244646E-15));
#4188 = DEFINITIONAL_REPRESENTATION('',(#4189),#4193);
#4189 = LINE('',#4190,#4191);
#4190 = CARTESIAN_POINT('',(6.28318530718,-0.41));
#4191 = VECTOR('',#4192,1.);
#4192 = DIRECTION('',(-1.,7.067899292141E-17));
#4193 = ( GEOMETRIC_REPRESENTATION_CONTEXT(2) 
PARAMETRIC_REPRESENTATION_CONTEXT() REPRESENTATION_CONTEXT('2D SPACE',''
  ) );
#4194 = ORIENTED_EDGE('',*,*,#4195,.T.);
#4195 = EDGE_CURVE('',#4167,#4196,#4198,.T.);
#4196 = VERTEX_POINT('',#4197);
#4197 = CARTESIAN_POINT('',(3.,-0.84,5.551115123126E-17));
#4198 = SURFACE_CURVE('',#4199,(#4203,#4210),.PCURVE_S1.);
#4199 = LINE('',#4200,#4201);
#4200 = CARTESIAN_POINT('',(2.65,-0.84,5.551115123126E-17));
#4201 = VECTOR('',#4202,1.);
#4202 = DIRECTION('',(1.,2.22044604925E-16,0.));
#4203 = PCURVE('',#1996,#4204);
#4204 = DEFINITIONAL_REPRESENTATION('',(#4205),#4209);
#4205 = LINE('',#4206,#4207);
#4206 = CARTESIAN_POINT('',(-0.532659657565,-0.23421032799));
#4207 = VECTOR('',#4208,1.);
#4208 = DIRECTION('',(0.,-1.));
#4209 = ( GEOMETRIC_REPRESENTATION_CONTEXT(2) 
PARAMETRIC_REPRESENTATION_CONTEXT() REPRESENTATION_CONTEXT('2D SPACE',''
  ) );
#4210 = PCURVE('',#4211,#4216);
#4211 = PLANE('',#4212);
#4212 = AXIS2_PLACEMENT_3D('',#4213,#4214,#4215);
#4213 = CARTESIAN_POINT('',(2.65,-0.43,5.551115123126E-17));
#4214 = DIRECTION('',(0.,0.,1.));
#4215 = DIRECTION('',(1.,2.22044604925E-16,-0.));
#4216 = DEFINITIONAL_REPRESENTATION('',(#4217),#4221);
#4217 = LINE('',#4218,#4219);
#4218 = CARTESIAN_POINT('',(-9.103828801925E-17,-0.41));
#4219 = VECTOR('',#4220,1.);
#4220 = DIRECTION('',(1.,0.));
#4221 = ( GEOMETRIC_REPRESENTATION_CONTEXT(2) 
PARAMETRIC_REPRESENTATION_CONTEXT() REPRESENTATION_CONTEXT('2D SPACE',''
  ) );
#4222 = ORIENTED_EDGE('',*,*,#4223,.T.);
#4223 = EDGE_CURVE('',#4196,#4224,#4226,.T.);
#4224 = VERTEX_POINT('',#4225);
#4225 = CARTESIAN_POINT('',(3.,-0.84,0.2));
#4226 = SURFACE_CURVE('',#4227,(#4231,#4238),.PCURVE_S1.);
#4227 = LINE('',#4228,#4229);
#4228 = CARTESIAN_POINT('',(3.,-0.84,5.551115123126E-17));
#4229 = VECTOR('',#4230,1.);
#4230 = DIRECTION('',(0.,0.,1.));
#4231 = PCURVE('',#1996,#4232);
#4232 = DEFINITIONAL_REPRESENTATION('',(#4233),#4237);
#4233 = LINE('',#4234,#4235);
#4234 = CARTESIAN_POINT('',(-0.532659657565,-0.58421032799));
#4235 = VECTOR('',#4236,1.);
#4236 = DIRECTION('',(1.,0.));
#4237 = ( GEOMETRIC_REPRESENTATION_CONTEXT(2) 
PARAMETRIC_REPRESENTATION_CONTEXT() REPRESENTATION_CONTEXT('2D SPACE',''
  ) );
#4238 = PCURVE('',#4239,#4244);
#4239 = PLANE('',#4240);
#4240 = AXIS2_PLACEMENT_3D('',#4241,#4242,#4243);
#4241 = CARTESIAN_POINT('',(3.,-0.43,5.551115123126E-17));
#4242 = DIRECTION('',(-1.,-2.22044604925E-16,0.));
#4243 = DIRECTION('',(0.,0.,1.));
#4244 = DEFINITIONAL_REPRESENTATION('',(#4245),#4249);
#4245 = LINE('',#4246,#4247);
#4246 = CARTESIAN_POINT('',(0.,-0.41));
#4247 = VECTOR('',#4248,1.);
#4248 = DIRECTION('',(1.,0.));
#4249 = ( GEOMETRIC_REPRESENTATION_CONTEXT(2) 
PARAMETRIC_REPRESENTATION_CONTEXT() REPRESENTATION_CONTEXT('2D SPACE',''
  ) );
#4250 = ORIENTED_EDGE('',*,*,#4251,.T.);
#4251 = EDGE_CURVE('',#4224,#4252,#4254,.T.);
#4252 = VERTEX_POINT('',#4253);
#4253 = CARTESIAN_POINT('',(2.65,-0.84,0.2));
#4254 = SURFACE_CURVE('',#4255,(#4259,#4266),.PCURVE_S1.);
#4255 = LINE('',#4256,#4257);
#4256 = CARTESIAN_POINT('',(3.,-0.84,0.2));
#4257 = VECTOR('',#4258,1.);
#4258 = DIRECTION('',(-1.,-2.22044604925E-16,0.));
#4259 = PCURVE('',#1996,#4260);
#4260 = DEFINITIONAL_REPRESENTATION('',(#4261),#4265);
#4261 = LINE('',#4262,#4263);
#4262 = CARTESIAN_POINT('',(-0.332659657565,-0.58421032799));
#4263 = VECTOR('',#4264,1.);
#4264 = DIRECTION('',(0.,1.));
#4265 = ( GEOMETRIC_REPRESENTATION_CONTEXT(2) 
PARAMETRIC_REPRESENTATION_CONTEXT() REPRESENTATION_CONTEXT('2D SPACE',''
  ) );
#4266 = PCURVE('',#4267,#4272);
#4267 = PLANE('',#4268);
#4268 = AXIS2_PLACEMENT_3D('',#4269,#4270,#4271);
#4269 = CARTESIAN_POINT('',(3.,-0.43,0.2));
#4270 = DIRECTION('',(0.,0.,-1.));
#4271 = DIRECTION('',(-1.,-2.22044604925E-16,-0.));
#4272 = DEFINITIONAL_REPRESENTATION('',(#4273),#4277);
#4273 = LINE('',#4274,#4275);
#4274 = CARTESIAN_POINT('',(9.103828801925E-17,-0.41));
#4275 = VECTOR('',#4276,1.);
#4276 = DIRECTION('',(1.,0.));
#4277 = ( GEOMETRIC_REPRESENTATION_CONTEXT(2) 
PARAMETRIC_REPRESENTATION_CONTEXT() REPRESENTATION_CONTEXT('2D SPACE',''
  ) );
#4278 = ORIENTED_EDGE('',*,*,#4279,.T.);
#4279 = EDGE_CURVE('',#4252,#4280,#4282,.T.);
#4280 = VERTEX_POINT('',#4281);
#4281 = CARTESIAN_POINT('',(2.55,-0.84,0.3));
#4282 = SURFACE_CURVE('',#4283,(#4288,#4299),.PCURVE_S1.);
#4283 = CIRCLE('',#4284,0.1);
#4284 = AXIS2_PLACEMENT_3D('',#4285,#4286,#4287);
#4285 = CARTESIAN_POINT('',(2.65,-0.84,0.3));
#4286 = DIRECTION('',(-2.22044604925E-16,1.,0.));
#4287 = DIRECTION('',(0.,0.,-1.));
#4288 = PCURVE('',#1996,#4289);
#4289 = DEFINITIONAL_REPRESENTATION('',(#4290),#4298);
#4290 = ( BOUNDED_CURVE() B_SPLINE_CURVE(2,(#4291,#4292,#4293,#4294,
#4295,#4296,#4297),.UNSPECIFIED.,.T.,.F.) B_SPLINE_CURVE_WITH_KNOTS((1,2
    ,2,2,2,1),(-2.094395102393,0.,2.094395102393,4.188790204786,
6.28318530718,8.377580409573),.UNSPECIFIED.) CURVE() 
GEOMETRIC_REPRESENTATION_ITEM() RATIONAL_B_SPLINE_CURVE((1.,0.5,1.,0.5,
1.,0.5,1.)) REPRESENTATION_ITEM('') );
#4291 = CARTESIAN_POINT('',(-0.332659657565,-0.23421032799));
#4292 = CARTESIAN_POINT('',(-0.332659657565,-6.100524723311E-02));
#4293 = CARTESIAN_POINT('',(-0.182659657565,-0.147607787612));
#4294 = CARTESIAN_POINT('',(-3.2659657565E-02,-0.23421032799));
#4295 = CARTESIAN_POINT('',(-0.182659657565,-0.320812868368));
#4296 = CARTESIAN_POINT('',(-0.332659657565,-0.407415408747));
#4297 = CARTESIAN_POINT('',(-0.332659657565,-0.23421032799));
#4298 = ( GEOMETRIC_REPRESENTATION_CONTEXT(2) 
PARAMETRIC_REPRESENTATION_CONTEXT() REPRESENTATION_CONTEXT('2D SPACE',''
  ) );
#4299 = PCURVE('',#4300,#4305);
#4300 = CYLINDRICAL_SURFACE('',#4301,0.1);
#4301 = AXIS2_PLACEMENT_3D('',#4302,#4303,#4304);
#4302 = CARTESIAN_POINT('',(2.65,-0.43,0.3));
#4303 = DIRECTION('',(-2.22044604925E-16,1.,0.));
#4304 = DIRECTION('',(0.,0.,-1.));
#4305 = DEFINITIONAL_REPRESENTATION('',(#4306),#4310);
#4306 = LINE('',#4307,#4308);
#4307 = CARTESIAN_POINT('',(0.,-0.41));
#4308 = VECTOR('',#4309,1.);
#4309 = DIRECTION('',(1.,0.));
#4310 = ( GEOMETRIC_REPRESENTATION_CONTEXT(2) 
PARAMETRIC_REPRESENTATION_CONTEXT() REPRESENTATION_CONTEXT('2D SPACE',''
  ) );
#4311 = ORIENTED_EDGE('',*,*,#4312,.T.);
#4312 = EDGE_CURVE('',#4280,#4313,#4315,.T.);
#4313 = VERTEX_POINT('',#4314);
#4314 = CARTESIAN_POINT('',(2.55,-0.84,0.725));
#4315 = SURFACE_CURVE('',#4316,(#4320,#4327),.PCURVE_S1.);
#4316 = LINE('',#4317,#4318);
#4317 = CARTESIAN_POINT('',(2.55,-0.84,0.3));
#4318 = VECTOR('',#4319,1.);
#4319 = DIRECTION('',(0.,0.,1.));
#4320 = PCURVE('',#1996,#4321);
#4321 = DEFINITIONAL_REPRESENTATION('',(#4322),#4326);
#4322 = LINE('',#4323,#4324);
#4323 = CARTESIAN_POINT('',(-0.232659657565,-0.13421032799));
#4324 = VECTOR('',#4325,1.);
#4325 = DIRECTION('',(1.,0.));
#4326 = ( GEOMETRIC_REPRESENTATION_CONTEXT(2) 
PARAMETRIC_REPRESENTATION_CONTEXT() REPRESENTATION_CONTEXT('2D SPACE',''
  ) );
#4327 = PCURVE('',#4328,#4333);
#4328 = PLANE('',#4329);
#4329 = AXIS2_PLACEMENT_3D('',#4330,#4331,#4332);
#4330 = CARTESIAN_POINT('',(2.55,-0.43,0.3));
#4331 = DIRECTION('',(-1.,-2.22044604925E-16,0.));
#4332 = DIRECTION('',(0.,0.,1.));
#4333 = DEFINITIONAL_REPRESENTATION('',(#4334),#4338);
#4334 = LINE('',#4335,#4336);
#4335 = CARTESIAN_POINT('',(0.,-0.41));
#4336 = VECTOR('',#4337,1.);
#4337 = DIRECTION('',(1.,0.));
#4338 = ( GEOMETRIC_REPRESENTATION_CONTEXT(2) 
PARAMETRIC_REPRESENTATION_CONTEXT() REPRESENTATION_CONTEXT('2D SPACE',''
  ) );
#4339 = ORIENTED_EDGE('',*,*,#4340,.T.);
#4340 = EDGE_CURVE('',#4313,#4341,#4343,.T.);
#4341 = VERTEX_POINT('',#4342);
#4342 = CARTESIAN_POINT('',(2.25,-0.84,1.025));
#4343 = SURFACE_CURVE('',#4344,(#4349,#4356),.PCURVE_S1.);
#4344 = CIRCLE('',#4345,0.3);
#4345 = AXIS2_PLACEMENT_3D('',#4346,#4347,#4348);
#4346 = CARTESIAN_POINT('',(2.25,-0.84,0.725));
#4347 = DIRECTION('',(2.22044604925E-16,-1.,0.));
#4348 = DIRECTION('',(1.,2.22044604925E-16,3.700743415417E-16));
#4349 = PCURVE('',#1996,#4350);
#4350 = DEFINITIONAL_REPRESENTATION('',(#4351),#4355);
#4351 = CIRCLE('',#4352,0.3);
#4352 = AXIS2_PLACEMENT_2D('',#4353,#4354);
#4353 = CARTESIAN_POINT('',(0.192340342435,0.16578967201));
#4354 = DIRECTION('',(3.700743415417E-16,-1.));
#4355 = ( GEOMETRIC_REPRESENTATION_CONTEXT(2) 
PARAMETRIC_REPRESENTATION_CONTEXT() REPRESENTATION_CONTEXT('2D SPACE',''
  ) );
#4356 = PCURVE('',#4357,#4362);
#4357 = CYLINDRICAL_SURFACE('',#4358,0.3);
#4358 = AXIS2_PLACEMENT_3D('',#4359,#4360,#4361);
#4359 = CARTESIAN_POINT('',(2.25,-0.43,0.725));
#4360 = DIRECTION('',(-2.22044604925E-16,1.,-0.));
#4361 = DIRECTION('',(1.,2.22044604925E-16,3.700743415417E-16));
#4362 = DEFINITIONAL_REPRESENTATION('',(#4363),#4367);
#4363 = LINE('',#4364,#4365);
#4364 = CARTESIAN_POINT('',(6.28318530718,-0.41));
#4365 = VECTOR('',#4366,1.);
#4366 = DIRECTION('',(-1.,0.));
#4367 = ( GEOMETRIC_REPRESENTATION_CONTEXT(2) 
PARAMETRIC_REPRESENTATION_CONTEXT() REPRESENTATION_CONTEXT('2D SPACE',''
  ) );
#4368 = ORIENTED_EDGE('',*,*,#4369,.T.);
#4369 = EDGE_CURVE('',#4341,#1981,#4370,.T.);
#4370 = SURFACE_CURVE('',#4371,(#4375,#4382),.PCURVE_S1.);
#4371 = LINE('',#4372,#4373);
#4372 = CARTESIAN_POINT('',(2.25,-0.84,1.025));
#4373 = VECTOR('',#4374,1.);
#4374 = DIRECTION('',(-1.,-2.22044604925E-16,0.));
#4375 = PCURVE('',#1996,#4376);
#4376 = DEFINITIONAL_REPRESENTATION('',(#4377),#4381);
#4377 = LINE('',#4378,#4379);
#4378 = CARTESIAN_POINT('',(0.492340342435,0.16578967201));
#4379 = VECTOR('',#4380,1.);
#4380 = DIRECTION('',(0.,1.));
#4381 = ( GEOMETRIC_REPRESENTATION_CONTEXT(2) 
PARAMETRIC_REPRESENTATION_CONTEXT() REPRESENTATION_CONTEXT('2D SPACE',''
  ) );
#4382 = PCURVE('',#2492,#4383);
#4383 = DEFINITIONAL_REPRESENTATION('',(#4384),#4388);
#4384 = LINE('',#4385,#4386);
#4385 = CARTESIAN_POINT('',(9.103828801925E-17,-0.41));
#4386 = VECTOR('',#4387,1.);
#4387 = DIRECTION('',(1.,0.));
#4388 = ( GEOMETRIC_REPRESENTATION_CONTEXT(2) 
PARAMETRIC_REPRESENTATION_CONTEXT() REPRESENTATION_CONTEXT('2D SPACE',''
  ) );
#4389 = ADVANCED_FACE('',(#4390),#2046,.F.);
#4390 = FACE_BOUND('',#4391,.F.);
#4391 = EDGE_LOOP('',(#4392,#4412,#4413,#4456));
#4392 = ORIENTED_EDGE('',*,*,#4393,.F.);
#4393 = EDGE_CURVE('',#1981,#2477,#4394,.T.);
#4394 = SURFACE_CURVE('',#4395,(#4399,#4405),.PCURVE_S1.);
#4395 = LINE('',#4396,#4397);
#4396 = CARTESIAN_POINT('',(2.25,-0.84,1.025));
#4397 = VECTOR('',#4398,1.);
#4398 = DIRECTION('',(-1.,-2.22044604925E-16,0.));
#4399 = PCURVE('',#2046,#4400);
#4400 = DEFINITIONAL_REPRESENTATION('',(#4401),#4404);
#4401 = B_SPLINE_CURVE_WITH_KNOTS('',1,(#4402,#4403),.UNSPECIFIED.,.F.,
  .F.,(2,2),(0.3,0.375),.PIECEWISE_BEZIER_KNOTS.);
#4402 = CARTESIAN_POINT('',(3.115,2.895956992222E-16));
#4403 = CARTESIAN_POINT('',(3.129078212291,1.));
#4404 = ( GEOMETRIC_REPRESENTATION_CONTEXT(2) 
PARAMETRIC_REPRESENTATION_CONTEXT() REPRESENTATION_CONTEXT('2D SPACE',''
  ) );
#4405 = PCURVE('',#2492,#4406);
#4406 = DEFINITIONAL_REPRESENTATION('',(#4407),#4411);
#4407 = LINE('',#4408,#4409);
#4408 = CARTESIAN_POINT('',(9.103828801925E-17,-0.41));
#4409 = VECTOR('',#4410,1.);
#4410 = DIRECTION('',(1.,0.));
#4411 = ( GEOMETRIC_REPRESENTATION_CONTEXT(2) 
PARAMETRIC_REPRESENTATION_CONTEXT() REPRESENTATION_CONTEXT('2D SPACE',''
  ) );
#4412 = ORIENTED_EDGE('',*,*,#2032,.T.);
#4413 = ORIENTED_EDGE('',*,*,#4414,.T.);
#4414 = EDGE_CURVE('',#2010,#2505,#4415,.T.);
#4415 = SURFACE_CURVE('',#4416,(#4420,#4449),.PCURVE_S1.);
#4416 = LINE('',#4417,#4418);
#4417 = CARTESIAN_POINT('',(2.25,-1.7,1.025));
#4418 = VECTOR('',#4419,1.);
#4419 = DIRECTION('',(-1.,-2.22044604925E-16,0.));
#4420 = PCURVE('',#2046,#4421);
#4421 = DEFINITIONAL_REPRESENTATION('',(#4422),#4448);
#4422 = B_SPLINE_CURVE_WITH_KNOTS('',3,(#4423,#4424,#4425,#4426,#4427,
    #4428,#4429,#4430,#4431,#4432,#4433,#4434,#4435,#4436,#4437,#4438,
    #4439,#4440,#4441,#4442,#4443,#4444,#4445,#4446,#4447),
  .UNSPECIFIED.,.F.,.F.,(4,1,1,1,1,1,1,1,1,1,1,1,1,1,1,1,1,1,1,1,1,1,4),
  (0.3,0.303409090909,0.306818181818,0.310227272727,0.313636363636,
    0.317045454545,0.320454545455,0.323863636364,0.327272727273,
    0.330681818182,0.334090909091,0.3375,0.340909090909,0.344318181818,
    0.347727272727,0.351136363636,0.354545454545,0.357954545455,
    0.361363636364,0.364772727273,0.368181818182,0.371590909091,0.375),
  .QUASI_UNIFORM_KNOTS.);
#4423 = CARTESIAN_POINT('',(3.975,0.));
#4424 = CARTESIAN_POINT('',(3.975424575426,1.515151515152E-02));
#4425 = CARTESIAN_POINT('',(3.9762743625,4.545454545455E-02));
#4426 = CARTESIAN_POINT('',(3.97755095609,9.090909090909E-02));
#4427 = CARTESIAN_POINT('',(3.978829466966,0.136363636364));
#4428 = CARTESIAN_POINT('',(3.98010989945,0.181818181818));
#4429 = CARTESIAN_POINT('',(3.981392257878,0.227272727273));
#4430 = CARTESIAN_POINT('',(3.982676546599,0.272727272727));
#4431 = CARTESIAN_POINT('',(3.983962769974,0.318181818182));
#4432 = CARTESIAN_POINT('',(3.985250932379,0.363636363636));
#4433 = CARTESIAN_POINT('',(3.9865410382,0.409090909091));
#4434 = CARTESIAN_POINT('',(3.98783309184,0.454545454545));
#4435 = CARTESIAN_POINT('',(3.989127097713,0.5));
#4436 = CARTESIAN_POINT('',(3.990423060246,0.545454545455));
#4437 = CARTESIAN_POINT('',(3.991720983883,0.590909090909));
#4438 = CARTESIAN_POINT('',(3.993020873076,0.636363636364));
#4439 = CARTESIAN_POINT('',(3.994322732295,0.681818181818));
#4440 = CARTESIAN_POINT('',(3.995626566021,0.727272727273));
#4441 = CARTESIAN_POINT('',(3.996932378749,0.772727272727));
#4442 = CARTESIAN_POINT('',(3.99824017499,0.818181818182));
#4443 = CARTESIAN_POINT('',(3.999549959265,0.863636363636));
#4444 = CARTESIAN_POINT('',(4.000861736112,0.909090909091));
#4445 = CARTESIAN_POINT('',(4.00217551008,0.954545454545));
#4446 = CARTESIAN_POINT('',(4.003052693851,0.984848484848));
#4447 = CARTESIAN_POINT('',(4.003491620112,1.));
#4448 = ( GEOMETRIC_REPRESENTATION_CONTEXT(2) 
PARAMETRIC_REPRESENTATION_CONTEXT() REPRESENTATION_CONTEXT('2D SPACE',''
  ) );
#4449 = PCURVE('',#2542,#4450);
#4450 = DEFINITIONAL_REPRESENTATION('',(#4451),#4455);
#4451 = LINE('',#4452,#4453);
#4452 = CARTESIAN_POINT('',(-0.,0.));
#4453 = VECTOR('',#4454,1.);
#4454 = DIRECTION('',(1.,0.));
#4455 = ( GEOMETRIC_REPRESENTATION_CONTEXT(2) 
PARAMETRIC_REPRESENTATION_CONTEXT() REPRESENTATION_CONTEXT('2D SPACE',''
  ) );
#4456 = ORIENTED_EDGE('',*,*,#2504,.F.);
#4457 = ADVANCED_FACE('',(#4458),#2127,.F.);
#4458 = FACE_BOUND('',#4459,.F.);
#4459 = EDGE_LOOP('',(#4460,#4461,#4489,#4510));
#4460 = ORIENTED_EDGE('',*,*,#2113,.T.);
#4461 = ORIENTED_EDGE('',*,*,#4462,.T.);
#4462 = EDGE_CURVE('',#2086,#4463,#4465,.T.);
#4463 = VERTEX_POINT('',#4464);
#4464 = CARTESIAN_POINT('',(2.35,0.43,0.725));
#4465 = SURFACE_CURVE('',#4466,(#4471,#4478),.PCURVE_S1.);
#4466 = CIRCLE('',#4467,0.1);
#4467 = AXIS2_PLACEMENT_3D('',#4468,#4469,#4470);
#4468 = CARTESIAN_POINT('',(2.25,0.43,0.725));
#4469 = DIRECTION('',(-2.22044604925E-16,1.,0.));
#4470 = DIRECTION('',(4.440892098501E-15,9.860761315262E-31,1.));
#4471 = PCURVE('',#2127,#4472);
#4472 = DEFINITIONAL_REPRESENTATION('',(#4473),#4477);
#4473 = LINE('',#4474,#4475);
#4474 = CARTESIAN_POINT('',(0.,-0.41));
#4475 = VECTOR('',#4476,1.);
#4476 = DIRECTION('',(1.,0.));
#4477 = ( GEOMETRIC_REPRESENTATION_CONTEXT(2) 
PARAMETRIC_REPRESENTATION_CONTEXT() REPRESENTATION_CONTEXT('2D SPACE',''
  ) );
#4478 = PCURVE('',#2101,#4479);
#4479 = DEFINITIONAL_REPRESENTATION('',(#4480),#4488);
#4480 = ( BOUNDED_CURVE() B_SPLINE_CURVE(2,(#4481,#4482,#4483,#4484,
#4485,#4486,#4487),.UNSPECIFIED.,.T.,.F.) B_SPLINE_CURVE_WITH_KNOTS((1,2
    ,2,2,2,1),(-2.094395102393,0.,2.094395102393,4.188790204786,
6.28318530718,8.377580409573),.UNSPECIFIED.) CURVE() 
GEOMETRIC_REPRESENTATION_ITEM() RATIONAL_B_SPLINE_CURVE((1.,0.5,1.,0.5,
1.,0.5,1.)) REPRESENTATION_ITEM('') );
#4481 = CARTESIAN_POINT('',(0.292340342435,0.16578967201));
#4482 = CARTESIAN_POINT('',(0.292340342435,-7.415408746888E-03));
#4483 = CARTESIAN_POINT('',(0.142340342435,7.918713163156E-02));
#4484 = CARTESIAN_POINT('',(-7.659657565E-03,0.16578967201));
#4485 = CARTESIAN_POINT('',(0.142340342435,0.252392212388));
#4486 = CARTESIAN_POINT('',(0.292340342435,0.338994752767));
#4487 = CARTESIAN_POINT('',(0.292340342435,0.16578967201));
#4488 = ( GEOMETRIC_REPRESENTATION_CONTEXT(2) 
PARAMETRIC_REPRESENTATION_CONTEXT() REPRESENTATION_CONTEXT('2D SPACE',''
  ) );
#4489 = ORIENTED_EDGE('',*,*,#4490,.F.);
#4490 = EDGE_CURVE('',#2687,#4463,#4491,.T.);
#4491 = SURFACE_CURVE('',#4492,(#4496,#4503),.PCURVE_S1.);
#4492 = LINE('',#4493,#4494);
#4493 = CARTESIAN_POINT('',(2.35,0.84,0.725));
#4494 = VECTOR('',#4495,1.);
#4495 = DIRECTION('',(2.22044604925E-16,-1.,0.));
#4496 = PCURVE('',#2127,#4497);
#4497 = DEFINITIONAL_REPRESENTATION('',(#4498),#4502);
#4498 = LINE('',#4499,#4500);
#4499 = CARTESIAN_POINT('',(1.570796326795,-1.110223024625E-16));
#4500 = VECTOR('',#4501,1.);
#4501 = DIRECTION('',(0.,-1.));
#4502 = ( GEOMETRIC_REPRESENTATION_CONTEXT(2) 
PARAMETRIC_REPRESENTATION_CONTEXT() REPRESENTATION_CONTEXT('2D SPACE',''
  ) );
#4503 = PCURVE('',#2730,#4504);
#4504 = DEFINITIONAL_REPRESENTATION('',(#4505),#4509);
#4505 = LINE('',#4506,#4507);
#4506 = CARTESIAN_POINT('',(0.,0.));
#4507 = VECTOR('',#4508,1.);
#4508 = DIRECTION('',(7.584527938158E-44,-1.));
#4509 = ( GEOMETRIC_REPRESENTATION_CONTEXT(2) 
PARAMETRIC_REPRESENTATION_CONTEXT() REPRESENTATION_CONTEXT('2D SPACE',''
  ) );
#4510 = ORIENTED_EDGE('',*,*,#2686,.F.);
#4511 = ADVANCED_FACE('',(#4512),#2101,.T.);
#4512 = FACE_BOUND('',#4513,.T.);
#4513 = EDGE_LOOP('',(#4514,#4515,#4516,#4517,#4540,#4564,#4587,#4610,
    #4633,#4661,#4684,#4708));
#4514 = ORIENTED_EDGE('',*,*,#2223,.F.);
#4515 = ORIENTED_EDGE('',*,*,#2085,.T.);
#4516 = ORIENTED_EDGE('',*,*,#4462,.T.);
#4517 = ORIENTED_EDGE('',*,*,#4518,.T.);
#4518 = EDGE_CURVE('',#4463,#4519,#4521,.T.);
#4519 = VERTEX_POINT('',#4520);
#4520 = CARTESIAN_POINT('',(2.35,0.43,0.3));
#4521 = SURFACE_CURVE('',#4522,(#4526,#4533),.PCURVE_S1.);
#4522 = LINE('',#4523,#4524);
#4523 = CARTESIAN_POINT('',(2.35,0.43,0.725));
#4524 = VECTOR('',#4525,1.);
#4525 = DIRECTION('',(1.044915787883E-15,2.320179133003E-31,-1.));
#4526 = PCURVE('',#2101,#4527);
#4527 = DEFINITIONAL_REPRESENTATION('',(#4528),#4532);
#4528 = LINE('',#4529,#4530);
#4529 = CARTESIAN_POINT('',(0.192340342435,6.578967201E-02));
#4530 = VECTOR('',#4531,1.);
#4531 = DIRECTION('',(-1.,-1.044915787883E-15));
#4532 = ( GEOMETRIC_REPRESENTATION_CONTEXT(2) 
PARAMETRIC_REPRESENTATION_CONTEXT() REPRESENTATION_CONTEXT('2D SPACE',''
  ) );
#4533 = PCURVE('',#2730,#4534);
#4534 = DEFINITIONAL_REPRESENTATION('',(#4535),#4539);
#4535 = LINE('',#4536,#4537);
#4536 = CARTESIAN_POINT('',(-9.512734445312E-32,-0.41));
#4537 = VECTOR('',#4538,1.);
#4538 = DIRECTION('',(1.,0.));
#4539 = ( GEOMETRIC_REPRESENTATION_CONTEXT(2) 
PARAMETRIC_REPRESENTATION_CONTEXT() REPRESENTATION_CONTEXT('2D SPACE',''
  ) );
#4540 = ORIENTED_EDGE('',*,*,#4541,.T.);
#4541 = EDGE_CURVE('',#4519,#4542,#4544,.T.);
#4542 = VERTEX_POINT('',#4543);
#4543 = CARTESIAN_POINT('',(2.65,0.43,5.551115123126E-17));
#4544 = SURFACE_CURVE('',#4545,(#4550,#4557),.PCURVE_S1.);
#4545 = CIRCLE('',#4546,0.3);
#4546 = AXIS2_PLACEMENT_3D('',#4547,#4548,#4549);
#4547 = CARTESIAN_POINT('',(2.65,0.43,0.3));
#4548 = DIRECTION('',(2.22044604925E-16,-1.,0.));
#4549 = DIRECTION('',(-1.,-2.22044604925E-16,3.515706244646E-15));
#4550 = PCURVE('',#2101,#4551);
#4551 = DEFINITIONAL_REPRESENTATION('',(#4552),#4556);
#4552 = CIRCLE('',#4553,0.3);
#4553 = AXIS2_PLACEMENT_2D('',#4554,#4555);
#4554 = CARTESIAN_POINT('',(-0.232659657565,-0.23421032799));
#4555 = DIRECTION('',(3.515706244646E-15,1.));
#4556 = ( GEOMETRIC_REPRESENTATION_CONTEXT(2) 
PARAMETRIC_REPRESENTATION_CONTEXT() REPRESENTATION_CONTEXT('2D SPACE',''
  ) );
#4557 = PCURVE('',#2759,#4558);
#4558 = DEFINITIONAL_REPRESENTATION('',(#4559),#4563);
#4559 = LINE('',#4560,#4561);
#4560 = CARTESIAN_POINT('',(6.28318530718,-0.41));
#4561 = VECTOR('',#4562,1.);
#4562 = DIRECTION('',(-1.,-3.533949646071E-17));
#4563 = ( GEOMETRIC_REPRESENTATION_CONTEXT(2) 
PARAMETRIC_REPRESENTATION_CONTEXT() REPRESENTATION_CONTEXT('2D SPACE',''
  ) );
#4564 = ORIENTED_EDGE('',*,*,#4565,.T.);
#4565 = EDGE_CURVE('',#4542,#4566,#4568,.T.);
#4566 = VERTEX_POINT('',#4567);
#4567 = CARTESIAN_POINT('',(3.,0.43,5.551115123126E-17));
#4568 = SURFACE_CURVE('',#4569,(#4573,#4580),.PCURVE_S1.);
#4569 = LINE('',#4570,#4571);
#4570 = CARTESIAN_POINT('',(2.65,0.43,5.551115123126E-17));
#4571 = VECTOR('',#4572,1.);
#4572 = DIRECTION('',(1.,2.22044604925E-16,0.));
#4573 = PCURVE('',#2101,#4574);
#4574 = DEFINITIONAL_REPRESENTATION('',(#4575),#4579);
#4575 = LINE('',#4576,#4577);
#4576 = CARTESIAN_POINT('',(-0.532659657565,-0.23421032799));
#4577 = VECTOR('',#4578,1.);
#4578 = DIRECTION('',(0.,-1.));
#4579 = ( GEOMETRIC_REPRESENTATION_CONTEXT(2) 
PARAMETRIC_REPRESENTATION_CONTEXT() REPRESENTATION_CONTEXT('2D SPACE',''
  ) );
#4580 = PCURVE('',#2787,#4581);
#4581 = DEFINITIONAL_REPRESENTATION('',(#4582),#4586);
#4582 = LINE('',#4583,#4584);
#4583 = CARTESIAN_POINT('',(-9.103828801925E-17,-0.41));
#4584 = VECTOR('',#4585,1.);
#4585 = DIRECTION('',(1.,0.));
#4586 = ( GEOMETRIC_REPRESENTATION_CONTEXT(2) 
PARAMETRIC_REPRESENTATION_CONTEXT() REPRESENTATION_CONTEXT('2D SPACE',''
  ) );
#4587 = ORIENTED_EDGE('',*,*,#4588,.T.);
#4588 = EDGE_CURVE('',#4566,#4589,#4591,.T.);
#4589 = VERTEX_POINT('',#4590);
#4590 = CARTESIAN_POINT('',(3.,0.43,0.2));
#4591 = SURFACE_CURVE('',#4592,(#4596,#4603),.PCURVE_S1.);
#4592 = LINE('',#4593,#4594);
#4593 = CARTESIAN_POINT('',(3.,0.43,5.551115123126E-17));
#4594 = VECTOR('',#4595,1.);
#4595 = DIRECTION('',(0.,0.,1.));
#4596 = PCURVE('',#2101,#4597);
#4597 = DEFINITIONAL_REPRESENTATION('',(#4598),#4602);
#4598 = LINE('',#4599,#4600);
#4599 = CARTESIAN_POINT('',(-0.532659657565,-0.58421032799));
#4600 = VECTOR('',#4601,1.);
#4601 = DIRECTION('',(1.,0.));
#4602 = ( GEOMETRIC_REPRESENTATION_CONTEXT(2) 
PARAMETRIC_REPRESENTATION_CONTEXT() REPRESENTATION_CONTEXT('2D SPACE',''
  ) );
#4603 = PCURVE('',#2815,#4604);
#4604 = DEFINITIONAL_REPRESENTATION('',(#4605),#4609);
#4605 = LINE('',#4606,#4607);
#4606 = CARTESIAN_POINT('',(0.,-0.41));
#4607 = VECTOR('',#4608,1.);
#4608 = DIRECTION('',(1.,0.));
#4609 = ( GEOMETRIC_REPRESENTATION_CONTEXT(2) 
PARAMETRIC_REPRESENTATION_CONTEXT() REPRESENTATION_CONTEXT('2D SPACE',''
  ) );
#4610 = ORIENTED_EDGE('',*,*,#4611,.T.);
#4611 = EDGE_CURVE('',#4589,#4612,#4614,.T.);
#4612 = VERTEX_POINT('',#4613);
#4613 = CARTESIAN_POINT('',(2.65,0.43,0.2));
#4614 = SURFACE_CURVE('',#4615,(#4619,#4626),.PCURVE_S1.);
#4615 = LINE('',#4616,#4617);
#4616 = CARTESIAN_POINT('',(3.,0.43,0.2));
#4617 = VECTOR('',#4618,1.);
#4618 = DIRECTION('',(-1.,-2.22044604925E-16,0.));
#4619 = PCURVE('',#2101,#4620);
#4620 = DEFINITIONAL_REPRESENTATION('',(#4621),#4625);
#4621 = LINE('',#4622,#4623);
#4622 = CARTESIAN_POINT('',(-0.332659657565,-0.58421032799));
#4623 = VECTOR('',#4624,1.);
#4624 = DIRECTION('',(0.,1.));
#4625 = ( GEOMETRIC_REPRESENTATION_CONTEXT(2) 
PARAMETRIC_REPRESENTATION_CONTEXT() REPRESENTATION_CONTEXT('2D SPACE',''
  ) );
#4626 = PCURVE('',#2843,#4627);
#4627 = DEFINITIONAL_REPRESENTATION('',(#4628),#4632);
#4628 = LINE('',#4629,#4630);
#4629 = CARTESIAN_POINT('',(9.103828801925E-17,-0.41));
#4630 = VECTOR('',#4631,1.);
#4631 = DIRECTION('',(1.,0.));
#4632 = ( GEOMETRIC_REPRESENTATION_CONTEXT(2) 
PARAMETRIC_REPRESENTATION_CONTEXT() REPRESENTATION_CONTEXT('2D SPACE',''
  ) );
#4633 = ORIENTED_EDGE('',*,*,#4634,.T.);
#4634 = EDGE_CURVE('',#4612,#4635,#4637,.T.);
#4635 = VERTEX_POINT('',#4636);
#4636 = CARTESIAN_POINT('',(2.55,0.43,0.3));
#4637 = SURFACE_CURVE('',#4638,(#4643,#4654),.PCURVE_S1.);
#4638 = CIRCLE('',#4639,0.1);
#4639 = AXIS2_PLACEMENT_3D('',#4640,#4641,#4642);
#4640 = CARTESIAN_POINT('',(2.65,0.43,0.3));
#4641 = DIRECTION('',(-2.22044604925E-16,1.,0.));
#4642 = DIRECTION('',(0.,0.,-1.));
#4643 = PCURVE('',#2101,#4644);
#4644 = DEFINITIONAL_REPRESENTATION('',(#4645),#4653);
#4645 = ( BOUNDED_CURVE() B_SPLINE_CURVE(2,(#4646,#4647,#4648,#4649,
#4650,#4651,#4652),.UNSPECIFIED.,.T.,.F.) B_SPLINE_CURVE_WITH_KNOTS((1,2
    ,2,2,2,1),(-2.094395102393,0.,2.094395102393,4.188790204786,
6.28318530718,8.377580409573),.UNSPECIFIED.) CURVE() 
GEOMETRIC_REPRESENTATION_ITEM() RATIONAL_B_SPLINE_CURVE((1.,0.5,1.,0.5,
1.,0.5,1.)) REPRESENTATION_ITEM('') );
#4646 = CARTESIAN_POINT('',(-0.332659657565,-0.23421032799));
#4647 = CARTESIAN_POINT('',(-0.332659657565,-6.100524723311E-02));
#4648 = CARTESIAN_POINT('',(-0.182659657565,-0.147607787612));
#4649 = CARTESIAN_POINT('',(-3.2659657565E-02,-0.23421032799));
#4650 = CARTESIAN_POINT('',(-0.182659657565,-0.320812868368));
#4651 = CARTESIAN_POINT('',(-0.332659657565,-0.407415408747));
#4652 = CARTESIAN_POINT('',(-0.332659657565,-0.23421032799));
#4653 = ( GEOMETRIC_REPRESENTATION_CONTEXT(2) 
PARAMETRIC_REPRESENTATION_CONTEXT() REPRESENTATION_CONTEXT('2D SPACE',''
  ) );
#4654 = PCURVE('',#2876,#4655);
#4655 = DEFINITIONAL_REPRESENTATION('',(#4656),#4660);
#4656 = LINE('',#4657,#4658);
#4657 = CARTESIAN_POINT('',(0.,-0.41));
#4658 = VECTOR('',#4659,1.);
#4659 = DIRECTION('',(1.,3.533949646071E-17));
#4660 = ( GEOMETRIC_REPRESENTATION_CONTEXT(2) 
PARAMETRIC_REPRESENTATION_CONTEXT() REPRESENTATION_CONTEXT('2D SPACE',''
  ) );
#4661 = ORIENTED_EDGE('',*,*,#4662,.T.);
#4662 = EDGE_CURVE('',#4635,#4663,#4665,.T.);
#4663 = VERTEX_POINT('',#4664);
#4664 = CARTESIAN_POINT('',(2.55,0.43,0.725));
#4665 = SURFACE_CURVE('',#4666,(#4670,#4677),.PCURVE_S1.);
#4666 = LINE('',#4667,#4668);
#4667 = CARTESIAN_POINT('',(2.55,0.43,0.3));
#4668 = VECTOR('',#4669,1.);
#4669 = DIRECTION('',(0.,0.,1.));
#4670 = PCURVE('',#2101,#4671);
#4671 = DEFINITIONAL_REPRESENTATION('',(#4672),#4676);
#4672 = LINE('',#4673,#4674);
#4673 = CARTESIAN_POINT('',(-0.232659657565,-0.13421032799));
#4674 = VECTOR('',#4675,1.);
#4675 = DIRECTION('',(1.,0.));
#4676 = ( GEOMETRIC_REPRESENTATION_CONTEXT(2) 
PARAMETRIC_REPRESENTATION_CONTEXT() REPRESENTATION_CONTEXT('2D SPACE',''
  ) );
#4677 = PCURVE('',#2904,#4678);
#4678 = DEFINITIONAL_REPRESENTATION('',(#4679),#4683);
#4679 = LINE('',#4680,#4681);
#4680 = CARTESIAN_POINT('',(0.,-0.41));
#4681 = VECTOR('',#4682,1.);
#4682 = DIRECTION('',(1.,0.));
#4683 = ( GEOMETRIC_REPRESENTATION_CONTEXT(2) 
PARAMETRIC_REPRESENTATION_CONTEXT() REPRESENTATION_CONTEXT('2D SPACE',''
  ) );
#4684 = ORIENTED_EDGE('',*,*,#4685,.T.);
#4685 = EDGE_CURVE('',#4663,#4686,#4688,.T.);
#4686 = VERTEX_POINT('',#4687);
#4687 = CARTESIAN_POINT('',(2.25,0.43,1.025));
#4688 = SURFACE_CURVE('',#4689,(#4694,#4701),.PCURVE_S1.);
#4689 = CIRCLE('',#4690,0.3);
#4690 = AXIS2_PLACEMENT_3D('',#4691,#4692,#4693);
#4691 = CARTESIAN_POINT('',(2.25,0.43,0.725));
#4692 = DIRECTION('',(2.22044604925E-16,-1.,0.));
#4693 = DIRECTION('',(1.,2.22044604925E-16,3.700743415417E-16));
#4694 = PCURVE('',#2101,#4695);
#4695 = DEFINITIONAL_REPRESENTATION('',(#4696),#4700);
#4696 = CIRCLE('',#4697,0.3);
#4697 = AXIS2_PLACEMENT_2D('',#4698,#4699);
#4698 = CARTESIAN_POINT('',(0.192340342435,0.16578967201));
#4699 = DIRECTION('',(3.700743415417E-16,-1.));
#4700 = ( GEOMETRIC_REPRESENTATION_CONTEXT(2) 
PARAMETRIC_REPRESENTATION_CONTEXT() REPRESENTATION_CONTEXT('2D SPACE',''
  ) );
#4701 = PCURVE('',#2933,#4702);
#4702 = DEFINITIONAL_REPRESENTATION('',(#4703),#4707);
#4703 = LINE('',#4704,#4705);
#4704 = CARTESIAN_POINT('',(6.28318530718,-0.41));
#4705 = VECTOR('',#4706,1.);
#4706 = DIRECTION('',(-1.,0.));
#4707 = ( GEOMETRIC_REPRESENTATION_CONTEXT(2) 
PARAMETRIC_REPRESENTATION_CONTEXT() REPRESENTATION_CONTEXT('2D SPACE',''
  ) );
#4708 = ORIENTED_EDGE('',*,*,#4709,.T.);
#4709 = EDGE_CURVE('',#4686,#2224,#4710,.T.);
#4710 = SURFACE_CURVE('',#4711,(#4715,#4722),.PCURVE_S1.);
#4711 = LINE('',#4712,#4713);
#4712 = CARTESIAN_POINT('',(2.25,0.43,1.025));
#4713 = VECTOR('',#4714,1.);
#4714 = DIRECTION('',(-1.,-2.22044604925E-16,0.));
#4715 = PCURVE('',#2101,#4716);
#4716 = DEFINITIONAL_REPRESENTATION('',(#4717),#4721);
#4717 = LINE('',#4718,#4719);
#4718 = CARTESIAN_POINT('',(0.492340342435,0.16578967201));
#4719 = VECTOR('',#4720,1.);
#4720 = DIRECTION('',(0.,1.));
#4721 = ( GEOMETRIC_REPRESENTATION_CONTEXT(2) 
PARAMETRIC_REPRESENTATION_CONTEXT() REPRESENTATION_CONTEXT('2D SPACE',''
  ) );
#4722 = PCURVE('',#2442,#4723);
#4723 = DEFINITIONAL_REPRESENTATION('',(#4724),#4728);
#4724 = LINE('',#4725,#4726);
#4725 = CARTESIAN_POINT('',(9.103828801925E-17,-0.41));
#4726 = VECTOR('',#4727,1.);
#4727 = DIRECTION('',(1.,0.));
#4728 = ( GEOMETRIC_REPRESENTATION_CONTEXT(2) 
PARAMETRIC_REPRESENTATION_CONTEXT() REPRESENTATION_CONTEXT('2D SPACE',''
  ) );
#4729 = ADVANCED_FACE('',(#4730),#2158,.F.);
#4730 = FACE_BOUND('',#4731,.F.);
#4731 = EDGE_LOOP('',(#4732,#4733,#4734,#4762,#4785,#4809,#4832,#4855,
    #4878,#4906,#4929,#4953));
#4732 = ORIENTED_EDGE('',*,*,#2247,.F.);
#4733 = ORIENTED_EDGE('',*,*,#2142,.T.);
#4734 = ORIENTED_EDGE('',*,*,#4735,.T.);
#4735 = EDGE_CURVE('',#2143,#4736,#4738,.T.);
#4736 = VERTEX_POINT('',#4737);
#4737 = CARTESIAN_POINT('',(2.35,-0.43,0.725));
#4738 = SURFACE_CURVE('',#4739,(#4744,#4755),.PCURVE_S1.);
#4739 = CIRCLE('',#4740,0.1);
#4740 = AXIS2_PLACEMENT_3D('',#4741,#4742,#4743);
#4741 = CARTESIAN_POINT('',(2.25,-0.43,0.725));
#4742 = DIRECTION('',(-2.22044604925E-16,1.,0.));
#4743 = DIRECTION('',(4.440892098501E-15,9.860761315262E-31,1.));
#4744 = PCURVE('',#2158,#4745);
#4745 = DEFINITIONAL_REPRESENTATION('',(#4746),#4754);
#4746 = ( BOUNDED_CURVE() B_SPLINE_CURVE(2,(#4747,#4748,#4749,#4750,
#4751,#4752,#4753),.UNSPECIFIED.,.T.,.F.) B_SPLINE_CURVE_WITH_KNOTS((1,2
    ,2,2,2,1),(-2.094395102393,0.,2.094395102393,4.188790204786,
6.28318530718,8.377580409573),.UNSPECIFIED.) CURVE() 
GEOMETRIC_REPRESENTATION_ITEM() RATIONAL_B_SPLINE_CURVE((1.,0.5,1.,0.5,
1.,0.5,1.)) REPRESENTATION_ITEM('') );
#4747 = CARTESIAN_POINT('',(0.292340342435,0.16578967201));
#4748 = CARTESIAN_POINT('',(0.292340342435,-7.415408746888E-03));
#4749 = CARTESIAN_POINT('',(0.142340342435,7.918713163156E-02));
#4750 = CARTESIAN_POINT('',(-7.659657565E-03,0.16578967201));
#4751 = CARTESIAN_POINT('',(0.142340342435,0.252392212388));
#4752 = CARTESIAN_POINT('',(0.292340342435,0.338994752767));
#4753 = CARTESIAN_POINT('',(0.292340342435,0.16578967201));
#4754 = ( GEOMETRIC_REPRESENTATION_CONTEXT(2) 
PARAMETRIC_REPRESENTATION_CONTEXT() REPRESENTATION_CONTEXT('2D SPACE',''
  ) );
#4755 = PCURVE('',#2208,#4756);
#4756 = DEFINITIONAL_REPRESENTATION('',(#4757),#4761);
#4757 = LINE('',#4758,#4759);
#4758 = CARTESIAN_POINT('',(0.,0.));
#4759 = VECTOR('',#4760,1.);
#4760 = DIRECTION('',(1.,0.));
#4761 = ( GEOMETRIC_REPRESENTATION_CONTEXT(2) 
PARAMETRIC_REPRESENTATION_CONTEXT() REPRESENTATION_CONTEXT('2D SPACE',''
  ) );
#4762 = ORIENTED_EDGE('',*,*,#4763,.T.);
#4763 = EDGE_CURVE('',#4736,#4764,#4766,.T.);
#4764 = VERTEX_POINT('',#4765);
#4765 = CARTESIAN_POINT('',(2.35,-0.43,0.3));
#4766 = SURFACE_CURVE('',#4767,(#4771,#4778),.PCURVE_S1.);
#4767 = LINE('',#4768,#4769);
#4768 = CARTESIAN_POINT('',(2.35,-0.43,0.725));
#4769 = VECTOR('',#4770,1.);
#4770 = DIRECTION('',(1.044915787883E-15,2.320179133003E-31,-1.));
#4771 = PCURVE('',#2158,#4772);
#4772 = DEFINITIONAL_REPRESENTATION('',(#4773),#4777);
#4773 = LINE('',#4774,#4775);
#4774 = CARTESIAN_POINT('',(0.192340342435,6.578967201E-02));
#4775 = VECTOR('',#4776,1.);
#4776 = DIRECTION('',(-1.,-1.044915787883E-15));
#4777 = ( GEOMETRIC_REPRESENTATION_CONTEXT(2) 
PARAMETRIC_REPRESENTATION_CONTEXT() REPRESENTATION_CONTEXT('2D SPACE',''
  ) );
#4778 = PCURVE('',#4154,#4779);
#4779 = DEFINITIONAL_REPRESENTATION('',(#4780),#4784);
#4780 = LINE('',#4781,#4782);
#4781 = CARTESIAN_POINT('',(0.,0.));
#4782 = VECTOR('',#4783,1.);
#4783 = DIRECTION('',(1.,0.));
#4784 = ( GEOMETRIC_REPRESENTATION_CONTEXT(2) 
PARAMETRIC_REPRESENTATION_CONTEXT() REPRESENTATION_CONTEXT('2D SPACE',''
  ) );
#4785 = ORIENTED_EDGE('',*,*,#4786,.T.);
#4786 = EDGE_CURVE('',#4764,#4787,#4789,.T.);
#4787 = VERTEX_POINT('',#4788);
#4788 = CARTESIAN_POINT('',(2.65,-0.43,5.551115123126E-17));
#4789 = SURFACE_CURVE('',#4790,(#4795,#4802),.PCURVE_S1.);
#4790 = CIRCLE('',#4791,0.3);
#4791 = AXIS2_PLACEMENT_3D('',#4792,#4793,#4794);
#4792 = CARTESIAN_POINT('',(2.65,-0.43,0.3));
#4793 = DIRECTION('',(2.22044604925E-16,-1.,0.));
#4794 = DIRECTION('',(-1.,-2.22044604925E-16,3.515706244646E-15));
#4795 = PCURVE('',#2158,#4796);
#4796 = DEFINITIONAL_REPRESENTATION('',(#4797),#4801);
#4797 = CIRCLE('',#4798,0.3);
#4798 = AXIS2_PLACEMENT_2D('',#4799,#4800);
#4799 = CARTESIAN_POINT('',(-0.232659657565,-0.23421032799));
#4800 = DIRECTION('',(3.515706244646E-15,1.));
#4801 = ( GEOMETRIC_REPRESENTATION_CONTEXT(2) 
PARAMETRIC_REPRESENTATION_CONTEXT() REPRESENTATION_CONTEXT('2D SPACE',''
  ) );
#4802 = PCURVE('',#4183,#4803);
#4803 = DEFINITIONAL_REPRESENTATION('',(#4804),#4808);
#4804 = LINE('',#4805,#4806);
#4805 = CARTESIAN_POINT('',(6.28318530718,5.551115123126E-17));
#4806 = VECTOR('',#4807,1.);
#4807 = DIRECTION('',(-1.,-3.533949646071E-17));
#4808 = ( GEOMETRIC_REPRESENTATION_CONTEXT(2) 
PARAMETRIC_REPRESENTATION_CONTEXT() REPRESENTATION_CONTEXT('2D SPACE',''
  ) );
#4809 = ORIENTED_EDGE('',*,*,#4810,.T.);
#4810 = EDGE_CURVE('',#4787,#4811,#4813,.T.);
#4811 = VERTEX_POINT('',#4812);
#4812 = CARTESIAN_POINT('',(3.,-0.43,5.551115123126E-17));
#4813 = SURFACE_CURVE('',#4814,(#4818,#4825),.PCURVE_S1.);
#4814 = LINE('',#4815,#4816);
#4815 = CARTESIAN_POINT('',(2.65,-0.43,5.551115123126E-17));
#4816 = VECTOR('',#4817,1.);
#4817 = DIRECTION('',(1.,2.22044604925E-16,0.));
#4818 = PCURVE('',#2158,#4819);
#4819 = DEFINITIONAL_REPRESENTATION('',(#4820),#4824);
#4820 = LINE('',#4821,#4822);
#4821 = CARTESIAN_POINT('',(-0.532659657565,-0.23421032799));
#4822 = VECTOR('',#4823,1.);
#4823 = DIRECTION('',(0.,-1.));
#4824 = ( GEOMETRIC_REPRESENTATION_CONTEXT(2) 
PARAMETRIC_REPRESENTATION_CONTEXT() REPRESENTATION_CONTEXT('2D SPACE',''
  ) );
#4825 = PCURVE('',#4211,#4826);
#4826 = DEFINITIONAL_REPRESENTATION('',(#4827),#4831);
#4827 = LINE('',#4828,#4829);
#4828 = CARTESIAN_POINT('',(0.,0.));
#4829 = VECTOR('',#4830,1.);
#4830 = DIRECTION('',(1.,0.));
#4831 = ( GEOMETRIC_REPRESENTATION_CONTEXT(2) 
PARAMETRIC_REPRESENTATION_CONTEXT() REPRESENTATION_CONTEXT('2D SPACE',''
  ) );
#4832 = ORIENTED_EDGE('',*,*,#4833,.T.);
#4833 = EDGE_CURVE('',#4811,#4834,#4836,.T.);
#4834 = VERTEX_POINT('',#4835);
#4835 = CARTESIAN_POINT('',(3.,-0.43,0.2));
#4836 = SURFACE_CURVE('',#4837,(#4841,#4848),.PCURVE_S1.);
#4837 = LINE('',#4838,#4839);
#4838 = CARTESIAN_POINT('',(3.,-0.43,5.551115123126E-17));
#4839 = VECTOR('',#4840,1.);
#4840 = DIRECTION('',(0.,0.,1.));
#4841 = PCURVE('',#2158,#4842);
#4842 = DEFINITIONAL_REPRESENTATION('',(#4843),#4847);
#4843 = LINE('',#4844,#4845);
#4844 = CARTESIAN_POINT('',(-0.532659657565,-0.58421032799));
#4845 = VECTOR('',#4846,1.);
#4846 = DIRECTION('',(1.,0.));
#4847 = ( GEOMETRIC_REPRESENTATION_CONTEXT(2) 
PARAMETRIC_REPRESENTATION_CONTEXT() REPRESENTATION_CONTEXT('2D SPACE',''
  ) );
#4848 = PCURVE('',#4239,#4849);
#4849 = DEFINITIONAL_REPRESENTATION('',(#4850),#4854);
#4850 = LINE('',#4851,#4852);
#4851 = CARTESIAN_POINT('',(0.,0.));
#4852 = VECTOR('',#4853,1.);
#4853 = DIRECTION('',(1.,0.));
#4854 = ( GEOMETRIC_REPRESENTATION_CONTEXT(2) 
PARAMETRIC_REPRESENTATION_CONTEXT() REPRESENTATION_CONTEXT('2D SPACE',''
  ) );
#4855 = ORIENTED_EDGE('',*,*,#4856,.T.);
#4856 = EDGE_CURVE('',#4834,#4857,#4859,.T.);
#4857 = VERTEX_POINT('',#4858);
#4858 = CARTESIAN_POINT('',(2.65,-0.43,0.2));
#4859 = SURFACE_CURVE('',#4860,(#4864,#4871),.PCURVE_S1.);
#4860 = LINE('',#4861,#4862);
#4861 = CARTESIAN_POINT('',(3.,-0.43,0.2));
#4862 = VECTOR('',#4863,1.);
#4863 = DIRECTION('',(-1.,-2.22044604925E-16,0.));
#4864 = PCURVE('',#2158,#4865);
#4865 = DEFINITIONAL_REPRESENTATION('',(#4866),#4870);
#4866 = LINE('',#4867,#4868);
#4867 = CARTESIAN_POINT('',(-0.332659657565,-0.58421032799));
#4868 = VECTOR('',#4869,1.);
#4869 = DIRECTION('',(0.,1.));
#4870 = ( GEOMETRIC_REPRESENTATION_CONTEXT(2) 
PARAMETRIC_REPRESENTATION_CONTEXT() REPRESENTATION_CONTEXT('2D SPACE',''
  ) );
#4871 = PCURVE('',#4267,#4872);
#4872 = DEFINITIONAL_REPRESENTATION('',(#4873),#4877);
#4873 = LINE('',#4874,#4875);
#4874 = CARTESIAN_POINT('',(-0.,0.));
#4875 = VECTOR('',#4876,1.);
#4876 = DIRECTION('',(1.,0.));
#4877 = ( GEOMETRIC_REPRESENTATION_CONTEXT(2) 
PARAMETRIC_REPRESENTATION_CONTEXT() REPRESENTATION_CONTEXT('2D SPACE',''
  ) );
#4878 = ORIENTED_EDGE('',*,*,#4879,.T.);
#4879 = EDGE_CURVE('',#4857,#4880,#4882,.T.);
#4880 = VERTEX_POINT('',#4881);
#4881 = CARTESIAN_POINT('',(2.55,-0.43,0.3));
#4882 = SURFACE_CURVE('',#4883,(#4888,#4899),.PCURVE_S1.);
#4883 = CIRCLE('',#4884,0.1);
#4884 = AXIS2_PLACEMENT_3D('',#4885,#4886,#4887);
#4885 = CARTESIAN_POINT('',(2.65,-0.43,0.3));
#4886 = DIRECTION('',(-2.22044604925E-16,1.,0.));
#4887 = DIRECTION('',(0.,0.,-1.));
#4888 = PCURVE('',#2158,#4889);
#4889 = DEFINITIONAL_REPRESENTATION('',(#4890),#4898);
#4890 = ( BOUNDED_CURVE() B_SPLINE_CURVE(2,(#4891,#4892,#4893,#4894,
#4895,#4896,#4897),.UNSPECIFIED.,.T.,.F.) B_SPLINE_CURVE_WITH_KNOTS((1,2
    ,2,2,2,1),(-2.094395102393,0.,2.094395102393,4.188790204786,
6.28318530718,8.377580409573),.UNSPECIFIED.) CURVE() 
GEOMETRIC_REPRESENTATION_ITEM() RATIONAL_B_SPLINE_CURVE((1.,0.5,1.,0.5,
1.,0.5,1.)) REPRESENTATION_ITEM('') );
#4891 = CARTESIAN_POINT('',(-0.332659657565,-0.23421032799));
#4892 = CARTESIAN_POINT('',(-0.332659657565,-6.100524723311E-02));
#4893 = CARTESIAN_POINT('',(-0.182659657565,-0.147607787612));
#4894 = CARTESIAN_POINT('',(-3.2659657565E-02,-0.23421032799));
#4895 = CARTESIAN_POINT('',(-0.182659657565,-0.320812868368));
#4896 = CARTESIAN_POINT('',(-0.332659657565,-0.407415408747));
#4897 = CARTESIAN_POINT('',(-0.332659657565,-0.23421032799));
#4898 = ( GEOMETRIC_REPRESENTATION_CONTEXT(2) 
PARAMETRIC_REPRESENTATION_CONTEXT() REPRESENTATION_CONTEXT('2D SPACE',''
  ) );
#4899 = PCURVE('',#4300,#4900);
#4900 = DEFINITIONAL_REPRESENTATION('',(#4901),#4905);
#4901 = LINE('',#4902,#4903);
#4902 = CARTESIAN_POINT('',(0.,0.));
#4903 = VECTOR('',#4904,1.);
#4904 = DIRECTION('',(1.,3.533949646071E-17));
#4905 = ( GEOMETRIC_REPRESENTATION_CONTEXT(2) 
PARAMETRIC_REPRESENTATION_CONTEXT() REPRESENTATION_CONTEXT('2D SPACE',''
  ) );
#4906 = ORIENTED_EDGE('',*,*,#4907,.T.);
#4907 = EDGE_CURVE('',#4880,#4908,#4910,.T.);
#4908 = VERTEX_POINT('',#4909);
#4909 = CARTESIAN_POINT('',(2.55,-0.43,0.725));
#4910 = SURFACE_CURVE('',#4911,(#4915,#4922),.PCURVE_S1.);
#4911 = LINE('',#4912,#4913);
#4912 = CARTESIAN_POINT('',(2.55,-0.43,0.3));
#4913 = VECTOR('',#4914,1.);
#4914 = DIRECTION('',(0.,0.,1.));
#4915 = PCURVE('',#2158,#4916);
#4916 = DEFINITIONAL_REPRESENTATION('',(#4917),#4921);
#4917 = LINE('',#4918,#4919);
#4918 = CARTESIAN_POINT('',(-0.232659657565,-0.13421032799));
#4919 = VECTOR('',#4920,1.);
#4920 = DIRECTION('',(1.,0.));
#4921 = ( GEOMETRIC_REPRESENTATION_CONTEXT(2) 
PARAMETRIC_REPRESENTATION_CONTEXT() REPRESENTATION_CONTEXT('2D SPACE',''
  ) );
#4922 = PCURVE('',#4328,#4923);
#4923 = DEFINITIONAL_REPRESENTATION('',(#4924),#4928);
#4924 = LINE('',#4925,#4926);
#4925 = CARTESIAN_POINT('',(0.,0.));
#4926 = VECTOR('',#4927,1.);
#4927 = DIRECTION('',(1.,0.));
#4928 = ( GEOMETRIC_REPRESENTATION_CONTEXT(2) 
PARAMETRIC_REPRESENTATION_CONTEXT() REPRESENTATION_CONTEXT('2D SPACE',''
  ) );
#4929 = ORIENTED_EDGE('',*,*,#4930,.T.);
#4930 = EDGE_CURVE('',#4908,#4931,#4933,.T.);
#4931 = VERTEX_POINT('',#4932);
#4932 = CARTESIAN_POINT('',(2.25,-0.43,1.025));
#4933 = SURFACE_CURVE('',#4934,(#4939,#4946),.PCURVE_S1.);
#4934 = CIRCLE('',#4935,0.3);
#4935 = AXIS2_PLACEMENT_3D('',#4936,#4937,#4938);
#4936 = CARTESIAN_POINT('',(2.25,-0.43,0.725));
#4937 = DIRECTION('',(2.22044604925E-16,-1.,0.));
#4938 = DIRECTION('',(1.,2.22044604925E-16,3.700743415417E-16));
#4939 = PCURVE('',#2158,#4940);
#4940 = DEFINITIONAL_REPRESENTATION('',(#4941),#4945);
#4941 = CIRCLE('',#4942,0.3);
#4942 = AXIS2_PLACEMENT_2D('',#4943,#4944);
#4943 = CARTESIAN_POINT('',(0.192340342435,0.16578967201));
#4944 = DIRECTION('',(3.700743415417E-16,-1.));
#4945 = ( GEOMETRIC_REPRESENTATION_CONTEXT(2) 
PARAMETRIC_REPRESENTATION_CONTEXT() REPRESENTATION_CONTEXT('2D SPACE',''
  ) );
#4946 = PCURVE('',#4357,#4947);
#4947 = DEFINITIONAL_REPRESENTATION('',(#4948),#4952);
#4948 = LINE('',#4949,#4950);
#4949 = CARTESIAN_POINT('',(6.28318530718,0.));
#4950 = VECTOR('',#4951,1.);
#4951 = DIRECTION('',(-1.,0.));
#4952 = ( GEOMETRIC_REPRESENTATION_CONTEXT(2) 
PARAMETRIC_REPRESENTATION_CONTEXT() REPRESENTATION_CONTEXT('2D SPACE',''
  ) );
#4953 = ORIENTED_EDGE('',*,*,#4954,.T.);
#4954 = EDGE_CURVE('',#4931,#2248,#4955,.T.);
#4955 = SURFACE_CURVE('',#4956,(#4960,#4967),.PCURVE_S1.);
#4956 = LINE('',#4957,#4958);
#4957 = CARTESIAN_POINT('',(2.25,-0.43,1.025));
#4958 = VECTOR('',#4959,1.);
#4959 = DIRECTION('',(-1.,-2.22044604925E-16,0.));
#4960 = PCURVE('',#2158,#4961);
#4961 = DEFINITIONAL_REPRESENTATION('',(#4962),#4966);
#4962 = LINE('',#4963,#4964);
#4963 = CARTESIAN_POINT('',(0.492340342435,0.16578967201));
#4964 = VECTOR('',#4965,1.);
#4965 = DIRECTION('',(0.,1.));
#4966 = ( GEOMETRIC_REPRESENTATION_CONTEXT(2) 
PARAMETRIC_REPRESENTATION_CONTEXT() REPRESENTATION_CONTEXT('2D SPACE',''
  ) );
#4967 = PCURVE('',#2492,#4968);
#4968 = DEFINITIONAL_REPRESENTATION('',(#4969),#4973);
#4969 = LINE('',#4970,#4971);
#4970 = CARTESIAN_POINT('',(-0.,0.));
#4971 = VECTOR('',#4972,1.);
#4972 = DIRECTION('',(1.,0.));
#4973 = ( GEOMETRIC_REPRESENTATION_CONTEXT(2) 
PARAMETRIC_REPRESENTATION_CONTEXT() REPRESENTATION_CONTEXT('2D SPACE',''
  ) );
#4974 = ADVANCED_FACE('',(#4975),#2208,.F.);
#4975 = FACE_BOUND('',#4976,.F.);
#4976 = EDGE_LOOP('',(#4977,#4978,#4979,#5000));
#4977 = ORIENTED_EDGE('',*,*,#2194,.T.);
#4978 = ORIENTED_EDGE('',*,*,#4110,.T.);
#4979 = ORIENTED_EDGE('',*,*,#4980,.F.);
#4980 = EDGE_CURVE('',#4736,#4111,#4981,.T.);
#4981 = SURFACE_CURVE('',#4982,(#4986,#4993),.PCURVE_S1.);
#4982 = LINE('',#4983,#4984);
#4983 = CARTESIAN_POINT('',(2.35,-0.43,0.725));
#4984 = VECTOR('',#4985,1.);
#4985 = DIRECTION('',(2.22044604925E-16,-1.,0.));
#4986 = PCURVE('',#2208,#4987);
#4987 = DEFINITIONAL_REPRESENTATION('',(#4988),#4992);
#4988 = LINE('',#4989,#4990);
#4989 = CARTESIAN_POINT('',(1.570796326795,0.));
#4990 = VECTOR('',#4991,1.);
#4991 = DIRECTION('',(0.,-1.));
#4992 = ( GEOMETRIC_REPRESENTATION_CONTEXT(2) 
PARAMETRIC_REPRESENTATION_CONTEXT() REPRESENTATION_CONTEXT('2D SPACE',''
  ) );
#4993 = PCURVE('',#4154,#4994);
#4994 = DEFINITIONAL_REPRESENTATION('',(#4995),#4999);
#4995 = LINE('',#4996,#4997);
#4996 = CARTESIAN_POINT('',(0.,0.));
#4997 = VECTOR('',#4998,1.);
#4998 = DIRECTION('',(7.584527938158E-44,-1.));
#4999 = ( GEOMETRIC_REPRESENTATION_CONTEXT(2) 
PARAMETRIC_REPRESENTATION_CONTEXT() REPRESENTATION_CONTEXT('2D SPACE',''
  ) );
#5000 = ORIENTED_EDGE('',*,*,#4735,.F.);
#5001 = ADVANCED_FACE('',(#5002),#2284,.F.);
#5002 = FACE_BOUND('',#5003,.F.);
#5003 = EDGE_LOOP('',(#5004,#5024,#5025,#5045));
#5004 = ORIENTED_EDGE('',*,*,#5005,.F.);
#5005 = EDGE_CURVE('',#2224,#2427,#5006,.T.);
#5006 = SURFACE_CURVE('',#5007,(#5011,#5017),.PCURVE_S1.);
#5007 = LINE('',#5008,#5009);
#5008 = CARTESIAN_POINT('',(2.25,0.43,1.025));
#5009 = VECTOR('',#5010,1.);
#5010 = DIRECTION('',(-1.,-2.22044604925E-16,0.));
#5011 = PCURVE('',#2284,#5012);
#5012 = DEFINITIONAL_REPRESENTATION('',(#5013),#5016);
#5013 = B_SPLINE_CURVE_WITH_KNOTS('',1,(#5014,#5015),.UNSPECIFIED.,.F.,
  .F.,(2,2),(0.3,0.375),.PIECEWISE_BEZIER_KNOTS.);
#5014 = CARTESIAN_POINT('',(1.845,3.104370344802E-17));
#5015 = CARTESIAN_POINT('',(1.837793296089,1.));
#5016 = ( GEOMETRIC_REPRESENTATION_CONTEXT(2) 
PARAMETRIC_REPRESENTATION_CONTEXT() REPRESENTATION_CONTEXT('2D SPACE',''
  ) );
#5017 = PCURVE('',#2442,#5018);
#5018 = DEFINITIONAL_REPRESENTATION('',(#5019),#5023);
#5019 = LINE('',#5020,#5021);
#5020 = CARTESIAN_POINT('',(9.103828801925E-17,-0.41));
#5021 = VECTOR('',#5022,1.);
#5022 = DIRECTION('',(1.,0.));
#5023 = ( GEOMETRIC_REPRESENTATION_CONTEXT(2) 
PARAMETRIC_REPRESENTATION_CONTEXT() REPRESENTATION_CONTEXT('2D SPACE',''
  ) );
#5024 = ORIENTED_EDGE('',*,*,#2270,.T.);
#5025 = ORIENTED_EDGE('',*,*,#5026,.T.);
#5026 = EDGE_CURVE('',#2248,#2455,#5027,.T.);
#5027 = SURFACE_CURVE('',#5028,(#5032,#5038),.PCURVE_S1.);
#5028 = LINE('',#5029,#5030);
#5029 = CARTESIAN_POINT('',(2.25,-0.43,1.025));
#5030 = VECTOR('',#5031,1.);
#5031 = DIRECTION('',(-1.,-2.22044604925E-16,0.));
#5032 = PCURVE('',#2284,#5033);
#5033 = DEFINITIONAL_REPRESENTATION('',(#5034),#5037);
#5034 = B_SPLINE_CURVE_WITH_KNOTS('',1,(#5035,#5036),.UNSPECIFIED.,.F.,
  .F.,(2,2),(0.3,0.375),.PIECEWISE_BEZIER_KNOTS.);
#5035 = CARTESIAN_POINT('',(2.705,3.104372131641E-17));
#5036 = CARTESIAN_POINT('',(2.712206703911,1.));
#5037 = ( GEOMETRIC_REPRESENTATION_CONTEXT(2) 
PARAMETRIC_REPRESENTATION_CONTEXT() REPRESENTATION_CONTEXT('2D SPACE',''
  ) );
#5038 = PCURVE('',#2492,#5039);
#5039 = DEFINITIONAL_REPRESENTATION('',(#5040),#5044);
#5040 = LINE('',#5041,#5042);
#5041 = CARTESIAN_POINT('',(-0.,0.));
#5042 = VECTOR('',#5043,1.);
#5043 = DIRECTION('',(1.,0.));
#5044 = ( GEOMETRIC_REPRESENTATION_CONTEXT(2) 
PARAMETRIC_REPRESENTATION_CONTEXT() REPRESENTATION_CONTEXT('2D SPACE',''
  ) );
#5045 = ORIENTED_EDGE('',*,*,#2454,.F.);
#5046 = ADVANCED_FACE('',(#5047),#2317,.F.);
#5047 = FACE_BOUND('',#5048,.F.);
#5048 = EDGE_LOOP('',(#5049,#5050,#5051,#5073));
#5049 = ORIENTED_EDGE('',*,*,#2301,.T.);
#5050 = ORIENTED_EDGE('',*,*,#2355,.T.);
#5051 = ORIENTED_EDGE('',*,*,#5052,.F.);
#5052 = EDGE_CURVE('',#5053,#2356,#5055,.T.);
#5053 = VERTEX_POINT('',#5054);
#5054 = CARTESIAN_POINT('',(1.7375,2.375,1.025));
#5055 = SURFACE_CURVE('',#5056,(#5060,#5066),.PCURVE_S1.);
#5056 = LINE('',#5057,#5058);
#5057 = CARTESIAN_POINT('',(1.7375,2.375,1.025));
#5058 = VECTOR('',#5059,1.);
#5059 = DIRECTION('',(0.707106781187,-0.707106781187,0.));
#5060 = PCURVE('',#2317,#5061);
#5061 = DEFINITIONAL_REPRESENTATION('',(#5062),#5065);
#5062 = B_SPLINE_CURVE_WITH_KNOTS('',1,(#5063,#5064),.UNSPECIFIED.,.F.,
  .F.,(2,2),(0.,0.194454364826),.PIECEWISE_BEZIER_KNOTS.);
#5063 = CARTESIAN_POINT('',(-3.328677979189E-16,1.));
#5064 = CARTESIAN_POINT('',(0.247487373415,1.));
#5065 = ( GEOMETRIC_REPRESENTATION_CONTEXT(2) 
PARAMETRIC_REPRESENTATION_CONTEXT() REPRESENTATION_CONTEXT('2D SPACE',''
  ) );
#5066 = PCURVE('',#2643,#5067);
#5067 = DEFINITIONAL_REPRESENTATION('',(#5068),#5072);
#5068 = LINE('',#5069,#5070);
#5069 = CARTESIAN_POINT('',(2.520333281894E-17,1.463398608857E-16));
#5070 = VECTOR('',#5071,1.);
#5071 = DIRECTION('',(1.,-5.45925346422E-16));
#5072 = ( GEOMETRIC_REPRESENTATION_CONTEXT(2) 
PARAMETRIC_REPRESENTATION_CONTEXT() REPRESENTATION_CONTEXT('2D SPACE',''
  ) );
#5073 = ORIENTED_EDGE('',*,*,#5074,.F.);
#5074 = EDGE_CURVE('',#2302,#5053,#5075,.T.);
#5075 = SURFACE_CURVE('',#5076,(#5079,#5086),.PCURVE_S1.);
#5076 = B_SPLINE_CURVE_WITH_KNOTS('',1,(#5077,#5078),.UNSPECIFIED.,.F.,
  .F.,(2,2),(0.,1.),.PIECEWISE_BEZIER_KNOTS.);
#5077 = CARTESIAN_POINT('',(1.775,2.45,1.025));
#5078 = CARTESIAN_POINT('',(1.7375,2.375,1.025));
#5079 = PCURVE('',#2317,#5080);
#5080 = DEFINITIONAL_REPRESENTATION('',(#5081),#5085);
#5081 = LINE('',#5082,#5083);
#5082 = CARTESIAN_POINT('',(-1.427240192909E-16,-5.26430630895E-15));
#5083 = VECTOR('',#5084,1.);
#5084 = DIRECTION('',(-1.901437786279E-16,1.));
#5085 = ( GEOMETRIC_REPRESENTATION_CONTEXT(2) 
PARAMETRIC_REPRESENTATION_CONTEXT() REPRESENTATION_CONTEXT('2D SPACE',''
  ) );
#5086 = PCURVE('',#5087,#5092);
#5087 = B_SPLINE_SURFACE_WITH_KNOTS('',1,1,(
    (#5088,#5089)
    ,(#5090,#5091
    )),.UNSPECIFIED.,.F.,.F.,.F.,(2,2),(2,2),(0.,3.55),(0.,1.),
  .PIECEWISE_BEZIER_KNOTS.);
#5088 = CARTESIAN_POINT('',(-1.775,2.45,1.025));
#5089 = CARTESIAN_POINT('',(-1.7375,2.375,1.025));
#5090 = CARTESIAN_POINT('',(1.775,2.45,1.025));
#5091 = CARTESIAN_POINT('',(1.7375,2.375,1.025));
#5092 = DEFINITIONAL_REPRESENTATION('',(#5093),#5097);
#5093 = LINE('',#5094,#5095);
#5094 = CARTESIAN_POINT('',(3.55,1.04090322465E-15));
#5095 = VECTOR('',#5096,1.);
#5096 = DIRECTION('',(4.440892098501E-16,1.));
#5097 = ( GEOMETRIC_REPRESENTATION_CONTEXT(2) 
PARAMETRIC_REPRESENTATION_CONTEXT() REPRESENTATION_CONTEXT('2D SPACE',''
  ) );
#5098 = ADVANCED_FACE('',(#5099),#2341,.F.);
#5099 = FACE_BOUND('',#5100,.F.);
#5100 = EDGE_LOOP('',(#5101,#5102,#5103,#5126));
#5101 = ORIENTED_EDGE('',*,*,#2971,.T.);
#5102 = ORIENTED_EDGE('',*,*,#2329,.T.);
#5103 = ORIENTED_EDGE('',*,*,#5104,.F.);
#5104 = EDGE_CURVE('',#5105,#2302,#5107,.T.);
#5105 = VERTEX_POINT('',#5106);
#5106 = CARTESIAN_POINT('',(-1.775,2.45,1.025));
#5107 = SURFACE_CURVE('',#5108,(#5112,#5119),.PCURVE_S1.);
#5108 = LINE('',#5109,#5110);
#5109 = CARTESIAN_POINT('',(-1.775,2.45,1.025));
#5110 = VECTOR('',#5111,1.);
#5111 = DIRECTION('',(1.,2.22044604925E-16,0.));
#5112 = PCURVE('',#2341,#5113);
#5113 = DEFINITIONAL_REPRESENTATION('',(#5114),#5118);
#5114 = LINE('',#5115,#5116);
#5115 = CARTESIAN_POINT('',(0.,0.));
#5116 = VECTOR('',#5117,1.);
#5117 = DIRECTION('',(1.,0.));
#5118 = ( GEOMETRIC_REPRESENTATION_CONTEXT(2) 
PARAMETRIC_REPRESENTATION_CONTEXT() REPRESENTATION_CONTEXT('2D SPACE',''
  ) );
#5119 = PCURVE('',#5087,#5120);
#5120 = DEFINITIONAL_REPRESENTATION('',(#5121),#5125);
#5121 = LINE('',#5122,#5123);
#5122 = CARTESIAN_POINT('',(3.586217722922E-17,1.041987532702E-15));
#5123 = VECTOR('',#5124,1.);
#5124 = DIRECTION('',(1.,-3.335799961041E-15));
#5125 = ( GEOMETRIC_REPRESENTATION_CONTEXT(2) 
PARAMETRIC_REPRESENTATION_CONTEXT() REPRESENTATION_CONTEXT('2D SPACE',''
  ) );
#5126 = ORIENTED_EDGE('',*,*,#5127,.F.);
#5127 = EDGE_CURVE('',#2972,#5105,#5128,.T.);
#5128 = SURFACE_CURVE('',#5129,(#5132,#5138),.PCURVE_S1.);
#5129 = B_SPLINE_CURVE_WITH_KNOTS('',1,(#5130,#5131),.UNSPECIFIED.,.F.,
  .F.,(2,2),(0.,1.),.PIECEWISE_BEZIER_KNOTS.);
#5130 = CARTESIAN_POINT('',(-1.775,2.45,0.825));
#5131 = CARTESIAN_POINT('',(-1.775,2.45,1.025));
#5132 = PCURVE('',#2341,#5133);
#5133 = DEFINITIONAL_REPRESENTATION('',(#5134),#5137);
#5134 = B_SPLINE_CURVE_WITH_KNOTS('',1,(#5135,#5136),.UNSPECIFIED.,.F.,
  .F.,(2,2),(0.,1.),.PIECEWISE_BEZIER_KNOTS.);
#5135 = CARTESIAN_POINT('',(0.,-0.2));
#5136 = CARTESIAN_POINT('',(0.,0.));
#5137 = ( GEOMETRIC_REPRESENTATION_CONTEXT(2) 
PARAMETRIC_REPRESENTATION_CONTEXT() REPRESENTATION_CONTEXT('2D SPACE',''
  ) );
#5138 = PCURVE('',#3416,#5139);
#5139 = DEFINITIONAL_REPRESENTATION('',(#5140),#5143);
#5140 = B_SPLINE_CURVE_WITH_KNOTS('',1,(#5141,#5142),.UNSPECIFIED.,.F.,
  .F.,(2,2),(0.,1.),.PIECEWISE_BEZIER_KNOTS.);
#5141 = CARTESIAN_POINT('',(0.247487373415,-0.2));
#5142 = CARTESIAN_POINT('',(0.247487373415,0.));
#5143 = ( GEOMETRIC_REPRESENTATION_CONTEXT(2) 
PARAMETRIC_REPRESENTATION_CONTEXT() REPRESENTATION_CONTEXT('2D SPACE',''
  ) );
#5144 = ADVANCED_FACE('',(#5145),#2643,.F.);
#5145 = FACE_BOUND('',#5146,.F.);
#5146 = EDGE_LOOP('',(#5147,#5148,#5149,#5171));
#5147 = ORIENTED_EDGE('',*,*,#5052,.T.);
#5148 = ORIENTED_EDGE('',*,*,#2630,.T.);
#5149 = ORIENTED_EDGE('',*,*,#5150,.F.);
#5150 = EDGE_CURVE('',#5151,#2604,#5153,.T.);
#5151 = VERTEX_POINT('',#5152);
#5152 = CARTESIAN_POINT('',(1.680085640382,2.260171280765,1.75));
#5153 = SURFACE_CURVE('',#5154,(#5158,#5164),.PCURVE_S1.);
#5154 = LINE('',#5155,#5156);
#5155 = CARTESIAN_POINT('',(1.680085640382,2.260171280765,1.75));
#5156 = VECTOR('',#5157,1.);
#5157 = DIRECTION('',(0.707106781187,-0.707106781187,0.));
#5158 = PCURVE('',#2643,#5159);
#5159 = DEFINITIONAL_REPRESENTATION('',(#5160),#5163);
#5160 = B_SPLINE_CURVE_WITH_KNOTS('',1,(#5161,#5162),.UNSPECIFIED.,.F.,
  .F.,(2,2),(0.,0.113258198781),.PIECEWISE_BEZIER_KNOTS.);
#5161 = CARTESIAN_POINT('',(4.099913335811E-16,1.));
#5162 = CARTESIAN_POINT('',(0.194454364826,1.));
#5163 = ( GEOMETRIC_REPRESENTATION_CONTEXT(2) 
PARAMETRIC_REPRESENTATION_CONTEXT() REPRESENTATION_CONTEXT('2D SPACE',''
  ) );
#5164 = PCURVE('',#2618,#5165);
#5165 = DEFINITIONAL_REPRESENTATION('',(#5166),#5170);
#5166 = LINE('',#5167,#5168);
#5167 = CARTESIAN_POINT('',(2.004597404435,-2.696727698935));
#5168 = VECTOR('',#5169,1.);
#5169 = DIRECTION('',(0.989336133008,-0.145650320716));
#5170 = ( GEOMETRIC_REPRESENTATION_CONTEXT(2) 
PARAMETRIC_REPRESENTATION_CONTEXT() REPRESENTATION_CONTEXT('2D SPACE',''
  ) );
#5171 = ORIENTED_EDGE('',*,*,#5172,.F.);
#5172 = EDGE_CURVE('',#5053,#5151,#5173,.T.);
#5173 = SURFACE_CURVE('',#5174,(#5177,#5184),.PCURVE_S1.);
#5174 = B_SPLINE_CURVE_WITH_KNOTS('',1,(#5175,#5176),.UNSPECIFIED.,.F.,
  .F.,(2,2),(0.,1.),.PIECEWISE_BEZIER_KNOTS.);
#5175 = CARTESIAN_POINT('',(1.7375,2.375,1.025));
#5176 = CARTESIAN_POINT('',(1.680085640382,2.260171280765,1.75));
#5177 = PCURVE('',#2643,#5178);
#5178 = DEFINITIONAL_REPRESENTATION('',(#5179),#5183);
#5179 = LINE('',#5180,#5181);
#5180 = CARTESIAN_POINT('',(2.520333281894E-17,1.463398608857E-16));
#5181 = VECTOR('',#5182,1.);
#5182 = DIRECTION('',(3.847880007621E-16,1.));
#5183 = ( GEOMETRIC_REPRESENTATION_CONTEXT(2) 
PARAMETRIC_REPRESENTATION_CONTEXT() REPRESENTATION_CONTEXT('2D SPACE',''
  ) );
#5184 = PCURVE('',#5185,#5190);
#5185 = B_SPLINE_SURFACE_WITH_KNOTS('',1,1,(
    (#5186,#5187)
    ,(#5188,#5189
    )),.UNSPECIFIED.,.F.,.F.,.F.,(2,2),(2,2),(0.,3.475),(0.,1.),
  .PIECEWISE_BEZIER_KNOTS.);
#5186 = CARTESIAN_POINT('',(-1.7375,2.375,1.025));
#5187 = CARTESIAN_POINT('',(-1.680085640382,2.260171280765,1.75));
#5188 = CARTESIAN_POINT('',(1.7375,2.375,1.025));
#5189 = CARTESIAN_POINT('',(1.680085640382,2.260171280765,1.75));
#5190 = DEFINITIONAL_REPRESENTATION('',(#5191),#5195);
#5191 = LINE('',#5192,#5193);
#5192 = CARTESIAN_POINT('',(3.475,-9.071681340627E-17));
#5193 = VECTOR('',#5194,1.);
#5194 = DIRECTION('',(0.,1.));
#5195 = ( GEOMETRIC_REPRESENTATION_CONTEXT(2) 
PARAMETRIC_REPRESENTATION_CONTEXT() REPRESENTATION_CONTEXT('2D SPACE',''
  ) );
#5196 = ADVANCED_FACE('',(#5197,#5351),#2618,.F.);
#5197 = FACE_BOUND('',#5198,.F.);
#5198 = EDGE_LOOP('',(#5199,#5221,#5222,#5223,#5245,#5272,#5299,#5326));
#5199 = ORIENTED_EDGE('',*,*,#5200,.T.);
#5200 = EDGE_CURVE('',#5201,#5151,#5203,.T.);
#5201 = VERTEX_POINT('',#5202);
#5202 = CARTESIAN_POINT('',(-1.680085640382,2.260171280765,1.75));
#5203 = SURFACE_CURVE('',#5204,(#5208,#5215),.PCURVE_S1.);
#5204 = LINE('',#5205,#5206);
#5205 = CARTESIAN_POINT('',(-1.680085640382,2.260171280765,1.75));
#5206 = VECTOR('',#5207,1.);
#5207 = DIRECTION('',(1.,2.22044604925E-16,0.));
#5208 = PCURVE('',#2618,#5209);
#5209 = DEFINITIONAL_REPRESENTATION('',(#5210),#5214);
#5210 = LINE('',#5211,#5212);
#5211 = CARTESIAN_POINT('',(0.,-0.));
#5212 = VECTOR('',#5213,1.);
#5213 = DIRECTION('',(0.596575959062,-0.802556617983));
#5214 = ( GEOMETRIC_REPRESENTATION_CONTEXT(2) 
PARAMETRIC_REPRESENTATION_CONTEXT() REPRESENTATION_CONTEXT('2D SPACE',''
  ) );
#5215 = PCURVE('',#5185,#5216);
#5216 = DEFINITIONAL_REPRESENTATION('',(#5217),#5220);
#5217 = B_SPLINE_CURVE_WITH_KNOTS('',1,(#5218,#5219),.UNSPECIFIED.,.F.,
  .F.,(2,2),(0.,3.360171280764),.PIECEWISE_BEZIER_KNOTS.);
#5218 = CARTESIAN_POINT('',(2.75143737505E-16,1.));
#5219 = CARTESIAN_POINT('',(3.475,1.));
#5220 = ( GEOMETRIC_REPRESENTATION_CONTEXT(2) 
PARAMETRIC_REPRESENTATION_CONTEXT() REPRESENTATION_CONTEXT('2D SPACE',''
  ) );
#5221 = ORIENTED_EDGE('',*,*,#5150,.T.);
#5222 = ORIENTED_EDGE('',*,*,#2603,.T.);
#5223 = ORIENTED_EDGE('',*,*,#5224,.T.);
#5224 = EDGE_CURVE('',#2577,#5225,#5227,.T.);
#5225 = VERTEX_POINT('',#5226);
#5226 = CARTESIAN_POINT('',(1.680085640382,-2.260171280765,1.75));
#5227 = SURFACE_CURVE('',#5228,(#5232,#5239),.PCURVE_S1.);
#5228 = LINE('',#5229,#5230);
#5229 = CARTESIAN_POINT('',(1.760171280765,-2.180085640382,1.75));
#5230 = VECTOR('',#5231,1.);
#5231 = DIRECTION('',(-0.707106781187,-0.707106781187,0.));
#5232 = PCURVE('',#2618,#5233);
#5233 = DEFINITIONAL_REPRESENTATION('',(#5234),#5238);
#5234 = LINE('',#5235,#5236);
#5235 = CARTESIAN_POINT('',(5.615932149767,-0.112050428413));
#5236 = VECTOR('',#5237,1.);
#5237 = DIRECTION('',(0.145650320716,0.989336133008));
#5238 = ( GEOMETRIC_REPRESENTATION_CONTEXT(2) 
PARAMETRIC_REPRESENTATION_CONTEXT() REPRESENTATION_CONTEXT('2D SPACE',''
  ) );
#5239 = PCURVE('',#2591,#5240);
#5240 = DEFINITIONAL_REPRESENTATION('',(#5241),#5244);
#5241 = B_SPLINE_CURVE_WITH_KNOTS('',1,(#5242,#5243),.UNSPECIFIED.,.F.,
  .F.,(2,2),(0.,0.113258198781),.PIECEWISE_BEZIER_KNOTS.);
#5242 = CARTESIAN_POINT('',(-1.316046174369E-16,1.));
#5243 = CARTESIAN_POINT('',(0.194454364826,1.));
#5244 = ( GEOMETRIC_REPRESENTATION_CONTEXT(2) 
PARAMETRIC_REPRESENTATION_CONTEXT() REPRESENTATION_CONTEXT('2D SPACE',''
  ) );
#5245 = ORIENTED_EDGE('',*,*,#5246,.T.);
#5246 = EDGE_CURVE('',#5225,#5247,#5249,.T.);
#5247 = VERTEX_POINT('',#5248);
#5248 = CARTESIAN_POINT('',(-1.680085640382,-2.260171280765,1.75));
#5249 = SURFACE_CURVE('',#5250,(#5254,#5261),.PCURVE_S1.);
#5250 = LINE('',#5251,#5252);
#5251 = CARTESIAN_POINT('',(1.680085640382,-2.260171280765,1.75));
#5252 = VECTOR('',#5253,1.);
#5253 = DIRECTION('',(-1.,-2.22044604925E-16,0.));
#5254 = PCURVE('',#2618,#5255);
#5255 = DEFINITIONAL_REPRESENTATION('',(#5256),#5260);
#5256 = LINE('',#5257,#5258);
#5257 = CARTESIAN_POINT('',(5.632428242743,-2.39808173319E-14));
#5258 = VECTOR('',#5259,1.);
#5259 = DIRECTION('',(-0.596575959062,0.802556617983));
#5260 = ( GEOMETRIC_REPRESENTATION_CONTEXT(2) 
PARAMETRIC_REPRESENTATION_CONTEXT() REPRESENTATION_CONTEXT('2D SPACE',''
  ) );
#5261 = PCURVE('',#5262,#5267);
#5262 = B_SPLINE_SURFACE_WITH_KNOTS('',1,1,(
    (#5263,#5264)
    ,(#5265,#5266
    )),.UNSPECIFIED.,.F.,.F.,.F.,(2,2),(2,2),(0.,3.475),(0.,1.),
  .PIECEWISE_BEZIER_KNOTS.);
#5263 = CARTESIAN_POINT('',(1.7375,-2.375,1.025));
#5264 = CARTESIAN_POINT('',(1.680085640382,-2.260171280765,1.75));
#5265 = CARTESIAN_POINT('',(-1.7375,-2.375,1.025));
#5266 = CARTESIAN_POINT('',(-1.680085640382,-2.260171280765,1.75));
#5267 = DEFINITIONAL_REPRESENTATION('',(#5268),#5271);
#5268 = B_SPLINE_CURVE_WITH_KNOTS('',1,(#5269,#5270),.UNSPECIFIED.,.F.,
  .F.,(2,2),(0.,3.360171280764),.PIECEWISE_BEZIER_KNOTS.);
#5269 = CARTESIAN_POINT('',(2.75143737505E-16,1.));
#5270 = CARTESIAN_POINT('',(3.475,1.));
#5271 = ( GEOMETRIC_REPRESENTATION_CONTEXT(2) 
PARAMETRIC_REPRESENTATION_CONTEXT() REPRESENTATION_CONTEXT('2D SPACE',''
  ) );
#5272 = ORIENTED_EDGE('',*,*,#5273,.T.);
#5273 = EDGE_CURVE('',#5247,#5274,#5276,.T.);
#5274 = VERTEX_POINT('',#5275);
#5275 = CARTESIAN_POINT('',(-1.760171280765,-2.180085640382,1.75));
#5276 = SURFACE_CURVE('',#5277,(#5281,#5288),.PCURVE_S1.);
#5277 = LINE('',#5278,#5279);
#5278 = CARTESIAN_POINT('',(-1.680085640382,-2.260171280765,1.75));
#5279 = VECTOR('',#5280,1.);
#5280 = DIRECTION('',(-0.707106781187,0.707106781187,0.));
#5281 = PCURVE('',#2618,#5282);
#5282 = DEFINITIONAL_REPRESENTATION('',(#5283),#5287);
#5283 = LINE('',#5284,#5285);
#5284 = CARTESIAN_POINT('',(3.627830838308,2.696727698935));
#5285 = VECTOR('',#5286,1.);
#5286 = DIRECTION('',(-0.989336133008,0.145650320716));
#5287 = ( GEOMETRIC_REPRESENTATION_CONTEXT(2) 
PARAMETRIC_REPRESENTATION_CONTEXT() REPRESENTATION_CONTEXT('2D SPACE',''
  ) );
#5288 = PCURVE('',#5289,#5294);
#5289 = B_SPLINE_SURFACE_WITH_KNOTS('',1,1,(
    (#5290,#5291)
    ,(#5292,#5293
    )),.UNSPECIFIED.,.F.,.F.,.F.,(2,2),(2,2),(0.,0.194454364826),(0.,1.)
  ,.PIECEWISE_BEZIER_KNOTS.);
#5290 = CARTESIAN_POINT('',(-1.7375,-2.375,1.025));
#5291 = CARTESIAN_POINT('',(-1.680085640382,-2.260171280765,1.75));
#5292 = CARTESIAN_POINT('',(-1.875,-2.2375,1.025));
#5293 = CARTESIAN_POINT('',(-1.760171280765,-2.180085640382,1.75));
#5294 = DEFINITIONAL_REPRESENTATION('',(#5295),#5298);
#5295 = B_SPLINE_CURVE_WITH_KNOTS('',1,(#5296,#5297),.UNSPECIFIED.,.F.,
  .F.,(2,2),(0.,0.113258198781),.PIECEWISE_BEZIER_KNOTS.);
#5296 = CARTESIAN_POINT('',(4.099913335811E-16,1.));
#5297 = CARTESIAN_POINT('',(0.194454364826,1.));
#5298 = ( GEOMETRIC_REPRESENTATION_CONTEXT(2) 
PARAMETRIC_REPRESENTATION_CONTEXT() REPRESENTATION_CONTEXT('2D SPACE',''
  ) );
#5299 = ORIENTED_EDGE('',*,*,#5300,.T.);
#5300 = EDGE_CURVE('',#5274,#5301,#5303,.T.);
#5301 = VERTEX_POINT('',#5302);
#5302 = CARTESIAN_POINT('',(-1.760171280765,2.180085640382,1.75));
#5303 = SURFACE_CURVE('',#5304,(#5308,#5315),.PCURVE_S1.);
#5304 = LINE('',#5305,#5306);
#5305 = CARTESIAN_POINT('',(-1.760171280765,-2.180085640382,1.75));
#5306 = VECTOR('',#5307,1.);
#5307 = DIRECTION('',(-2.22044604925E-16,1.,0.));
#5308 = PCURVE('',#2618,#5309);
#5309 = DEFINITIONAL_REPRESENTATION('',(#5310),#5314);
#5310 = LINE('',#5311,#5312);
#5311 = CARTESIAN_POINT('',(3.515780409894,2.713223791911));
#5312 = VECTOR('',#5313,1.);
#5313 = DIRECTION('',(-0.802556617983,-0.596575959062));
#5314 = ( GEOMETRIC_REPRESENTATION_CONTEXT(2) 
PARAMETRIC_REPRESENTATION_CONTEXT() REPRESENTATION_CONTEXT('2D SPACE',''
  ) );
#5315 = PCURVE('',#5316,#5321);
#5316 = B_SPLINE_SURFACE_WITH_KNOTS('',1,1,(
    (#5317,#5318)
    ,(#5319,#5320
    )),.UNSPECIFIED.,.F.,.F.,.F.,(2,2),(2,2),(0.,4.475),(0.,1.),
  .PIECEWISE_BEZIER_KNOTS.);
#5317 = CARTESIAN_POINT('',(-1.875,-2.2375,1.025));
#5318 = CARTESIAN_POINT('',(-1.760171280765,-2.180085640382,1.75));
#5319 = CARTESIAN_POINT('',(-1.875,2.2375,1.025));
#5320 = CARTESIAN_POINT('',(-1.760171280765,2.180085640382,1.75));
#5321 = DEFINITIONAL_REPRESENTATION('',(#5322),#5325);
#5322 = B_SPLINE_CURVE_WITH_KNOTS('',1,(#5323,#5324),.UNSPECIFIED.,.F.,
  .F.,(2,2),(0.,4.360171280764),.PIECEWISE_BEZIER_KNOTS.);
#5323 = CARTESIAN_POINT('',(-3.026276149984E-17,1.));
#5324 = CARTESIAN_POINT('',(4.475,1.));
#5325 = ( GEOMETRIC_REPRESENTATION_CONTEXT(2) 
PARAMETRIC_REPRESENTATION_CONTEXT() REPRESENTATION_CONTEXT('2D SPACE',''
  ) );
#5326 = ORIENTED_EDGE('',*,*,#5327,.T.);
#5327 = EDGE_CURVE('',#5301,#5201,#5328,.T.);
#5328 = SURFACE_CURVE('',#5329,(#5333,#5340),.PCURVE_S1.);
#5329 = LINE('',#5330,#5331);
#5330 = CARTESIAN_POINT('',(-1.760171280765,2.180085640382,1.75));
#5331 = VECTOR('',#5332,1.);
#5332 = DIRECTION('',(0.707106781187,0.707106781187,0.));
#5333 = PCURVE('',#2618,#5334);
#5334 = DEFINITIONAL_REPRESENTATION('',(#5335),#5339);
#5335 = LINE('',#5336,#5337);
#5336 = CARTESIAN_POINT('',(1.649609297621E-02,0.112050428413));
#5337 = VECTOR('',#5338,1.);
#5338 = DIRECTION('',(-0.145650320716,-0.989336133008));
#5339 = ( GEOMETRIC_REPRESENTATION_CONTEXT(2) 
PARAMETRIC_REPRESENTATION_CONTEXT() REPRESENTATION_CONTEXT('2D SPACE',''
  ) );
#5340 = PCURVE('',#5341,#5346);
#5341 = B_SPLINE_SURFACE_WITH_KNOTS('',1,1,(
    (#5342,#5343)
    ,(#5344,#5345
    )),.UNSPECIFIED.,.F.,.F.,.F.,(2,2),(2,2),(0.,0.194454364826),(0.,1.)
  ,.PIECEWISE_BEZIER_KNOTS.);
#5342 = CARTESIAN_POINT('',(-1.875,2.2375,1.025));
#5343 = CARTESIAN_POINT('',(-1.760171280765,2.180085640382,1.75));
#5344 = CARTESIAN_POINT('',(-1.7375,2.375,1.025));
#5345 = CARTESIAN_POINT('',(-1.680085640382,2.260171280765,1.75));
#5346 = DEFINITIONAL_REPRESENTATION('',(#5347),#5350);
#5347 = B_SPLINE_CURVE_WITH_KNOTS('',1,(#5348,#5349),.UNSPECIFIED.,.F.,
  .F.,(2,2),(0.,0.113258198781),.PIECEWISE_BEZIER_KNOTS.);
#5348 = CARTESIAN_POINT('',(-1.316046174369E-16,1.));
#5349 = CARTESIAN_POINT('',(0.194454364826,1.));
#5350 = ( GEOMETRIC_REPRESENTATION_CONTEXT(2) 
PARAMETRIC_REPRESENTATION_CONTEXT() REPRESENTATION_CONTEXT('2D SPACE',''
  ) );
#5351 = FACE_BOUND('',#5352,.F.);
#5352 = EDGE_LOOP('',(#5353));
#5353 = ORIENTED_EDGE('',*,*,#5354,.T.);
#5354 = EDGE_CURVE('',#5355,#5355,#5357,.T.);
#5355 = VERTEX_POINT('',#5356);
#5356 = CARTESIAN_POINT('',(-1.110171280765,1.310171280765,1.75));
#5357 = SURFACE_CURVE('',#5358,(#5363,#5374),.PCURVE_S1.);
#5358 = CIRCLE('',#5359,0.3);
#5359 = AXIS2_PLACEMENT_3D('',#5360,#5361,#5362);
#5360 = CARTESIAN_POINT('',(-1.110171280765,1.610171280765,1.75));
#5361 = DIRECTION('',(-0.,0.,1.));
#5362 = DIRECTION('',(2.22044604925E-16,-1.,0.));
#5363 = PCURVE('',#2618,#5364);
#5364 = DEFINITIONAL_REPRESENTATION('',(#5365),#5373);
#5365 = ( BOUNDED_CURVE() B_SPLINE_CURVE(2,(#5366,#5367,#5368,#5369,
#5370,#5371,#5372),.UNSPECIFIED.,.T.,.F.) B_SPLINE_CURVE_WITH_KNOTS((1,2
    ,2,2,2,1),(-2.094395102393,0.,2.094395102393,4.188790204786,
6.28318530718,8.377580409573),.UNSPECIFIED.) CURVE() 
GEOMETRIC_REPRESENTATION_ITEM() RATIONAL_B_SPLINE_CURVE((1.,0.5,1.,0.5,
1.,0.5,1.)) REPRESENTATION_ITEM('') );
#5366 = CARTESIAN_POINT('',(1.102425992756,0.109358620115));
#5367 = CARTESIAN_POINT('',(1.412415954257,-0.307662031375));
#5368 = CARTESIAN_POINT('',(0.896270495414,-0.367610887208));
#5369 = CARTESIAN_POINT('',(0.380125036571,-0.427559743041));
#5370 = CARTESIAN_POINT('',(0.586280533913,4.940976428144E-02));
#5371 = CARTESIAN_POINT('',(0.792436031255,0.526379271604));
#5372 = CARTESIAN_POINT('',(1.102425992756,0.109358620115));
#5373 = ( GEOMETRIC_REPRESENTATION_CONTEXT(2) 
PARAMETRIC_REPRESENTATION_CONTEXT() REPRESENTATION_CONTEXT('2D SPACE',''
  ) );
#5374 = PCURVE('',#5375,#5380);
#5375 = CYLINDRICAL_SURFACE('',#5376,0.3);
#5376 = AXIS2_PLACEMENT_3D('',#5377,#5378,#5379);
#5377 = CARTESIAN_POINT('',(-1.110171280765,1.610171280765,1.75));
#5378 = DIRECTION('',(-0.,0.,-1.));
#5379 = DIRECTION('',(2.22044604925E-16,-1.,-0.));
#5380 = DEFINITIONAL_REPRESENTATION('',(#5381),#5385);
#5381 = LINE('',#5382,#5383);
#5382 = CARTESIAN_POINT('',(6.28318530718,0.));
#5383 = VECTOR('',#5384,1.);
#5384 = DIRECTION('',(-1.,0.));
#5385 = ( GEOMETRIC_REPRESENTATION_CONTEXT(2) 
PARAMETRIC_REPRESENTATION_CONTEXT() REPRESENTATION_CONTEXT('2D SPACE',''
  ) );
#5386 = ADVANCED_FACE('',(#5387),#2591,.F.);
#5387 = FACE_BOUND('',#5388,.F.);
#5388 = EDGE_LOOP('',(#5389,#5411,#5431,#5432));
#5389 = ORIENTED_EDGE('',*,*,#5390,.T.);
#5390 = EDGE_CURVE('',#2555,#5391,#5393,.T.);
#5391 = VERTEX_POINT('',#5392);
#5392 = CARTESIAN_POINT('',(1.7375,-2.375,1.025));
#5393 = SURFACE_CURVE('',#5394,(#5398,#5405),.PCURVE_S1.);
#5394 = LINE('',#5395,#5396);
#5395 = CARTESIAN_POINT('',(1.875,-2.2375,1.025));
#5396 = VECTOR('',#5397,1.);
#5397 = DIRECTION('',(-0.707106781187,-0.707106781187,0.));
#5398 = PCURVE('',#2591,#5399);
#5399 = DEFINITIONAL_REPRESENTATION('',(#5400),#5404);
#5400 = LINE('',#5401,#5402);
#5401 = CARTESIAN_POINT('',(-1.318037530753E-16,1.463330846146E-16));
#5402 = VECTOR('',#5403,1.);
#5403 = DIRECTION('',(1.,1.81974050535E-16));
#5404 = ( GEOMETRIC_REPRESENTATION_CONTEXT(2) 
PARAMETRIC_REPRESENTATION_CONTEXT() REPRESENTATION_CONTEXT('2D SPACE',''
  ) );
#5405 = PCURVE('',#3467,#5406);
#5406 = DEFINITIONAL_REPRESENTATION('',(#5407),#5410);
#5407 = B_SPLINE_CURVE_WITH_KNOTS('',1,(#5408,#5409),.UNSPECIFIED.,.F.,
  .F.,(2,2),(0.,0.194454364826),.PIECEWISE_BEZIER_KNOTS.);
#5408 = CARTESIAN_POINT('',(5.446312357614E-16,1.));
#5409 = CARTESIAN_POINT('',(0.247487373415,1.));
#5410 = ( GEOMETRIC_REPRESENTATION_CONTEXT(2) 
PARAMETRIC_REPRESENTATION_CONTEXT() REPRESENTATION_CONTEXT('2D SPACE',''
  ) );
#5411 = ORIENTED_EDGE('',*,*,#5412,.T.);
#5412 = EDGE_CURVE('',#5391,#5225,#5413,.T.);
#5413 = SURFACE_CURVE('',#5414,(#5417,#5424),.PCURVE_S1.);
#5414 = B_SPLINE_CURVE_WITH_KNOTS('',1,(#5415,#5416),.UNSPECIFIED.,.F.,
  .F.,(2,2),(0.,1.),.PIECEWISE_BEZIER_KNOTS.);
#5415 = CARTESIAN_POINT('',(1.7375,-2.375,1.025));
#5416 = CARTESIAN_POINT('',(1.680085640382,-2.260171280765,1.75));
#5417 = PCURVE('',#2591,#5418);
#5418 = DEFINITIONAL_REPRESENTATION('',(#5419),#5423);
#5419 = LINE('',#5420,#5421);
#5420 = CARTESIAN_POINT('',(0.194454364826,1.463398608859E-16));
#5421 = VECTOR('',#5422,1.);
#5422 = DIRECTION('',(-3.608224830032E-16,1.));
#5423 = ( GEOMETRIC_REPRESENTATION_CONTEXT(2) 
PARAMETRIC_REPRESENTATION_CONTEXT() REPRESENTATION_CONTEXT('2D SPACE',''
  ) );
#5424 = PCURVE('',#5262,#5425);
#5425 = DEFINITIONAL_REPRESENTATION('',(#5426),#5430);
#5426 = LINE('',#5427,#5428);
#5427 = CARTESIAN_POINT('',(-1.062162001898E-16,3.830465704938E-18));
#5428 = VECTOR('',#5429,1.);
#5429 = DIRECTION('',(3.813599376948E-16,1.));
#5430 = ( GEOMETRIC_REPRESENTATION_CONTEXT(2) 
PARAMETRIC_REPRESENTATION_CONTEXT() REPRESENTATION_CONTEXT('2D SPACE',''
  ) );
#5431 = ORIENTED_EDGE('',*,*,#5224,.F.);
#5432 = ORIENTED_EDGE('',*,*,#2576,.F.);
#5433 = ADVANCED_FACE('',(#5434),#2442,.F.);
#5434 = FACE_BOUND('',#5435,.F.);
#5435 = EDGE_LOOP('',(#5436,#5437,#5458,#5459,#5460,#5461));
#5436 = ORIENTED_EDGE('',*,*,#2945,.F.);
#5437 = ORIENTED_EDGE('',*,*,#5438,.T.);
#5438 = EDGE_CURVE('',#2917,#4686,#5439,.T.);
#5439 = SURFACE_CURVE('',#5440,(#5444,#5451),.PCURVE_S1.);
#5440 = LINE('',#5441,#5442);
#5441 = CARTESIAN_POINT('',(2.25,0.84,1.025));
#5442 = VECTOR('',#5443,1.);
#5443 = DIRECTION('',(2.22044604925E-16,-1.,0.));
#5444 = PCURVE('',#2442,#5445);
#5445 = DEFINITIONAL_REPRESENTATION('',(#5446),#5450);
#5446 = LINE('',#5447,#5448);
#5447 = CARTESIAN_POINT('',(-0.,0.));
#5448 = VECTOR('',#5449,1.);
#5449 = DIRECTION('',(0.,-1.));
#5450 = ( GEOMETRIC_REPRESENTATION_CONTEXT(2) 
PARAMETRIC_REPRESENTATION_CONTEXT() REPRESENTATION_CONTEXT('2D SPACE',''
  ) );
#5451 = PCURVE('',#2933,#5452);
#5452 = DEFINITIONAL_REPRESENTATION('',(#5453),#5457);
#5453 = LINE('',#5454,#5455);
#5454 = CARTESIAN_POINT('',(4.712388980385,0.));
#5455 = VECTOR('',#5456,1.);
#5456 = DIRECTION('',(0.,-1.));
#5457 = ( GEOMETRIC_REPRESENTATION_CONTEXT(2) 
PARAMETRIC_REPRESENTATION_CONTEXT() REPRESENTATION_CONTEXT('2D SPACE',''
  ) );
#5458 = ORIENTED_EDGE('',*,*,#4709,.T.);
#5459 = ORIENTED_EDGE('',*,*,#5005,.T.);
#5460 = ORIENTED_EDGE('',*,*,#2426,.F.);
#5461 = ORIENTED_EDGE('',*,*,#2660,.F.);
#5462 = ADVANCED_FACE('',(#5463),#2542,.F.);
#5463 = FACE_BOUND('',#5464,.F.);
#5464 = EDGE_LOOP('',(#5465,#5466,#5487,#5488,#5489,#5490));
#5465 = ORIENTED_EDGE('',*,*,#4057,.F.);
#5466 = ORIENTED_EDGE('',*,*,#5467,.T.);
#5467 = EDGE_CURVE('',#4034,#3716,#5468,.T.);
#5468 = SURFACE_CURVE('',#5469,(#5473,#5480),.PCURVE_S1.);
#5469 = LINE('',#5470,#5471);
#5470 = CARTESIAN_POINT('',(2.25,-1.7,1.025));
#5471 = VECTOR('',#5472,1.);
#5472 = DIRECTION('',(2.22044604925E-16,-1.,0.));
#5473 = PCURVE('',#2542,#5474);
#5474 = DEFINITIONAL_REPRESENTATION('',(#5475),#5479);
#5475 = LINE('',#5476,#5477);
#5476 = CARTESIAN_POINT('',(-0.,0.));
#5477 = VECTOR('',#5478,1.);
#5478 = DIRECTION('',(0.,-1.));
#5479 = ( GEOMETRIC_REPRESENTATION_CONTEXT(2) 
PARAMETRIC_REPRESENTATION_CONTEXT() REPRESENTATION_CONTEXT('2D SPACE',''
  ) );
#5480 = PCURVE('',#3732,#5481);
#5481 = DEFINITIONAL_REPRESENTATION('',(#5482),#5486);
#5482 = LINE('',#5483,#5484);
#5483 = CARTESIAN_POINT('',(4.712388980385,0.));
#5484 = VECTOR('',#5485,1.);
#5485 = DIRECTION('',(0.,-1.));
#5486 = ( GEOMETRIC_REPRESENTATION_CONTEXT(2) 
PARAMETRIC_REPRESENTATION_CONTEXT() REPRESENTATION_CONTEXT('2D SPACE',''
  ) );
#5487 = ORIENTED_EDGE('',*,*,#3744,.T.);
#5488 = ORIENTED_EDGE('',*,*,#3768,.T.);
#5489 = ORIENTED_EDGE('',*,*,#2526,.F.);
#5490 = ORIENTED_EDGE('',*,*,#4414,.F.);
#5491 = ADVANCED_FACE('',(#5492),#2492,.F.);
#5492 = FACE_BOUND('',#5493,.F.);
#5493 = EDGE_LOOP('',(#5494,#5495,#5516,#5517,#5518,#5519));
#5494 = ORIENTED_EDGE('',*,*,#4954,.F.);
#5495 = ORIENTED_EDGE('',*,*,#5496,.T.);
#5496 = EDGE_CURVE('',#4931,#4341,#5497,.T.);
#5497 = SURFACE_CURVE('',#5498,(#5502,#5509),.PCURVE_S1.);
#5498 = LINE('',#5499,#5500);
#5499 = CARTESIAN_POINT('',(2.25,-0.43,1.025));
#5500 = VECTOR('',#5501,1.);
#5501 = DIRECTION('',(2.22044604925E-16,-1.,0.));
#5502 = PCURVE('',#2492,#5503);
#5503 = DEFINITIONAL_REPRESENTATION('',(#5504),#5508);
#5504 = LINE('',#5505,#5506);
#5505 = CARTESIAN_POINT('',(-0.,0.));
#5506 = VECTOR('',#5507,1.);
#5507 = DIRECTION('',(0.,-1.));
#5508 = ( GEOMETRIC_REPRESENTATION_CONTEXT(2) 
PARAMETRIC_REPRESENTATION_CONTEXT() REPRESENTATION_CONTEXT('2D SPACE',''
  ) );
#5509 = PCURVE('',#4357,#5510);
#5510 = DEFINITIONAL_REPRESENTATION('',(#5511),#5515);
#5511 = LINE('',#5512,#5513);
#5512 = CARTESIAN_POINT('',(4.712388980385,0.));
#5513 = VECTOR('',#5514,1.);
#5514 = DIRECTION('',(0.,-1.));
#5515 = ( GEOMETRIC_REPRESENTATION_CONTEXT(2) 
PARAMETRIC_REPRESENTATION_CONTEXT() REPRESENTATION_CONTEXT('2D SPACE',''
  ) );
#5516 = ORIENTED_EDGE('',*,*,#4369,.T.);
#5517 = ORIENTED_EDGE('',*,*,#4393,.T.);
#5518 = ORIENTED_EDGE('',*,*,#2476,.F.);
#5519 = ORIENTED_EDGE('',*,*,#5026,.F.);
#5520 = ADVANCED_FACE('',(#5521),#2933,.T.);
#5521 = FACE_BOUND('',#5522,.T.);
#5522 = EDGE_LOOP('',(#5523,#5524,#5525,#5526));
#5523 = ORIENTED_EDGE('',*,*,#2916,.T.);
#5524 = ORIENTED_EDGE('',*,*,#5438,.T.);
#5525 = ORIENTED_EDGE('',*,*,#4685,.F.);
#5526 = ORIENTED_EDGE('',*,*,#5527,.F.);
#5527 = EDGE_CURVE('',#2889,#4663,#5528,.T.);
#5528 = SURFACE_CURVE('',#5529,(#5533,#5540),.PCURVE_S1.);
#5529 = LINE('',#5530,#5531);
#5530 = CARTESIAN_POINT('',(2.55,0.84,0.725));
#5531 = VECTOR('',#5532,1.);
#5532 = DIRECTION('',(2.22044604925E-16,-1.,0.));
#5533 = PCURVE('',#2933,#5534);
#5534 = DEFINITIONAL_REPRESENTATION('',(#5535),#5539);
#5535 = LINE('',#5536,#5537);
#5536 = CARTESIAN_POINT('',(6.28318530718,-1.110223024625E-16));
#5537 = VECTOR('',#5538,1.);
#5538 = DIRECTION('',(0.,-1.));
#5539 = ( GEOMETRIC_REPRESENTATION_CONTEXT(2) 
PARAMETRIC_REPRESENTATION_CONTEXT() REPRESENTATION_CONTEXT('2D SPACE',''
  ) );
#5540 = PCURVE('',#2904,#5541);
#5541 = DEFINITIONAL_REPRESENTATION('',(#5542),#5546);
#5542 = LINE('',#5543,#5544);
#5543 = CARTESIAN_POINT('',(0.425,0.));
#5544 = VECTOR('',#5545,1.);
#5545 = DIRECTION('',(0.,-1.));
#5546 = ( GEOMETRIC_REPRESENTATION_CONTEXT(2) 
PARAMETRIC_REPRESENTATION_CONTEXT() REPRESENTATION_CONTEXT('2D SPACE',''
  ) );
#5547 = ADVANCED_FACE('',(#5548),#2904,.F.);
#5548 = FACE_BOUND('',#5549,.F.);
#5549 = EDGE_LOOP('',(#5550,#5571,#5572,#5573));
#5550 = ORIENTED_EDGE('',*,*,#5551,.T.);
#5551 = EDGE_CURVE('',#2856,#4635,#5552,.T.);
#5552 = SURFACE_CURVE('',#5553,(#5557,#5564),.PCURVE_S1.);
#5553 = LINE('',#5554,#5555);
#5554 = CARTESIAN_POINT('',(2.55,0.84,0.3));
#5555 = VECTOR('',#5556,1.);
#5556 = DIRECTION('',(2.22044604925E-16,-1.,0.));
#5557 = PCURVE('',#2904,#5558);
#5558 = DEFINITIONAL_REPRESENTATION('',(#5559),#5563);
#5559 = LINE('',#5560,#5561);
#5560 = CARTESIAN_POINT('',(0.,0.));
#5561 = VECTOR('',#5562,1.);
#5562 = DIRECTION('',(0.,-1.));
#5563 = ( GEOMETRIC_REPRESENTATION_CONTEXT(2) 
PARAMETRIC_REPRESENTATION_CONTEXT() REPRESENTATION_CONTEXT('2D SPACE',''
  ) );
#5564 = PCURVE('',#2876,#5565);
#5565 = DEFINITIONAL_REPRESENTATION('',(#5566),#5570);
#5566 = LINE('',#5567,#5568);
#5567 = CARTESIAN_POINT('',(1.570796326795,0.));
#5568 = VECTOR('',#5569,1.);
#5569 = DIRECTION('',(0.,-1.));
#5570 = ( GEOMETRIC_REPRESENTATION_CONTEXT(2) 
PARAMETRIC_REPRESENTATION_CONTEXT() REPRESENTATION_CONTEXT('2D SPACE',''
  ) );
#5571 = ORIENTED_EDGE('',*,*,#4662,.T.);
#5572 = ORIENTED_EDGE('',*,*,#5527,.F.);
#5573 = ORIENTED_EDGE('',*,*,#2888,.F.);
#5574 = ADVANCED_FACE('',(#5575),#2876,.F.);
#5575 = FACE_BOUND('',#5576,.F.);
#5576 = EDGE_LOOP('',(#5577,#5598,#5599,#5600));
#5577 = ORIENTED_EDGE('',*,*,#5578,.T.);
#5578 = EDGE_CURVE('',#2828,#4612,#5579,.T.);
#5579 = SURFACE_CURVE('',#5580,(#5584,#5591),.PCURVE_S1.);
#5580 = LINE('',#5581,#5582);
#5581 = CARTESIAN_POINT('',(2.65,0.84,0.2));
#5582 = VECTOR('',#5583,1.);
#5583 = DIRECTION('',(2.22044604925E-16,-1.,0.));
#5584 = PCURVE('',#2876,#5585);
#5585 = DEFINITIONAL_REPRESENTATION('',(#5586),#5590);
#5586 = LINE('',#5587,#5588);
#5587 = CARTESIAN_POINT('',(0.,0.));
#5588 = VECTOR('',#5589,1.);
#5589 = DIRECTION('',(0.,-1.));
#5590 = ( GEOMETRIC_REPRESENTATION_CONTEXT(2) 
PARAMETRIC_REPRESENTATION_CONTEXT() REPRESENTATION_CONTEXT('2D SPACE',''
  ) );
#5591 = PCURVE('',#2843,#5592);
#5592 = DEFINITIONAL_REPRESENTATION('',(#5593),#5597);
#5593 = LINE('',#5594,#5595);
#5594 = CARTESIAN_POINT('',(0.35,7.771561172375E-17));
#5595 = VECTOR('',#5596,1.);
#5596 = DIRECTION('',(0.,-1.));
#5597 = ( GEOMETRIC_REPRESENTATION_CONTEXT(2) 
PARAMETRIC_REPRESENTATION_CONTEXT() REPRESENTATION_CONTEXT('2D SPACE',''
  ) );
#5598 = ORIENTED_EDGE('',*,*,#4634,.T.);
#5599 = ORIENTED_EDGE('',*,*,#5551,.F.);
#5600 = ORIENTED_EDGE('',*,*,#2855,.F.);
#5601 = ADVANCED_FACE('',(#5602),#2843,.F.);
#5602 = FACE_BOUND('',#5603,.F.);
#5603 = EDGE_LOOP('',(#5604,#5625,#5626,#5627));
#5604 = ORIENTED_EDGE('',*,*,#5605,.T.);
#5605 = EDGE_CURVE('',#2800,#4589,#5606,.T.);
#5606 = SURFACE_CURVE('',#5607,(#5611,#5618),.PCURVE_S1.);
#5607 = LINE('',#5608,#5609);
#5608 = CARTESIAN_POINT('',(3.,0.84,0.2));
#5609 = VECTOR('',#5610,1.);
#5610 = DIRECTION('',(2.22044604925E-16,-1.,0.));
#5611 = PCURVE('',#2843,#5612);
#5612 = DEFINITIONAL_REPRESENTATION('',(#5613),#5617);
#5613 = LINE('',#5614,#5615);
#5614 = CARTESIAN_POINT('',(-0.,0.));
#5615 = VECTOR('',#5616,1.);
#5616 = DIRECTION('',(0.,-1.));
#5617 = ( GEOMETRIC_REPRESENTATION_CONTEXT(2) 
PARAMETRIC_REPRESENTATION_CONTEXT() REPRESENTATION_CONTEXT('2D SPACE',''
  ) );
#5618 = PCURVE('',#2815,#5619);
#5619 = DEFINITIONAL_REPRESENTATION('',(#5620),#5624);
#5620 = LINE('',#5621,#5622);
#5621 = CARTESIAN_POINT('',(0.2,0.));
#5622 = VECTOR('',#5623,1.);
#5623 = DIRECTION('',(0.,-1.));
#5624 = ( GEOMETRIC_REPRESENTATION_CONTEXT(2) 
PARAMETRIC_REPRESENTATION_CONTEXT() REPRESENTATION_CONTEXT('2D SPACE',''
  ) );
#5625 = ORIENTED_EDGE('',*,*,#4611,.T.);
#5626 = ORIENTED_EDGE('',*,*,#5578,.F.);
#5627 = ORIENTED_EDGE('',*,*,#2827,.F.);
#5628 = ADVANCED_FACE('',(#5629),#2815,.F.);
#5629 = FACE_BOUND('',#5630,.F.);
#5630 = EDGE_LOOP('',(#5631,#5652,#5653,#5654));
#5631 = ORIENTED_EDGE('',*,*,#5632,.T.);
#5632 = EDGE_CURVE('',#2772,#4566,#5633,.T.);
#5633 = SURFACE_CURVE('',#5634,(#5638,#5645),.PCURVE_S1.);
#5634 = LINE('',#5635,#5636);
#5635 = CARTESIAN_POINT('',(3.,0.84,5.551115123126E-17));
#5636 = VECTOR('',#5637,1.);
#5637 = DIRECTION('',(2.22044604925E-16,-1.,0.));
#5638 = PCURVE('',#2815,#5639);
#5639 = DEFINITIONAL_REPRESENTATION('',(#5640),#5644);
#5640 = LINE('',#5641,#5642);
#5641 = CARTESIAN_POINT('',(0.,0.));
#5642 = VECTOR('',#5643,1.);
#5643 = DIRECTION('',(0.,-1.));
#5644 = ( GEOMETRIC_REPRESENTATION_CONTEXT(2) 
PARAMETRIC_REPRESENTATION_CONTEXT() REPRESENTATION_CONTEXT('2D SPACE',''
  ) );
#5645 = PCURVE('',#2787,#5646);
#5646 = DEFINITIONAL_REPRESENTATION('',(#5647),#5651);
#5647 = LINE('',#5648,#5649);
#5648 = CARTESIAN_POINT('',(0.35,-7.771561172375E-17));
#5649 = VECTOR('',#5650,1.);
#5650 = DIRECTION('',(0.,-1.));
#5651 = ( GEOMETRIC_REPRESENTATION_CONTEXT(2) 
PARAMETRIC_REPRESENTATION_CONTEXT() REPRESENTATION_CONTEXT('2D SPACE',''
  ) );
#5652 = ORIENTED_EDGE('',*,*,#4588,.T.);
#5653 = ORIENTED_EDGE('',*,*,#5605,.F.);
#5654 = ORIENTED_EDGE('',*,*,#2799,.F.);
#5655 = ADVANCED_FACE('',(#5656),#2787,.F.);
#5656 = FACE_BOUND('',#5657,.F.);
#5657 = EDGE_LOOP('',(#5658,#5679,#5680,#5681));
#5658 = ORIENTED_EDGE('',*,*,#5659,.T.);
#5659 = EDGE_CURVE('',#2743,#4542,#5660,.T.);
#5660 = SURFACE_CURVE('',#5661,(#5665,#5672),.PCURVE_S1.);
#5661 = LINE('',#5662,#5663);
#5662 = CARTESIAN_POINT('',(2.65,0.84,5.551115123126E-17));
#5663 = VECTOR('',#5664,1.);
#5664 = DIRECTION('',(2.22044604925E-16,-1.,0.));
#5665 = PCURVE('',#2787,#5666);
#5666 = DEFINITIONAL_REPRESENTATION('',(#5667),#5671);
#5667 = LINE('',#5668,#5669);
#5668 = CARTESIAN_POINT('',(0.,0.));
#5669 = VECTOR('',#5670,1.);
#5670 = DIRECTION('',(0.,-1.));
#5671 = ( GEOMETRIC_REPRESENTATION_CONTEXT(2) 
PARAMETRIC_REPRESENTATION_CONTEXT() REPRESENTATION_CONTEXT('2D SPACE',''
  ) );
#5672 = PCURVE('',#2759,#5673);
#5673 = DEFINITIONAL_REPRESENTATION('',(#5674),#5678);
#5674 = LINE('',#5675,#5676);
#5675 = CARTESIAN_POINT('',(4.712388980385,0.));
#5676 = VECTOR('',#5677,1.);
#5677 = DIRECTION('',(0.,-1.));
#5678 = ( GEOMETRIC_REPRESENTATION_CONTEXT(2) 
PARAMETRIC_REPRESENTATION_CONTEXT() REPRESENTATION_CONTEXT('2D SPACE',''
  ) );
#5679 = ORIENTED_EDGE('',*,*,#4565,.T.);
#5680 = ORIENTED_EDGE('',*,*,#5632,.F.);
#5681 = ORIENTED_EDGE('',*,*,#2771,.F.);
#5682 = ADVANCED_FACE('',(#5683),#2759,.T.);
#5683 = FACE_BOUND('',#5684,.T.);
#5684 = EDGE_LOOP('',(#5685,#5686,#5687,#5688));
#5685 = ORIENTED_EDGE('',*,*,#2742,.T.);
#5686 = ORIENTED_EDGE('',*,*,#5659,.T.);
#5687 = ORIENTED_EDGE('',*,*,#4541,.F.);
#5688 = ORIENTED_EDGE('',*,*,#5689,.F.);
#5689 = EDGE_CURVE('',#2715,#4519,#5690,.T.);
#5690 = SURFACE_CURVE('',#5691,(#5695,#5702),.PCURVE_S1.);
#5691 = LINE('',#5692,#5693);
#5692 = CARTESIAN_POINT('',(2.35,0.84,0.3));
#5693 = VECTOR('',#5694,1.);
#5694 = DIRECTION('',(2.22044604925E-16,-1.,0.));
#5695 = PCURVE('',#2759,#5696);
#5696 = DEFINITIONAL_REPRESENTATION('',(#5697),#5701);
#5697 = LINE('',#5698,#5699);
#5698 = CARTESIAN_POINT('',(6.28318530718,0.));
#5699 = VECTOR('',#5700,1.);
#5700 = DIRECTION('',(0.,-1.));
#5701 = ( GEOMETRIC_REPRESENTATION_CONTEXT(2) 
PARAMETRIC_REPRESENTATION_CONTEXT() REPRESENTATION_CONTEXT('2D SPACE',''
  ) );
#5702 = PCURVE('',#2730,#5703);
#5703 = DEFINITIONAL_REPRESENTATION('',(#5704),#5708);
#5704 = LINE('',#5705,#5706);
#5705 = CARTESIAN_POINT('',(0.425,-9.860761315258E-32));
#5706 = VECTOR('',#5707,1.);
#5707 = DIRECTION('',(7.584527938158E-44,-1.));
#5708 = ( GEOMETRIC_REPRESENTATION_CONTEXT(2) 
PARAMETRIC_REPRESENTATION_CONTEXT() REPRESENTATION_CONTEXT('2D SPACE',''
  ) );
#5709 = ADVANCED_FACE('',(#5710),#2730,.F.);
#5710 = FACE_BOUND('',#5711,.F.);
#5711 = EDGE_LOOP('',(#5712,#5713,#5714,#5715));
#5712 = ORIENTED_EDGE('',*,*,#4490,.T.);
#5713 = ORIENTED_EDGE('',*,*,#4518,.T.);
#5714 = ORIENTED_EDGE('',*,*,#5689,.F.);
#5715 = ORIENTED_EDGE('',*,*,#2714,.F.);
#5716 = ADVANCED_FACE('',(#5717),#3054,.F.);
#5717 = FACE_BOUND('',#5718,.F.);
#5718 = EDGE_LOOP('',(#5719,#5720,#5740,#5766));
#5719 = ORIENTED_EDGE('',*,*,#3040,.T.);
#5720 = ORIENTED_EDGE('',*,*,#5721,.T.);
#5721 = EDGE_CURVE('',#3019,#5722,#5724,.T.);
#5722 = VERTEX_POINT('',#5723);
#5723 = CARTESIAN_POINT('',(-1.775,-2.45,1.025));
#5724 = SURFACE_CURVE('',#5725,(#5728,#5734),.PCURVE_S1.);
#5725 = B_SPLINE_CURVE_WITH_KNOTS('',1,(#5726,#5727),.UNSPECIFIED.,.F.,
  .F.,(2,2),(0.,1.),.PIECEWISE_BEZIER_KNOTS.);
#5726 = CARTESIAN_POINT('',(-1.775,-2.45,0.825));
#5727 = CARTESIAN_POINT('',(-1.775,-2.45,1.025));
#5728 = PCURVE('',#3054,#5729);
#5729 = DEFINITIONAL_REPRESENTATION('',(#5730),#5733);
#5730 = B_SPLINE_CURVE_WITH_KNOTS('',1,(#5731,#5732),.UNSPECIFIED.,.F.,
  .F.,(2,2),(0.,1.),.PIECEWISE_BEZIER_KNOTS.);
#5731 = CARTESIAN_POINT('',(3.55,-0.2));
#5732 = CARTESIAN_POINT('',(3.55,0.));
#5733 = ( GEOMETRIC_REPRESENTATION_CONTEXT(2) 
PARAMETRIC_REPRESENTATION_CONTEXT() REPRESENTATION_CONTEXT('2D SPACE',''
  ) );
#5734 = PCURVE('',#3107,#5735);
#5735 = DEFINITIONAL_REPRESENTATION('',(#5736),#5739);
#5736 = B_SPLINE_CURVE_WITH_KNOTS('',1,(#5737,#5738),.UNSPECIFIED.,.F.,
  .F.,(2,2),(0.,1.),.PIECEWISE_BEZIER_KNOTS.);
#5737 = CARTESIAN_POINT('',(0.,-0.2));
#5738 = CARTESIAN_POINT('',(0.,0.));
#5739 = ( GEOMETRIC_REPRESENTATION_CONTEXT(2) 
PARAMETRIC_REPRESENTATION_CONTEXT() REPRESENTATION_CONTEXT('2D SPACE',''
  ) );
#5740 = ORIENTED_EDGE('',*,*,#5741,.F.);
#5741 = EDGE_CURVE('',#3434,#5722,#5742,.T.);
#5742 = SURFACE_CURVE('',#5743,(#5747,#5754),.PCURVE_S1.);
#5743 = LINE('',#5744,#5745);
#5744 = CARTESIAN_POINT('',(1.775,-2.45,1.025));
#5745 = VECTOR('',#5746,1.);
#5746 = DIRECTION('',(-1.,-2.22044604925E-16,0.));
#5747 = PCURVE('',#3054,#5748);
#5748 = DEFINITIONAL_REPRESENTATION('',(#5749),#5753);
#5749 = LINE('',#5750,#5751);
#5750 = CARTESIAN_POINT('',(0.,0.));
#5751 = VECTOR('',#5752,1.);
#5752 = DIRECTION('',(1.,0.));
#5753 = ( GEOMETRIC_REPRESENTATION_CONTEXT(2) 
PARAMETRIC_REPRESENTATION_CONTEXT() REPRESENTATION_CONTEXT('2D SPACE',''
  ) );
#5754 = PCURVE('',#5755,#5760);
#5755 = B_SPLINE_SURFACE_WITH_KNOTS('',1,1,(
    (#5756,#5757)
    ,(#5758,#5759
    )),.UNSPECIFIED.,.F.,.F.,.F.,(2,2),(2,2),(0.,3.55),(0.,1.),
  .PIECEWISE_BEZIER_KNOTS.);
#5756 = CARTESIAN_POINT('',(1.775,-2.45,1.025));
#5757 = CARTESIAN_POINT('',(1.7375,-2.375,1.025));
#5758 = CARTESIAN_POINT('',(-1.775,-2.45,1.025));
#5759 = CARTESIAN_POINT('',(-1.7375,-2.375,1.025));
#5760 = DEFINITIONAL_REPRESENTATION('',(#5761),#5765);
#5761 = LINE('',#5762,#5763);
#5762 = CARTESIAN_POINT('',(3.586217722922E-17,1.041987532702E-15));
#5763 = VECTOR('',#5764,1.);
#5764 = DIRECTION('',(1.,-3.335799961041E-15));
#5765 = ( GEOMETRIC_REPRESENTATION_CONTEXT(2) 
PARAMETRIC_REPRESENTATION_CONTEXT() REPRESENTATION_CONTEXT('2D SPACE',''
  ) );
#5766 = ORIENTED_EDGE('',*,*,#3433,.F.);
#5767 = ADVANCED_FACE('',(#5768),#3107,.F.);
#5768 = FACE_BOUND('',#5769,.F.);
#5769 = EDGE_LOOP('',(#5770,#5771,#5791,#5817));
#5770 = ORIENTED_EDGE('',*,*,#3093,.T.);
#5771 = ORIENTED_EDGE('',*,*,#5772,.T.);
#5772 = EDGE_CURVE('',#3072,#5773,#5775,.T.);
#5773 = VERTEX_POINT('',#5774);
#5774 = CARTESIAN_POINT('',(-1.95,-2.275,1.025));
#5775 = SURFACE_CURVE('',#5776,(#5779,#5785),.PCURVE_S1.);
#5776 = B_SPLINE_CURVE_WITH_KNOTS('',1,(#5777,#5778),.UNSPECIFIED.,.F.,
  .F.,(2,2),(0.,1.),.PIECEWISE_BEZIER_KNOTS.);
#5777 = CARTESIAN_POINT('',(-1.95,-2.275,0.825));
#5778 = CARTESIAN_POINT('',(-1.95,-2.275,1.025));
#5779 = PCURVE('',#3107,#5780);
#5780 = DEFINITIONAL_REPRESENTATION('',(#5781),#5784);
#5781 = B_SPLINE_CURVE_WITH_KNOTS('',1,(#5782,#5783),.UNSPECIFIED.,.F.,
  .F.,(2,2),(0.,1.),.PIECEWISE_BEZIER_KNOTS.);
#5782 = CARTESIAN_POINT('',(0.247487373415,-0.2));
#5783 = CARTESIAN_POINT('',(0.247487373415,0.));
#5784 = ( GEOMETRIC_REPRESENTATION_CONTEXT(2) 
PARAMETRIC_REPRESENTATION_CONTEXT() REPRESENTATION_CONTEXT('2D SPACE',''
  ) );
#5785 = PCURVE('',#3384,#5786);
#5786 = DEFINITIONAL_REPRESENTATION('',(#5787),#5790);
#5787 = B_SPLINE_CURVE_WITH_KNOTS('',1,(#5788,#5789),.UNSPECIFIED.,.F.,
  .F.,(2,2),(0.,1.),.PIECEWISE_BEZIER_KNOTS.);
#5788 = CARTESIAN_POINT('',(0.,-0.2));
#5789 = CARTESIAN_POINT('',(0.,0.));
#5790 = ( GEOMETRIC_REPRESENTATION_CONTEXT(2) 
PARAMETRIC_REPRESENTATION_CONTEXT() REPRESENTATION_CONTEXT('2D SPACE',''
  ) );
#5791 = ORIENTED_EDGE('',*,*,#5792,.F.);
#5792 = EDGE_CURVE('',#5722,#5773,#5793,.T.);
#5793 = SURFACE_CURVE('',#5794,(#5798,#5805),.PCURVE_S1.);
#5794 = LINE('',#5795,#5796);
#5795 = CARTESIAN_POINT('',(-1.775,-2.45,1.025));
#5796 = VECTOR('',#5797,1.);
#5797 = DIRECTION('',(-0.707106781187,0.707106781187,0.));
#5798 = PCURVE('',#3107,#5799);
#5799 = DEFINITIONAL_REPRESENTATION('',(#5800),#5804);
#5800 = LINE('',#5801,#5802);
#5801 = CARTESIAN_POINT('',(0.,0.));
#5802 = VECTOR('',#5803,1.);
#5803 = DIRECTION('',(1.,0.));
#5804 = ( GEOMETRIC_REPRESENTATION_CONTEXT(2) 
PARAMETRIC_REPRESENTATION_CONTEXT() REPRESENTATION_CONTEXT('2D SPACE',''
  ) );
#5805 = PCURVE('',#5806,#5811);
#5806 = B_SPLINE_SURFACE_WITH_KNOTS('',1,1,(
    (#5807,#5808)
    ,(#5809,#5810
    )),.UNSPECIFIED.,.F.,.F.,.F.,(2,2),(2,2),(0.,0.247487373415),(0.,1.)
  ,.PIECEWISE_BEZIER_KNOTS.);
#5807 = CARTESIAN_POINT('',(-1.775,-2.45,1.025));
#5808 = CARTESIAN_POINT('',(-1.7375,-2.375,1.025));
#5809 = CARTESIAN_POINT('',(-1.95,-2.275,1.025));
#5810 = CARTESIAN_POINT('',(-1.875,-2.2375,1.025));
#5811 = DEFINITIONAL_REPRESENTATION('',(#5812),#5816);
#5812 = LINE('',#5813,#5814);
#5813 = CARTESIAN_POINT('',(-1.427240192909E-16,-5.26430630895E-15));
#5814 = VECTOR('',#5815,1.);
#5815 = DIRECTION('',(1.,-4.801228329872E-15));
#5816 = ( GEOMETRIC_REPRESENTATION_CONTEXT(2) 
PARAMETRIC_REPRESENTATION_CONTEXT() REPRESENTATION_CONTEXT('2D SPACE',''
  ) );
#5817 = ORIENTED_EDGE('',*,*,#5721,.F.);
#5818 = ADVANCED_FACE('',(#5819),#3384,.F.);
#5819 = FACE_BOUND('',#5820,.F.);
#5820 = EDGE_LOOP('',(#5821,#5822,#5823,#5851));
#5821 = ORIENTED_EDGE('',*,*,#5772,.F.);
#5822 = ORIENTED_EDGE('',*,*,#3370,.T.);
#5823 = ORIENTED_EDGE('',*,*,#5824,.T.);
#5824 = EDGE_CURVE('',#3343,#5825,#5827,.T.);
#5825 = VERTEX_POINT('',#5826);
#5826 = CARTESIAN_POINT('',(-1.95,-2.11,1.025));
#5827 = SURFACE_CURVE('',#5828,(#5832,#5839),.PCURVE_S1.);
#5828 = LINE('',#5829,#5830);
#5829 = CARTESIAN_POINT('',(-1.95,-2.11,0.778829828783));
#5830 = VECTOR('',#5831,1.);
#5831 = DIRECTION('',(0.,0.,1.));
#5832 = PCURVE('',#3384,#5833);
#5833 = DEFINITIONAL_REPRESENTATION('',(#5834),#5838);
#5834 = LINE('',#5835,#5836);
#5835 = CARTESIAN_POINT('',(0.165,-0.246170171217));
#5836 = VECTOR('',#5837,1.);
#5837 = DIRECTION('',(0.,1.));
#5838 = ( GEOMETRIC_REPRESENTATION_CONTEXT(2) 
PARAMETRIC_REPRESENTATION_CONTEXT() REPRESENTATION_CONTEXT('2D SPACE',''
  ) );
#5839 = PCURVE('',#5840,#5845);
#5840 = PLANE('',#5841);
#5841 = AXIS2_PLACEMENT_3D('',#5842,#5843,#5844);
#5842 = CARTESIAN_POINT('',(-2.41578967201,-2.11,0.532659657565));
#5843 = DIRECTION('',(-9.95799250103E-17,1.,0.));
#5844 = DIRECTION('',(0.,0.,1.));
#5845 = DEFINITIONAL_REPRESENTATION('',(#5846),#5850);
#5846 = LINE('',#5847,#5848);
#5847 = CARTESIAN_POINT('',(0.246170171218,0.46578967201));
#5848 = VECTOR('',#5849,1.);
#5849 = DIRECTION('',(1.,0.));
#5850 = ( GEOMETRIC_REPRESENTATION_CONTEXT(2) 
PARAMETRIC_REPRESENTATION_CONTEXT() REPRESENTATION_CONTEXT('2D SPACE',''
  ) );
#5851 = ORIENTED_EDGE('',*,*,#5852,.F.);
#5852 = EDGE_CURVE('',#5773,#5825,#5853,.T.);
#5853 = SURFACE_CURVE('',#5854,(#5858,#5865),.PCURVE_S1.);
#5854 = LINE('',#5855,#5856);
#5855 = CARTESIAN_POINT('',(-1.95,-2.275,1.025));
#5856 = VECTOR('',#5857,1.);
#5857 = DIRECTION('',(-2.22044604925E-16,1.,0.));
#5858 = PCURVE('',#3384,#5859);
#5859 = DEFINITIONAL_REPRESENTATION('',(#5860),#5864);
#5860 = LINE('',#5861,#5862);
#5861 = CARTESIAN_POINT('',(0.,0.));
#5862 = VECTOR('',#5863,1.);
#5863 = DIRECTION('',(1.,0.));
#5864 = ( GEOMETRIC_REPRESENTATION_CONTEXT(2) 
PARAMETRIC_REPRESENTATION_CONTEXT() REPRESENTATION_CONTEXT('2D SPACE',''
  ) );
#5865 = PCURVE('',#5866,#5871);
#5866 = B_SPLINE_SURFACE_WITH_KNOTS('',1,1,(
    (#5867,#5868)
    ,(#5869,#5870
    )),.UNSPECIFIED.,.F.,.F.,.F.,(2,2),(2,2),(0.,4.55),(0.,1.),
  .PIECEWISE_BEZIER_KNOTS.);
#5867 = CARTESIAN_POINT('',(-1.95,-2.275,1.025));
#5868 = CARTESIAN_POINT('',(-1.875,-2.2375,1.025));
#5869 = CARTESIAN_POINT('',(-1.95,2.275,1.025));
#5870 = CARTESIAN_POINT('',(-1.875,2.2375,1.025));
#5871 = DEFINITIONAL_REPRESENTATION('',(#5872),#5876);
#5872 = LINE('',#5873,#5874);
#5873 = CARTESIAN_POINT('',(3.582431915782E-16,6.610125476969E-16));
#5874 = VECTOR('',#5875,1.);
#5875 = DIRECTION('',(1.,-8.115046621091E-14));
#5876 = ( GEOMETRIC_REPRESENTATION_CONTEXT(2) 
PARAMETRIC_REPRESENTATION_CONTEXT() REPRESENTATION_CONTEXT('2D SPACE',''
  ) );
#5877 = ADVANCED_FACE('',(#5878),#3162,.F.);
#5878 = FACE_BOUND('',#5879,.F.);
#5879 = EDGE_LOOP('',(#5880,#5908,#5909,#5929));
#5880 = ORIENTED_EDGE('',*,*,#5881,.F.);
#5881 = EDGE_CURVE('',#3147,#5882,#5884,.T.);
#5882 = VERTEX_POINT('',#5883);
#5883 = CARTESIAN_POINT('',(-1.95,2.11,1.025));
#5884 = SURFACE_CURVE('',#5885,(#5889,#5896),.PCURVE_S1.);
#5885 = LINE('',#5886,#5887);
#5886 = CARTESIAN_POINT('',(-1.95,2.11,0.778829828783));
#5887 = VECTOR('',#5888,1.);
#5888 = DIRECTION('',(0.,0.,1.));
#5889 = PCURVE('',#3162,#5890);
#5890 = DEFINITIONAL_REPRESENTATION('',(#5891),#5895);
#5891 = LINE('',#5892,#5893);
#5892 = CARTESIAN_POINT('',(4.385,-0.246170171217));
#5893 = VECTOR('',#5894,1.);
#5894 = DIRECTION('',(0.,1.));
#5895 = ( GEOMETRIC_REPRESENTATION_CONTEXT(2) 
PARAMETRIC_REPRESENTATION_CONTEXT() REPRESENTATION_CONTEXT('2D SPACE',''
  ) );
#5896 = PCURVE('',#5897,#5902);
#5897 = PLANE('',#5898);
#5898 = AXIS2_PLACEMENT_3D('',#5899,#5900,#5901);
#5899 = CARTESIAN_POINT('',(-2.41578967201,2.11,0.532659657565));
#5900 = DIRECTION('',(-9.95799250103E-17,1.,0.));
#5901 = DIRECTION('',(0.,0.,1.));
#5902 = DEFINITIONAL_REPRESENTATION('',(#5903),#5907);
#5903 = LINE('',#5904,#5905);
#5904 = CARTESIAN_POINT('',(0.246170171218,0.46578967201));
#5905 = VECTOR('',#5906,1.);
#5906 = DIRECTION('',(1.,0.));
#5907 = ( GEOMETRIC_REPRESENTATION_CONTEXT(2) 
PARAMETRIC_REPRESENTATION_CONTEXT() REPRESENTATION_CONTEXT('2D SPACE',''
  ) );
#5908 = ORIENTED_EDGE('',*,*,#3146,.T.);
#5909 = ORIENTED_EDGE('',*,*,#5910,.T.);
#5910 = EDGE_CURVE('',#3125,#5911,#5913,.T.);
#5911 = VERTEX_POINT('',#5912);
#5912 = CARTESIAN_POINT('',(-1.95,2.275,1.025));
#5913 = SURFACE_CURVE('',#5914,(#5917,#5923),.PCURVE_S1.);
#5914 = B_SPLINE_CURVE_WITH_KNOTS('',1,(#5915,#5916),.UNSPECIFIED.,.F.,
  .F.,(2,2),(0.,1.),.PIECEWISE_BEZIER_KNOTS.);
#5915 = CARTESIAN_POINT('',(-1.95,2.275,0.825));
#5916 = CARTESIAN_POINT('',(-1.95,2.275,1.025));
#5917 = PCURVE('',#3162,#5918);
#5918 = DEFINITIONAL_REPRESENTATION('',(#5919),#5922);
#5919 = B_SPLINE_CURVE_WITH_KNOTS('',1,(#5920,#5921),.UNSPECIFIED.,.F.,
  .F.,(2,2),(0.,1.),.PIECEWISE_BEZIER_KNOTS.);
#5920 = CARTESIAN_POINT('',(4.55,-0.2));
#5921 = CARTESIAN_POINT('',(4.55,0.));
#5922 = ( GEOMETRIC_REPRESENTATION_CONTEXT(2) 
PARAMETRIC_REPRESENTATION_CONTEXT() REPRESENTATION_CONTEXT('2D SPACE',''
  ) );
#5923 = PCURVE('',#3416,#5924);
#5924 = DEFINITIONAL_REPRESENTATION('',(#5925),#5928);
#5925 = B_SPLINE_CURVE_WITH_KNOTS('',1,(#5926,#5927),.UNSPECIFIED.,.F.,
  .F.,(2,2),(0.,1.),.PIECEWISE_BEZIER_KNOTS.);
#5926 = CARTESIAN_POINT('',(0.,-0.2));
#5927 = CARTESIAN_POINT('',(0.,0.));
#5928 = ( GEOMETRIC_REPRESENTATION_CONTEXT(2) 
PARAMETRIC_REPRESENTATION_CONTEXT() REPRESENTATION_CONTEXT('2D SPACE',''
  ) );
#5929 = ORIENTED_EDGE('',*,*,#5930,.F.);
#5930 = EDGE_CURVE('',#5882,#5911,#5931,.T.);
#5931 = SURFACE_CURVE('',#5932,(#5936,#5943),.PCURVE_S1.);
#5932 = LINE('',#5933,#5934);
#5933 = CARTESIAN_POINT('',(-1.95,-2.275,1.025));
#5934 = VECTOR('',#5935,1.);
#5935 = DIRECTION('',(-2.22044604925E-16,1.,0.));
#5936 = PCURVE('',#3162,#5937);
#5937 = DEFINITIONAL_REPRESENTATION('',(#5938),#5942);
#5938 = LINE('',#5939,#5940);
#5939 = CARTESIAN_POINT('',(0.,0.));
#5940 = VECTOR('',#5941,1.);
#5941 = DIRECTION('',(1.,0.));
#5942 = ( GEOMETRIC_REPRESENTATION_CONTEXT(2) 
PARAMETRIC_REPRESENTATION_CONTEXT() REPRESENTATION_CONTEXT('2D SPACE',''
  ) );
#5943 = PCURVE('',#5944,#5949);
#5944 = B_SPLINE_SURFACE_WITH_KNOTS('',1,1,(
    (#5945,#5946)
    ,(#5947,#5948
    )),.UNSPECIFIED.,.F.,.F.,.F.,(2,2),(2,2),(0.,4.55),(0.,1.),
  .PIECEWISE_BEZIER_KNOTS.);
#5945 = CARTESIAN_POINT('',(-1.95,-2.275,1.025));
#5946 = CARTESIAN_POINT('',(-1.875,-2.2375,1.025));
#5947 = CARTESIAN_POINT('',(-1.95,2.275,1.025));
#5948 = CARTESIAN_POINT('',(-1.875,2.2375,1.025));
#5949 = DEFINITIONAL_REPRESENTATION('',(#5950),#5954);
#5950 = LINE('',#5951,#5952);
#5951 = CARTESIAN_POINT('',(8.881784197001E-16,1.308297669345E-13));
#5952 = VECTOR('',#5953,1.);
#5953 = DIRECTION('',(1.,-3.186124313148E-14));
#5954 = ( GEOMETRIC_REPRESENTATION_CONTEXT(2) 
PARAMETRIC_REPRESENTATION_CONTEXT() REPRESENTATION_CONTEXT('2D SPACE',''
  ) );
#5955 = ADVANCED_FACE('',(#5956),#3358,.F.);
#5956 = FACE_BOUND('',#5957,.F.);
#5957 = EDGE_LOOP('',(#5958,#5981,#5982,#6010));
#5958 = ORIENTED_EDGE('',*,*,#5959,.F.);
#5959 = EDGE_CURVE('',#3343,#5960,#5962,.T.);
#5960 = VERTEX_POINT('',#5961);
#5961 = CARTESIAN_POINT('',(-2.25,-2.11,0.825));
#5962 = SURFACE_CURVE('',#5963,(#5967,#5974),.PCURVE_S1.);
#5963 = LINE('',#5964,#5965);
#5964 = CARTESIAN_POINT('',(-1.8,-2.11,0.825));
#5965 = VECTOR('',#5966,1.);
#5966 = DIRECTION('',(-1.,-9.95799250103E-17,0.));
#5967 = PCURVE('',#3358,#5968);
#5968 = DEFINITIONAL_REPRESENTATION('',(#5969),#5973);
#5969 = LINE('',#5970,#5971);
#5970 = CARTESIAN_POINT('',(0.,0.));
#5971 = VECTOR('',#5972,1.);
#5972 = DIRECTION('',(1.,0.));
#5973 = ( GEOMETRIC_REPRESENTATION_CONTEXT(2) 
PARAMETRIC_REPRESENTATION_CONTEXT() REPRESENTATION_CONTEXT('2D SPACE',''
  ) );
#5974 = PCURVE('',#5840,#5975);
#5975 = DEFINITIONAL_REPRESENTATION('',(#5976),#5980);
#5976 = LINE('',#5977,#5978);
#5977 = CARTESIAN_POINT('',(0.292340342435,0.61578967201));
#5978 = VECTOR('',#5979,1.);
#5979 = DIRECTION('',(0.,-1.));
#5980 = ( GEOMETRIC_REPRESENTATION_CONTEXT(2) 
PARAMETRIC_REPRESENTATION_CONTEXT() REPRESENTATION_CONTEXT('2D SPACE',''
  ) );
#5981 = ORIENTED_EDGE('',*,*,#3342,.T.);
#5982 = ORIENTED_EDGE('',*,*,#5983,.T.);
#5983 = EDGE_CURVE('',#3315,#5984,#5986,.T.);
#5984 = VERTEX_POINT('',#5985);
#5985 = CARTESIAN_POINT('',(-2.25,-1.7,0.825));
#5986 = SURFACE_CURVE('',#5987,(#5991,#5998),.PCURVE_S1.);
#5987 = LINE('',#5988,#5989);
#5988 = CARTESIAN_POINT('',(-1.8,-1.7,0.825));
#5989 = VECTOR('',#5990,1.);
#5990 = DIRECTION('',(-1.,-9.95799250103E-17,0.));
#5991 = PCURVE('',#3358,#5992);
#5992 = DEFINITIONAL_REPRESENTATION('',(#5993),#5997);
#5993 = LINE('',#5994,#5995);
#5994 = CARTESIAN_POINT('',(-4.082776925422E-17,-0.41));
#5995 = VECTOR('',#5996,1.);
#5996 = DIRECTION('',(1.,0.));
#5997 = ( GEOMETRIC_REPRESENTATION_CONTEXT(2) 
PARAMETRIC_REPRESENTATION_CONTEXT() REPRESENTATION_CONTEXT('2D SPACE',''
  ) );
#5998 = PCURVE('',#5999,#6004);
#5999 = PLANE('',#6000);
#6000 = AXIS2_PLACEMENT_3D('',#6001,#6002,#6003);
#6001 = CARTESIAN_POINT('',(-2.41578967201,-1.7,0.532659657565));
#6002 = DIRECTION('',(-9.95799250103E-17,1.,0.));
#6003 = DIRECTION('',(0.,0.,1.));
#6004 = DEFINITIONAL_REPRESENTATION('',(#6005),#6009);
#6005 = LINE('',#6006,#6007);
#6006 = CARTESIAN_POINT('',(0.292340342435,0.61578967201));
#6007 = VECTOR('',#6008,1.);
#6008 = DIRECTION('',(0.,-1.));
#6009 = ( GEOMETRIC_REPRESENTATION_CONTEXT(2) 
PARAMETRIC_REPRESENTATION_CONTEXT() REPRESENTATION_CONTEXT('2D SPACE',''
  ) );
#6010 = ORIENTED_EDGE('',*,*,#6011,.F.);
#6011 = EDGE_CURVE('',#5960,#5984,#6012,.T.);
#6012 = SURFACE_CURVE('',#6013,(#6017,#6024),.PCURVE_S1.);
#6013 = LINE('',#6014,#6015);
#6014 = CARTESIAN_POINT('',(-2.25,-2.11,0.825));
#6015 = VECTOR('',#6016,1.);
#6016 = DIRECTION('',(-9.95799250103E-17,1.,0.));
#6017 = PCURVE('',#3358,#6018);
#6018 = DEFINITIONAL_REPRESENTATION('',(#6019),#6023);
#6019 = LINE('',#6020,#6021);
#6020 = CARTESIAN_POINT('',(0.45,-4.481096625463E-17));
#6021 = VECTOR('',#6022,1.);
#6022 = DIRECTION('',(0.,-1.));
#6023 = ( GEOMETRIC_REPRESENTATION_CONTEXT(2) 
PARAMETRIC_REPRESENTATION_CONTEXT() REPRESENTATION_CONTEXT('2D SPACE',''
  ) );
#6024 = PCURVE('',#6025,#6030);
#6025 = CYLINDRICAL_SURFACE('',#6026,0.1);
#6026 = AXIS2_PLACEMENT_3D('',#6027,#6028,#6029);
#6027 = CARTESIAN_POINT('',(-2.25,-2.11,0.725));
#6028 = DIRECTION('',(9.95799250103E-17,-1.,0.));
#6029 = DIRECTION('',(-4.440892098501E-15,-4.422237021476E-31,1.));
#6030 = DEFINITIONAL_REPRESENTATION('',(#6031),#6035);
#6031 = LINE('',#6032,#6033);
#6032 = CARTESIAN_POINT('',(-4.440892098501E-15,0.));
#6033 = VECTOR('',#6034,1.);
#6034 = DIRECTION('',(0.,-1.));
#6035 = ( GEOMETRIC_REPRESENTATION_CONTEXT(2) 
PARAMETRIC_REPRESENTATION_CONTEXT() REPRESENTATION_CONTEXT('2D SPACE',''
  ) );
#6036 = ADVANCED_FACE('',(#6037),#3190,.F.);
#6037 = FACE_BOUND('',#6038,.F.);
#6038 = EDGE_LOOP('',(#6039,#6067,#6068,#6091));
#6039 = ORIENTED_EDGE('',*,*,#6040,.F.);
#6040 = EDGE_CURVE('',#3175,#6041,#6043,.T.);
#6041 = VERTEX_POINT('',#6042);
#6042 = CARTESIAN_POINT('',(-2.25,1.7,0.825));
#6043 = SURFACE_CURVE('',#6044,(#6048,#6055),.PCURVE_S1.);
#6044 = LINE('',#6045,#6046);
#6045 = CARTESIAN_POINT('',(-1.8,1.7,0.825));
#6046 = VECTOR('',#6047,1.);
#6047 = DIRECTION('',(-1.,-9.95799250103E-17,0.));
#6048 = PCURVE('',#3190,#6049);
#6049 = DEFINITIONAL_REPRESENTATION('',(#6050),#6054);
#6050 = LINE('',#6051,#6052);
#6051 = CARTESIAN_POINT('',(0.,0.));
#6052 = VECTOR('',#6053,1.);
#6053 = DIRECTION('',(1.,0.));
#6054 = ( GEOMETRIC_REPRESENTATION_CONTEXT(2) 
PARAMETRIC_REPRESENTATION_CONTEXT() REPRESENTATION_CONTEXT('2D SPACE',''
  ) );
#6055 = PCURVE('',#6056,#6061);
#6056 = PLANE('',#6057);
#6057 = AXIS2_PLACEMENT_3D('',#6058,#6059,#6060);
#6058 = CARTESIAN_POINT('',(-2.41578967201,1.7,0.532659657565));
#6059 = DIRECTION('',(-9.95799250103E-17,1.,0.));
#6060 = DIRECTION('',(0.,0.,1.));
#6061 = DEFINITIONAL_REPRESENTATION('',(#6062),#6066);
#6062 = LINE('',#6063,#6064);
#6063 = CARTESIAN_POINT('',(0.292340342435,0.61578967201));
#6064 = VECTOR('',#6065,1.);
#6065 = DIRECTION('',(0.,-1.));
#6066 = ( GEOMETRIC_REPRESENTATION_CONTEXT(2) 
PARAMETRIC_REPRESENTATION_CONTEXT() REPRESENTATION_CONTEXT('2D SPACE',''
  ) );
#6067 = ORIENTED_EDGE('',*,*,#3174,.T.);
#6068 = ORIENTED_EDGE('',*,*,#6069,.T.);
#6069 = EDGE_CURVE('',#3147,#6070,#6072,.T.);
#6070 = VERTEX_POINT('',#6071);
#6071 = CARTESIAN_POINT('',(-2.25,2.11,0.825));
#6072 = SURFACE_CURVE('',#6073,(#6077,#6084),.PCURVE_S1.);
#6073 = LINE('',#6074,#6075);
#6074 = CARTESIAN_POINT('',(-1.8,2.11,0.825));
#6075 = VECTOR('',#6076,1.);
#6076 = DIRECTION('',(-1.,-9.95799250103E-17,0.));
#6077 = PCURVE('',#3190,#6078);
#6078 = DEFINITIONAL_REPRESENTATION('',(#6079),#6083);
#6079 = LINE('',#6080,#6081);
#6080 = CARTESIAN_POINT('',(-4.082776925422E-17,-0.41));
#6081 = VECTOR('',#6082,1.);
#6082 = DIRECTION('',(1.,0.));
#6083 = ( GEOMETRIC_REPRESENTATION_CONTEXT(2) 
PARAMETRIC_REPRESENTATION_CONTEXT() REPRESENTATION_CONTEXT('2D SPACE',''
  ) );
#6084 = PCURVE('',#5897,#6085);
#6085 = DEFINITIONAL_REPRESENTATION('',(#6086),#6090);
#6086 = LINE('',#6087,#6088);
#6087 = CARTESIAN_POINT('',(0.292340342435,0.61578967201));
#6088 = VECTOR('',#6089,1.);
#6089 = DIRECTION('',(0.,-1.));
#6090 = ( GEOMETRIC_REPRESENTATION_CONTEXT(2) 
PARAMETRIC_REPRESENTATION_CONTEXT() REPRESENTATION_CONTEXT('2D SPACE',''
  ) );
#6091 = ORIENTED_EDGE('',*,*,#6092,.F.);
#6092 = EDGE_CURVE('',#6041,#6070,#6093,.T.);
#6093 = SURFACE_CURVE('',#6094,(#6098,#6105),.PCURVE_S1.);
#6094 = LINE('',#6095,#6096);
#6095 = CARTESIAN_POINT('',(-2.25,1.7,0.825));
#6096 = VECTOR('',#6097,1.);
#6097 = DIRECTION('',(-9.95799250103E-17,1.,0.));
#6098 = PCURVE('',#3190,#6099);
#6099 = DEFINITIONAL_REPRESENTATION('',(#6100),#6104);
#6100 = LINE('',#6101,#6102);
#6101 = CARTESIAN_POINT('',(0.45,-4.481096625463E-17));
#6102 = VECTOR('',#6103,1.);
#6103 = DIRECTION('',(0.,-1.));
#6104 = ( GEOMETRIC_REPRESENTATION_CONTEXT(2) 
PARAMETRIC_REPRESENTATION_CONTEXT() REPRESENTATION_CONTEXT('2D SPACE',''
  ) );
#6105 = PCURVE('',#6106,#6111);
#6106 = CYLINDRICAL_SURFACE('',#6107,0.1);
#6107 = AXIS2_PLACEMENT_3D('',#6108,#6109,#6110);
#6108 = CARTESIAN_POINT('',(-2.25,1.7,0.725));
#6109 = DIRECTION('',(9.95799250103E-17,-1.,0.));
#6110 = DIRECTION('',(-4.440892098501E-15,-4.422237021476E-31,1.));
#6111 = DEFINITIONAL_REPRESENTATION('',(#6112),#6116);
#6112 = LINE('',#6113,#6114);
#6113 = CARTESIAN_POINT('',(-4.440892098501E-15,0.));
#6114 = VECTOR('',#6115,1.);
#6115 = DIRECTION('',(0.,-1.));
#6116 = ( GEOMETRIC_REPRESENTATION_CONTEXT(2) 
PARAMETRIC_REPRESENTATION_CONTEXT() REPRESENTATION_CONTEXT('2D SPACE',''
  ) );
#6117 = ADVANCED_FACE('',(#6118),#3330,.F.);
#6118 = FACE_BOUND('',#6119,.F.);
#6119 = EDGE_LOOP('',(#6120,#6143,#6144,#6172));
#6120 = ORIENTED_EDGE('',*,*,#6121,.F.);
#6121 = EDGE_CURVE('',#3315,#6122,#6124,.T.);
#6122 = VERTEX_POINT('',#6123);
#6123 = CARTESIAN_POINT('',(-1.95,-1.7,1.025));
#6124 = SURFACE_CURVE('',#6125,(#6129,#6136),.PCURVE_S1.);
#6125 = LINE('',#6126,#6127);
#6126 = CARTESIAN_POINT('',(-1.95,-1.7,0.778829828783));
#6127 = VECTOR('',#6128,1.);
#6128 = DIRECTION('',(0.,0.,1.));
#6129 = PCURVE('',#3330,#6130);
#6130 = DEFINITIONAL_REPRESENTATION('',(#6131),#6135);
#6131 = LINE('',#6132,#6133);
#6132 = CARTESIAN_POINT('',(0.575,-0.246170171217));
#6133 = VECTOR('',#6134,1.);
#6134 = DIRECTION('',(0.,1.));
#6135 = ( GEOMETRIC_REPRESENTATION_CONTEXT(2) 
PARAMETRIC_REPRESENTATION_CONTEXT() REPRESENTATION_CONTEXT('2D SPACE',''
  ) );
#6136 = PCURVE('',#5999,#6137);
#6137 = DEFINITIONAL_REPRESENTATION('',(#6138),#6142);
#6138 = LINE('',#6139,#6140);
#6139 = CARTESIAN_POINT('',(0.246170171218,0.46578967201));
#6140 = VECTOR('',#6141,1.);
#6141 = DIRECTION('',(1.,0.));
#6142 = ( GEOMETRIC_REPRESENTATION_CONTEXT(2) 
PARAMETRIC_REPRESENTATION_CONTEXT() REPRESENTATION_CONTEXT('2D SPACE',''
  ) );
#6143 = ORIENTED_EDGE('',*,*,#3314,.T.);
#6144 = ORIENTED_EDGE('',*,*,#6145,.T.);
#6145 = EDGE_CURVE('',#3287,#6146,#6148,.T.);
#6146 = VERTEX_POINT('',#6147);
#6147 = CARTESIAN_POINT('',(-1.95,-0.84,1.025));
#6148 = SURFACE_CURVE('',#6149,(#6153,#6160),.PCURVE_S1.);
#6149 = LINE('',#6150,#6151);
#6150 = CARTESIAN_POINT('',(-1.95,-0.84,0.778829828783));
#6151 = VECTOR('',#6152,1.);
#6152 = DIRECTION('',(0.,0.,1.));
#6153 = PCURVE('',#3330,#6154);
#6154 = DEFINITIONAL_REPRESENTATION('',(#6155),#6159);
#6155 = LINE('',#6156,#6157);
#6156 = CARTESIAN_POINT('',(1.435,-0.246170171217));
#6157 = VECTOR('',#6158,1.);
#6158 = DIRECTION('',(0.,1.));
#6159 = ( GEOMETRIC_REPRESENTATION_CONTEXT(2) 
PARAMETRIC_REPRESENTATION_CONTEXT() REPRESENTATION_CONTEXT('2D SPACE',''
  ) );
#6160 = PCURVE('',#6161,#6166);
#6161 = PLANE('',#6162);
#6162 = AXIS2_PLACEMENT_3D('',#6163,#6164,#6165);
#6163 = CARTESIAN_POINT('',(-2.41578967201,-0.84,0.532659657565));
#6164 = DIRECTION('',(-9.95799250103E-17,1.,0.));
#6165 = DIRECTION('',(0.,0.,1.));
#6166 = DEFINITIONAL_REPRESENTATION('',(#6167),#6171);
#6167 = LINE('',#6168,#6169);
#6168 = CARTESIAN_POINT('',(0.246170171218,0.46578967201));
#6169 = VECTOR('',#6170,1.);
#6170 = DIRECTION('',(1.,0.));
#6171 = ( GEOMETRIC_REPRESENTATION_CONTEXT(2) 
PARAMETRIC_REPRESENTATION_CONTEXT() REPRESENTATION_CONTEXT('2D SPACE',''
  ) );
#6172 = ORIENTED_EDGE('',*,*,#6173,.F.);
#6173 = EDGE_CURVE('',#6122,#6146,#6174,.T.);
#6174 = SURFACE_CURVE('',#6175,(#6179,#6186),.PCURVE_S1.);
#6175 = LINE('',#6176,#6177);
#6176 = CARTESIAN_POINT('',(-1.95,-2.275,1.025));
#6177 = VECTOR('',#6178,1.);
#6178 = DIRECTION('',(-2.22044604925E-16,1.,0.));
#6179 = PCURVE('',#3330,#6180);
#6180 = DEFINITIONAL_REPRESENTATION('',(#6181),#6185);
#6181 = LINE('',#6182,#6183);
#6182 = CARTESIAN_POINT('',(0.,0.));
#6183 = VECTOR('',#6184,1.);
#6184 = DIRECTION('',(1.,0.));
#6185 = ( GEOMETRIC_REPRESENTATION_CONTEXT(2) 
PARAMETRIC_REPRESENTATION_CONTEXT() REPRESENTATION_CONTEXT('2D SPACE',''
  ) );
#6186 = PCURVE('',#6187,#6192);
#6187 = B_SPLINE_SURFACE_WITH_KNOTS('',1,1,(
    (#6188,#6189)
    ,(#6190,#6191
    )),.UNSPECIFIED.,.F.,.F.,.F.,(2,2),(2,2),(0.,4.55),(0.,1.),
  .PIECEWISE_BEZIER_KNOTS.);
#6188 = CARTESIAN_POINT('',(-1.95,-2.275,1.025));
#6189 = CARTESIAN_POINT('',(-1.875,-2.2375,1.025));
#6190 = CARTESIAN_POINT('',(-1.95,2.275,1.025));
#6191 = CARTESIAN_POINT('',(-1.875,2.2375,1.025));
#6192 = DEFINITIONAL_REPRESENTATION('',(#6193),#6197);
#6193 = LINE('',#6194,#6195);
#6194 = CARTESIAN_POINT('',(-1.110223024625E-16,1.787388845424E-15));
#6195 = VECTOR('',#6196,1.);
#6196 = DIRECTION('',(1.,-3.108502339868E-15));
#6197 = ( GEOMETRIC_REPRESENTATION_CONTEXT(2) 
PARAMETRIC_REPRESENTATION_CONTEXT() REPRESENTATION_CONTEXT('2D SPACE',''
  ) );
#6198 = ADVANCED_FACE('',(#6199),#3218,.F.);
#6199 = FACE_BOUND('',#6200,.F.);
#6200 = EDGE_LOOP('',(#6201,#6229,#6230,#6253));
#6201 = ORIENTED_EDGE('',*,*,#6202,.F.);
#6202 = EDGE_CURVE('',#3203,#6203,#6205,.T.);
#6203 = VERTEX_POINT('',#6204);
#6204 = CARTESIAN_POINT('',(-1.95,0.84,1.025));
#6205 = SURFACE_CURVE('',#6206,(#6210,#6217),.PCURVE_S1.);
#6206 = LINE('',#6207,#6208);
#6207 = CARTESIAN_POINT('',(-1.95,0.84,0.778829828783));
#6208 = VECTOR('',#6209,1.);
#6209 = DIRECTION('',(0.,0.,1.));
#6210 = PCURVE('',#3218,#6211);
#6211 = DEFINITIONAL_REPRESENTATION('',(#6212),#6216);
#6212 = LINE('',#6213,#6214);
#6213 = CARTESIAN_POINT('',(3.115,-0.246170171217));
#6214 = VECTOR('',#6215,1.);
#6215 = DIRECTION('',(0.,1.));
#6216 = ( GEOMETRIC_REPRESENTATION_CONTEXT(2) 
PARAMETRIC_REPRESENTATION_CONTEXT() REPRESENTATION_CONTEXT('2D SPACE',''
  ) );
#6217 = PCURVE('',#6218,#6223);
#6218 = PLANE('',#6219);
#6219 = AXIS2_PLACEMENT_3D('',#6220,#6221,#6222);
#6220 = CARTESIAN_POINT('',(-2.41578967201,0.84,0.532659657565));
#6221 = DIRECTION('',(-9.95799250103E-17,1.,0.));
#6222 = DIRECTION('',(0.,0.,1.));
#6223 = DEFINITIONAL_REPRESENTATION('',(#6224),#6228);
#6224 = LINE('',#6225,#6226);
#6225 = CARTESIAN_POINT('',(0.246170171218,0.46578967201));
#6226 = VECTOR('',#6227,1.);
#6227 = DIRECTION('',(1.,0.));
#6228 = ( GEOMETRIC_REPRESENTATION_CONTEXT(2) 
PARAMETRIC_REPRESENTATION_CONTEXT() REPRESENTATION_CONTEXT('2D SPACE',''
  ) );
#6229 = ORIENTED_EDGE('',*,*,#3202,.T.);
#6230 = ORIENTED_EDGE('',*,*,#6231,.T.);
#6231 = EDGE_CURVE('',#3175,#6232,#6234,.T.);
#6232 = VERTEX_POINT('',#6233);
#6233 = CARTESIAN_POINT('',(-1.95,1.7,1.025));
#6234 = SURFACE_CURVE('',#6235,(#6239,#6246),.PCURVE_S1.);
#6235 = LINE('',#6236,#6237);
#6236 = CARTESIAN_POINT('',(-1.95,1.7,0.778829828783));
#6237 = VECTOR('',#6238,1.);
#6238 = DIRECTION('',(0.,0.,1.));
#6239 = PCURVE('',#3218,#6240);
#6240 = DEFINITIONAL_REPRESENTATION('',(#6241),#6245);
#6241 = LINE('',#6242,#6243);
#6242 = CARTESIAN_POINT('',(3.975,-0.246170171217));
#6243 = VECTOR('',#6244,1.);
#6244 = DIRECTION('',(0.,1.));
#6245 = ( GEOMETRIC_REPRESENTATION_CONTEXT(2) 
PARAMETRIC_REPRESENTATION_CONTEXT() REPRESENTATION_CONTEXT('2D SPACE',''
  ) );
#6246 = PCURVE('',#6056,#6247);
#6247 = DEFINITIONAL_REPRESENTATION('',(#6248),#6252);
#6248 = LINE('',#6249,#6250);
#6249 = CARTESIAN_POINT('',(0.246170171218,0.46578967201));
#6250 = VECTOR('',#6251,1.);
#6251 = DIRECTION('',(1.,0.));
#6252 = ( GEOMETRIC_REPRESENTATION_CONTEXT(2) 
PARAMETRIC_REPRESENTATION_CONTEXT() REPRESENTATION_CONTEXT('2D SPACE',''
  ) );
#6253 = ORIENTED_EDGE('',*,*,#6254,.F.);
#6254 = EDGE_CURVE('',#6203,#6232,#6255,.T.);
#6255 = SURFACE_CURVE('',#6256,(#6260,#6267),.PCURVE_S1.);
#6256 = LINE('',#6257,#6258);
#6257 = CARTESIAN_POINT('',(-1.95,-2.275,1.025));
#6258 = VECTOR('',#6259,1.);
#6259 = DIRECTION('',(-2.22044604925E-16,1.,0.));
#6260 = PCURVE('',#3218,#6261);
#6261 = DEFINITIONAL_REPRESENTATION('',(#6262),#6266);
#6262 = LINE('',#6263,#6264);
#6263 = CARTESIAN_POINT('',(0.,0.));
#6264 = VECTOR('',#6265,1.);
#6265 = DIRECTION('',(1.,0.));
#6266 = ( GEOMETRIC_REPRESENTATION_CONTEXT(2) 
PARAMETRIC_REPRESENTATION_CONTEXT() REPRESENTATION_CONTEXT('2D SPACE',''
  ) );
#6267 = PCURVE('',#6268,#6273);
#6268 = B_SPLINE_SURFACE_WITH_KNOTS('',1,1,(
    (#6269,#6270)
    ,(#6271,#6272
    )),.UNSPECIFIED.,.F.,.F.,.F.,(2,2),(2,2),(0.,4.55),(0.,1.),
  .PIECEWISE_BEZIER_KNOTS.);
#6269 = CARTESIAN_POINT('',(-1.95,-2.275,1.025));
#6270 = CARTESIAN_POINT('',(-1.875,-2.2375,1.025));
#6271 = CARTESIAN_POINT('',(-1.95,2.275,1.025));
#6272 = CARTESIAN_POINT('',(-1.875,2.2375,1.025));
#6273 = DEFINITIONAL_REPRESENTATION('',(#6274),#6278);
#6274 = LINE('',#6275,#6276);
#6275 = CARTESIAN_POINT('',(4.440892098501E-16,-1.533621668044E-15));
#6276 = VECTOR('',#6277,1.);
#6277 = DIRECTION('',(1.,-2.266549457903E-15));
#6278 = ( GEOMETRIC_REPRESENTATION_CONTEXT(2) 
PARAMETRIC_REPRESENTATION_CONTEXT() REPRESENTATION_CONTEXT('2D SPACE',''
  ) );
#6279 = ADVANCED_FACE('',(#6280),#3302,.F.);
#6280 = FACE_BOUND('',#6281,.F.);
#6281 = EDGE_LOOP('',(#6282,#6305,#6306,#6334));
#6282 = ORIENTED_EDGE('',*,*,#6283,.F.);
#6283 = EDGE_CURVE('',#3287,#6284,#6286,.T.);
#6284 = VERTEX_POINT('',#6285);
#6285 = CARTESIAN_POINT('',(-2.25,-0.84,0.825));
#6286 = SURFACE_CURVE('',#6287,(#6291,#6298),.PCURVE_S1.);
#6287 = LINE('',#6288,#6289);
#6288 = CARTESIAN_POINT('',(-1.8,-0.84,0.825));
#6289 = VECTOR('',#6290,1.);
#6290 = DIRECTION('',(-1.,-9.95799250103E-17,0.));
#6291 = PCURVE('',#3302,#6292);
#6292 = DEFINITIONAL_REPRESENTATION('',(#6293),#6297);
#6293 = LINE('',#6294,#6295);
#6294 = CARTESIAN_POINT('',(0.,0.));
#6295 = VECTOR('',#6296,1.);
#6296 = DIRECTION('',(1.,0.));
#6297 = ( GEOMETRIC_REPRESENTATION_CONTEXT(2) 
PARAMETRIC_REPRESENTATION_CONTEXT() REPRESENTATION_CONTEXT('2D SPACE',''
  ) );
#6298 = PCURVE('',#6161,#6299);
#6299 = DEFINITIONAL_REPRESENTATION('',(#6300),#6304);
#6300 = LINE('',#6301,#6302);
#6301 = CARTESIAN_POINT('',(0.292340342435,0.61578967201));
#6302 = VECTOR('',#6303,1.);
#6303 = DIRECTION('',(0.,-1.));
#6304 = ( GEOMETRIC_REPRESENTATION_CONTEXT(2) 
PARAMETRIC_REPRESENTATION_CONTEXT() REPRESENTATION_CONTEXT('2D SPACE',''
  ) );
#6305 = ORIENTED_EDGE('',*,*,#3286,.T.);
#6306 = ORIENTED_EDGE('',*,*,#6307,.T.);
#6307 = EDGE_CURVE('',#3259,#6308,#6310,.T.);
#6308 = VERTEX_POINT('',#6309);
#6309 = CARTESIAN_POINT('',(-2.25,-0.43,0.825));
#6310 = SURFACE_CURVE('',#6311,(#6315,#6322),.PCURVE_S1.);
#6311 = LINE('',#6312,#6313);
#6312 = CARTESIAN_POINT('',(-1.8,-0.43,0.825));
#6313 = VECTOR('',#6314,1.);
#6314 = DIRECTION('',(-1.,-9.95799250103E-17,0.));
#6315 = PCURVE('',#3302,#6316);
#6316 = DEFINITIONAL_REPRESENTATION('',(#6317),#6321);
#6317 = LINE('',#6318,#6319);
#6318 = CARTESIAN_POINT('',(-4.082776925422E-17,-0.41));
#6319 = VECTOR('',#6320,1.);
#6320 = DIRECTION('',(1.,0.));
#6321 = ( GEOMETRIC_REPRESENTATION_CONTEXT(2) 
PARAMETRIC_REPRESENTATION_CONTEXT() REPRESENTATION_CONTEXT('2D SPACE',''
  ) );
#6322 = PCURVE('',#6323,#6328);
#6323 = PLANE('',#6324);
#6324 = AXIS2_PLACEMENT_3D('',#6325,#6326,#6327);
#6325 = CARTESIAN_POINT('',(-2.41578967201,-0.43,0.532659657565));
#6326 = DIRECTION('',(-9.95799250103E-17,1.,0.));
#6327 = DIRECTION('',(0.,0.,1.));
#6328 = DEFINITIONAL_REPRESENTATION('',(#6329),#6333);
#6329 = LINE('',#6330,#6331);
#6330 = CARTESIAN_POINT('',(0.292340342435,0.61578967201));
#6331 = VECTOR('',#6332,1.);
#6332 = DIRECTION('',(0.,-1.));
#6333 = ( GEOMETRIC_REPRESENTATION_CONTEXT(2) 
PARAMETRIC_REPRESENTATION_CONTEXT() REPRESENTATION_CONTEXT('2D SPACE',''
  ) );
#6334 = ORIENTED_EDGE('',*,*,#6335,.F.);
#6335 = EDGE_CURVE('',#6284,#6308,#6336,.T.);
#6336 = SURFACE_CURVE('',#6337,(#6341,#6348),.PCURVE_S1.);
#6337 = LINE('',#6338,#6339);
#6338 = CARTESIAN_POINT('',(-2.25,-0.84,0.825));
#6339 = VECTOR('',#6340,1.);
#6340 = DIRECTION('',(-9.95799250103E-17,1.,0.));
#6341 = PCURVE('',#3302,#6342);
#6342 = DEFINITIONAL_REPRESENTATION('',(#6343),#6347);
#6343 = LINE('',#6344,#6345);
#6344 = CARTESIAN_POINT('',(0.45,-4.481096625463E-17));
#6345 = VECTOR('',#6346,1.);
#6346 = DIRECTION('',(0.,-1.));
#6347 = ( GEOMETRIC_REPRESENTATION_CONTEXT(2) 
PARAMETRIC_REPRESENTATION_CONTEXT() REPRESENTATION_CONTEXT('2D SPACE',''
  ) );
#6348 = PCURVE('',#6349,#6354);
#6349 = CYLINDRICAL_SURFACE('',#6350,0.1);
#6350 = AXIS2_PLACEMENT_3D('',#6351,#6352,#6353);
#6351 = CARTESIAN_POINT('',(-2.25,-0.84,0.725));
#6352 = DIRECTION('',(9.95799250103E-17,-1.,0.));
#6353 = DIRECTION('',(-4.440892098501E-15,-4.422237021476E-31,1.));
#6354 = DEFINITIONAL_REPRESENTATION('',(#6355),#6359);
#6355 = LINE('',#6356,#6357);
#6356 = CARTESIAN_POINT('',(-4.440892098501E-15,0.));
#6357 = VECTOR('',#6358,1.);
#6358 = DIRECTION('',(0.,-1.));
#6359 = ( GEOMETRIC_REPRESENTATION_CONTEXT(2) 
PARAMETRIC_REPRESENTATION_CONTEXT() REPRESENTATION_CONTEXT('2D SPACE',''
  ) );
#6360 = ADVANCED_FACE('',(#6361),#3246,.F.);
#6361 = FACE_BOUND('',#6362,.F.);
#6362 = EDGE_LOOP('',(#6363,#6391,#6392,#6415));
#6363 = ORIENTED_EDGE('',*,*,#6364,.F.);
#6364 = EDGE_CURVE('',#3231,#6365,#6367,.T.);
#6365 = VERTEX_POINT('',#6366);
#6366 = CARTESIAN_POINT('',(-2.25,0.43,0.825));
#6367 = SURFACE_CURVE('',#6368,(#6372,#6379),.PCURVE_S1.);
#6368 = LINE('',#6369,#6370);
#6369 = CARTESIAN_POINT('',(-1.8,0.43,0.825));
#6370 = VECTOR('',#6371,1.);
#6371 = DIRECTION('',(-1.,-9.95799250103E-17,0.));
#6372 = PCURVE('',#3246,#6373);
#6373 = DEFINITIONAL_REPRESENTATION('',(#6374),#6378);
#6374 = LINE('',#6375,#6376);
#6375 = CARTESIAN_POINT('',(0.,0.));
#6376 = VECTOR('',#6377,1.);
#6377 = DIRECTION('',(1.,0.));
#6378 = ( GEOMETRIC_REPRESENTATION_CONTEXT(2) 
PARAMETRIC_REPRESENTATION_CONTEXT() REPRESENTATION_CONTEXT('2D SPACE',''
  ) );
#6379 = PCURVE('',#6380,#6385);
#6380 = PLANE('',#6381);
#6381 = AXIS2_PLACEMENT_3D('',#6382,#6383,#6384);
#6382 = CARTESIAN_POINT('',(-2.41578967201,0.43,0.532659657565));
#6383 = DIRECTION('',(-9.95799250103E-17,1.,0.));
#6384 = DIRECTION('',(0.,0.,1.));
#6385 = DEFINITIONAL_REPRESENTATION('',(#6386),#6390);
#6386 = LINE('',#6387,#6388);
#6387 = CARTESIAN_POINT('',(0.292340342435,0.61578967201));
#6388 = VECTOR('',#6389,1.);
#6389 = DIRECTION('',(0.,-1.));
#6390 = ( GEOMETRIC_REPRESENTATION_CONTEXT(2) 
PARAMETRIC_REPRESENTATION_CONTEXT() REPRESENTATION_CONTEXT('2D SPACE',''
  ) );
#6391 = ORIENTED_EDGE('',*,*,#3230,.T.);
#6392 = ORIENTED_EDGE('',*,*,#6393,.T.);
#6393 = EDGE_CURVE('',#3203,#6394,#6396,.T.);
#6394 = VERTEX_POINT('',#6395);
#6395 = CARTESIAN_POINT('',(-2.25,0.84,0.825));
#6396 = SURFACE_CURVE('',#6397,(#6401,#6408),.PCURVE_S1.);
#6397 = LINE('',#6398,#6399);
#6398 = CARTESIAN_POINT('',(-1.8,0.84,0.825));
#6399 = VECTOR('',#6400,1.);
#6400 = DIRECTION('',(-1.,-9.95799250103E-17,0.));
#6401 = PCURVE('',#3246,#6402);
#6402 = DEFINITIONAL_REPRESENTATION('',(#6403),#6407);
#6403 = LINE('',#6404,#6405);
#6404 = CARTESIAN_POINT('',(-4.082776925422E-17,-0.41));
#6405 = VECTOR('',#6406,1.);
#6406 = DIRECTION('',(1.,0.));
#6407 = ( GEOMETRIC_REPRESENTATION_CONTEXT(2) 
PARAMETRIC_REPRESENTATION_CONTEXT() REPRESENTATION_CONTEXT('2D SPACE',''
  ) );
#6408 = PCURVE('',#6218,#6409);
#6409 = DEFINITIONAL_REPRESENTATION('',(#6410),#6414);
#6410 = LINE('',#6411,#6412);
#6411 = CARTESIAN_POINT('',(0.292340342435,0.61578967201));
#6412 = VECTOR('',#6413,1.);
#6413 = DIRECTION('',(0.,-1.));
#6414 = ( GEOMETRIC_REPRESENTATION_CONTEXT(2) 
PARAMETRIC_REPRESENTATION_CONTEXT() REPRESENTATION_CONTEXT('2D SPACE',''
  ) );
#6415 = ORIENTED_EDGE('',*,*,#6416,.F.);
#6416 = EDGE_CURVE('',#6365,#6394,#6417,.T.);
#6417 = SURFACE_CURVE('',#6418,(#6422,#6429),.PCURVE_S1.);
#6418 = LINE('',#6419,#6420);
#6419 = CARTESIAN_POINT('',(-2.25,0.43,0.825));
#6420 = VECTOR('',#6421,1.);
#6421 = DIRECTION('',(-9.95799250103E-17,1.,0.));
#6422 = PCURVE('',#3246,#6423);
#6423 = DEFINITIONAL_REPRESENTATION('',(#6424),#6428);
#6424 = LINE('',#6425,#6426);
#6425 = CARTESIAN_POINT('',(0.45,-4.481096625463E-17));
#6426 = VECTOR('',#6427,1.);
#6427 = DIRECTION('',(0.,-1.));
#6428 = ( GEOMETRIC_REPRESENTATION_CONTEXT(2) 
PARAMETRIC_REPRESENTATION_CONTEXT() REPRESENTATION_CONTEXT('2D SPACE',''
  ) );
#6429 = PCURVE('',#6430,#6435);
#6430 = CYLINDRICAL_SURFACE('',#6431,0.1);
#6431 = AXIS2_PLACEMENT_3D('',#6432,#6433,#6434);
#6432 = CARTESIAN_POINT('',(-2.25,0.43,0.725));
#6433 = DIRECTION('',(9.95799250103E-17,-1.,0.));
#6434 = DIRECTION('',(-4.440892098501E-15,-4.422237021476E-31,1.));
#6435 = DEFINITIONAL_REPRESENTATION('',(#6436),#6440);
#6436 = LINE('',#6437,#6438);
#6437 = CARTESIAN_POINT('',(-4.440892098501E-15,0.));
#6438 = VECTOR('',#6439,1.);
#6439 = DIRECTION('',(0.,-1.));
#6440 = ( GEOMETRIC_REPRESENTATION_CONTEXT(2) 
PARAMETRIC_REPRESENTATION_CONTEXT() REPRESENTATION_CONTEXT('2D SPACE',''
  ) );
#6441 = ADVANCED_FACE('',(#6442),#3274,.F.);
#6442 = FACE_BOUND('',#6443,.F.);
#6443 = EDGE_LOOP('',(#6444,#6467,#6468,#6491));
#6444 = ORIENTED_EDGE('',*,*,#6445,.F.);
#6445 = EDGE_CURVE('',#3259,#6446,#6448,.T.);
#6446 = VERTEX_POINT('',#6447);
#6447 = CARTESIAN_POINT('',(-1.95,-0.43,1.025));
#6448 = SURFACE_CURVE('',#6449,(#6453,#6460),.PCURVE_S1.);
#6449 = LINE('',#6450,#6451);
#6450 = CARTESIAN_POINT('',(-1.95,-0.43,0.778829828783));
#6451 = VECTOR('',#6452,1.);
#6452 = DIRECTION('',(0.,0.,1.));
#6453 = PCURVE('',#3274,#6454);
#6454 = DEFINITIONAL_REPRESENTATION('',(#6455),#6459);
#6455 = LINE('',#6456,#6457);
#6456 = CARTESIAN_POINT('',(1.845,-0.246170171217));
#6457 = VECTOR('',#6458,1.);
#6458 = DIRECTION('',(0.,1.));
#6459 = ( GEOMETRIC_REPRESENTATION_CONTEXT(2) 
PARAMETRIC_REPRESENTATION_CONTEXT() REPRESENTATION_CONTEXT('2D SPACE',''
  ) );
#6460 = PCURVE('',#6323,#6461);
#6461 = DEFINITIONAL_REPRESENTATION('',(#6462),#6466);
#6462 = LINE('',#6463,#6464);
#6463 = CARTESIAN_POINT('',(0.246170171218,0.46578967201));
#6464 = VECTOR('',#6465,1.);
#6465 = DIRECTION('',(1.,0.));
#6466 = ( GEOMETRIC_REPRESENTATION_CONTEXT(2) 
PARAMETRIC_REPRESENTATION_CONTEXT() REPRESENTATION_CONTEXT('2D SPACE',''
  ) );
#6467 = ORIENTED_EDGE('',*,*,#3258,.T.);
#6468 = ORIENTED_EDGE('',*,*,#6469,.T.);
#6469 = EDGE_CURVE('',#3231,#6470,#6472,.T.);
#6470 = VERTEX_POINT('',#6471);
#6471 = CARTESIAN_POINT('',(-1.95,0.43,1.025));
#6472 = SURFACE_CURVE('',#6473,(#6477,#6484),.PCURVE_S1.);
#6473 = LINE('',#6474,#6475);
#6474 = CARTESIAN_POINT('',(-1.95,0.43,0.778829828783));
#6475 = VECTOR('',#6476,1.);
#6476 = DIRECTION('',(0.,0.,1.));
#6477 = PCURVE('',#3274,#6478);
#6478 = DEFINITIONAL_REPRESENTATION('',(#6479),#6483);
#6479 = LINE('',#6480,#6481);
#6480 = CARTESIAN_POINT('',(2.705,-0.246170171217));
#6481 = VECTOR('',#6482,1.);
#6482 = DIRECTION('',(0.,1.));
#6483 = ( GEOMETRIC_REPRESENTATION_CONTEXT(2) 
PARAMETRIC_REPRESENTATION_CONTEXT() REPRESENTATION_CONTEXT('2D SPACE',''
  ) );
#6484 = PCURVE('',#6380,#6485);
#6485 = DEFINITIONAL_REPRESENTATION('',(#6486),#6490);
#6486 = LINE('',#6487,#6488);
#6487 = CARTESIAN_POINT('',(0.246170171218,0.46578967201));
#6488 = VECTOR('',#6489,1.);
#6489 = DIRECTION('',(1.,0.));
#6490 = ( GEOMETRIC_REPRESENTATION_CONTEXT(2) 
PARAMETRIC_REPRESENTATION_CONTEXT() REPRESENTATION_CONTEXT('2D SPACE',''
  ) );
#6491 = ORIENTED_EDGE('',*,*,#6492,.F.);
#6492 = EDGE_CURVE('',#6446,#6470,#6493,.T.);
#6493 = SURFACE_CURVE('',#6494,(#6498,#6505),.PCURVE_S1.);
#6494 = LINE('',#6495,#6496);
#6495 = CARTESIAN_POINT('',(-1.95,-2.275,1.025));
#6496 = VECTOR('',#6497,1.);
#6497 = DIRECTION('',(-2.22044604925E-16,1.,0.));
#6498 = PCURVE('',#3274,#6499);
#6499 = DEFINITIONAL_REPRESENTATION('',(#6500),#6504);
#6500 = LINE('',#6501,#6502);
#6501 = CARTESIAN_POINT('',(0.,0.));
#6502 = VECTOR('',#6503,1.);
#6503 = DIRECTION('',(1.,0.));
#6504 = ( GEOMETRIC_REPRESENTATION_CONTEXT(2) 
PARAMETRIC_REPRESENTATION_CONTEXT() REPRESENTATION_CONTEXT('2D SPACE',''
  ) );
#6505 = PCURVE('',#6506,#6511);
#6506 = B_SPLINE_SURFACE_WITH_KNOTS('',1,1,(
    (#6507,#6508)
    ,(#6509,#6510
    )),.UNSPECIFIED.,.F.,.F.,.F.,(2,2),(2,2),(0.,4.55),(0.,1.),
  .PIECEWISE_BEZIER_KNOTS.);
#6507 = CARTESIAN_POINT('',(-1.95,-2.275,1.025));
#6508 = CARTESIAN_POINT('',(-1.875,-2.2375,1.025));
#6509 = CARTESIAN_POINT('',(-1.95,2.275,1.025));
#6510 = CARTESIAN_POINT('',(-1.875,2.2375,1.025));
#6511 = DEFINITIONAL_REPRESENTATION('',(#6512),#6516);
#6512 = LINE('',#6513,#6514);
#6513 = CARTESIAN_POINT('',(4.440892098501E-16,4.614467133797E-16));
#6514 = VECTOR('',#6515,1.);
#6515 = DIRECTION('',(1.,-3.4432243677E-15));
#6516 = ( GEOMETRIC_REPRESENTATION_CONTEXT(2) 
PARAMETRIC_REPRESENTATION_CONTEXT() REPRESENTATION_CONTEXT('2D SPACE',''
  ) );
#6517 = ADVANCED_FACE('',(#6518),#3416,.F.);
#6518 = FACE_BOUND('',#6519,.F.);
#6519 = EDGE_LOOP('',(#6520,#6521,#6522,#6548));
#6520 = ORIENTED_EDGE('',*,*,#3402,.T.);
#6521 = ORIENTED_EDGE('',*,*,#5127,.T.);
#6522 = ORIENTED_EDGE('',*,*,#6523,.F.);
#6523 = EDGE_CURVE('',#5911,#5105,#6524,.T.);
#6524 = SURFACE_CURVE('',#6525,(#6529,#6536),.PCURVE_S1.);
#6525 = LINE('',#6526,#6527);
#6526 = CARTESIAN_POINT('',(-1.95,2.275,1.025));
#6527 = VECTOR('',#6528,1.);
#6528 = DIRECTION('',(0.707106781187,0.707106781187,0.));
#6529 = PCURVE('',#3416,#6530);
#6530 = DEFINITIONAL_REPRESENTATION('',(#6531),#6535);
#6531 = LINE('',#6532,#6533);
#6532 = CARTESIAN_POINT('',(0.,0.));
#6533 = VECTOR('',#6534,1.);
#6534 = DIRECTION('',(1.,0.));
#6535 = ( GEOMETRIC_REPRESENTATION_CONTEXT(2) 
PARAMETRIC_REPRESENTATION_CONTEXT() REPRESENTATION_CONTEXT('2D SPACE',''
  ) );
#6536 = PCURVE('',#6537,#6542);
#6537 = B_SPLINE_SURFACE_WITH_KNOTS('',1,1,(
    (#6538,#6539)
    ,(#6540,#6541
    )),.UNSPECIFIED.,.F.,.F.,.F.,(2,2),(2,2),(0.,0.247487373415),(0.,1.)
  ,.PIECEWISE_BEZIER_KNOTS.);
#6538 = CARTESIAN_POINT('',(-1.95,2.275,1.025));
#6539 = CARTESIAN_POINT('',(-1.875,2.2375,1.025));
#6540 = CARTESIAN_POINT('',(-1.775,2.45,1.025));
#6541 = CARTESIAN_POINT('',(-1.7375,2.375,1.025));
#6542 = DEFINITIONAL_REPRESENTATION('',(#6543),#6547);
#6543 = LINE('',#6544,#6545);
#6544 = CARTESIAN_POINT('',(2.508731586994E-16,-4.08400163074E-15));
#6545 = VECTOR('',#6546,1.);
#6546 = DIRECTION('',(1.,7.990563855149E-15));
#6547 = ( GEOMETRIC_REPRESENTATION_CONTEXT(2) 
PARAMETRIC_REPRESENTATION_CONTEXT() REPRESENTATION_CONTEXT('2D SPACE',''
  ) );
#6548 = ORIENTED_EDGE('',*,*,#5910,.F.);
#6549 = ADVANCED_FACE('',(#6550),#3467,.F.);
#6550 = FACE_BOUND('',#6551,.F.);
#6551 = EDGE_LOOP('',(#6552,#6553,#6573,#6574));
#6552 = ORIENTED_EDGE('',*,*,#3453,.T.);
#6553 = ORIENTED_EDGE('',*,*,#6554,.T.);
#6554 = EDGE_CURVE('',#3434,#5391,#6555,.T.);
#6555 = SURFACE_CURVE('',#6556,(#6559,#6566),.PCURVE_S1.);
#6556 = B_SPLINE_CURVE_WITH_KNOTS('',1,(#6557,#6558),.UNSPECIFIED.,.F.,
  .F.,(2,2),(0.,1.),.PIECEWISE_BEZIER_KNOTS.);
#6557 = CARTESIAN_POINT('',(1.775,-2.45,1.025));
#6558 = CARTESIAN_POINT('',(1.7375,-2.375,1.025));
#6559 = PCURVE('',#3467,#6560);
#6560 = DEFINITIONAL_REPRESENTATION('',(#6561),#6565);
#6561 = LINE('',#6562,#6563);
#6562 = CARTESIAN_POINT('',(0.247487373415,-2.698608107353E-15));
#6563 = VECTOR('',#6564,1.);
#6564 = DIRECTION('',(-8.326672684689E-17,1.));
#6565 = ( GEOMETRIC_REPRESENTATION_CONTEXT(2) 
PARAMETRIC_REPRESENTATION_CONTEXT() REPRESENTATION_CONTEXT('2D SPACE',''
  ) );
#6566 = PCURVE('',#5755,#6567);
#6567 = DEFINITIONAL_REPRESENTATION('',(#6568),#6572);
#6568 = LINE('',#6569,#6570);
#6569 = CARTESIAN_POINT('',(3.586217722922E-17,1.041987532702E-15));
#6570 = VECTOR('',#6571,1.);
#6571 = DIRECTION('',(-3.631979016863E-16,1.));
#6572 = ( GEOMETRIC_REPRESENTATION_CONTEXT(2) 
PARAMETRIC_REPRESENTATION_CONTEXT() REPRESENTATION_CONTEXT('2D SPACE',''
  ) );
#6573 = ORIENTED_EDGE('',*,*,#5390,.F.);
#6574 = ORIENTED_EDGE('',*,*,#3812,.F.);
#6575 = ADVANCED_FACE('',(#6576),#3732,.T.);
#6576 = FACE_BOUND('',#6577,.T.);
#6577 = EDGE_LOOP('',(#6578,#6579,#6580,#6581));
#6578 = ORIENTED_EDGE('',*,*,#4033,.T.);
#6579 = ORIENTED_EDGE('',*,*,#5467,.T.);
#6580 = ORIENTED_EDGE('',*,*,#3715,.F.);
#6581 = ORIENTED_EDGE('',*,*,#6582,.F.);
#6582 = EDGE_CURVE('',#4011,#3688,#6583,.T.);
#6583 = SURFACE_CURVE('',#6584,(#6588,#6595),.PCURVE_S1.);
#6584 = LINE('',#6585,#6586);
#6585 = CARTESIAN_POINT('',(2.55,-1.7,0.725));
#6586 = VECTOR('',#6587,1.);
#6587 = DIRECTION('',(2.22044604925E-16,-1.,0.));
#6588 = PCURVE('',#3732,#6589);
#6589 = DEFINITIONAL_REPRESENTATION('',(#6590),#6594);
#6590 = LINE('',#6591,#6592);
#6591 = CARTESIAN_POINT('',(6.28318530718,-2.22044604925E-16));
#6592 = VECTOR('',#6593,1.);
#6593 = DIRECTION('',(0.,-1.));
#6594 = ( GEOMETRIC_REPRESENTATION_CONTEXT(2) 
PARAMETRIC_REPRESENTATION_CONTEXT() REPRESENTATION_CONTEXT('2D SPACE',''
  ) );
#6595 = PCURVE('',#3703,#6596);
#6596 = DEFINITIONAL_REPRESENTATION('',(#6597),#6601);
#6597 = LINE('',#6598,#6599);
#6598 = CARTESIAN_POINT('',(0.425,0.));
#6599 = VECTOR('',#6600,1.);
#6600 = DIRECTION('',(0.,-1.));
#6601 = ( GEOMETRIC_REPRESENTATION_CONTEXT(2) 
PARAMETRIC_REPRESENTATION_CONTEXT() REPRESENTATION_CONTEXT('2D SPACE',''
  ) );
#6602 = ADVANCED_FACE('',(#6603),#3703,.F.);
#6603 = FACE_BOUND('',#6604,.F.);
#6604 = EDGE_LOOP('',(#6605,#6626,#6627,#6628));
#6605 = ORIENTED_EDGE('',*,*,#6606,.T.);
#6606 = EDGE_CURVE('',#3983,#3655,#6607,.T.);
#6607 = SURFACE_CURVE('',#6608,(#6612,#6619),.PCURVE_S1.);
#6608 = LINE('',#6609,#6610);
#6609 = CARTESIAN_POINT('',(2.55,-1.7,0.3));
#6610 = VECTOR('',#6611,1.);
#6611 = DIRECTION('',(2.22044604925E-16,-1.,0.));
#6612 = PCURVE('',#3703,#6613);
#6613 = DEFINITIONAL_REPRESENTATION('',(#6614),#6618);
#6614 = LINE('',#6615,#6616);
#6615 = CARTESIAN_POINT('',(0.,0.));
#6616 = VECTOR('',#6617,1.);
#6617 = DIRECTION('',(0.,-1.));
#6618 = ( GEOMETRIC_REPRESENTATION_CONTEXT(2) 
PARAMETRIC_REPRESENTATION_CONTEXT() REPRESENTATION_CONTEXT('2D SPACE',''
  ) );
#6619 = PCURVE('',#3675,#6620);
#6620 = DEFINITIONAL_REPRESENTATION('',(#6621),#6625);
#6621 = LINE('',#6622,#6623);
#6622 = CARTESIAN_POINT('',(1.570796326795,0.));
#6623 = VECTOR('',#6624,1.);
#6624 = DIRECTION('',(0.,-1.));
#6625 = ( GEOMETRIC_REPRESENTATION_CONTEXT(2) 
PARAMETRIC_REPRESENTATION_CONTEXT() REPRESENTATION_CONTEXT('2D SPACE',''
  ) );
#6626 = ORIENTED_EDGE('',*,*,#3687,.T.);
#6627 = ORIENTED_EDGE('',*,*,#6582,.F.);
#6628 = ORIENTED_EDGE('',*,*,#4010,.F.);
#6629 = ADVANCED_FACE('',(#6630),#3675,.F.);
#6630 = FACE_BOUND('',#6631,.F.);
#6631 = EDGE_LOOP('',(#6632,#6653,#6654,#6655));
#6632 = ORIENTED_EDGE('',*,*,#6633,.T.);
#6633 = EDGE_CURVE('',#3960,#3627,#6634,.T.);
#6634 = SURFACE_CURVE('',#6635,(#6639,#6646),.PCURVE_S1.);
#6635 = LINE('',#6636,#6637);
#6636 = CARTESIAN_POINT('',(2.65,-1.7,0.2));
#6637 = VECTOR('',#6638,1.);
#6638 = DIRECTION('',(2.22044604925E-16,-1.,0.));
#6639 = PCURVE('',#3675,#6640);
#6640 = DEFINITIONAL_REPRESENTATION('',(#6641),#6645);
#6641 = LINE('',#6642,#6643);
#6642 = CARTESIAN_POINT('',(0.,0.));
#6643 = VECTOR('',#6644,1.);
#6644 = DIRECTION('',(0.,-1.));
#6645 = ( GEOMETRIC_REPRESENTATION_CONTEXT(2) 
PARAMETRIC_REPRESENTATION_CONTEXT() REPRESENTATION_CONTEXT('2D SPACE',''
  ) );
#6646 = PCURVE('',#3642,#6647);
#6647 = DEFINITIONAL_REPRESENTATION('',(#6648),#6652);
#6648 = LINE('',#6649,#6650);
#6649 = CARTESIAN_POINT('',(0.35,7.771561172375E-17));
#6650 = VECTOR('',#6651,1.);
#6651 = DIRECTION('',(0.,-1.));
#6652 = ( GEOMETRIC_REPRESENTATION_CONTEXT(2) 
PARAMETRIC_REPRESENTATION_CONTEXT() REPRESENTATION_CONTEXT('2D SPACE',''
  ) );
#6653 = ORIENTED_EDGE('',*,*,#3654,.T.);
#6654 = ORIENTED_EDGE('',*,*,#6606,.F.);
#6655 = ORIENTED_EDGE('',*,*,#3982,.F.);
#6656 = ADVANCED_FACE('',(#6657),#3642,.F.);
#6657 = FACE_BOUND('',#6658,.F.);
#6658 = EDGE_LOOP('',(#6659,#6680,#6681,#6682));
#6659 = ORIENTED_EDGE('',*,*,#6660,.T.);
#6660 = EDGE_CURVE('',#3937,#3599,#6661,.T.);
#6661 = SURFACE_CURVE('',#6662,(#6666,#6673),.PCURVE_S1.);
#6662 = LINE('',#6663,#6664);
#6663 = CARTESIAN_POINT('',(3.,-1.7,0.2));
#6664 = VECTOR('',#6665,1.);
#6665 = DIRECTION('',(2.22044604925E-16,-1.,0.));
#6666 = PCURVE('',#3642,#6667);
#6667 = DEFINITIONAL_REPRESENTATION('',(#6668),#6672);
#6668 = LINE('',#6669,#6670);
#6669 = CARTESIAN_POINT('',(-0.,0.));
#6670 = VECTOR('',#6671,1.);
#6671 = DIRECTION('',(0.,-1.));
#6672 = ( GEOMETRIC_REPRESENTATION_CONTEXT(2) 
PARAMETRIC_REPRESENTATION_CONTEXT() REPRESENTATION_CONTEXT('2D SPACE',''
  ) );
#6673 = PCURVE('',#3614,#6674);
#6674 = DEFINITIONAL_REPRESENTATION('',(#6675),#6679);
#6675 = LINE('',#6676,#6677);
#6676 = CARTESIAN_POINT('',(0.2,0.));
#6677 = VECTOR('',#6678,1.);
#6678 = DIRECTION('',(0.,-1.));
#6679 = ( GEOMETRIC_REPRESENTATION_CONTEXT(2) 
PARAMETRIC_REPRESENTATION_CONTEXT() REPRESENTATION_CONTEXT('2D SPACE',''
  ) );
#6680 = ORIENTED_EDGE('',*,*,#3626,.T.);
#6681 = ORIENTED_EDGE('',*,*,#6633,.F.);
#6682 = ORIENTED_EDGE('',*,*,#3959,.F.);
#6683 = ADVANCED_FACE('',(#6684),#3614,.F.);
#6684 = FACE_BOUND('',#6685,.F.);
#6685 = EDGE_LOOP('',(#6686,#6707,#6708,#6709));
#6686 = ORIENTED_EDGE('',*,*,#6687,.T.);
#6687 = EDGE_CURVE('',#3914,#3571,#6688,.T.);
#6688 = SURFACE_CURVE('',#6689,(#6693,#6700),.PCURVE_S1.);
#6689 = LINE('',#6690,#6691);
#6690 = CARTESIAN_POINT('',(3.,-1.7,5.551115123126E-17));
#6691 = VECTOR('',#6692,1.);
#6692 = DIRECTION('',(2.22044604925E-16,-1.,0.));
#6693 = PCURVE('',#3614,#6694);
#6694 = DEFINITIONAL_REPRESENTATION('',(#6695),#6699);
#6695 = LINE('',#6696,#6697);
#6696 = CARTESIAN_POINT('',(0.,0.));
#6697 = VECTOR('',#6698,1.);
#6698 = DIRECTION('',(0.,-1.));
#6699 = ( GEOMETRIC_REPRESENTATION_CONTEXT(2) 
PARAMETRIC_REPRESENTATION_CONTEXT() REPRESENTATION_CONTEXT('2D SPACE',''
  ) );
#6700 = PCURVE('',#3586,#6701);
#6701 = DEFINITIONAL_REPRESENTATION('',(#6702),#6706);
#6702 = LINE('',#6703,#6704);
#6703 = CARTESIAN_POINT('',(0.35,-7.771561172375E-17));
#6704 = VECTOR('',#6705,1.);
#6705 = DIRECTION('',(0.,-1.));
#6706 = ( GEOMETRIC_REPRESENTATION_CONTEXT(2) 
PARAMETRIC_REPRESENTATION_CONTEXT() REPRESENTATION_CONTEXT('2D SPACE',''
  ) );
#6707 = ORIENTED_EDGE('',*,*,#3598,.T.);
#6708 = ORIENTED_EDGE('',*,*,#6660,.F.);
#6709 = ORIENTED_EDGE('',*,*,#3936,.F.);
#6710 = ADVANCED_FACE('',(#6711),#3586,.F.);
#6711 = FACE_BOUND('',#6712,.F.);
#6712 = EDGE_LOOP('',(#6713,#6734,#6735,#6736));
#6713 = ORIENTED_EDGE('',*,*,#6714,.T.);
#6714 = EDGE_CURVE('',#3890,#3542,#6715,.T.);
#6715 = SURFACE_CURVE('',#6716,(#6720,#6727),.PCURVE_S1.);
#6716 = LINE('',#6717,#6718);
#6717 = CARTESIAN_POINT('',(2.65,-1.7,5.551115123126E-17));
#6718 = VECTOR('',#6719,1.);
#6719 = DIRECTION('',(2.22044604925E-16,-1.,0.));
#6720 = PCURVE('',#3586,#6721);
#6721 = DEFINITIONAL_REPRESENTATION('',(#6722),#6726);
#6722 = LINE('',#6723,#6724);
#6723 = CARTESIAN_POINT('',(0.,0.));
#6724 = VECTOR('',#6725,1.);
#6725 = DIRECTION('',(0.,-1.));
#6726 = ( GEOMETRIC_REPRESENTATION_CONTEXT(2) 
PARAMETRIC_REPRESENTATION_CONTEXT() REPRESENTATION_CONTEXT('2D SPACE',''
  ) );
#6727 = PCURVE('',#3558,#6728);
#6728 = DEFINITIONAL_REPRESENTATION('',(#6729),#6733);
#6729 = LINE('',#6730,#6731);
#6730 = CARTESIAN_POINT('',(4.712388980385,0.));
#6731 = VECTOR('',#6732,1.);
#6732 = DIRECTION('',(0.,-1.));
#6733 = ( GEOMETRIC_REPRESENTATION_CONTEXT(2) 
PARAMETRIC_REPRESENTATION_CONTEXT() REPRESENTATION_CONTEXT('2D SPACE',''
  ) );
#6734 = ORIENTED_EDGE('',*,*,#3570,.T.);
#6735 = ORIENTED_EDGE('',*,*,#6687,.F.);
#6736 = ORIENTED_EDGE('',*,*,#3913,.F.);
#6737 = ADVANCED_FACE('',(#6738),#3558,.T.);
#6738 = FACE_BOUND('',#6739,.T.);
#6739 = EDGE_LOOP('',(#6740,#6741,#6742,#6743));
#6740 = ORIENTED_EDGE('',*,*,#3889,.T.);
#6741 = ORIENTED_EDGE('',*,*,#6714,.T.);
#6742 = ORIENTED_EDGE('',*,*,#3541,.F.);
#6743 = ORIENTED_EDGE('',*,*,#6744,.F.);
#6744 = EDGE_CURVE('',#3867,#3514,#6745,.T.);
#6745 = SURFACE_CURVE('',#6746,(#6750,#6757),.PCURVE_S1.);
#6746 = LINE('',#6747,#6748);
#6747 = CARTESIAN_POINT('',(2.35,-1.7,0.3));
#6748 = VECTOR('',#6749,1.);
#6749 = DIRECTION('',(2.22044604925E-16,-1.,0.));
#6750 = PCURVE('',#3558,#6751);
#6751 = DEFINITIONAL_REPRESENTATION('',(#6752),#6756);
#6752 = LINE('',#6753,#6754);
#6753 = CARTESIAN_POINT('',(6.28318530718,2.22044604925E-16));
#6754 = VECTOR('',#6755,1.);
#6755 = DIRECTION('',(0.,-1.));
#6756 = ( GEOMETRIC_REPRESENTATION_CONTEXT(2) 
PARAMETRIC_REPRESENTATION_CONTEXT() REPRESENTATION_CONTEXT('2D SPACE',''
  ) );
#6757 = PCURVE('',#3529,#6758);
#6758 = DEFINITIONAL_REPRESENTATION('',(#6759),#6763);
#6759 = LINE('',#6760,#6761);
#6760 = CARTESIAN_POINT('',(0.425,-9.860761315258E-32));
#6761 = VECTOR('',#6762,1.);
#6762 = DIRECTION('',(7.584527938158E-44,-1.));
#6763 = ( GEOMETRIC_REPRESENTATION_CONTEXT(2) 
PARAMETRIC_REPRESENTATION_CONTEXT() REPRESENTATION_CONTEXT('2D SPACE',''
  ) );
#6764 = ADVANCED_FACE('',(#6765),#3529,.F.);
#6765 = FACE_BOUND('',#6766,.F.);
#6766 = EDGE_LOOP('',(#6767,#6768,#6769,#6770));
#6767 = ORIENTED_EDGE('',*,*,#4083,.T.);
#6768 = ORIENTED_EDGE('',*,*,#3513,.T.);
#6769 = ORIENTED_EDGE('',*,*,#6744,.F.);
#6770 = ORIENTED_EDGE('',*,*,#3866,.F.);
#6771 = ADVANCED_FACE('',(#6772),#4357,.T.);
#6772 = FACE_BOUND('',#6773,.T.);
#6773 = EDGE_LOOP('',(#6774,#6775,#6776,#6777));
#6774 = ORIENTED_EDGE('',*,*,#4930,.T.);
#6775 = ORIENTED_EDGE('',*,*,#5496,.T.);
#6776 = ORIENTED_EDGE('',*,*,#4340,.F.);
#6777 = ORIENTED_EDGE('',*,*,#6778,.F.);
#6778 = EDGE_CURVE('',#4908,#4313,#6779,.T.);
#6779 = SURFACE_CURVE('',#6780,(#6784,#6791),.PCURVE_S1.);
#6780 = LINE('',#6781,#6782);
#6781 = CARTESIAN_POINT('',(2.55,-0.43,0.725));
#6782 = VECTOR('',#6783,1.);
#6783 = DIRECTION('',(2.22044604925E-16,-1.,0.));
#6784 = PCURVE('',#4357,#6785);
#6785 = DEFINITIONAL_REPRESENTATION('',(#6786),#6790);
#6786 = LINE('',#6787,#6788);
#6787 = CARTESIAN_POINT('',(6.28318530718,-5.551115123126E-17));
#6788 = VECTOR('',#6789,1.);
#6789 = DIRECTION('',(0.,-1.));
#6790 = ( GEOMETRIC_REPRESENTATION_CONTEXT(2) 
PARAMETRIC_REPRESENTATION_CONTEXT() REPRESENTATION_CONTEXT('2D SPACE',''
  ) );
#6791 = PCURVE('',#4328,#6792);
#6792 = DEFINITIONAL_REPRESENTATION('',(#6793),#6797);
#6793 = LINE('',#6794,#6795);
#6794 = CARTESIAN_POINT('',(0.425,0.));
#6795 = VECTOR('',#6796,1.);
#6796 = DIRECTION('',(0.,-1.));
#6797 = ( GEOMETRIC_REPRESENTATION_CONTEXT(2) 
PARAMETRIC_REPRESENTATION_CONTEXT() REPRESENTATION_CONTEXT('2D SPACE',''
  ) );
#6798 = ADVANCED_FACE('',(#6799),#4328,.F.);
#6799 = FACE_BOUND('',#6800,.F.);
#6800 = EDGE_LOOP('',(#6801,#6822,#6823,#6824));
#6801 = ORIENTED_EDGE('',*,*,#6802,.T.);
#6802 = EDGE_CURVE('',#4880,#4280,#6803,.T.);
#6803 = SURFACE_CURVE('',#6804,(#6808,#6815),.PCURVE_S1.);
#6804 = LINE('',#6805,#6806);
#6805 = CARTESIAN_POINT('',(2.55,-0.43,0.3));
#6806 = VECTOR('',#6807,1.);
#6807 = DIRECTION('',(2.22044604925E-16,-1.,0.));
#6808 = PCURVE('',#4328,#6809);
#6809 = DEFINITIONAL_REPRESENTATION('',(#6810),#6814);
#6810 = LINE('',#6811,#6812);
#6811 = CARTESIAN_POINT('',(0.,0.));
#6812 = VECTOR('',#6813,1.);
#6813 = DIRECTION('',(0.,-1.));
#6814 = ( GEOMETRIC_REPRESENTATION_CONTEXT(2) 
PARAMETRIC_REPRESENTATION_CONTEXT() REPRESENTATION_CONTEXT('2D SPACE',''
  ) );
#6815 = PCURVE('',#4300,#6816);
#6816 = DEFINITIONAL_REPRESENTATION('',(#6817),#6821);
#6817 = LINE('',#6818,#6819);
#6818 = CARTESIAN_POINT('',(1.570796326795,5.551115123126E-17));
#6819 = VECTOR('',#6820,1.);
#6820 = DIRECTION('',(0.,-1.));
#6821 = ( GEOMETRIC_REPRESENTATION_CONTEXT(2) 
PARAMETRIC_REPRESENTATION_CONTEXT() REPRESENTATION_CONTEXT('2D SPACE',''
  ) );
#6822 = ORIENTED_EDGE('',*,*,#4312,.T.);
#6823 = ORIENTED_EDGE('',*,*,#6778,.F.);
#6824 = ORIENTED_EDGE('',*,*,#4907,.F.);
#6825 = ADVANCED_FACE('',(#6826),#4300,.F.);
#6826 = FACE_BOUND('',#6827,.F.);
#6827 = EDGE_LOOP('',(#6828,#6849,#6850,#6851));
#6828 = ORIENTED_EDGE('',*,*,#6829,.T.);
#6829 = EDGE_CURVE('',#4857,#4252,#6830,.T.);
#6830 = SURFACE_CURVE('',#6831,(#6835,#6842),.PCURVE_S1.);
#6831 = LINE('',#6832,#6833);
#6832 = CARTESIAN_POINT('',(2.65,-0.43,0.2));
#6833 = VECTOR('',#6834,1.);
#6834 = DIRECTION('',(2.22044604925E-16,-1.,0.));
#6835 = PCURVE('',#4300,#6836);
#6836 = DEFINITIONAL_REPRESENTATION('',(#6837),#6841);
#6837 = LINE('',#6838,#6839);
#6838 = CARTESIAN_POINT('',(0.,0.));
#6839 = VECTOR('',#6840,1.);
#6840 = DIRECTION('',(0.,-1.));
#6841 = ( GEOMETRIC_REPRESENTATION_CONTEXT(2) 
PARAMETRIC_REPRESENTATION_CONTEXT() REPRESENTATION_CONTEXT('2D SPACE',''
  ) );
#6842 = PCURVE('',#4267,#6843);
#6843 = DEFINITIONAL_REPRESENTATION('',(#6844),#6848);
#6844 = LINE('',#6845,#6846);
#6845 = CARTESIAN_POINT('',(0.35,7.771561172375E-17));
#6846 = VECTOR('',#6847,1.);
#6847 = DIRECTION('',(0.,-1.));
#6848 = ( GEOMETRIC_REPRESENTATION_CONTEXT(2) 
PARAMETRIC_REPRESENTATION_CONTEXT() REPRESENTATION_CONTEXT('2D SPACE',''
  ) );
#6849 = ORIENTED_EDGE('',*,*,#4279,.T.);
#6850 = ORIENTED_EDGE('',*,*,#6802,.F.);
#6851 = ORIENTED_EDGE('',*,*,#4879,.F.);
#6852 = ADVANCED_FACE('',(#6853),#4267,.F.);
#6853 = FACE_BOUND('',#6854,.F.);
#6854 = EDGE_LOOP('',(#6855,#6876,#6877,#6878));
#6855 = ORIENTED_EDGE('',*,*,#6856,.T.);
#6856 = EDGE_CURVE('',#4834,#4224,#6857,.T.);
#6857 = SURFACE_CURVE('',#6858,(#6862,#6869),.PCURVE_S1.);
#6858 = LINE('',#6859,#6860);
#6859 = CARTESIAN_POINT('',(3.,-0.43,0.2));
#6860 = VECTOR('',#6861,1.);
#6861 = DIRECTION('',(2.22044604925E-16,-1.,0.));
#6862 = PCURVE('',#4267,#6863);
#6863 = DEFINITIONAL_REPRESENTATION('',(#6864),#6868);
#6864 = LINE('',#6865,#6866);
#6865 = CARTESIAN_POINT('',(-0.,0.));
#6866 = VECTOR('',#6867,1.);
#6867 = DIRECTION('',(0.,-1.));
#6868 = ( GEOMETRIC_REPRESENTATION_CONTEXT(2) 
PARAMETRIC_REPRESENTATION_CONTEXT() REPRESENTATION_CONTEXT('2D SPACE',''
  ) );
#6869 = PCURVE('',#4239,#6870);
#6870 = DEFINITIONAL_REPRESENTATION('',(#6871),#6875);
#6871 = LINE('',#6872,#6873);
#6872 = CARTESIAN_POINT('',(0.2,0.));
#6873 = VECTOR('',#6874,1.);
#6874 = DIRECTION('',(0.,-1.));
#6875 = ( GEOMETRIC_REPRESENTATION_CONTEXT(2) 
PARAMETRIC_REPRESENTATION_CONTEXT() REPRESENTATION_CONTEXT('2D SPACE',''
  ) );
#6876 = ORIENTED_EDGE('',*,*,#4251,.T.);
#6877 = ORIENTED_EDGE('',*,*,#6829,.F.);
#6878 = ORIENTED_EDGE('',*,*,#4856,.F.);
#6879 = ADVANCED_FACE('',(#6880),#4239,.F.);
#6880 = FACE_BOUND('',#6881,.F.);
#6881 = EDGE_LOOP('',(#6882,#6903,#6904,#6905));
#6882 = ORIENTED_EDGE('',*,*,#6883,.T.);
#6883 = EDGE_CURVE('',#4811,#4196,#6884,.T.);
#6884 = SURFACE_CURVE('',#6885,(#6889,#6896),.PCURVE_S1.);
#6885 = LINE('',#6886,#6887);
#6886 = CARTESIAN_POINT('',(3.,-0.43,5.551115123126E-17));
#6887 = VECTOR('',#6888,1.);
#6888 = DIRECTION('',(2.22044604925E-16,-1.,0.));
#6889 = PCURVE('',#4239,#6890);
#6890 = DEFINITIONAL_REPRESENTATION('',(#6891),#6895);
#6891 = LINE('',#6892,#6893);
#6892 = CARTESIAN_POINT('',(0.,0.));
#6893 = VECTOR('',#6894,1.);
#6894 = DIRECTION('',(0.,-1.));
#6895 = ( GEOMETRIC_REPRESENTATION_CONTEXT(2) 
PARAMETRIC_REPRESENTATION_CONTEXT() REPRESENTATION_CONTEXT('2D SPACE',''
  ) );
#6896 = PCURVE('',#4211,#6897);
#6897 = DEFINITIONAL_REPRESENTATION('',(#6898),#6902);
#6898 = LINE('',#6899,#6900);
#6899 = CARTESIAN_POINT('',(0.35,-7.771561172375E-17));
#6900 = VECTOR('',#6901,1.);
#6901 = DIRECTION('',(0.,-1.));
#6902 = ( GEOMETRIC_REPRESENTATION_CONTEXT(2) 
PARAMETRIC_REPRESENTATION_CONTEXT() REPRESENTATION_CONTEXT('2D SPACE',''
  ) );
#6903 = ORIENTED_EDGE('',*,*,#4223,.T.);
#6904 = ORIENTED_EDGE('',*,*,#6856,.F.);
#6905 = ORIENTED_EDGE('',*,*,#4833,.F.);
#6906 = ADVANCED_FACE('',(#6907),#4211,.F.);
#6907 = FACE_BOUND('',#6908,.F.);
#6908 = EDGE_LOOP('',(#6909,#6930,#6931,#6932));
#6909 = ORIENTED_EDGE('',*,*,#6910,.T.);
#6910 = EDGE_CURVE('',#4787,#4167,#6911,.T.);
#6911 = SURFACE_CURVE('',#6912,(#6916,#6923),.PCURVE_S1.);
#6912 = LINE('',#6913,#6914);
#6913 = CARTESIAN_POINT('',(2.65,-0.43,5.551115123126E-17));
#6914 = VECTOR('',#6915,1.);
#6915 = DIRECTION('',(2.22044604925E-16,-1.,0.));
#6916 = PCURVE('',#4211,#6917);
#6917 = DEFINITIONAL_REPRESENTATION('',(#6918),#6922);
#6918 = LINE('',#6919,#6920);
#6919 = CARTESIAN_POINT('',(0.,0.));
#6920 = VECTOR('',#6921,1.);
#6921 = DIRECTION('',(0.,-1.));
#6922 = ( GEOMETRIC_REPRESENTATION_CONTEXT(2) 
PARAMETRIC_REPRESENTATION_CONTEXT() REPRESENTATION_CONTEXT('2D SPACE',''
  ) );
#6923 = PCURVE('',#4183,#6924);
#6924 = DEFINITIONAL_REPRESENTATION('',(#6925),#6929);
#6925 = LINE('',#6926,#6927);
#6926 = CARTESIAN_POINT('',(4.712388980385,0.));
#6927 = VECTOR('',#6928,1.);
#6928 = DIRECTION('',(0.,-1.));
#6929 = ( GEOMETRIC_REPRESENTATION_CONTEXT(2) 
PARAMETRIC_REPRESENTATION_CONTEXT() REPRESENTATION_CONTEXT('2D SPACE',''
  ) );
#6930 = ORIENTED_EDGE('',*,*,#4195,.T.);
#6931 = ORIENTED_EDGE('',*,*,#6883,.F.);
#6932 = ORIENTED_EDGE('',*,*,#4810,.F.);
#6933 = ADVANCED_FACE('',(#6934),#4183,.T.);
#6934 = FACE_BOUND('',#6935,.T.);
#6935 = EDGE_LOOP('',(#6936,#6937,#6938,#6939));
#6936 = ORIENTED_EDGE('',*,*,#4786,.T.);
#6937 = ORIENTED_EDGE('',*,*,#6910,.T.);
#6938 = ORIENTED_EDGE('',*,*,#4166,.F.);
#6939 = ORIENTED_EDGE('',*,*,#6940,.F.);
#6940 = EDGE_CURVE('',#4764,#4139,#6941,.T.);
#6941 = SURFACE_CURVE('',#6942,(#6946,#6953),.PCURVE_S1.);
#6942 = LINE('',#6943,#6944);
#6943 = CARTESIAN_POINT('',(2.35,-0.43,0.3));
#6944 = VECTOR('',#6945,1.);
#6945 = DIRECTION('',(2.22044604925E-16,-1.,0.));
#6946 = PCURVE('',#4183,#6947);
#6947 = DEFINITIONAL_REPRESENTATION('',(#6948),#6952);
#6948 = LINE('',#6949,#6950);
#6949 = CARTESIAN_POINT('',(6.28318530718,1.110223024625E-16));
#6950 = VECTOR('',#6951,1.);
#6951 = DIRECTION('',(0.,-1.));
#6952 = ( GEOMETRIC_REPRESENTATION_CONTEXT(2) 
PARAMETRIC_REPRESENTATION_CONTEXT() REPRESENTATION_CONTEXT('2D SPACE',''
  ) );
#6953 = PCURVE('',#4154,#6954);
#6954 = DEFINITIONAL_REPRESENTATION('',(#6955),#6959);
#6955 = LINE('',#6956,#6957);
#6956 = CARTESIAN_POINT('',(0.425,-9.860761315258E-32));
#6957 = VECTOR('',#6958,1.);
#6958 = DIRECTION('',(7.584527938158E-44,-1.));
#6959 = ( GEOMETRIC_REPRESENTATION_CONTEXT(2) 
PARAMETRIC_REPRESENTATION_CONTEXT() REPRESENTATION_CONTEXT('2D SPACE',''
  ) );
#6960 = ADVANCED_FACE('',(#6961),#4154,.F.);
#6961 = FACE_BOUND('',#6962,.F.);
#6962 = EDGE_LOOP('',(#6963,#6964,#6965,#6966));
#6963 = ORIENTED_EDGE('',*,*,#4980,.T.);
#6964 = ORIENTED_EDGE('',*,*,#4138,.T.);
#6965 = ORIENTED_EDGE('',*,*,#6940,.F.);
#6966 = ORIENTED_EDGE('',*,*,#4763,.F.);
#6967 = ADVANCED_FACE('',(#6968),#5087,.F.);
#6968 = FACE_BOUND('',#6969,.F.);
#6969 = EDGE_LOOP('',(#6970,#6971,#6972,#6994));
#6970 = ORIENTED_EDGE('',*,*,#5104,.T.);
#6971 = ORIENTED_EDGE('',*,*,#5074,.T.);
#6972 = ORIENTED_EDGE('',*,*,#6973,.F.);
#6973 = EDGE_CURVE('',#6974,#5053,#6976,.T.);
#6974 = VERTEX_POINT('',#6975);
#6975 = CARTESIAN_POINT('',(-1.7375,2.375,1.025));
#6976 = SURFACE_CURVE('',#6977,(#6981,#6987),.PCURVE_S1.);
#6977 = LINE('',#6978,#6979);
#6978 = CARTESIAN_POINT('',(-1.7375,2.375,1.025));
#6979 = VECTOR('',#6980,1.);
#6980 = DIRECTION('',(1.,2.22044604925E-16,0.));
#6981 = PCURVE('',#5087,#6982);
#6982 = DEFINITIONAL_REPRESENTATION('',(#6983),#6986);
#6983 = B_SPLINE_CURVE_WITH_KNOTS('',1,(#6984,#6985),.UNSPECIFIED.,.F.,
  .F.,(2,2),(0.,3.475),.PIECEWISE_BEZIER_KNOTS.);
#6984 = CARTESIAN_POINT('',(-3.273357244571E-16,1.));
#6985 = CARTESIAN_POINT('',(3.55,1.));
#6986 = ( GEOMETRIC_REPRESENTATION_CONTEXT(2) 
PARAMETRIC_REPRESENTATION_CONTEXT() REPRESENTATION_CONTEXT('2D SPACE',''
  ) );
#6987 = PCURVE('',#5185,#6988);
#6988 = DEFINITIONAL_REPRESENTATION('',(#6989),#6993);
#6989 = LINE('',#6990,#6991);
#6990 = CARTESIAN_POINT('',(-1.062162001898E-16,3.830465704938E-18));
#6991 = VECTOR('',#6992,1.);
#6992 = DIRECTION('',(1.,-5.016767432657E-17));
#6993 = ( GEOMETRIC_REPRESENTATION_CONTEXT(2) 
PARAMETRIC_REPRESENTATION_CONTEXT() REPRESENTATION_CONTEXT('2D SPACE',''
  ) );
#6994 = ORIENTED_EDGE('',*,*,#6995,.F.);
#6995 = EDGE_CURVE('',#5105,#6974,#6996,.T.);
#6996 = SURFACE_CURVE('',#6997,(#7000,#7007),.PCURVE_S1.);
#6997 = B_SPLINE_CURVE_WITH_KNOTS('',1,(#6998,#6999),.UNSPECIFIED.,.F.,
  .F.,(2,2),(0.,1.),.PIECEWISE_BEZIER_KNOTS.);
#6998 = CARTESIAN_POINT('',(-1.775,2.45,1.025));
#6999 = CARTESIAN_POINT('',(-1.7375,2.375,1.025));
#7000 = PCURVE('',#5087,#7001);
#7001 = DEFINITIONAL_REPRESENTATION('',(#7002),#7006);
#7002 = LINE('',#7003,#7004);
#7003 = CARTESIAN_POINT('',(3.586217722922E-17,1.041987532702E-15));
#7004 = VECTOR('',#7005,1.);
#7005 = DIRECTION('',(-3.631979016863E-16,1.));
#7006 = ( GEOMETRIC_REPRESENTATION_CONTEXT(2) 
PARAMETRIC_REPRESENTATION_CONTEXT() REPRESENTATION_CONTEXT('2D SPACE',''
  ) );
#7007 = PCURVE('',#6537,#7008);
#7008 = DEFINITIONAL_REPRESENTATION('',(#7009),#7013);
#7009 = LINE('',#7010,#7011);
#7010 = CARTESIAN_POINT('',(0.247487373415,-2.698608107353E-15));
#7011 = VECTOR('',#7012,1.);
#7012 = DIRECTION('',(-8.326672684689E-17,1.));
#7013 = ( GEOMETRIC_REPRESENTATION_CONTEXT(2) 
PARAMETRIC_REPRESENTATION_CONTEXT() REPRESENTATION_CONTEXT('2D SPACE',''
  ) );
#7014 = ADVANCED_FACE('',(#7015),#5185,.F.);
#7015 = FACE_BOUND('',#7016,.F.);
#7016 = EDGE_LOOP('',(#7017,#7018,#7019,#7020));
#7017 = ORIENTED_EDGE('',*,*,#6973,.T.);
#7018 = ORIENTED_EDGE('',*,*,#5172,.T.);
#7019 = ORIENTED_EDGE('',*,*,#5200,.F.);
#7020 = ORIENTED_EDGE('',*,*,#7021,.F.);
#7021 = EDGE_CURVE('',#6974,#5201,#7022,.T.);
#7022 = SURFACE_CURVE('',#7023,(#7026,#7033),.PCURVE_S1.);
#7023 = B_SPLINE_CURVE_WITH_KNOTS('',1,(#7024,#7025),.UNSPECIFIED.,.F.,
  .F.,(2,2),(0.,1.),.PIECEWISE_BEZIER_KNOTS.);
#7024 = CARTESIAN_POINT('',(-1.7375,2.375,1.025));
#7025 = CARTESIAN_POINT('',(-1.680085640382,2.260171280765,1.75));
#7026 = PCURVE('',#5185,#7027);
#7027 = DEFINITIONAL_REPRESENTATION('',(#7028),#7032);
#7028 = LINE('',#7029,#7030);
#7029 = CARTESIAN_POINT('',(-1.062162001898E-16,3.830465704938E-18));
#7030 = VECTOR('',#7031,1.);
#7031 = DIRECTION('',(3.813599376948E-16,1.));
#7032 = ( GEOMETRIC_REPRESENTATION_CONTEXT(2) 
PARAMETRIC_REPRESENTATION_CONTEXT() REPRESENTATION_CONTEXT('2D SPACE',''
  ) );
#7033 = PCURVE('',#5341,#7034);
#7034 = DEFINITIONAL_REPRESENTATION('',(#7035),#7039);
#7035 = LINE('',#7036,#7037);
#7036 = CARTESIAN_POINT('',(0.194454364826,1.463398608859E-16));
#7037 = VECTOR('',#7038,1.);
#7038 = DIRECTION('',(-3.608224830032E-16,1.));
#7039 = ( GEOMETRIC_REPRESENTATION_CONTEXT(2) 
PARAMETRIC_REPRESENTATION_CONTEXT() REPRESENTATION_CONTEXT('2D SPACE',''
  ) );
#7040 = ADVANCED_FACE('',(#7041),#5341,.F.);
#7041 = FACE_BOUND('',#7042,.F.);
#7042 = EDGE_LOOP('',(#7043,#7065,#7066,#7067));
#7043 = ORIENTED_EDGE('',*,*,#7044,.T.);
#7044 = EDGE_CURVE('',#7045,#6974,#7047,.T.);
#7045 = VERTEX_POINT('',#7046);
#7046 = CARTESIAN_POINT('',(-1.875,2.2375,1.025));
#7047 = SURFACE_CURVE('',#7048,(#7052,#7059),.PCURVE_S1.);
#7048 = LINE('',#7049,#7050);
#7049 = CARTESIAN_POINT('',(-1.875,2.2375,1.025));
#7050 = VECTOR('',#7051,1.);
#7051 = DIRECTION('',(0.707106781187,0.707106781187,0.));
#7052 = PCURVE('',#5341,#7053);
#7053 = DEFINITIONAL_REPRESENTATION('',(#7054),#7058);
#7054 = LINE('',#7055,#7056);
#7055 = CARTESIAN_POINT('',(-1.318037530753E-16,1.463330846146E-16));
#7056 = VECTOR('',#7057,1.);
#7057 = DIRECTION('',(1.,1.81974050535E-16));
#7058 = ( GEOMETRIC_REPRESENTATION_CONTEXT(2) 
PARAMETRIC_REPRESENTATION_CONTEXT() REPRESENTATION_CONTEXT('2D SPACE',''
  ) );
#7059 = PCURVE('',#6537,#7060);
#7060 = DEFINITIONAL_REPRESENTATION('',(#7061),#7064);
#7061 = B_SPLINE_CURVE_WITH_KNOTS('',1,(#7062,#7063),.UNSPECIFIED.,.F.,
  .F.,(2,2),(0.,0.194454364826),.PIECEWISE_BEZIER_KNOTS.);
#7062 = CARTESIAN_POINT('',(5.446312357614E-16,1.));
#7063 = CARTESIAN_POINT('',(0.247487373415,1.));
#7064 = ( GEOMETRIC_REPRESENTATION_CONTEXT(2) 
PARAMETRIC_REPRESENTATION_CONTEXT() REPRESENTATION_CONTEXT('2D SPACE',''
  ) );
#7065 = ORIENTED_EDGE('',*,*,#7021,.T.);
#7066 = ORIENTED_EDGE('',*,*,#5327,.F.);
#7067 = ORIENTED_EDGE('',*,*,#7068,.F.);
#7068 = EDGE_CURVE('',#7045,#5301,#7069,.T.);
#7069 = SURFACE_CURVE('',#7070,(#7073,#7080),.PCURVE_S1.);
#7070 = B_SPLINE_CURVE_WITH_KNOTS('',1,(#7071,#7072),.UNSPECIFIED.,.F.,
  .F.,(2,2),(0.,1.),.PIECEWISE_BEZIER_KNOTS.);
#7071 = CARTESIAN_POINT('',(-1.875,2.2375,1.025));
#7072 = CARTESIAN_POINT('',(-1.760171280765,2.180085640382,1.75));
#7073 = PCURVE('',#5341,#7074);
#7074 = DEFINITIONAL_REPRESENTATION('',(#7075),#7079);
#7075 = LINE('',#7076,#7077);
#7076 = CARTESIAN_POINT('',(-1.318037530753E-16,1.463330846146E-16));
#7077 = VECTOR('',#7078,1.);
#7078 = DIRECTION('',(1.991356383806E-19,1.));
#7079 = ( GEOMETRIC_REPRESENTATION_CONTEXT(2) 
PARAMETRIC_REPRESENTATION_CONTEXT() REPRESENTATION_CONTEXT('2D SPACE',''
  ) );
#7080 = PCURVE('',#5316,#7081);
#7081 = DEFINITIONAL_REPRESENTATION('',(#7082),#7086);
#7082 = LINE('',#7083,#7084);
#7083 = CARTESIAN_POINT('',(4.475,9.319165177224E-17));
#7084 = VECTOR('',#7085,1.);
#7085 = DIRECTION('',(0.,1.));
#7086 = ( GEOMETRIC_REPRESENTATION_CONTEXT(2) 
PARAMETRIC_REPRESENTATION_CONTEXT() REPRESENTATION_CONTEXT('2D SPACE',''
  ) );
#7087 = ADVANCED_FACE('',(#7088),#5316,.F.);
#7088 = FACE_BOUND('',#7089,.F.);
#7089 = EDGE_LOOP('',(#7090,#7114,#7142,#7164,#7192,#7214,#7242,#7264,
    #7292,#7312,#7313,#7314));
#7090 = ORIENTED_EDGE('',*,*,#7091,.T.);
#7091 = EDGE_CURVE('',#7092,#7094,#7096,.T.);
#7092 = VERTEX_POINT('',#7093);
#7093 = CARTESIAN_POINT('',(-1.875,-2.2375,1.025));
#7094 = VERTEX_POINT('',#7095);
#7095 = CARTESIAN_POINT('',(-1.875,-2.11,1.025));
#7096 = SURFACE_CURVE('',#7097,(#7101,#7108),.PCURVE_S1.);
#7097 = LINE('',#7098,#7099);
#7098 = CARTESIAN_POINT('',(-1.875,-2.2375,1.025));
#7099 = VECTOR('',#7100,1.);
#7100 = DIRECTION('',(-2.22044604925E-16,1.,0.));
#7101 = PCURVE('',#5316,#7102);
#7102 = DEFINITIONAL_REPRESENTATION('',(#7103),#7107);
#7103 = LINE('',#7104,#7105);
#7104 = CARTESIAN_POINT('',(9.892682991552E-17,9.298836221054E-17));
#7105 = VECTOR('',#7106,1.);
#7106 = DIRECTION('',(1.,6.324161807868E-16));
#7107 = ( GEOMETRIC_REPRESENTATION_CONTEXT(2) 
PARAMETRIC_REPRESENTATION_CONTEXT() REPRESENTATION_CONTEXT('2D SPACE',''
  ) );
#7108 = PCURVE('',#5866,#7109);
#7109 = DEFINITIONAL_REPRESENTATION('',(#7110),#7113);
#7110 = B_SPLINE_CURVE_WITH_KNOTS('',1,(#7111,#7112),.UNSPECIFIED.,.F.,
  .F.,(2,2),(0.,0.1275),.PIECEWISE_BEZIER_KNOTS.);
#7111 = CARTESIAN_POINT('',(6.122066019203E-16,1.));
#7112 = CARTESIAN_POINT('',(0.129636871508,1.));
#7113 = ( GEOMETRIC_REPRESENTATION_CONTEXT(2) 
PARAMETRIC_REPRESENTATION_CONTEXT() REPRESENTATION_CONTEXT('2D SPACE',''
  ) );
#7114 = ORIENTED_EDGE('',*,*,#7115,.T.);
#7115 = EDGE_CURVE('',#7094,#7116,#7118,.T.);
#7116 = VERTEX_POINT('',#7117);
#7117 = CARTESIAN_POINT('',(-1.875,-1.7,1.025));
#7118 = SURFACE_CURVE('',#7119,(#7123,#7130),.PCURVE_S1.);
#7119 = LINE('',#7120,#7121);
#7120 = CARTESIAN_POINT('',(-1.875,-2.2375,1.025));
#7121 = VECTOR('',#7122,1.);
#7122 = DIRECTION('',(-2.22044604925E-16,1.,0.));
#7123 = PCURVE('',#5316,#7124);
#7124 = DEFINITIONAL_REPRESENTATION('',(#7125),#7129);
#7125 = LINE('',#7126,#7127);
#7126 = CARTESIAN_POINT('',(-1.110223024625E-16,2.030520704916E-16));
#7127 = VECTOR('',#7128,1.);
#7128 = DIRECTION('',(1.,-2.308285900451E-16));
#7129 = ( GEOMETRIC_REPRESENTATION_CONTEXT(2) 
PARAMETRIC_REPRESENTATION_CONTEXT() REPRESENTATION_CONTEXT('2D SPACE',''
  ) );
#7130 = PCURVE('',#7131,#7136);
#7131 = PLANE('',#7132);
#7132 = AXIS2_PLACEMENT_3D('',#7133,#7134,#7135);
#7133 = CARTESIAN_POINT('',(-2.25,-2.11,1.025));
#7134 = DIRECTION('',(-0.,0.,-1.));
#7135 = DIRECTION('',(1.,9.95799250103E-17,0.));
#7136 = DEFINITIONAL_REPRESENTATION('',(#7137),#7141);
#7137 = LINE('',#7138,#7139);
#7138 = CARTESIAN_POINT('',(0.375,0.1275));
#7139 = VECTOR('',#7140,1.);
#7140 = DIRECTION('',(-1.224646799147E-16,-1.));
#7141 = ( GEOMETRIC_REPRESENTATION_CONTEXT(2) 
PARAMETRIC_REPRESENTATION_CONTEXT() REPRESENTATION_CONTEXT('2D SPACE',''
  ) );
#7142 = ORIENTED_EDGE('',*,*,#7143,.T.);
#7143 = EDGE_CURVE('',#7116,#7144,#7146,.T.);
#7144 = VERTEX_POINT('',#7145);
#7145 = CARTESIAN_POINT('',(-1.875,-0.84,1.025));
#7146 = SURFACE_CURVE('',#7147,(#7151,#7158),.PCURVE_S1.);
#7147 = LINE('',#7148,#7149);
#7148 = CARTESIAN_POINT('',(-1.875,-2.2375,1.025));
#7149 = VECTOR('',#7150,1.);
#7150 = DIRECTION('',(-2.22044604925E-16,1.,0.));
#7151 = PCURVE('',#5316,#7152);
#7152 = DEFINITIONAL_REPRESENTATION('',(#7153),#7157);
#7153 = LINE('',#7154,#7155);
#7154 = CARTESIAN_POINT('',(0.,7.898593846556E-17));
#7155 = VECTOR('',#7156,1.);
#7156 = DIRECTION('',(1.,-7.879298957242E-21));
#7157 = ( GEOMETRIC_REPRESENTATION_CONTEXT(2) 
PARAMETRIC_REPRESENTATION_CONTEXT() REPRESENTATION_CONTEXT('2D SPACE',''
  ) );
#7158 = PCURVE('',#6187,#7159);
#7159 = DEFINITIONAL_REPRESENTATION('',(#7160),#7163);
#7160 = B_SPLINE_CURVE_WITH_KNOTS('',1,(#7161,#7162),.UNSPECIFIED.,.F.,
  .F.,(2,2),(0.5375,1.3975),.PIECEWISE_BEZIER_KNOTS.);
#7161 = CARTESIAN_POINT('',(0.546508379888,1.));
#7162 = CARTESIAN_POINT('',(1.420921787709,1.));
#7163 = ( GEOMETRIC_REPRESENTATION_CONTEXT(2) 
PARAMETRIC_REPRESENTATION_CONTEXT() REPRESENTATION_CONTEXT('2D SPACE',''
  ) );
#7164 = ORIENTED_EDGE('',*,*,#7165,.T.);
#7165 = EDGE_CURVE('',#7144,#7166,#7168,.T.);
#7166 = VERTEX_POINT('',#7167);
#7167 = CARTESIAN_POINT('',(-1.875,-0.43,1.025));
#7168 = SURFACE_CURVE('',#7169,(#7173,#7180),.PCURVE_S1.);
#7169 = LINE('',#7170,#7171);
#7170 = CARTESIAN_POINT('',(-1.875,-2.2375,1.025));
#7171 = VECTOR('',#7172,1.);
#7172 = DIRECTION('',(-2.22044604925E-16,1.,0.));
#7173 = PCURVE('',#5316,#7174);
#7174 = DEFINITIONAL_REPRESENTATION('',(#7175),#7179);
#7175 = LINE('',#7176,#7177);
#7176 = CARTESIAN_POINT('',(0.,4.015578818414E-16));
#7177 = VECTOR('',#7178,1.);
#7178 = DIRECTION('',(1.,-2.308285901225E-16));
#7179 = ( GEOMETRIC_REPRESENTATION_CONTEXT(2) 
PARAMETRIC_REPRESENTATION_CONTEXT() REPRESENTATION_CONTEXT('2D SPACE',''
  ) );
#7180 = PCURVE('',#7181,#7186);
#7181 = PLANE('',#7182);
#7182 = AXIS2_PLACEMENT_3D('',#7183,#7184,#7185);
#7183 = CARTESIAN_POINT('',(-2.25,-0.84,1.025));
#7184 = DIRECTION('',(-0.,0.,-1.));
#7185 = DIRECTION('',(1.,9.95799250103E-17,0.));
#7186 = DEFINITIONAL_REPRESENTATION('',(#7187),#7191);
#7187 = LINE('',#7188,#7189);
#7188 = CARTESIAN_POINT('',(0.375,1.3975));
#7189 = VECTOR('',#7190,1.);
#7190 = DIRECTION('',(-1.224646799147E-16,-1.));
#7191 = ( GEOMETRIC_REPRESENTATION_CONTEXT(2) 
PARAMETRIC_REPRESENTATION_CONTEXT() REPRESENTATION_CONTEXT('2D SPACE',''
  ) );
#7192 = ORIENTED_EDGE('',*,*,#7193,.T.);
#7193 = EDGE_CURVE('',#7166,#7194,#7196,.T.);
#7194 = VERTEX_POINT('',#7195);
#7195 = CARTESIAN_POINT('',(-1.875,0.43,1.025));
#7196 = SURFACE_CURVE('',#7197,(#7201,#7208),.PCURVE_S1.);
#7197 = LINE('',#7198,#7199);
#7198 = CARTESIAN_POINT('',(-1.875,-2.2375,1.025));
#7199 = VECTOR('',#7200,1.);
#7200 = DIRECTION('',(-2.22044604925E-16,1.,0.));
#7201 = PCURVE('',#5316,#7202);
#7202 = DEFINITIONAL_REPRESENTATION('',(#7203),#7207);
#7203 = LINE('',#7204,#7205);
#7204 = CARTESIAN_POINT('',(0.,1.832436906063E-16));
#7205 = VECTOR('',#7206,1.);
#7206 = DIRECTION('',(1.,-1.100461883326E-16));
#7207 = ( GEOMETRIC_REPRESENTATION_CONTEXT(2) 
PARAMETRIC_REPRESENTATION_CONTEXT() REPRESENTATION_CONTEXT('2D SPACE',''
  ) );
#7208 = PCURVE('',#6506,#7209);
#7209 = DEFINITIONAL_REPRESENTATION('',(#7210),#7213);
#7210 = B_SPLINE_CURVE_WITH_KNOTS('',1,(#7211,#7212),.UNSPECIFIED.,.F.,
  .F.,(2,2),(1.8075,2.6675),.PIECEWISE_BEZIER_KNOTS.);
#7211 = CARTESIAN_POINT('',(1.837793296089,1.));
#7212 = CARTESIAN_POINT('',(2.712206703911,1.));
#7213 = ( GEOMETRIC_REPRESENTATION_CONTEXT(2) 
PARAMETRIC_REPRESENTATION_CONTEXT() REPRESENTATION_CONTEXT('2D SPACE',''
  ) );
#7214 = ORIENTED_EDGE('',*,*,#7215,.T.);
#7215 = EDGE_CURVE('',#7194,#7216,#7218,.T.);
#7216 = VERTEX_POINT('',#7217);
#7217 = CARTESIAN_POINT('',(-1.875,0.84,1.025));
#7218 = SURFACE_CURVE('',#7219,(#7223,#7230),.PCURVE_S1.);
#7219 = LINE('',#7220,#7221);
#7220 = CARTESIAN_POINT('',(-1.875,-2.2375,1.025));
#7221 = VECTOR('',#7222,1.);
#7222 = DIRECTION('',(-2.22044604925E-16,1.,0.));
#7223 = PCURVE('',#5316,#7224);
#7224 = DEFINITIONAL_REPRESENTATION('',(#7225),#7229);
#7225 = LINE('',#7226,#7227);
#7226 = CARTESIAN_POINT('',(0.,-1.103045166678E-16));
#7227 = VECTOR('',#7228,1.);
#7228 = DIRECTION('',(1.,-3.867985841121E-26));
#7229 = ( GEOMETRIC_REPRESENTATION_CONTEXT(2) 
PARAMETRIC_REPRESENTATION_CONTEXT() REPRESENTATION_CONTEXT('2D SPACE',''
  ) );
#7230 = PCURVE('',#7231,#7236);
#7231 = PLANE('',#7232);
#7232 = AXIS2_PLACEMENT_3D('',#7233,#7234,#7235);
#7233 = CARTESIAN_POINT('',(-2.25,0.43,1.025));
#7234 = DIRECTION('',(-0.,0.,-1.));
#7235 = DIRECTION('',(1.,9.95799250103E-17,0.));
#7236 = DEFINITIONAL_REPRESENTATION('',(#7237),#7241);
#7237 = LINE('',#7238,#7239);
#7238 = CARTESIAN_POINT('',(0.375,2.6675));
#7239 = VECTOR('',#7240,1.);
#7240 = DIRECTION('',(-1.224646799147E-16,-1.));
#7241 = ( GEOMETRIC_REPRESENTATION_CONTEXT(2) 
PARAMETRIC_REPRESENTATION_CONTEXT() REPRESENTATION_CONTEXT('2D SPACE',''
  ) );
#7242 = ORIENTED_EDGE('',*,*,#7243,.T.);
#7243 = EDGE_CURVE('',#7216,#7244,#7246,.T.);
#7244 = VERTEX_POINT('',#7245);
#7245 = CARTESIAN_POINT('',(-1.875,1.7,1.025));
#7246 = SURFACE_CURVE('',#7247,(#7251,#7258),.PCURVE_S1.);
#7247 = LINE('',#7248,#7249);
#7248 = CARTESIAN_POINT('',(-1.875,-2.2375,1.025));
#7249 = VECTOR('',#7250,1.);
#7250 = DIRECTION('',(-2.22044604925E-16,1.,0.));
#7251 = PCURVE('',#5316,#7252);
#7252 = DEFINITIONAL_REPRESENTATION('',(#7253),#7257);
#7253 = LINE('',#7254,#7255);
#7254 = CARTESIAN_POINT('',(0.,2.283626280447E-16));
#7255 = VECTOR('',#7256,1.);
#7256 = DIRECTION('',(1.,-1.100461884099E-16));
#7257 = ( GEOMETRIC_REPRESENTATION_CONTEXT(2) 
PARAMETRIC_REPRESENTATION_CONTEXT() REPRESENTATION_CONTEXT('2D SPACE',''
  ) );
#7258 = PCURVE('',#6268,#7259);
#7259 = DEFINITIONAL_REPRESENTATION('',(#7260),#7263);
#7260 = B_SPLINE_CURVE_WITH_KNOTS('',1,(#7261,#7262),.UNSPECIFIED.,.F.,
  .F.,(2,2),(3.0775,3.9375),.PIECEWISE_BEZIER_KNOTS.);
#7261 = CARTESIAN_POINT('',(3.129078212291,1.));
#7262 = CARTESIAN_POINT('',(4.003491620112,1.));
#7263 = ( GEOMETRIC_REPRESENTATION_CONTEXT(2) 
PARAMETRIC_REPRESENTATION_CONTEXT() REPRESENTATION_CONTEXT('2D SPACE',''
  ) );
#7264 = ORIENTED_EDGE('',*,*,#7265,.T.);
#7265 = EDGE_CURVE('',#7244,#7266,#7268,.T.);
#7266 = VERTEX_POINT('',#7267);
#7267 = CARTESIAN_POINT('',(-1.875,2.11,1.025));
#7268 = SURFACE_CURVE('',#7269,(#7273,#7280),.PCURVE_S1.);
#7269 = LINE('',#7270,#7271);
#7270 = CARTESIAN_POINT('',(-1.875,-2.2375,1.025));
#7271 = VECTOR('',#7272,1.);
#7272 = DIRECTION('',(-2.22044604925E-16,1.,0.));
#7273 = PCURVE('',#5316,#7274);
#7274 = DEFINITIONAL_REPRESENTATION('',(#7275),#7279);
#7275 = LINE('',#7276,#7277);
#7276 = CARTESIAN_POINT('',(0.,-2.049442383629E-16));
#7277 = VECTOR('',#7278,1.);
#7278 = DIRECTION('',(1.,-1.159249739466E-25));
#7279 = ( GEOMETRIC_REPRESENTATION_CONTEXT(2) 
PARAMETRIC_REPRESENTATION_CONTEXT() REPRESENTATION_CONTEXT('2D SPACE',''
  ) );
#7280 = PCURVE('',#7281,#7286);
#7281 = PLANE('',#7282);
#7282 = AXIS2_PLACEMENT_3D('',#7283,#7284,#7285);
#7283 = CARTESIAN_POINT('',(-2.25,1.7,1.025));
#7284 = DIRECTION('',(-0.,0.,-1.));
#7285 = DIRECTION('',(1.,9.95799250103E-17,0.));
#7286 = DEFINITIONAL_REPRESENTATION('',(#7287),#7291);
#7287 = LINE('',#7288,#7289);
#7288 = CARTESIAN_POINT('',(0.375,3.9375));
#7289 = VECTOR('',#7290,1.);
#7290 = DIRECTION('',(-1.224646799147E-16,-1.));
#7291 = ( GEOMETRIC_REPRESENTATION_CONTEXT(2) 
PARAMETRIC_REPRESENTATION_CONTEXT() REPRESENTATION_CONTEXT('2D SPACE',''
  ) );
#7292 = ORIENTED_EDGE('',*,*,#7293,.T.);
#7293 = EDGE_CURVE('',#7266,#7045,#7294,.T.);
#7294 = SURFACE_CURVE('',#7295,(#7299,#7306),.PCURVE_S1.);
#7295 = LINE('',#7296,#7297);
#7296 = CARTESIAN_POINT('',(-1.875,-2.2375,1.025));
#7297 = VECTOR('',#7298,1.);
#7298 = DIRECTION('',(-2.22044604925E-16,1.,0.));
#7299 = PCURVE('',#5316,#7300);
#7300 = DEFINITIONAL_REPRESENTATION('',(#7301),#7305);
#7301 = LINE('',#7302,#7303);
#7302 = CARTESIAN_POINT('',(0.,9.242286192998E-16));
#7303 = VECTOR('',#7304,1.);
#7304 = DIRECTION('',(1.,-2.597292370711E-16));
#7305 = ( GEOMETRIC_REPRESENTATION_CONTEXT(2) 
PARAMETRIC_REPRESENTATION_CONTEXT() REPRESENTATION_CONTEXT('2D SPACE',''
  ) );
#7306 = PCURVE('',#5944,#7307);
#7307 = DEFINITIONAL_REPRESENTATION('',(#7308),#7311);
#7308 = B_SPLINE_CURVE_WITH_KNOTS('',1,(#7309,#7310),.UNSPECIFIED.,.F.,
  .F.,(2,2),(4.3475,4.475),.PIECEWISE_BEZIER_KNOTS.);
#7309 = CARTESIAN_POINT('',(4.420363128492,1.));
#7310 = CARTESIAN_POINT('',(4.55,1.));
#7311 = ( GEOMETRIC_REPRESENTATION_CONTEXT(2) 
PARAMETRIC_REPRESENTATION_CONTEXT() REPRESENTATION_CONTEXT('2D SPACE',''
  ) );
#7312 = ORIENTED_EDGE('',*,*,#7068,.T.);
#7313 = ORIENTED_EDGE('',*,*,#5300,.F.);
#7314 = ORIENTED_EDGE('',*,*,#7315,.F.);
#7315 = EDGE_CURVE('',#7092,#5274,#7316,.T.);
#7316 = SURFACE_CURVE('',#7317,(#7320,#7327),.PCURVE_S1.);
#7317 = B_SPLINE_CURVE_WITH_KNOTS('',1,(#7318,#7319),.UNSPECIFIED.,.F.,
  .F.,(2,2),(0.,1.),.PIECEWISE_BEZIER_KNOTS.);
#7318 = CARTESIAN_POINT('',(-1.875,-2.2375,1.025));
#7319 = CARTESIAN_POINT('',(-1.760171280765,-2.180085640382,1.75));
#7320 = PCURVE('',#5316,#7321);
#7321 = DEFINITIONAL_REPRESENTATION('',(#7322),#7326);
#7322 = LINE('',#7323,#7324);
#7323 = CARTESIAN_POINT('',(9.892682991552E-17,9.298836221054E-17));
#7324 = VECTOR('',#7325,1.);
#7325 = DIRECTION('',(-1.291895914154E-16,1.));
#7326 = ( GEOMETRIC_REPRESENTATION_CONTEXT(2) 
PARAMETRIC_REPRESENTATION_CONTEXT() REPRESENTATION_CONTEXT('2D SPACE',''
  ) );
#7327 = PCURVE('',#5289,#7328);
#7328 = DEFINITIONAL_REPRESENTATION('',(#7329),#7333);
#7329 = LINE('',#7330,#7331);
#7330 = CARTESIAN_POINT('',(0.194454364826,1.109474362103E-16));
#7331 = VECTOR('',#7332,1.);
#7332 = DIRECTION('',(8.326672684689E-17,1.));
#7333 = ( GEOMETRIC_REPRESENTATION_CONTEXT(2) 
PARAMETRIC_REPRESENTATION_CONTEXT() REPRESENTATION_CONTEXT('2D SPACE',''
  ) );
#7334 = ADVANCED_FACE('',(#7335),#5289,.F.);
#7335 = FACE_BOUND('',#7336,.F.);
#7336 = EDGE_LOOP('',(#7337,#7359,#7360,#7361));
#7337 = ORIENTED_EDGE('',*,*,#7338,.T.);
#7338 = EDGE_CURVE('',#7339,#7092,#7341,.T.);
#7339 = VERTEX_POINT('',#7340);
#7340 = CARTESIAN_POINT('',(-1.7375,-2.375,1.025));
#7341 = SURFACE_CURVE('',#7342,(#7346,#7353),.PCURVE_S1.);
#7342 = LINE('',#7343,#7344);
#7343 = CARTESIAN_POINT('',(-1.7375,-2.375,1.025));
#7344 = VECTOR('',#7345,1.);
#7345 = DIRECTION('',(-0.707106781187,0.707106781187,0.));
#7346 = PCURVE('',#5289,#7347);
#7347 = DEFINITIONAL_REPRESENTATION('',(#7348),#7352);
#7348 = LINE('',#7349,#7350);
#7349 = CARTESIAN_POINT('',(2.520333281894E-17,1.463398608857E-16));
#7350 = VECTOR('',#7351,1.);
#7351 = DIRECTION('',(1.,-5.45925346422E-16));
#7352 = ( GEOMETRIC_REPRESENTATION_CONTEXT(2) 
PARAMETRIC_REPRESENTATION_CONTEXT() REPRESENTATION_CONTEXT('2D SPACE',''
  ) );
#7353 = PCURVE('',#5806,#7354);
#7354 = DEFINITIONAL_REPRESENTATION('',(#7355),#7358);
#7355 = B_SPLINE_CURVE_WITH_KNOTS('',1,(#7356,#7357),.UNSPECIFIED.,.F.,
  .F.,(2,2),(0.,0.194454364826),.PIECEWISE_BEZIER_KNOTS.);
#7356 = CARTESIAN_POINT('',(-3.328677979189E-16,1.));
#7357 = CARTESIAN_POINT('',(0.247487373415,1.));
#7358 = ( GEOMETRIC_REPRESENTATION_CONTEXT(2) 
PARAMETRIC_REPRESENTATION_CONTEXT() REPRESENTATION_CONTEXT('2D SPACE',''
  ) );
#7359 = ORIENTED_EDGE('',*,*,#7315,.T.);
#7360 = ORIENTED_EDGE('',*,*,#5273,.F.);
#7361 = ORIENTED_EDGE('',*,*,#7362,.F.);
#7362 = EDGE_CURVE('',#7339,#5247,#7363,.T.);
#7363 = SURFACE_CURVE('',#7364,(#7367,#7374),.PCURVE_S1.);
#7364 = B_SPLINE_CURVE_WITH_KNOTS('',1,(#7365,#7366),.UNSPECIFIED.,.F.,
  .F.,(2,2),(0.,1.),.PIECEWISE_BEZIER_KNOTS.);
#7365 = CARTESIAN_POINT('',(-1.7375,-2.375,1.025));
#7366 = CARTESIAN_POINT('',(-1.680085640382,-2.260171280765,1.75));
#7367 = PCURVE('',#5289,#7368);
#7368 = DEFINITIONAL_REPRESENTATION('',(#7369),#7373);
#7369 = LINE('',#7370,#7371);
#7370 = CARTESIAN_POINT('',(2.520333281894E-17,1.463398608857E-16));
#7371 = VECTOR('',#7372,1.);
#7372 = DIRECTION('',(3.847880007621E-16,1.));
#7373 = ( GEOMETRIC_REPRESENTATION_CONTEXT(2) 
PARAMETRIC_REPRESENTATION_CONTEXT() REPRESENTATION_CONTEXT('2D SPACE',''
  ) );
#7374 = PCURVE('',#5262,#7375);
#7375 = DEFINITIONAL_REPRESENTATION('',(#7376),#7380);
#7376 = LINE('',#7377,#7378);
#7377 = CARTESIAN_POINT('',(3.475,-9.071681340627E-17));
#7378 = VECTOR('',#7379,1.);
#7379 = DIRECTION('',(0.,1.));
#7380 = ( GEOMETRIC_REPRESENTATION_CONTEXT(2) 
PARAMETRIC_REPRESENTATION_CONTEXT() REPRESENTATION_CONTEXT('2D SPACE',''
  ) );
#7381 = ADVANCED_FACE('',(#7382),#5262,.F.);
#7382 = FACE_BOUND('',#7383,.F.);
#7383 = EDGE_LOOP('',(#7384,#7404,#7405,#7406));
#7384 = ORIENTED_EDGE('',*,*,#7385,.T.);
#7385 = EDGE_CURVE('',#5391,#7339,#7386,.T.);
#7386 = SURFACE_CURVE('',#7387,(#7391,#7398),.PCURVE_S1.);
#7387 = LINE('',#7388,#7389);
#7388 = CARTESIAN_POINT('',(1.7375,-2.375,1.025));
#7389 = VECTOR('',#7390,1.);
#7390 = DIRECTION('',(-1.,-2.22044604925E-16,0.));
#7391 = PCURVE('',#5262,#7392);
#7392 = DEFINITIONAL_REPRESENTATION('',(#7393),#7397);
#7393 = LINE('',#7394,#7395);
#7394 = CARTESIAN_POINT('',(-1.062162001898E-16,3.830465704938E-18));
#7395 = VECTOR('',#7396,1.);
#7396 = DIRECTION('',(1.,-5.016767432657E-17));
#7397 = ( GEOMETRIC_REPRESENTATION_CONTEXT(2) 
PARAMETRIC_REPRESENTATION_CONTEXT() REPRESENTATION_CONTEXT('2D SPACE',''
  ) );
#7398 = PCURVE('',#5755,#7399);
#7399 = DEFINITIONAL_REPRESENTATION('',(#7400),#7403);
#7400 = B_SPLINE_CURVE_WITH_KNOTS('',1,(#7401,#7402),.UNSPECIFIED.,.F.,
  .F.,(2,2),(0.,3.475),.PIECEWISE_BEZIER_KNOTS.);
#7401 = CARTESIAN_POINT('',(-3.273357244571E-16,1.));
#7402 = CARTESIAN_POINT('',(3.55,1.));
#7403 = ( GEOMETRIC_REPRESENTATION_CONTEXT(2) 
PARAMETRIC_REPRESENTATION_CONTEXT() REPRESENTATION_CONTEXT('2D SPACE',''
  ) );
#7404 = ORIENTED_EDGE('',*,*,#7362,.T.);
#7405 = ORIENTED_EDGE('',*,*,#5246,.F.);
#7406 = ORIENTED_EDGE('',*,*,#5412,.F.);
#7407 = ADVANCED_FACE('',(#7408),#5375,.F.);
#7408 = FACE_BOUND('',#7409,.F.);
#7409 = EDGE_LOOP('',(#7410,#7439,#7460,#7461));
#7410 = ORIENTED_EDGE('',*,*,#7411,.T.);
#7411 = EDGE_CURVE('',#7412,#7412,#7414,.T.);
#7412 = VERTEX_POINT('',#7413);
#7413 = CARTESIAN_POINT('',(-1.110171280765,1.310171280765,1.7));
#7414 = SURFACE_CURVE('',#7415,(#7420,#7427),.PCURVE_S1.);
#7415 = CIRCLE('',#7416,0.3);
#7416 = AXIS2_PLACEMENT_3D('',#7417,#7418,#7419);
#7417 = CARTESIAN_POINT('',(-1.110171280765,1.610171280765,1.7));
#7418 = DIRECTION('',(-0.,0.,1.));
#7419 = DIRECTION('',(2.22044604925E-16,-1.,0.));
#7420 = PCURVE('',#5375,#7421);
#7421 = DEFINITIONAL_REPRESENTATION('',(#7422),#7426);
#7422 = LINE('',#7423,#7424);
#7423 = CARTESIAN_POINT('',(6.28318530718,5.E-02));
#7424 = VECTOR('',#7425,1.);
#7425 = DIRECTION('',(-1.,0.));
#7426 = ( GEOMETRIC_REPRESENTATION_CONTEXT(2) 
PARAMETRIC_REPRESENTATION_CONTEXT() REPRESENTATION_CONTEXT('2D SPACE',''
  ) );
#7427 = PCURVE('',#7428,#7433);
#7428 = PLANE('',#7429);
#7429 = AXIS2_PLACEMENT_3D('',#7430,#7431,#7432);
#7430 = CARTESIAN_POINT('',(-1.110171280765,1.610171280765,1.7));
#7431 = DIRECTION('',(0.,0.,1.));
#7432 = DIRECTION('',(2.22044604925E-16,-1.,0.));
#7433 = DEFINITIONAL_REPRESENTATION('',(#7434),#7438);
#7434 = CIRCLE('',#7435,0.3);
#7435 = AXIS2_PLACEMENT_2D('',#7436,#7437);
#7436 = CARTESIAN_POINT('',(0.,0.));
#7437 = DIRECTION('',(1.,0.));
#7438 = ( GEOMETRIC_REPRESENTATION_CONTEXT(2) 
PARAMETRIC_REPRESENTATION_CONTEXT() REPRESENTATION_CONTEXT('2D SPACE',''
  ) );
#7439 = ORIENTED_EDGE('',*,*,#7440,.F.);
#7440 = EDGE_CURVE('',#5355,#7412,#7441,.T.);
#7441 = SEAM_CURVE('',#7442,(#7446,#7453),.PCURVE_S1.);
#7442 = LINE('',#7443,#7444);
#7443 = CARTESIAN_POINT('',(-1.110171280765,1.310171280765,1.75));
#7444 = VECTOR('',#7445,1.);
#7445 = DIRECTION('',(0.,-0.,-1.));
#7446 = PCURVE('',#5375,#7447);
#7447 = DEFINITIONAL_REPRESENTATION('',(#7448),#7452);
#7448 = LINE('',#7449,#7450);
#7449 = CARTESIAN_POINT('',(8.881784197001E-16,0.));
#7450 = VECTOR('',#7451,1.);
#7451 = DIRECTION('',(0.,1.));
#7452 = ( GEOMETRIC_REPRESENTATION_CONTEXT(2) 
PARAMETRIC_REPRESENTATION_CONTEXT() REPRESENTATION_CONTEXT('2D SPACE',''
  ) );
#7453 = PCURVE('',#5375,#7454);
#7454 = DEFINITIONAL_REPRESENTATION('',(#7455),#7459);
#7455 = LINE('',#7456,#7457);
#7456 = CARTESIAN_POINT('',(6.28318530718,0.));
#7457 = VECTOR('',#7458,1.);
#7458 = DIRECTION('',(0.,1.));
#7459 = ( GEOMETRIC_REPRESENTATION_CONTEXT(2) 
PARAMETRIC_REPRESENTATION_CONTEXT() REPRESENTATION_CONTEXT('2D SPACE',''
  ) );
#7460 = ORIENTED_EDGE('',*,*,#5354,.F.);
#7461 = ORIENTED_EDGE('',*,*,#7440,.T.);
#7462 = ADVANCED_FACE('',(#7463),#5755,.F.);
#7463 = FACE_BOUND('',#7464,.F.);
#7464 = EDGE_LOOP('',(#7465,#7466,#7486,#7487));
#7465 = ORIENTED_EDGE('',*,*,#5741,.T.);
#7466 = ORIENTED_EDGE('',*,*,#7467,.T.);
#7467 = EDGE_CURVE('',#5722,#7339,#7468,.T.);
#7468 = SURFACE_CURVE('',#7469,(#7472,#7479),.PCURVE_S1.);
#7469 = B_SPLINE_CURVE_WITH_KNOTS('',1,(#7470,#7471),.UNSPECIFIED.,.F.,
  .F.,(2,2),(0.,1.),.PIECEWISE_BEZIER_KNOTS.);
#7470 = CARTESIAN_POINT('',(-1.775,-2.45,1.025));
#7471 = CARTESIAN_POINT('',(-1.7375,-2.375,1.025));
#7472 = PCURVE('',#5755,#7473);
#7473 = DEFINITIONAL_REPRESENTATION('',(#7474),#7478);
#7474 = LINE('',#7475,#7476);
#7475 = CARTESIAN_POINT('',(3.55,1.04090322465E-15));
#7476 = VECTOR('',#7477,1.);
#7477 = DIRECTION('',(4.440892098501E-16,1.));
#7478 = ( GEOMETRIC_REPRESENTATION_CONTEXT(2) 
PARAMETRIC_REPRESENTATION_CONTEXT() REPRESENTATION_CONTEXT('2D SPACE',''
  ) );
#7479 = PCURVE('',#5806,#7480);
#7480 = DEFINITIONAL_REPRESENTATION('',(#7481),#7485);
#7481 = LINE('',#7482,#7483);
#7482 = CARTESIAN_POINT('',(-1.427240192909E-16,-5.26430630895E-15));
#7483 = VECTOR('',#7484,1.);
#7484 = DIRECTION('',(-1.901437786279E-16,1.));
#7485 = ( GEOMETRIC_REPRESENTATION_CONTEXT(2) 
PARAMETRIC_REPRESENTATION_CONTEXT() REPRESENTATION_CONTEXT('2D SPACE',''
  ) );
#7486 = ORIENTED_EDGE('',*,*,#7385,.F.);
#7487 = ORIENTED_EDGE('',*,*,#6554,.F.);
#7488 = ADVANCED_FACE('',(#7489),#5806,.F.);
#7489 = FACE_BOUND('',#7490,.F.);
#7490 = EDGE_LOOP('',(#7491,#7492,#7512,#7513));
#7491 = ORIENTED_EDGE('',*,*,#5792,.T.);
#7492 = ORIENTED_EDGE('',*,*,#7493,.T.);
#7493 = EDGE_CURVE('',#5773,#7092,#7494,.T.);
#7494 = SURFACE_CURVE('',#7495,(#7498,#7505),.PCURVE_S1.);
#7495 = B_SPLINE_CURVE_WITH_KNOTS('',1,(#7496,#7497),.UNSPECIFIED.,.F.,
  .F.,(2,2),(0.,1.),.PIECEWISE_BEZIER_KNOTS.);
#7496 = CARTESIAN_POINT('',(-1.95,-2.275,1.025));
#7497 = CARTESIAN_POINT('',(-1.875,-2.2375,1.025));
#7498 = PCURVE('',#5806,#7499);
#7499 = DEFINITIONAL_REPRESENTATION('',(#7500),#7504);
#7500 = LINE('',#7501,#7502);
#7501 = CARTESIAN_POINT('',(0.247487373415,-5.268019691465E-15));
#7502 = VECTOR('',#7503,1.);
#7503 = DIRECTION('',(3.053113317719E-16,1.));
#7504 = ( GEOMETRIC_REPRESENTATION_CONTEXT(2) 
PARAMETRIC_REPRESENTATION_CONTEXT() REPRESENTATION_CONTEXT('2D SPACE',''
  ) );
#7505 = PCURVE('',#5866,#7506);
#7506 = DEFINITIONAL_REPRESENTATION('',(#7507),#7511);
#7507 = LINE('',#7508,#7509);
#7508 = CARTESIAN_POINT('',(3.582431915782E-16,6.610125476969E-16));
#7509 = VECTOR('',#7510,1.);
#7510 = DIRECTION('',(2.539634103421E-16,1.));
#7511 = ( GEOMETRIC_REPRESENTATION_CONTEXT(2) 
PARAMETRIC_REPRESENTATION_CONTEXT() REPRESENTATION_CONTEXT('2D SPACE',''
  ) );
#7512 = ORIENTED_EDGE('',*,*,#7338,.F.);
#7513 = ORIENTED_EDGE('',*,*,#7467,.F.);
#7514 = ADVANCED_FACE('',(#7515),#5866,.F.);
#7515 = FACE_BOUND('',#7516,.F.);
#7516 = EDGE_LOOP('',(#7517,#7518,#7519,#7562));
#7517 = ORIENTED_EDGE('',*,*,#7493,.F.);
#7518 = ORIENTED_EDGE('',*,*,#5852,.T.);
#7519 = ORIENTED_EDGE('',*,*,#7520,.T.);
#7520 = EDGE_CURVE('',#5825,#7094,#7521,.T.);
#7521 = SURFACE_CURVE('',#7522,(#7526,#7555),.PCURVE_S1.);
#7522 = LINE('',#7523,#7524);
#7523 = CARTESIAN_POINT('',(-2.25,-2.11,1.025));
#7524 = VECTOR('',#7525,1.);
#7525 = DIRECTION('',(1.,9.95799250103E-17,0.));
#7526 = PCURVE('',#5866,#7527);
#7527 = DEFINITIONAL_REPRESENTATION('',(#7528),#7554);
#7528 = B_SPLINE_CURVE_WITH_KNOTS('',3,(#7529,#7530,#7531,#7532,#7533,
    #7534,#7535,#7536,#7537,#7538,#7539,#7540,#7541,#7542,#7543,#7544,
    #7545,#7546,#7547,#7548,#7549,#7550,#7551,#7552,#7553),
  .UNSPECIFIED.,.F.,.F.,(4,1,1,1,1,1,1,1,1,1,1,1,1,1,1,1,1,1,1,1,1,1,4),
  (0.3,0.303409090909,0.306818181818,0.310227272727,0.313636363636,
    0.317045454545,0.320454545455,0.323863636364,0.327272727273,
    0.330681818182,0.334090909091,0.3375,0.340909090909,0.344318181818,
    0.347727272727,0.351136363636,0.354545454545,0.357954545455,
    0.361363636364,0.364772727273,0.368181818182,0.371590909091,0.375),
  .QUASI_UNIFORM_KNOTS.);
#7529 = CARTESIAN_POINT('',(0.165,0.));
#7530 = CARTESIAN_POINT('',(0.164473026972,1.515151515152E-02));
#7531 = CARTESIAN_POINT('',(0.16341829125,4.545454545455E-02));
#7532 = CARTESIAN_POINT('',(0.161833813323,9.090909090909E-02));
#7533 = CARTESIAN_POINT('',(0.160246955707,0.136363636364));
#7534 = CARTESIAN_POINT('',(0.158657713035,0.181818181818));
#7535 = CARTESIAN_POINT('',(0.157066079927,0.227272727273));
#7536 = CARTESIAN_POINT('',(0.155472050986,0.272727272727));
#7537 = CARTESIAN_POINT('',(0.153875620797,0.318181818182));
#7538 = CARTESIAN_POINT('',(0.15227678393,0.363636363636));
#7539 = CARTESIAN_POINT('',(0.15067553494,0.409090909091));
#7540 = CARTESIAN_POINT('',(0.149071868364,0.454545454545));
#7541 = CARTESIAN_POINT('',(0.147465778721,0.5));
#7542 = CARTESIAN_POINT('',(0.145857260518,0.545454545455));
#7543 = CARTESIAN_POINT('',(0.14424630824,0.590909090909));
#7544 = CARTESIAN_POINT('',(0.142632916359,0.636363636364));
#7545 = CARTESIAN_POINT('',(0.141017079328,0.681818181818));
#7546 = CARTESIAN_POINT('',(0.139398791586,0.727272727273));
#7547 = CARTESIAN_POINT('',(0.137778047552,0.772727272727));
#7548 = CARTESIAN_POINT('',(0.13615484163,0.818181818182));
#7549 = CARTESIAN_POINT('',(0.134529168206,0.863636363636));
#7550 = CARTESIAN_POINT('',(0.132901021649,0.909090909091));
#7551 = CARTESIAN_POINT('',(0.131270396313,0.954545454545));
#7552 = CARTESIAN_POINT('',(0.130181656456,0.984848484848));
#7553 = CARTESIAN_POINT('',(0.129636871508,1.));
#7554 = ( GEOMETRIC_REPRESENTATION_CONTEXT(2) 
PARAMETRIC_REPRESENTATION_CONTEXT() REPRESENTATION_CONTEXT('2D SPACE',''
  ) );
#7555 = PCURVE('',#7131,#7556);
#7556 = DEFINITIONAL_REPRESENTATION('',(#7557),#7561);
#7557 = LINE('',#7558,#7559);
#7558 = CARTESIAN_POINT('',(0.,0.));
#7559 = VECTOR('',#7560,1.);
#7560 = DIRECTION('',(1.,0.));
#7561 = ( GEOMETRIC_REPRESENTATION_CONTEXT(2) 
PARAMETRIC_REPRESENTATION_CONTEXT() REPRESENTATION_CONTEXT('2D SPACE',''
  ) );
#7562 = ORIENTED_EDGE('',*,*,#7091,.F.);
#7563 = ADVANCED_FACE('',(#7564),#5840,.F.);
#7564 = FACE_BOUND('',#7565,.F.);
#7565 = EDGE_LOOP('',(#7566,#7567,#7568,#7596,#7624,#7653,#7681,#7709,
    #7737,#7770,#7798,#7827));
#7566 = ORIENTED_EDGE('',*,*,#5824,.F.);
#7567 = ORIENTED_EDGE('',*,*,#5959,.T.);
#7568 = ORIENTED_EDGE('',*,*,#7569,.T.);
#7569 = EDGE_CURVE('',#5960,#7570,#7572,.T.);
#7570 = VERTEX_POINT('',#7571);
#7571 = CARTESIAN_POINT('',(-2.35,-2.11,0.725));
#7572 = SURFACE_CURVE('',#7573,(#7578,#7589),.PCURVE_S1.);
#7573 = CIRCLE('',#7574,0.1);
#7574 = AXIS2_PLACEMENT_3D('',#7575,#7576,#7577);
#7575 = CARTESIAN_POINT('',(-2.25,-2.11,0.725));
#7576 = DIRECTION('',(9.95799250103E-17,-1.,0.));
#7577 = DIRECTION('',(-4.440892098501E-15,-4.422237021476E-31,1.));
#7578 = PCURVE('',#5840,#7579);
#7579 = DEFINITIONAL_REPRESENTATION('',(#7580),#7588);
#7580 = ( BOUNDED_CURVE() B_SPLINE_CURVE(2,(#7581,#7582,#7583,#7584,
#7585,#7586,#7587),.UNSPECIFIED.,.T.,.F.) B_SPLINE_CURVE_WITH_KNOTS((1,2
    ,2,2,2,1),(-2.094395102393,0.,2.094395102393,4.188790204786,
6.28318530718,8.377580409573),.UNSPECIFIED.) CURVE() 
GEOMETRIC_REPRESENTATION_ITEM() RATIONAL_B_SPLINE_CURVE((1.,0.5,1.,0.5,
1.,0.5,1.)) REPRESENTATION_ITEM('') );
#7581 = CARTESIAN_POINT('',(0.292340342435,0.16578967201));
#7582 = CARTESIAN_POINT('',(0.292340342435,-7.415408746888E-03));
#7583 = CARTESIAN_POINT('',(0.142340342435,7.918713163156E-02));
#7584 = CARTESIAN_POINT('',(-7.659657565E-03,0.16578967201));
#7585 = CARTESIAN_POINT('',(0.142340342435,0.252392212388));
#7586 = CARTESIAN_POINT('',(0.292340342435,0.338994752767));
#7587 = CARTESIAN_POINT('',(0.292340342435,0.16578967201));
#7588 = ( GEOMETRIC_REPRESENTATION_CONTEXT(2) 
PARAMETRIC_REPRESENTATION_CONTEXT() REPRESENTATION_CONTEXT('2D SPACE',''
  ) );
#7589 = PCURVE('',#6025,#7590);
#7590 = DEFINITIONAL_REPRESENTATION('',(#7591),#7595);
#7591 = LINE('',#7592,#7593);
#7592 = CARTESIAN_POINT('',(0.,0.));
#7593 = VECTOR('',#7594,1.);
#7594 = DIRECTION('',(1.,0.));
#7595 = ( GEOMETRIC_REPRESENTATION_CONTEXT(2) 
PARAMETRIC_REPRESENTATION_CONTEXT() REPRESENTATION_CONTEXT('2D SPACE',''
  ) );
#7596 = ORIENTED_EDGE('',*,*,#7597,.T.);
#7597 = EDGE_CURVE('',#7570,#7598,#7600,.T.);
#7598 = VERTEX_POINT('',#7599);
#7599 = CARTESIAN_POINT('',(-2.35,-2.11,0.3));
#7600 = SURFACE_CURVE('',#7601,(#7605,#7612),.PCURVE_S1.);
#7601 = LINE('',#7602,#7603);
#7602 = CARTESIAN_POINT('',(-2.35,-2.11,0.725));
#7603 = VECTOR('',#7604,1.);
#7604 = DIRECTION('',(-1.044915787883E-15,-1.040526357994E-31,-1.));
#7605 = PCURVE('',#5840,#7606);
#7606 = DEFINITIONAL_REPRESENTATION('',(#7607),#7611);
#7607 = LINE('',#7608,#7609);
#7608 = CARTESIAN_POINT('',(0.192340342435,6.578967201E-02));
#7609 = VECTOR('',#7610,1.);
#7610 = DIRECTION('',(-1.,-1.044915787883E-15));
#7611 = ( GEOMETRIC_REPRESENTATION_CONTEXT(2) 
PARAMETRIC_REPRESENTATION_CONTEXT() REPRESENTATION_CONTEXT('2D SPACE',''
  ) );
#7612 = PCURVE('',#7613,#7618);
#7613 = PLANE('',#7614);
#7614 = AXIS2_PLACEMENT_3D('',#7615,#7616,#7617);
#7615 = CARTESIAN_POINT('',(-2.35,-2.11,0.725));
#7616 = DIRECTION('',(-1.,-9.95799250103E-17,1.044915787883E-15));
#7617 = DIRECTION('',(-1.044915787883E-15,-1.040526357994E-31,-1.));
#7618 = DEFINITIONAL_REPRESENTATION('',(#7619),#7623);
#7619 = LINE('',#7620,#7621);
#7620 = CARTESIAN_POINT('',(-0.,0.));
#7621 = VECTOR('',#7622,1.);
#7622 = DIRECTION('',(1.,0.));
#7623 = ( GEOMETRIC_REPRESENTATION_CONTEXT(2) 
PARAMETRIC_REPRESENTATION_CONTEXT() REPRESENTATION_CONTEXT('2D SPACE',''
  ) );
#7624 = ORIENTED_EDGE('',*,*,#7625,.T.);
#7625 = EDGE_CURVE('',#7598,#7626,#7628,.T.);
#7626 = VERTEX_POINT('',#7627);
#7627 = CARTESIAN_POINT('',(-2.65,-2.11,5.551115123126E-17));
#7628 = SURFACE_CURVE('',#7629,(#7634,#7641),.PCURVE_S1.);
#7629 = CIRCLE('',#7630,0.3);
#7630 = AXIS2_PLACEMENT_3D('',#7631,#7632,#7633);
#7631 = CARTESIAN_POINT('',(-2.65,-2.11,0.3));
#7632 = DIRECTION('',(-9.95799250103E-17,1.,0.));
#7633 = DIRECTION('',(1.,9.95799250103E-17,3.515706244646E-15));
#7634 = PCURVE('',#5840,#7635);
#7635 = DEFINITIONAL_REPRESENTATION('',(#7636),#7640);
#7636 = CIRCLE('',#7637,0.3);
#7637 = AXIS2_PLACEMENT_2D('',#7638,#7639);
#7638 = CARTESIAN_POINT('',(-0.232659657565,-0.23421032799));
#7639 = DIRECTION('',(3.515706244646E-15,1.));
#7640 = ( GEOMETRIC_REPRESENTATION_CONTEXT(2) 
PARAMETRIC_REPRESENTATION_CONTEXT() REPRESENTATION_CONTEXT('2D SPACE',''
  ) );
#7641 = PCURVE('',#7642,#7647);
#7642 = CYLINDRICAL_SURFACE('',#7643,0.3);
#7643 = AXIS2_PLACEMENT_3D('',#7644,#7645,#7646);
#7644 = CARTESIAN_POINT('',(-2.65,-2.11,0.3));
#7645 = DIRECTION('',(9.95799250103E-17,-1.,-0.));
#7646 = DIRECTION('',(1.,9.95799250103E-17,3.515706244646E-15));
#7647 = DEFINITIONAL_REPRESENTATION('',(#7648),#7652);
#7648 = LINE('',#7649,#7650);
#7649 = CARTESIAN_POINT('',(6.28318530718,0.));
#7650 = VECTOR('',#7651,1.);
#7651 = DIRECTION('',(-1.,0.));
#7652 = ( GEOMETRIC_REPRESENTATION_CONTEXT(2) 
PARAMETRIC_REPRESENTATION_CONTEXT() REPRESENTATION_CONTEXT('2D SPACE',''
  ) );
#7653 = ORIENTED_EDGE('',*,*,#7654,.T.);
#7654 = EDGE_CURVE('',#7626,#7655,#7657,.T.);
#7655 = VERTEX_POINT('',#7656);
#7656 = CARTESIAN_POINT('',(-3.,-2.11,5.551115123126E-17));
#7657 = SURFACE_CURVE('',#7658,(#7662,#7669),.PCURVE_S1.);
#7658 = LINE('',#7659,#7660);
#7659 = CARTESIAN_POINT('',(-2.65,-2.11,5.551115123126E-17));
#7660 = VECTOR('',#7661,1.);
#7661 = DIRECTION('',(-1.,-9.95799250103E-17,0.));
#7662 = PCURVE('',#5840,#7663);
#7663 = DEFINITIONAL_REPRESENTATION('',(#7664),#7668);
#7664 = LINE('',#7665,#7666);
#7665 = CARTESIAN_POINT('',(-0.532659657565,-0.23421032799));
#7666 = VECTOR('',#7667,1.);
#7667 = DIRECTION('',(0.,-1.));
#7668 = ( GEOMETRIC_REPRESENTATION_CONTEXT(2) 
PARAMETRIC_REPRESENTATION_CONTEXT() REPRESENTATION_CONTEXT('2D SPACE',''
  ) );
#7669 = PCURVE('',#7670,#7675);
#7670 = PLANE('',#7671);
#7671 = AXIS2_PLACEMENT_3D('',#7672,#7673,#7674);
#7672 = CARTESIAN_POINT('',(-2.65,-2.11,5.551115123126E-17));
#7673 = DIRECTION('',(0.,0.,1.));
#7674 = DIRECTION('',(-1.,-9.95799250103E-17,0.));
#7675 = DEFINITIONAL_REPRESENTATION('',(#7676),#7680);
#7676 = LINE('',#7677,#7678);
#7677 = CARTESIAN_POINT('',(0.,0.));
#7678 = VECTOR('',#7679,1.);
#7679 = DIRECTION('',(1.,0.));
#7680 = ( GEOMETRIC_REPRESENTATION_CONTEXT(2) 
PARAMETRIC_REPRESENTATION_CONTEXT() REPRESENTATION_CONTEXT('2D SPACE',''
  ) );
#7681 = ORIENTED_EDGE('',*,*,#7682,.T.);
#7682 = EDGE_CURVE('',#7655,#7683,#7685,.T.);
#7683 = VERTEX_POINT('',#7684);
#7684 = CARTESIAN_POINT('',(-3.,-2.11,0.2));
#7685 = SURFACE_CURVE('',#7686,(#7690,#7697),.PCURVE_S1.);
#7686 = LINE('',#7687,#7688);
#7687 = CARTESIAN_POINT('',(-3.,-2.11,5.551115123126E-17));
#7688 = VECTOR('',#7689,1.);
#7689 = DIRECTION('',(0.,0.,1.));
#7690 = PCURVE('',#5840,#7691);
#7691 = DEFINITIONAL_REPRESENTATION('',(#7692),#7696);
#7692 = LINE('',#7693,#7694);
#7693 = CARTESIAN_POINT('',(-0.532659657565,-0.58421032799));
#7694 = VECTOR('',#7695,1.);
#7695 = DIRECTION('',(1.,0.));
#7696 = ( GEOMETRIC_REPRESENTATION_CONTEXT(2) 
PARAMETRIC_REPRESENTATION_CONTEXT() REPRESENTATION_CONTEXT('2D SPACE',''
  ) );
#7697 = PCURVE('',#7698,#7703);
#7698 = PLANE('',#7699);
#7699 = AXIS2_PLACEMENT_3D('',#7700,#7701,#7702);
#7700 = CARTESIAN_POINT('',(-3.,-2.11,5.551115123126E-17));
#7701 = DIRECTION('',(1.,9.95799250103E-17,0.));
#7702 = DIRECTION('',(0.,-0.,1.));
#7703 = DEFINITIONAL_REPRESENTATION('',(#7704),#7708);
#7704 = LINE('',#7705,#7706);
#7705 = CARTESIAN_POINT('',(0.,0.));
#7706 = VECTOR('',#7707,1.);
#7707 = DIRECTION('',(1.,0.));
#7708 = ( GEOMETRIC_REPRESENTATION_CONTEXT(2) 
PARAMETRIC_REPRESENTATION_CONTEXT() REPRESENTATION_CONTEXT('2D SPACE',''
  ) );
#7709 = ORIENTED_EDGE('',*,*,#7710,.T.);
#7710 = EDGE_CURVE('',#7683,#7711,#7713,.T.);
#7711 = VERTEX_POINT('',#7712);
#7712 = CARTESIAN_POINT('',(-2.65,-2.11,0.2));
#7713 = SURFACE_CURVE('',#7714,(#7718,#7725),.PCURVE_S1.);
#7714 = LINE('',#7715,#7716);
#7715 = CARTESIAN_POINT('',(-3.,-2.11,0.2));
#7716 = VECTOR('',#7717,1.);
#7717 = DIRECTION('',(1.,9.95799250103E-17,0.));
#7718 = PCURVE('',#5840,#7719);
#7719 = DEFINITIONAL_REPRESENTATION('',(#7720),#7724);
#7720 = LINE('',#7721,#7722);
#7721 = CARTESIAN_POINT('',(-0.332659657565,-0.58421032799));
#7722 = VECTOR('',#7723,1.);
#7723 = DIRECTION('',(0.,1.));
#7724 = ( GEOMETRIC_REPRESENTATION_CONTEXT(2) 
PARAMETRIC_REPRESENTATION_CONTEXT() REPRESENTATION_CONTEXT('2D SPACE',''
  ) );
#7725 = PCURVE('',#7726,#7731);
#7726 = PLANE('',#7727);
#7727 = AXIS2_PLACEMENT_3D('',#7728,#7729,#7730);
#7728 = CARTESIAN_POINT('',(-3.,-2.11,0.2));
#7729 = DIRECTION('',(-0.,0.,-1.));
#7730 = DIRECTION('',(1.,9.95799250103E-17,0.));
#7731 = DEFINITIONAL_REPRESENTATION('',(#7732),#7736);
#7732 = LINE('',#7733,#7734);
#7733 = CARTESIAN_POINT('',(0.,0.));
#7734 = VECTOR('',#7735,1.);
#7735 = DIRECTION('',(1.,0.));
#7736 = ( GEOMETRIC_REPRESENTATION_CONTEXT(2) 
PARAMETRIC_REPRESENTATION_CONTEXT() REPRESENTATION_CONTEXT('2D SPACE',''
  ) );
#7737 = ORIENTED_EDGE('',*,*,#7738,.T.);
#7738 = EDGE_CURVE('',#7711,#7739,#7741,.T.);
#7739 = VERTEX_POINT('',#7740);
#7740 = CARTESIAN_POINT('',(-2.55,-2.11,0.3));
#7741 = SURFACE_CURVE('',#7742,(#7747,#7758),.PCURVE_S1.);
#7742 = CIRCLE('',#7743,0.1);
#7743 = AXIS2_PLACEMENT_3D('',#7744,#7745,#7746);
#7744 = CARTESIAN_POINT('',(-2.65,-2.11,0.3));
#7745 = DIRECTION('',(9.95799250103E-17,-1.,-0.));
#7746 = DIRECTION('',(-0.,0.,-1.));
#7747 = PCURVE('',#5840,#7748);
#7748 = DEFINITIONAL_REPRESENTATION('',(#7749),#7757);
#7749 = ( BOUNDED_CURVE() B_SPLINE_CURVE(2,(#7750,#7751,#7752,#7753,
#7754,#7755,#7756),.UNSPECIFIED.,.T.,.F.) B_SPLINE_CURVE_WITH_KNOTS((1,2
    ,2,2,2,1),(-2.094395102393,0.,2.094395102393,4.188790204786,
6.28318530718,8.377580409573),.UNSPECIFIED.) CURVE() 
GEOMETRIC_REPRESENTATION_ITEM() RATIONAL_B_SPLINE_CURVE((1.,0.5,1.,0.5,
1.,0.5,1.)) REPRESENTATION_ITEM('') );
#7750 = CARTESIAN_POINT('',(-0.332659657565,-0.23421032799));
#7751 = CARTESIAN_POINT('',(-0.332659657565,-6.100524723311E-02));
#7752 = CARTESIAN_POINT('',(-0.182659657565,-0.147607787612));
#7753 = CARTESIAN_POINT('',(-3.2659657565E-02,-0.23421032799));
#7754 = CARTESIAN_POINT('',(-0.182659657565,-0.320812868368));
#7755 = CARTESIAN_POINT('',(-0.332659657565,-0.407415408747));
#7756 = CARTESIAN_POINT('',(-0.332659657565,-0.23421032799));
#7757 = ( GEOMETRIC_REPRESENTATION_CONTEXT(2) 
PARAMETRIC_REPRESENTATION_CONTEXT() REPRESENTATION_CONTEXT('2D SPACE',''
  ) );
#7758 = PCURVE('',#7759,#7764);
#7759 = CYLINDRICAL_SURFACE('',#7760,0.1);
#7760 = AXIS2_PLACEMENT_3D('',#7761,#7762,#7763);
#7761 = CARTESIAN_POINT('',(-2.65,-2.11,0.3));
#7762 = DIRECTION('',(9.95799250103E-17,-1.,0.));
#7763 = DIRECTION('',(0.,-0.,-1.));
#7764 = DEFINITIONAL_REPRESENTATION('',(#7765),#7769);
#7765 = LINE('',#7766,#7767);
#7766 = CARTESIAN_POINT('',(0.,0.));
#7767 = VECTOR('',#7768,1.);
#7768 = DIRECTION('',(1.,0.));
#7769 = ( GEOMETRIC_REPRESENTATION_CONTEXT(2) 
PARAMETRIC_REPRESENTATION_CONTEXT() REPRESENTATION_CONTEXT('2D SPACE',''
  ) );
#7770 = ORIENTED_EDGE('',*,*,#7771,.T.);
#7771 = EDGE_CURVE('',#7739,#7772,#7774,.T.);
#7772 = VERTEX_POINT('',#7773);
#7773 = CARTESIAN_POINT('',(-2.55,-2.11,0.725));
#7774 = SURFACE_CURVE('',#7775,(#7779,#7786),.PCURVE_S1.);
#7775 = LINE('',#7776,#7777);
#7776 = CARTESIAN_POINT('',(-2.55,-2.11,0.3));
#7777 = VECTOR('',#7778,1.);
#7778 = DIRECTION('',(0.,0.,1.));
#7779 = PCURVE('',#5840,#7780);
#7780 = DEFINITIONAL_REPRESENTATION('',(#7781),#7785);
#7781 = LINE('',#7782,#7783);
#7782 = CARTESIAN_POINT('',(-0.232659657565,-0.13421032799));
#7783 = VECTOR('',#7784,1.);
#7784 = DIRECTION('',(1.,0.));
#7785 = ( GEOMETRIC_REPRESENTATION_CONTEXT(2) 
PARAMETRIC_REPRESENTATION_CONTEXT() REPRESENTATION_CONTEXT('2D SPACE',''
  ) );
#7786 = PCURVE('',#7787,#7792);
#7787 = PLANE('',#7788);
#7788 = AXIS2_PLACEMENT_3D('',#7789,#7790,#7791);
#7789 = CARTESIAN_POINT('',(-2.55,-2.11,0.3));
#7790 = DIRECTION('',(1.,9.95799250103E-17,0.));
#7791 = DIRECTION('',(0.,-0.,1.));
#7792 = DEFINITIONAL_REPRESENTATION('',(#7793),#7797);
#7793 = LINE('',#7794,#7795);
#7794 = CARTESIAN_POINT('',(0.,0.));
#7795 = VECTOR('',#7796,1.);
#7796 = DIRECTION('',(1.,0.));
#7797 = ( GEOMETRIC_REPRESENTATION_CONTEXT(2) 
PARAMETRIC_REPRESENTATION_CONTEXT() REPRESENTATION_CONTEXT('2D SPACE',''
  ) );
#7798 = ORIENTED_EDGE('',*,*,#7799,.T.);
#7799 = EDGE_CURVE('',#7772,#7800,#7802,.T.);
#7800 = VERTEX_POINT('',#7801);
#7801 = CARTESIAN_POINT('',(-2.25,-2.11,1.025));
#7802 = SURFACE_CURVE('',#7803,(#7808,#7815),.PCURVE_S1.);
#7803 = CIRCLE('',#7804,0.3);
#7804 = AXIS2_PLACEMENT_3D('',#7805,#7806,#7807);
#7805 = CARTESIAN_POINT('',(-2.25,-2.11,0.725));
#7806 = DIRECTION('',(-9.95799250103E-17,1.,0.));
#7807 = DIRECTION('',(-1.,-9.95799250103E-17,3.700743415417E-16));
#7808 = PCURVE('',#5840,#7809);
#7809 = DEFINITIONAL_REPRESENTATION('',(#7810),#7814);
#7810 = CIRCLE('',#7811,0.3);
#7811 = AXIS2_PLACEMENT_2D('',#7812,#7813);
#7812 = CARTESIAN_POINT('',(0.192340342435,0.16578967201));
#7813 = DIRECTION('',(3.700743415417E-16,-1.));
#7814 = ( GEOMETRIC_REPRESENTATION_CONTEXT(2) 
PARAMETRIC_REPRESENTATION_CONTEXT() REPRESENTATION_CONTEXT('2D SPACE',''
  ) );
#7815 = PCURVE('',#7816,#7821);
#7816 = CYLINDRICAL_SURFACE('',#7817,0.3);
#7817 = AXIS2_PLACEMENT_3D('',#7818,#7819,#7820);
#7818 = CARTESIAN_POINT('',(-2.25,-2.11,0.725));
#7819 = DIRECTION('',(9.95799250103E-17,-1.,-0.));
#7820 = DIRECTION('',(-1.,-9.95799250103E-17,3.700743415417E-16));
#7821 = DEFINITIONAL_REPRESENTATION('',(#7822),#7826);
#7822 = LINE('',#7823,#7824);
#7823 = CARTESIAN_POINT('',(6.28318530718,0.));
#7824 = VECTOR('',#7825,1.);
#7825 = DIRECTION('',(-1.,0.));
#7826 = ( GEOMETRIC_REPRESENTATION_CONTEXT(2) 
PARAMETRIC_REPRESENTATION_CONTEXT() REPRESENTATION_CONTEXT('2D SPACE',''
  ) );
#7827 = ORIENTED_EDGE('',*,*,#7828,.T.);
#7828 = EDGE_CURVE('',#7800,#5825,#7829,.T.);
#7829 = SURFACE_CURVE('',#7830,(#7834,#7841),.PCURVE_S1.);
#7830 = LINE('',#7831,#7832);
#7831 = CARTESIAN_POINT('',(-2.25,-2.11,1.025));
#7832 = VECTOR('',#7833,1.);
#7833 = DIRECTION('',(1.,9.95799250103E-17,0.));
#7834 = PCURVE('',#5840,#7835);
#7835 = DEFINITIONAL_REPRESENTATION('',(#7836),#7840);
#7836 = LINE('',#7837,#7838);
#7837 = CARTESIAN_POINT('',(0.492340342435,0.16578967201));
#7838 = VECTOR('',#7839,1.);
#7839 = DIRECTION('',(0.,1.));
#7840 = ( GEOMETRIC_REPRESENTATION_CONTEXT(2) 
PARAMETRIC_REPRESENTATION_CONTEXT() REPRESENTATION_CONTEXT('2D SPACE',''
  ) );
#7841 = PCURVE('',#7131,#7842);
#7842 = DEFINITIONAL_REPRESENTATION('',(#7843),#7847);
#7843 = LINE('',#7844,#7845);
#7844 = CARTESIAN_POINT('',(0.,0.));
#7845 = VECTOR('',#7846,1.);
#7846 = DIRECTION('',(1.,0.));
#7847 = ( GEOMETRIC_REPRESENTATION_CONTEXT(2) 
PARAMETRIC_REPRESENTATION_CONTEXT() REPRESENTATION_CONTEXT('2D SPACE',''
  ) );
#7848 = ADVANCED_FACE('',(#7849),#5897,.T.);
#7849 = FACE_BOUND('',#7850,.T.);
#7850 = EDGE_LOOP('',(#7851,#7852,#7853,#7881,#7909,#7938,#7966,#7994,
    #8022,#8055,#8083,#8112));
#7851 = ORIENTED_EDGE('',*,*,#5881,.F.);
#7852 = ORIENTED_EDGE('',*,*,#6069,.T.);
#7853 = ORIENTED_EDGE('',*,*,#7854,.T.);
#7854 = EDGE_CURVE('',#6070,#7855,#7857,.T.);
#7855 = VERTEX_POINT('',#7856);
#7856 = CARTESIAN_POINT('',(-2.35,2.11,0.725));
#7857 = SURFACE_CURVE('',#7858,(#7863,#7874),.PCURVE_S1.);
#7858 = CIRCLE('',#7859,0.1);
#7859 = AXIS2_PLACEMENT_3D('',#7860,#7861,#7862);
#7860 = CARTESIAN_POINT('',(-2.25,2.11,0.725));
#7861 = DIRECTION('',(9.95799250103E-17,-1.,0.));
#7862 = DIRECTION('',(-4.440892098501E-15,-4.422237021476E-31,1.));
#7863 = PCURVE('',#5897,#7864);
#7864 = DEFINITIONAL_REPRESENTATION('',(#7865),#7873);
#7865 = ( BOUNDED_CURVE() B_SPLINE_CURVE(2,(#7866,#7867,#7868,#7869,
#7870,#7871,#7872),.UNSPECIFIED.,.T.,.F.) B_SPLINE_CURVE_WITH_KNOTS((1,2
    ,2,2,2,1),(-2.094395102393,0.,2.094395102393,4.188790204786,
6.28318530718,8.377580409573),.UNSPECIFIED.) CURVE() 
GEOMETRIC_REPRESENTATION_ITEM() RATIONAL_B_SPLINE_CURVE((1.,0.5,1.,0.5,
1.,0.5,1.)) REPRESENTATION_ITEM('') );
#7866 = CARTESIAN_POINT('',(0.292340342435,0.16578967201));
#7867 = CARTESIAN_POINT('',(0.292340342435,-7.415408746888E-03));
#7868 = CARTESIAN_POINT('',(0.142340342435,7.918713163156E-02));
#7869 = CARTESIAN_POINT('',(-7.659657565E-03,0.16578967201));
#7870 = CARTESIAN_POINT('',(0.142340342435,0.252392212388));
#7871 = CARTESIAN_POINT('',(0.292340342435,0.338994752767));
#7872 = CARTESIAN_POINT('',(0.292340342435,0.16578967201));
#7873 = ( GEOMETRIC_REPRESENTATION_CONTEXT(2) 
PARAMETRIC_REPRESENTATION_CONTEXT() REPRESENTATION_CONTEXT('2D SPACE',''
  ) );
#7874 = PCURVE('',#6106,#7875);
#7875 = DEFINITIONAL_REPRESENTATION('',(#7876),#7880);
#7876 = LINE('',#7877,#7878);
#7877 = CARTESIAN_POINT('',(0.,-0.41));
#7878 = VECTOR('',#7879,1.);
#7879 = DIRECTION('',(1.,0.));
#7880 = ( GEOMETRIC_REPRESENTATION_CONTEXT(2) 
PARAMETRIC_REPRESENTATION_CONTEXT() REPRESENTATION_CONTEXT('2D SPACE',''
  ) );
#7881 = ORIENTED_EDGE('',*,*,#7882,.T.);
#7882 = EDGE_CURVE('',#7855,#7883,#7885,.T.);
#7883 = VERTEX_POINT('',#7884);
#7884 = CARTESIAN_POINT('',(-2.35,2.11,0.3));
#7885 = SURFACE_CURVE('',#7886,(#7890,#7897),.PCURVE_S1.);
#7886 = LINE('',#7887,#7888);
#7887 = CARTESIAN_POINT('',(-2.35,2.11,0.725));
#7888 = VECTOR('',#7889,1.);
#7889 = DIRECTION('',(-1.044915787883E-15,-1.040526357994E-31,-1.));
#7890 = PCURVE('',#5897,#7891);
#7891 = DEFINITIONAL_REPRESENTATION('',(#7892),#7896);
#7892 = LINE('',#7893,#7894);
#7893 = CARTESIAN_POINT('',(0.192340342435,6.578967201E-02));
#7894 = VECTOR('',#7895,1.);
#7895 = DIRECTION('',(-1.,-1.044915787883E-15));
#7896 = ( GEOMETRIC_REPRESENTATION_CONTEXT(2) 
PARAMETRIC_REPRESENTATION_CONTEXT() REPRESENTATION_CONTEXT('2D SPACE',''
  ) );
#7897 = PCURVE('',#7898,#7903);
#7898 = PLANE('',#7899);
#7899 = AXIS2_PLACEMENT_3D('',#7900,#7901,#7902);
#7900 = CARTESIAN_POINT('',(-2.35,1.7,0.725));
#7901 = DIRECTION('',(-1.,-9.95799250103E-17,1.044915787883E-15));
#7902 = DIRECTION('',(-1.044915787883E-15,-1.040526357994E-31,-1.));
#7903 = DEFINITIONAL_REPRESENTATION('',(#7904),#7908);
#7904 = LINE('',#7905,#7906);
#7905 = CARTESIAN_POINT('',(-4.266158067775E-32,-0.41));
#7906 = VECTOR('',#7907,1.);
#7907 = DIRECTION('',(1.,0.));
#7908 = ( GEOMETRIC_REPRESENTATION_CONTEXT(2) 
PARAMETRIC_REPRESENTATION_CONTEXT() REPRESENTATION_CONTEXT('2D SPACE',''
  ) );
#7909 = ORIENTED_EDGE('',*,*,#7910,.T.);
#7910 = EDGE_CURVE('',#7883,#7911,#7913,.T.);
#7911 = VERTEX_POINT('',#7912);
#7912 = CARTESIAN_POINT('',(-2.65,2.11,5.551115123126E-17));
#7913 = SURFACE_CURVE('',#7914,(#7919,#7926),.PCURVE_S1.);
#7914 = CIRCLE('',#7915,0.3);
#7915 = AXIS2_PLACEMENT_3D('',#7916,#7917,#7918);
#7916 = CARTESIAN_POINT('',(-2.65,2.11,0.3));
#7917 = DIRECTION('',(-9.95799250103E-17,1.,0.));
#7918 = DIRECTION('',(1.,9.95799250103E-17,3.515706244646E-15));
#7919 = PCURVE('',#5897,#7920);
#7920 = DEFINITIONAL_REPRESENTATION('',(#7921),#7925);
#7921 = CIRCLE('',#7922,0.3);
#7922 = AXIS2_PLACEMENT_2D('',#7923,#7924);
#7923 = CARTESIAN_POINT('',(-0.232659657565,-0.23421032799));
#7924 = DIRECTION('',(3.515706244646E-15,1.));
#7925 = ( GEOMETRIC_REPRESENTATION_CONTEXT(2) 
PARAMETRIC_REPRESENTATION_CONTEXT() REPRESENTATION_CONTEXT('2D SPACE',''
  ) );
#7926 = PCURVE('',#7927,#7932);
#7927 = CYLINDRICAL_SURFACE('',#7928,0.3);
#7928 = AXIS2_PLACEMENT_3D('',#7929,#7930,#7931);
#7929 = CARTESIAN_POINT('',(-2.65,1.7,0.3));
#7930 = DIRECTION('',(9.95799250103E-17,-1.,-0.));
#7931 = DIRECTION('',(1.,9.95799250103E-17,3.515706244646E-15));
#7932 = DEFINITIONAL_REPRESENTATION('',(#7933),#7937);
#7933 = LINE('',#7934,#7935);
#7934 = CARTESIAN_POINT('',(6.28318530718,-0.41));
#7935 = VECTOR('',#7936,1.);
#7936 = DIRECTION('',(-1.,0.));
#7937 = ( GEOMETRIC_REPRESENTATION_CONTEXT(2) 
PARAMETRIC_REPRESENTATION_CONTEXT() REPRESENTATION_CONTEXT('2D SPACE',''
  ) );
#7938 = ORIENTED_EDGE('',*,*,#7939,.T.);
#7939 = EDGE_CURVE('',#7911,#7940,#7942,.T.);
#7940 = VERTEX_POINT('',#7941);
#7941 = CARTESIAN_POINT('',(-3.,2.11,5.551115123126E-17));
#7942 = SURFACE_CURVE('',#7943,(#7947,#7954),.PCURVE_S1.);
#7943 = LINE('',#7944,#7945);
#7944 = CARTESIAN_POINT('',(-2.65,2.11,5.551115123126E-17));
#7945 = VECTOR('',#7946,1.);
#7946 = DIRECTION('',(-1.,-9.95799250103E-17,0.));
#7947 = PCURVE('',#5897,#7948);
#7948 = DEFINITIONAL_REPRESENTATION('',(#7949),#7953);
#7949 = LINE('',#7950,#7951);
#7950 = CARTESIAN_POINT('',(-0.532659657565,-0.23421032799));
#7951 = VECTOR('',#7952,1.);
#7952 = DIRECTION('',(0.,-1.));
#7953 = ( GEOMETRIC_REPRESENTATION_CONTEXT(2) 
PARAMETRIC_REPRESENTATION_CONTEXT() REPRESENTATION_CONTEXT('2D SPACE',''
  ) );
#7954 = PCURVE('',#7955,#7960);
#7955 = PLANE('',#7956);
#7956 = AXIS2_PLACEMENT_3D('',#7957,#7958,#7959);
#7957 = CARTESIAN_POINT('',(-2.65,1.7,5.551115123126E-17));
#7958 = DIRECTION('',(0.,0.,1.));
#7959 = DIRECTION('',(-1.,-9.95799250103E-17,0.));
#7960 = DEFINITIONAL_REPRESENTATION('',(#7961),#7965);
#7961 = LINE('',#7962,#7963);
#7962 = CARTESIAN_POINT('',(-4.082776925422E-17,-0.41));
#7963 = VECTOR('',#7964,1.);
#7964 = DIRECTION('',(1.,0.));
#7965 = ( GEOMETRIC_REPRESENTATION_CONTEXT(2) 
PARAMETRIC_REPRESENTATION_CONTEXT() REPRESENTATION_CONTEXT('2D SPACE',''
  ) );
#7966 = ORIENTED_EDGE('',*,*,#7967,.T.);
#7967 = EDGE_CURVE('',#7940,#7968,#7970,.T.);
#7968 = VERTEX_POINT('',#7969);
#7969 = CARTESIAN_POINT('',(-3.,2.11,0.2));
#7970 = SURFACE_CURVE('',#7971,(#7975,#7982),.PCURVE_S1.);
#7971 = LINE('',#7972,#7973);
#7972 = CARTESIAN_POINT('',(-3.,2.11,5.551115123126E-17));
#7973 = VECTOR('',#7974,1.);
#7974 = DIRECTION('',(0.,0.,1.));
#7975 = PCURVE('',#5897,#7976);
#7976 = DEFINITIONAL_REPRESENTATION('',(#7977),#7981);
#7977 = LINE('',#7978,#7979);
#7978 = CARTESIAN_POINT('',(-0.532659657565,-0.58421032799));
#7979 = VECTOR('',#7980,1.);
#7980 = DIRECTION('',(1.,0.));
#7981 = ( GEOMETRIC_REPRESENTATION_CONTEXT(2) 
PARAMETRIC_REPRESENTATION_CONTEXT() REPRESENTATION_CONTEXT('2D SPACE',''
  ) );
#7982 = PCURVE('',#7983,#7988);
#7983 = PLANE('',#7984);
#7984 = AXIS2_PLACEMENT_3D('',#7985,#7986,#7987);
#7985 = CARTESIAN_POINT('',(-3.,1.7,5.551115123126E-17));
#7986 = DIRECTION('',(1.,9.95799250103E-17,0.));
#7987 = DIRECTION('',(0.,-0.,1.));
#7988 = DEFINITIONAL_REPRESENTATION('',(#7989),#7993);
#7989 = LINE('',#7990,#7991);
#7990 = CARTESIAN_POINT('',(0.,-0.41));
#7991 = VECTOR('',#7992,1.);
#7992 = DIRECTION('',(1.,0.));
#7993 = ( GEOMETRIC_REPRESENTATION_CONTEXT(2) 
PARAMETRIC_REPRESENTATION_CONTEXT() REPRESENTATION_CONTEXT('2D SPACE',''
  ) );
#7994 = ORIENTED_EDGE('',*,*,#7995,.T.);
#7995 = EDGE_CURVE('',#7968,#7996,#7998,.T.);
#7996 = VERTEX_POINT('',#7997);
#7997 = CARTESIAN_POINT('',(-2.65,2.11,0.2));
#7998 = SURFACE_CURVE('',#7999,(#8003,#8010),.PCURVE_S1.);
#7999 = LINE('',#8000,#8001);
#8000 = CARTESIAN_POINT('',(-3.,2.11,0.2));
#8001 = VECTOR('',#8002,1.);
#8002 = DIRECTION('',(1.,9.95799250103E-17,0.));
#8003 = PCURVE('',#5897,#8004);
#8004 = DEFINITIONAL_REPRESENTATION('',(#8005),#8009);
#8005 = LINE('',#8006,#8007);
#8006 = CARTESIAN_POINT('',(-0.332659657565,-0.58421032799));
#8007 = VECTOR('',#8008,1.);
#8008 = DIRECTION('',(0.,1.));
#8009 = ( GEOMETRIC_REPRESENTATION_CONTEXT(2) 
PARAMETRIC_REPRESENTATION_CONTEXT() REPRESENTATION_CONTEXT('2D SPACE',''
  ) );
#8010 = PCURVE('',#8011,#8016);
#8011 = PLANE('',#8012);
#8012 = AXIS2_PLACEMENT_3D('',#8013,#8014,#8015);
#8013 = CARTESIAN_POINT('',(-3.,1.7,0.2));
#8014 = DIRECTION('',(-0.,0.,-1.));
#8015 = DIRECTION('',(1.,9.95799250103E-17,0.));
#8016 = DEFINITIONAL_REPRESENTATION('',(#8017),#8021);
#8017 = LINE('',#8018,#8019);
#8018 = CARTESIAN_POINT('',(4.082776925422E-17,-0.41));
#8019 = VECTOR('',#8020,1.);
#8020 = DIRECTION('',(1.,0.));
#8021 = ( GEOMETRIC_REPRESENTATION_CONTEXT(2) 
PARAMETRIC_REPRESENTATION_CONTEXT() REPRESENTATION_CONTEXT('2D SPACE',''
  ) );
#8022 = ORIENTED_EDGE('',*,*,#8023,.T.);
#8023 = EDGE_CURVE('',#7996,#8024,#8026,.T.);
#8024 = VERTEX_POINT('',#8025);
#8025 = CARTESIAN_POINT('',(-2.55,2.11,0.3));
#8026 = SURFACE_CURVE('',#8027,(#8032,#8043),.PCURVE_S1.);
#8027 = CIRCLE('',#8028,0.1);
#8028 = AXIS2_PLACEMENT_3D('',#8029,#8030,#8031);
#8029 = CARTESIAN_POINT('',(-2.65,2.11,0.3));
#8030 = DIRECTION('',(9.95799250103E-17,-1.,-0.));
#8031 = DIRECTION('',(-0.,0.,-1.));
#8032 = PCURVE('',#5897,#8033);
#8033 = DEFINITIONAL_REPRESENTATION('',(#8034),#8042);
#8034 = ( BOUNDED_CURVE() B_SPLINE_CURVE(2,(#8035,#8036,#8037,#8038,
#8039,#8040,#8041),.UNSPECIFIED.,.T.,.F.) B_SPLINE_CURVE_WITH_KNOTS((1,2
    ,2,2,2,1),(-2.094395102393,0.,2.094395102393,4.188790204786,
6.28318530718,8.377580409573),.UNSPECIFIED.) CURVE() 
GEOMETRIC_REPRESENTATION_ITEM() RATIONAL_B_SPLINE_CURVE((1.,0.5,1.,0.5,
1.,0.5,1.)) REPRESENTATION_ITEM('') );
#8035 = CARTESIAN_POINT('',(-0.332659657565,-0.23421032799));
#8036 = CARTESIAN_POINT('',(-0.332659657565,-6.100524723311E-02));
#8037 = CARTESIAN_POINT('',(-0.182659657565,-0.147607787612));
#8038 = CARTESIAN_POINT('',(-3.2659657565E-02,-0.23421032799));
#8039 = CARTESIAN_POINT('',(-0.182659657565,-0.320812868368));
#8040 = CARTESIAN_POINT('',(-0.332659657565,-0.407415408747));
#8041 = CARTESIAN_POINT('',(-0.332659657565,-0.23421032799));
#8042 = ( GEOMETRIC_REPRESENTATION_CONTEXT(2) 
PARAMETRIC_REPRESENTATION_CONTEXT() REPRESENTATION_CONTEXT('2D SPACE',''
  ) );
#8043 = PCURVE('',#8044,#8049);
#8044 = CYLINDRICAL_SURFACE('',#8045,0.1);
#8045 = AXIS2_PLACEMENT_3D('',#8046,#8047,#8048);
#8046 = CARTESIAN_POINT('',(-2.65,1.7,0.3));
#8047 = DIRECTION('',(9.95799250103E-17,-1.,0.));
#8048 = DIRECTION('',(0.,-0.,-1.));
#8049 = DEFINITIONAL_REPRESENTATION('',(#8050),#8054);
#8050 = LINE('',#8051,#8052);
#8051 = CARTESIAN_POINT('',(0.,-0.41));
#8052 = VECTOR('',#8053,1.);
#8053 = DIRECTION('',(1.,0.));
#8054 = ( GEOMETRIC_REPRESENTATION_CONTEXT(2) 
PARAMETRIC_REPRESENTATION_CONTEXT() REPRESENTATION_CONTEXT('2D SPACE',''
  ) );
#8055 = ORIENTED_EDGE('',*,*,#8056,.T.);
#8056 = EDGE_CURVE('',#8024,#8057,#8059,.T.);
#8057 = VERTEX_POINT('',#8058);
#8058 = CARTESIAN_POINT('',(-2.55,2.11,0.725));
#8059 = SURFACE_CURVE('',#8060,(#8064,#8071),.PCURVE_S1.);
#8060 = LINE('',#8061,#8062);
#8061 = CARTESIAN_POINT('',(-2.55,2.11,0.3));
#8062 = VECTOR('',#8063,1.);
#8063 = DIRECTION('',(0.,0.,1.));
#8064 = PCURVE('',#5897,#8065);
#8065 = DEFINITIONAL_REPRESENTATION('',(#8066),#8070);
#8066 = LINE('',#8067,#8068);
#8067 = CARTESIAN_POINT('',(-0.232659657565,-0.13421032799));
#8068 = VECTOR('',#8069,1.);
#8069 = DIRECTION('',(1.,0.));
#8070 = ( GEOMETRIC_REPRESENTATION_CONTEXT(2) 
PARAMETRIC_REPRESENTATION_CONTEXT() REPRESENTATION_CONTEXT('2D SPACE',''
  ) );
#8071 = PCURVE('',#8072,#8077);
#8072 = PLANE('',#8073);
#8073 = AXIS2_PLACEMENT_3D('',#8074,#8075,#8076);
#8074 = CARTESIAN_POINT('',(-2.55,1.7,0.3));
#8075 = DIRECTION('',(1.,9.95799250103E-17,0.));
#8076 = DIRECTION('',(0.,-0.,1.));
#8077 = DEFINITIONAL_REPRESENTATION('',(#8078),#8082);
#8078 = LINE('',#8079,#8080);
#8079 = CARTESIAN_POINT('',(0.,-0.41));
#8080 = VECTOR('',#8081,1.);
#8081 = DIRECTION('',(1.,0.));
#8082 = ( GEOMETRIC_REPRESENTATION_CONTEXT(2) 
PARAMETRIC_REPRESENTATION_CONTEXT() REPRESENTATION_CONTEXT('2D SPACE',''
  ) );
#8083 = ORIENTED_EDGE('',*,*,#8084,.T.);
#8084 = EDGE_CURVE('',#8057,#8085,#8087,.T.);
#8085 = VERTEX_POINT('',#8086);
#8086 = CARTESIAN_POINT('',(-2.25,2.11,1.025));
#8087 = SURFACE_CURVE('',#8088,(#8093,#8100),.PCURVE_S1.);
#8088 = CIRCLE('',#8089,0.3);
#8089 = AXIS2_PLACEMENT_3D('',#8090,#8091,#8092);
#8090 = CARTESIAN_POINT('',(-2.25,2.11,0.725));
#8091 = DIRECTION('',(-9.95799250103E-17,1.,0.));
#8092 = DIRECTION('',(-1.,-9.95799250103E-17,3.700743415417E-16));
#8093 = PCURVE('',#5897,#8094);
#8094 = DEFINITIONAL_REPRESENTATION('',(#8095),#8099);
#8095 = CIRCLE('',#8096,0.3);
#8096 = AXIS2_PLACEMENT_2D('',#8097,#8098);
#8097 = CARTESIAN_POINT('',(0.192340342435,0.16578967201));
#8098 = DIRECTION('',(3.700743415417E-16,-1.));
#8099 = ( GEOMETRIC_REPRESENTATION_CONTEXT(2) 
PARAMETRIC_REPRESENTATION_CONTEXT() REPRESENTATION_CONTEXT('2D SPACE',''
  ) );
#8100 = PCURVE('',#8101,#8106);
#8101 = CYLINDRICAL_SURFACE('',#8102,0.3);
#8102 = AXIS2_PLACEMENT_3D('',#8103,#8104,#8105);
#8103 = CARTESIAN_POINT('',(-2.25,1.7,0.725));
#8104 = DIRECTION('',(9.95799250103E-17,-1.,-0.));
#8105 = DIRECTION('',(-1.,-9.95799250103E-17,3.700743415417E-16));
#8106 = DEFINITIONAL_REPRESENTATION('',(#8107),#8111);
#8107 = LINE('',#8108,#8109);
#8108 = CARTESIAN_POINT('',(6.28318530718,-0.41));
#8109 = VECTOR('',#8110,1.);
#8110 = DIRECTION('',(-1.,0.));
#8111 = ( GEOMETRIC_REPRESENTATION_CONTEXT(2) 
PARAMETRIC_REPRESENTATION_CONTEXT() REPRESENTATION_CONTEXT('2D SPACE',''
  ) );
#8112 = ORIENTED_EDGE('',*,*,#8113,.T.);
#8113 = EDGE_CURVE('',#8085,#5882,#8114,.T.);
#8114 = SURFACE_CURVE('',#8115,(#8119,#8126),.PCURVE_S1.);
#8115 = LINE('',#8116,#8117);
#8116 = CARTESIAN_POINT('',(-2.25,2.11,1.025));
#8117 = VECTOR('',#8118,1.);
#8118 = DIRECTION('',(1.,9.95799250103E-17,0.));
#8119 = PCURVE('',#5897,#8120);
#8120 = DEFINITIONAL_REPRESENTATION('',(#8121),#8125);
#8121 = LINE('',#8122,#8123);
#8122 = CARTESIAN_POINT('',(0.492340342435,0.16578967201));
#8123 = VECTOR('',#8124,1.);
#8124 = DIRECTION('',(0.,1.));
#8125 = ( GEOMETRIC_REPRESENTATION_CONTEXT(2) 
PARAMETRIC_REPRESENTATION_CONTEXT() REPRESENTATION_CONTEXT('2D SPACE',''
  ) );
#8126 = PCURVE('',#7281,#8127);
#8127 = DEFINITIONAL_REPRESENTATION('',(#8128),#8132);
#8128 = LINE('',#8129,#8130);
#8129 = CARTESIAN_POINT('',(4.082776925422E-17,-0.41));
#8130 = VECTOR('',#8131,1.);
#8131 = DIRECTION('',(1.,0.));
#8132 = ( GEOMETRIC_REPRESENTATION_CONTEXT(2) 
PARAMETRIC_REPRESENTATION_CONTEXT() REPRESENTATION_CONTEXT('2D SPACE',''
  ) );
#8133 = ADVANCED_FACE('',(#8134),#5944,.F.);
#8134 = FACE_BOUND('',#8135,.F.);
#8135 = EDGE_LOOP('',(#8136,#8179,#8180,#8200));
#8136 = ORIENTED_EDGE('',*,*,#8137,.F.);
#8137 = EDGE_CURVE('',#5882,#7266,#8138,.T.);
#8138 = SURFACE_CURVE('',#8139,(#8143,#8172),.PCURVE_S1.);
#8139 = LINE('',#8140,#8141);
#8140 = CARTESIAN_POINT('',(-2.25,2.11,1.025));
#8141 = VECTOR('',#8142,1.);
#8142 = DIRECTION('',(1.,9.95799250103E-17,0.));
#8143 = PCURVE('',#5944,#8144);
#8144 = DEFINITIONAL_REPRESENTATION('',(#8145),#8171);
#8145 = B_SPLINE_CURVE_WITH_KNOTS('',3,(#8146,#8147,#8148,#8149,#8150,
    #8151,#8152,#8153,#8154,#8155,#8156,#8157,#8158,#8159,#8160,#8161,
    #8162,#8163,#8164,#8165,#8166,#8167,#8168,#8169,#8170),
  .UNSPECIFIED.,.F.,.F.,(4,1,1,1,1,1,1,1,1,1,1,1,1,1,1,1,1,1,1,1,1,1,4),
  (0.3,0.303409090909,0.306818181818,0.310227272727,0.313636363636,
    0.317045454545,0.320454545455,0.323863636364,0.327272727273,
    0.330681818182,0.334090909091,0.3375,0.340909090909,0.344318181818,
    0.347727272727,0.351136363636,0.354545454545,0.357954545455,
    0.361363636364,0.364772727273,0.368181818182,0.371590909091,0.375),
  .QUASI_UNIFORM_KNOTS.);
#8146 = CARTESIAN_POINT('',(4.385,0.));
#8147 = CARTESIAN_POINT('',(4.385526973028,1.515151515152E-02));
#8148 = CARTESIAN_POINT('',(4.38658170875,4.545454545455E-02));
#8149 = CARTESIAN_POINT('',(4.388166186677,9.090909090909E-02));
#8150 = CARTESIAN_POINT('',(4.389753044293,0.136363636364));
#8151 = CARTESIAN_POINT('',(4.391342286965,0.181818181818));
#8152 = CARTESIAN_POINT('',(4.392933920073,0.227272727273));
#8153 = CARTESIAN_POINT('',(4.394527949014,0.272727272727));
#8154 = CARTESIAN_POINT('',(4.396124379203,0.318181818182));
#8155 = CARTESIAN_POINT('',(4.39772321607,0.363636363636));
#8156 = CARTESIAN_POINT('',(4.39932446506,0.409090909091));
#8157 = CARTESIAN_POINT('',(4.400928131636,0.454545454545));
#8158 = CARTESIAN_POINT('',(4.402534221279,0.5));
#8159 = CARTESIAN_POINT('',(4.404142739482,0.545454545455));
#8160 = CARTESIAN_POINT('',(4.40575369176,0.590909090909));
#8161 = CARTESIAN_POINT('',(4.407367083641,0.636363636364));
#8162 = CARTESIAN_POINT('',(4.408982920672,0.681818181818));
#8163 = CARTESIAN_POINT('',(4.410601208414,0.727272727273));
#8164 = CARTESIAN_POINT('',(4.412221952448,0.772727272727));
#8165 = CARTESIAN_POINT('',(4.41384515837,0.818181818182));
#8166 = CARTESIAN_POINT('',(4.415470831794,0.863636363636));
#8167 = CARTESIAN_POINT('',(4.417098978351,0.909090909091));
#8168 = CARTESIAN_POINT('',(4.418729603687,0.954545454545));
#8169 = CARTESIAN_POINT('',(4.419818343544,0.984848484848));
#8170 = CARTESIAN_POINT('',(4.420363128492,1.));
#8171 = ( GEOMETRIC_REPRESENTATION_CONTEXT(2) 
PARAMETRIC_REPRESENTATION_CONTEXT() REPRESENTATION_CONTEXT('2D SPACE',''
  ) );
#8172 = PCURVE('',#7281,#8173);
#8173 = DEFINITIONAL_REPRESENTATION('',(#8174),#8178);
#8174 = LINE('',#8175,#8176);
#8175 = CARTESIAN_POINT('',(4.082776925422E-17,-0.41));
#8176 = VECTOR('',#8177,1.);
#8177 = DIRECTION('',(1.,0.));
#8178 = ( GEOMETRIC_REPRESENTATION_CONTEXT(2) 
PARAMETRIC_REPRESENTATION_CONTEXT() REPRESENTATION_CONTEXT('2D SPACE',''
  ) );
#8179 = ORIENTED_EDGE('',*,*,#5930,.T.);
#8180 = ORIENTED_EDGE('',*,*,#8181,.T.);
#8181 = EDGE_CURVE('',#5911,#7045,#8182,.T.);
#8182 = SURFACE_CURVE('',#8183,(#8186,#8193),.PCURVE_S1.);
#8183 = B_SPLINE_CURVE_WITH_KNOTS('',1,(#8184,#8185),.UNSPECIFIED.,.F.,
  .F.,(2,2),(0.,1.),.PIECEWISE_BEZIER_KNOTS.);
#8184 = CARTESIAN_POINT('',(-1.95,2.275,1.025));
#8185 = CARTESIAN_POINT('',(-1.875,2.2375,1.025));
#8186 = PCURVE('',#5944,#8187);
#8187 = DEFINITIONAL_REPRESENTATION('',(#8188),#8192);
#8188 = LINE('',#8189,#8190);
#8189 = CARTESIAN_POINT('',(4.55,6.626387450765E-16));
#8190 = VECTOR('',#8191,1.);
#8191 = DIRECTION('',(-8.881784197001E-16,1.));
#8192 = ( GEOMETRIC_REPRESENTATION_CONTEXT(2) 
PARAMETRIC_REPRESENTATION_CONTEXT() REPRESENTATION_CONTEXT('2D SPACE',''
  ) );
#8193 = PCURVE('',#6537,#8194);
#8194 = DEFINITIONAL_REPRESENTATION('',(#8195),#8199);
#8195 = LINE('',#8196,#8197);
#8196 = CARTESIAN_POINT('',(2.508731586994E-16,-4.08400163074E-15));
#8197 = VECTOR('',#8198,1.);
#8198 = DIRECTION('',(2.93758077062E-16,1.));
#8199 = ( GEOMETRIC_REPRESENTATION_CONTEXT(2) 
PARAMETRIC_REPRESENTATION_CONTEXT() REPRESENTATION_CONTEXT('2D SPACE',''
  ) );
#8200 = ORIENTED_EDGE('',*,*,#7293,.F.);
#8201 = ADVANCED_FACE('',(#8202),#6025,.F.);
#8202 = FACE_BOUND('',#8203,.F.);
#8203 = EDGE_LOOP('',(#8204,#8205,#8233,#8254));
#8204 = ORIENTED_EDGE('',*,*,#6011,.T.);
#8205 = ORIENTED_EDGE('',*,*,#8206,.T.);
#8206 = EDGE_CURVE('',#5984,#8207,#8209,.T.);
#8207 = VERTEX_POINT('',#8208);
#8208 = CARTESIAN_POINT('',(-2.35,-1.7,0.725));
#8209 = SURFACE_CURVE('',#8210,(#8215,#8222),.PCURVE_S1.);
#8210 = CIRCLE('',#8211,0.1);
#8211 = AXIS2_PLACEMENT_3D('',#8212,#8213,#8214);
#8212 = CARTESIAN_POINT('',(-2.25,-1.7,0.725));
#8213 = DIRECTION('',(9.95799250103E-17,-1.,0.));
#8214 = DIRECTION('',(-4.440892098501E-15,-4.422237021476E-31,1.));
#8215 = PCURVE('',#6025,#8216);
#8216 = DEFINITIONAL_REPRESENTATION('',(#8217),#8221);
#8217 = LINE('',#8218,#8219);
#8218 = CARTESIAN_POINT('',(0.,-0.41));
#8219 = VECTOR('',#8220,1.);
#8220 = DIRECTION('',(1.,0.));
#8221 = ( GEOMETRIC_REPRESENTATION_CONTEXT(2) 
PARAMETRIC_REPRESENTATION_CONTEXT() REPRESENTATION_CONTEXT('2D SPACE',''
  ) );
#8222 = PCURVE('',#5999,#8223);
#8223 = DEFINITIONAL_REPRESENTATION('',(#8224),#8232);
#8224 = ( BOUNDED_CURVE() B_SPLINE_CURVE(2,(#8225,#8226,#8227,#8228,
#8229,#8230,#8231),.UNSPECIFIED.,.T.,.F.) B_SPLINE_CURVE_WITH_KNOTS((1,2
    ,2,2,2,1),(-2.094395102393,0.,2.094395102393,4.188790204786,
6.28318530718,8.377580409573),.UNSPECIFIED.) CURVE() 
GEOMETRIC_REPRESENTATION_ITEM() RATIONAL_B_SPLINE_CURVE((1.,0.5,1.,0.5,
1.,0.5,1.)) REPRESENTATION_ITEM('') );
#8225 = CARTESIAN_POINT('',(0.292340342435,0.16578967201));
#8226 = CARTESIAN_POINT('',(0.292340342435,-7.415408746888E-03));
#8227 = CARTESIAN_POINT('',(0.142340342435,7.918713163156E-02));
#8228 = CARTESIAN_POINT('',(-7.659657565E-03,0.16578967201));
#8229 = CARTESIAN_POINT('',(0.142340342435,0.252392212388));
#8230 = CARTESIAN_POINT('',(0.292340342435,0.338994752767));
#8231 = CARTESIAN_POINT('',(0.292340342435,0.16578967201));
#8232 = ( GEOMETRIC_REPRESENTATION_CONTEXT(2) 
PARAMETRIC_REPRESENTATION_CONTEXT() REPRESENTATION_CONTEXT('2D SPACE',''
  ) );
#8233 = ORIENTED_EDGE('',*,*,#8234,.F.);
#8234 = EDGE_CURVE('',#7570,#8207,#8235,.T.);
#8235 = SURFACE_CURVE('',#8236,(#8240,#8247),.PCURVE_S1.);
#8236 = LINE('',#8237,#8238);
#8237 = CARTESIAN_POINT('',(-2.35,-2.11,0.725));
#8238 = VECTOR('',#8239,1.);
#8239 = DIRECTION('',(-9.95799250103E-17,1.,0.));
#8240 = PCURVE('',#6025,#8241);
#8241 = DEFINITIONAL_REPRESENTATION('',(#8242),#8246);
#8242 = LINE('',#8243,#8244);
#8243 = CARTESIAN_POINT('',(1.570796326795,0.));
#8244 = VECTOR('',#8245,1.);
#8245 = DIRECTION('',(0.,-1.));
#8246 = ( GEOMETRIC_REPRESENTATION_CONTEXT(2) 
PARAMETRIC_REPRESENTATION_CONTEXT() REPRESENTATION_CONTEXT('2D SPACE',''
  ) );
#8247 = PCURVE('',#7613,#8248);
#8248 = DEFINITIONAL_REPRESENTATION('',(#8249),#8253);
#8249 = LINE('',#8250,#8251);
#8250 = CARTESIAN_POINT('',(-0.,0.));
#8251 = VECTOR('',#8252,1.);
#8252 = DIRECTION('',(6.767833676919E-44,-1.));
#8253 = ( GEOMETRIC_REPRESENTATION_CONTEXT(2) 
PARAMETRIC_REPRESENTATION_CONTEXT() REPRESENTATION_CONTEXT('2D SPACE',''
  ) );
#8254 = ORIENTED_EDGE('',*,*,#7569,.F.);
#8255 = ADVANCED_FACE('',(#8256),#5999,.T.);
#8256 = FACE_BOUND('',#8257,.T.);
#8257 = EDGE_LOOP('',(#8258,#8259,#8260,#8261,#8284,#8308,#8331,#8354,
    #8377,#8405,#8428,#8452));
#8258 = ORIENTED_EDGE('',*,*,#6121,.F.);
#8259 = ORIENTED_EDGE('',*,*,#5983,.T.);
#8260 = ORIENTED_EDGE('',*,*,#8206,.T.);
#8261 = ORIENTED_EDGE('',*,*,#8262,.T.);
#8262 = EDGE_CURVE('',#8207,#8263,#8265,.T.);
#8263 = VERTEX_POINT('',#8264);
#8264 = CARTESIAN_POINT('',(-2.35,-1.7,0.3));
#8265 = SURFACE_CURVE('',#8266,(#8270,#8277),.PCURVE_S1.);
#8266 = LINE('',#8267,#8268);
#8267 = CARTESIAN_POINT('',(-2.35,-1.7,0.725));
#8268 = VECTOR('',#8269,1.);
#8269 = DIRECTION('',(-1.044915787883E-15,-1.040526357994E-31,-1.));
#8270 = PCURVE('',#5999,#8271);
#8271 = DEFINITIONAL_REPRESENTATION('',(#8272),#8276);
#8272 = LINE('',#8273,#8274);
#8273 = CARTESIAN_POINT('',(0.192340342435,6.578967201E-02));
#8274 = VECTOR('',#8275,1.);
#8275 = DIRECTION('',(-1.,-1.044915787883E-15));
#8276 = ( GEOMETRIC_REPRESENTATION_CONTEXT(2) 
PARAMETRIC_REPRESENTATION_CONTEXT() REPRESENTATION_CONTEXT('2D SPACE',''
  ) );
#8277 = PCURVE('',#7613,#8278);
#8278 = DEFINITIONAL_REPRESENTATION('',(#8279),#8283);
#8279 = LINE('',#8280,#8281);
#8280 = CARTESIAN_POINT('',(-4.266158067775E-32,-0.41));
#8281 = VECTOR('',#8282,1.);
#8282 = DIRECTION('',(1.,0.));
#8283 = ( GEOMETRIC_REPRESENTATION_CONTEXT(2) 
PARAMETRIC_REPRESENTATION_CONTEXT() REPRESENTATION_CONTEXT('2D SPACE',''
  ) );
#8284 = ORIENTED_EDGE('',*,*,#8285,.T.);
#8285 = EDGE_CURVE('',#8263,#8286,#8288,.T.);
#8286 = VERTEX_POINT('',#8287);
#8287 = CARTESIAN_POINT('',(-2.65,-1.7,5.551115123126E-17));
#8288 = SURFACE_CURVE('',#8289,(#8294,#8301),.PCURVE_S1.);
#8289 = CIRCLE('',#8290,0.3);
#8290 = AXIS2_PLACEMENT_3D('',#8291,#8292,#8293);
#8291 = CARTESIAN_POINT('',(-2.65,-1.7,0.3));
#8292 = DIRECTION('',(-9.95799250103E-17,1.,0.));
#8293 = DIRECTION('',(1.,9.95799250103E-17,3.515706244646E-15));
#8294 = PCURVE('',#5999,#8295);
#8295 = DEFINITIONAL_REPRESENTATION('',(#8296),#8300);
#8296 = CIRCLE('',#8297,0.3);
#8297 = AXIS2_PLACEMENT_2D('',#8298,#8299);
#8298 = CARTESIAN_POINT('',(-0.232659657565,-0.23421032799));
#8299 = DIRECTION('',(3.515706244646E-15,1.));
#8300 = ( GEOMETRIC_REPRESENTATION_CONTEXT(2) 
PARAMETRIC_REPRESENTATION_CONTEXT() REPRESENTATION_CONTEXT('2D SPACE',''
  ) );
#8301 = PCURVE('',#7642,#8302);
#8302 = DEFINITIONAL_REPRESENTATION('',(#8303),#8307);
#8303 = LINE('',#8304,#8305);
#8304 = CARTESIAN_POINT('',(6.28318530718,-0.41));
#8305 = VECTOR('',#8306,1.);
#8306 = DIRECTION('',(-1.,0.));
#8307 = ( GEOMETRIC_REPRESENTATION_CONTEXT(2) 
PARAMETRIC_REPRESENTATION_CONTEXT() REPRESENTATION_CONTEXT('2D SPACE',''
  ) );
#8308 = ORIENTED_EDGE('',*,*,#8309,.T.);
#8309 = EDGE_CURVE('',#8286,#8310,#8312,.T.);
#8310 = VERTEX_POINT('',#8311);
#8311 = CARTESIAN_POINT('',(-3.,-1.7,5.551115123126E-17));
#8312 = SURFACE_CURVE('',#8313,(#8317,#8324),.PCURVE_S1.);
#8313 = LINE('',#8314,#8315);
#8314 = CARTESIAN_POINT('',(-2.65,-1.7,5.551115123126E-17));
#8315 = VECTOR('',#8316,1.);
#8316 = DIRECTION('',(-1.,-9.95799250103E-17,0.));
#8317 = PCURVE('',#5999,#8318);
#8318 = DEFINITIONAL_REPRESENTATION('',(#8319),#8323);
#8319 = LINE('',#8320,#8321);
#8320 = CARTESIAN_POINT('',(-0.532659657565,-0.23421032799));
#8321 = VECTOR('',#8322,1.);
#8322 = DIRECTION('',(0.,-1.));
#8323 = ( GEOMETRIC_REPRESENTATION_CONTEXT(2) 
PARAMETRIC_REPRESENTATION_CONTEXT() REPRESENTATION_CONTEXT('2D SPACE',''
  ) );
#8324 = PCURVE('',#7670,#8325);
#8325 = DEFINITIONAL_REPRESENTATION('',(#8326),#8330);
#8326 = LINE('',#8327,#8328);
#8327 = CARTESIAN_POINT('',(-4.082776925422E-17,-0.41));
#8328 = VECTOR('',#8329,1.);
#8329 = DIRECTION('',(1.,0.));
#8330 = ( GEOMETRIC_REPRESENTATION_CONTEXT(2) 
PARAMETRIC_REPRESENTATION_CONTEXT() REPRESENTATION_CONTEXT('2D SPACE',''
  ) );
#8331 = ORIENTED_EDGE('',*,*,#8332,.T.);
#8332 = EDGE_CURVE('',#8310,#8333,#8335,.T.);
#8333 = VERTEX_POINT('',#8334);
#8334 = CARTESIAN_POINT('',(-3.,-1.7,0.2));
#8335 = SURFACE_CURVE('',#8336,(#8340,#8347),.PCURVE_S1.);
#8336 = LINE('',#8337,#8338);
#8337 = CARTESIAN_POINT('',(-3.,-1.7,5.551115123126E-17));
#8338 = VECTOR('',#8339,1.);
#8339 = DIRECTION('',(0.,0.,1.));
#8340 = PCURVE('',#5999,#8341);
#8341 = DEFINITIONAL_REPRESENTATION('',(#8342),#8346);
#8342 = LINE('',#8343,#8344);
#8343 = CARTESIAN_POINT('',(-0.532659657565,-0.58421032799));
#8344 = VECTOR('',#8345,1.);
#8345 = DIRECTION('',(1.,0.));
#8346 = ( GEOMETRIC_REPRESENTATION_CONTEXT(2) 
PARAMETRIC_REPRESENTATION_CONTEXT() REPRESENTATION_CONTEXT('2D SPACE',''
  ) );
#8347 = PCURVE('',#7698,#8348);
#8348 = DEFINITIONAL_REPRESENTATION('',(#8349),#8353);
#8349 = LINE('',#8350,#8351);
#8350 = CARTESIAN_POINT('',(0.,-0.41));
#8351 = VECTOR('',#8352,1.);
#8352 = DIRECTION('',(1.,0.));
#8353 = ( GEOMETRIC_REPRESENTATION_CONTEXT(2) 
PARAMETRIC_REPRESENTATION_CONTEXT() REPRESENTATION_CONTEXT('2D SPACE',''
  ) );
#8354 = ORIENTED_EDGE('',*,*,#8355,.T.);
#8355 = EDGE_CURVE('',#8333,#8356,#8358,.T.);
#8356 = VERTEX_POINT('',#8357);
#8357 = CARTESIAN_POINT('',(-2.65,-1.7,0.2));
#8358 = SURFACE_CURVE('',#8359,(#8363,#8370),.PCURVE_S1.);
#8359 = LINE('',#8360,#8361);
#8360 = CARTESIAN_POINT('',(-3.,-1.7,0.2));
#8361 = VECTOR('',#8362,1.);
#8362 = DIRECTION('',(1.,9.95799250103E-17,0.));
#8363 = PCURVE('',#5999,#8364);
#8364 = DEFINITIONAL_REPRESENTATION('',(#8365),#8369);
#8365 = LINE('',#8366,#8367);
#8366 = CARTESIAN_POINT('',(-0.332659657565,-0.58421032799));
#8367 = VECTOR('',#8368,1.);
#8368 = DIRECTION('',(0.,1.));
#8369 = ( GEOMETRIC_REPRESENTATION_CONTEXT(2) 
PARAMETRIC_REPRESENTATION_CONTEXT() REPRESENTATION_CONTEXT('2D SPACE',''
  ) );
#8370 = PCURVE('',#7726,#8371);
#8371 = DEFINITIONAL_REPRESENTATION('',(#8372),#8376);
#8372 = LINE('',#8373,#8374);
#8373 = CARTESIAN_POINT('',(4.082776925422E-17,-0.41));
#8374 = VECTOR('',#8375,1.);
#8375 = DIRECTION('',(1.,0.));
#8376 = ( GEOMETRIC_REPRESENTATION_CONTEXT(2) 
PARAMETRIC_REPRESENTATION_CONTEXT() REPRESENTATION_CONTEXT('2D SPACE',''
  ) );
#8377 = ORIENTED_EDGE('',*,*,#8378,.T.);
#8378 = EDGE_CURVE('',#8356,#8379,#8381,.T.);
#8379 = VERTEX_POINT('',#8380);
#8380 = CARTESIAN_POINT('',(-2.55,-1.7,0.3));
#8381 = SURFACE_CURVE('',#8382,(#8387,#8398),.PCURVE_S1.);
#8382 = CIRCLE('',#8383,0.1);
#8383 = AXIS2_PLACEMENT_3D('',#8384,#8385,#8386);
#8384 = CARTESIAN_POINT('',(-2.65,-1.7,0.3));
#8385 = DIRECTION('',(9.95799250103E-17,-1.,-0.));
#8386 = DIRECTION('',(-0.,0.,-1.));
#8387 = PCURVE('',#5999,#8388);
#8388 = DEFINITIONAL_REPRESENTATION('',(#8389),#8397);
#8389 = ( BOUNDED_CURVE() B_SPLINE_CURVE(2,(#8390,#8391,#8392,#8393,
#8394,#8395,#8396),.UNSPECIFIED.,.T.,.F.) B_SPLINE_CURVE_WITH_KNOTS((1,2
    ,2,2,2,1),(-2.094395102393,0.,2.094395102393,4.188790204786,
6.28318530718,8.377580409573),.UNSPECIFIED.) CURVE() 
GEOMETRIC_REPRESENTATION_ITEM() RATIONAL_B_SPLINE_CURVE((1.,0.5,1.,0.5,
1.,0.5,1.)) REPRESENTATION_ITEM('') );
#8390 = CARTESIAN_POINT('',(-0.332659657565,-0.23421032799));
#8391 = CARTESIAN_POINT('',(-0.332659657565,-6.100524723311E-02));
#8392 = CARTESIAN_POINT('',(-0.182659657565,-0.147607787612));
#8393 = CARTESIAN_POINT('',(-3.2659657565E-02,-0.23421032799));
#8394 = CARTESIAN_POINT('',(-0.182659657565,-0.320812868368));
#8395 = CARTESIAN_POINT('',(-0.332659657565,-0.407415408747));
#8396 = CARTESIAN_POINT('',(-0.332659657565,-0.23421032799));
#8397 = ( GEOMETRIC_REPRESENTATION_CONTEXT(2) 
PARAMETRIC_REPRESENTATION_CONTEXT() REPRESENTATION_CONTEXT('2D SPACE',''
  ) );
#8398 = PCURVE('',#7759,#8399);
#8399 = DEFINITIONAL_REPRESENTATION('',(#8400),#8404);
#8400 = LINE('',#8401,#8402);
#8401 = CARTESIAN_POINT('',(0.,-0.41));
#8402 = VECTOR('',#8403,1.);
#8403 = DIRECTION('',(1.,0.));
#8404 = ( GEOMETRIC_REPRESENTATION_CONTEXT(2) 
PARAMETRIC_REPRESENTATION_CONTEXT() REPRESENTATION_CONTEXT('2D SPACE',''
  ) );
#8405 = ORIENTED_EDGE('',*,*,#8406,.T.);
#8406 = EDGE_CURVE('',#8379,#8407,#8409,.T.);
#8407 = VERTEX_POINT('',#8408);
#8408 = CARTESIAN_POINT('',(-2.55,-1.7,0.725));
#8409 = SURFACE_CURVE('',#8410,(#8414,#8421),.PCURVE_S1.);
#8410 = LINE('',#8411,#8412);
#8411 = CARTESIAN_POINT('',(-2.55,-1.7,0.3));
#8412 = VECTOR('',#8413,1.);
#8413 = DIRECTION('',(0.,0.,1.));
#8414 = PCURVE('',#5999,#8415);
#8415 = DEFINITIONAL_REPRESENTATION('',(#8416),#8420);
#8416 = LINE('',#8417,#8418);
#8417 = CARTESIAN_POINT('',(-0.232659657565,-0.13421032799));
#8418 = VECTOR('',#8419,1.);
#8419 = DIRECTION('',(1.,0.));
#8420 = ( GEOMETRIC_REPRESENTATION_CONTEXT(2) 
PARAMETRIC_REPRESENTATION_CONTEXT() REPRESENTATION_CONTEXT('2D SPACE',''
  ) );
#8421 = PCURVE('',#7787,#8422);
#8422 = DEFINITIONAL_REPRESENTATION('',(#8423),#8427);
#8423 = LINE('',#8424,#8425);
#8424 = CARTESIAN_POINT('',(0.,-0.41));
#8425 = VECTOR('',#8426,1.);
#8426 = DIRECTION('',(1.,0.));
#8427 = ( GEOMETRIC_REPRESENTATION_CONTEXT(2) 
PARAMETRIC_REPRESENTATION_CONTEXT() REPRESENTATION_CONTEXT('2D SPACE',''
  ) );
#8428 = ORIENTED_EDGE('',*,*,#8429,.T.);
#8429 = EDGE_CURVE('',#8407,#8430,#8432,.T.);
#8430 = VERTEX_POINT('',#8431);
#8431 = CARTESIAN_POINT('',(-2.25,-1.7,1.025));
#8432 = SURFACE_CURVE('',#8433,(#8438,#8445),.PCURVE_S1.);
#8433 = CIRCLE('',#8434,0.3);
#8434 = AXIS2_PLACEMENT_3D('',#8435,#8436,#8437);
#8435 = CARTESIAN_POINT('',(-2.25,-1.7,0.725));
#8436 = DIRECTION('',(-9.95799250103E-17,1.,0.));
#8437 = DIRECTION('',(-1.,-9.95799250103E-17,3.700743415417E-16));
#8438 = PCURVE('',#5999,#8439);
#8439 = DEFINITIONAL_REPRESENTATION('',(#8440),#8444);
#8440 = CIRCLE('',#8441,0.3);
#8441 = AXIS2_PLACEMENT_2D('',#8442,#8443);
#8442 = CARTESIAN_POINT('',(0.192340342435,0.16578967201));
#8443 = DIRECTION('',(3.700743415417E-16,-1.));
#8444 = ( GEOMETRIC_REPRESENTATION_CONTEXT(2) 
PARAMETRIC_REPRESENTATION_CONTEXT() REPRESENTATION_CONTEXT('2D SPACE',''
  ) );
#8445 = PCURVE('',#7816,#8446);
#8446 = DEFINITIONAL_REPRESENTATION('',(#8447),#8451);
#8447 = LINE('',#8448,#8449);
#8448 = CARTESIAN_POINT('',(6.28318530718,-0.41));
#8449 = VECTOR('',#8450,1.);
#8450 = DIRECTION('',(-1.,0.));
#8451 = ( GEOMETRIC_REPRESENTATION_CONTEXT(2) 
PARAMETRIC_REPRESENTATION_CONTEXT() REPRESENTATION_CONTEXT('2D SPACE',''
  ) );
#8452 = ORIENTED_EDGE('',*,*,#8453,.T.);
#8453 = EDGE_CURVE('',#8430,#6122,#8454,.T.);
#8454 = SURFACE_CURVE('',#8455,(#8459,#8466),.PCURVE_S1.);
#8455 = LINE('',#8456,#8457);
#8456 = CARTESIAN_POINT('',(-2.25,-1.7,1.025));
#8457 = VECTOR('',#8458,1.);
#8458 = DIRECTION('',(1.,9.95799250103E-17,0.));
#8459 = PCURVE('',#5999,#8460);
#8460 = DEFINITIONAL_REPRESENTATION('',(#8461),#8465);
#8461 = LINE('',#8462,#8463);
#8462 = CARTESIAN_POINT('',(0.492340342435,0.16578967201));
#8463 = VECTOR('',#8464,1.);
#8464 = DIRECTION('',(0.,1.));
#8465 = ( GEOMETRIC_REPRESENTATION_CONTEXT(2) 
PARAMETRIC_REPRESENTATION_CONTEXT() REPRESENTATION_CONTEXT('2D SPACE',''
  ) );
#8466 = PCURVE('',#7131,#8467);
#8467 = DEFINITIONAL_REPRESENTATION('',(#8468),#8472);
#8468 = LINE('',#8469,#8470);
#8469 = CARTESIAN_POINT('',(4.082776925422E-17,-0.41));
#8470 = VECTOR('',#8471,1.);
#8471 = DIRECTION('',(1.,0.));
#8472 = ( GEOMETRIC_REPRESENTATION_CONTEXT(2) 
PARAMETRIC_REPRESENTATION_CONTEXT() REPRESENTATION_CONTEXT('2D SPACE',''
  ) );
#8473 = ADVANCED_FACE('',(#8474),#6056,.F.);
#8474 = FACE_BOUND('',#8475,.F.);
#8475 = EDGE_LOOP('',(#8476,#8477,#8478,#8506,#8529,#8553,#8576,#8599,
    #8622,#8650,#8673,#8697));
#8476 = ORIENTED_EDGE('',*,*,#6231,.F.);
#8477 = ORIENTED_EDGE('',*,*,#6040,.T.);
#8478 = ORIENTED_EDGE('',*,*,#8479,.T.);
#8479 = EDGE_CURVE('',#6041,#8480,#8482,.T.);
#8480 = VERTEX_POINT('',#8481);
#8481 = CARTESIAN_POINT('',(-2.35,1.7,0.725));
#8482 = SURFACE_CURVE('',#8483,(#8488,#8499),.PCURVE_S1.);
#8483 = CIRCLE('',#8484,0.1);
#8484 = AXIS2_PLACEMENT_3D('',#8485,#8486,#8487);
#8485 = CARTESIAN_POINT('',(-2.25,1.7,0.725));
#8486 = DIRECTION('',(9.95799250103E-17,-1.,0.));
#8487 = DIRECTION('',(-4.440892098501E-15,-4.422237021476E-31,1.));
#8488 = PCURVE('',#6056,#8489);
#8489 = DEFINITIONAL_REPRESENTATION('',(#8490),#8498);
#8490 = ( BOUNDED_CURVE() B_SPLINE_CURVE(2,(#8491,#8492,#8493,#8494,
#8495,#8496,#8497),.UNSPECIFIED.,.T.,.F.) B_SPLINE_CURVE_WITH_KNOTS((1,2
    ,2,2,2,1),(-2.094395102393,0.,2.094395102393,4.188790204786,
6.28318530718,8.377580409573),.UNSPECIFIED.) CURVE() 
GEOMETRIC_REPRESENTATION_ITEM() RATIONAL_B_SPLINE_CURVE((1.,0.5,1.,0.5,
1.,0.5,1.)) REPRESENTATION_ITEM('') );
#8491 = CARTESIAN_POINT('',(0.292340342435,0.16578967201));
#8492 = CARTESIAN_POINT('',(0.292340342435,-7.415408746888E-03));
#8493 = CARTESIAN_POINT('',(0.142340342435,7.918713163156E-02));
#8494 = CARTESIAN_POINT('',(-7.659657565E-03,0.16578967201));
#8495 = CARTESIAN_POINT('',(0.142340342435,0.252392212388));
#8496 = CARTESIAN_POINT('',(0.292340342435,0.338994752767));
#8497 = CARTESIAN_POINT('',(0.292340342435,0.16578967201));
#8498 = ( GEOMETRIC_REPRESENTATION_CONTEXT(2) 
PARAMETRIC_REPRESENTATION_CONTEXT() REPRESENTATION_CONTEXT('2D SPACE',''
  ) );
#8499 = PCURVE('',#6106,#8500);
#8500 = DEFINITIONAL_REPRESENTATION('',(#8501),#8505);
#8501 = LINE('',#8502,#8503);
#8502 = CARTESIAN_POINT('',(0.,0.));
#8503 = VECTOR('',#8504,1.);
#8504 = DIRECTION('',(1.,0.));
#8505 = ( GEOMETRIC_REPRESENTATION_CONTEXT(2) 
PARAMETRIC_REPRESENTATION_CONTEXT() REPRESENTATION_CONTEXT('2D SPACE',''
  ) );
#8506 = ORIENTED_EDGE('',*,*,#8507,.T.);
#8507 = EDGE_CURVE('',#8480,#8508,#8510,.T.);
#8508 = VERTEX_POINT('',#8509);
#8509 = CARTESIAN_POINT('',(-2.35,1.7,0.3));
#8510 = SURFACE_CURVE('',#8511,(#8515,#8522),.PCURVE_S1.);
#8511 = LINE('',#8512,#8513);
#8512 = CARTESIAN_POINT('',(-2.35,1.7,0.725));
#8513 = VECTOR('',#8514,1.);
#8514 = DIRECTION('',(-1.044915787883E-15,-1.040526357994E-31,-1.));
#8515 = PCURVE('',#6056,#8516);
#8516 = DEFINITIONAL_REPRESENTATION('',(#8517),#8521);
#8517 = LINE('',#8518,#8519);
#8518 = CARTESIAN_POINT('',(0.192340342435,6.578967201E-02));
#8519 = VECTOR('',#8520,1.);
#8520 = DIRECTION('',(-1.,-1.044915787883E-15));
#8521 = ( GEOMETRIC_REPRESENTATION_CONTEXT(2) 
PARAMETRIC_REPRESENTATION_CONTEXT() REPRESENTATION_CONTEXT('2D SPACE',''
  ) );
#8522 = PCURVE('',#7898,#8523);
#8523 = DEFINITIONAL_REPRESENTATION('',(#8524),#8528);
#8524 = LINE('',#8525,#8526);
#8525 = CARTESIAN_POINT('',(-0.,0.));
#8526 = VECTOR('',#8527,1.);
#8527 = DIRECTION('',(1.,0.));
#8528 = ( GEOMETRIC_REPRESENTATION_CONTEXT(2) 
PARAMETRIC_REPRESENTATION_CONTEXT() REPRESENTATION_CONTEXT('2D SPACE',''
  ) );
#8529 = ORIENTED_EDGE('',*,*,#8530,.T.);
#8530 = EDGE_CURVE('',#8508,#8531,#8533,.T.);
#8531 = VERTEX_POINT('',#8532);
#8532 = CARTESIAN_POINT('',(-2.65,1.7,5.551115123126E-17));
#8533 = SURFACE_CURVE('',#8534,(#8539,#8546),.PCURVE_S1.);
#8534 = CIRCLE('',#8535,0.3);
#8535 = AXIS2_PLACEMENT_3D('',#8536,#8537,#8538);
#8536 = CARTESIAN_POINT('',(-2.65,1.7,0.3));
#8537 = DIRECTION('',(-9.95799250103E-17,1.,0.));
#8538 = DIRECTION('',(1.,9.95799250103E-17,3.515706244646E-15));
#8539 = PCURVE('',#6056,#8540);
#8540 = DEFINITIONAL_REPRESENTATION('',(#8541),#8545);
#8541 = CIRCLE('',#8542,0.3);
#8542 = AXIS2_PLACEMENT_2D('',#8543,#8544);
#8543 = CARTESIAN_POINT('',(-0.232659657565,-0.23421032799));
#8544 = DIRECTION('',(3.515706244646E-15,1.));
#8545 = ( GEOMETRIC_REPRESENTATION_CONTEXT(2) 
PARAMETRIC_REPRESENTATION_CONTEXT() REPRESENTATION_CONTEXT('2D SPACE',''
  ) );
#8546 = PCURVE('',#7927,#8547);
#8547 = DEFINITIONAL_REPRESENTATION('',(#8548),#8552);
#8548 = LINE('',#8549,#8550);
#8549 = CARTESIAN_POINT('',(6.28318530718,0.));
#8550 = VECTOR('',#8551,1.);
#8551 = DIRECTION('',(-1.,0.));
#8552 = ( GEOMETRIC_REPRESENTATION_CONTEXT(2) 
PARAMETRIC_REPRESENTATION_CONTEXT() REPRESENTATION_CONTEXT('2D SPACE',''
  ) );
#8553 = ORIENTED_EDGE('',*,*,#8554,.T.);
#8554 = EDGE_CURVE('',#8531,#8555,#8557,.T.);
#8555 = VERTEX_POINT('',#8556);
#8556 = CARTESIAN_POINT('',(-3.,1.7,5.551115123126E-17));
#8557 = SURFACE_CURVE('',#8558,(#8562,#8569),.PCURVE_S1.);
#8558 = LINE('',#8559,#8560);
#8559 = CARTESIAN_POINT('',(-2.65,1.7,5.551115123126E-17));
#8560 = VECTOR('',#8561,1.);
#8561 = DIRECTION('',(-1.,-9.95799250103E-17,0.));
#8562 = PCURVE('',#6056,#8563);
#8563 = DEFINITIONAL_REPRESENTATION('',(#8564),#8568);
#8564 = LINE('',#8565,#8566);
#8565 = CARTESIAN_POINT('',(-0.532659657565,-0.23421032799));
#8566 = VECTOR('',#8567,1.);
#8567 = DIRECTION('',(0.,-1.));
#8568 = ( GEOMETRIC_REPRESENTATION_CONTEXT(2) 
PARAMETRIC_REPRESENTATION_CONTEXT() REPRESENTATION_CONTEXT('2D SPACE',''
  ) );
#8569 = PCURVE('',#7955,#8570);
#8570 = DEFINITIONAL_REPRESENTATION('',(#8571),#8575);
#8571 = LINE('',#8572,#8573);
#8572 = CARTESIAN_POINT('',(0.,0.));
#8573 = VECTOR('',#8574,1.);
#8574 = DIRECTION('',(1.,0.));
#8575 = ( GEOMETRIC_REPRESENTATION_CONTEXT(2) 
PARAMETRIC_REPRESENTATION_CONTEXT() REPRESENTATION_CONTEXT('2D SPACE',''
  ) );
#8576 = ORIENTED_EDGE('',*,*,#8577,.T.);
#8577 = EDGE_CURVE('',#8555,#8578,#8580,.T.);
#8578 = VERTEX_POINT('',#8579);
#8579 = CARTESIAN_POINT('',(-3.,1.7,0.2));
#8580 = SURFACE_CURVE('',#8581,(#8585,#8592),.PCURVE_S1.);
#8581 = LINE('',#8582,#8583);
#8582 = CARTESIAN_POINT('',(-3.,1.7,5.551115123126E-17));
#8583 = VECTOR('',#8584,1.);
#8584 = DIRECTION('',(0.,0.,1.));
#8585 = PCURVE('',#6056,#8586);
#8586 = DEFINITIONAL_REPRESENTATION('',(#8587),#8591);
#8587 = LINE('',#8588,#8589);
#8588 = CARTESIAN_POINT('',(-0.532659657565,-0.58421032799));
#8589 = VECTOR('',#8590,1.);
#8590 = DIRECTION('',(1.,0.));
#8591 = ( GEOMETRIC_REPRESENTATION_CONTEXT(2) 
PARAMETRIC_REPRESENTATION_CONTEXT() REPRESENTATION_CONTEXT('2D SPACE',''
  ) );
#8592 = PCURVE('',#7983,#8593);
#8593 = DEFINITIONAL_REPRESENTATION('',(#8594),#8598);
#8594 = LINE('',#8595,#8596);
#8595 = CARTESIAN_POINT('',(0.,0.));
#8596 = VECTOR('',#8597,1.);
#8597 = DIRECTION('',(1.,0.));
#8598 = ( GEOMETRIC_REPRESENTATION_CONTEXT(2) 
PARAMETRIC_REPRESENTATION_CONTEXT() REPRESENTATION_CONTEXT('2D SPACE',''
  ) );
#8599 = ORIENTED_EDGE('',*,*,#8600,.T.);
#8600 = EDGE_CURVE('',#8578,#8601,#8603,.T.);
#8601 = VERTEX_POINT('',#8602);
#8602 = CARTESIAN_POINT('',(-2.65,1.7,0.2));
#8603 = SURFACE_CURVE('',#8604,(#8608,#8615),.PCURVE_S1.);
#8604 = LINE('',#8605,#8606);
#8605 = CARTESIAN_POINT('',(-3.,1.7,0.2));
#8606 = VECTOR('',#8607,1.);
#8607 = DIRECTION('',(1.,9.95799250103E-17,0.));
#8608 = PCURVE('',#6056,#8609);
#8609 = DEFINITIONAL_REPRESENTATION('',(#8610),#8614);
#8610 = LINE('',#8611,#8612);
#8611 = CARTESIAN_POINT('',(-0.332659657565,-0.58421032799));
#8612 = VECTOR('',#8613,1.);
#8613 = DIRECTION('',(0.,1.));
#8614 = ( GEOMETRIC_REPRESENTATION_CONTEXT(2) 
PARAMETRIC_REPRESENTATION_CONTEXT() REPRESENTATION_CONTEXT('2D SPACE',''
  ) );
#8615 = PCURVE('',#8011,#8616);
#8616 = DEFINITIONAL_REPRESENTATION('',(#8617),#8621);
#8617 = LINE('',#8618,#8619);
#8618 = CARTESIAN_POINT('',(0.,0.));
#8619 = VECTOR('',#8620,1.);
#8620 = DIRECTION('',(1.,0.));
#8621 = ( GEOMETRIC_REPRESENTATION_CONTEXT(2) 
PARAMETRIC_REPRESENTATION_CONTEXT() REPRESENTATION_CONTEXT('2D SPACE',''
  ) );
#8622 = ORIENTED_EDGE('',*,*,#8623,.T.);
#8623 = EDGE_CURVE('',#8601,#8624,#8626,.T.);
#8624 = VERTEX_POINT('',#8625);
#8625 = CARTESIAN_POINT('',(-2.55,1.7,0.3));
#8626 = SURFACE_CURVE('',#8627,(#8632,#8643),.PCURVE_S1.);
#8627 = CIRCLE('',#8628,0.1);
#8628 = AXIS2_PLACEMENT_3D('',#8629,#8630,#8631);
#8629 = CARTESIAN_POINT('',(-2.65,1.7,0.3));
#8630 = DIRECTION('',(9.95799250103E-17,-1.,-0.));
#8631 = DIRECTION('',(-0.,0.,-1.));
#8632 = PCURVE('',#6056,#8633);
#8633 = DEFINITIONAL_REPRESENTATION('',(#8634),#8642);
#8634 = ( BOUNDED_CURVE() B_SPLINE_CURVE(2,(#8635,#8636,#8637,#8638,
#8639,#8640,#8641),.UNSPECIFIED.,.T.,.F.) B_SPLINE_CURVE_WITH_KNOTS((1,2
    ,2,2,2,1),(-2.094395102393,0.,2.094395102393,4.188790204786,
6.28318530718,8.377580409573),.UNSPECIFIED.) CURVE() 
GEOMETRIC_REPRESENTATION_ITEM() RATIONAL_B_SPLINE_CURVE((1.,0.5,1.,0.5,
1.,0.5,1.)) REPRESENTATION_ITEM('') );
#8635 = CARTESIAN_POINT('',(-0.332659657565,-0.23421032799));
#8636 = CARTESIAN_POINT('',(-0.332659657565,-6.100524723311E-02));
#8637 = CARTESIAN_POINT('',(-0.182659657565,-0.147607787612));
#8638 = CARTESIAN_POINT('',(-3.2659657565E-02,-0.23421032799));
#8639 = CARTESIAN_POINT('',(-0.182659657565,-0.320812868368));
#8640 = CARTESIAN_POINT('',(-0.332659657565,-0.407415408747));
#8641 = CARTESIAN_POINT('',(-0.332659657565,-0.23421032799));
#8642 = ( GEOMETRIC_REPRESENTATION_CONTEXT(2) 
PARAMETRIC_REPRESENTATION_CONTEXT() REPRESENTATION_CONTEXT('2D SPACE',''
  ) );
#8643 = PCURVE('',#8044,#8644);
#8644 = DEFINITIONAL_REPRESENTATION('',(#8645),#8649);
#8645 = LINE('',#8646,#8647);
#8646 = CARTESIAN_POINT('',(0.,0.));
#8647 = VECTOR('',#8648,1.);
#8648 = DIRECTION('',(1.,0.));
#8649 = ( GEOMETRIC_REPRESENTATION_CONTEXT(2) 
PARAMETRIC_REPRESENTATION_CONTEXT() REPRESENTATION_CONTEXT('2D SPACE',''
  ) );
#8650 = ORIENTED_EDGE('',*,*,#8651,.T.);
#8651 = EDGE_CURVE('',#8624,#8652,#8654,.T.);
#8652 = VERTEX_POINT('',#8653);
#8653 = CARTESIAN_POINT('',(-2.55,1.7,0.725));
#8654 = SURFACE_CURVE('',#8655,(#8659,#8666),.PCURVE_S1.);
#8655 = LINE('',#8656,#8657);
#8656 = CARTESIAN_POINT('',(-2.55,1.7,0.3));
#8657 = VECTOR('',#8658,1.);
#8658 = DIRECTION('',(0.,0.,1.));
#8659 = PCURVE('',#6056,#8660);
#8660 = DEFINITIONAL_REPRESENTATION('',(#8661),#8665);
#8661 = LINE('',#8662,#8663);
#8662 = CARTESIAN_POINT('',(-0.232659657565,-0.13421032799));
#8663 = VECTOR('',#8664,1.);
#8664 = DIRECTION('',(1.,0.));
#8665 = ( GEOMETRIC_REPRESENTATION_CONTEXT(2) 
PARAMETRIC_REPRESENTATION_CONTEXT() REPRESENTATION_CONTEXT('2D SPACE',''
  ) );
#8666 = PCURVE('',#8072,#8667);
#8667 = DEFINITIONAL_REPRESENTATION('',(#8668),#8672);
#8668 = LINE('',#8669,#8670);
#8669 = CARTESIAN_POINT('',(0.,0.));
#8670 = VECTOR('',#8671,1.);
#8671 = DIRECTION('',(1.,0.));
#8672 = ( GEOMETRIC_REPRESENTATION_CONTEXT(2) 
PARAMETRIC_REPRESENTATION_CONTEXT() REPRESENTATION_CONTEXT('2D SPACE',''
  ) );
#8673 = ORIENTED_EDGE('',*,*,#8674,.T.);
#8674 = EDGE_CURVE('',#8652,#8675,#8677,.T.);
#8675 = VERTEX_POINT('',#8676);
#8676 = CARTESIAN_POINT('',(-2.25,1.7,1.025));
#8677 = SURFACE_CURVE('',#8678,(#8683,#8690),.PCURVE_S1.);
#8678 = CIRCLE('',#8679,0.3);
#8679 = AXIS2_PLACEMENT_3D('',#8680,#8681,#8682);
#8680 = CARTESIAN_POINT('',(-2.25,1.7,0.725));
#8681 = DIRECTION('',(-9.95799250103E-17,1.,0.));
#8682 = DIRECTION('',(-1.,-9.95799250103E-17,3.700743415417E-16));
#8683 = PCURVE('',#6056,#8684);
#8684 = DEFINITIONAL_REPRESENTATION('',(#8685),#8689);
#8685 = CIRCLE('',#8686,0.3);
#8686 = AXIS2_PLACEMENT_2D('',#8687,#8688);
#8687 = CARTESIAN_POINT('',(0.192340342435,0.16578967201));
#8688 = DIRECTION('',(3.700743415417E-16,-1.));
#8689 = ( GEOMETRIC_REPRESENTATION_CONTEXT(2) 
PARAMETRIC_REPRESENTATION_CONTEXT() REPRESENTATION_CONTEXT('2D SPACE',''
  ) );
#8690 = PCURVE('',#8101,#8691);
#8691 = DEFINITIONAL_REPRESENTATION('',(#8692),#8696);
#8692 = LINE('',#8693,#8694);
#8693 = CARTESIAN_POINT('',(6.28318530718,0.));
#8694 = VECTOR('',#8695,1.);
#8695 = DIRECTION('',(-1.,0.));
#8696 = ( GEOMETRIC_REPRESENTATION_CONTEXT(2) 
PARAMETRIC_REPRESENTATION_CONTEXT() REPRESENTATION_CONTEXT('2D SPACE',''
  ) );
#8697 = ORIENTED_EDGE('',*,*,#8698,.T.);
#8698 = EDGE_CURVE('',#8675,#6232,#8699,.T.);
#8699 = SURFACE_CURVE('',#8700,(#8704,#8711),.PCURVE_S1.);
#8700 = LINE('',#8701,#8702);
#8701 = CARTESIAN_POINT('',(-2.25,1.7,1.025));
#8702 = VECTOR('',#8703,1.);
#8703 = DIRECTION('',(1.,9.95799250103E-17,0.));
#8704 = PCURVE('',#6056,#8705);
#8705 = DEFINITIONAL_REPRESENTATION('',(#8706),#8710);
#8706 = LINE('',#8707,#8708);
#8707 = CARTESIAN_POINT('',(0.492340342435,0.16578967201));
#8708 = VECTOR('',#8709,1.);
#8709 = DIRECTION('',(0.,1.));
#8710 = ( GEOMETRIC_REPRESENTATION_CONTEXT(2) 
PARAMETRIC_REPRESENTATION_CONTEXT() REPRESENTATION_CONTEXT('2D SPACE',''
  ) );
#8711 = PCURVE('',#7281,#8712);
#8712 = DEFINITIONAL_REPRESENTATION('',(#8713),#8717);
#8713 = LINE('',#8714,#8715);
#8714 = CARTESIAN_POINT('',(0.,0.));
#8715 = VECTOR('',#8716,1.);
#8716 = DIRECTION('',(1.,0.));
#8717 = ( GEOMETRIC_REPRESENTATION_CONTEXT(2) 
PARAMETRIC_REPRESENTATION_CONTEXT() REPRESENTATION_CONTEXT('2D SPACE',''
  ) );
#8718 = ADVANCED_FACE('',(#8719),#6106,.F.);
#8719 = FACE_BOUND('',#8720,.F.);
#8720 = EDGE_LOOP('',(#8721,#8722,#8723,#8744));
#8721 = ORIENTED_EDGE('',*,*,#6092,.T.);
#8722 = ORIENTED_EDGE('',*,*,#7854,.T.);
#8723 = ORIENTED_EDGE('',*,*,#8724,.F.);
#8724 = EDGE_CURVE('',#8480,#7855,#8725,.T.);
#8725 = SURFACE_CURVE('',#8726,(#8730,#8737),.PCURVE_S1.);
#8726 = LINE('',#8727,#8728);
#8727 = CARTESIAN_POINT('',(-2.35,1.7,0.725));
#8728 = VECTOR('',#8729,1.);
#8729 = DIRECTION('',(-9.95799250103E-17,1.,0.));
#8730 = PCURVE('',#6106,#8731);
#8731 = DEFINITIONAL_REPRESENTATION('',(#8732),#8736);
#8732 = LINE('',#8733,#8734);
#8733 = CARTESIAN_POINT('',(1.570796326795,0.));
#8734 = VECTOR('',#8735,1.);
#8735 = DIRECTION('',(0.,-1.));
#8736 = ( GEOMETRIC_REPRESENTATION_CONTEXT(2) 
PARAMETRIC_REPRESENTATION_CONTEXT() REPRESENTATION_CONTEXT('2D SPACE',''
  ) );
#8737 = PCURVE('',#7898,#8738);
#8738 = DEFINITIONAL_REPRESENTATION('',(#8739),#8743);
#8739 = LINE('',#8740,#8741);
#8740 = CARTESIAN_POINT('',(-0.,0.));
#8741 = VECTOR('',#8742,1.);
#8742 = DIRECTION('',(6.767833676919E-44,-1.));
#8743 = ( GEOMETRIC_REPRESENTATION_CONTEXT(2) 
PARAMETRIC_REPRESENTATION_CONTEXT() REPRESENTATION_CONTEXT('2D SPACE',''
  ) );
#8744 = ORIENTED_EDGE('',*,*,#8479,.F.);
#8745 = ADVANCED_FACE('',(#8746),#6187,.F.);
#8746 = FACE_BOUND('',#8747,.F.);
#8747 = EDGE_LOOP('',(#8748,#8791,#8792,#8812));
#8748 = ORIENTED_EDGE('',*,*,#8749,.F.);
#8749 = EDGE_CURVE('',#6122,#7116,#8750,.T.);
#8750 = SURFACE_CURVE('',#8751,(#8755,#8784),.PCURVE_S1.);
#8751 = LINE('',#8752,#8753);
#8752 = CARTESIAN_POINT('',(-2.25,-1.7,1.025));
#8753 = VECTOR('',#8754,1.);
#8754 = DIRECTION('',(1.,9.95799250103E-17,0.));
#8755 = PCURVE('',#6187,#8756);
#8756 = DEFINITIONAL_REPRESENTATION('',(#8757),#8783);
#8757 = B_SPLINE_CURVE_WITH_KNOTS('',3,(#8758,#8759,#8760,#8761,#8762,
    #8763,#8764,#8765,#8766,#8767,#8768,#8769,#8770,#8771,#8772,#8773,
    #8774,#8775,#8776,#8777,#8778,#8779,#8780,#8781,#8782),
  .UNSPECIFIED.,.F.,.F.,(4,1,1,1,1,1,1,1,1,1,1,1,1,1,1,1,1,1,1,1,1,1,4),
  (0.3,0.303409090909,0.306818181818,0.310227272727,0.313636363636,
    0.317045454545,0.320454545455,0.323863636364,0.327272727273,
    0.330681818182,0.334090909091,0.3375,0.340909090909,0.344318181818,
    0.347727272727,0.351136363636,0.354545454545,0.357954545455,
    0.361363636364,0.364772727273,0.368181818182,0.371590909091,0.375),
  .QUASI_UNIFORM_KNOTS.);
#8758 = CARTESIAN_POINT('',(0.575,0.));
#8759 = CARTESIAN_POINT('',(0.574575424574,1.515151515152E-02));
#8760 = CARTESIAN_POINT('',(0.5737256375,4.545454545455E-02));
#8761 = CARTESIAN_POINT('',(0.57244904391,9.090909090909E-02));
#8762 = CARTESIAN_POINT('',(0.571170533034,0.136363636364));
#8763 = CARTESIAN_POINT('',(0.56989010055,0.181818181818));
#8764 = CARTESIAN_POINT('',(0.568607742122,0.227272727273));
#8765 = CARTESIAN_POINT('',(0.567323453401,0.272727272727));
#8766 = CARTESIAN_POINT('',(0.566037230026,0.318181818182));
#8767 = CARTESIAN_POINT('',(0.564749067621,0.363636363636));
#8768 = CARTESIAN_POINT('',(0.5634589618,0.409090909091));
#8769 = CARTESIAN_POINT('',(0.56216690816,0.454545454545));
#8770 = CARTESIAN_POINT('',(0.560872902287,0.5));
#8771 = CARTESIAN_POINT('',(0.559576939754,0.545454545455));
#8772 = CARTESIAN_POINT('',(0.558279016117,0.590909090909));
#8773 = CARTESIAN_POINT('',(0.556979126924,0.636363636364));
#8774 = CARTESIAN_POINT('',(0.555677267705,0.681818181818));
#8775 = CARTESIAN_POINT('',(0.554373433979,0.727272727273));
#8776 = CARTESIAN_POINT('',(0.553067621251,0.772727272727));
#8777 = CARTESIAN_POINT('',(0.55175982501,0.818181818182));
#8778 = CARTESIAN_POINT('',(0.550450040735,0.863636363636));
#8779 = CARTESIAN_POINT('',(0.549138263888,0.909090909091));
#8780 = CARTESIAN_POINT('',(0.54782448992,0.954545454545));
#8781 = CARTESIAN_POINT('',(0.546947306149,0.984848484848));
#8782 = CARTESIAN_POINT('',(0.546508379888,1.));
#8783 = ( GEOMETRIC_REPRESENTATION_CONTEXT(2) 
PARAMETRIC_REPRESENTATION_CONTEXT() REPRESENTATION_CONTEXT('2D SPACE',''
  ) );
#8784 = PCURVE('',#7131,#8785);
#8785 = DEFINITIONAL_REPRESENTATION('',(#8786),#8790);
#8786 = LINE('',#8787,#8788);
#8787 = CARTESIAN_POINT('',(4.082776925422E-17,-0.41));
#8788 = VECTOR('',#8789,1.);
#8789 = DIRECTION('',(1.,0.));
#8790 = ( GEOMETRIC_REPRESENTATION_CONTEXT(2) 
PARAMETRIC_REPRESENTATION_CONTEXT() REPRESENTATION_CONTEXT('2D SPACE',''
  ) );
#8791 = ORIENTED_EDGE('',*,*,#6173,.T.);
#8792 = ORIENTED_EDGE('',*,*,#8793,.T.);
#8793 = EDGE_CURVE('',#6146,#7144,#8794,.T.);
#8794 = SURFACE_CURVE('',#8795,(#8799,#8805),.PCURVE_S1.);
#8795 = LINE('',#8796,#8797);
#8796 = CARTESIAN_POINT('',(-2.25,-0.84,1.025));
#8797 = VECTOR('',#8798,1.);
#8798 = DIRECTION('',(1.,9.95799250103E-17,0.));
#8799 = PCURVE('',#6187,#8800);
#8800 = DEFINITIONAL_REPRESENTATION('',(#8801),#8804);
#8801 = B_SPLINE_CURVE_WITH_KNOTS('',1,(#8802,#8803),.UNSPECIFIED.,.F.,
  .F.,(2,2),(0.3,0.375),.PIECEWISE_BEZIER_KNOTS.);
#8802 = CARTESIAN_POINT('',(1.435,2.878609801729E-16));
#8803 = CARTESIAN_POINT('',(1.420921787709,1.));
#8804 = ( GEOMETRIC_REPRESENTATION_CONTEXT(2) 
PARAMETRIC_REPRESENTATION_CONTEXT() REPRESENTATION_CONTEXT('2D SPACE',''
  ) );
#8805 = PCURVE('',#7181,#8806);
#8806 = DEFINITIONAL_REPRESENTATION('',(#8807),#8811);
#8807 = LINE('',#8808,#8809);
#8808 = CARTESIAN_POINT('',(0.,0.));
#8809 = VECTOR('',#8810,1.);
#8810 = DIRECTION('',(1.,0.));
#8811 = ( GEOMETRIC_REPRESENTATION_CONTEXT(2) 
PARAMETRIC_REPRESENTATION_CONTEXT() REPRESENTATION_CONTEXT('2D SPACE',''
  ) );
#8812 = ORIENTED_EDGE('',*,*,#7143,.F.);
#8813 = ADVANCED_FACE('',(#8814),#6161,.F.);
#8814 = FACE_BOUND('',#8815,.F.);
#8815 = EDGE_LOOP('',(#8816,#8817,#8818,#8846,#8874,#8903,#8931,#8959,
    #8987,#9020,#9048,#9077));
#8816 = ORIENTED_EDGE('',*,*,#6145,.F.);
#8817 = ORIENTED_EDGE('',*,*,#6283,.T.);
#8818 = ORIENTED_EDGE('',*,*,#8819,.T.);
#8819 = EDGE_CURVE('',#6284,#8820,#8822,.T.);
#8820 = VERTEX_POINT('',#8821);
#8821 = CARTESIAN_POINT('',(-2.35,-0.84,0.725));
#8822 = SURFACE_CURVE('',#8823,(#8828,#8839),.PCURVE_S1.);
#8823 = CIRCLE('',#8824,0.1);
#8824 = AXIS2_PLACEMENT_3D('',#8825,#8826,#8827);
#8825 = CARTESIAN_POINT('',(-2.25,-0.84,0.725));
#8826 = DIRECTION('',(9.95799250103E-17,-1.,0.));
#8827 = DIRECTION('',(-4.440892098501E-15,-4.422237021476E-31,1.));
#8828 = PCURVE('',#6161,#8829);
#8829 = DEFINITIONAL_REPRESENTATION('',(#8830),#8838);
#8830 = ( BOUNDED_CURVE() B_SPLINE_CURVE(2,(#8831,#8832,#8833,#8834,
#8835,#8836,#8837),.UNSPECIFIED.,.T.,.F.) B_SPLINE_CURVE_WITH_KNOTS((1,2
    ,2,2,2,1),(-2.094395102393,0.,2.094395102393,4.188790204786,
6.28318530718,8.377580409573),.UNSPECIFIED.) CURVE() 
GEOMETRIC_REPRESENTATION_ITEM() RATIONAL_B_SPLINE_CURVE((1.,0.5,1.,0.5,
1.,0.5,1.)) REPRESENTATION_ITEM('') );
#8831 = CARTESIAN_POINT('',(0.292340342435,0.16578967201));
#8832 = CARTESIAN_POINT('',(0.292340342435,-7.415408746888E-03));
#8833 = CARTESIAN_POINT('',(0.142340342435,7.918713163156E-02));
#8834 = CARTESIAN_POINT('',(-7.659657565E-03,0.16578967201));
#8835 = CARTESIAN_POINT('',(0.142340342435,0.252392212388));
#8836 = CARTESIAN_POINT('',(0.292340342435,0.338994752767));
#8837 = CARTESIAN_POINT('',(0.292340342435,0.16578967201));
#8838 = ( GEOMETRIC_REPRESENTATION_CONTEXT(2) 
PARAMETRIC_REPRESENTATION_CONTEXT() REPRESENTATION_CONTEXT('2D SPACE',''
  ) );
#8839 = PCURVE('',#6349,#8840);
#8840 = DEFINITIONAL_REPRESENTATION('',(#8841),#8845);
#8841 = LINE('',#8842,#8843);
#8842 = CARTESIAN_POINT('',(0.,0.));
#8843 = VECTOR('',#8844,1.);
#8844 = DIRECTION('',(1.,0.));
#8845 = ( GEOMETRIC_REPRESENTATION_CONTEXT(2) 
PARAMETRIC_REPRESENTATION_CONTEXT() REPRESENTATION_CONTEXT('2D SPACE',''
  ) );
#8846 = ORIENTED_EDGE('',*,*,#8847,.T.);
#8847 = EDGE_CURVE('',#8820,#8848,#8850,.T.);
#8848 = VERTEX_POINT('',#8849);
#8849 = CARTESIAN_POINT('',(-2.35,-0.84,0.3));
#8850 = SURFACE_CURVE('',#8851,(#8855,#8862),.PCURVE_S1.);
#8851 = LINE('',#8852,#8853);
#8852 = CARTESIAN_POINT('',(-2.35,-0.84,0.725));
#8853 = VECTOR('',#8854,1.);
#8854 = DIRECTION('',(-1.044915787883E-15,-1.040526357994E-31,-1.));
#8855 = PCURVE('',#6161,#8856);
#8856 = DEFINITIONAL_REPRESENTATION('',(#8857),#8861);
#8857 = LINE('',#8858,#8859);
#8858 = CARTESIAN_POINT('',(0.192340342435,6.578967201E-02));
#8859 = VECTOR('',#8860,1.);
#8860 = DIRECTION('',(-1.,-1.044915787883E-15));
#8861 = ( GEOMETRIC_REPRESENTATION_CONTEXT(2) 
PARAMETRIC_REPRESENTATION_CONTEXT() REPRESENTATION_CONTEXT('2D SPACE',''
  ) );
#8862 = PCURVE('',#8863,#8868);
#8863 = PLANE('',#8864);
#8864 = AXIS2_PLACEMENT_3D('',#8865,#8866,#8867);
#8865 = CARTESIAN_POINT('',(-2.35,-0.84,0.725));
#8866 = DIRECTION('',(-1.,-9.95799250103E-17,1.044915787883E-15));
#8867 = DIRECTION('',(-1.044915787883E-15,-1.040526357994E-31,-1.));
#8868 = DEFINITIONAL_REPRESENTATION('',(#8869),#8873);
#8869 = LINE('',#8870,#8871);
#8870 = CARTESIAN_POINT('',(-0.,0.));
#8871 = VECTOR('',#8872,1.);
#8872 = DIRECTION('',(1.,0.));
#8873 = ( GEOMETRIC_REPRESENTATION_CONTEXT(2) 
PARAMETRIC_REPRESENTATION_CONTEXT() REPRESENTATION_CONTEXT('2D SPACE',''
  ) );
#8874 = ORIENTED_EDGE('',*,*,#8875,.T.);
#8875 = EDGE_CURVE('',#8848,#8876,#8878,.T.);
#8876 = VERTEX_POINT('',#8877);
#8877 = CARTESIAN_POINT('',(-2.65,-0.84,5.551115123126E-17));
#8878 = SURFACE_CURVE('',#8879,(#8884,#8891),.PCURVE_S1.);
#8879 = CIRCLE('',#8880,0.3);
#8880 = AXIS2_PLACEMENT_3D('',#8881,#8882,#8883);
#8881 = CARTESIAN_POINT('',(-2.65,-0.84,0.3));
#8882 = DIRECTION('',(-9.95799250103E-17,1.,0.));
#8883 = DIRECTION('',(1.,9.95799250103E-17,3.515706244646E-15));
#8884 = PCURVE('',#6161,#8885);
#8885 = DEFINITIONAL_REPRESENTATION('',(#8886),#8890);
#8886 = CIRCLE('',#8887,0.3);
#8887 = AXIS2_PLACEMENT_2D('',#8888,#8889);
#8888 = CARTESIAN_POINT('',(-0.232659657565,-0.23421032799));
#8889 = DIRECTION('',(3.515706244646E-15,1.));
#8890 = ( GEOMETRIC_REPRESENTATION_CONTEXT(2) 
PARAMETRIC_REPRESENTATION_CONTEXT() REPRESENTATION_CONTEXT('2D SPACE',''
  ) );
#8891 = PCURVE('',#8892,#8897);
#8892 = CYLINDRICAL_SURFACE('',#8893,0.3);
#8893 = AXIS2_PLACEMENT_3D('',#8894,#8895,#8896);
#8894 = CARTESIAN_POINT('',(-2.65,-0.84,0.3));
#8895 = DIRECTION('',(9.95799250103E-17,-1.,-0.));
#8896 = DIRECTION('',(1.,9.95799250103E-17,3.515706244646E-15));
#8897 = DEFINITIONAL_REPRESENTATION('',(#8898),#8902);
#8898 = LINE('',#8899,#8900);
#8899 = CARTESIAN_POINT('',(6.28318530718,0.));
#8900 = VECTOR('',#8901,1.);
#8901 = DIRECTION('',(-1.,0.));
#8902 = ( GEOMETRIC_REPRESENTATION_CONTEXT(2) 
PARAMETRIC_REPRESENTATION_CONTEXT() REPRESENTATION_CONTEXT('2D SPACE',''
  ) );
#8903 = ORIENTED_EDGE('',*,*,#8904,.T.);
#8904 = EDGE_CURVE('',#8876,#8905,#8907,.T.);
#8905 = VERTEX_POINT('',#8906);
#8906 = CARTESIAN_POINT('',(-3.,-0.84,5.551115123126E-17));
#8907 = SURFACE_CURVE('',#8908,(#8912,#8919),.PCURVE_S1.);
#8908 = LINE('',#8909,#8910);
#8909 = CARTESIAN_POINT('',(-2.65,-0.84,5.551115123126E-17));
#8910 = VECTOR('',#8911,1.);
#8911 = DIRECTION('',(-1.,-9.95799250103E-17,0.));
#8912 = PCURVE('',#6161,#8913);
#8913 = DEFINITIONAL_REPRESENTATION('',(#8914),#8918);
#8914 = LINE('',#8915,#8916);
#8915 = CARTESIAN_POINT('',(-0.532659657565,-0.23421032799));
#8916 = VECTOR('',#8917,1.);
#8917 = DIRECTION('',(0.,-1.));
#8918 = ( GEOMETRIC_REPRESENTATION_CONTEXT(2) 
PARAMETRIC_REPRESENTATION_CONTEXT() REPRESENTATION_CONTEXT('2D SPACE',''
  ) );
#8919 = PCURVE('',#8920,#8925);
#8920 = PLANE('',#8921);
#8921 = AXIS2_PLACEMENT_3D('',#8922,#8923,#8924);
#8922 = CARTESIAN_POINT('',(-2.65,-0.84,5.551115123126E-17));
#8923 = DIRECTION('',(0.,0.,1.));
#8924 = DIRECTION('',(-1.,-9.95799250103E-17,0.));
#8925 = DEFINITIONAL_REPRESENTATION('',(#8926),#8930);
#8926 = LINE('',#8927,#8928);
#8927 = CARTESIAN_POINT('',(0.,0.));
#8928 = VECTOR('',#8929,1.);
#8929 = DIRECTION('',(1.,0.));
#8930 = ( GEOMETRIC_REPRESENTATION_CONTEXT(2) 
PARAMETRIC_REPRESENTATION_CONTEXT() REPRESENTATION_CONTEXT('2D SPACE',''
  ) );
#8931 = ORIENTED_EDGE('',*,*,#8932,.T.);
#8932 = EDGE_CURVE('',#8905,#8933,#8935,.T.);
#8933 = VERTEX_POINT('',#8934);
#8934 = CARTESIAN_POINT('',(-3.,-0.84,0.2));
#8935 = SURFACE_CURVE('',#8936,(#8940,#8947),.PCURVE_S1.);
#8936 = LINE('',#8937,#8938);
#8937 = CARTESIAN_POINT('',(-3.,-0.84,5.551115123126E-17));
#8938 = VECTOR('',#8939,1.);
#8939 = DIRECTION('',(0.,0.,1.));
#8940 = PCURVE('',#6161,#8941);
#8941 = DEFINITIONAL_REPRESENTATION('',(#8942),#8946);
#8942 = LINE('',#8943,#8944);
#8943 = CARTESIAN_POINT('',(-0.532659657565,-0.58421032799));
#8944 = VECTOR('',#8945,1.);
#8945 = DIRECTION('',(1.,0.));
#8946 = ( GEOMETRIC_REPRESENTATION_CONTEXT(2) 
PARAMETRIC_REPRESENTATION_CONTEXT() REPRESENTATION_CONTEXT('2D SPACE',''
  ) );
#8947 = PCURVE('',#8948,#8953);
#8948 = PLANE('',#8949);
#8949 = AXIS2_PLACEMENT_3D('',#8950,#8951,#8952);
#8950 = CARTESIAN_POINT('',(-3.,-0.84,5.551115123126E-17));
#8951 = DIRECTION('',(1.,9.95799250103E-17,0.));
#8952 = DIRECTION('',(0.,-0.,1.));
#8953 = DEFINITIONAL_REPRESENTATION('',(#8954),#8958);
#8954 = LINE('',#8955,#8956);
#8955 = CARTESIAN_POINT('',(0.,0.));
#8956 = VECTOR('',#8957,1.);
#8957 = DIRECTION('',(1.,0.));
#8958 = ( GEOMETRIC_REPRESENTATION_CONTEXT(2) 
PARAMETRIC_REPRESENTATION_CONTEXT() REPRESENTATION_CONTEXT('2D SPACE',''
  ) );
#8959 = ORIENTED_EDGE('',*,*,#8960,.T.);
#8960 = EDGE_CURVE('',#8933,#8961,#8963,.T.);
#8961 = VERTEX_POINT('',#8962);
#8962 = CARTESIAN_POINT('',(-2.65,-0.84,0.2));
#8963 = SURFACE_CURVE('',#8964,(#8968,#8975),.PCURVE_S1.);
#8964 = LINE('',#8965,#8966);
#8965 = CARTESIAN_POINT('',(-3.,-0.84,0.2));
#8966 = VECTOR('',#8967,1.);
#8967 = DIRECTION('',(1.,9.95799250103E-17,0.));
#8968 = PCURVE('',#6161,#8969);
#8969 = DEFINITIONAL_REPRESENTATION('',(#8970),#8974);
#8970 = LINE('',#8971,#8972);
#8971 = CARTESIAN_POINT('',(-0.332659657565,-0.58421032799));
#8972 = VECTOR('',#8973,1.);
#8973 = DIRECTION('',(0.,1.));
#8974 = ( GEOMETRIC_REPRESENTATION_CONTEXT(2) 
PARAMETRIC_REPRESENTATION_CONTEXT() REPRESENTATION_CONTEXT('2D SPACE',''
  ) );
#8975 = PCURVE('',#8976,#8981);
#8976 = PLANE('',#8977);
#8977 = AXIS2_PLACEMENT_3D('',#8978,#8979,#8980);
#8978 = CARTESIAN_POINT('',(-3.,-0.84,0.2));
#8979 = DIRECTION('',(-0.,0.,-1.));
#8980 = DIRECTION('',(1.,9.95799250103E-17,0.));
#8981 = DEFINITIONAL_REPRESENTATION('',(#8982),#8986);
#8982 = LINE('',#8983,#8984);
#8983 = CARTESIAN_POINT('',(0.,0.));
#8984 = VECTOR('',#8985,1.);
#8985 = DIRECTION('',(1.,0.));
#8986 = ( GEOMETRIC_REPRESENTATION_CONTEXT(2) 
PARAMETRIC_REPRESENTATION_CONTEXT() REPRESENTATION_CONTEXT('2D SPACE',''
  ) );
#8987 = ORIENTED_EDGE('',*,*,#8988,.T.);
#8988 = EDGE_CURVE('',#8961,#8989,#8991,.T.);
#8989 = VERTEX_POINT('',#8990);
#8990 = CARTESIAN_POINT('',(-2.55,-0.84,0.3));
#8991 = SURFACE_CURVE('',#8992,(#8997,#9008),.PCURVE_S1.);
#8992 = CIRCLE('',#8993,0.1);
#8993 = AXIS2_PLACEMENT_3D('',#8994,#8995,#8996);
#8994 = CARTESIAN_POINT('',(-2.65,-0.84,0.3));
#8995 = DIRECTION('',(9.95799250103E-17,-1.,-0.));
#8996 = DIRECTION('',(-0.,0.,-1.));
#8997 = PCURVE('',#6161,#8998);
#8998 = DEFINITIONAL_REPRESENTATION('',(#8999),#9007);
#8999 = ( BOUNDED_CURVE() B_SPLINE_CURVE(2,(#9000,#9001,#9002,#9003,
#9004,#9005,#9006),.UNSPECIFIED.,.T.,.F.) B_SPLINE_CURVE_WITH_KNOTS((1,2
    ,2,2,2,1),(-2.094395102393,0.,2.094395102393,4.188790204786,
6.28318530718,8.377580409573),.UNSPECIFIED.) CURVE() 
GEOMETRIC_REPRESENTATION_ITEM() RATIONAL_B_SPLINE_CURVE((1.,0.5,1.,0.5,
1.,0.5,1.)) REPRESENTATION_ITEM('') );
#9000 = CARTESIAN_POINT('',(-0.332659657565,-0.23421032799));
#9001 = CARTESIAN_POINT('',(-0.332659657565,-6.100524723311E-02));
#9002 = CARTESIAN_POINT('',(-0.182659657565,-0.147607787612));
#9003 = CARTESIAN_POINT('',(-3.2659657565E-02,-0.23421032799));
#9004 = CARTESIAN_POINT('',(-0.182659657565,-0.320812868368));
#9005 = CARTESIAN_POINT('',(-0.332659657565,-0.407415408747));
#9006 = CARTESIAN_POINT('',(-0.332659657565,-0.23421032799));
#9007 = ( GEOMETRIC_REPRESENTATION_CONTEXT(2) 
PARAMETRIC_REPRESENTATION_CONTEXT() REPRESENTATION_CONTEXT('2D SPACE',''
  ) );
#9008 = PCURVE('',#9009,#9014);
#9009 = CYLINDRICAL_SURFACE('',#9010,0.1);
#9010 = AXIS2_PLACEMENT_3D('',#9011,#9012,#9013);
#9011 = CARTESIAN_POINT('',(-2.65,-0.84,0.3));
#9012 = DIRECTION('',(9.95799250103E-17,-1.,0.));
#9013 = DIRECTION('',(0.,-0.,-1.));
#9014 = DEFINITIONAL_REPRESENTATION('',(#9015),#9019);
#9015 = LINE('',#9016,#9017);
#9016 = CARTESIAN_POINT('',(0.,0.));
#9017 = VECTOR('',#9018,1.);
#9018 = DIRECTION('',(1.,0.));
#9019 = ( GEOMETRIC_REPRESENTATION_CONTEXT(2) 
PARAMETRIC_REPRESENTATION_CONTEXT() REPRESENTATION_CONTEXT('2D SPACE',''
  ) );
#9020 = ORIENTED_EDGE('',*,*,#9021,.T.);
#9021 = EDGE_CURVE('',#8989,#9022,#9024,.T.);
#9022 = VERTEX_POINT('',#9023);
#9023 = CARTESIAN_POINT('',(-2.55,-0.84,0.725));
#9024 = SURFACE_CURVE('',#9025,(#9029,#9036),.PCURVE_S1.);
#9025 = LINE('',#9026,#9027);
#9026 = CARTESIAN_POINT('',(-2.55,-0.84,0.3));
#9027 = VECTOR('',#9028,1.);
#9028 = DIRECTION('',(0.,0.,1.));
#9029 = PCURVE('',#6161,#9030);
#9030 = DEFINITIONAL_REPRESENTATION('',(#9031),#9035);
#9031 = LINE('',#9032,#9033);
#9032 = CARTESIAN_POINT('',(-0.232659657565,-0.13421032799));
#9033 = VECTOR('',#9034,1.);
#9034 = DIRECTION('',(1.,0.));
#9035 = ( GEOMETRIC_REPRESENTATION_CONTEXT(2) 
PARAMETRIC_REPRESENTATION_CONTEXT() REPRESENTATION_CONTEXT('2D SPACE',''
  ) );
#9036 = PCURVE('',#9037,#9042);
#9037 = PLANE('',#9038);
#9038 = AXIS2_PLACEMENT_3D('',#9039,#9040,#9041);
#9039 = CARTESIAN_POINT('',(-2.55,-0.84,0.3));
#9040 = DIRECTION('',(1.,9.95799250103E-17,0.));
#9041 = DIRECTION('',(0.,-0.,1.));
#9042 = DEFINITIONAL_REPRESENTATION('',(#9043),#9047);
#9043 = LINE('',#9044,#9045);
#9044 = CARTESIAN_POINT('',(0.,0.));
#9045 = VECTOR('',#9046,1.);
#9046 = DIRECTION('',(1.,0.));
#9047 = ( GEOMETRIC_REPRESENTATION_CONTEXT(2) 
PARAMETRIC_REPRESENTATION_CONTEXT() REPRESENTATION_CONTEXT('2D SPACE',''
  ) );
#9048 = ORIENTED_EDGE('',*,*,#9049,.T.);
#9049 = EDGE_CURVE('',#9022,#9050,#9052,.T.);
#9050 = VERTEX_POINT('',#9051);
#9051 = CARTESIAN_POINT('',(-2.25,-0.84,1.025));
#9052 = SURFACE_CURVE('',#9053,(#9058,#9065),.PCURVE_S1.);
#9053 = CIRCLE('',#9054,0.3);
#9054 = AXIS2_PLACEMENT_3D('',#9055,#9056,#9057);
#9055 = CARTESIAN_POINT('',(-2.25,-0.84,0.725));
#9056 = DIRECTION('',(-9.95799250103E-17,1.,0.));
#9057 = DIRECTION('',(-1.,-9.95799250103E-17,3.700743415417E-16));
#9058 = PCURVE('',#6161,#9059);
#9059 = DEFINITIONAL_REPRESENTATION('',(#9060),#9064);
#9060 = CIRCLE('',#9061,0.3);
#9061 = AXIS2_PLACEMENT_2D('',#9062,#9063);
#9062 = CARTESIAN_POINT('',(0.192340342435,0.16578967201));
#9063 = DIRECTION('',(3.700743415417E-16,-1.));
#9064 = ( GEOMETRIC_REPRESENTATION_CONTEXT(2) 
PARAMETRIC_REPRESENTATION_CONTEXT() REPRESENTATION_CONTEXT('2D SPACE',''
  ) );
#9065 = PCURVE('',#9066,#9071);
#9066 = CYLINDRICAL_SURFACE('',#9067,0.3);
#9067 = AXIS2_PLACEMENT_3D('',#9068,#9069,#9070);
#9068 = CARTESIAN_POINT('',(-2.25,-0.84,0.725));
#9069 = DIRECTION('',(9.95799250103E-17,-1.,-0.));
#9070 = DIRECTION('',(-1.,-9.95799250103E-17,3.700743415417E-16));
#9071 = DEFINITIONAL_REPRESENTATION('',(#9072),#9076);
#9072 = LINE('',#9073,#9074);
#9073 = CARTESIAN_POINT('',(6.28318530718,0.));
#9074 = VECTOR('',#9075,1.);
#9075 = DIRECTION('',(-1.,0.));
#9076 = ( GEOMETRIC_REPRESENTATION_CONTEXT(2) 
PARAMETRIC_REPRESENTATION_CONTEXT() REPRESENTATION_CONTEXT('2D SPACE',''
  ) );
#9077 = ORIENTED_EDGE('',*,*,#9078,.T.);
#9078 = EDGE_CURVE('',#9050,#6146,#9079,.T.);
#9079 = SURFACE_CURVE('',#9080,(#9084,#9091),.PCURVE_S1.);
#9080 = LINE('',#9081,#9082);
#9081 = CARTESIAN_POINT('',(-2.25,-0.84,1.025));
#9082 = VECTOR('',#9083,1.);
#9083 = DIRECTION('',(1.,9.95799250103E-17,0.));
#9084 = PCURVE('',#6161,#9085);
#9085 = DEFINITIONAL_REPRESENTATION('',(#9086),#9090);
#9086 = LINE('',#9087,#9088);
#9087 = CARTESIAN_POINT('',(0.492340342435,0.16578967201));
#9088 = VECTOR('',#9089,1.);
#9089 = DIRECTION('',(0.,1.));
#9090 = ( GEOMETRIC_REPRESENTATION_CONTEXT(2) 
PARAMETRIC_REPRESENTATION_CONTEXT() REPRESENTATION_CONTEXT('2D SPACE',''
  ) );
#9091 = PCURVE('',#7181,#9092);
#9092 = DEFINITIONAL_REPRESENTATION('',(#9093),#9097);
#9093 = LINE('',#9094,#9095);
#9094 = CARTESIAN_POINT('',(0.,0.));
#9095 = VECTOR('',#9096,1.);
#9096 = DIRECTION('',(1.,0.));
#9097 = ( GEOMETRIC_REPRESENTATION_CONTEXT(2) 
PARAMETRIC_REPRESENTATION_CONTEXT() REPRESENTATION_CONTEXT('2D SPACE',''
  ) );
#9098 = ADVANCED_FACE('',(#9099),#6218,.T.);
#9099 = FACE_BOUND('',#9100,.T.);
#9100 = EDGE_LOOP('',(#9101,#9102,#9103,#9131,#9159,#9188,#9216,#9244,
    #9272,#9305,#9333,#9362));
#9101 = ORIENTED_EDGE('',*,*,#6202,.F.);
#9102 = ORIENTED_EDGE('',*,*,#6393,.T.);
#9103 = ORIENTED_EDGE('',*,*,#9104,.T.);
#9104 = EDGE_CURVE('',#6394,#9105,#9107,.T.);
#9105 = VERTEX_POINT('',#9106);
#9106 = CARTESIAN_POINT('',(-2.35,0.84,0.725));
#9107 = SURFACE_CURVE('',#9108,(#9113,#9124),.PCURVE_S1.);
#9108 = CIRCLE('',#9109,0.1);
#9109 = AXIS2_PLACEMENT_3D('',#9110,#9111,#9112);
#9110 = CARTESIAN_POINT('',(-2.25,0.84,0.725));
#9111 = DIRECTION('',(9.95799250103E-17,-1.,0.));
#9112 = DIRECTION('',(-4.440892098501E-15,-4.422237021476E-31,1.));
#9113 = PCURVE('',#6218,#9114);
#9114 = DEFINITIONAL_REPRESENTATION('',(#9115),#9123);
#9115 = ( BOUNDED_CURVE() B_SPLINE_CURVE(2,(#9116,#9117,#9118,#9119,
#9120,#9121,#9122),.UNSPECIFIED.,.T.,.F.) B_SPLINE_CURVE_WITH_KNOTS((1,2
    ,2,2,2,1),(-2.094395102393,0.,2.094395102393,4.188790204786,
6.28318530718,8.377580409573),.UNSPECIFIED.) CURVE() 
GEOMETRIC_REPRESENTATION_ITEM() RATIONAL_B_SPLINE_CURVE((1.,0.5,1.,0.5,
1.,0.5,1.)) REPRESENTATION_ITEM('') );
#9116 = CARTESIAN_POINT('',(0.292340342435,0.16578967201));
#9117 = CARTESIAN_POINT('',(0.292340342435,-7.415408746888E-03));
#9118 = CARTESIAN_POINT('',(0.142340342435,7.918713163156E-02));
#9119 = CARTESIAN_POINT('',(-7.659657565E-03,0.16578967201));
#9120 = CARTESIAN_POINT('',(0.142340342435,0.252392212388));
#9121 = CARTESIAN_POINT('',(0.292340342435,0.338994752767));
#9122 = CARTESIAN_POINT('',(0.292340342435,0.16578967201));
#9123 = ( GEOMETRIC_REPRESENTATION_CONTEXT(2) 
PARAMETRIC_REPRESENTATION_CONTEXT() REPRESENTATION_CONTEXT('2D SPACE',''
  ) );
#9124 = PCURVE('',#6430,#9125);
#9125 = DEFINITIONAL_REPRESENTATION('',(#9126),#9130);
#9126 = LINE('',#9127,#9128);
#9127 = CARTESIAN_POINT('',(0.,-0.41));
#9128 = VECTOR('',#9129,1.);
#9129 = DIRECTION('',(1.,0.));
#9130 = ( GEOMETRIC_REPRESENTATION_CONTEXT(2) 
PARAMETRIC_REPRESENTATION_CONTEXT() REPRESENTATION_CONTEXT('2D SPACE',''
  ) );
#9131 = ORIENTED_EDGE('',*,*,#9132,.T.);
#9132 = EDGE_CURVE('',#9105,#9133,#9135,.T.);
#9133 = VERTEX_POINT('',#9134);
#9134 = CARTESIAN_POINT('',(-2.35,0.84,0.3));
#9135 = SURFACE_CURVE('',#9136,(#9140,#9147),.PCURVE_S1.);
#9136 = LINE('',#9137,#9138);
#9137 = CARTESIAN_POINT('',(-2.35,0.84,0.725));
#9138 = VECTOR('',#9139,1.);
#9139 = DIRECTION('',(-1.044915787883E-15,-1.040526357994E-31,-1.));
#9140 = PCURVE('',#6218,#9141);
#9141 = DEFINITIONAL_REPRESENTATION('',(#9142),#9146);
#9142 = LINE('',#9143,#9144);
#9143 = CARTESIAN_POINT('',(0.192340342435,6.578967201E-02));
#9144 = VECTOR('',#9145,1.);
#9145 = DIRECTION('',(-1.,-1.044915787883E-15));
#9146 = ( GEOMETRIC_REPRESENTATION_CONTEXT(2) 
PARAMETRIC_REPRESENTATION_CONTEXT() REPRESENTATION_CONTEXT('2D SPACE',''
  ) );
#9147 = PCURVE('',#9148,#9153);
#9148 = PLANE('',#9149);
#9149 = AXIS2_PLACEMENT_3D('',#9150,#9151,#9152);
#9150 = CARTESIAN_POINT('',(-2.35,0.43,0.725));
#9151 = DIRECTION('',(-1.,-9.95799250103E-17,1.044915787883E-15));
#9152 = DIRECTION('',(-1.044915787883E-15,-1.040526357994E-31,-1.));
#9153 = DEFINITIONAL_REPRESENTATION('',(#9154),#9158);
#9154 = LINE('',#9155,#9156);
#9155 = CARTESIAN_POINT('',(-4.266158067775E-32,-0.41));
#9156 = VECTOR('',#9157,1.);
#9157 = DIRECTION('',(1.,0.));
#9158 = ( GEOMETRIC_REPRESENTATION_CONTEXT(2) 
PARAMETRIC_REPRESENTATION_CONTEXT() REPRESENTATION_CONTEXT('2D SPACE',''
  ) );
#9159 = ORIENTED_EDGE('',*,*,#9160,.T.);
#9160 = EDGE_CURVE('',#9133,#9161,#9163,.T.);
#9161 = VERTEX_POINT('',#9162);
#9162 = CARTESIAN_POINT('',(-2.65,0.84,5.551115123126E-17));
#9163 = SURFACE_CURVE('',#9164,(#9169,#9176),.PCURVE_S1.);
#9164 = CIRCLE('',#9165,0.3);
#9165 = AXIS2_PLACEMENT_3D('',#9166,#9167,#9168);
#9166 = CARTESIAN_POINT('',(-2.65,0.84,0.3));
#9167 = DIRECTION('',(-9.95799250103E-17,1.,0.));
#9168 = DIRECTION('',(1.,9.95799250103E-17,3.515706244646E-15));
#9169 = PCURVE('',#6218,#9170);
#9170 = DEFINITIONAL_REPRESENTATION('',(#9171),#9175);
#9171 = CIRCLE('',#9172,0.3);
#9172 = AXIS2_PLACEMENT_2D('',#9173,#9174);
#9173 = CARTESIAN_POINT('',(-0.232659657565,-0.23421032799));
#9174 = DIRECTION('',(3.515706244646E-15,1.));
#9175 = ( GEOMETRIC_REPRESENTATION_CONTEXT(2) 
PARAMETRIC_REPRESENTATION_CONTEXT() REPRESENTATION_CONTEXT('2D SPACE',''
  ) );
#9176 = PCURVE('',#9177,#9182);
#9177 = CYLINDRICAL_SURFACE('',#9178,0.3);
#9178 = AXIS2_PLACEMENT_3D('',#9179,#9180,#9181);
#9179 = CARTESIAN_POINT('',(-2.65,0.43,0.3));
#9180 = DIRECTION('',(9.95799250103E-17,-1.,-0.));
#9181 = DIRECTION('',(1.,9.95799250103E-17,3.515706244646E-15));
#9182 = DEFINITIONAL_REPRESENTATION('',(#9183),#9187);
#9183 = LINE('',#9184,#9185);
#9184 = CARTESIAN_POINT('',(6.28318530718,-0.41));
#9185 = VECTOR('',#9186,1.);
#9186 = DIRECTION('',(-1.,0.));
#9187 = ( GEOMETRIC_REPRESENTATION_CONTEXT(2) 
PARAMETRIC_REPRESENTATION_CONTEXT() REPRESENTATION_CONTEXT('2D SPACE',''
  ) );
#9188 = ORIENTED_EDGE('',*,*,#9189,.T.);
#9189 = EDGE_CURVE('',#9161,#9190,#9192,.T.);
#9190 = VERTEX_POINT('',#9191);
#9191 = CARTESIAN_POINT('',(-3.,0.84,5.551115123126E-17));
#9192 = SURFACE_CURVE('',#9193,(#9197,#9204),.PCURVE_S1.);
#9193 = LINE('',#9194,#9195);
#9194 = CARTESIAN_POINT('',(-2.65,0.84,5.551115123126E-17));
#9195 = VECTOR('',#9196,1.);
#9196 = DIRECTION('',(-1.,-9.95799250103E-17,0.));
#9197 = PCURVE('',#6218,#9198);
#9198 = DEFINITIONAL_REPRESENTATION('',(#9199),#9203);
#9199 = LINE('',#9200,#9201);
#9200 = CARTESIAN_POINT('',(-0.532659657565,-0.23421032799));
#9201 = VECTOR('',#9202,1.);
#9202 = DIRECTION('',(0.,-1.));
#9203 = ( GEOMETRIC_REPRESENTATION_CONTEXT(2) 
PARAMETRIC_REPRESENTATION_CONTEXT() REPRESENTATION_CONTEXT('2D SPACE',''
  ) );
#9204 = PCURVE('',#9205,#9210);
#9205 = PLANE('',#9206);
#9206 = AXIS2_PLACEMENT_3D('',#9207,#9208,#9209);
#9207 = CARTESIAN_POINT('',(-2.65,0.43,5.551115123126E-17));
#9208 = DIRECTION('',(0.,0.,1.));
#9209 = DIRECTION('',(-1.,-9.95799250103E-17,0.));
#9210 = DEFINITIONAL_REPRESENTATION('',(#9211),#9215);
#9211 = LINE('',#9212,#9213);
#9212 = CARTESIAN_POINT('',(-4.082776925422E-17,-0.41));
#9213 = VECTOR('',#9214,1.);
#9214 = DIRECTION('',(1.,0.));
#9215 = ( GEOMETRIC_REPRESENTATION_CONTEXT(2) 
PARAMETRIC_REPRESENTATION_CONTEXT() REPRESENTATION_CONTEXT('2D SPACE',''
  ) );
#9216 = ORIENTED_EDGE('',*,*,#9217,.T.);
#9217 = EDGE_CURVE('',#9190,#9218,#9220,.T.);
#9218 = VERTEX_POINT('',#9219);
#9219 = CARTESIAN_POINT('',(-3.,0.84,0.2));
#9220 = SURFACE_CURVE('',#9221,(#9225,#9232),.PCURVE_S1.);
#9221 = LINE('',#9222,#9223);
#9222 = CARTESIAN_POINT('',(-3.,0.84,5.551115123126E-17));
#9223 = VECTOR('',#9224,1.);
#9224 = DIRECTION('',(0.,0.,1.));
#9225 = PCURVE('',#6218,#9226);
#9226 = DEFINITIONAL_REPRESENTATION('',(#9227),#9231);
#9227 = LINE('',#9228,#9229);
#9228 = CARTESIAN_POINT('',(-0.532659657565,-0.58421032799));
#9229 = VECTOR('',#9230,1.);
#9230 = DIRECTION('',(1.,0.));
#9231 = ( GEOMETRIC_REPRESENTATION_CONTEXT(2) 
PARAMETRIC_REPRESENTATION_CONTEXT() REPRESENTATION_CONTEXT('2D SPACE',''
  ) );
#9232 = PCURVE('',#9233,#9238);
#9233 = PLANE('',#9234);
#9234 = AXIS2_PLACEMENT_3D('',#9235,#9236,#9237);
#9235 = CARTESIAN_POINT('',(-3.,0.43,5.551115123126E-17));
#9236 = DIRECTION('',(1.,9.95799250103E-17,0.));
#9237 = DIRECTION('',(0.,-0.,1.));
#9238 = DEFINITIONAL_REPRESENTATION('',(#9239),#9243);
#9239 = LINE('',#9240,#9241);
#9240 = CARTESIAN_POINT('',(0.,-0.41));
#9241 = VECTOR('',#9242,1.);
#9242 = DIRECTION('',(1.,0.));
#9243 = ( GEOMETRIC_REPRESENTATION_CONTEXT(2) 
PARAMETRIC_REPRESENTATION_CONTEXT() REPRESENTATION_CONTEXT('2D SPACE',''
  ) );
#9244 = ORIENTED_EDGE('',*,*,#9245,.T.);
#9245 = EDGE_CURVE('',#9218,#9246,#9248,.T.);
#9246 = VERTEX_POINT('',#9247);
#9247 = CARTESIAN_POINT('',(-2.65,0.84,0.2));
#9248 = SURFACE_CURVE('',#9249,(#9253,#9260),.PCURVE_S1.);
#9249 = LINE('',#9250,#9251);
#9250 = CARTESIAN_POINT('',(-3.,0.84,0.2));
#9251 = VECTOR('',#9252,1.);
#9252 = DIRECTION('',(1.,9.95799250103E-17,0.));
#9253 = PCURVE('',#6218,#9254);
#9254 = DEFINITIONAL_REPRESENTATION('',(#9255),#9259);
#9255 = LINE('',#9256,#9257);
#9256 = CARTESIAN_POINT('',(-0.332659657565,-0.58421032799));
#9257 = VECTOR('',#9258,1.);
#9258 = DIRECTION('',(0.,1.));
#9259 = ( GEOMETRIC_REPRESENTATION_CONTEXT(2) 
PARAMETRIC_REPRESENTATION_CONTEXT() REPRESENTATION_CONTEXT('2D SPACE',''
  ) );
#9260 = PCURVE('',#9261,#9266);
#9261 = PLANE('',#9262);
#9262 = AXIS2_PLACEMENT_3D('',#9263,#9264,#9265);
#9263 = CARTESIAN_POINT('',(-3.,0.43,0.2));
#9264 = DIRECTION('',(-0.,0.,-1.));
#9265 = DIRECTION('',(1.,9.95799250103E-17,0.));
#9266 = DEFINITIONAL_REPRESENTATION('',(#9267),#9271);
#9267 = LINE('',#9268,#9269);
#9268 = CARTESIAN_POINT('',(4.082776925422E-17,-0.41));
#9269 = VECTOR('',#9270,1.);
#9270 = DIRECTION('',(1.,0.));
#9271 = ( GEOMETRIC_REPRESENTATION_CONTEXT(2) 
PARAMETRIC_REPRESENTATION_CONTEXT() REPRESENTATION_CONTEXT('2D SPACE',''
  ) );
#9272 = ORIENTED_EDGE('',*,*,#9273,.T.);
#9273 = EDGE_CURVE('',#9246,#9274,#9276,.T.);
#9274 = VERTEX_POINT('',#9275);
#9275 = CARTESIAN_POINT('',(-2.55,0.84,0.3));
#9276 = SURFACE_CURVE('',#9277,(#9282,#9293),.PCURVE_S1.);
#9277 = CIRCLE('',#9278,0.1);
#9278 = AXIS2_PLACEMENT_3D('',#9279,#9280,#9281);
#9279 = CARTESIAN_POINT('',(-2.65,0.84,0.3));
#9280 = DIRECTION('',(9.95799250103E-17,-1.,-0.));
#9281 = DIRECTION('',(-0.,0.,-1.));
#9282 = PCURVE('',#6218,#9283);
#9283 = DEFINITIONAL_REPRESENTATION('',(#9284),#9292);
#9284 = ( BOUNDED_CURVE() B_SPLINE_CURVE(2,(#9285,#9286,#9287,#9288,
#9289,#9290,#9291),.UNSPECIFIED.,.T.,.F.) B_SPLINE_CURVE_WITH_KNOTS((1,2
    ,2,2,2,1),(-2.094395102393,0.,2.094395102393,4.188790204786,
6.28318530718,8.377580409573),.UNSPECIFIED.) CURVE() 
GEOMETRIC_REPRESENTATION_ITEM() RATIONAL_B_SPLINE_CURVE((1.,0.5,1.,0.5,
1.,0.5,1.)) REPRESENTATION_ITEM('') );
#9285 = CARTESIAN_POINT('',(-0.332659657565,-0.23421032799));
#9286 = CARTESIAN_POINT('',(-0.332659657565,-6.100524723311E-02));
#9287 = CARTESIAN_POINT('',(-0.182659657565,-0.147607787612));
#9288 = CARTESIAN_POINT('',(-3.2659657565E-02,-0.23421032799));
#9289 = CARTESIAN_POINT('',(-0.182659657565,-0.320812868368));
#9290 = CARTESIAN_POINT('',(-0.332659657565,-0.407415408747));
#9291 = CARTESIAN_POINT('',(-0.332659657565,-0.23421032799));
#9292 = ( GEOMETRIC_REPRESENTATION_CONTEXT(2) 
PARAMETRIC_REPRESENTATION_CONTEXT() REPRESENTATION_CONTEXT('2D SPACE',''
  ) );
#9293 = PCURVE('',#9294,#9299);
#9294 = CYLINDRICAL_SURFACE('',#9295,0.1);
#9295 = AXIS2_PLACEMENT_3D('',#9296,#9297,#9298);
#9296 = CARTESIAN_POINT('',(-2.65,0.43,0.3));
#9297 = DIRECTION('',(9.95799250103E-17,-1.,0.));
#9298 = DIRECTION('',(0.,-0.,-1.));
#9299 = DEFINITIONAL_REPRESENTATION('',(#9300),#9304);
#9300 = LINE('',#9301,#9302);
#9301 = CARTESIAN_POINT('',(0.,-0.41));
#9302 = VECTOR('',#9303,1.);
#9303 = DIRECTION('',(1.,0.));
#9304 = ( GEOMETRIC_REPRESENTATION_CONTEXT(2) 
PARAMETRIC_REPRESENTATION_CONTEXT() REPRESENTATION_CONTEXT('2D SPACE',''
  ) );
#9305 = ORIENTED_EDGE('',*,*,#9306,.T.);
#9306 = EDGE_CURVE('',#9274,#9307,#9309,.T.);
#9307 = VERTEX_POINT('',#9308);
#9308 = CARTESIAN_POINT('',(-2.55,0.84,0.725));
#9309 = SURFACE_CURVE('',#9310,(#9314,#9321),.PCURVE_S1.);
#9310 = LINE('',#9311,#9312);
#9311 = CARTESIAN_POINT('',(-2.55,0.84,0.3));
#9312 = VECTOR('',#9313,1.);
#9313 = DIRECTION('',(0.,0.,1.));
#9314 = PCURVE('',#6218,#9315);
#9315 = DEFINITIONAL_REPRESENTATION('',(#9316),#9320);
#9316 = LINE('',#9317,#9318);
#9317 = CARTESIAN_POINT('',(-0.232659657565,-0.13421032799));
#9318 = VECTOR('',#9319,1.);
#9319 = DIRECTION('',(1.,0.));
#9320 = ( GEOMETRIC_REPRESENTATION_CONTEXT(2) 
PARAMETRIC_REPRESENTATION_CONTEXT() REPRESENTATION_CONTEXT('2D SPACE',''
  ) );
#9321 = PCURVE('',#9322,#9327);
#9322 = PLANE('',#9323);
#9323 = AXIS2_PLACEMENT_3D('',#9324,#9325,#9326);
#9324 = CARTESIAN_POINT('',(-2.55,0.43,0.3));
#9325 = DIRECTION('',(1.,9.95799250103E-17,0.));
#9326 = DIRECTION('',(0.,-0.,1.));
#9327 = DEFINITIONAL_REPRESENTATION('',(#9328),#9332);
#9328 = LINE('',#9329,#9330);
#9329 = CARTESIAN_POINT('',(0.,-0.41));
#9330 = VECTOR('',#9331,1.);
#9331 = DIRECTION('',(1.,0.));
#9332 = ( GEOMETRIC_REPRESENTATION_CONTEXT(2) 
PARAMETRIC_REPRESENTATION_CONTEXT() REPRESENTATION_CONTEXT('2D SPACE',''
  ) );
#9333 = ORIENTED_EDGE('',*,*,#9334,.T.);
#9334 = EDGE_CURVE('',#9307,#9335,#9337,.T.);
#9335 = VERTEX_POINT('',#9336);
#9336 = CARTESIAN_POINT('',(-2.25,0.84,1.025));
#9337 = SURFACE_CURVE('',#9338,(#9343,#9350),.PCURVE_S1.);
#9338 = CIRCLE('',#9339,0.3);
#9339 = AXIS2_PLACEMENT_3D('',#9340,#9341,#9342);
#9340 = CARTESIAN_POINT('',(-2.25,0.84,0.725));
#9341 = DIRECTION('',(-9.95799250103E-17,1.,0.));
#9342 = DIRECTION('',(-1.,-9.95799250103E-17,3.700743415417E-16));
#9343 = PCURVE('',#6218,#9344);
#9344 = DEFINITIONAL_REPRESENTATION('',(#9345),#9349);
#9345 = CIRCLE('',#9346,0.3);
#9346 = AXIS2_PLACEMENT_2D('',#9347,#9348);
#9347 = CARTESIAN_POINT('',(0.192340342435,0.16578967201));
#9348 = DIRECTION('',(3.700743415417E-16,-1.));
#9349 = ( GEOMETRIC_REPRESENTATION_CONTEXT(2) 
PARAMETRIC_REPRESENTATION_CONTEXT() REPRESENTATION_CONTEXT('2D SPACE',''
  ) );
#9350 = PCURVE('',#9351,#9356);
#9351 = CYLINDRICAL_SURFACE('',#9352,0.3);
#9352 = AXIS2_PLACEMENT_3D('',#9353,#9354,#9355);
#9353 = CARTESIAN_POINT('',(-2.25,0.43,0.725));
#9354 = DIRECTION('',(9.95799250103E-17,-1.,-0.));
#9355 = DIRECTION('',(-1.,-9.95799250103E-17,3.700743415417E-16));
#9356 = DEFINITIONAL_REPRESENTATION('',(#9357),#9361);
#9357 = LINE('',#9358,#9359);
#9358 = CARTESIAN_POINT('',(6.28318530718,-0.41));
#9359 = VECTOR('',#9360,1.);
#9360 = DIRECTION('',(-1.,0.));
#9361 = ( GEOMETRIC_REPRESENTATION_CONTEXT(2) 
PARAMETRIC_REPRESENTATION_CONTEXT() REPRESENTATION_CONTEXT('2D SPACE',''
  ) );
#9362 = ORIENTED_EDGE('',*,*,#9363,.T.);
#9363 = EDGE_CURVE('',#9335,#6203,#9364,.T.);
#9364 = SURFACE_CURVE('',#9365,(#9369,#9376),.PCURVE_S1.);
#9365 = LINE('',#9366,#9367);
#9366 = CARTESIAN_POINT('',(-2.25,0.84,1.025));
#9367 = VECTOR('',#9368,1.);
#9368 = DIRECTION('',(1.,9.95799250103E-17,0.));
#9369 = PCURVE('',#6218,#9370);
#9370 = DEFINITIONAL_REPRESENTATION('',(#9371),#9375);
#9371 = LINE('',#9372,#9373);
#9372 = CARTESIAN_POINT('',(0.492340342435,0.16578967201));
#9373 = VECTOR('',#9374,1.);
#9374 = DIRECTION('',(0.,1.));
#9375 = ( GEOMETRIC_REPRESENTATION_CONTEXT(2) 
PARAMETRIC_REPRESENTATION_CONTEXT() REPRESENTATION_CONTEXT('2D SPACE',''
  ) );
#9376 = PCURVE('',#7231,#9377);
#9377 = DEFINITIONAL_REPRESENTATION('',(#9378),#9382);
#9378 = LINE('',#9379,#9380);
#9379 = CARTESIAN_POINT('',(4.082776925422E-17,-0.41));
#9380 = VECTOR('',#9381,1.);
#9381 = DIRECTION('',(1.,0.));
#9382 = ( GEOMETRIC_REPRESENTATION_CONTEXT(2) 
PARAMETRIC_REPRESENTATION_CONTEXT() REPRESENTATION_CONTEXT('2D SPACE',''
  ) );
#9383 = ADVANCED_FACE('',(#9384),#6268,.F.);
#9384 = FACE_BOUND('',#9385,.F.);
#9385 = EDGE_LOOP('',(#9386,#9406,#9407,#9450));
#9386 = ORIENTED_EDGE('',*,*,#9387,.F.);
#9387 = EDGE_CURVE('',#6203,#7216,#9388,.T.);
#9388 = SURFACE_CURVE('',#9389,(#9393,#9399),.PCURVE_S1.);
#9389 = LINE('',#9390,#9391);
#9390 = CARTESIAN_POINT('',(-2.25,0.84,1.025));
#9391 = VECTOR('',#9392,1.);
#9392 = DIRECTION('',(1.,9.95799250103E-17,0.));
#9393 = PCURVE('',#6268,#9394);
#9394 = DEFINITIONAL_REPRESENTATION('',(#9395),#9398);
#9395 = B_SPLINE_CURVE_WITH_KNOTS('',1,(#9396,#9397),.UNSPECIFIED.,.F.,
  .F.,(2,2),(0.3,0.375),.PIECEWISE_BEZIER_KNOTS.);
#9396 = CARTESIAN_POINT('',(3.115,2.878610001836E-16));
#9397 = CARTESIAN_POINT('',(3.129078212291,1.));
#9398 = ( GEOMETRIC_REPRESENTATION_CONTEXT(2) 
PARAMETRIC_REPRESENTATION_CONTEXT() REPRESENTATION_CONTEXT('2D SPACE',''
  ) );
#9399 = PCURVE('',#7231,#9400);
#9400 = DEFINITIONAL_REPRESENTATION('',(#9401),#9405);
#9401 = LINE('',#9402,#9403);
#9402 = CARTESIAN_POINT('',(4.082776925422E-17,-0.41));
#9403 = VECTOR('',#9404,1.);
#9404 = DIRECTION('',(1.,0.));
#9405 = ( GEOMETRIC_REPRESENTATION_CONTEXT(2) 
PARAMETRIC_REPRESENTATION_CONTEXT() REPRESENTATION_CONTEXT('2D SPACE',''
  ) );
#9406 = ORIENTED_EDGE('',*,*,#6254,.T.);
#9407 = ORIENTED_EDGE('',*,*,#9408,.T.);
#9408 = EDGE_CURVE('',#6232,#7244,#9409,.T.);
#9409 = SURFACE_CURVE('',#9410,(#9414,#9443),.PCURVE_S1.);
#9410 = LINE('',#9411,#9412);
#9411 = CARTESIAN_POINT('',(-2.25,1.7,1.025));
#9412 = VECTOR('',#9413,1.);
#9413 = DIRECTION('',(1.,9.95799250103E-17,0.));
#9414 = PCURVE('',#6268,#9415);
#9415 = DEFINITIONAL_REPRESENTATION('',(#9416),#9442);
#9416 = B_SPLINE_CURVE_WITH_KNOTS('',3,(#9417,#9418,#9419,#9420,#9421,
    #9422,#9423,#9424,#9425,#9426,#9427,#9428,#9429,#9430,#9431,#9432,
    #9433,#9434,#9435,#9436,#9437,#9438,#9439,#9440,#9441),
  .UNSPECIFIED.,.F.,.F.,(4,1,1,1,1,1,1,1,1,1,1,1,1,1,1,1,1,1,1,1,1,1,4),
  (0.3,0.303409090909,0.306818181818,0.310227272727,0.313636363636,
    0.317045454545,0.320454545455,0.323863636364,0.327272727273,
    0.330681818182,0.334090909091,0.3375,0.340909090909,0.344318181818,
    0.347727272727,0.351136363636,0.354545454545,0.357954545455,
    0.361363636364,0.364772727273,0.368181818182,0.371590909091,0.375),
  .QUASI_UNIFORM_KNOTS.);
#9417 = CARTESIAN_POINT('',(3.975,0.));
#9418 = CARTESIAN_POINT('',(3.975424575426,1.515151515152E-02));
#9419 = CARTESIAN_POINT('',(3.9762743625,4.545454545455E-02));
#9420 = CARTESIAN_POINT('',(3.97755095609,9.090909090909E-02));
#9421 = CARTESIAN_POINT('',(3.978829466966,0.136363636364));
#9422 = CARTESIAN_POINT('',(3.98010989945,0.181818181818));
#9423 = CARTESIAN_POINT('',(3.981392257878,0.227272727273));
#9424 = CARTESIAN_POINT('',(3.982676546599,0.272727272727));
#9425 = CARTESIAN_POINT('',(3.983962769974,0.318181818182));
#9426 = CARTESIAN_POINT('',(3.985250932379,0.363636363636));
#9427 = CARTESIAN_POINT('',(3.9865410382,0.409090909091));
#9428 = CARTESIAN_POINT('',(3.98783309184,0.454545454545));
#9429 = CARTESIAN_POINT('',(3.989127097713,0.5));
#9430 = CARTESIAN_POINT('',(3.990423060246,0.545454545455));
#9431 = CARTESIAN_POINT('',(3.991720983883,0.590909090909));
#9432 = CARTESIAN_POINT('',(3.993020873076,0.636363636364));
#9433 = CARTESIAN_POINT('',(3.994322732295,0.681818181818));
#9434 = CARTESIAN_POINT('',(3.995626566021,0.727272727273));
#9435 = CARTESIAN_POINT('',(3.996932378749,0.772727272727));
#9436 = CARTESIAN_POINT('',(3.99824017499,0.818181818182));
#9437 = CARTESIAN_POINT('',(3.999549959265,0.863636363636));
#9438 = CARTESIAN_POINT('',(4.000861736112,0.909090909091));
#9439 = CARTESIAN_POINT('',(4.00217551008,0.954545454545));
#9440 = CARTESIAN_POINT('',(4.003052693851,0.984848484848));
#9441 = CARTESIAN_POINT('',(4.003491620112,1.));
#9442 = ( GEOMETRIC_REPRESENTATION_CONTEXT(2) 
PARAMETRIC_REPRESENTATION_CONTEXT() REPRESENTATION_CONTEXT('2D SPACE',''
  ) );
#9443 = PCURVE('',#7281,#9444);
#9444 = DEFINITIONAL_REPRESENTATION('',(#9445),#9449);
#9445 = LINE('',#9446,#9447);
#9446 = CARTESIAN_POINT('',(0.,0.));
#9447 = VECTOR('',#9448,1.);
#9448 = DIRECTION('',(1.,0.));
#9449 = ( GEOMETRIC_REPRESENTATION_CONTEXT(2) 
PARAMETRIC_REPRESENTATION_CONTEXT() REPRESENTATION_CONTEXT('2D SPACE',''
  ) );
#9450 = ORIENTED_EDGE('',*,*,#7243,.F.);
#9451 = ADVANCED_FACE('',(#9452),#6349,.F.);
#9452 = FACE_BOUND('',#9453,.F.);
#9453 = EDGE_LOOP('',(#9454,#9455,#9483,#9504));
#9454 = ORIENTED_EDGE('',*,*,#6335,.T.);
#9455 = ORIENTED_EDGE('',*,*,#9456,.T.);
#9456 = EDGE_CURVE('',#6308,#9457,#9459,.T.);
#9457 = VERTEX_POINT('',#9458);
#9458 = CARTESIAN_POINT('',(-2.35,-0.43,0.725));
#9459 = SURFACE_CURVE('',#9460,(#9465,#9472),.PCURVE_S1.);
#9460 = CIRCLE('',#9461,0.1);
#9461 = AXIS2_PLACEMENT_3D('',#9462,#9463,#9464);
#9462 = CARTESIAN_POINT('',(-2.25,-0.43,0.725));
#9463 = DIRECTION('',(9.95799250103E-17,-1.,0.));
#9464 = DIRECTION('',(-4.440892098501E-15,-4.422237021476E-31,1.));
#9465 = PCURVE('',#6349,#9466);
#9466 = DEFINITIONAL_REPRESENTATION('',(#9467),#9471);
#9467 = LINE('',#9468,#9469);
#9468 = CARTESIAN_POINT('',(0.,-0.41));
#9469 = VECTOR('',#9470,1.);
#9470 = DIRECTION('',(1.,0.));
#9471 = ( GEOMETRIC_REPRESENTATION_CONTEXT(2) 
PARAMETRIC_REPRESENTATION_CONTEXT() REPRESENTATION_CONTEXT('2D SPACE',''
  ) );
#9472 = PCURVE('',#6323,#9473);
#9473 = DEFINITIONAL_REPRESENTATION('',(#9474),#9482);
#9474 = ( BOUNDED_CURVE() B_SPLINE_CURVE(2,(#9475,#9476,#9477,#9478,
#9479,#9480,#9481),.UNSPECIFIED.,.T.,.F.) B_SPLINE_CURVE_WITH_KNOTS((1,2
    ,2,2,2,1),(-2.094395102393,0.,2.094395102393,4.188790204786,
6.28318530718,8.377580409573),.UNSPECIFIED.) CURVE() 
GEOMETRIC_REPRESENTATION_ITEM() RATIONAL_B_SPLINE_CURVE((1.,0.5,1.,0.5,
1.,0.5,1.)) REPRESENTATION_ITEM('') );
#9475 = CARTESIAN_POINT('',(0.292340342435,0.16578967201));
#9476 = CARTESIAN_POINT('',(0.292340342435,-7.415408746888E-03));
#9477 = CARTESIAN_POINT('',(0.142340342435,7.918713163156E-02));
#9478 = CARTESIAN_POINT('',(-7.659657565E-03,0.16578967201));
#9479 = CARTESIAN_POINT('',(0.142340342435,0.252392212388));
#9480 = CARTESIAN_POINT('',(0.292340342435,0.338994752767));
#9481 = CARTESIAN_POINT('',(0.292340342435,0.16578967201));
#9482 = ( GEOMETRIC_REPRESENTATION_CONTEXT(2) 
PARAMETRIC_REPRESENTATION_CONTEXT() REPRESENTATION_CONTEXT('2D SPACE',''
  ) );
#9483 = ORIENTED_EDGE('',*,*,#9484,.F.);
#9484 = EDGE_CURVE('',#8820,#9457,#9485,.T.);
#9485 = SURFACE_CURVE('',#9486,(#9490,#9497),.PCURVE_S1.);
#9486 = LINE('',#9487,#9488);
#9487 = CARTESIAN_POINT('',(-2.35,-0.84,0.725));
#9488 = VECTOR('',#9489,1.);
#9489 = DIRECTION('',(-9.95799250103E-17,1.,0.));
#9490 = PCURVE('',#6349,#9491);
#9491 = DEFINITIONAL_REPRESENTATION('',(#9492),#9496);
#9492 = LINE('',#9493,#9494);
#9493 = CARTESIAN_POINT('',(1.570796326795,0.));
#9494 = VECTOR('',#9495,1.);
#9495 = DIRECTION('',(0.,-1.));
#9496 = ( GEOMETRIC_REPRESENTATION_CONTEXT(2) 
PARAMETRIC_REPRESENTATION_CONTEXT() REPRESENTATION_CONTEXT('2D SPACE',''
  ) );
#9497 = PCURVE('',#8863,#9498);
#9498 = DEFINITIONAL_REPRESENTATION('',(#9499),#9503);
#9499 = LINE('',#9500,#9501);
#9500 = CARTESIAN_POINT('',(-0.,0.));
#9501 = VECTOR('',#9502,1.);
#9502 = DIRECTION('',(6.767833676919E-44,-1.));
#9503 = ( GEOMETRIC_REPRESENTATION_CONTEXT(2) 
PARAMETRIC_REPRESENTATION_CONTEXT() REPRESENTATION_CONTEXT('2D SPACE',''
  ) );
#9504 = ORIENTED_EDGE('',*,*,#8819,.F.);
#9505 = ADVANCED_FACE('',(#9506),#6323,.T.);
#9506 = FACE_BOUND('',#9507,.T.);
#9507 = EDGE_LOOP('',(#9508,#9509,#9510,#9511,#9534,#9558,#9581,#9604,
    #9627,#9655,#9678,#9702));
#9508 = ORIENTED_EDGE('',*,*,#6445,.F.);
#9509 = ORIENTED_EDGE('',*,*,#6307,.T.);
#9510 = ORIENTED_EDGE('',*,*,#9456,.T.);
#9511 = ORIENTED_EDGE('',*,*,#9512,.T.);
#9512 = EDGE_CURVE('',#9457,#9513,#9515,.T.);
#9513 = VERTEX_POINT('',#9514);
#9514 = CARTESIAN_POINT('',(-2.35,-0.43,0.3));
#9515 = SURFACE_CURVE('',#9516,(#9520,#9527),.PCURVE_S1.);
#9516 = LINE('',#9517,#9518);
#9517 = CARTESIAN_POINT('',(-2.35,-0.43,0.725));
#9518 = VECTOR('',#9519,1.);
#9519 = DIRECTION('',(-1.044915787883E-15,-1.040526357994E-31,-1.));
#9520 = PCURVE('',#6323,#9521);
#9521 = DEFINITIONAL_REPRESENTATION('',(#9522),#9526);
#9522 = LINE('',#9523,#9524);
#9523 = CARTESIAN_POINT('',(0.192340342435,6.578967201E-02));
#9524 = VECTOR('',#9525,1.);
#9525 = DIRECTION('',(-1.,-1.044915787883E-15));
#9526 = ( GEOMETRIC_REPRESENTATION_CONTEXT(2) 
PARAMETRIC_REPRESENTATION_CONTEXT() REPRESENTATION_CONTEXT('2D SPACE',''
  ) );
#9527 = PCURVE('',#8863,#9528);
#9528 = DEFINITIONAL_REPRESENTATION('',(#9529),#9533);
#9529 = LINE('',#9530,#9531);
#9530 = CARTESIAN_POINT('',(-4.266158067775E-32,-0.41));
#9531 = VECTOR('',#9532,1.);
#9532 = DIRECTION('',(1.,0.));
#9533 = ( GEOMETRIC_REPRESENTATION_CONTEXT(2) 
PARAMETRIC_REPRESENTATION_CONTEXT() REPRESENTATION_CONTEXT('2D SPACE',''
  ) );
#9534 = ORIENTED_EDGE('',*,*,#9535,.T.);
#9535 = EDGE_CURVE('',#9513,#9536,#9538,.T.);
#9536 = VERTEX_POINT('',#9537);
#9537 = CARTESIAN_POINT('',(-2.65,-0.43,5.551115123126E-17));
#9538 = SURFACE_CURVE('',#9539,(#9544,#9551),.PCURVE_S1.);
#9539 = CIRCLE('',#9540,0.3);
#9540 = AXIS2_PLACEMENT_3D('',#9541,#9542,#9543);
#9541 = CARTESIAN_POINT('',(-2.65,-0.43,0.3));
#9542 = DIRECTION('',(-9.95799250103E-17,1.,0.));
#9543 = DIRECTION('',(1.,9.95799250103E-17,3.515706244646E-15));
#9544 = PCURVE('',#6323,#9545);
#9545 = DEFINITIONAL_REPRESENTATION('',(#9546),#9550);
#9546 = CIRCLE('',#9547,0.3);
#9547 = AXIS2_PLACEMENT_2D('',#9548,#9549);
#9548 = CARTESIAN_POINT('',(-0.232659657565,-0.23421032799));
#9549 = DIRECTION('',(3.515706244646E-15,1.));
#9550 = ( GEOMETRIC_REPRESENTATION_CONTEXT(2) 
PARAMETRIC_REPRESENTATION_CONTEXT() REPRESENTATION_CONTEXT('2D SPACE',''
  ) );
#9551 = PCURVE('',#8892,#9552);
#9552 = DEFINITIONAL_REPRESENTATION('',(#9553),#9557);
#9553 = LINE('',#9554,#9555);
#9554 = CARTESIAN_POINT('',(6.28318530718,-0.41));
#9555 = VECTOR('',#9556,1.);
#9556 = DIRECTION('',(-1.,0.));
#9557 = ( GEOMETRIC_REPRESENTATION_CONTEXT(2) 
PARAMETRIC_REPRESENTATION_CONTEXT() REPRESENTATION_CONTEXT('2D SPACE',''
  ) );
#9558 = ORIENTED_EDGE('',*,*,#9559,.T.);
#9559 = EDGE_CURVE('',#9536,#9560,#9562,.T.);
#9560 = VERTEX_POINT('',#9561);
#9561 = CARTESIAN_POINT('',(-3.,-0.43,5.551115123126E-17));
#9562 = SURFACE_CURVE('',#9563,(#9567,#9574),.PCURVE_S1.);
#9563 = LINE('',#9564,#9565);
#9564 = CARTESIAN_POINT('',(-2.65,-0.43,5.551115123126E-17));
#9565 = VECTOR('',#9566,1.);
#9566 = DIRECTION('',(-1.,-9.95799250103E-17,0.));
#9567 = PCURVE('',#6323,#9568);
#9568 = DEFINITIONAL_REPRESENTATION('',(#9569),#9573);
#9569 = LINE('',#9570,#9571);
#9570 = CARTESIAN_POINT('',(-0.532659657565,-0.23421032799));
#9571 = VECTOR('',#9572,1.);
#9572 = DIRECTION('',(0.,-1.));
#9573 = ( GEOMETRIC_REPRESENTATION_CONTEXT(2) 
PARAMETRIC_REPRESENTATION_CONTEXT() REPRESENTATION_CONTEXT('2D SPACE',''
  ) );
#9574 = PCURVE('',#8920,#9575);
#9575 = DEFINITIONAL_REPRESENTATION('',(#9576),#9580);
#9576 = LINE('',#9577,#9578);
#9577 = CARTESIAN_POINT('',(-4.082776925422E-17,-0.41));
#9578 = VECTOR('',#9579,1.);
#9579 = DIRECTION('',(1.,0.));
#9580 = ( GEOMETRIC_REPRESENTATION_CONTEXT(2) 
PARAMETRIC_REPRESENTATION_CONTEXT() REPRESENTATION_CONTEXT('2D SPACE',''
  ) );
#9581 = ORIENTED_EDGE('',*,*,#9582,.T.);
#9582 = EDGE_CURVE('',#9560,#9583,#9585,.T.);
#9583 = VERTEX_POINT('',#9584);
#9584 = CARTESIAN_POINT('',(-3.,-0.43,0.2));
#9585 = SURFACE_CURVE('',#9586,(#9590,#9597),.PCURVE_S1.);
#9586 = LINE('',#9587,#9588);
#9587 = CARTESIAN_POINT('',(-3.,-0.43,5.551115123126E-17));
#9588 = VECTOR('',#9589,1.);
#9589 = DIRECTION('',(0.,0.,1.));
#9590 = PCURVE('',#6323,#9591);
#9591 = DEFINITIONAL_REPRESENTATION('',(#9592),#9596);
#9592 = LINE('',#9593,#9594);
#9593 = CARTESIAN_POINT('',(-0.532659657565,-0.58421032799));
#9594 = VECTOR('',#9595,1.);
#9595 = DIRECTION('',(1.,0.));
#9596 = ( GEOMETRIC_REPRESENTATION_CONTEXT(2) 
PARAMETRIC_REPRESENTATION_CONTEXT() REPRESENTATION_CONTEXT('2D SPACE',''
  ) );
#9597 = PCURVE('',#8948,#9598);
#9598 = DEFINITIONAL_REPRESENTATION('',(#9599),#9603);
#9599 = LINE('',#9600,#9601);
#9600 = CARTESIAN_POINT('',(0.,-0.41));
#9601 = VECTOR('',#9602,1.);
#9602 = DIRECTION('',(1.,0.));
#9603 = ( GEOMETRIC_REPRESENTATION_CONTEXT(2) 
PARAMETRIC_REPRESENTATION_CONTEXT() REPRESENTATION_CONTEXT('2D SPACE',''
  ) );
#9604 = ORIENTED_EDGE('',*,*,#9605,.T.);
#9605 = EDGE_CURVE('',#9583,#9606,#9608,.T.);
#9606 = VERTEX_POINT('',#9607);
#9607 = CARTESIAN_POINT('',(-2.65,-0.43,0.2));
#9608 = SURFACE_CURVE('',#9609,(#9613,#9620),.PCURVE_S1.);
#9609 = LINE('',#9610,#9611);
#9610 = CARTESIAN_POINT('',(-3.,-0.43,0.2));
#9611 = VECTOR('',#9612,1.);
#9612 = DIRECTION('',(1.,9.95799250103E-17,0.));
#9613 = PCURVE('',#6323,#9614);
#9614 = DEFINITIONAL_REPRESENTATION('',(#9615),#9619);
#9615 = LINE('',#9616,#9617);
#9616 = CARTESIAN_POINT('',(-0.332659657565,-0.58421032799));
#9617 = VECTOR('',#9618,1.);
#9618 = DIRECTION('',(0.,1.));
#9619 = ( GEOMETRIC_REPRESENTATION_CONTEXT(2) 
PARAMETRIC_REPRESENTATION_CONTEXT() REPRESENTATION_CONTEXT('2D SPACE',''
  ) );
#9620 = PCURVE('',#8976,#9621);
#9621 = DEFINITIONAL_REPRESENTATION('',(#9622),#9626);
#9622 = LINE('',#9623,#9624);
#9623 = CARTESIAN_POINT('',(4.082776925422E-17,-0.41));
#9624 = VECTOR('',#9625,1.);
#9625 = DIRECTION('',(1.,0.));
#9626 = ( GEOMETRIC_REPRESENTATION_CONTEXT(2) 
PARAMETRIC_REPRESENTATION_CONTEXT() REPRESENTATION_CONTEXT('2D SPACE',''
  ) );
#9627 = ORIENTED_EDGE('',*,*,#9628,.T.);
#9628 = EDGE_CURVE('',#9606,#9629,#9631,.T.);
#9629 = VERTEX_POINT('',#9630);
#9630 = CARTESIAN_POINT('',(-2.55,-0.43,0.3));
#9631 = SURFACE_CURVE('',#9632,(#9637,#9648),.PCURVE_S1.);
#9632 = CIRCLE('',#9633,0.1);
#9633 = AXIS2_PLACEMENT_3D('',#9634,#9635,#9636);
#9634 = CARTESIAN_POINT('',(-2.65,-0.43,0.3));
#9635 = DIRECTION('',(9.95799250103E-17,-1.,-0.));
#9636 = DIRECTION('',(-0.,0.,-1.));
#9637 = PCURVE('',#6323,#9638);
#9638 = DEFINITIONAL_REPRESENTATION('',(#9639),#9647);
#9639 = ( BOUNDED_CURVE() B_SPLINE_CURVE(2,(#9640,#9641,#9642,#9643,
#9644,#9645,#9646),.UNSPECIFIED.,.T.,.F.) B_SPLINE_CURVE_WITH_KNOTS((1,2
    ,2,2,2,1),(-2.094395102393,0.,2.094395102393,4.188790204786,
6.28318530718,8.377580409573),.UNSPECIFIED.) CURVE() 
GEOMETRIC_REPRESENTATION_ITEM() RATIONAL_B_SPLINE_CURVE((1.,0.5,1.,0.5,
1.,0.5,1.)) REPRESENTATION_ITEM('') );
#9640 = CARTESIAN_POINT('',(-0.332659657565,-0.23421032799));
#9641 = CARTESIAN_POINT('',(-0.332659657565,-6.100524723311E-02));
#9642 = CARTESIAN_POINT('',(-0.182659657565,-0.147607787612));
#9643 = CARTESIAN_POINT('',(-3.2659657565E-02,-0.23421032799));
#9644 = CARTESIAN_POINT('',(-0.182659657565,-0.320812868368));
#9645 = CARTESIAN_POINT('',(-0.332659657565,-0.407415408747));
#9646 = CARTESIAN_POINT('',(-0.332659657565,-0.23421032799));
#9647 = ( GEOMETRIC_REPRESENTATION_CONTEXT(2) 
PARAMETRIC_REPRESENTATION_CONTEXT() REPRESENTATION_CONTEXT('2D SPACE',''
  ) );
#9648 = PCURVE('',#9009,#9649);
#9649 = DEFINITIONAL_REPRESENTATION('',(#9650),#9654);
#9650 = LINE('',#9651,#9652);
#9651 = CARTESIAN_POINT('',(0.,-0.41));
#9652 = VECTOR('',#9653,1.);
#9653 = DIRECTION('',(1.,0.));
#9654 = ( GEOMETRIC_REPRESENTATION_CONTEXT(2) 
PARAMETRIC_REPRESENTATION_CONTEXT() REPRESENTATION_CONTEXT('2D SPACE',''
  ) );
#9655 = ORIENTED_EDGE('',*,*,#9656,.T.);
#9656 = EDGE_CURVE('',#9629,#9657,#9659,.T.);
#9657 = VERTEX_POINT('',#9658);
#9658 = CARTESIAN_POINT('',(-2.55,-0.43,0.725));
#9659 = SURFACE_CURVE('',#9660,(#9664,#9671),.PCURVE_S1.);
#9660 = LINE('',#9661,#9662);
#9661 = CARTESIAN_POINT('',(-2.55,-0.43,0.3));
#9662 = VECTOR('',#9663,1.);
#9663 = DIRECTION('',(0.,0.,1.));
#9664 = PCURVE('',#6323,#9665);
#9665 = DEFINITIONAL_REPRESENTATION('',(#9666),#9670);
#9666 = LINE('',#9667,#9668);
#9667 = CARTESIAN_POINT('',(-0.232659657565,-0.13421032799));
#9668 = VECTOR('',#9669,1.);
#9669 = DIRECTION('',(1.,0.));
#9670 = ( GEOMETRIC_REPRESENTATION_CONTEXT(2) 
PARAMETRIC_REPRESENTATION_CONTEXT() REPRESENTATION_CONTEXT('2D SPACE',''
  ) );
#9671 = PCURVE('',#9037,#9672);
#9672 = DEFINITIONAL_REPRESENTATION('',(#9673),#9677);
#9673 = LINE('',#9674,#9675);
#9674 = CARTESIAN_POINT('',(0.,-0.41));
#9675 = VECTOR('',#9676,1.);
#9676 = DIRECTION('',(1.,0.));
#9677 = ( GEOMETRIC_REPRESENTATION_CONTEXT(2) 
PARAMETRIC_REPRESENTATION_CONTEXT() REPRESENTATION_CONTEXT('2D SPACE',''
  ) );
#9678 = ORIENTED_EDGE('',*,*,#9679,.T.);
#9679 = EDGE_CURVE('',#9657,#9680,#9682,.T.);
#9680 = VERTEX_POINT('',#9681);
#9681 = CARTESIAN_POINT('',(-2.25,-0.43,1.025));
#9682 = SURFACE_CURVE('',#9683,(#9688,#9695),.PCURVE_S1.);
#9683 = CIRCLE('',#9684,0.3);
#9684 = AXIS2_PLACEMENT_3D('',#9685,#9686,#9687);
#9685 = CARTESIAN_POINT('',(-2.25,-0.43,0.725));
#9686 = DIRECTION('',(-9.95799250103E-17,1.,0.));
#9687 = DIRECTION('',(-1.,-9.95799250103E-17,3.700743415417E-16));
#9688 = PCURVE('',#6323,#9689);
#9689 = DEFINITIONAL_REPRESENTATION('',(#9690),#9694);
#9690 = CIRCLE('',#9691,0.3);
#9691 = AXIS2_PLACEMENT_2D('',#9692,#9693);
#9692 = CARTESIAN_POINT('',(0.192340342435,0.16578967201));
#9693 = DIRECTION('',(3.700743415417E-16,-1.));
#9694 = ( GEOMETRIC_REPRESENTATION_CONTEXT(2) 
PARAMETRIC_REPRESENTATION_CONTEXT() REPRESENTATION_CONTEXT('2D SPACE',''
  ) );
#9695 = PCURVE('',#9066,#9696);
#9696 = DEFINITIONAL_REPRESENTATION('',(#9697),#9701);
#9697 = LINE('',#9698,#9699);
#9698 = CARTESIAN_POINT('',(6.28318530718,-0.41));
#9699 = VECTOR('',#9700,1.);
#9700 = DIRECTION('',(-1.,0.));
#9701 = ( GEOMETRIC_REPRESENTATION_CONTEXT(2) 
PARAMETRIC_REPRESENTATION_CONTEXT() REPRESENTATION_CONTEXT('2D SPACE',''
  ) );
#9702 = ORIENTED_EDGE('',*,*,#9703,.T.);
#9703 = EDGE_CURVE('',#9680,#6446,#9704,.T.);
#9704 = SURFACE_CURVE('',#9705,(#9709,#9716),.PCURVE_S1.);
#9705 = LINE('',#9706,#9707);
#9706 = CARTESIAN_POINT('',(-2.25,-0.43,1.025));
#9707 = VECTOR('',#9708,1.);
#9708 = DIRECTION('',(1.,9.95799250103E-17,0.));
#9709 = PCURVE('',#6323,#9710);
#9710 = DEFINITIONAL_REPRESENTATION('',(#9711),#9715);
#9711 = LINE('',#9712,#9713);
#9712 = CARTESIAN_POINT('',(0.492340342435,0.16578967201));
#9713 = VECTOR('',#9714,1.);
#9714 = DIRECTION('',(0.,1.));
#9715 = ( GEOMETRIC_REPRESENTATION_CONTEXT(2) 
PARAMETRIC_REPRESENTATION_CONTEXT() REPRESENTATION_CONTEXT('2D SPACE',''
  ) );
#9716 = PCURVE('',#7181,#9717);
#9717 = DEFINITIONAL_REPRESENTATION('',(#9718),#9722);
#9718 = LINE('',#9719,#9720);
#9719 = CARTESIAN_POINT('',(4.082776925422E-17,-0.41));
#9720 = VECTOR('',#9721,1.);
#9721 = DIRECTION('',(1.,0.));
#9722 = ( GEOMETRIC_REPRESENTATION_CONTEXT(2) 
PARAMETRIC_REPRESENTATION_CONTEXT() REPRESENTATION_CONTEXT('2D SPACE',''
  ) );
#9723 = ADVANCED_FACE('',(#9724),#6380,.F.);
#9724 = FACE_BOUND('',#9725,.F.);
#9725 = EDGE_LOOP('',(#9726,#9727,#9728,#9756,#9779,#9803,#9826,#9849,
    #9872,#9900,#9923,#9947));
#9726 = ORIENTED_EDGE('',*,*,#6469,.F.);
#9727 = ORIENTED_EDGE('',*,*,#6364,.T.);
#9728 = ORIENTED_EDGE('',*,*,#9729,.T.);
#9729 = EDGE_CURVE('',#6365,#9730,#9732,.T.);
#9730 = VERTEX_POINT('',#9731);
#9731 = CARTESIAN_POINT('',(-2.35,0.43,0.725));
#9732 = SURFACE_CURVE('',#9733,(#9738,#9749),.PCURVE_S1.);
#9733 = CIRCLE('',#9734,0.1);
#9734 = AXIS2_PLACEMENT_3D('',#9735,#9736,#9737);
#9735 = CARTESIAN_POINT('',(-2.25,0.43,0.725));
#9736 = DIRECTION('',(9.95799250103E-17,-1.,0.));
#9737 = DIRECTION('',(-4.440892098501E-15,-4.422237021476E-31,1.));
#9738 = PCURVE('',#6380,#9739);
#9739 = DEFINITIONAL_REPRESENTATION('',(#9740),#9748);
#9740 = ( BOUNDED_CURVE() B_SPLINE_CURVE(2,(#9741,#9742,#9743,#9744,
#9745,#9746,#9747),.UNSPECIFIED.,.T.,.F.) B_SPLINE_CURVE_WITH_KNOTS((1,2
    ,2,2,2,1),(-2.094395102393,0.,2.094395102393,4.188790204786,
6.28318530718,8.377580409573),.UNSPECIFIED.) CURVE() 
GEOMETRIC_REPRESENTATION_ITEM() RATIONAL_B_SPLINE_CURVE((1.,0.5,1.,0.5,
1.,0.5,1.)) REPRESENTATION_ITEM('') );
#9741 = CARTESIAN_POINT('',(0.292340342435,0.16578967201));
#9742 = CARTESIAN_POINT('',(0.292340342435,-7.415408746888E-03));
#9743 = CARTESIAN_POINT('',(0.142340342435,7.918713163156E-02));
#9744 = CARTESIAN_POINT('',(-7.659657565E-03,0.16578967201));
#9745 = CARTESIAN_POINT('',(0.142340342435,0.252392212388));
#9746 = CARTESIAN_POINT('',(0.292340342435,0.338994752767));
#9747 = CARTESIAN_POINT('',(0.292340342435,0.16578967201));
#9748 = ( GEOMETRIC_REPRESENTATION_CONTEXT(2) 
PARAMETRIC_REPRESENTATION_CONTEXT() REPRESENTATION_CONTEXT('2D SPACE',''
  ) );
#9749 = PCURVE('',#6430,#9750);
#9750 = DEFINITIONAL_REPRESENTATION('',(#9751),#9755);
#9751 = LINE('',#9752,#9753);
#9752 = CARTESIAN_POINT('',(0.,0.));
#9753 = VECTOR('',#9754,1.);
#9754 = DIRECTION('',(1.,0.));
#9755 = ( GEOMETRIC_REPRESENTATION_CONTEXT(2) 
PARAMETRIC_REPRESENTATION_CONTEXT() REPRESENTATION_CONTEXT('2D SPACE',''
  ) );
#9756 = ORIENTED_EDGE('',*,*,#9757,.T.);
#9757 = EDGE_CURVE('',#9730,#9758,#9760,.T.);
#9758 = VERTEX_POINT('',#9759);
#9759 = CARTESIAN_POINT('',(-2.35,0.43,0.3));
#9760 = SURFACE_CURVE('',#9761,(#9765,#9772),.PCURVE_S1.);
#9761 = LINE('',#9762,#9763);
#9762 = CARTESIAN_POINT('',(-2.35,0.43,0.725));
#9763 = VECTOR('',#9764,1.);
#9764 = DIRECTION('',(-1.044915787883E-15,-1.040526357994E-31,-1.));
#9765 = PCURVE('',#6380,#9766);
#9766 = DEFINITIONAL_REPRESENTATION('',(#9767),#9771);
#9767 = LINE('',#9768,#9769);
#9768 = CARTESIAN_POINT('',(0.192340342435,6.578967201E-02));
#9769 = VECTOR('',#9770,1.);
#9770 = DIRECTION('',(-1.,-1.044915787883E-15));
#9771 = ( GEOMETRIC_REPRESENTATION_CONTEXT(2) 
PARAMETRIC_REPRESENTATION_CONTEXT() REPRESENTATION_CONTEXT('2D SPACE',''
  ) );
#9772 = PCURVE('',#9148,#9773);
#9773 = DEFINITIONAL_REPRESENTATION('',(#9774),#9778);
#9774 = LINE('',#9775,#9776);
#9775 = CARTESIAN_POINT('',(-0.,0.));
#9776 = VECTOR('',#9777,1.);
#9777 = DIRECTION('',(1.,0.));
#9778 = ( GEOMETRIC_REPRESENTATION_CONTEXT(2) 
PARAMETRIC_REPRESENTATION_CONTEXT() REPRESENTATION_CONTEXT('2D SPACE',''
  ) );
#9779 = ORIENTED_EDGE('',*,*,#9780,.T.);
#9780 = EDGE_CURVE('',#9758,#9781,#9783,.T.);
#9781 = VERTEX_POINT('',#9782);
#9782 = CARTESIAN_POINT('',(-2.65,0.43,5.551115123126E-17));
#9783 = SURFACE_CURVE('',#9784,(#9789,#9796),.PCURVE_S1.);
#9784 = CIRCLE('',#9785,0.3);
#9785 = AXIS2_PLACEMENT_3D('',#9786,#9787,#9788);
#9786 = CARTESIAN_POINT('',(-2.65,0.43,0.3));
#9787 = DIRECTION('',(-9.95799250103E-17,1.,0.));
#9788 = DIRECTION('',(1.,9.95799250103E-17,3.515706244646E-15));
#9789 = PCURVE('',#6380,#9790);
#9790 = DEFINITIONAL_REPRESENTATION('',(#9791),#9795);
#9791 = CIRCLE('',#9792,0.3);
#9792 = AXIS2_PLACEMENT_2D('',#9793,#9794);
#9793 = CARTESIAN_POINT('',(-0.232659657565,-0.23421032799));
#9794 = DIRECTION('',(3.515706244646E-15,1.));
#9795 = ( GEOMETRIC_REPRESENTATION_CONTEXT(2) 
PARAMETRIC_REPRESENTATION_CONTEXT() REPRESENTATION_CONTEXT('2D SPACE',''
  ) );
#9796 = PCURVE('',#9177,#9797);
#9797 = DEFINITIONAL_REPRESENTATION('',(#9798),#9802);
#9798 = LINE('',#9799,#9800);
#9799 = CARTESIAN_POINT('',(6.28318530718,0.));
#9800 = VECTOR('',#9801,1.);
#9801 = DIRECTION('',(-1.,0.));
#9802 = ( GEOMETRIC_REPRESENTATION_CONTEXT(2) 
PARAMETRIC_REPRESENTATION_CONTEXT() REPRESENTATION_CONTEXT('2D SPACE',''
  ) );
#9803 = ORIENTED_EDGE('',*,*,#9804,.T.);
#9804 = EDGE_CURVE('',#9781,#9805,#9807,.T.);
#9805 = VERTEX_POINT('',#9806);
#9806 = CARTESIAN_POINT('',(-3.,0.43,5.551115123126E-17));
#9807 = SURFACE_CURVE('',#9808,(#9812,#9819),.PCURVE_S1.);
#9808 = LINE('',#9809,#9810);
#9809 = CARTESIAN_POINT('',(-2.65,0.43,5.551115123126E-17));
#9810 = VECTOR('',#9811,1.);
#9811 = DIRECTION('',(-1.,-9.95799250103E-17,0.));
#9812 = PCURVE('',#6380,#9813);
#9813 = DEFINITIONAL_REPRESENTATION('',(#9814),#9818);
#9814 = LINE('',#9815,#9816);
#9815 = CARTESIAN_POINT('',(-0.532659657565,-0.23421032799));
#9816 = VECTOR('',#9817,1.);
#9817 = DIRECTION('',(0.,-1.));
#9818 = ( GEOMETRIC_REPRESENTATION_CONTEXT(2) 
PARAMETRIC_REPRESENTATION_CONTEXT() REPRESENTATION_CONTEXT('2D SPACE',''
  ) );
#9819 = PCURVE('',#9205,#9820);
#9820 = DEFINITIONAL_REPRESENTATION('',(#9821),#9825);
#9821 = LINE('',#9822,#9823);
#9822 = CARTESIAN_POINT('',(0.,0.));
#9823 = VECTOR('',#9824,1.);
#9824 = DIRECTION('',(1.,0.));
#9825 = ( GEOMETRIC_REPRESENTATION_CONTEXT(2) 
PARAMETRIC_REPRESENTATION_CONTEXT() REPRESENTATION_CONTEXT('2D SPACE',''
  ) );
#9826 = ORIENTED_EDGE('',*,*,#9827,.T.);
#9827 = EDGE_CURVE('',#9805,#9828,#9830,.T.);
#9828 = VERTEX_POINT('',#9829);
#9829 = CARTESIAN_POINT('',(-3.,0.43,0.2));
#9830 = SURFACE_CURVE('',#9831,(#9835,#9842),.PCURVE_S1.);
#9831 = LINE('',#9832,#9833);
#9832 = CARTESIAN_POINT('',(-3.,0.43,5.551115123126E-17));
#9833 = VECTOR('',#9834,1.);
#9834 = DIRECTION('',(0.,0.,1.));
#9835 = PCURVE('',#6380,#9836);
#9836 = DEFINITIONAL_REPRESENTATION('',(#9837),#9841);
#9837 = LINE('',#9838,#9839);
#9838 = CARTESIAN_POINT('',(-0.532659657565,-0.58421032799));
#9839 = VECTOR('',#9840,1.);
#9840 = DIRECTION('',(1.,0.));
#9841 = ( GEOMETRIC_REPRESENTATION_CONTEXT(2) 
PARAMETRIC_REPRESENTATION_CONTEXT() REPRESENTATION_CONTEXT('2D SPACE',''
  ) );
#9842 = PCURVE('',#9233,#9843);
#9843 = DEFINITIONAL_REPRESENTATION('',(#9844),#9848);
#9844 = LINE('',#9845,#9846);
#9845 = CARTESIAN_POINT('',(0.,0.));
#9846 = VECTOR('',#9847,1.);
#9847 = DIRECTION('',(1.,0.));
#9848 = ( GEOMETRIC_REPRESENTATION_CONTEXT(2) 
PARAMETRIC_REPRESENTATION_CONTEXT() REPRESENTATION_CONTEXT('2D SPACE',''
  ) );
#9849 = ORIENTED_EDGE('',*,*,#9850,.T.);
#9850 = EDGE_CURVE('',#9828,#9851,#9853,.T.);
#9851 = VERTEX_POINT('',#9852);
#9852 = CARTESIAN_POINT('',(-2.65,0.43,0.2));
#9853 = SURFACE_CURVE('',#9854,(#9858,#9865),.PCURVE_S1.);
#9854 = LINE('',#9855,#9856);
#9855 = CARTESIAN_POINT('',(-3.,0.43,0.2));
#9856 = VECTOR('',#9857,1.);
#9857 = DIRECTION('',(1.,9.95799250103E-17,0.));
#9858 = PCURVE('',#6380,#9859);
#9859 = DEFINITIONAL_REPRESENTATION('',(#9860),#9864);
#9860 = LINE('',#9861,#9862);
#9861 = CARTESIAN_POINT('',(-0.332659657565,-0.58421032799));
#9862 = VECTOR('',#9863,1.);
#9863 = DIRECTION('',(0.,1.));
#9864 = ( GEOMETRIC_REPRESENTATION_CONTEXT(2) 
PARAMETRIC_REPRESENTATION_CONTEXT() REPRESENTATION_CONTEXT('2D SPACE',''
  ) );
#9865 = PCURVE('',#9261,#9866);
#9866 = DEFINITIONAL_REPRESENTATION('',(#9867),#9871);
#9867 = LINE('',#9868,#9869);
#9868 = CARTESIAN_POINT('',(0.,0.));
#9869 = VECTOR('',#9870,1.);
#9870 = DIRECTION('',(1.,0.));
#9871 = ( GEOMETRIC_REPRESENTATION_CONTEXT(2) 
PARAMETRIC_REPRESENTATION_CONTEXT() REPRESENTATION_CONTEXT('2D SPACE',''
  ) );
#9872 = ORIENTED_EDGE('',*,*,#9873,.T.);
#9873 = EDGE_CURVE('',#9851,#9874,#9876,.T.);
#9874 = VERTEX_POINT('',#9875);
#9875 = CARTESIAN_POINT('',(-2.55,0.43,0.3));
#9876 = SURFACE_CURVE('',#9877,(#9882,#9893),.PCURVE_S1.);
#9877 = CIRCLE('',#9878,0.1);
#9878 = AXIS2_PLACEMENT_3D('',#9879,#9880,#9881);
#9879 = CARTESIAN_POINT('',(-2.65,0.43,0.3));
#9880 = DIRECTION('',(9.95799250103E-17,-1.,-0.));
#9881 = DIRECTION('',(-0.,0.,-1.));
#9882 = PCURVE('',#6380,#9883);
#9883 = DEFINITIONAL_REPRESENTATION('',(#9884),#9892);
#9884 = ( BOUNDED_CURVE() B_SPLINE_CURVE(2,(#9885,#9886,#9887,#9888,
#9889,#9890,#9891),.UNSPECIFIED.,.T.,.F.) B_SPLINE_CURVE_WITH_KNOTS((1,2
    ,2,2,2,1),(-2.094395102393,0.,2.094395102393,4.188790204786,
6.28318530718,8.377580409573),.UNSPECIFIED.) CURVE() 
GEOMETRIC_REPRESENTATION_ITEM() RATIONAL_B_SPLINE_CURVE((1.,0.5,1.,0.5,
1.,0.5,1.)) REPRESENTATION_ITEM('') );
#9885 = CARTESIAN_POINT('',(-0.332659657565,-0.23421032799));
#9886 = CARTESIAN_POINT('',(-0.332659657565,-6.100524723311E-02));
#9887 = CARTESIAN_POINT('',(-0.182659657565,-0.147607787612));
#9888 = CARTESIAN_POINT('',(-3.2659657565E-02,-0.23421032799));
#9889 = CARTESIAN_POINT('',(-0.182659657565,-0.320812868368));
#9890 = CARTESIAN_POINT('',(-0.332659657565,-0.407415408747));
#9891 = CARTESIAN_POINT('',(-0.332659657565,-0.23421032799));
#9892 = ( GEOMETRIC_REPRESENTATION_CONTEXT(2) 
PARAMETRIC_REPRESENTATION_CONTEXT() REPRESENTATION_CONTEXT('2D SPACE',''
  ) );
#9893 = PCURVE('',#9294,#9894);
#9894 = DEFINITIONAL_REPRESENTATION('',(#9895),#9899);
#9895 = LINE('',#9896,#9897);
#9896 = CARTESIAN_POINT('',(0.,0.));
#9897 = VECTOR('',#9898,1.);
#9898 = DIRECTION('',(1.,0.));
#9899 = ( GEOMETRIC_REPRESENTATION_CONTEXT(2) 
PARAMETRIC_REPRESENTATION_CONTEXT() REPRESENTATION_CONTEXT('2D SPACE',''
  ) );
#9900 = ORIENTED_EDGE('',*,*,#9901,.T.);
#9901 = EDGE_CURVE('',#9874,#9902,#9904,.T.);
#9902 = VERTEX_POINT('',#9903);
#9903 = CARTESIAN_POINT('',(-2.55,0.43,0.725));
#9904 = SURFACE_CURVE('',#9905,(#9909,#9916),.PCURVE_S1.);
#9905 = LINE('',#9906,#9907);
#9906 = CARTESIAN_POINT('',(-2.55,0.43,0.3));
#9907 = VECTOR('',#9908,1.);
#9908 = DIRECTION('',(0.,0.,1.));
#9909 = PCURVE('',#6380,#9910);
#9910 = DEFINITIONAL_REPRESENTATION('',(#9911),#9915);
#9911 = LINE('',#9912,#9913);
#9912 = CARTESIAN_POINT('',(-0.232659657565,-0.13421032799));
#9913 = VECTOR('',#9914,1.);
#9914 = DIRECTION('',(1.,0.));
#9915 = ( GEOMETRIC_REPRESENTATION_CONTEXT(2) 
PARAMETRIC_REPRESENTATION_CONTEXT() REPRESENTATION_CONTEXT('2D SPACE',''
  ) );
#9916 = PCURVE('',#9322,#9917);
#9917 = DEFINITIONAL_REPRESENTATION('',(#9918),#9922);
#9918 = LINE('',#9919,#9920);
#9919 = CARTESIAN_POINT('',(0.,0.));
#9920 = VECTOR('',#9921,1.);
#9921 = DIRECTION('',(1.,0.));
#9922 = ( GEOMETRIC_REPRESENTATION_CONTEXT(2) 
PARAMETRIC_REPRESENTATION_CONTEXT() REPRESENTATION_CONTEXT('2D SPACE',''
  ) );
#9923 = ORIENTED_EDGE('',*,*,#9924,.T.);
#9924 = EDGE_CURVE('',#9902,#9925,#9927,.T.);
#9925 = VERTEX_POINT('',#9926);
#9926 = CARTESIAN_POINT('',(-2.25,0.43,1.025));
#9927 = SURFACE_CURVE('',#9928,(#9933,#9940),.PCURVE_S1.);
#9928 = CIRCLE('',#9929,0.3);
#9929 = AXIS2_PLACEMENT_3D('',#9930,#9931,#9932);
#9930 = CARTESIAN_POINT('',(-2.25,0.43,0.725));
#9931 = DIRECTION('',(-9.95799250103E-17,1.,0.));
#9932 = DIRECTION('',(-1.,-9.95799250103E-17,3.700743415417E-16));
#9933 = PCURVE('',#6380,#9934);
#9934 = DEFINITIONAL_REPRESENTATION('',(#9935),#9939);
#9935 = CIRCLE('',#9936,0.3);
#9936 = AXIS2_PLACEMENT_2D('',#9937,#9938);
#9937 = CARTESIAN_POINT('',(0.192340342435,0.16578967201));
#9938 = DIRECTION('',(3.700743415417E-16,-1.));
#9939 = ( GEOMETRIC_REPRESENTATION_CONTEXT(2) 
PARAMETRIC_REPRESENTATION_CONTEXT() REPRESENTATION_CONTEXT('2D SPACE',''
  ) );
#9940 = PCURVE('',#9351,#9941);
#9941 = DEFINITIONAL_REPRESENTATION('',(#9942),#9946);
#9942 = LINE('',#9943,#9944);
#9943 = CARTESIAN_POINT('',(6.28318530718,0.));
#9944 = VECTOR('',#9945,1.);
#9945 = DIRECTION('',(-1.,0.));
#9946 = ( GEOMETRIC_REPRESENTATION_CONTEXT(2) 
PARAMETRIC_REPRESENTATION_CONTEXT() REPRESENTATION_CONTEXT('2D SPACE',''
  ) );
#9947 = ORIENTED_EDGE('',*,*,#9948,.T.);
#9948 = EDGE_CURVE('',#9925,#6470,#9949,.T.);
#9949 = SURFACE_CURVE('',#9950,(#9954,#9961),.PCURVE_S1.);
#9950 = LINE('',#9951,#9952);
#9951 = CARTESIAN_POINT('',(-2.25,0.43,1.025));
#9952 = VECTOR('',#9953,1.);
#9953 = DIRECTION('',(1.,9.95799250103E-17,0.));
#9954 = PCURVE('',#6380,#9955);
#9955 = DEFINITIONAL_REPRESENTATION('',(#9956),#9960);
#9956 = LINE('',#9957,#9958);
#9957 = CARTESIAN_POINT('',(0.492340342435,0.16578967201));
#9958 = VECTOR('',#9959,1.);
#9959 = DIRECTION('',(0.,1.));
#9960 = ( GEOMETRIC_REPRESENTATION_CONTEXT(2) 
PARAMETRIC_REPRESENTATION_CONTEXT() REPRESENTATION_CONTEXT('2D SPACE',''
  ) );
#9961 = PCURVE('',#7231,#9962);
#9962 = DEFINITIONAL_REPRESENTATION('',(#9963),#9967);
#9963 = LINE('',#9964,#9965);
#9964 = CARTESIAN_POINT('',(0.,0.));
#9965 = VECTOR('',#9966,1.);
#9966 = DIRECTION('',(1.,0.));
#9967 = ( GEOMETRIC_REPRESENTATION_CONTEXT(2) 
PARAMETRIC_REPRESENTATION_CONTEXT() REPRESENTATION_CONTEXT('2D SPACE',''
  ) );
#9968 = ADVANCED_FACE('',(#9969),#6430,.F.);
#9969 = FACE_BOUND('',#9970,.F.);
#9970 = EDGE_LOOP('',(#9971,#9972,#9973,#9994));
#9971 = ORIENTED_EDGE('',*,*,#6416,.T.);
#9972 = ORIENTED_EDGE('',*,*,#9104,.T.);
#9973 = ORIENTED_EDGE('',*,*,#9974,.F.);
#9974 = EDGE_CURVE('',#9730,#9105,#9975,.T.);
#9975 = SURFACE_CURVE('',#9976,(#9980,#9987),.PCURVE_S1.);
#9976 = LINE('',#9977,#9978);
#9977 = CARTESIAN_POINT('',(-2.35,0.43,0.725));
#9978 = VECTOR('',#9979,1.);
#9979 = DIRECTION('',(-9.95799250103E-17,1.,0.));
#9980 = PCURVE('',#6430,#9981);
#9981 = DEFINITIONAL_REPRESENTATION('',(#9982),#9986);
#9982 = LINE('',#9983,#9984);
#9983 = CARTESIAN_POINT('',(1.570796326795,0.));
#9984 = VECTOR('',#9985,1.);
#9985 = DIRECTION('',(0.,-1.));
#9986 = ( GEOMETRIC_REPRESENTATION_CONTEXT(2) 
PARAMETRIC_REPRESENTATION_CONTEXT() REPRESENTATION_CONTEXT('2D SPACE',''
  ) );
#9987 = PCURVE('',#9148,#9988);
#9988 = DEFINITIONAL_REPRESENTATION('',(#9989),#9993);
#9989 = LINE('',#9990,#9991);
#9990 = CARTESIAN_POINT('',(-0.,0.));
#9991 = VECTOR('',#9992,1.);
#9992 = DIRECTION('',(6.767833676919E-44,-1.));
#9993 = ( GEOMETRIC_REPRESENTATION_CONTEXT(2) 
PARAMETRIC_REPRESENTATION_CONTEXT() REPRESENTATION_CONTEXT('2D SPACE',''
  ) );
#9994 = ORIENTED_EDGE('',*,*,#9729,.F.);
#9995 = ADVANCED_FACE('',(#9996),#6506,.F.);
#9996 = FACE_BOUND('',#9997,.F.);
#9997 = EDGE_LOOP('',(#9998,#10018,#10019,#10039));
#9998 = ORIENTED_EDGE('',*,*,#9999,.F.);
#9999 = EDGE_CURVE('',#6446,#7166,#10000,.T.);
#10000 = SURFACE_CURVE('',#10001,(#10005,#10011),.PCURVE_S1.);
#10001 = LINE('',#10002,#10003);
#10002 = CARTESIAN_POINT('',(-2.25,-0.43,1.025));
#10003 = VECTOR('',#10004,1.);
#10004 = DIRECTION('',(1.,9.95799250103E-17,0.));
#10005 = PCURVE('',#6506,#10006);
#10006 = DEFINITIONAL_REPRESENTATION('',(#10007),#10010);
#10007 = B_SPLINE_CURVE_WITH_KNOTS('',1,(#10008,#10009),.UNSPECIFIED.,
  .F.,.F.,(2,2),(0.3,0.375),.PIECEWISE_BEZIER_KNOTS.);
#10008 = CARTESIAN_POINT('',(1.845,3.104370344802E-17));
#10009 = CARTESIAN_POINT('',(1.837793296089,1.));
#10010 = ( GEOMETRIC_REPRESENTATION_CONTEXT(2) 
PARAMETRIC_REPRESENTATION_CONTEXT() REPRESENTATION_CONTEXT('2D SPACE',''
  ) );
#10011 = PCURVE('',#7181,#10012);
#10012 = DEFINITIONAL_REPRESENTATION('',(#10013),#10017);
#10013 = LINE('',#10014,#10015);
#10014 = CARTESIAN_POINT('',(4.082776925422E-17,-0.41));
#10015 = VECTOR('',#10016,1.);
#10016 = DIRECTION('',(1.,0.));
#10017 = ( GEOMETRIC_REPRESENTATION_CONTEXT(2) 
PARAMETRIC_REPRESENTATION_CONTEXT() REPRESENTATION_CONTEXT('2D SPACE',''
  ) );
#10018 = ORIENTED_EDGE('',*,*,#6492,.T.);
#10019 = ORIENTED_EDGE('',*,*,#10020,.T.);
#10020 = EDGE_CURVE('',#6470,#7194,#10021,.T.);
#10021 = SURFACE_CURVE('',#10022,(#10026,#10032),.PCURVE_S1.);
#10022 = LINE('',#10023,#10024);
#10023 = CARTESIAN_POINT('',(-2.25,0.43,1.025));
#10024 = VECTOR('',#10025,1.);
#10025 = DIRECTION('',(1.,9.95799250103E-17,0.));
#10026 = PCURVE('',#6506,#10027);
#10027 = DEFINITIONAL_REPRESENTATION('',(#10028),#10031);
#10028 = B_SPLINE_CURVE_WITH_KNOTS('',1,(#10029,#10030),.UNSPECIFIED.,
  .F.,.F.,(2,2),(0.3,0.375),.PIECEWISE_BEZIER_KNOTS.);
#10029 = CARTESIAN_POINT('',(2.705,3.104372131641E-17));
#10030 = CARTESIAN_POINT('',(2.712206703911,1.));
#10031 = ( GEOMETRIC_REPRESENTATION_CONTEXT(2) 
PARAMETRIC_REPRESENTATION_CONTEXT() REPRESENTATION_CONTEXT('2D SPACE',''
  ) );
#10032 = PCURVE('',#7231,#10033);
#10033 = DEFINITIONAL_REPRESENTATION('',(#10034),#10038);
#10034 = LINE('',#10035,#10036);
#10035 = CARTESIAN_POINT('',(0.,0.));
#10036 = VECTOR('',#10037,1.);
#10037 = DIRECTION('',(1.,0.));
#10038 = ( GEOMETRIC_REPRESENTATION_CONTEXT(2) 
PARAMETRIC_REPRESENTATION_CONTEXT() REPRESENTATION_CONTEXT('2D SPACE',''
  ) );
#10039 = ORIENTED_EDGE('',*,*,#7193,.F.);
#10040 = ADVANCED_FACE('',(#10041),#6537,.F.);
#10041 = FACE_BOUND('',#10042,.F.);
#10042 = EDGE_LOOP('',(#10043,#10044,#10045,#10046));
#10043 = ORIENTED_EDGE('',*,*,#6523,.T.);
#10044 = ORIENTED_EDGE('',*,*,#6995,.T.);
#10045 = ORIENTED_EDGE('',*,*,#7044,.F.);
#10046 = ORIENTED_EDGE('',*,*,#8181,.F.);
#10047 = ADVANCED_FACE('',(#10048),#7131,.F.);
#10048 = FACE_BOUND('',#10049,.F.);
#10049 = EDGE_LOOP('',(#10050,#10051,#10072,#10073,#10074,#10075));
#10050 = ORIENTED_EDGE('',*,*,#7828,.F.);
#10051 = ORIENTED_EDGE('',*,*,#10052,.T.);
#10052 = EDGE_CURVE('',#7800,#8430,#10053,.T.);
#10053 = SURFACE_CURVE('',#10054,(#10058,#10065),.PCURVE_S1.);
#10054 = LINE('',#10055,#10056);
#10055 = CARTESIAN_POINT('',(-2.25,-2.11,1.025));
#10056 = VECTOR('',#10057,1.);
#10057 = DIRECTION('',(-9.95799250103E-17,1.,0.));
#10058 = PCURVE('',#7131,#10059);
#10059 = DEFINITIONAL_REPRESENTATION('',(#10060),#10064);
#10060 = LINE('',#10061,#10062);
#10061 = CARTESIAN_POINT('',(0.,0.));
#10062 = VECTOR('',#10063,1.);
#10063 = DIRECTION('',(0.,-1.));
#10064 = ( GEOMETRIC_REPRESENTATION_CONTEXT(2) 
PARAMETRIC_REPRESENTATION_CONTEXT() REPRESENTATION_CONTEXT('2D SPACE',''
  ) );
#10065 = PCURVE('',#7816,#10066);
#10066 = DEFINITIONAL_REPRESENTATION('',(#10067),#10071);
#10067 = LINE('',#10068,#10069);
#10068 = CARTESIAN_POINT('',(4.712388980385,0.));
#10069 = VECTOR('',#10070,1.);
#10070 = DIRECTION('',(0.,-1.));
#10071 = ( GEOMETRIC_REPRESENTATION_CONTEXT(2) 
PARAMETRIC_REPRESENTATION_CONTEXT() REPRESENTATION_CONTEXT('2D SPACE',''
  ) );
#10072 = ORIENTED_EDGE('',*,*,#8453,.T.);
#10073 = ORIENTED_EDGE('',*,*,#8749,.T.);
#10074 = ORIENTED_EDGE('',*,*,#7115,.F.);
#10075 = ORIENTED_EDGE('',*,*,#7520,.F.);
#10076 = ADVANCED_FACE('',(#10077),#7181,.F.);
#10077 = FACE_BOUND('',#10078,.F.);
#10078 = EDGE_LOOP('',(#10079,#10080,#10101,#10102,#10103,#10104));
#10079 = ORIENTED_EDGE('',*,*,#9078,.F.);
#10080 = ORIENTED_EDGE('',*,*,#10081,.T.);
#10081 = EDGE_CURVE('',#9050,#9680,#10082,.T.);
#10082 = SURFACE_CURVE('',#10083,(#10087,#10094),.PCURVE_S1.);
#10083 = LINE('',#10084,#10085);
#10084 = CARTESIAN_POINT('',(-2.25,-0.84,1.025));
#10085 = VECTOR('',#10086,1.);
#10086 = DIRECTION('',(-9.95799250103E-17,1.,0.));
#10087 = PCURVE('',#7181,#10088);
#10088 = DEFINITIONAL_REPRESENTATION('',(#10089),#10093);
#10089 = LINE('',#10090,#10091);
#10090 = CARTESIAN_POINT('',(0.,0.));
#10091 = VECTOR('',#10092,1.);
#10092 = DIRECTION('',(0.,-1.));
#10093 = ( GEOMETRIC_REPRESENTATION_CONTEXT(2) 
PARAMETRIC_REPRESENTATION_CONTEXT() REPRESENTATION_CONTEXT('2D SPACE',''
  ) );
#10094 = PCURVE('',#9066,#10095);
#10095 = DEFINITIONAL_REPRESENTATION('',(#10096),#10100);
#10096 = LINE('',#10097,#10098);
#10097 = CARTESIAN_POINT('',(4.712388980385,0.));
#10098 = VECTOR('',#10099,1.);
#10099 = DIRECTION('',(0.,-1.));
#10100 = ( GEOMETRIC_REPRESENTATION_CONTEXT(2) 
PARAMETRIC_REPRESENTATION_CONTEXT() REPRESENTATION_CONTEXT('2D SPACE',''
  ) );
#10101 = ORIENTED_EDGE('',*,*,#9703,.T.);
#10102 = ORIENTED_EDGE('',*,*,#9999,.T.);
#10103 = ORIENTED_EDGE('',*,*,#7165,.F.);
#10104 = ORIENTED_EDGE('',*,*,#8793,.F.);
#10105 = ADVANCED_FACE('',(#10106),#7281,.F.);
#10106 = FACE_BOUND('',#10107,.F.);
#10107 = EDGE_LOOP('',(#10108,#10109,#10130,#10131,#10132,#10133));
#10108 = ORIENTED_EDGE('',*,*,#8698,.F.);
#10109 = ORIENTED_EDGE('',*,*,#10110,.T.);
#10110 = EDGE_CURVE('',#8675,#8085,#10111,.T.);
#10111 = SURFACE_CURVE('',#10112,(#10116,#10123),.PCURVE_S1.);
#10112 = LINE('',#10113,#10114);
#10113 = CARTESIAN_POINT('',(-2.25,1.7,1.025));
#10114 = VECTOR('',#10115,1.);
#10115 = DIRECTION('',(-9.95799250103E-17,1.,0.));
#10116 = PCURVE('',#7281,#10117);
#10117 = DEFINITIONAL_REPRESENTATION('',(#10118),#10122);
#10118 = LINE('',#10119,#10120);
#10119 = CARTESIAN_POINT('',(0.,0.));
#10120 = VECTOR('',#10121,1.);
#10121 = DIRECTION('',(0.,-1.));
#10122 = ( GEOMETRIC_REPRESENTATION_CONTEXT(2) 
PARAMETRIC_REPRESENTATION_CONTEXT() REPRESENTATION_CONTEXT('2D SPACE',''
  ) );
#10123 = PCURVE('',#8101,#10124);
#10124 = DEFINITIONAL_REPRESENTATION('',(#10125),#10129);
#10125 = LINE('',#10126,#10127);
#10126 = CARTESIAN_POINT('',(4.712388980385,0.));
#10127 = VECTOR('',#10128,1.);
#10128 = DIRECTION('',(0.,-1.));
#10129 = ( GEOMETRIC_REPRESENTATION_CONTEXT(2) 
PARAMETRIC_REPRESENTATION_CONTEXT() REPRESENTATION_CONTEXT('2D SPACE',''
  ) );
#10130 = ORIENTED_EDGE('',*,*,#8113,.T.);
#10131 = ORIENTED_EDGE('',*,*,#8137,.T.);
#10132 = ORIENTED_EDGE('',*,*,#7265,.F.);
#10133 = ORIENTED_EDGE('',*,*,#9408,.F.);
#10134 = ADVANCED_FACE('',(#10135),#7231,.F.);
#10135 = FACE_BOUND('',#10136,.F.);
#10136 = EDGE_LOOP('',(#10137,#10138,#10159,#10160,#10161,#10162));
#10137 = ORIENTED_EDGE('',*,*,#9948,.F.);
#10138 = ORIENTED_EDGE('',*,*,#10139,.T.);
#10139 = EDGE_CURVE('',#9925,#9335,#10140,.T.);
#10140 = SURFACE_CURVE('',#10141,(#10145,#10152),.PCURVE_S1.);
#10141 = LINE('',#10142,#10143);
#10142 = CARTESIAN_POINT('',(-2.25,0.43,1.025));
#10143 = VECTOR('',#10144,1.);
#10144 = DIRECTION('',(-9.95799250103E-17,1.,0.));
#10145 = PCURVE('',#7231,#10146);
#10146 = DEFINITIONAL_REPRESENTATION('',(#10147),#10151);
#10147 = LINE('',#10148,#10149);
#10148 = CARTESIAN_POINT('',(0.,0.));
#10149 = VECTOR('',#10150,1.);
#10150 = DIRECTION('',(0.,-1.));
#10151 = ( GEOMETRIC_REPRESENTATION_CONTEXT(2) 
PARAMETRIC_REPRESENTATION_CONTEXT() REPRESENTATION_CONTEXT('2D SPACE',''
  ) );
#10152 = PCURVE('',#9351,#10153);
#10153 = DEFINITIONAL_REPRESENTATION('',(#10154),#10158);
#10154 = LINE('',#10155,#10156);
#10155 = CARTESIAN_POINT('',(4.712388980385,0.));
#10156 = VECTOR('',#10157,1.);
#10157 = DIRECTION('',(0.,-1.));
#10158 = ( GEOMETRIC_REPRESENTATION_CONTEXT(2) 
PARAMETRIC_REPRESENTATION_CONTEXT() REPRESENTATION_CONTEXT('2D SPACE',''
  ) );
#10159 = ORIENTED_EDGE('',*,*,#9363,.T.);
#10160 = ORIENTED_EDGE('',*,*,#9387,.T.);
#10161 = ORIENTED_EDGE('',*,*,#7215,.F.);
#10162 = ORIENTED_EDGE('',*,*,#10020,.F.);
#10163 = ADVANCED_FACE('',(#10164),#7428,.T.);
#10164 = FACE_BOUND('',#10165,.T.);
#10165 = EDGE_LOOP('',(#10166));
#10166 = ORIENTED_EDGE('',*,*,#7411,.T.);
#10167 = ADVANCED_FACE('',(#10168),#7816,.T.);
#10168 = FACE_BOUND('',#10169,.T.);
#10169 = EDGE_LOOP('',(#10170,#10171,#10172,#10173));
#10170 = ORIENTED_EDGE('',*,*,#7799,.T.);
#10171 = ORIENTED_EDGE('',*,*,#10052,.T.);
#10172 = ORIENTED_EDGE('',*,*,#8429,.F.);
#10173 = ORIENTED_EDGE('',*,*,#10174,.F.);
#10174 = EDGE_CURVE('',#7772,#8407,#10175,.T.);
#10175 = SURFACE_CURVE('',#10176,(#10180,#10187),.PCURVE_S1.);
#10176 = LINE('',#10177,#10178);
#10177 = CARTESIAN_POINT('',(-2.55,-2.11,0.725));
#10178 = VECTOR('',#10179,1.);
#10179 = DIRECTION('',(-9.95799250103E-17,1.,0.));
#10180 = PCURVE('',#7816,#10181);
#10181 = DEFINITIONAL_REPRESENTATION('',(#10182),#10186);
#10182 = LINE('',#10183,#10184);
#10183 = CARTESIAN_POINT('',(6.28318530718,0.));
#10184 = VECTOR('',#10185,1.);
#10185 = DIRECTION('',(0.,-1.));
#10186 = ( GEOMETRIC_REPRESENTATION_CONTEXT(2) 
PARAMETRIC_REPRESENTATION_CONTEXT() REPRESENTATION_CONTEXT('2D SPACE',''
  ) );
#10187 = PCURVE('',#7787,#10188);
#10188 = DEFINITIONAL_REPRESENTATION('',(#10189),#10193);
#10189 = LINE('',#10190,#10191);
#10190 = CARTESIAN_POINT('',(0.425,0.));
#10191 = VECTOR('',#10192,1.);
#10192 = DIRECTION('',(0.,-1.));
#10193 = ( GEOMETRIC_REPRESENTATION_CONTEXT(2) 
PARAMETRIC_REPRESENTATION_CONTEXT() REPRESENTATION_CONTEXT('2D SPACE',''
  ) );
#10194 = ADVANCED_FACE('',(#10195),#7787,.F.);
#10195 = FACE_BOUND('',#10196,.F.);
#10196 = EDGE_LOOP('',(#10197,#10218,#10219,#10220));
#10197 = ORIENTED_EDGE('',*,*,#10198,.T.);
#10198 = EDGE_CURVE('',#7739,#8379,#10199,.T.);
#10199 = SURFACE_CURVE('',#10200,(#10204,#10211),.PCURVE_S1.);
#10200 = LINE('',#10201,#10202);
#10201 = CARTESIAN_POINT('',(-2.55,-2.11,0.3));
#10202 = VECTOR('',#10203,1.);
#10203 = DIRECTION('',(-9.95799250103E-17,1.,0.));
#10204 = PCURVE('',#7787,#10205);
#10205 = DEFINITIONAL_REPRESENTATION('',(#10206),#10210);
#10206 = LINE('',#10207,#10208);
#10207 = CARTESIAN_POINT('',(0.,0.));
#10208 = VECTOR('',#10209,1.);
#10209 = DIRECTION('',(0.,-1.));
#10210 = ( GEOMETRIC_REPRESENTATION_CONTEXT(2) 
PARAMETRIC_REPRESENTATION_CONTEXT() REPRESENTATION_CONTEXT('2D SPACE',''
  ) );
#10211 = PCURVE('',#7759,#10212);
#10212 = DEFINITIONAL_REPRESENTATION('',(#10213),#10217);
#10213 = LINE('',#10214,#10215);
#10214 = CARTESIAN_POINT('',(1.570796326795,0.));
#10215 = VECTOR('',#10216,1.);
#10216 = DIRECTION('',(0.,-1.));
#10217 = ( GEOMETRIC_REPRESENTATION_CONTEXT(2) 
PARAMETRIC_REPRESENTATION_CONTEXT() REPRESENTATION_CONTEXT('2D SPACE',''
  ) );
#10218 = ORIENTED_EDGE('',*,*,#8406,.T.);
#10219 = ORIENTED_EDGE('',*,*,#10174,.F.);
#10220 = ORIENTED_EDGE('',*,*,#7771,.F.);
#10221 = ADVANCED_FACE('',(#10222),#7759,.F.);
#10222 = FACE_BOUND('',#10223,.F.);
#10223 = EDGE_LOOP('',(#10224,#10245,#10246,#10247));
#10224 = ORIENTED_EDGE('',*,*,#10225,.T.);
#10225 = EDGE_CURVE('',#7711,#8356,#10226,.T.);
#10226 = SURFACE_CURVE('',#10227,(#10231,#10238),.PCURVE_S1.);
#10227 = LINE('',#10228,#10229);
#10228 = CARTESIAN_POINT('',(-2.65,-2.11,0.2));
#10229 = VECTOR('',#10230,1.);
#10230 = DIRECTION('',(-9.95799250103E-17,1.,0.));
#10231 = PCURVE('',#7759,#10232);
#10232 = DEFINITIONAL_REPRESENTATION('',(#10233),#10237);
#10233 = LINE('',#10234,#10235);
#10234 = CARTESIAN_POINT('',(0.,0.));
#10235 = VECTOR('',#10236,1.);
#10236 = DIRECTION('',(0.,-1.));
#10237 = ( GEOMETRIC_REPRESENTATION_CONTEXT(2) 
PARAMETRIC_REPRESENTATION_CONTEXT() REPRESENTATION_CONTEXT('2D SPACE',''
  ) );
#10238 = PCURVE('',#7726,#10239);
#10239 = DEFINITIONAL_REPRESENTATION('',(#10240),#10244);
#10240 = LINE('',#10241,#10242);
#10241 = CARTESIAN_POINT('',(0.35,3.485297375361E-17));
#10242 = VECTOR('',#10243,1.);
#10243 = DIRECTION('',(0.,-1.));
#10244 = ( GEOMETRIC_REPRESENTATION_CONTEXT(2) 
PARAMETRIC_REPRESENTATION_CONTEXT() REPRESENTATION_CONTEXT('2D SPACE',''
  ) );
#10245 = ORIENTED_EDGE('',*,*,#8378,.T.);
#10246 = ORIENTED_EDGE('',*,*,#10198,.F.);
#10247 = ORIENTED_EDGE('',*,*,#7738,.F.);
#10248 = ADVANCED_FACE('',(#10249),#7726,.F.);
#10249 = FACE_BOUND('',#10250,.F.);
#10250 = EDGE_LOOP('',(#10251,#10272,#10273,#10274));
#10251 = ORIENTED_EDGE('',*,*,#10252,.T.);
#10252 = EDGE_CURVE('',#7683,#8333,#10253,.T.);
#10253 = SURFACE_CURVE('',#10254,(#10258,#10265),.PCURVE_S1.);
#10254 = LINE('',#10255,#10256);
#10255 = CARTESIAN_POINT('',(-3.,-2.11,0.2));
#10256 = VECTOR('',#10257,1.);
#10257 = DIRECTION('',(-9.95799250103E-17,1.,0.));
#10258 = PCURVE('',#7726,#10259);
#10259 = DEFINITIONAL_REPRESENTATION('',(#10260),#10264);
#10260 = LINE('',#10261,#10262);
#10261 = CARTESIAN_POINT('',(0.,0.));
#10262 = VECTOR('',#10263,1.);
#10263 = DIRECTION('',(0.,-1.));
#10264 = ( GEOMETRIC_REPRESENTATION_CONTEXT(2) 
PARAMETRIC_REPRESENTATION_CONTEXT() REPRESENTATION_CONTEXT('2D SPACE',''
  ) );
#10265 = PCURVE('',#7698,#10266);
#10266 = DEFINITIONAL_REPRESENTATION('',(#10267),#10271);
#10267 = LINE('',#10268,#10269);
#10268 = CARTESIAN_POINT('',(0.2,0.));
#10269 = VECTOR('',#10270,1.);
#10270 = DIRECTION('',(0.,-1.));
#10271 = ( GEOMETRIC_REPRESENTATION_CONTEXT(2) 
PARAMETRIC_REPRESENTATION_CONTEXT() REPRESENTATION_CONTEXT('2D SPACE',''
  ) );
#10272 = ORIENTED_EDGE('',*,*,#8355,.T.);
#10273 = ORIENTED_EDGE('',*,*,#10225,.F.);
#10274 = ORIENTED_EDGE('',*,*,#7710,.F.);
#10275 = ADVANCED_FACE('',(#10276),#7698,.F.);
#10276 = FACE_BOUND('',#10277,.F.);
#10277 = EDGE_LOOP('',(#10278,#10299,#10300,#10301));
#10278 = ORIENTED_EDGE('',*,*,#10279,.T.);
#10279 = EDGE_CURVE('',#7655,#8310,#10280,.T.);
#10280 = SURFACE_CURVE('',#10281,(#10285,#10292),.PCURVE_S1.);
#10281 = LINE('',#10282,#10283);
#10282 = CARTESIAN_POINT('',(-3.,-2.11,5.551115123126E-17));
#10283 = VECTOR('',#10284,1.);
#10284 = DIRECTION('',(-9.95799250103E-17,1.,0.));
#10285 = PCURVE('',#7698,#10286);
#10286 = DEFINITIONAL_REPRESENTATION('',(#10287),#10291);
#10287 = LINE('',#10288,#10289);
#10288 = CARTESIAN_POINT('',(0.,0.));
#10289 = VECTOR('',#10290,1.);
#10290 = DIRECTION('',(0.,-1.));
#10291 = ( GEOMETRIC_REPRESENTATION_CONTEXT(2) 
PARAMETRIC_REPRESENTATION_CONTEXT() REPRESENTATION_CONTEXT('2D SPACE',''
  ) );
#10292 = PCURVE('',#7670,#10293);
#10293 = DEFINITIONAL_REPRESENTATION('',(#10294),#10298);
#10294 = LINE('',#10295,#10296);
#10295 = CARTESIAN_POINT('',(0.35,-3.485297375361E-17));
#10296 = VECTOR('',#10297,1.);
#10297 = DIRECTION('',(0.,-1.));
#10298 = ( GEOMETRIC_REPRESENTATION_CONTEXT(2) 
PARAMETRIC_REPRESENTATION_CONTEXT() REPRESENTATION_CONTEXT('2D SPACE',''
  ) );
#10299 = ORIENTED_EDGE('',*,*,#8332,.T.);
#10300 = ORIENTED_EDGE('',*,*,#10252,.F.);
#10301 = ORIENTED_EDGE('',*,*,#7682,.F.);
#10302 = ADVANCED_FACE('',(#10303),#7670,.F.);
#10303 = FACE_BOUND('',#10304,.F.);
#10304 = EDGE_LOOP('',(#10305,#10326,#10327,#10328));
#10305 = ORIENTED_EDGE('',*,*,#10306,.T.);
#10306 = EDGE_CURVE('',#7626,#8286,#10307,.T.);
#10307 = SURFACE_CURVE('',#10308,(#10312,#10319),.PCURVE_S1.);
#10308 = LINE('',#10309,#10310);
#10309 = CARTESIAN_POINT('',(-2.65,-2.11,5.551115123126E-17));
#10310 = VECTOR('',#10311,1.);
#10311 = DIRECTION('',(-9.95799250103E-17,1.,0.));
#10312 = PCURVE('',#7670,#10313);
#10313 = DEFINITIONAL_REPRESENTATION('',(#10314),#10318);
#10314 = LINE('',#10315,#10316);
#10315 = CARTESIAN_POINT('',(0.,0.));
#10316 = VECTOR('',#10317,1.);
#10317 = DIRECTION('',(0.,-1.));
#10318 = ( GEOMETRIC_REPRESENTATION_CONTEXT(2) 
PARAMETRIC_REPRESENTATION_CONTEXT() REPRESENTATION_CONTEXT('2D SPACE',''
  ) );
#10319 = PCURVE('',#7642,#10320);
#10320 = DEFINITIONAL_REPRESENTATION('',(#10321),#10325);
#10321 = LINE('',#10322,#10323);
#10322 = CARTESIAN_POINT('',(4.712388980385,0.));
#10323 = VECTOR('',#10324,1.);
#10324 = DIRECTION('',(0.,-1.));
#10325 = ( GEOMETRIC_REPRESENTATION_CONTEXT(2) 
PARAMETRIC_REPRESENTATION_CONTEXT() REPRESENTATION_CONTEXT('2D SPACE',''
  ) );
#10326 = ORIENTED_EDGE('',*,*,#8309,.T.);
#10327 = ORIENTED_EDGE('',*,*,#10279,.F.);
#10328 = ORIENTED_EDGE('',*,*,#7654,.F.);
#10329 = ADVANCED_FACE('',(#10330),#7642,.T.);
#10330 = FACE_BOUND('',#10331,.T.);
#10331 = EDGE_LOOP('',(#10332,#10333,#10334,#10335));
#10332 = ORIENTED_EDGE('',*,*,#7625,.T.);
#10333 = ORIENTED_EDGE('',*,*,#10306,.T.);
#10334 = ORIENTED_EDGE('',*,*,#8285,.F.);
#10335 = ORIENTED_EDGE('',*,*,#10336,.F.);
#10336 = EDGE_CURVE('',#7598,#8263,#10337,.T.);
#10337 = SURFACE_CURVE('',#10338,(#10342,#10349),.PCURVE_S1.);
#10338 = LINE('',#10339,#10340);
#10339 = CARTESIAN_POINT('',(-2.35,-2.11,0.3));
#10340 = VECTOR('',#10341,1.);
#10341 = DIRECTION('',(-9.95799250103E-17,1.,0.));
#10342 = PCURVE('',#7642,#10343);
#10343 = DEFINITIONAL_REPRESENTATION('',(#10344),#10348);
#10344 = LINE('',#10345,#10346);
#10345 = CARTESIAN_POINT('',(6.28318530718,0.));
#10346 = VECTOR('',#10347,1.);
#10347 = DIRECTION('',(0.,-1.));
#10348 = ( GEOMETRIC_REPRESENTATION_CONTEXT(2) 
PARAMETRIC_REPRESENTATION_CONTEXT() REPRESENTATION_CONTEXT('2D SPACE',''
  ) );
#10349 = PCURVE('',#7613,#10350);
#10350 = DEFINITIONAL_REPRESENTATION('',(#10351),#10355);
#10351 = LINE('',#10352,#10353);
#10352 = CARTESIAN_POINT('',(0.425,-4.422237021472E-32));
#10353 = VECTOR('',#10354,1.);
#10354 = DIRECTION('',(6.767833676919E-44,-1.));
#10355 = ( GEOMETRIC_REPRESENTATION_CONTEXT(2) 
PARAMETRIC_REPRESENTATION_CONTEXT() REPRESENTATION_CONTEXT('2D SPACE',''
  ) );
#10356 = ADVANCED_FACE('',(#10357),#7613,.F.);
#10357 = FACE_BOUND('',#10358,.F.);
#10358 = EDGE_LOOP('',(#10359,#10360,#10361,#10362));
#10359 = ORIENTED_EDGE('',*,*,#8234,.T.);
#10360 = ORIENTED_EDGE('',*,*,#8262,.T.);
#10361 = ORIENTED_EDGE('',*,*,#10336,.F.);
#10362 = ORIENTED_EDGE('',*,*,#7597,.F.);
#10363 = ADVANCED_FACE('',(#10364),#8101,.T.);
#10364 = FACE_BOUND('',#10365,.T.);
#10365 = EDGE_LOOP('',(#10366,#10367,#10368,#10369));
#10366 = ORIENTED_EDGE('',*,*,#8674,.T.);
#10367 = ORIENTED_EDGE('',*,*,#10110,.T.);
#10368 = ORIENTED_EDGE('',*,*,#8084,.F.);
#10369 = ORIENTED_EDGE('',*,*,#10370,.F.);
#10370 = EDGE_CURVE('',#8652,#8057,#10371,.T.);
#10371 = SURFACE_CURVE('',#10372,(#10376,#10383),.PCURVE_S1.);
#10372 = LINE('',#10373,#10374);
#10373 = CARTESIAN_POINT('',(-2.55,1.7,0.725));
#10374 = VECTOR('',#10375,1.);
#10375 = DIRECTION('',(-9.95799250103E-17,1.,0.));
#10376 = PCURVE('',#8101,#10377);
#10377 = DEFINITIONAL_REPRESENTATION('',(#10378),#10382);
#10378 = LINE('',#10379,#10380);
#10379 = CARTESIAN_POINT('',(6.28318530718,0.));
#10380 = VECTOR('',#10381,1.);
#10381 = DIRECTION('',(0.,-1.));
#10382 = ( GEOMETRIC_REPRESENTATION_CONTEXT(2) 
PARAMETRIC_REPRESENTATION_CONTEXT() REPRESENTATION_CONTEXT('2D SPACE',''
  ) );
#10383 = PCURVE('',#8072,#10384);
#10384 = DEFINITIONAL_REPRESENTATION('',(#10385),#10389);
#10385 = LINE('',#10386,#10387);
#10386 = CARTESIAN_POINT('',(0.425,0.));
#10387 = VECTOR('',#10388,1.);
#10388 = DIRECTION('',(0.,-1.));
#10389 = ( GEOMETRIC_REPRESENTATION_CONTEXT(2) 
PARAMETRIC_REPRESENTATION_CONTEXT() REPRESENTATION_CONTEXT('2D SPACE',''
  ) );
#10390 = ADVANCED_FACE('',(#10391),#8072,.F.);
#10391 = FACE_BOUND('',#10392,.F.);
#10392 = EDGE_LOOP('',(#10393,#10414,#10415,#10416));
#10393 = ORIENTED_EDGE('',*,*,#10394,.T.);
#10394 = EDGE_CURVE('',#8624,#8024,#10395,.T.);
#10395 = SURFACE_CURVE('',#10396,(#10400,#10407),.PCURVE_S1.);
#10396 = LINE('',#10397,#10398);
#10397 = CARTESIAN_POINT('',(-2.55,1.7,0.3));
#10398 = VECTOR('',#10399,1.);
#10399 = DIRECTION('',(-9.95799250103E-17,1.,0.));
#10400 = PCURVE('',#8072,#10401);
#10401 = DEFINITIONAL_REPRESENTATION('',(#10402),#10406);
#10402 = LINE('',#10403,#10404);
#10403 = CARTESIAN_POINT('',(0.,0.));
#10404 = VECTOR('',#10405,1.);
#10405 = DIRECTION('',(0.,-1.));
#10406 = ( GEOMETRIC_REPRESENTATION_CONTEXT(2) 
PARAMETRIC_REPRESENTATION_CONTEXT() REPRESENTATION_CONTEXT('2D SPACE',''
  ) );
#10407 = PCURVE('',#8044,#10408);
#10408 = DEFINITIONAL_REPRESENTATION('',(#10409),#10413);
#10409 = LINE('',#10410,#10411);
#10410 = CARTESIAN_POINT('',(1.570796326795,0.));
#10411 = VECTOR('',#10412,1.);
#10412 = DIRECTION('',(0.,-1.));
#10413 = ( GEOMETRIC_REPRESENTATION_CONTEXT(2) 
PARAMETRIC_REPRESENTATION_CONTEXT() REPRESENTATION_CONTEXT('2D SPACE',''
  ) );
#10414 = ORIENTED_EDGE('',*,*,#8056,.T.);
#10415 = ORIENTED_EDGE('',*,*,#10370,.F.);
#10416 = ORIENTED_EDGE('',*,*,#8651,.F.);
#10417 = ADVANCED_FACE('',(#10418),#8044,.F.);
#10418 = FACE_BOUND('',#10419,.F.);
#10419 = EDGE_LOOP('',(#10420,#10441,#10442,#10443));
#10420 = ORIENTED_EDGE('',*,*,#10421,.T.);
#10421 = EDGE_CURVE('',#8601,#7996,#10422,.T.);
#10422 = SURFACE_CURVE('',#10423,(#10427,#10434),.PCURVE_S1.);
#10423 = LINE('',#10424,#10425);
#10424 = CARTESIAN_POINT('',(-2.65,1.7,0.2));
#10425 = VECTOR('',#10426,1.);
#10426 = DIRECTION('',(-9.95799250103E-17,1.,0.));
#10427 = PCURVE('',#8044,#10428);
#10428 = DEFINITIONAL_REPRESENTATION('',(#10429),#10433);
#10429 = LINE('',#10430,#10431);
#10430 = CARTESIAN_POINT('',(0.,0.));
#10431 = VECTOR('',#10432,1.);
#10432 = DIRECTION('',(0.,-1.));
#10433 = ( GEOMETRIC_REPRESENTATION_CONTEXT(2) 
PARAMETRIC_REPRESENTATION_CONTEXT() REPRESENTATION_CONTEXT('2D SPACE',''
  ) );
#10434 = PCURVE('',#8011,#10435);
#10435 = DEFINITIONAL_REPRESENTATION('',(#10436),#10440);
#10436 = LINE('',#10437,#10438);
#10437 = CARTESIAN_POINT('',(0.35,3.485297375361E-17));
#10438 = VECTOR('',#10439,1.);
#10439 = DIRECTION('',(0.,-1.));
#10440 = ( GEOMETRIC_REPRESENTATION_CONTEXT(2) 
PARAMETRIC_REPRESENTATION_CONTEXT() REPRESENTATION_CONTEXT('2D SPACE',''
  ) );
#10441 = ORIENTED_EDGE('',*,*,#8023,.T.);
#10442 = ORIENTED_EDGE('',*,*,#10394,.F.);
#10443 = ORIENTED_EDGE('',*,*,#8623,.F.);
#10444 = ADVANCED_FACE('',(#10445),#8011,.F.);
#10445 = FACE_BOUND('',#10446,.F.);
#10446 = EDGE_LOOP('',(#10447,#10468,#10469,#10470));
#10447 = ORIENTED_EDGE('',*,*,#10448,.T.);
#10448 = EDGE_CURVE('',#8578,#7968,#10449,.T.);
#10449 = SURFACE_CURVE('',#10450,(#10454,#10461),.PCURVE_S1.);
#10450 = LINE('',#10451,#10452);
#10451 = CARTESIAN_POINT('',(-3.,1.7,0.2));
#10452 = VECTOR('',#10453,1.);
#10453 = DIRECTION('',(-9.95799250103E-17,1.,0.));
#10454 = PCURVE('',#8011,#10455);
#10455 = DEFINITIONAL_REPRESENTATION('',(#10456),#10460);
#10456 = LINE('',#10457,#10458);
#10457 = CARTESIAN_POINT('',(0.,0.));
#10458 = VECTOR('',#10459,1.);
#10459 = DIRECTION('',(0.,-1.));
#10460 = ( GEOMETRIC_REPRESENTATION_CONTEXT(2) 
PARAMETRIC_REPRESENTATION_CONTEXT() REPRESENTATION_CONTEXT('2D SPACE',''
  ) );
#10461 = PCURVE('',#7983,#10462);
#10462 = DEFINITIONAL_REPRESENTATION('',(#10463),#10467);
#10463 = LINE('',#10464,#10465);
#10464 = CARTESIAN_POINT('',(0.2,0.));
#10465 = VECTOR('',#10466,1.);
#10466 = DIRECTION('',(0.,-1.));
#10467 = ( GEOMETRIC_REPRESENTATION_CONTEXT(2) 
PARAMETRIC_REPRESENTATION_CONTEXT() REPRESENTATION_CONTEXT('2D SPACE',''
  ) );
#10468 = ORIENTED_EDGE('',*,*,#7995,.T.);
#10469 = ORIENTED_EDGE('',*,*,#10421,.F.);
#10470 = ORIENTED_EDGE('',*,*,#8600,.F.);
#10471 = ADVANCED_FACE('',(#10472),#7983,.F.);
#10472 = FACE_BOUND('',#10473,.F.);
#10473 = EDGE_LOOP('',(#10474,#10495,#10496,#10497));
#10474 = ORIENTED_EDGE('',*,*,#10475,.T.);
#10475 = EDGE_CURVE('',#8555,#7940,#10476,.T.);
#10476 = SURFACE_CURVE('',#10477,(#10481,#10488),.PCURVE_S1.);
#10477 = LINE('',#10478,#10479);
#10478 = CARTESIAN_POINT('',(-3.,1.7,5.551115123126E-17));
#10479 = VECTOR('',#10480,1.);
#10480 = DIRECTION('',(-9.95799250103E-17,1.,0.));
#10481 = PCURVE('',#7983,#10482);
#10482 = DEFINITIONAL_REPRESENTATION('',(#10483),#10487);
#10483 = LINE('',#10484,#10485);
#10484 = CARTESIAN_POINT('',(0.,0.));
#10485 = VECTOR('',#10486,1.);
#10486 = DIRECTION('',(0.,-1.));
#10487 = ( GEOMETRIC_REPRESENTATION_CONTEXT(2) 
PARAMETRIC_REPRESENTATION_CONTEXT() REPRESENTATION_CONTEXT('2D SPACE',''
  ) );
#10488 = PCURVE('',#7955,#10489);
#10489 = DEFINITIONAL_REPRESENTATION('',(#10490),#10494);
#10490 = LINE('',#10491,#10492);
#10491 = CARTESIAN_POINT('',(0.35,-3.485297375361E-17));
#10492 = VECTOR('',#10493,1.);
#10493 = DIRECTION('',(0.,-1.));
#10494 = ( GEOMETRIC_REPRESENTATION_CONTEXT(2) 
PARAMETRIC_REPRESENTATION_CONTEXT() REPRESENTATION_CONTEXT('2D SPACE',''
  ) );
#10495 = ORIENTED_EDGE('',*,*,#7967,.T.);
#10496 = ORIENTED_EDGE('',*,*,#10448,.F.);
#10497 = ORIENTED_EDGE('',*,*,#8577,.F.);
#10498 = ADVANCED_FACE('',(#10499),#7955,.F.);
#10499 = FACE_BOUND('',#10500,.F.);
#10500 = EDGE_LOOP('',(#10501,#10522,#10523,#10524));
#10501 = ORIENTED_EDGE('',*,*,#10502,.T.);
#10502 = EDGE_CURVE('',#8531,#7911,#10503,.T.);
#10503 = SURFACE_CURVE('',#10504,(#10508,#10515),.PCURVE_S1.);
#10504 = LINE('',#10505,#10506);
#10505 = CARTESIAN_POINT('',(-2.65,1.7,5.551115123126E-17));
#10506 = VECTOR('',#10507,1.);
#10507 = DIRECTION('',(-9.95799250103E-17,1.,0.));
#10508 = PCURVE('',#7955,#10509);
#10509 = DEFINITIONAL_REPRESENTATION('',(#10510),#10514);
#10510 = LINE('',#10511,#10512);
#10511 = CARTESIAN_POINT('',(0.,0.));
#10512 = VECTOR('',#10513,1.);
#10513 = DIRECTION('',(0.,-1.));
#10514 = ( GEOMETRIC_REPRESENTATION_CONTEXT(2) 
PARAMETRIC_REPRESENTATION_CONTEXT() REPRESENTATION_CONTEXT('2D SPACE',''
  ) );
#10515 = PCURVE('',#7927,#10516);
#10516 = DEFINITIONAL_REPRESENTATION('',(#10517),#10521);
#10517 = LINE('',#10518,#10519);
#10518 = CARTESIAN_POINT('',(4.712388980385,0.));
#10519 = VECTOR('',#10520,1.);
#10520 = DIRECTION('',(0.,-1.));
#10521 = ( GEOMETRIC_REPRESENTATION_CONTEXT(2) 
PARAMETRIC_REPRESENTATION_CONTEXT() REPRESENTATION_CONTEXT('2D SPACE',''
  ) );
#10522 = ORIENTED_EDGE('',*,*,#7939,.T.);
#10523 = ORIENTED_EDGE('',*,*,#10475,.F.);
#10524 = ORIENTED_EDGE('',*,*,#8554,.F.);
#10525 = ADVANCED_FACE('',(#10526),#7927,.T.);
#10526 = FACE_BOUND('',#10527,.T.);
#10527 = EDGE_LOOP('',(#10528,#10529,#10530,#10531));
#10528 = ORIENTED_EDGE('',*,*,#8530,.T.);
#10529 = ORIENTED_EDGE('',*,*,#10502,.T.);
#10530 = ORIENTED_EDGE('',*,*,#7910,.F.);
#10531 = ORIENTED_EDGE('',*,*,#10532,.F.);
#10532 = EDGE_CURVE('',#8508,#7883,#10533,.T.);
#10533 = SURFACE_CURVE('',#10534,(#10538,#10545),.PCURVE_S1.);
#10534 = LINE('',#10535,#10536);
#10535 = CARTESIAN_POINT('',(-2.35,1.7,0.3));
#10536 = VECTOR('',#10537,1.);
#10537 = DIRECTION('',(-9.95799250103E-17,1.,0.));
#10538 = PCURVE('',#7927,#10539);
#10539 = DEFINITIONAL_REPRESENTATION('',(#10540),#10544);
#10540 = LINE('',#10541,#10542);
#10541 = CARTESIAN_POINT('',(6.28318530718,0.));
#10542 = VECTOR('',#10543,1.);
#10543 = DIRECTION('',(0.,-1.));
#10544 = ( GEOMETRIC_REPRESENTATION_CONTEXT(2) 
PARAMETRIC_REPRESENTATION_CONTEXT() REPRESENTATION_CONTEXT('2D SPACE',''
  ) );
#10545 = PCURVE('',#7898,#10546);
#10546 = DEFINITIONAL_REPRESENTATION('',(#10547),#10551);
#10547 = LINE('',#10548,#10549);
#10548 = CARTESIAN_POINT('',(0.425,-4.422237021472E-32));
#10549 = VECTOR('',#10550,1.);
#10550 = DIRECTION('',(6.767833676919E-44,-1.));
#10551 = ( GEOMETRIC_REPRESENTATION_CONTEXT(2) 
PARAMETRIC_REPRESENTATION_CONTEXT() REPRESENTATION_CONTEXT('2D SPACE',''
  ) );
#10552 = ADVANCED_FACE('',(#10553),#7898,.F.);
#10553 = FACE_BOUND('',#10554,.F.);
#10554 = EDGE_LOOP('',(#10555,#10556,#10557,#10558));
#10555 = ORIENTED_EDGE('',*,*,#8724,.T.);
#10556 = ORIENTED_EDGE('',*,*,#7882,.T.);
#10557 = ORIENTED_EDGE('',*,*,#10532,.F.);
#10558 = ORIENTED_EDGE('',*,*,#8507,.F.);
#10559 = ADVANCED_FACE('',(#10560),#9066,.T.);
#10560 = FACE_BOUND('',#10561,.T.);
#10561 = EDGE_LOOP('',(#10562,#10563,#10564,#10565));
#10562 = ORIENTED_EDGE('',*,*,#9049,.T.);
#10563 = ORIENTED_EDGE('',*,*,#10081,.T.);
#10564 = ORIENTED_EDGE('',*,*,#9679,.F.);
#10565 = ORIENTED_EDGE('',*,*,#10566,.F.);
#10566 = EDGE_CURVE('',#9022,#9657,#10567,.T.);
#10567 = SURFACE_CURVE('',#10568,(#10572,#10579),.PCURVE_S1.);
#10568 = LINE('',#10569,#10570);
#10569 = CARTESIAN_POINT('',(-2.55,-0.84,0.725));
#10570 = VECTOR('',#10571,1.);
#10571 = DIRECTION('',(-9.95799250103E-17,1.,0.));
#10572 = PCURVE('',#9066,#10573);
#10573 = DEFINITIONAL_REPRESENTATION('',(#10574),#10578);
#10574 = LINE('',#10575,#10576);
#10575 = CARTESIAN_POINT('',(6.28318530718,0.));
#10576 = VECTOR('',#10577,1.);
#10577 = DIRECTION('',(0.,-1.));
#10578 = ( GEOMETRIC_REPRESENTATION_CONTEXT(2) 
PARAMETRIC_REPRESENTATION_CONTEXT() REPRESENTATION_CONTEXT('2D SPACE',''
  ) );
#10579 = PCURVE('',#9037,#10580);
#10580 = DEFINITIONAL_REPRESENTATION('',(#10581),#10585);
#10581 = LINE('',#10582,#10583);
#10582 = CARTESIAN_POINT('',(0.425,0.));
#10583 = VECTOR('',#10584,1.);
#10584 = DIRECTION('',(0.,-1.));
#10585 = ( GEOMETRIC_REPRESENTATION_CONTEXT(2) 
PARAMETRIC_REPRESENTATION_CONTEXT() REPRESENTATION_CONTEXT('2D SPACE',''
  ) );
#10586 = ADVANCED_FACE('',(#10587),#9037,.F.);
#10587 = FACE_BOUND('',#10588,.F.);
#10588 = EDGE_LOOP('',(#10589,#10610,#10611,#10612));
#10589 = ORIENTED_EDGE('',*,*,#10590,.T.);
#10590 = EDGE_CURVE('',#8989,#9629,#10591,.T.);
#10591 = SURFACE_CURVE('',#10592,(#10596,#10603),.PCURVE_S1.);
#10592 = LINE('',#10593,#10594);
#10593 = CARTESIAN_POINT('',(-2.55,-0.84,0.3));
#10594 = VECTOR('',#10595,1.);
#10595 = DIRECTION('',(-9.95799250103E-17,1.,0.));
#10596 = PCURVE('',#9037,#10597);
#10597 = DEFINITIONAL_REPRESENTATION('',(#10598),#10602);
#10598 = LINE('',#10599,#10600);
#10599 = CARTESIAN_POINT('',(0.,0.));
#10600 = VECTOR('',#10601,1.);
#10601 = DIRECTION('',(0.,-1.));
#10602 = ( GEOMETRIC_REPRESENTATION_CONTEXT(2) 
PARAMETRIC_REPRESENTATION_CONTEXT() REPRESENTATION_CONTEXT('2D SPACE',''
  ) );
#10603 = PCURVE('',#9009,#10604);
#10604 = DEFINITIONAL_REPRESENTATION('',(#10605),#10609);
#10605 = LINE('',#10606,#10607);
#10606 = CARTESIAN_POINT('',(1.570796326795,0.));
#10607 = VECTOR('',#10608,1.);
#10608 = DIRECTION('',(0.,-1.));
#10609 = ( GEOMETRIC_REPRESENTATION_CONTEXT(2) 
PARAMETRIC_REPRESENTATION_CONTEXT() REPRESENTATION_CONTEXT('2D SPACE',''
  ) );
#10610 = ORIENTED_EDGE('',*,*,#9656,.T.);
#10611 = ORIENTED_EDGE('',*,*,#10566,.F.);
#10612 = ORIENTED_EDGE('',*,*,#9021,.F.);
#10613 = ADVANCED_FACE('',(#10614),#9009,.F.);
#10614 = FACE_BOUND('',#10615,.F.);
#10615 = EDGE_LOOP('',(#10616,#10637,#10638,#10639));
#10616 = ORIENTED_EDGE('',*,*,#10617,.T.);
#10617 = EDGE_CURVE('',#8961,#9606,#10618,.T.);
#10618 = SURFACE_CURVE('',#10619,(#10623,#10630),.PCURVE_S1.);
#10619 = LINE('',#10620,#10621);
#10620 = CARTESIAN_POINT('',(-2.65,-0.84,0.2));
#10621 = VECTOR('',#10622,1.);
#10622 = DIRECTION('',(-9.95799250103E-17,1.,0.));
#10623 = PCURVE('',#9009,#10624);
#10624 = DEFINITIONAL_REPRESENTATION('',(#10625),#10629);
#10625 = LINE('',#10626,#10627);
#10626 = CARTESIAN_POINT('',(0.,0.));
#10627 = VECTOR('',#10628,1.);
#10628 = DIRECTION('',(0.,-1.));
#10629 = ( GEOMETRIC_REPRESENTATION_CONTEXT(2) 
PARAMETRIC_REPRESENTATION_CONTEXT() REPRESENTATION_CONTEXT('2D SPACE',''
  ) );
#10630 = PCURVE('',#8976,#10631);
#10631 = DEFINITIONAL_REPRESENTATION('',(#10632),#10636);
#10632 = LINE('',#10633,#10634);
#10633 = CARTESIAN_POINT('',(0.35,3.485297375361E-17));
#10634 = VECTOR('',#10635,1.);
#10635 = DIRECTION('',(0.,-1.));
#10636 = ( GEOMETRIC_REPRESENTATION_CONTEXT(2) 
PARAMETRIC_REPRESENTATION_CONTEXT() REPRESENTATION_CONTEXT('2D SPACE',''
  ) );
#10637 = ORIENTED_EDGE('',*,*,#9628,.T.);
#10638 = ORIENTED_EDGE('',*,*,#10590,.F.);
#10639 = ORIENTED_EDGE('',*,*,#8988,.F.);
#10640 = ADVANCED_FACE('',(#10641),#8976,.F.);
#10641 = FACE_BOUND('',#10642,.F.);
#10642 = EDGE_LOOP('',(#10643,#10664,#10665,#10666));
#10643 = ORIENTED_EDGE('',*,*,#10644,.T.);
#10644 = EDGE_CURVE('',#8933,#9583,#10645,.T.);
#10645 = SURFACE_CURVE('',#10646,(#10650,#10657),.PCURVE_S1.);
#10646 = LINE('',#10647,#10648);
#10647 = CARTESIAN_POINT('',(-3.,-0.84,0.2));
#10648 = VECTOR('',#10649,1.);
#10649 = DIRECTION('',(-9.95799250103E-17,1.,0.));
#10650 = PCURVE('',#8976,#10651);
#10651 = DEFINITIONAL_REPRESENTATION('',(#10652),#10656);
#10652 = LINE('',#10653,#10654);
#10653 = CARTESIAN_POINT('',(0.,0.));
#10654 = VECTOR('',#10655,1.);
#10655 = DIRECTION('',(0.,-1.));
#10656 = ( GEOMETRIC_REPRESENTATION_CONTEXT(2) 
PARAMETRIC_REPRESENTATION_CONTEXT() REPRESENTATION_CONTEXT('2D SPACE',''
  ) );
#10657 = PCURVE('',#8948,#10658);
#10658 = DEFINITIONAL_REPRESENTATION('',(#10659),#10663);
#10659 = LINE('',#10660,#10661);
#10660 = CARTESIAN_POINT('',(0.2,0.));
#10661 = VECTOR('',#10662,1.);
#10662 = DIRECTION('',(0.,-1.));
#10663 = ( GEOMETRIC_REPRESENTATION_CONTEXT(2) 
PARAMETRIC_REPRESENTATION_CONTEXT() REPRESENTATION_CONTEXT('2D SPACE',''
  ) );
#10664 = ORIENTED_EDGE('',*,*,#9605,.T.);
#10665 = ORIENTED_EDGE('',*,*,#10617,.F.);
#10666 = ORIENTED_EDGE('',*,*,#8960,.F.);
#10667 = ADVANCED_FACE('',(#10668),#8948,.F.);
#10668 = FACE_BOUND('',#10669,.F.);
#10669 = EDGE_LOOP('',(#10670,#10691,#10692,#10693));
#10670 = ORIENTED_EDGE('',*,*,#10671,.T.);
#10671 = EDGE_CURVE('',#8905,#9560,#10672,.T.);
#10672 = SURFACE_CURVE('',#10673,(#10677,#10684),.PCURVE_S1.);
#10673 = LINE('',#10674,#10675);
#10674 = CARTESIAN_POINT('',(-3.,-0.84,5.551115123126E-17));
#10675 = VECTOR('',#10676,1.);
#10676 = DIRECTION('',(-9.95799250103E-17,1.,0.));
#10677 = PCURVE('',#8948,#10678);
#10678 = DEFINITIONAL_REPRESENTATION('',(#10679),#10683);
#10679 = LINE('',#10680,#10681);
#10680 = CARTESIAN_POINT('',(0.,0.));
#10681 = VECTOR('',#10682,1.);
#10682 = DIRECTION('',(0.,-1.));
#10683 = ( GEOMETRIC_REPRESENTATION_CONTEXT(2) 
PARAMETRIC_REPRESENTATION_CONTEXT() REPRESENTATION_CONTEXT('2D SPACE',''
  ) );
#10684 = PCURVE('',#8920,#10685);
#10685 = DEFINITIONAL_REPRESENTATION('',(#10686),#10690);
#10686 = LINE('',#10687,#10688);
#10687 = CARTESIAN_POINT('',(0.35,-3.485297375361E-17));
#10688 = VECTOR('',#10689,1.);
#10689 = DIRECTION('',(0.,-1.));
#10690 = ( GEOMETRIC_REPRESENTATION_CONTEXT(2) 
PARAMETRIC_REPRESENTATION_CONTEXT() REPRESENTATION_CONTEXT('2D SPACE',''
  ) );
#10691 = ORIENTED_EDGE('',*,*,#9582,.T.);
#10692 = ORIENTED_EDGE('',*,*,#10644,.F.);
#10693 = ORIENTED_EDGE('',*,*,#8932,.F.);
#10694 = ADVANCED_FACE('',(#10695),#8920,.F.);
#10695 = FACE_BOUND('',#10696,.F.);
#10696 = EDGE_LOOP('',(#10697,#10718,#10719,#10720));
#10697 = ORIENTED_EDGE('',*,*,#10698,.T.);
#10698 = EDGE_CURVE('',#8876,#9536,#10699,.T.);
#10699 = SURFACE_CURVE('',#10700,(#10704,#10711),.PCURVE_S1.);
#10700 = LINE('',#10701,#10702);
#10701 = CARTESIAN_POINT('',(-2.65,-0.84,5.551115123126E-17));
#10702 = VECTOR('',#10703,1.);
#10703 = DIRECTION('',(-9.95799250103E-17,1.,0.));
#10704 = PCURVE('',#8920,#10705);
#10705 = DEFINITIONAL_REPRESENTATION('',(#10706),#10710);
#10706 = LINE('',#10707,#10708);
#10707 = CARTESIAN_POINT('',(0.,0.));
#10708 = VECTOR('',#10709,1.);
#10709 = DIRECTION('',(0.,-1.));
#10710 = ( GEOMETRIC_REPRESENTATION_CONTEXT(2) 
PARAMETRIC_REPRESENTATION_CONTEXT() REPRESENTATION_CONTEXT('2D SPACE',''
  ) );
#10711 = PCURVE('',#8892,#10712);
#10712 = DEFINITIONAL_REPRESENTATION('',(#10713),#10717);
#10713 = LINE('',#10714,#10715);
#10714 = CARTESIAN_POINT('',(4.712388980385,0.));
#10715 = VECTOR('',#10716,1.);
#10716 = DIRECTION('',(0.,-1.));
#10717 = ( GEOMETRIC_REPRESENTATION_CONTEXT(2) 
PARAMETRIC_REPRESENTATION_CONTEXT() REPRESENTATION_CONTEXT('2D SPACE',''
  ) );
#10718 = ORIENTED_EDGE('',*,*,#9559,.T.);
#10719 = ORIENTED_EDGE('',*,*,#10671,.F.);
#10720 = ORIENTED_EDGE('',*,*,#8904,.F.);
#10721 = ADVANCED_FACE('',(#10722),#8892,.T.);
#10722 = FACE_BOUND('',#10723,.T.);
#10723 = EDGE_LOOP('',(#10724,#10725,#10726,#10727));
#10724 = ORIENTED_EDGE('',*,*,#8875,.T.);
#10725 = ORIENTED_EDGE('',*,*,#10698,.T.);
#10726 = ORIENTED_EDGE('',*,*,#9535,.F.);
#10727 = ORIENTED_EDGE('',*,*,#10728,.F.);
#10728 = EDGE_CURVE('',#8848,#9513,#10729,.T.);
#10729 = SURFACE_CURVE('',#10730,(#10734,#10741),.PCURVE_S1.);
#10730 = LINE('',#10731,#10732);
#10731 = CARTESIAN_POINT('',(-2.35,-0.84,0.3));
#10732 = VECTOR('',#10733,1.);
#10733 = DIRECTION('',(-9.95799250103E-17,1.,0.));
#10734 = PCURVE('',#8892,#10735);
#10735 = DEFINITIONAL_REPRESENTATION('',(#10736),#10740);
#10736 = LINE('',#10737,#10738);
#10737 = CARTESIAN_POINT('',(6.28318530718,0.));
#10738 = VECTOR('',#10739,1.);
#10739 = DIRECTION('',(0.,-1.));
#10740 = ( GEOMETRIC_REPRESENTATION_CONTEXT(2) 
PARAMETRIC_REPRESENTATION_CONTEXT() REPRESENTATION_CONTEXT('2D SPACE',''
  ) );
#10741 = PCURVE('',#8863,#10742);
#10742 = DEFINITIONAL_REPRESENTATION('',(#10743),#10747);
#10743 = LINE('',#10744,#10745);
#10744 = CARTESIAN_POINT('',(0.425,-4.422237021472E-32));
#10745 = VECTOR('',#10746,1.);
#10746 = DIRECTION('',(6.767833676919E-44,-1.));
#10747 = ( GEOMETRIC_REPRESENTATION_CONTEXT(2) 
PARAMETRIC_REPRESENTATION_CONTEXT() REPRESENTATION_CONTEXT('2D SPACE',''
  ) );
#10748 = ADVANCED_FACE('',(#10749),#8863,.F.);
#10749 = FACE_BOUND('',#10750,.F.);
#10750 = EDGE_LOOP('',(#10751,#10752,#10753,#10754));
#10751 = ORIENTED_EDGE('',*,*,#9484,.T.);
#10752 = ORIENTED_EDGE('',*,*,#9512,.T.);
#10753 = ORIENTED_EDGE('',*,*,#10728,.F.);
#10754 = ORIENTED_EDGE('',*,*,#8847,.F.);
#10755 = ADVANCED_FACE('',(#10756),#9351,.T.);
#10756 = FACE_BOUND('',#10757,.T.);
#10757 = EDGE_LOOP('',(#10758,#10759,#10760,#10761));
#10758 = ORIENTED_EDGE('',*,*,#9924,.T.);
#10759 = ORIENTED_EDGE('',*,*,#10139,.T.);
#10760 = ORIENTED_EDGE('',*,*,#9334,.F.);
#10761 = ORIENTED_EDGE('',*,*,#10762,.F.);
#10762 = EDGE_CURVE('',#9902,#9307,#10763,.T.);
#10763 = SURFACE_CURVE('',#10764,(#10768,#10775),.PCURVE_S1.);
#10764 = LINE('',#10765,#10766);
#10765 = CARTESIAN_POINT('',(-2.55,0.43,0.725));
#10766 = VECTOR('',#10767,1.);
#10767 = DIRECTION('',(-9.95799250103E-17,1.,0.));
#10768 = PCURVE('',#9351,#10769);
#10769 = DEFINITIONAL_REPRESENTATION('',(#10770),#10774);
#10770 = LINE('',#10771,#10772);
#10771 = CARTESIAN_POINT('',(6.28318530718,-5.551115123126E-17));
#10772 = VECTOR('',#10773,1.);
#10773 = DIRECTION('',(0.,-1.));
#10774 = ( GEOMETRIC_REPRESENTATION_CONTEXT(2) 
PARAMETRIC_REPRESENTATION_CONTEXT() REPRESENTATION_CONTEXT('2D SPACE',''
  ) );
#10775 = PCURVE('',#9322,#10776);
#10776 = DEFINITIONAL_REPRESENTATION('',(#10777),#10781);
#10777 = LINE('',#10778,#10779);
#10778 = CARTESIAN_POINT('',(0.425,0.));
#10779 = VECTOR('',#10780,1.);
#10780 = DIRECTION('',(0.,-1.));
#10781 = ( GEOMETRIC_REPRESENTATION_CONTEXT(2) 
PARAMETRIC_REPRESENTATION_CONTEXT() REPRESENTATION_CONTEXT('2D SPACE',''
  ) );
#10782 = ADVANCED_FACE('',(#10783),#9322,.F.);
#10783 = FACE_BOUND('',#10784,.F.);
#10784 = EDGE_LOOP('',(#10785,#10806,#10807,#10808));
#10785 = ORIENTED_EDGE('',*,*,#10786,.T.);
#10786 = EDGE_CURVE('',#9874,#9274,#10787,.T.);
#10787 = SURFACE_CURVE('',#10788,(#10792,#10799),.PCURVE_S1.);
#10788 = LINE('',#10789,#10790);
#10789 = CARTESIAN_POINT('',(-2.55,0.43,0.3));
#10790 = VECTOR('',#10791,1.);
#10791 = DIRECTION('',(-9.95799250103E-17,1.,0.));
#10792 = PCURVE('',#9322,#10793);
#10793 = DEFINITIONAL_REPRESENTATION('',(#10794),#10798);
#10794 = LINE('',#10795,#10796);
#10795 = CARTESIAN_POINT('',(0.,0.));
#10796 = VECTOR('',#10797,1.);
#10797 = DIRECTION('',(0.,-1.));
#10798 = ( GEOMETRIC_REPRESENTATION_CONTEXT(2) 
PARAMETRIC_REPRESENTATION_CONTEXT() REPRESENTATION_CONTEXT('2D SPACE',''
  ) );
#10799 = PCURVE('',#9294,#10800);
#10800 = DEFINITIONAL_REPRESENTATION('',(#10801),#10805);
#10801 = LINE('',#10802,#10803);
#10802 = CARTESIAN_POINT('',(1.570796326795,0.));
#10803 = VECTOR('',#10804,1.);
#10804 = DIRECTION('',(0.,-1.));
#10805 = ( GEOMETRIC_REPRESENTATION_CONTEXT(2) 
PARAMETRIC_REPRESENTATION_CONTEXT() REPRESENTATION_CONTEXT('2D SPACE',''
  ) );
#10806 = ORIENTED_EDGE('',*,*,#9306,.T.);
#10807 = ORIENTED_EDGE('',*,*,#10762,.F.);
#10808 = ORIENTED_EDGE('',*,*,#9901,.F.);
#10809 = ADVANCED_FACE('',(#10810),#9294,.F.);
#10810 = FACE_BOUND('',#10811,.F.);
#10811 = EDGE_LOOP('',(#10812,#10833,#10834,#10835));
#10812 = ORIENTED_EDGE('',*,*,#10813,.T.);
#10813 = EDGE_CURVE('',#9851,#9246,#10814,.T.);
#10814 = SURFACE_CURVE('',#10815,(#10819,#10826),.PCURVE_S1.);
#10815 = LINE('',#10816,#10817);
#10816 = CARTESIAN_POINT('',(-2.65,0.43,0.2));
#10817 = VECTOR('',#10818,1.);
#10818 = DIRECTION('',(-9.95799250103E-17,1.,0.));
#10819 = PCURVE('',#9294,#10820);
#10820 = DEFINITIONAL_REPRESENTATION('',(#10821),#10825);
#10821 = LINE('',#10822,#10823);
#10822 = CARTESIAN_POINT('',(0.,0.));
#10823 = VECTOR('',#10824,1.);
#10824 = DIRECTION('',(0.,-1.));
#10825 = ( GEOMETRIC_REPRESENTATION_CONTEXT(2) 
PARAMETRIC_REPRESENTATION_CONTEXT() REPRESENTATION_CONTEXT('2D SPACE',''
  ) );
#10826 = PCURVE('',#9261,#10827);
#10827 = DEFINITIONAL_REPRESENTATION('',(#10828),#10832);
#10828 = LINE('',#10829,#10830);
#10829 = CARTESIAN_POINT('',(0.35,3.485297375361E-17));
#10830 = VECTOR('',#10831,1.);
#10831 = DIRECTION('',(0.,-1.));
#10832 = ( GEOMETRIC_REPRESENTATION_CONTEXT(2) 
PARAMETRIC_REPRESENTATION_CONTEXT() REPRESENTATION_CONTEXT('2D SPACE',''
  ) );
#10833 = ORIENTED_EDGE('',*,*,#9273,.T.);
#10834 = ORIENTED_EDGE('',*,*,#10786,.F.);
#10835 = ORIENTED_EDGE('',*,*,#9873,.F.);
#10836 = ADVANCED_FACE('',(#10837),#9261,.F.);
#10837 = FACE_BOUND('',#10838,.F.);
#10838 = EDGE_LOOP('',(#10839,#10860,#10861,#10862));
#10839 = ORIENTED_EDGE('',*,*,#10840,.T.);
#10840 = EDGE_CURVE('',#9828,#9218,#10841,.T.);
#10841 = SURFACE_CURVE('',#10842,(#10846,#10853),.PCURVE_S1.);
#10842 = LINE('',#10843,#10844);
#10843 = CARTESIAN_POINT('',(-3.,0.43,0.2));
#10844 = VECTOR('',#10845,1.);
#10845 = DIRECTION('',(-9.95799250103E-17,1.,0.));
#10846 = PCURVE('',#9261,#10847);
#10847 = DEFINITIONAL_REPRESENTATION('',(#10848),#10852);
#10848 = LINE('',#10849,#10850);
#10849 = CARTESIAN_POINT('',(0.,0.));
#10850 = VECTOR('',#10851,1.);
#10851 = DIRECTION('',(0.,-1.));
#10852 = ( GEOMETRIC_REPRESENTATION_CONTEXT(2) 
PARAMETRIC_REPRESENTATION_CONTEXT() REPRESENTATION_CONTEXT('2D SPACE',''
  ) );
#10853 = PCURVE('',#9233,#10854);
#10854 = DEFINITIONAL_REPRESENTATION('',(#10855),#10859);
#10855 = LINE('',#10856,#10857);
#10856 = CARTESIAN_POINT('',(0.2,0.));
#10857 = VECTOR('',#10858,1.);
#10858 = DIRECTION('',(0.,-1.));
#10859 = ( GEOMETRIC_REPRESENTATION_CONTEXT(2) 
PARAMETRIC_REPRESENTATION_CONTEXT() REPRESENTATION_CONTEXT('2D SPACE',''
  ) );
#10860 = ORIENTED_EDGE('',*,*,#9245,.T.);
#10861 = ORIENTED_EDGE('',*,*,#10813,.F.);
#10862 = ORIENTED_EDGE('',*,*,#9850,.F.);
#10863 = ADVANCED_FACE('',(#10864),#9233,.F.);
#10864 = FACE_BOUND('',#10865,.F.);
#10865 = EDGE_LOOP('',(#10866,#10887,#10888,#10889));
#10866 = ORIENTED_EDGE('',*,*,#10867,.T.);
#10867 = EDGE_CURVE('',#9805,#9190,#10868,.T.);
#10868 = SURFACE_CURVE('',#10869,(#10873,#10880),.PCURVE_S1.);
#10869 = LINE('',#10870,#10871);
#10870 = CARTESIAN_POINT('',(-3.,0.43,5.551115123126E-17));
#10871 = VECTOR('',#10872,1.);
#10872 = DIRECTION('',(-9.95799250103E-17,1.,0.));
#10873 = PCURVE('',#9233,#10874);
#10874 = DEFINITIONAL_REPRESENTATION('',(#10875),#10879);
#10875 = LINE('',#10876,#10877);
#10876 = CARTESIAN_POINT('',(0.,0.));
#10877 = VECTOR('',#10878,1.);
#10878 = DIRECTION('',(0.,-1.));
#10879 = ( GEOMETRIC_REPRESENTATION_CONTEXT(2) 
PARAMETRIC_REPRESENTATION_CONTEXT() REPRESENTATION_CONTEXT('2D SPACE',''
  ) );
#10880 = PCURVE('',#9205,#10881);
#10881 = DEFINITIONAL_REPRESENTATION('',(#10882),#10886);
#10882 = LINE('',#10883,#10884);
#10883 = CARTESIAN_POINT('',(0.35,-3.485297375361E-17));
#10884 = VECTOR('',#10885,1.);
#10885 = DIRECTION('',(0.,-1.));
#10886 = ( GEOMETRIC_REPRESENTATION_CONTEXT(2) 
PARAMETRIC_REPRESENTATION_CONTEXT() REPRESENTATION_CONTEXT('2D SPACE',''
  ) );
#10887 = ORIENTED_EDGE('',*,*,#9217,.T.);
#10888 = ORIENTED_EDGE('',*,*,#10840,.F.);
#10889 = ORIENTED_EDGE('',*,*,#9827,.F.);
#10890 = ADVANCED_FACE('',(#10891),#9205,.F.);
#10891 = FACE_BOUND('',#10892,.F.);
#10892 = EDGE_LOOP('',(#10893,#10914,#10915,#10916));
#10893 = ORIENTED_EDGE('',*,*,#10894,.T.);
#10894 = EDGE_CURVE('',#9781,#9161,#10895,.T.);
#10895 = SURFACE_CURVE('',#10896,(#10900,#10907),.PCURVE_S1.);
#10896 = LINE('',#10897,#10898);
#10897 = CARTESIAN_POINT('',(-2.65,0.43,5.551115123126E-17));
#10898 = VECTOR('',#10899,1.);
#10899 = DIRECTION('',(-9.95799250103E-17,1.,0.));
#10900 = PCURVE('',#9205,#10901);
#10901 = DEFINITIONAL_REPRESENTATION('',(#10902),#10906);
#10902 = LINE('',#10903,#10904);
#10903 = CARTESIAN_POINT('',(0.,0.));
#10904 = VECTOR('',#10905,1.);
#10905 = DIRECTION('',(0.,-1.));
#10906 = ( GEOMETRIC_REPRESENTATION_CONTEXT(2) 
PARAMETRIC_REPRESENTATION_CONTEXT() REPRESENTATION_CONTEXT('2D SPACE',''
  ) );
#10907 = PCURVE('',#9177,#10908);
#10908 = DEFINITIONAL_REPRESENTATION('',(#10909),#10913);
#10909 = LINE('',#10910,#10911);
#10910 = CARTESIAN_POINT('',(4.712388980385,0.));
#10911 = VECTOR('',#10912,1.);
#10912 = DIRECTION('',(0.,-1.));
#10913 = ( GEOMETRIC_REPRESENTATION_CONTEXT(2) 
PARAMETRIC_REPRESENTATION_CONTEXT() REPRESENTATION_CONTEXT('2D SPACE',''
  ) );
#10914 = ORIENTED_EDGE('',*,*,#9189,.T.);
#10915 = ORIENTED_EDGE('',*,*,#10867,.F.);
#10916 = ORIENTED_EDGE('',*,*,#9804,.F.);
#10917 = ADVANCED_FACE('',(#10918),#9177,.T.);
#10918 = FACE_BOUND('',#10919,.T.);
#10919 = EDGE_LOOP('',(#10920,#10921,#10922,#10923));
#10920 = ORIENTED_EDGE('',*,*,#9780,.T.);
#10921 = ORIENTED_EDGE('',*,*,#10894,.T.);
#10922 = ORIENTED_EDGE('',*,*,#9160,.F.);
#10923 = ORIENTED_EDGE('',*,*,#10924,.F.);
#10924 = EDGE_CURVE('',#9758,#9133,#10925,.T.);
#10925 = SURFACE_CURVE('',#10926,(#10930,#10937),.PCURVE_S1.);
#10926 = LINE('',#10927,#10928);
#10927 = CARTESIAN_POINT('',(-2.35,0.43,0.3));
#10928 = VECTOR('',#10929,1.);
#10929 = DIRECTION('',(-9.95799250103E-17,1.,0.));
#10930 = PCURVE('',#9177,#10931);
#10931 = DEFINITIONAL_REPRESENTATION('',(#10932),#10936);
#10932 = LINE('',#10933,#10934);
#10933 = CARTESIAN_POINT('',(6.28318530718,5.551115123126E-17));
#10934 = VECTOR('',#10935,1.);
#10935 = DIRECTION('',(0.,-1.));
#10936 = ( GEOMETRIC_REPRESENTATION_CONTEXT(2) 
PARAMETRIC_REPRESENTATION_CONTEXT() REPRESENTATION_CONTEXT('2D SPACE',''
  ) );
#10937 = PCURVE('',#9148,#10938);
#10938 = DEFINITIONAL_REPRESENTATION('',(#10939),#10943);
#10939 = LINE('',#10940,#10941);
#10940 = CARTESIAN_POINT('',(0.425,-4.422237021472E-32));
#10941 = VECTOR('',#10942,1.);
#10942 = DIRECTION('',(6.767833676919E-44,-1.));
#10943 = ( GEOMETRIC_REPRESENTATION_CONTEXT(2) 
PARAMETRIC_REPRESENTATION_CONTEXT() REPRESENTATION_CONTEXT('2D SPACE',''
  ) );
#10944 = ADVANCED_FACE('',(#10945),#9148,.F.);
#10945 = FACE_BOUND('',#10946,.F.);
#10946 = EDGE_LOOP('',(#10947,#10948,#10949,#10950));
#10947 = ORIENTED_EDGE('',*,*,#9974,.T.);
#10948 = ORIENTED_EDGE('',*,*,#9132,.T.);
#10949 = ORIENTED_EDGE('',*,*,#10924,.F.);
#10950 = ORIENTED_EDGE('',*,*,#9757,.F.);
#10951 = ( GEOMETRIC_REPRESENTATION_CONTEXT(3) 
GLOBAL_UNCERTAINTY_ASSIGNED_CONTEXT((#10955)) 
GLOBAL_UNIT_ASSIGNED_CONTEXT((#10952,#10953,#10954)) 
REPRESENTATION_CONTEXT('Context #1',
  '3D Context with UNIT and UNCERTAINTY') );
#10952 = ( LENGTH_UNIT() NAMED_UNIT(*) SI_UNIT(.MILLI.,.METRE.) );
#10953 = ( NAMED_UNIT(*) PLANE_ANGLE_UNIT() SI_UNIT($,.RADIAN.) );
#10954 = ( NAMED_UNIT(*) SI_UNIT($,.STERADIAN.) SOLID_ANGLE_UNIT() );
#10955 = UNCERTAINTY_MEASURE_WITH_UNIT(LENGTH_MEASURE(2.E-06),#10952,
  'distance_accuracy_value','confusion accuracy');
#10956 = SHAPE_DEFINITION_REPRESENTATION(#10957,#46);
#10957 = PRODUCT_DEFINITION_SHAPE('','',#10958);
#10958 = PRODUCT_DEFINITION('design','',#10959,#10962);
#10959 = PRODUCT_DEFINITION_FORMATION('','',#10960);
#10960 = PRODUCT('SOLID','SOLID','',(#10961));
#10961 = PRODUCT_CONTEXT('',#2,'mechanical');
#10962 = PRODUCT_DEFINITION_CONTEXT('part definition',#2,'design');
#10963 = CONTEXT_DEPENDENT_SHAPE_REPRESENTATION(#10964,#10966);
#10964 = ( REPRESENTATION_RELATIONSHIP('','',#46,#36) 
REPRESENTATION_RELATIONSHIP_WITH_TRANSFORMATION(#10965) 
SHAPE_REPRESENTATION_RELATIONSHIP() );
#10965 = ITEM_DEFINED_TRANSFORMATION('','',#11,#37);
#10966 = PRODUCT_DEFINITION_SHAPE('Placement','Placement of an item',
  #10967);
#10967 = NEXT_ASSEMBLY_USAGE_OCCURRENCE('1','=>[0:1:1:3]','',#31,#10958,
  $);
#10968 = PRODUCT_RELATED_PRODUCT_CATEGORY('part',$,(#10960));
#10969 = CONTEXT_DEPENDENT_SHAPE_REPRESENTATION(#10970,#10972);
#10970 = ( REPRESENTATION_RELATIONSHIP('','',#36,#10) 
REPRESENTATION_RELATIONSHIP_WITH_TRANSFORMATION(#10971) 
SHAPE_REPRESENTATION_RELATIONSHIP() );
#10971 = ITEM_DEFINED_TRANSFORMATION('','',#11,#15);
#10972 = PRODUCT_DEFINITION_SHAPE('Placement','Placement of an item',
  #10973);
#10973 = NEXT_ASSEMBLY_USAGE_OCCURRENCE('2','','',#5,#31,$);
#10974 = PRODUCT_RELATED_PRODUCT_CATEGORY('part',$,(#33));
#10975 = ADVANCED_BREP_SHAPE_REPRESENTATION('',(#11,#10976),#11974);
#10976 = MANIFOLD_SOLID_BREP('',#10977);
#10977 = CLOSED_SHELL('',(#10978,#11098,#11174,#11245,#11518,#11751,
    #11758,#11805,#11832,#11859,#11886,#11913,#11940,#11967));
#10978 = ADVANCED_FACE('',(#10979),#10993,.T.);
#10979 = FACE_BOUND('',#10980,.T.);
#10980 = EDGE_LOOP('',(#10981,#11016,#11044,#11072));
#10981 = ORIENTED_EDGE('',*,*,#10982,.T.);
#10982 = EDGE_CURVE('',#10983,#10985,#10987,.T.);
#10983 = VERTEX_POINT('',#10984);
#10984 = CARTESIAN_POINT('',(0.,-80.,0.));
#10985 = VERTEX_POINT('',#10986);
#10986 = CARTESIAN_POINT('',(0.,-80.,1.6));
#10987 = SURFACE_CURVE('',#10988,(#10992,#11004),.PCURVE_S1.);
#10988 = LINE('',#10989,#10990);
#10989 = CARTESIAN_POINT('',(0.,-80.,0.));
#10990 = VECTOR('',#10991,1.);
#10991 = DIRECTION('',(0.,0.,1.));
#10992 = PCURVE('',#10993,#10998);
#10993 = PLANE('',#10994);
#10994 = AXIS2_PLACEMENT_3D('',#10995,#10996,#10997);
#10995 = CARTESIAN_POINT('',(0.,-80.,0.));
#10996 = DIRECTION('',(-1.,0.,0.));
#10997 = DIRECTION('',(0.,1.,0.));
#10998 = DEFINITIONAL_REPRESENTATION('',(#10999),#11003);
#10999 = LINE('',#11000,#11001);
#11000 = CARTESIAN_POINT('',(0.,0.));
#11001 = VECTOR('',#11002,1.);
#11002 = DIRECTION('',(0.,-1.));
#11003 = ( GEOMETRIC_REPRESENTATION_CONTEXT(2) 
PARAMETRIC_REPRESENTATION_CONTEXT() REPRESENTATION_CONTEXT('2D SPACE',''
  ) );
#11004 = PCURVE('',#11005,#11010);
#11005 = PLANE('',#11006);
#11006 = AXIS2_PLACEMENT_3D('',#11007,#11008,#11009);
#11007 = CARTESIAN_POINT('',(100.,-80.,0.));
#11008 = DIRECTION('',(0.,-1.,0.));
#11009 = DIRECTION('',(-1.,0.,0.));
#11010 = DEFINITIONAL_REPRESENTATION('',(#11011),#11015);
#11011 = LINE('',#11012,#11013);
#11012 = CARTESIAN_POINT('',(100.,0.));
#11013 = VECTOR('',#11014,1.);
#11014 = DIRECTION('',(0.,-1.));
#11015 = ( GEOMETRIC_REPRESENTATION_CONTEXT(2) 
PARAMETRIC_REPRESENTATION_CONTEXT() REPRESENTATION_CONTEXT('2D SPACE',''
  ) );
#11016 = ORIENTED_EDGE('',*,*,#11017,.T.);
#11017 = EDGE_CURVE('',#10985,#11018,#11020,.T.);
#11018 = VERTEX_POINT('',#11019);
#11019 = CARTESIAN_POINT('',(0.,0.,1.6));
#11020 = SURFACE_CURVE('',#11021,(#11025,#11032),.PCURVE_S1.);
#11021 = LINE('',#11022,#11023);
#11022 = CARTESIAN_POINT('',(0.,-80.,1.6));
#11023 = VECTOR('',#11024,1.);
#11024 = DIRECTION('',(0.,1.,0.));
#11025 = PCURVE('',#10993,#11026);
#11026 = DEFINITIONAL_REPRESENTATION('',(#11027),#11031);
#11027 = LINE('',#11028,#11029);
#11028 = CARTESIAN_POINT('',(0.,-1.6));
#11029 = VECTOR('',#11030,1.);
#11030 = DIRECTION('',(1.,0.));
#11031 = ( GEOMETRIC_REPRESENTATION_CONTEXT(2) 
PARAMETRIC_REPRESENTATION_CONTEXT() REPRESENTATION_CONTEXT('2D SPACE',''
  ) );
#11032 = PCURVE('',#11033,#11038);
#11033 = PLANE('',#11034);
#11034 = AXIS2_PLACEMENT_3D('',#11035,#11036,#11037);
#11035 = CARTESIAN_POINT('',(50.,-40.,1.6));
#11036 = DIRECTION('',(-0.,-0.,-1.));
#11037 = DIRECTION('',(-1.,0.,0.));
#11038 = DEFINITIONAL_REPRESENTATION('',(#11039),#11043);
#11039 = LINE('',#11040,#11041);
#11040 = CARTESIAN_POINT('',(50.,-40.));
#11041 = VECTOR('',#11042,1.);
#11042 = DIRECTION('',(0.,1.));
#11043 = ( GEOMETRIC_REPRESENTATION_CONTEXT(2) 
PARAMETRIC_REPRESENTATION_CONTEXT() REPRESENTATION_CONTEXT('2D SPACE',''
  ) );
#11044 = ORIENTED_EDGE('',*,*,#11045,.F.);
#11045 = EDGE_CURVE('',#11046,#11018,#11048,.T.);
#11046 = VERTEX_POINT('',#11047);
#11047 = CARTESIAN_POINT('',(0.,-0.,0.));
#11048 = SURFACE_CURVE('',#11049,(#11053,#11060),.PCURVE_S1.);
#11049 = LINE('',#11050,#11051);
#11050 = CARTESIAN_POINT('',(0.,-0.,0.));
#11051 = VECTOR('',#11052,1.);
#11052 = DIRECTION('',(0.,0.,1.));
#11053 = PCURVE('',#10993,#11054);
#11054 = DEFINITIONAL_REPRESENTATION('',(#11055),#11059);
#11055 = LINE('',#11056,#11057);
#11056 = CARTESIAN_POINT('',(80.,0.));
#11057 = VECTOR('',#11058,1.);
#11058 = DIRECTION('',(0.,-1.));
#11059 = ( GEOMETRIC_REPRESENTATION_CONTEXT(2) 
PARAMETRIC_REPRESENTATION_CONTEXT() REPRESENTATION_CONTEXT('2D SPACE',''
  ) );
#11060 = PCURVE('',#11061,#11066);
#11061 = PLANE('',#11062);
#11062 = AXIS2_PLACEMENT_3D('',#11063,#11064,#11065);
#11063 = CARTESIAN_POINT('',(0.,0.,0.));
#11064 = DIRECTION('',(0.,1.,0.));
#11065 = DIRECTION('',(1.,0.,0.));
#11066 = DEFINITIONAL_REPRESENTATION('',(#11067),#11071);
#11067 = LINE('',#11068,#11069);
#11068 = CARTESIAN_POINT('',(0.,0.));
#11069 = VECTOR('',#11070,1.);
#11070 = DIRECTION('',(0.,-1.));
#11071 = ( GEOMETRIC_REPRESENTATION_CONTEXT(2) 
PARAMETRIC_REPRESENTATION_CONTEXT() REPRESENTATION_CONTEXT('2D SPACE',''
  ) );
#11072 = ORIENTED_EDGE('',*,*,#11073,.F.);
#11073 = EDGE_CURVE('',#10983,#11046,#11074,.T.);
#11074 = SURFACE_CURVE('',#11075,(#11079,#11086),.PCURVE_S1.);
#11075 = LINE('',#11076,#11077);
#11076 = CARTESIAN_POINT('',(0.,-80.,0.));
#11077 = VECTOR('',#11078,1.);
#11078 = DIRECTION('',(0.,1.,0.));
#11079 = PCURVE('',#10993,#11080);
#11080 = DEFINITIONAL_REPRESENTATION('',(#11081),#11085);
#11081 = LINE('',#11082,#11083);
#11082 = CARTESIAN_POINT('',(0.,0.));
#11083 = VECTOR('',#11084,1.);
#11084 = DIRECTION('',(1.,0.));
#11085 = ( GEOMETRIC_REPRESENTATION_CONTEXT(2) 
PARAMETRIC_REPRESENTATION_CONTEXT() REPRESENTATION_CONTEXT('2D SPACE',''
  ) );
#11086 = PCURVE('',#11087,#11092);
#11087 = PLANE('',#11088);
#11088 = AXIS2_PLACEMENT_3D('',#11089,#11090,#11091);
#11089 = CARTESIAN_POINT('',(50.,-40.,0.));
#11090 = DIRECTION('',(-0.,-0.,-1.));
#11091 = DIRECTION('',(-1.,0.,0.));
#11092 = DEFINITIONAL_REPRESENTATION('',(#11093),#11097);
#11093 = LINE('',#11094,#11095);
#11094 = CARTESIAN_POINT('',(50.,-40.));
#11095 = VECTOR('',#11096,1.);
#11096 = DIRECTION('',(0.,1.));
#11097 = ( GEOMETRIC_REPRESENTATION_CONTEXT(2) 
PARAMETRIC_REPRESENTATION_CONTEXT() REPRESENTATION_CONTEXT('2D SPACE',''
  ) );
#11098 = ADVANCED_FACE('',(#11099),#11005,.T.);
#11099 = FACE_BOUND('',#11100,.T.);
#11100 = EDGE_LOOP('',(#11101,#11131,#11152,#11153));
#11101 = ORIENTED_EDGE('',*,*,#11102,.T.);
#11102 = EDGE_CURVE('',#11103,#11105,#11107,.T.);
#11103 = VERTEX_POINT('',#11104);
#11104 = CARTESIAN_POINT('',(100.,-80.,0.));
#11105 = VERTEX_POINT('',#11106);
#11106 = CARTESIAN_POINT('',(100.,-80.,1.6));
#11107 = SURFACE_CURVE('',#11108,(#11112,#11119),.PCURVE_S1.);
#11108 = LINE('',#11109,#11110);
#11109 = CARTESIAN_POINT('',(100.,-80.,0.));
#11110 = VECTOR('',#11111,1.);
#11111 = DIRECTION('',(0.,0.,1.));
#11112 = PCURVE('',#11005,#11113);
#11113 = DEFINITIONAL_REPRESENTATION('',(#11114),#11118);
#11114 = LINE('',#11115,#11116);
#11115 = CARTESIAN_POINT('',(0.,-0.));
#11116 = VECTOR('',#11117,1.);
#11117 = DIRECTION('',(0.,-1.));
#11118 = ( GEOMETRIC_REPRESENTATION_CONTEXT(2) 
PARAMETRIC_REPRESENTATION_CONTEXT() REPRESENTATION_CONTEXT('2D SPACE',''
  ) );
#11119 = PCURVE('',#11120,#11125);
#11120 = PLANE('',#11121);
#11121 = AXIS2_PLACEMENT_3D('',#11122,#11123,#11124);
#11122 = CARTESIAN_POINT('',(100.,-0.,0.));
#11123 = DIRECTION('',(1.,0.,-0.));
#11124 = DIRECTION('',(0.,-1.,0.));
#11125 = DEFINITIONAL_REPRESENTATION('',(#11126),#11130);
#11126 = LINE('',#11127,#11128);
#11127 = CARTESIAN_POINT('',(80.,0.));
#11128 = VECTOR('',#11129,1.);
#11129 = DIRECTION('',(0.,-1.));
#11130 = ( GEOMETRIC_REPRESENTATION_CONTEXT(2) 
PARAMETRIC_REPRESENTATION_CONTEXT() REPRESENTATION_CONTEXT('2D SPACE',''
  ) );
#11131 = ORIENTED_EDGE('',*,*,#11132,.T.);
#11132 = EDGE_CURVE('',#11105,#10985,#11133,.T.);
#11133 = SURFACE_CURVE('',#11134,(#11138,#11145),.PCURVE_S1.);
#11134 = LINE('',#11135,#11136);
#11135 = CARTESIAN_POINT('',(100.,-80.,1.6));
#11136 = VECTOR('',#11137,1.);
#11137 = DIRECTION('',(-1.,0.,0.));
#11138 = PCURVE('',#11005,#11139);
#11139 = DEFINITIONAL_REPRESENTATION('',(#11140),#11144);
#11140 = LINE('',#11141,#11142);
#11141 = CARTESIAN_POINT('',(0.,-1.6));
#11142 = VECTOR('',#11143,1.);
#11143 = DIRECTION('',(1.,0.));
#11144 = ( GEOMETRIC_REPRESENTATION_CONTEXT(2) 
PARAMETRIC_REPRESENTATION_CONTEXT() REPRESENTATION_CONTEXT('2D SPACE',''
  ) );
#11145 = PCURVE('',#11033,#11146);
#11146 = DEFINITIONAL_REPRESENTATION('',(#11147),#11151);
#11147 = LINE('',#11148,#11149);
#11148 = CARTESIAN_POINT('',(-50.,-40.));
#11149 = VECTOR('',#11150,1.);
#11150 = DIRECTION('',(1.,0.));
#11151 = ( GEOMETRIC_REPRESENTATION_CONTEXT(2) 
PARAMETRIC_REPRESENTATION_CONTEXT() REPRESENTATION_CONTEXT('2D SPACE',''
  ) );
#11152 = ORIENTED_EDGE('',*,*,#10982,.F.);
#11153 = ORIENTED_EDGE('',*,*,#11154,.F.);
#11154 = EDGE_CURVE('',#11103,#10983,#11155,.T.);
#11155 = SURFACE_CURVE('',#11156,(#11160,#11167),.PCURVE_S1.);
#11156 = LINE('',#11157,#11158);
#11157 = CARTESIAN_POINT('',(100.,-80.,0.));
#11158 = VECTOR('',#11159,1.);
#11159 = DIRECTION('',(-1.,0.,0.));
#11160 = PCURVE('',#11005,#11161);
#11161 = DEFINITIONAL_REPRESENTATION('',(#11162),#11166);
#11162 = LINE('',#11163,#11164);
#11163 = CARTESIAN_POINT('',(0.,-0.));
#11164 = VECTOR('',#11165,1.);
#11165 = DIRECTION('',(1.,0.));
#11166 = ( GEOMETRIC_REPRESENTATION_CONTEXT(2) 
PARAMETRIC_REPRESENTATION_CONTEXT() REPRESENTATION_CONTEXT('2D SPACE',''
  ) );
#11167 = PCURVE('',#11087,#11168);
#11168 = DEFINITIONAL_REPRESENTATION('',(#11169),#11173);
#11169 = LINE('',#11170,#11171);
#11170 = CARTESIAN_POINT('',(-50.,-40.));
#11171 = VECTOR('',#11172,1.);
#11172 = DIRECTION('',(1.,0.));
#11173 = ( GEOMETRIC_REPRESENTATION_CONTEXT(2) 
PARAMETRIC_REPRESENTATION_CONTEXT() REPRESENTATION_CONTEXT('2D SPACE',''
  ) );
#11174 = ADVANCED_FACE('',(#11175),#11061,.T.);
#11175 = FACE_BOUND('',#11176,.T.);
#11176 = EDGE_LOOP('',(#11177,#11178,#11201,#11224));
#11177 = ORIENTED_EDGE('',*,*,#11045,.T.);
#11178 = ORIENTED_EDGE('',*,*,#11179,.T.);
#11179 = EDGE_CURVE('',#11018,#11180,#11182,.T.);
#11180 = VERTEX_POINT('',#11181);
#11181 = CARTESIAN_POINT('',(100.,0.,1.6));
#11182 = SURFACE_CURVE('',#11183,(#11187,#11194),.PCURVE_S1.);
#11183 = LINE('',#11184,#11185);
#11184 = CARTESIAN_POINT('',(0.,0.,1.6));
#11185 = VECTOR('',#11186,1.);
#11186 = DIRECTION('',(1.,0.,0.));
#11187 = PCURVE('',#11061,#11188);
#11188 = DEFINITIONAL_REPRESENTATION('',(#11189),#11193);
#11189 = LINE('',#11190,#11191);
#11190 = CARTESIAN_POINT('',(0.,-1.6));
#11191 = VECTOR('',#11192,1.);
#11192 = DIRECTION('',(1.,0.));
#11193 = ( GEOMETRIC_REPRESENTATION_CONTEXT(2) 
PARAMETRIC_REPRESENTATION_CONTEXT() REPRESENTATION_CONTEXT('2D SPACE',''
  ) );
#11194 = PCURVE('',#11033,#11195);
#11195 = DEFINITIONAL_REPRESENTATION('',(#11196),#11200);
#11196 = LINE('',#11197,#11198);
#11197 = CARTESIAN_POINT('',(50.,40.));
#11198 = VECTOR('',#11199,1.);
#11199 = DIRECTION('',(-1.,0.));
#11200 = ( GEOMETRIC_REPRESENTATION_CONTEXT(2) 
PARAMETRIC_REPRESENTATION_CONTEXT() REPRESENTATION_CONTEXT('2D SPACE',''
  ) );
#11201 = ORIENTED_EDGE('',*,*,#11202,.F.);
#11202 = EDGE_CURVE('',#11203,#11180,#11205,.T.);
#11203 = VERTEX_POINT('',#11204);
#11204 = CARTESIAN_POINT('',(100.,-0.,0.));
#11205 = SURFACE_CURVE('',#11206,(#11210,#11217),.PCURVE_S1.);
#11206 = LINE('',#11207,#11208);
#11207 = CARTESIAN_POINT('',(100.,-0.,0.));
#11208 = VECTOR('',#11209,1.);
#11209 = DIRECTION('',(0.,0.,1.));
#11210 = PCURVE('',#11061,#11211);
#11211 = DEFINITIONAL_REPRESENTATION('',(#11212),#11216);
#11212 = LINE('',#11213,#11214);
#11213 = CARTESIAN_POINT('',(100.,0.));
#11214 = VECTOR('',#11215,1.);
#11215 = DIRECTION('',(0.,-1.));
#11216 = ( GEOMETRIC_REPRESENTATION_CONTEXT(2) 
PARAMETRIC_REPRESENTATION_CONTEXT() REPRESENTATION_CONTEXT('2D SPACE',''
  ) );
#11217 = PCURVE('',#11120,#11218);
#11218 = DEFINITIONAL_REPRESENTATION('',(#11219),#11223);
#11219 = LINE('',#11220,#11221);
#11220 = CARTESIAN_POINT('',(0.,0.));
#11221 = VECTOR('',#11222,1.);
#11222 = DIRECTION('',(0.,-1.));
#11223 = ( GEOMETRIC_REPRESENTATION_CONTEXT(2) 
PARAMETRIC_REPRESENTATION_CONTEXT() REPRESENTATION_CONTEXT('2D SPACE',''
  ) );
#11224 = ORIENTED_EDGE('',*,*,#11225,.F.);
#11225 = EDGE_CURVE('',#11046,#11203,#11226,.T.);
#11226 = SURFACE_CURVE('',#11227,(#11231,#11238),.PCURVE_S1.);
#11227 = LINE('',#11228,#11229);
#11228 = CARTESIAN_POINT('',(0.,-0.,0.));
#11229 = VECTOR('',#11230,1.);
#11230 = DIRECTION('',(1.,0.,0.));
#11231 = PCURVE('',#11061,#11232);
#11232 = DEFINITIONAL_REPRESENTATION('',(#11233),#11237);
#11233 = LINE('',#11234,#11235);
#11234 = CARTESIAN_POINT('',(0.,0.));
#11235 = VECTOR('',#11236,1.);
#11236 = DIRECTION('',(1.,0.));
#11237 = ( GEOMETRIC_REPRESENTATION_CONTEXT(2) 
PARAMETRIC_REPRESENTATION_CONTEXT() REPRESENTATION_CONTEXT('2D SPACE',''
  ) );
#11238 = PCURVE('',#11087,#11239);
#11239 = DEFINITIONAL_REPRESENTATION('',(#11240),#11244);
#11240 = LINE('',#11241,#11242);
#11241 = CARTESIAN_POINT('',(50.,40.));
#11242 = VECTOR('',#11243,1.);
#11243 = DIRECTION('',(-1.,0.));
#11244 = ( GEOMETRIC_REPRESENTATION_CONTEXT(2) 
PARAMETRIC_REPRESENTATION_CONTEXT() REPRESENTATION_CONTEXT('2D SPACE',''
  ) );
#11245 = ADVANCED_FACE('',(#11246,#11272),#11087,.T.);
#11246 = FACE_BOUND('',#11247,.T.);
#11247 = EDGE_LOOP('',(#11248,#11249,#11250,#11271));
#11248 = ORIENTED_EDGE('',*,*,#11073,.T.);
#11249 = ORIENTED_EDGE('',*,*,#11225,.T.);
#11250 = ORIENTED_EDGE('',*,*,#11251,.T.);
#11251 = EDGE_CURVE('',#11203,#11103,#11252,.T.);
#11252 = SURFACE_CURVE('',#11253,(#11257,#11264),.PCURVE_S1.);
#11253 = LINE('',#11254,#11255);
#11254 = CARTESIAN_POINT('',(100.,-0.,0.));
#11255 = VECTOR('',#11256,1.);
#11256 = DIRECTION('',(0.,-1.,0.));
#11257 = PCURVE('',#11087,#11258);
#11258 = DEFINITIONAL_REPRESENTATION('',(#11259),#11263);
#11259 = LINE('',#11260,#11261);
#11260 = CARTESIAN_POINT('',(-50.,40.));
#11261 = VECTOR('',#11262,1.);
#11262 = DIRECTION('',(0.,-1.));
#11263 = ( GEOMETRIC_REPRESENTATION_CONTEXT(2) 
PARAMETRIC_REPRESENTATION_CONTEXT() REPRESENTATION_CONTEXT('2D SPACE',''
  ) );
#11264 = PCURVE('',#11120,#11265);
#11265 = DEFINITIONAL_REPRESENTATION('',(#11266),#11270);
#11266 = LINE('',#11267,#11268);
#11267 = CARTESIAN_POINT('',(0.,0.));
#11268 = VECTOR('',#11269,1.);
#11269 = DIRECTION('',(1.,0.));
#11270 = ( GEOMETRIC_REPRESENTATION_CONTEXT(2) 
PARAMETRIC_REPRESENTATION_CONTEXT() REPRESENTATION_CONTEXT('2D SPACE',''
  ) );
#11271 = ORIENTED_EDGE('',*,*,#11154,.T.);
#11272 = FACE_BOUND('',#11273,.T.);
#11273 = EDGE_LOOP('',(#11274,#11304,#11337,#11365,#11398,#11426,#11459,
    #11487));
#11274 = ORIENTED_EDGE('',*,*,#11275,.T.);
#11275 = EDGE_CURVE('',#11276,#11278,#11280,.T.);
#11276 = VERTEX_POINT('',#11277);
#11277 = CARTESIAN_POINT('',(70.,-29.,0.));
#11278 = VERTEX_POINT('',#11279);
#11279 = CARTESIAN_POINT('',(60.,-29.,0.));
#11280 = SURFACE_CURVE('',#11281,(#11285,#11292),.PCURVE_S1.);
#11281 = LINE('',#11282,#11283);
#11282 = CARTESIAN_POINT('',(70.,-29.,0.));
#11283 = VECTOR('',#11284,1.);
#11284 = DIRECTION('',(-1.,0.,0.));
#11285 = PCURVE('',#11087,#11286);
#11286 = DEFINITIONAL_REPRESENTATION('',(#11287),#11291);
#11287 = LINE('',#11288,#11289);
#11288 = CARTESIAN_POINT('',(-20.,11.));
#11289 = VECTOR('',#11290,1.);
#11290 = DIRECTION('',(1.,0.));
#11291 = ( GEOMETRIC_REPRESENTATION_CONTEXT(2) 
PARAMETRIC_REPRESENTATION_CONTEXT() REPRESENTATION_CONTEXT('2D SPACE',''
  ) );
#11292 = PCURVE('',#11293,#11298);
#11293 = PLANE('',#11294);
#11294 = AXIS2_PLACEMENT_3D('',#11295,#11296,#11297);
#11295 = CARTESIAN_POINT('',(70.,-29.,0.));
#11296 = DIRECTION('',(0.,-1.,0.));
#11297 = DIRECTION('',(-1.,0.,0.));
#11298 = DEFINITIONAL_REPRESENTATION('',(#11299),#11303);
#11299 = LINE('',#11300,#11301);
#11300 = CARTESIAN_POINT('',(0.,-0.));
#11301 = VECTOR('',#11302,1.);
#11302 = DIRECTION('',(1.,0.));
#11303 = ( GEOMETRIC_REPRESENTATION_CONTEXT(2) 
PARAMETRIC_REPRESENTATION_CONTEXT() REPRESENTATION_CONTEXT('2D SPACE',''
  ) );
#11304 = ORIENTED_EDGE('',*,*,#11305,.T.);
#11305 = EDGE_CURVE('',#11278,#11306,#11308,.T.);
#11306 = VERTEX_POINT('',#11307);
#11307 = CARTESIAN_POINT('',(59.,-30.,0.));
#11308 = SURFACE_CURVE('',#11309,(#11314,#11325),.PCURVE_S1.);
#11309 = CIRCLE('',#11310,1.);
#11310 = AXIS2_PLACEMENT_3D('',#11311,#11312,#11313);
#11311 = CARTESIAN_POINT('',(60.,-30.,0.));
#11312 = DIRECTION('',(0.,0.,1.));
#11313 = DIRECTION('',(1.,0.,-0.));
#11314 = PCURVE('',#11087,#11315);
#11315 = DEFINITIONAL_REPRESENTATION('',(#11316),#11324);
#11316 = ( BOUNDED_CURVE() B_SPLINE_CURVE(2,(#11317,#11318,#11319,#11320
    ,#11321,#11322,#11323),.UNSPECIFIED.,.T.,.F.) 
B_SPLINE_CURVE_WITH_KNOTS((1,2,2,2,2,1),(-2.094395102393,0.,
    2.094395102393,4.188790204786,6.28318530718,8.377580409573),
.UNSPECIFIED.) CURVE() GEOMETRIC_REPRESENTATION_ITEM() 
RATIONAL_B_SPLINE_CURVE((1.,0.5,1.,0.5,1.,0.5,1.)) REPRESENTATION_ITEM(
  '') );
#11317 = CARTESIAN_POINT('',(-11.,10.));
#11318 = CARTESIAN_POINT('',(-11.,11.732050807569));
#11319 = CARTESIAN_POINT('',(-9.5,10.866025403784));
#11320 = CARTESIAN_POINT('',(-8.,10.));
#11321 = CARTESIAN_POINT('',(-9.5,9.133974596216));
#11322 = CARTESIAN_POINT('',(-11.,8.267949192431));
#11323 = CARTESIAN_POINT('',(-11.,10.));
#11324 = ( GEOMETRIC_REPRESENTATION_CONTEXT(2) 
PARAMETRIC_REPRESENTATION_CONTEXT() REPRESENTATION_CONTEXT('2D SPACE',''
  ) );
#11325 = PCURVE('',#11326,#11331);
#11326 = CYLINDRICAL_SURFACE('',#11327,1.);
#11327 = AXIS2_PLACEMENT_3D('',#11328,#11329,#11330);
#11328 = CARTESIAN_POINT('',(60.,-30.,0.));
#11329 = DIRECTION('',(-0.,-0.,-1.));
#11330 = DIRECTION('',(1.,0.,-0.));
#11331 = DEFINITIONAL_REPRESENTATION('',(#11332),#11336);
#11332 = LINE('',#11333,#11334);
#11333 = CARTESIAN_POINT('',(-0.,0.));
#11334 = VECTOR('',#11335,1.);
#11335 = DIRECTION('',(-1.,0.));
#11336 = ( GEOMETRIC_REPRESENTATION_CONTEXT(2) 
PARAMETRIC_REPRESENTATION_CONTEXT() REPRESENTATION_CONTEXT('2D SPACE',''
  ) );
#11337 = ORIENTED_EDGE('',*,*,#11338,.T.);
#11338 = EDGE_CURVE('',#11306,#11339,#11341,.T.);
#11339 = VERTEX_POINT('',#11340);
#11340 = CARTESIAN_POINT('',(59.,-40.,0.));
#11341 = SURFACE_CURVE('',#11342,(#11346,#11353),.PCURVE_S1.);
#11342 = LINE('',#11343,#11344);
#11343 = CARTESIAN_POINT('',(59.,-30.,0.));
#11344 = VECTOR('',#11345,1.);
#11345 = DIRECTION('',(0.,-1.,0.));
#11346 = PCURVE('',#11087,#11347);
#11347 = DEFINITIONAL_REPRESENTATION('',(#11348),#11352);
#11348 = LINE('',#11349,#11350);
#11349 = CARTESIAN_POINT('',(-9.,10.));
#11350 = VECTOR('',#11351,1.);
#11351 = DIRECTION('',(0.,-1.));
#11352 = ( GEOMETRIC_REPRESENTATION_CONTEXT(2) 
PARAMETRIC_REPRESENTATION_CONTEXT() REPRESENTATION_CONTEXT('2D SPACE',''
  ) );
#11353 = PCURVE('',#11354,#11359);
#11354 = PLANE('',#11355);
#11355 = AXIS2_PLACEMENT_3D('',#11356,#11357,#11358);
#11356 = CARTESIAN_POINT('',(59.,-30.,0.));
#11357 = DIRECTION('',(1.,0.,-0.));
#11358 = DIRECTION('',(0.,-1.,0.));
#11359 = DEFINITIONAL_REPRESENTATION('',(#11360),#11364);
#11360 = LINE('',#11361,#11362);
#11361 = CARTESIAN_POINT('',(0.,0.));
#11362 = VECTOR('',#11363,1.);
#11363 = DIRECTION('',(1.,0.));
#11364 = ( GEOMETRIC_REPRESENTATION_CONTEXT(2) 
PARAMETRIC_REPRESENTATION_CONTEXT() REPRESENTATION_CONTEXT('2D SPACE',''
  ) );
#11365 = ORIENTED_EDGE('',*,*,#11366,.T.);
#11366 = EDGE_CURVE('',#11339,#11367,#11369,.T.);
#11367 = VERTEX_POINT('',#11368);
#11368 = CARTESIAN_POINT('',(60.,-41.,0.));
#11369 = SURFACE_CURVE('',#11370,(#11375,#11386),.PCURVE_S1.);
#11370 = CIRCLE('',#11371,1.);
#11371 = AXIS2_PLACEMENT_3D('',#11372,#11373,#11374);
#11372 = CARTESIAN_POINT('',(60.,-40.,0.));
#11373 = DIRECTION('',(0.,0.,1.));
#11374 = DIRECTION('',(1.,0.,-0.));
#11375 = PCURVE('',#11087,#11376);
#11376 = DEFINITIONAL_REPRESENTATION('',(#11377),#11385);
#11377 = ( BOUNDED_CURVE() B_SPLINE_CURVE(2,(#11378,#11379,#11380,#11381
    ,#11382,#11383,#11384),.UNSPECIFIED.,.F.,.F.) 
B_SPLINE_CURVE_WITH_KNOTS((1,2,2,2,2,1),(-2.094395102393,0.,
    2.094395102393,4.188790204786,6.28318530718,8.377580409573),
.UNSPECIFIED.) CURVE() GEOMETRIC_REPRESENTATION_ITEM() 
RATIONAL_B_SPLINE_CURVE((1.,0.5,1.,0.5,1.,0.5,1.)) REPRESENTATION_ITEM(
  '') );
#11378 = CARTESIAN_POINT('',(-11.,-7.105427357601E-15));
#11379 = CARTESIAN_POINT('',(-11.,1.732050807569));
#11380 = CARTESIAN_POINT('',(-9.5,0.866025403784));
#11381 = CARTESIAN_POINT('',(-8.,-6.860497997772E-15));
#11382 = CARTESIAN_POINT('',(-9.5,-0.866025403784));
#11383 = CARTESIAN_POINT('',(-11.,-1.732050807569));
#11384 = CARTESIAN_POINT('',(-11.,-7.105427357601E-15));
#11385 = ( GEOMETRIC_REPRESENTATION_CONTEXT(2) 
PARAMETRIC_REPRESENTATION_CONTEXT() REPRESENTATION_CONTEXT('2D SPACE',''
  ) );
#11386 = PCURVE('',#11387,#11392);
#11387 = CYLINDRICAL_SURFACE('',#11388,1.);
#11388 = AXIS2_PLACEMENT_3D('',#11389,#11390,#11391);
#11389 = CARTESIAN_POINT('',(60.,-40.,0.));
#11390 = DIRECTION('',(-0.,-0.,-1.));
#11391 = DIRECTION('',(1.,0.,-0.));
#11392 = DEFINITIONAL_REPRESENTATION('',(#11393),#11397);
#11393 = LINE('',#11394,#11395);
#11394 = CARTESIAN_POINT('',(-0.,0.));
#11395 = VECTOR('',#11396,1.);
#11396 = DIRECTION('',(-1.,0.));
#11397 = ( GEOMETRIC_REPRESENTATION_CONTEXT(2) 
PARAMETRIC_REPRESENTATION_CONTEXT() REPRESENTATION_CONTEXT('2D SPACE',''
  ) );
#11398 = ORIENTED_EDGE('',*,*,#11399,.T.);
#11399 = EDGE_CURVE('',#11367,#11400,#11402,.T.);
#11400 = VERTEX_POINT('',#11401);
#11401 = CARTESIAN_POINT('',(70.,-41.,0.));
#11402 = SURFACE_CURVE('',#11403,(#11407,#11414),.PCURVE_S1.);
#11403 = LINE('',#11404,#11405);
#11404 = CARTESIAN_POINT('',(60.,-41.,0.));
#11405 = VECTOR('',#11406,1.);
#11406 = DIRECTION('',(1.,0.,0.));
#11407 = PCURVE('',#11087,#11408);
#11408 = DEFINITIONAL_REPRESENTATION('',(#11409),#11413);
#11409 = LINE('',#11410,#11411);
#11410 = CARTESIAN_POINT('',(-10.,-1.));
#11411 = VECTOR('',#11412,1.);
#11412 = DIRECTION('',(-1.,0.));
#11413 = ( GEOMETRIC_REPRESENTATION_CONTEXT(2) 
PARAMETRIC_REPRESENTATION_CONTEXT() REPRESENTATION_CONTEXT('2D SPACE',''
  ) );
#11414 = PCURVE('',#11415,#11420);
#11415 = PLANE('',#11416);
#11416 = AXIS2_PLACEMENT_3D('',#11417,#11418,#11419);
#11417 = CARTESIAN_POINT('',(60.,-41.,0.));
#11418 = DIRECTION('',(0.,1.,0.));
#11419 = DIRECTION('',(1.,0.,0.));
#11420 = DEFINITIONAL_REPRESENTATION('',(#11421),#11425);
#11421 = LINE('',#11422,#11423);
#11422 = CARTESIAN_POINT('',(0.,0.));
#11423 = VECTOR('',#11424,1.);
#11424 = DIRECTION('',(1.,0.));
#11425 = ( GEOMETRIC_REPRESENTATION_CONTEXT(2) 
PARAMETRIC_REPRESENTATION_CONTEXT() REPRESENTATION_CONTEXT('2D SPACE',''
  ) );
#11426 = ORIENTED_EDGE('',*,*,#11427,.T.);
#11427 = EDGE_CURVE('',#11400,#11428,#11430,.T.);
#11428 = VERTEX_POINT('',#11429);
#11429 = CARTESIAN_POINT('',(71.,-40.,0.));
#11430 = SURFACE_CURVE('',#11431,(#11436,#11447),.PCURVE_S1.);
#11431 = CIRCLE('',#11432,1.);
#11432 = AXIS2_PLACEMENT_3D('',#11433,#11434,#11435);
#11433 = CARTESIAN_POINT('',(70.,-40.,0.));
#11434 = DIRECTION('',(0.,0.,1.));
#11435 = DIRECTION('',(1.,0.,-0.));
#11436 = PCURVE('',#11087,#11437);
#11437 = DEFINITIONAL_REPRESENTATION('',(#11438),#11446);
#11438 = ( BOUNDED_CURVE() B_SPLINE_CURVE(2,(#11439,#11440,#11441,#11442
    ,#11443,#11444,#11445),.UNSPECIFIED.,.F.,.F.) 
B_SPLINE_CURVE_WITH_KNOTS((1,2,2,2,2,1),(-2.094395102393,0.,
    2.094395102393,4.188790204786,6.28318530718,8.377580409573),
.UNSPECIFIED.) CURVE() GEOMETRIC_REPRESENTATION_ITEM() 
RATIONAL_B_SPLINE_CURVE((1.,0.5,1.,0.5,1.,0.5,1.)) REPRESENTATION_ITEM(
  '') );
#11439 = CARTESIAN_POINT('',(-21.,-7.105427357601E-15));
#11440 = CARTESIAN_POINT('',(-21.,1.732050807569));
#11441 = CARTESIAN_POINT('',(-19.5,0.866025403784));
#11442 = CARTESIAN_POINT('',(-18.,-6.860497997772E-15));
#11443 = CARTESIAN_POINT('',(-19.5,-0.866025403784));
#11444 = CARTESIAN_POINT('',(-21.,-1.732050807569));
#11445 = CARTESIAN_POINT('',(-21.,-7.105427357601E-15));
#11446 = ( GEOMETRIC_REPRESENTATION_CONTEXT(2) 
PARAMETRIC_REPRESENTATION_CONTEXT() REPRESENTATION_CONTEXT('2D SPACE',''
  ) );
#11447 = PCURVE('',#11448,#11453);
#11448 = CYLINDRICAL_SURFACE('',#11449,1.);
#11449 = AXIS2_PLACEMENT_3D('',#11450,#11451,#11452);
#11450 = CARTESIAN_POINT('',(70.,-40.,0.));
#11451 = DIRECTION('',(-0.,-0.,-1.));
#11452 = DIRECTION('',(1.,0.,-0.));
#11453 = DEFINITIONAL_REPRESENTATION('',(#11454),#11458);
#11454 = LINE('',#11455,#11456);
#11455 = CARTESIAN_POINT('',(-0.,0.));
#11456 = VECTOR('',#11457,1.);
#11457 = DIRECTION('',(-1.,0.));
#11458 = ( GEOMETRIC_REPRESENTATION_CONTEXT(2) 
PARAMETRIC_REPRESENTATION_CONTEXT() REPRESENTATION_CONTEXT('2D SPACE',''
  ) );
#11459 = ORIENTED_EDGE('',*,*,#11460,.T.);
#11460 = EDGE_CURVE('',#11428,#11461,#11463,.T.);
#11461 = VERTEX_POINT('',#11462);
#11462 = CARTESIAN_POINT('',(71.,-30.,0.));
#11463 = SURFACE_CURVE('',#11464,(#11468,#11475),.PCURVE_S1.);
#11464 = LINE('',#11465,#11466);
#11465 = CARTESIAN_POINT('',(71.,-40.,0.));
#11466 = VECTOR('',#11467,1.);
#11467 = DIRECTION('',(0.,1.,0.));
#11468 = PCURVE('',#11087,#11469);
#11469 = DEFINITIONAL_REPRESENTATION('',(#11470),#11474);
#11470 = LINE('',#11471,#11472);
#11471 = CARTESIAN_POINT('',(-21.,-7.105427357601E-15));
#11472 = VECTOR('',#11473,1.);
#11473 = DIRECTION('',(0.,1.));
#11474 = ( GEOMETRIC_REPRESENTATION_CONTEXT(2) 
PARAMETRIC_REPRESENTATION_CONTEXT() REPRESENTATION_CONTEXT('2D SPACE',''
  ) );
#11475 = PCURVE('',#11476,#11481);
#11476 = PLANE('',#11477);
#11477 = AXIS2_PLACEMENT_3D('',#11478,#11479,#11480);
#11478 = CARTESIAN_POINT('',(71.,-40.,0.));
#11479 = DIRECTION('',(-1.,0.,0.));
#11480 = DIRECTION('',(0.,1.,0.));
#11481 = DEFINITIONAL_REPRESENTATION('',(#11482),#11486);
#11482 = LINE('',#11483,#11484);
#11483 = CARTESIAN_POINT('',(0.,0.));
#11484 = VECTOR('',#11485,1.);
#11485 = DIRECTION('',(1.,0.));
#11486 = ( GEOMETRIC_REPRESENTATION_CONTEXT(2) 
PARAMETRIC_REPRESENTATION_CONTEXT() REPRESENTATION_CONTEXT('2D SPACE',''
  ) );
#11487 = ORIENTED_EDGE('',*,*,#11488,.T.);
#11488 = EDGE_CURVE('',#11461,#11276,#11489,.T.);
#11489 = SURFACE_CURVE('',#11490,(#11495,#11506),.PCURVE_S1.);
#11490 = CIRCLE('',#11491,1.);
#11491 = AXIS2_PLACEMENT_3D('',#11492,#11493,#11494);
#11492 = CARTESIAN_POINT('',(70.,-30.,0.));
#11493 = DIRECTION('',(0.,0.,1.));
#11494 = DIRECTION('',(1.,0.,-0.));
#11495 = PCURVE('',#11087,#11496);
#11496 = DEFINITIONAL_REPRESENTATION('',(#11497),#11505);
#11497 = ( BOUNDED_CURVE() B_SPLINE_CURVE(2,(#11498,#11499,#11500,#11501
    ,#11502,#11503,#11504),.UNSPECIFIED.,.T.,.F.) 
B_SPLINE_CURVE_WITH_KNOTS((1,2,2,2,2,1),(-2.094395102393,0.,
    2.094395102393,4.188790204786,6.28318530718,8.377580409573),
.UNSPECIFIED.) CURVE() GEOMETRIC_REPRESENTATION_ITEM() 
RATIONAL_B_SPLINE_CURVE((1.,0.5,1.,0.5,1.,0.5,1.)) REPRESENTATION_ITEM(
  '') );
#11498 = CARTESIAN_POINT('',(-21.,10.));
#11499 = CARTESIAN_POINT('',(-21.,11.732050807569));
#11500 = CARTESIAN_POINT('',(-19.5,10.866025403784));
#11501 = CARTESIAN_POINT('',(-18.,10.));
#11502 = CARTESIAN_POINT('',(-19.5,9.133974596216));
#11503 = CARTESIAN_POINT('',(-21.,8.267949192431));
#11504 = CARTESIAN_POINT('',(-21.,10.));
#11505 = ( GEOMETRIC_REPRESENTATION_CONTEXT(2) 
PARAMETRIC_REPRESENTATION_CONTEXT() REPRESENTATION_CONTEXT('2D SPACE',''
  ) );
#11506 = PCURVE('',#11507,#11512);
#11507 = CYLINDRICAL_SURFACE('',#11508,1.);
#11508 = AXIS2_PLACEMENT_3D('',#11509,#11510,#11511);
#11509 = CARTESIAN_POINT('',(70.,-30.,0.));
#11510 = DIRECTION('',(-0.,-0.,-1.));
#11511 = DIRECTION('',(1.,0.,-0.));
#11512 = DEFINITIONAL_REPRESENTATION('',(#11513),#11517);
#11513 = LINE('',#11514,#11515);
#11514 = CARTESIAN_POINT('',(-0.,0.));
#11515 = VECTOR('',#11516,1.);
#11516 = DIRECTION('',(-1.,0.));
#11517 = ( GEOMETRIC_REPRESENTATION_CONTEXT(2) 
PARAMETRIC_REPRESENTATION_CONTEXT() REPRESENTATION_CONTEXT('2D SPACE',''
  ) );
#11518 = ADVANCED_FACE('',(#11519,#11545),#11033,.F.);
#11519 = FACE_BOUND('',#11520,.F.);
#11520 = EDGE_LOOP('',(#11521,#11522,#11523,#11544));
#11521 = ORIENTED_EDGE('',*,*,#11017,.T.);
#11522 = ORIENTED_EDGE('',*,*,#11179,.T.);
#11523 = ORIENTED_EDGE('',*,*,#11524,.T.);
#11524 = EDGE_CURVE('',#11180,#11105,#11525,.T.);
#11525 = SURFACE_CURVE('',#11526,(#11530,#11537),.PCURVE_S1.);
#11526 = LINE('',#11527,#11528);
#11527 = CARTESIAN_POINT('',(100.,0.,1.6));
#11528 = VECTOR('',#11529,1.);
#11529 = DIRECTION('',(0.,-1.,0.));
#11530 = PCURVE('',#11033,#11531);
#11531 = DEFINITIONAL_REPRESENTATION('',(#11532),#11536);
#11532 = LINE('',#11533,#11534);
#11533 = CARTESIAN_POINT('',(-50.,40.));
#11534 = VECTOR('',#11535,1.);
#11535 = DIRECTION('',(0.,-1.));
#11536 = ( GEOMETRIC_REPRESENTATION_CONTEXT(2) 
PARAMETRIC_REPRESENTATION_CONTEXT() REPRESENTATION_CONTEXT('2D SPACE',''
  ) );
#11537 = PCURVE('',#11120,#11538);
#11538 = DEFINITIONAL_REPRESENTATION('',(#11539),#11543);
#11539 = LINE('',#11540,#11541);
#11540 = CARTESIAN_POINT('',(0.,-1.6));
#11541 = VECTOR('',#11542,1.);
#11542 = DIRECTION('',(1.,0.));
#11543 = ( GEOMETRIC_REPRESENTATION_CONTEXT(2) 
PARAMETRIC_REPRESENTATION_CONTEXT() REPRESENTATION_CONTEXT('2D SPACE',''
  ) );
#11544 = ORIENTED_EDGE('',*,*,#11132,.T.);
#11545 = FACE_BOUND('',#11546,.F.);
#11546 = EDGE_LOOP('',(#11547,#11577,#11600,#11628,#11651,#11679,#11702,
    #11730));
#11547 = ORIENTED_EDGE('',*,*,#11548,.T.);
#11548 = EDGE_CURVE('',#11549,#11551,#11553,.T.);
#11549 = VERTEX_POINT('',#11550);
#11550 = CARTESIAN_POINT('',(70.,-41.,1.6));
#11551 = VERTEX_POINT('',#11552);
#11552 = CARTESIAN_POINT('',(71.,-40.,1.6));
#11553 = SURFACE_CURVE('',#11554,(#11559,#11570),.PCURVE_S1.);
#11554 = CIRCLE('',#11555,1.);
#11555 = AXIS2_PLACEMENT_3D('',#11556,#11557,#11558);
#11556 = CARTESIAN_POINT('',(70.,-40.,1.6));
#11557 = DIRECTION('',(0.,0.,1.));
#11558 = DIRECTION('',(1.,0.,-0.));
#11559 = PCURVE('',#11033,#11560);
#11560 = DEFINITIONAL_REPRESENTATION('',(#11561),#11569);
#11561 = ( BOUNDED_CURVE() B_SPLINE_CURVE(2,(#11562,#11563,#11564,#11565
    ,#11566,#11567,#11568),.UNSPECIFIED.,.F.,.F.) 
B_SPLINE_CURVE_WITH_KNOTS((1,2,2,2,2,1),(-2.094395102393,0.,
    2.094395102393,4.188790204786,6.28318530718,8.377580409573),
.UNSPECIFIED.) CURVE() GEOMETRIC_REPRESENTATION_ITEM() 
RATIONAL_B_SPLINE_CURVE((1.,0.5,1.,0.5,1.,0.5,1.)) REPRESENTATION_ITEM(
  '') );
#11562 = CARTESIAN_POINT('',(-21.,-7.105427357601E-15));
#11563 = CARTESIAN_POINT('',(-21.,1.732050807569));
#11564 = CARTESIAN_POINT('',(-19.5,0.866025403784));
#11565 = CARTESIAN_POINT('',(-18.,-6.860497997772E-15));
#11566 = CARTESIAN_POINT('',(-19.5,-0.866025403784));
#11567 = CARTESIAN_POINT('',(-21.,-1.732050807569));
#11568 = CARTESIAN_POINT('',(-21.,-7.105427357601E-15));
#11569 = ( GEOMETRIC_REPRESENTATION_CONTEXT(2) 
PARAMETRIC_REPRESENTATION_CONTEXT() REPRESENTATION_CONTEXT('2D SPACE',''
  ) );
#11570 = PCURVE('',#11448,#11571);
#11571 = DEFINITIONAL_REPRESENTATION('',(#11572),#11576);
#11572 = LINE('',#11573,#11574);
#11573 = CARTESIAN_POINT('',(-0.,-1.6));
#11574 = VECTOR('',#11575,1.);
#11575 = DIRECTION('',(-1.,0.));
#11576 = ( GEOMETRIC_REPRESENTATION_CONTEXT(2) 
PARAMETRIC_REPRESENTATION_CONTEXT() REPRESENTATION_CONTEXT('2D SPACE',''
  ) );
#11577 = ORIENTED_EDGE('',*,*,#11578,.T.);
#11578 = EDGE_CURVE('',#11551,#11579,#11581,.T.);
#11579 = VERTEX_POINT('',#11580);
#11580 = CARTESIAN_POINT('',(71.,-30.,1.6));
#11581 = SURFACE_CURVE('',#11582,(#11586,#11593),.PCURVE_S1.);
#11582 = LINE('',#11583,#11584);
#11583 = CARTESIAN_POINT('',(71.,-40.,1.6));
#11584 = VECTOR('',#11585,1.);
#11585 = DIRECTION('',(0.,1.,0.));
#11586 = PCURVE('',#11033,#11587);
#11587 = DEFINITIONAL_REPRESENTATION('',(#11588),#11592);
#11588 = LINE('',#11589,#11590);
#11589 = CARTESIAN_POINT('',(-21.,-7.105427357601E-15));
#11590 = VECTOR('',#11591,1.);
#11591 = DIRECTION('',(0.,1.));
#11592 = ( GEOMETRIC_REPRESENTATION_CONTEXT(2) 
PARAMETRIC_REPRESENTATION_CONTEXT() REPRESENTATION_CONTEXT('2D SPACE',''
  ) );
#11593 = PCURVE('',#11476,#11594);
#11594 = DEFINITIONAL_REPRESENTATION('',(#11595),#11599);
#11595 = LINE('',#11596,#11597);
#11596 = CARTESIAN_POINT('',(0.,-1.6));
#11597 = VECTOR('',#11598,1.);
#11598 = DIRECTION('',(1.,0.));
#11599 = ( GEOMETRIC_REPRESENTATION_CONTEXT(2) 
PARAMETRIC_REPRESENTATION_CONTEXT() REPRESENTATION_CONTEXT('2D SPACE',''
  ) );
#11600 = ORIENTED_EDGE('',*,*,#11601,.T.);
#11601 = EDGE_CURVE('',#11579,#11602,#11604,.T.);
#11602 = VERTEX_POINT('',#11603);
#11603 = CARTESIAN_POINT('',(70.,-29.,1.6));
#11604 = SURFACE_CURVE('',#11605,(#11610,#11621),.PCURVE_S1.);
#11605 = CIRCLE('',#11606,1.);
#11606 = AXIS2_PLACEMENT_3D('',#11607,#11608,#11609);
#11607 = CARTESIAN_POINT('',(70.,-30.,1.6));
#11608 = DIRECTION('',(0.,0.,1.));
#11609 = DIRECTION('',(1.,0.,-0.));
#11610 = PCURVE('',#11033,#11611);
#11611 = DEFINITIONAL_REPRESENTATION('',(#11612),#11620);
#11612 = ( BOUNDED_CURVE() B_SPLINE_CURVE(2,(#11613,#11614,#11615,#11616
    ,#11617,#11618,#11619),.UNSPECIFIED.,.T.,.F.) 
B_SPLINE_CURVE_WITH_KNOTS((1,2,2,2,2,1),(-2.094395102393,0.,
    2.094395102393,4.188790204786,6.28318530718,8.377580409573),
.UNSPECIFIED.) CURVE() GEOMETRIC_REPRESENTATION_ITEM() 
RATIONAL_B_SPLINE_CURVE((1.,0.5,1.,0.5,1.,0.5,1.)) REPRESENTATION_ITEM(
  '') );
#11613 = CARTESIAN_POINT('',(-21.,10.));
#11614 = CARTESIAN_POINT('',(-21.,11.732050807569));
#11615 = CARTESIAN_POINT('',(-19.5,10.866025403784));
#11616 = CARTESIAN_POINT('',(-18.,10.));
#11617 = CARTESIAN_POINT('',(-19.5,9.133974596216));
#11618 = CARTESIAN_POINT('',(-21.,8.267949192431));
#11619 = CARTESIAN_POINT('',(-21.,10.));
#11620 = ( GEOMETRIC_REPRESENTATION_CONTEXT(2) 
PARAMETRIC_REPRESENTATION_CONTEXT() REPRESENTATION_CONTEXT('2D SPACE',''
  ) );
#11621 = PCURVE('',#11507,#11622);
#11622 = DEFINITIONAL_REPRESENTATION('',(#11623),#11627);
#11623 = LINE('',#11624,#11625);
#11624 = CARTESIAN_POINT('',(-0.,-1.6));
#11625 = VECTOR('',#11626,1.);
#11626 = DIRECTION('',(-1.,0.));
#11627 = ( GEOMETRIC_REPRESENTATION_CONTEXT(2) 
PARAMETRIC_REPRESENTATION_CONTEXT() REPRESENTATION_CONTEXT('2D SPACE',''
  ) );
#11628 = ORIENTED_EDGE('',*,*,#11629,.T.);
#11629 = EDGE_CURVE('',#11602,#11630,#11632,.T.);
#11630 = VERTEX_POINT('',#11631);
#11631 = CARTESIAN_POINT('',(60.,-29.,1.6));
#11632 = SURFACE_CURVE('',#11633,(#11637,#11644),.PCURVE_S1.);
#11633 = LINE('',#11634,#11635);
#11634 = CARTESIAN_POINT('',(70.,-29.,1.6));
#11635 = VECTOR('',#11636,1.);
#11636 = DIRECTION('',(-1.,0.,0.));
#11637 = PCURVE('',#11033,#11638);
#11638 = DEFINITIONAL_REPRESENTATION('',(#11639),#11643);
#11639 = LINE('',#11640,#11641);
#11640 = CARTESIAN_POINT('',(-20.,11.));
#11641 = VECTOR('',#11642,1.);
#11642 = DIRECTION('',(1.,0.));
#11643 = ( GEOMETRIC_REPRESENTATION_CONTEXT(2) 
PARAMETRIC_REPRESENTATION_CONTEXT() REPRESENTATION_CONTEXT('2D SPACE',''
  ) );
#11644 = PCURVE('',#11293,#11645);
#11645 = DEFINITIONAL_REPRESENTATION('',(#11646),#11650);
#11646 = LINE('',#11647,#11648);
#11647 = CARTESIAN_POINT('',(0.,-1.6));
#11648 = VECTOR('',#11649,1.);
#11649 = DIRECTION('',(1.,0.));
#11650 = ( GEOMETRIC_REPRESENTATION_CONTEXT(2) 
PARAMETRIC_REPRESENTATION_CONTEXT() REPRESENTATION_CONTEXT('2D SPACE',''
  ) );
#11651 = ORIENTED_EDGE('',*,*,#11652,.T.);
#11652 = EDGE_CURVE('',#11630,#11653,#11655,.T.);
#11653 = VERTEX_POINT('',#11654);
#11654 = CARTESIAN_POINT('',(59.,-30.,1.6));
#11655 = SURFACE_CURVE('',#11656,(#11661,#11672),.PCURVE_S1.);
#11656 = CIRCLE('',#11657,1.);
#11657 = AXIS2_PLACEMENT_3D('',#11658,#11659,#11660);
#11658 = CARTESIAN_POINT('',(60.,-30.,1.6));
#11659 = DIRECTION('',(0.,0.,1.));
#11660 = DIRECTION('',(1.,0.,-0.));
#11661 = PCURVE('',#11033,#11662);
#11662 = DEFINITIONAL_REPRESENTATION('',(#11663),#11671);
#11663 = ( BOUNDED_CURVE() B_SPLINE_CURVE(2,(#11664,#11665,#11666,#11667
    ,#11668,#11669,#11670),.UNSPECIFIED.,.T.,.F.) 
B_SPLINE_CURVE_WITH_KNOTS((1,2,2,2,2,1),(-2.094395102393,0.,
    2.094395102393,4.188790204786,6.28318530718,8.377580409573),
.UNSPECIFIED.) CURVE() GEOMETRIC_REPRESENTATION_ITEM() 
RATIONAL_B_SPLINE_CURVE((1.,0.5,1.,0.5,1.,0.5,1.)) REPRESENTATION_ITEM(
  '') );
#11664 = CARTESIAN_POINT('',(-11.,10.));
#11665 = CARTESIAN_POINT('',(-11.,11.732050807569));
#11666 = CARTESIAN_POINT('',(-9.5,10.866025403784));
#11667 = CARTESIAN_POINT('',(-8.,10.));
#11668 = CARTESIAN_POINT('',(-9.5,9.133974596216));
#11669 = CARTESIAN_POINT('',(-11.,8.267949192431));
#11670 = CARTESIAN_POINT('',(-11.,10.));
#11671 = ( GEOMETRIC_REPRESENTATION_CONTEXT(2) 
PARAMETRIC_REPRESENTATION_CONTEXT() REPRESENTATION_CONTEXT('2D SPACE',''
  ) );
#11672 = PCURVE('',#11326,#11673);
#11673 = DEFINITIONAL_REPRESENTATION('',(#11674),#11678);
#11674 = LINE('',#11675,#11676);
#11675 = CARTESIAN_POINT('',(-0.,-1.6));
#11676 = VECTOR('',#11677,1.);
#11677 = DIRECTION('',(-1.,0.));
#11678 = ( GEOMETRIC_REPRESENTATION_CONTEXT(2) 
PARAMETRIC_REPRESENTATION_CONTEXT() REPRESENTATION_CONTEXT('2D SPACE',''
  ) );
#11679 = ORIENTED_EDGE('',*,*,#11680,.T.);
#11680 = EDGE_CURVE('',#11653,#11681,#11683,.T.);
#11681 = VERTEX_POINT('',#11682);
#11682 = CARTESIAN_POINT('',(59.,-40.,1.6));
#11683 = SURFACE_CURVE('',#11684,(#11688,#11695),.PCURVE_S1.);
#11684 = LINE('',#11685,#11686);
#11685 = CARTESIAN_POINT('',(59.,-30.,1.6));
#11686 = VECTOR('',#11687,1.);
#11687 = DIRECTION('',(0.,-1.,0.));
#11688 = PCURVE('',#11033,#11689);
#11689 = DEFINITIONAL_REPRESENTATION('',(#11690),#11694);
#11690 = LINE('',#11691,#11692);
#11691 = CARTESIAN_POINT('',(-9.,10.));
#11692 = VECTOR('',#11693,1.);
#11693 = DIRECTION('',(0.,-1.));
#11694 = ( GEOMETRIC_REPRESENTATION_CONTEXT(2) 
PARAMETRIC_REPRESENTATION_CONTEXT() REPRESENTATION_CONTEXT('2D SPACE',''
  ) );
#11695 = PCURVE('',#11354,#11696);
#11696 = DEFINITIONAL_REPRESENTATION('',(#11697),#11701);
#11697 = LINE('',#11698,#11699);
#11698 = CARTESIAN_POINT('',(0.,-1.6));
#11699 = VECTOR('',#11700,1.);
#11700 = DIRECTION('',(1.,0.));
#11701 = ( GEOMETRIC_REPRESENTATION_CONTEXT(2) 
PARAMETRIC_REPRESENTATION_CONTEXT() REPRESENTATION_CONTEXT('2D SPACE',''
  ) );
#11702 = ORIENTED_EDGE('',*,*,#11703,.T.);
#11703 = EDGE_CURVE('',#11681,#11704,#11706,.T.);
#11704 = VERTEX_POINT('',#11705);
#11705 = CARTESIAN_POINT('',(60.,-41.,1.6));
#11706 = SURFACE_CURVE('',#11707,(#11712,#11723),.PCURVE_S1.);
#11707 = CIRCLE('',#11708,1.);
#11708 = AXIS2_PLACEMENT_3D('',#11709,#11710,#11711);
#11709 = CARTESIAN_POINT('',(60.,-40.,1.6));
#11710 = DIRECTION('',(0.,0.,1.));
#11711 = DIRECTION('',(1.,0.,-0.));
#11712 = PCURVE('',#11033,#11713);
#11713 = DEFINITIONAL_REPRESENTATION('',(#11714),#11722);
#11714 = ( BOUNDED_CURVE() B_SPLINE_CURVE(2,(#11715,#11716,#11717,#11718
    ,#11719,#11720,#11721),.UNSPECIFIED.,.F.,.F.) 
B_SPLINE_CURVE_WITH_KNOTS((1,2,2,2,2,1),(-2.094395102393,0.,
    2.094395102393,4.188790204786,6.28318530718,8.377580409573),
.UNSPECIFIED.) CURVE() GEOMETRIC_REPRESENTATION_ITEM() 
RATIONAL_B_SPLINE_CURVE((1.,0.5,1.,0.5,1.,0.5,1.)) REPRESENTATION_ITEM(
  '') );
#11715 = CARTESIAN_POINT('',(-11.,-7.105427357601E-15));
#11716 = CARTESIAN_POINT('',(-11.,1.732050807569));
#11717 = CARTESIAN_POINT('',(-9.5,0.866025403784));
#11718 = CARTESIAN_POINT('',(-8.,-6.860497997772E-15));
#11719 = CARTESIAN_POINT('',(-9.5,-0.866025403784));
#11720 = CARTESIAN_POINT('',(-11.,-1.732050807569));
#11721 = CARTESIAN_POINT('',(-11.,-7.105427357601E-15));
#11722 = ( GEOMETRIC_REPRESENTATION_CONTEXT(2) 
PARAMETRIC_REPRESENTATION_CONTEXT() REPRESENTATION_CONTEXT('2D SPACE',''
  ) );
#11723 = PCURVE('',#11387,#11724);
#11724 = DEFINITIONAL_REPRESENTATION('',(#11725),#11729);
#11725 = LINE('',#11726,#11727);
#11726 = CARTESIAN_POINT('',(-0.,-1.6));
#11727 = VECTOR('',#11728,1.);
#11728 = DIRECTION('',(-1.,0.));
#11729 = ( GEOMETRIC_REPRESENTATION_CONTEXT(2) 
PARAMETRIC_REPRESENTATION_CONTEXT() REPRESENTATION_CONTEXT('2D SPACE',''
  ) );
#11730 = ORIENTED_EDGE('',*,*,#11731,.T.);
#11731 = EDGE_CURVE('',#11704,#11549,#11732,.T.);
#11732 = SURFACE_CURVE('',#11733,(#11737,#11744),.PCURVE_S1.);
#11733 = LINE('',#11734,#11735);
#11734 = CARTESIAN_POINT('',(60.,-41.,1.6));
#11735 = VECTOR('',#11736,1.);
#11736 = DIRECTION('',(1.,0.,0.));
#11737 = PCURVE('',#11033,#11738);
#11738 = DEFINITIONAL_REPRESENTATION('',(#11739),#11743);
#11739 = LINE('',#11740,#11741);
#11740 = CARTESIAN_POINT('',(-10.,-1.));
#11741 = VECTOR('',#11742,1.);
#11742 = DIRECTION('',(-1.,0.));
#11743 = ( GEOMETRIC_REPRESENTATION_CONTEXT(2) 
PARAMETRIC_REPRESENTATION_CONTEXT() REPRESENTATION_CONTEXT('2D SPACE',''
  ) );
#11744 = PCURVE('',#11415,#11745);
#11745 = DEFINITIONAL_REPRESENTATION('',(#11746),#11750);
#11746 = LINE('',#11747,#11748);
#11747 = CARTESIAN_POINT('',(0.,-1.6));
#11748 = VECTOR('',#11749,1.);
#11749 = DIRECTION('',(1.,0.));
#11750 = ( GEOMETRIC_REPRESENTATION_CONTEXT(2) 
PARAMETRIC_REPRESENTATION_CONTEXT() REPRESENTATION_CONTEXT('2D SPACE',''
  ) );
#11751 = ADVANCED_FACE('',(#11752),#11120,.T.);
#11752 = FACE_BOUND('',#11753,.T.);
#11753 = EDGE_LOOP('',(#11754,#11755,#11756,#11757));
#11754 = ORIENTED_EDGE('',*,*,#11202,.T.);
#11755 = ORIENTED_EDGE('',*,*,#11524,.T.);
#11756 = ORIENTED_EDGE('',*,*,#11102,.F.);
#11757 = ORIENTED_EDGE('',*,*,#11251,.F.);
#11758 = ADVANCED_FACE('',(#11759),#11293,.T.);
#11759 = FACE_BOUND('',#11760,.T.);
#11760 = EDGE_LOOP('',(#11761,#11782,#11783,#11804));
#11761 = ORIENTED_EDGE('',*,*,#11762,.T.);
#11762 = EDGE_CURVE('',#11276,#11602,#11763,.T.);
#11763 = SURFACE_CURVE('',#11764,(#11768,#11775),.PCURVE_S1.);
#11764 = LINE('',#11765,#11766);
#11765 = CARTESIAN_POINT('',(70.,-29.,0.));
#11766 = VECTOR('',#11767,1.);
#11767 = DIRECTION('',(0.,0.,1.));
#11768 = PCURVE('',#11293,#11769);
#11769 = DEFINITIONAL_REPRESENTATION('',(#11770),#11774);
#11770 = LINE('',#11771,#11772);
#11771 = CARTESIAN_POINT('',(0.,-0.));
#11772 = VECTOR('',#11773,1.);
#11773 = DIRECTION('',(0.,-1.));
#11774 = ( GEOMETRIC_REPRESENTATION_CONTEXT(2) 
PARAMETRIC_REPRESENTATION_CONTEXT() REPRESENTATION_CONTEXT('2D SPACE',''
  ) );
#11775 = PCURVE('',#11507,#11776);
#11776 = DEFINITIONAL_REPRESENTATION('',(#11777),#11781);
#11777 = LINE('',#11778,#11779);
#11778 = CARTESIAN_POINT('',(-1.570796326795,0.));
#11779 = VECTOR('',#11780,1.);
#11780 = DIRECTION('',(-0.,-1.));
#11781 = ( GEOMETRIC_REPRESENTATION_CONTEXT(2) 
PARAMETRIC_REPRESENTATION_CONTEXT() REPRESENTATION_CONTEXT('2D SPACE',''
  ) );
#11782 = ORIENTED_EDGE('',*,*,#11629,.T.);
#11783 = ORIENTED_EDGE('',*,*,#11784,.F.);
#11784 = EDGE_CURVE('',#11278,#11630,#11785,.T.);
#11785 = SURFACE_CURVE('',#11786,(#11790,#11797),.PCURVE_S1.);
#11786 = LINE('',#11787,#11788);
#11787 = CARTESIAN_POINT('',(60.,-29.,0.));
#11788 = VECTOR('',#11789,1.);
#11789 = DIRECTION('',(0.,0.,1.));
#11790 = PCURVE('',#11293,#11791);
#11791 = DEFINITIONAL_REPRESENTATION('',(#11792),#11796);
#11792 = LINE('',#11793,#11794);
#11793 = CARTESIAN_POINT('',(10.,0.));
#11794 = VECTOR('',#11795,1.);
#11795 = DIRECTION('',(0.,-1.));
#11796 = ( GEOMETRIC_REPRESENTATION_CONTEXT(2) 
PARAMETRIC_REPRESENTATION_CONTEXT() REPRESENTATION_CONTEXT('2D SPACE',''
  ) );
#11797 = PCURVE('',#11326,#11798);
#11798 = DEFINITIONAL_REPRESENTATION('',(#11799),#11803);
#11799 = LINE('',#11800,#11801);
#11800 = CARTESIAN_POINT('',(-1.570796326795,0.));
#11801 = VECTOR('',#11802,1.);
#11802 = DIRECTION('',(-0.,-1.));
#11803 = ( GEOMETRIC_REPRESENTATION_CONTEXT(2) 
PARAMETRIC_REPRESENTATION_CONTEXT() REPRESENTATION_CONTEXT('2D SPACE',''
  ) );
#11804 = ORIENTED_EDGE('',*,*,#11275,.F.);
#11805 = ADVANCED_FACE('',(#11806),#11507,.F.);
#11806 = FACE_BOUND('',#11807,.T.);
#11807 = EDGE_LOOP('',(#11808,#11829,#11830,#11831));
#11808 = ORIENTED_EDGE('',*,*,#11809,.T.);
#11809 = EDGE_CURVE('',#11461,#11579,#11810,.T.);
#11810 = SURFACE_CURVE('',#11811,(#11815,#11822),.PCURVE_S1.);
#11811 = LINE('',#11812,#11813);
#11812 = CARTESIAN_POINT('',(71.,-30.,0.));
#11813 = VECTOR('',#11814,1.);
#11814 = DIRECTION('',(0.,0.,1.));
#11815 = PCURVE('',#11507,#11816);
#11816 = DEFINITIONAL_REPRESENTATION('',(#11817),#11821);
#11817 = LINE('',#11818,#11819);
#11818 = CARTESIAN_POINT('',(-0.,0.));
#11819 = VECTOR('',#11820,1.);
#11820 = DIRECTION('',(-0.,-1.));
#11821 = ( GEOMETRIC_REPRESENTATION_CONTEXT(2) 
PARAMETRIC_REPRESENTATION_CONTEXT() REPRESENTATION_CONTEXT('2D SPACE',''
  ) );
#11822 = PCURVE('',#11476,#11823);
#11823 = DEFINITIONAL_REPRESENTATION('',(#11824),#11828);
#11824 = LINE('',#11825,#11826);
#11825 = CARTESIAN_POINT('',(10.,0.));
#11826 = VECTOR('',#11827,1.);
#11827 = DIRECTION('',(0.,-1.));
#11828 = ( GEOMETRIC_REPRESENTATION_CONTEXT(2) 
PARAMETRIC_REPRESENTATION_CONTEXT() REPRESENTATION_CONTEXT('2D SPACE',''
  ) );
#11829 = ORIENTED_EDGE('',*,*,#11601,.T.);
#11830 = ORIENTED_EDGE('',*,*,#11762,.F.);
#11831 = ORIENTED_EDGE('',*,*,#11488,.F.);
#11832 = ADVANCED_FACE('',(#11833),#11476,.T.);
#11833 = FACE_BOUND('',#11834,.T.);
#11834 = EDGE_LOOP('',(#11835,#11856,#11857,#11858));
#11835 = ORIENTED_EDGE('',*,*,#11836,.T.);
#11836 = EDGE_CURVE('',#11428,#11551,#11837,.T.);
#11837 = SURFACE_CURVE('',#11838,(#11842,#11849),.PCURVE_S1.);
#11838 = LINE('',#11839,#11840);
#11839 = CARTESIAN_POINT('',(71.,-40.,0.));
#11840 = VECTOR('',#11841,1.);
#11841 = DIRECTION('',(0.,0.,1.));
#11842 = PCURVE('',#11476,#11843);
#11843 = DEFINITIONAL_REPRESENTATION('',(#11844),#11848);
#11844 = LINE('',#11845,#11846);
#11845 = CARTESIAN_POINT('',(0.,0.));
#11846 = VECTOR('',#11847,1.);
#11847 = DIRECTION('',(0.,-1.));
#11848 = ( GEOMETRIC_REPRESENTATION_CONTEXT(2) 
PARAMETRIC_REPRESENTATION_CONTEXT() REPRESENTATION_CONTEXT('2D SPACE',''
  ) );
#11849 = PCURVE('',#11448,#11850);
#11850 = DEFINITIONAL_REPRESENTATION('',(#11851),#11855);
#11851 = LINE('',#11852,#11853);
#11852 = CARTESIAN_POINT('',(-6.28318530718,0.));
#11853 = VECTOR('',#11854,1.);
#11854 = DIRECTION('',(-0.,-1.));
#11855 = ( GEOMETRIC_REPRESENTATION_CONTEXT(2) 
PARAMETRIC_REPRESENTATION_CONTEXT() REPRESENTATION_CONTEXT('2D SPACE',''
  ) );
#11856 = ORIENTED_EDGE('',*,*,#11578,.T.);
#11857 = ORIENTED_EDGE('',*,*,#11809,.F.);
#11858 = ORIENTED_EDGE('',*,*,#11460,.F.);
#11859 = ADVANCED_FACE('',(#11860),#11448,.F.);
#11860 = FACE_BOUND('',#11861,.T.);
#11861 = EDGE_LOOP('',(#11862,#11883,#11884,#11885));
#11862 = ORIENTED_EDGE('',*,*,#11863,.T.);
#11863 = EDGE_CURVE('',#11400,#11549,#11864,.T.);
#11864 = SURFACE_CURVE('',#11865,(#11869,#11876),.PCURVE_S1.);
#11865 = LINE('',#11866,#11867);
#11866 = CARTESIAN_POINT('',(70.,-41.,0.));
#11867 = VECTOR('',#11868,1.);
#11868 = DIRECTION('',(0.,0.,1.));
#11869 = PCURVE('',#11448,#11870);
#11870 = DEFINITIONAL_REPRESENTATION('',(#11871),#11875);
#11871 = LINE('',#11872,#11873);
#11872 = CARTESIAN_POINT('',(-4.712388980385,0.));
#11873 = VECTOR('',#11874,1.);
#11874 = DIRECTION('',(-0.,-1.));
#11875 = ( GEOMETRIC_REPRESENTATION_CONTEXT(2) 
PARAMETRIC_REPRESENTATION_CONTEXT() REPRESENTATION_CONTEXT('2D SPACE',''
  ) );
#11876 = PCURVE('',#11415,#11877);
#11877 = DEFINITIONAL_REPRESENTATION('',(#11878),#11882);
#11878 = LINE('',#11879,#11880);
#11879 = CARTESIAN_POINT('',(10.,0.));
#11880 = VECTOR('',#11881,1.);
#11881 = DIRECTION('',(0.,-1.));
#11882 = ( GEOMETRIC_REPRESENTATION_CONTEXT(2) 
PARAMETRIC_REPRESENTATION_CONTEXT() REPRESENTATION_CONTEXT('2D SPACE',''
  ) );
#11883 = ORIENTED_EDGE('',*,*,#11548,.T.);
#11884 = ORIENTED_EDGE('',*,*,#11836,.F.);
#11885 = ORIENTED_EDGE('',*,*,#11427,.F.);
#11886 = ADVANCED_FACE('',(#11887),#11415,.T.);
#11887 = FACE_BOUND('',#11888,.T.);
#11888 = EDGE_LOOP('',(#11889,#11910,#11911,#11912));
#11889 = ORIENTED_EDGE('',*,*,#11890,.T.);
#11890 = EDGE_CURVE('',#11367,#11704,#11891,.T.);
#11891 = SURFACE_CURVE('',#11892,(#11896,#11903),.PCURVE_S1.);
#11892 = LINE('',#11893,#11894);
#11893 = CARTESIAN_POINT('',(60.,-41.,0.));
#11894 = VECTOR('',#11895,1.);
#11895 = DIRECTION('',(0.,0.,1.));
#11896 = PCURVE('',#11415,#11897);
#11897 = DEFINITIONAL_REPRESENTATION('',(#11898),#11902);
#11898 = LINE('',#11899,#11900);
#11899 = CARTESIAN_POINT('',(0.,0.));
#11900 = VECTOR('',#11901,1.);
#11901 = DIRECTION('',(0.,-1.));
#11902 = ( GEOMETRIC_REPRESENTATION_CONTEXT(2) 
PARAMETRIC_REPRESENTATION_CONTEXT() REPRESENTATION_CONTEXT('2D SPACE',''
  ) );
#11903 = PCURVE('',#11387,#11904);
#11904 = DEFINITIONAL_REPRESENTATION('',(#11905),#11909);
#11905 = LINE('',#11906,#11907);
#11906 = CARTESIAN_POINT('',(-4.712388980385,0.));
#11907 = VECTOR('',#11908,1.);
#11908 = DIRECTION('',(-0.,-1.));
#11909 = ( GEOMETRIC_REPRESENTATION_CONTEXT(2) 
PARAMETRIC_REPRESENTATION_CONTEXT() REPRESENTATION_CONTEXT('2D SPACE',''
  ) );
#11910 = ORIENTED_EDGE('',*,*,#11731,.T.);
#11911 = ORIENTED_EDGE('',*,*,#11863,.F.);
#11912 = ORIENTED_EDGE('',*,*,#11399,.F.);
#11913 = ADVANCED_FACE('',(#11914),#11387,.F.);
#11914 = FACE_BOUND('',#11915,.T.);
#11915 = EDGE_LOOP('',(#11916,#11937,#11938,#11939));
#11916 = ORIENTED_EDGE('',*,*,#11917,.T.);
#11917 = EDGE_CURVE('',#11339,#11681,#11918,.T.);
#11918 = SURFACE_CURVE('',#11919,(#11923,#11930),.PCURVE_S1.);
#11919 = LINE('',#11920,#11921);
#11920 = CARTESIAN_POINT('',(59.,-40.,0.));
#11921 = VECTOR('',#11922,1.);
#11922 = DIRECTION('',(0.,0.,1.));
#11923 = PCURVE('',#11387,#11924);
#11924 = DEFINITIONAL_REPRESENTATION('',(#11925),#11929);
#11925 = LINE('',#11926,#11927);
#11926 = CARTESIAN_POINT('',(-3.14159265359,0.));
#11927 = VECTOR('',#11928,1.);
#11928 = DIRECTION('',(-0.,-1.));
#11929 = ( GEOMETRIC_REPRESENTATION_CONTEXT(2) 
PARAMETRIC_REPRESENTATION_CONTEXT() REPRESENTATION_CONTEXT('2D SPACE',''
  ) );
#11930 = PCURVE('',#11354,#11931);
#11931 = DEFINITIONAL_REPRESENTATION('',(#11932),#11936);
#11932 = LINE('',#11933,#11934);
#11933 = CARTESIAN_POINT('',(10.,0.));
#11934 = VECTOR('',#11935,1.);
#11935 = DIRECTION('',(0.,-1.));
#11936 = ( GEOMETRIC_REPRESENTATION_CONTEXT(2) 
PARAMETRIC_REPRESENTATION_CONTEXT() REPRESENTATION_CONTEXT('2D SPACE',''
  ) );
#11937 = ORIENTED_EDGE('',*,*,#11703,.T.);
#11938 = ORIENTED_EDGE('',*,*,#11890,.F.);
#11939 = ORIENTED_EDGE('',*,*,#11366,.F.);
#11940 = ADVANCED_FACE('',(#11941),#11354,.T.);
#11941 = FACE_BOUND('',#11942,.T.);
#11942 = EDGE_LOOP('',(#11943,#11964,#11965,#11966));
#11943 = ORIENTED_EDGE('',*,*,#11944,.T.);
#11944 = EDGE_CURVE('',#11306,#11653,#11945,.T.);
#11945 = SURFACE_CURVE('',#11946,(#11950,#11957),.PCURVE_S1.);
#11946 = LINE('',#11947,#11948);
#11947 = CARTESIAN_POINT('',(59.,-30.,0.));
#11948 = VECTOR('',#11949,1.);
#11949 = DIRECTION('',(0.,0.,1.));
#11950 = PCURVE('',#11354,#11951);
#11951 = DEFINITIONAL_REPRESENTATION('',(#11952),#11956);
#11952 = LINE('',#11953,#11954);
#11953 = CARTESIAN_POINT('',(0.,0.));
#11954 = VECTOR('',#11955,1.);
#11955 = DIRECTION('',(0.,-1.));
#11956 = ( GEOMETRIC_REPRESENTATION_CONTEXT(2) 
PARAMETRIC_REPRESENTATION_CONTEXT() REPRESENTATION_CONTEXT('2D SPACE',''
  ) );
#11957 = PCURVE('',#11326,#11958);
#11958 = DEFINITIONAL_REPRESENTATION('',(#11959),#11963);
#11959 = LINE('',#11960,#11961);
#11960 = CARTESIAN_POINT('',(-3.14159265359,0.));
#11961 = VECTOR('',#11962,1.);
#11962 = DIRECTION('',(-0.,-1.));
#11963 = ( GEOMETRIC_REPRESENTATION_CONTEXT(2) 
PARAMETRIC_REPRESENTATION_CONTEXT() REPRESENTATION_CONTEXT('2D SPACE',''
  ) );
#11964 = ORIENTED_EDGE('',*,*,#11680,.T.);
#11965 = ORIENTED_EDGE('',*,*,#11917,.F.);
#11966 = ORIENTED_EDGE('',*,*,#11338,.F.);
#11967 = ADVANCED_FACE('',(#11968),#11326,.F.);
#11968 = FACE_BOUND('',#11969,.T.);
#11969 = EDGE_LOOP('',(#11970,#11971,#11972,#11973));
#11970 = ORIENTED_EDGE('',*,*,#11784,.T.);
#11971 = ORIENTED_EDGE('',*,*,#11652,.T.);
#11972 = ORIENTED_EDGE('',*,*,#11944,.F.);
#11973 = ORIENTED_EDGE('',*,*,#11305,.F.);
#11974 = ( GEOMETRIC_REPRESENTATION_CONTEXT(3) 
GLOBAL_UNCERTAINTY_ASSIGNED_CONTEXT((#11978)) 
GLOBAL_UNIT_ASSIGNED_CONTEXT((#11975,#11976,#11977)) 
REPRESENTATION_CONTEXT('Context #1',
  '3D Context with UNIT and UNCERTAINTY') );
#11975 = ( LENGTH_UNIT() NAMED_UNIT(*) SI_UNIT(.MILLI.,.METRE.) );
#11976 = ( NAMED_UNIT(*) PLANE_ANGLE_UNIT() SI_UNIT($,.RADIAN.) );
#11977 = ( NAMED_UNIT(*) SI_UNIT($,.STERADIAN.) SOLID_ANGLE_UNIT() );
#11978 = UNCERTAINTY_MEASURE_WITH_UNIT(LENGTH_MEASURE(1.E-06),#11975,
  'distance_accuracy_value','confusion accuracy');
#11979 = SHAPE_DEFINITION_REPRESENTATION(#11980,#10975);
#11980 = PRODUCT_DEFINITION_SHAPE('','',#11981);
#11981 = PRODUCT_DEFINITION('design','',#11982,#11985);
#11982 = PRODUCT_DEFINITION_FORMATION('','',#11983);
#11983 = PRODUCT('COMPOUND','COMPOUND','',(#11984));
#11984 = PRODUCT_CONTEXT('',#2,'mechanical');
#11985 = PRODUCT_DEFINITION_CONTEXT('part definition',#2,'design');
#11986 = CONTEXT_DEPENDENT_SHAPE_REPRESENTATION(#11987,#11989);
#11987 = ( REPRESENTATION_RELATIONSHIP('','',#10975,#10) 
REPRESENTATION_RELATIONSHIP_WITH_TRANSFORMATION(#11988) 
SHAPE_REPRESENTATION_RELATIONSHIP() );
#11988 = ITEM_DEFINED_TRANSFORMATION('','',#11,#19);
#11989 = PRODUCT_DEFINITION_SHAPE('Placement','Placement of an item',
  #11990);
#11990 = NEXT_ASSEMBLY_USAGE_OCCURRENCE('3','','',#5,#11981,$);
#11991 = PRODUCT_RELATED_PRODUCT_CATEGORY('part',$,(#11983));
#11992 = SHAPE_DEFINITION_REPRESENTATION(#11989,#11993);
#11993 = SHAPE_REPRESENTATION('',(#19),#11974);
#11994 = MECHANICAL_DESIGN_GEOMETRIC_PRESENTATION_REPRESENTATION('',(
    #11995,#12003,#12010,#12017,#12024,#12031,#12039,#12046,#12053,
    #12060,#12067,#12074,#12081,#12088,#12095,#12102,#12109,#12116,
    #12123,#12130,#12137,#12144,#12151,#12158,#12165,#12172,#12179,
    #12186,#12193,#12200,#12207,#12214,#12221,#12228,#12235,#12242,
    #12249,#12256,#12263,#12270,#12277,#12284,#12291,#12298,#12305,
    #12312,#12319,#12326,#12333,#12340,#12347,#12354,#12361,#12368,
    #12375,#12382,#12389,#12396,#12403,#12410,#12417,#12424,#12431,
    #12438,#12445,#12452,#12459,#12466,#12473,#12480,#12487,#12494,
    #12501,#12508,#12515,#12522,#12529,#12536,#12543,#12550,#12557,
    #12564,#12571,#12578,#12585,#12592,#12599,#12606,#12613,#12620,
    #12627,#12634,#12641,#12648,#12655,#12662,#12669,#12676,#12683,
    #12691,#12698,#12705,#12712,#12719,#12726,#12733,#12740,#12747,
    #12754,#12761,#12768,#12775,#12782,#12789,#12796,#12803,#12810,
    #12817,#12824,#12831,#12838,#12845,#12852,#12859,#12866,#12873,
    #12880,#12887,#12894,#12901,#12908,#12915,#12922,#12929,#12936,
    #12943,#12950,#12957,#12964,#12971,#12978,#12985,#12992,#12999,
    #13006,#13013,#13020,#13027,#13034,#13041,#13048,#13055,#13062,
    #13069,#13076,#13083),#10951);
#11995 = STYLED_ITEM('color',(#11996),#49);
#11996 = PRESENTATION_STYLE_ASSIGNMENT((#11997));
#11997 = SURFACE_STYLE_USAGE(.BOTH.,#11998);
#11998 = SURFACE_SIDE_STYLE('',(#11999));
#11999 = SURFACE_STYLE_FILL_AREA(#12000);
#12000 = FILL_AREA_STYLE('',(#12001));
#12001 = FILL_AREA_STYLE_COLOUR('',#12002);
#12002 = COLOUR_RGB('',0.823529422283,0.819607853889,0.780392169952);
#12003 = STYLED_ITEM('color',(#12004),#179);
#12004 = PRESENTATION_STYLE_ASSIGNMENT((#12005));
#12005 = SURFACE_STYLE_USAGE(.BOTH.,#12006);
#12006 = SURFACE_SIDE_STYLE('',(#12007));
#12007 = SURFACE_STYLE_FILL_AREA(#12008);
#12008 = FILL_AREA_STYLE('',(#12009));
#12009 = FILL_AREA_STYLE_COLOUR('',#12002);
#12010 = STYLED_ITEM('color',(#12011),#255);
#12011 = PRESENTATION_STYLE_ASSIGNMENT((#12012));
#12012 = SURFACE_STYLE_USAGE(.BOTH.,#12013);
#12013 = SURFACE_SIDE_STYLE('',(#12014));
#12014 = SURFACE_STYLE_FILL_AREA(#12015);
#12015 = FILL_AREA_STYLE('',(#12016));
#12016 = FILL_AREA_STYLE_COLOUR('',#12002);
#12017 = STYLED_ITEM('color',(#12018),#331);
#12018 = PRESENTATION_STYLE_ASSIGNMENT((#12019));
#12019 = SURFACE_STYLE_USAGE(.BOTH.,#12020);
#12020 = SURFACE_SIDE_STYLE('',(#12021));
#12021 = SURFACE_STYLE_FILL_AREA(#12022);
#12022 = FILL_AREA_STYLE('',(#12023));
#12023 = FILL_AREA_STYLE_COLOUR('',#12002);
#12024 = STYLED_ITEM('color',(#12025),#589);
#12025 = PRESENTATION_STYLE_ASSIGNMENT((#12026));
#12026 = SURFACE_STYLE_USAGE(.BOTH.,#12027);
#12027 = SURFACE_SIDE_STYLE('',(#12028));
#12028 = SURFACE_STYLE_FILL_AREA(#12029);
#12029 = FILL_AREA_STYLE('',(#12030));
#12030 = FILL_AREA_STYLE_COLOUR('',#12002);
#12031 = STYLED_ITEM('color',(#12032),#812);
#12032 = PRESENTATION_STYLE_ASSIGNMENT((#12033));
#12033 = SURFACE_STYLE_USAGE(.BOTH.,#12034);
#12034 = SURFACE_SIDE_STYLE('',(#12035));
#12035 = SURFACE_STYLE_FILL_AREA(#12036);
#12036 = FILL_AREA_STYLE('',(#12037));
#12037 = FILL_AREA_STYLE_COLOUR('',#12038);
#12038 = COLOUR_RGB('',0.145098045468,0.141176477075,0.141176477075);
#12039 = STYLED_ITEM('color',(#12040),#1109);
#12040 = PRESENTATION_STYLE_ASSIGNMENT((#12041));
#12041 = SURFACE_STYLE_USAGE(.BOTH.,#12042);
#12042 = SURFACE_SIDE_STYLE('',(#12043));
#12043 = SURFACE_STYLE_FILL_AREA(#12044);
#12044 = FILL_AREA_STYLE('',(#12045));
#12045 = FILL_AREA_STYLE_COLOUR('',#12002);
#12046 = STYLED_ITEM('color',(#12047),#1136);
#12047 = PRESENTATION_STYLE_ASSIGNMENT((#12048));
#12048 = SURFACE_STYLE_USAGE(.BOTH.,#12049);
#12049 = SURFACE_SIDE_STYLE('',(#12050));
#12050 = SURFACE_STYLE_FILL_AREA(#12051);
#12051 = FILL_AREA_STYLE('',(#12052));
#12052 = FILL_AREA_STYLE_COLOUR('',#12038);
#12053 = STYLED_ITEM('color',(#12054),#1192);
#12054 = PRESENTATION_STYLE_ASSIGNMENT((#12055));
#12055 = SURFACE_STYLE_USAGE(.BOTH.,#12056);
#12056 = SURFACE_SIDE_STYLE('',(#12057));
#12057 = SURFACE_STYLE_FILL_AREA(#12058);
#12058 = FILL_AREA_STYLE('',(#12059));
#12059 = FILL_AREA_STYLE_COLOUR('',#12002);
#12060 = STYLED_ITEM('color',(#12061),#1339);
#12061 = PRESENTATION_STYLE_ASSIGNMENT((#12062));
#12062 = SURFACE_STYLE_USAGE(.BOTH.,#12063);
#12063 = SURFACE_SIDE_STYLE('',(#12064));
#12064 = SURFACE_STYLE_FILL_AREA(#12065);
#12065 = FILL_AREA_STYLE('',(#12066));
#12066 = FILL_AREA_STYLE_COLOUR('',#12002);
#12067 = STYLED_ITEM('color',(#12068),#1366);
#12068 = PRESENTATION_STYLE_ASSIGNMENT((#12069));
#12069 = SURFACE_STYLE_USAGE(.BOTH.,#12070);
#12070 = SURFACE_SIDE_STYLE('',(#12071));
#12071 = SURFACE_STYLE_FILL_AREA(#12072);
#12072 = FILL_AREA_STYLE('',(#12073));
#12073 = FILL_AREA_STYLE_COLOUR('',#12002);
#12074 = STYLED_ITEM('color',(#12075),#1393);
#12075 = PRESENTATION_STYLE_ASSIGNMENT((#12076));
#12076 = SURFACE_STYLE_USAGE(.BOTH.,#12077);
#12077 = SURFACE_SIDE_STYLE('',(#12078));
#12078 = SURFACE_STYLE_FILL_AREA(#12079);
#12079 = FILL_AREA_STYLE('',(#12080));
#12080 = FILL_AREA_STYLE_COLOUR('',#12002);
#12081 = STYLED_ITEM('color',(#12082),#1420);
#12082 = PRESENTATION_STYLE_ASSIGNMENT((#12083));
#12083 = SURFACE_STYLE_USAGE(.BOTH.,#12084);
#12084 = SURFACE_SIDE_STYLE('',(#12085));
#12085 = SURFACE_STYLE_FILL_AREA(#12086);
#12086 = FILL_AREA_STYLE('',(#12087));
#12087 = FILL_AREA_STYLE_COLOUR('',#12002);
#12088 = STYLED_ITEM('color',(#12089),#1447);
#12089 = PRESENTATION_STYLE_ASSIGNMENT((#12090));
#12090 = SURFACE_STYLE_USAGE(.BOTH.,#12091);
#12091 = SURFACE_SIDE_STYLE('',(#12092));
#12092 = SURFACE_STYLE_FILL_AREA(#12093);
#12093 = FILL_AREA_STYLE('',(#12094));
#12094 = FILL_AREA_STYLE_COLOUR('',#12002);
#12095 = STYLED_ITEM('color',(#12096),#1474);
#12096 = PRESENTATION_STYLE_ASSIGNMENT((#12097));
#12097 = SURFACE_STYLE_USAGE(.BOTH.,#12098);
#12098 = SURFACE_SIDE_STYLE('',(#12099));
#12099 = SURFACE_STYLE_FILL_AREA(#12100);
#12100 = FILL_AREA_STYLE('',(#12101));
#12101 = FILL_AREA_STYLE_COLOUR('',#12002);
#12102 = STYLED_ITEM('color',(#12103),#1481);
#12103 = PRESENTATION_STYLE_ASSIGNMENT((#12104));
#12104 = SURFACE_STYLE_USAGE(.BOTH.,#12105);
#12105 = SURFACE_SIDE_STYLE('',(#12106));
#12106 = SURFACE_STYLE_FILL_AREA(#12107);
#12107 = FILL_AREA_STYLE('',(#12108));
#12108 = FILL_AREA_STYLE_COLOUR('',#12038);
#12109 = STYLED_ITEM('color',(#12110),#1535);
#12110 = PRESENTATION_STYLE_ASSIGNMENT((#12111));
#12111 = SURFACE_STYLE_USAGE(.BOTH.,#12112);
#12112 = SURFACE_SIDE_STYLE('',(#12113));
#12113 = SURFACE_STYLE_FILL_AREA(#12114);
#12114 = FILL_AREA_STYLE('',(#12115));
#12115 = FILL_AREA_STYLE_COLOUR('',#12038);
#12116 = STYLED_ITEM('color',(#12117),#1716);
#12117 = PRESENTATION_STYLE_ASSIGNMENT((#12118));
#12118 = SURFACE_STYLE_USAGE(.BOTH.,#12119);
#12119 = SURFACE_SIDE_STYLE('',(#12120));
#12120 = SURFACE_STYLE_FILL_AREA(#12121);
#12121 = FILL_AREA_STYLE('',(#12122));
#12122 = FILL_AREA_STYLE_COLOUR('',#12038);
#12123 = STYLED_ITEM('color',(#12124),#1764);
#12124 = PRESENTATION_STYLE_ASSIGNMENT((#12125));
#12125 = SURFACE_STYLE_USAGE(.BOTH.,#12126);
#12126 = SURFACE_SIDE_STYLE('',(#12127));
#12127 = SURFACE_STYLE_FILL_AREA(#12128);
#12128 = FILL_AREA_STYLE('',(#12129));
#12129 = FILL_AREA_STYLE_COLOUR('',#12038);
#12130 = STYLED_ITEM('color',(#12131),#1817);
#12131 = PRESENTATION_STYLE_ASSIGNMENT((#12132));
#12132 = SURFACE_STYLE_USAGE(.BOTH.,#12133);
#12133 = SURFACE_SIDE_STYLE('',(#12134));
#12134 = SURFACE_STYLE_FILL_AREA(#12135);
#12135 = FILL_AREA_STYLE('',(#12136));
#12136 = FILL_AREA_STYLE_COLOUR('',#12038);
#12137 = STYLED_ITEM('color',(#12138),#1895);
#12138 = PRESENTATION_STYLE_ASSIGNMENT((#12139));
#12139 = SURFACE_STYLE_USAGE(.BOTH.,#12140);
#12140 = SURFACE_SIDE_STYLE('',(#12141));
#12141 = SURFACE_STYLE_FILL_AREA(#12142);
#12142 = FILL_AREA_STYLE('',(#12143));
#12143 = FILL_AREA_STYLE_COLOUR('',#12002);
#12144 = STYLED_ITEM('color',(#12145),#1976);
#12145 = PRESENTATION_STYLE_ASSIGNMENT((#12146));
#12146 = SURFACE_STYLE_USAGE(.BOTH.,#12147);
#12147 = SURFACE_SIDE_STYLE('',(#12148));
#12148 = SURFACE_STYLE_FILL_AREA(#12149);
#12149 = FILL_AREA_STYLE('',(#12150));
#12150 = FILL_AREA_STYLE_COLOUR('',#12038);
#12151 = STYLED_ITEM('color',(#12152),#2057);
#12152 = PRESENTATION_STYLE_ASSIGNMENT((#12153));
#12153 = SURFACE_STYLE_USAGE(.BOTH.,#12154);
#12154 = SURFACE_SIDE_STYLE('',(#12155));
#12155 = SURFACE_STYLE_FILL_AREA(#12156);
#12156 = FILL_AREA_STYLE('',(#12157));
#12157 = FILL_AREA_STYLE_COLOUR('',#12002);
#12158 = STYLED_ITEM('color',(#12159),#2138);
#12159 = PRESENTATION_STYLE_ASSIGNMENT((#12160));
#12160 = SURFACE_STYLE_USAGE(.BOTH.,#12161);
#12161 = SURFACE_SIDE_STYLE('',(#12162));
#12162 = SURFACE_STYLE_FILL_AREA(#12163);
#12163 = FILL_AREA_STYLE('',(#12164));
#12164 = FILL_AREA_STYLE_COLOUR('',#12002);
#12165 = STYLED_ITEM('color',(#12166),#2219);
#12166 = PRESENTATION_STYLE_ASSIGNMENT((#12167));
#12167 = SURFACE_STYLE_USAGE(.BOTH.,#12168);
#12168 = SURFACE_SIDE_STYLE('',(#12169));
#12169 = SURFACE_STYLE_FILL_AREA(#12170);
#12170 = FILL_AREA_STYLE('',(#12171));
#12171 = FILL_AREA_STYLE_COLOUR('',#12038);
#12172 = STYLED_ITEM('color',(#12173),#2295);
#12173 = PRESENTATION_STYLE_ASSIGNMENT((#12174));
#12174 = SURFACE_STYLE_USAGE(.BOTH.,#12175);
#12175 = SURFACE_SIDE_STYLE('',(#12176));
#12176 = SURFACE_STYLE_FILL_AREA(#12177);
#12177 = FILL_AREA_STYLE('',(#12178));
#12178 = FILL_AREA_STYLE_COLOUR('',#12038);
#12179 = STYLED_ITEM('color',(#12180),#2351);
#12180 = PRESENTATION_STYLE_ASSIGNMENT((#12181));
#12181 = SURFACE_STYLE_USAGE(.BOTH.,#12182);
#12182 = SURFACE_SIDE_STYLE('',(#12183));
#12183 = SURFACE_STYLE_FILL_AREA(#12184);
#12184 = FILL_AREA_STYLE('',(#12185));
#12185 = FILL_AREA_STYLE_COLOUR('',#12038);
#12186 = STYLED_ITEM('color',(#12187),#2398);
#12187 = PRESENTATION_STYLE_ASSIGNMENT((#12188));
#12188 = SURFACE_STYLE_USAGE(.BOTH.,#12189);
#12189 = SURFACE_SIDE_STYLE('',(#12190));
#12190 = SURFACE_STYLE_FILL_AREA(#12191);
#12191 = FILL_AREA_STYLE('',(#12192));
#12192 = FILL_AREA_STYLE_COLOUR('',#12038);
#12193 = STYLED_ITEM('color',(#12194),#2654);
#12194 = PRESENTATION_STYLE_ASSIGNMENT((#12195));
#12195 = SURFACE_STYLE_USAGE(.BOTH.,#12196);
#12196 = SURFACE_SIDE_STYLE('',(#12197));
#12197 = SURFACE_STYLE_FILL_AREA(#12198);
#12198 = FILL_AREA_STYLE('',(#12199));
#12199 = FILL_AREA_STYLE_COLOUR('',#12038);
#12200 = STYLED_ITEM('color',(#12201),#2680);
#12201 = PRESENTATION_STYLE_ASSIGNMENT((#12202));
#12202 = SURFACE_STYLE_USAGE(.BOTH.,#12203);
#12203 = SURFACE_SIDE_STYLE('',(#12204));
#12204 = SURFACE_STYLE_FILL_AREA(#12205);
#12205 = FILL_AREA_STYLE('',(#12206));
#12206 = FILL_AREA_STYLE_COLOUR('',#12002);
#12207 = STYLED_ITEM('color',(#12208),#2965);
#12208 = PRESENTATION_STYLE_ASSIGNMENT((#12209));
#12209 = SURFACE_STYLE_USAGE(.BOTH.,#12210);
#12210 = SURFACE_SIDE_STYLE('',(#12211));
#12211 = SURFACE_STYLE_FILL_AREA(#12212);
#12212 = FILL_AREA_STYLE('',(#12213));
#12213 = FILL_AREA_STYLE_COLOUR('',#12038);
#12214 = STYLED_ITEM('color',(#12215),#3013);
#12215 = PRESENTATION_STYLE_ASSIGNMENT((#12216));
#12216 = SURFACE_STYLE_USAGE(.BOTH.,#12217);
#12217 = SURFACE_SIDE_STYLE('',(#12218));
#12218 = SURFACE_STYLE_FILL_AREA(#12219);
#12219 = FILL_AREA_STYLE('',(#12220));
#12220 = FILL_AREA_STYLE_COLOUR('',#12038);
#12221 = STYLED_ITEM('color',(#12222),#3066);
#12222 = PRESENTATION_STYLE_ASSIGNMENT((#12223));
#12223 = SURFACE_STYLE_USAGE(.BOTH.,#12224);
#12224 = SURFACE_SIDE_STYLE('',(#12225));
#12225 = SURFACE_STYLE_FILL_AREA(#12226);
#12226 = FILL_AREA_STYLE('',(#12227));
#12227 = FILL_AREA_STYLE_COLOUR('',#12038);
#12228 = STYLED_ITEM('color',(#12229),#3119);
#12229 = PRESENTATION_STYLE_ASSIGNMENT((#12230));
#12230 = SURFACE_STYLE_USAGE(.BOTH.,#12231);
#12231 = SURFACE_SIDE_STYLE('',(#12232));
#12232 = SURFACE_STYLE_FILL_AREA(#12233);
#12233 = FILL_AREA_STYLE('',(#12234));
#12234 = FILL_AREA_STYLE_COLOUR('',#12038);
#12235 = STYLED_ITEM('color',(#12236),#3396);
#12236 = PRESENTATION_STYLE_ASSIGNMENT((#12237));
#12237 = SURFACE_STYLE_USAGE(.BOTH.,#12238);
#12238 = SURFACE_SIDE_STYLE('',(#12239));
#12239 = SURFACE_STYLE_FILL_AREA(#12240);
#12240 = FILL_AREA_STYLE('',(#12241));
#12241 = FILL_AREA_STYLE_COLOUR('',#12038);
#12242 = STYLED_ITEM('color',(#12243),#3428);
#12243 = PRESENTATION_STYLE_ASSIGNMENT((#12244));
#12244 = SURFACE_STYLE_USAGE(.BOTH.,#12245);
#12245 = SURFACE_SIDE_STYLE('',(#12246));
#12246 = SURFACE_STYLE_FILL_AREA(#12247);
#12247 = FILL_AREA_STYLE('',(#12248));
#12248 = FILL_AREA_STYLE_COLOUR('',#12038);
#12249 = STYLED_ITEM('color',(#12250),#3479);
#12250 = PRESENTATION_STYLE_ASSIGNMENT((#12251));
#12251 = SURFACE_STYLE_USAGE(.BOTH.,#12252);
#12252 = SURFACE_SIDE_STYLE('',(#12253));
#12253 = SURFACE_STYLE_FILL_AREA(#12254);
#12254 = FILL_AREA_STYLE('',(#12255));
#12255 = FILL_AREA_STYLE_COLOUR('',#12002);
#12256 = STYLED_ITEM('color',(#12257),#3764);
#12257 = PRESENTATION_STYLE_ASSIGNMENT((#12258));
#12258 = SURFACE_STYLE_USAGE(.BOTH.,#12259);
#12259 = SURFACE_SIDE_STYLE('',(#12260));
#12260 = SURFACE_STYLE_FILL_AREA(#12261);
#12261 = FILL_AREA_STYLE('',(#12262));
#12262 = FILL_AREA_STYLE_COLOUR('',#12038);
#12263 = STYLED_ITEM('color',(#12264),#3832);
#12264 = PRESENTATION_STYLE_ASSIGNMENT((#12265));
#12265 = SURFACE_STYLE_USAGE(.BOTH.,#12266);
#12266 = SURFACE_SIDE_STYLE('',(#12267));
#12267 = SURFACE_STYLE_FILL_AREA(#12268);
#12268 = FILL_AREA_STYLE('',(#12269));
#12269 = FILL_AREA_STYLE_COLOUR('',#12002);
#12270 = STYLED_ITEM('color',(#12271),#4077);
#12271 = PRESENTATION_STYLE_ASSIGNMENT((#12272));
#12272 = SURFACE_STYLE_USAGE(.BOTH.,#12273);
#12273 = SURFACE_SIDE_STYLE('',(#12274));
#12274 = SURFACE_STYLE_FILL_AREA(#12275);
#12275 = FILL_AREA_STYLE('',(#12276));
#12276 = FILL_AREA_STYLE_COLOUR('',#12002);
#12277 = STYLED_ITEM('color',(#12278),#4104);
#12278 = PRESENTATION_STYLE_ASSIGNMENT((#12279));
#12279 = SURFACE_STYLE_USAGE(.BOTH.,#12280);
#12280 = SURFACE_SIDE_STYLE('',(#12281));
#12281 = SURFACE_STYLE_FILL_AREA(#12282);
#12282 = FILL_AREA_STYLE('',(#12283));
#12283 = FILL_AREA_STYLE_COLOUR('',#12002);
#12284 = STYLED_ITEM('color',(#12285),#4389);
#12285 = PRESENTATION_STYLE_ASSIGNMENT((#12286));
#12286 = SURFACE_STYLE_USAGE(.BOTH.,#12287);
#12287 = SURFACE_SIDE_STYLE('',(#12288));
#12288 = SURFACE_STYLE_FILL_AREA(#12289);
#12289 = FILL_AREA_STYLE('',(#12290));
#12290 = FILL_AREA_STYLE_COLOUR('',#12038);
#12291 = STYLED_ITEM('color',(#12292),#4457);
#12292 = PRESENTATION_STYLE_ASSIGNMENT((#12293));
#12293 = SURFACE_STYLE_USAGE(.BOTH.,#12294);
#12294 = SURFACE_SIDE_STYLE('',(#12295));
#12295 = SURFACE_STYLE_FILL_AREA(#12296);
#12296 = FILL_AREA_STYLE('',(#12297));
#12297 = FILL_AREA_STYLE_COLOUR('',#12002);
#12298 = STYLED_ITEM('color',(#12299),#4511);
#12299 = PRESENTATION_STYLE_ASSIGNMENT((#12300));
#12300 = SURFACE_STYLE_USAGE(.BOTH.,#12301);
#12301 = SURFACE_SIDE_STYLE('',(#12302));
#12302 = SURFACE_STYLE_FILL_AREA(#12303);
#12303 = FILL_AREA_STYLE('',(#12304));
#12304 = FILL_AREA_STYLE_COLOUR('',#12002);
#12305 = STYLED_ITEM('color',(#12306),#4729);
#12306 = PRESENTATION_STYLE_ASSIGNMENT((#12307));
#12307 = SURFACE_STYLE_USAGE(.BOTH.,#12308);
#12308 = SURFACE_SIDE_STYLE('',(#12309));
#12309 = SURFACE_STYLE_FILL_AREA(#12310);
#12310 = FILL_AREA_STYLE('',(#12311));
#12311 = FILL_AREA_STYLE_COLOUR('',#12002);
#12312 = STYLED_ITEM('color',(#12313),#4974);
#12313 = PRESENTATION_STYLE_ASSIGNMENT((#12314));
#12314 = SURFACE_STYLE_USAGE(.BOTH.,#12315);
#12315 = SURFACE_SIDE_STYLE('',(#12316));
#12316 = SURFACE_STYLE_FILL_AREA(#12317);
#12317 = FILL_AREA_STYLE('',(#12318));
#12318 = FILL_AREA_STYLE_COLOUR('',#12002);
#12319 = STYLED_ITEM('color',(#12320),#5001);
#12320 = PRESENTATION_STYLE_ASSIGNMENT((#12321));
#12321 = SURFACE_STYLE_USAGE(.BOTH.,#12322);
#12322 = SURFACE_SIDE_STYLE('',(#12323));
#12323 = SURFACE_STYLE_FILL_AREA(#12324);
#12324 = FILL_AREA_STYLE('',(#12325));
#12325 = FILL_AREA_STYLE_COLOUR('',#12038);
#12326 = STYLED_ITEM('color',(#12327),#5046);
#12327 = PRESENTATION_STYLE_ASSIGNMENT((#12328));
#12328 = SURFACE_STYLE_USAGE(.BOTH.,#12329);
#12329 = SURFACE_SIDE_STYLE('',(#12330));
#12330 = SURFACE_STYLE_FILL_AREA(#12331);
#12331 = FILL_AREA_STYLE('',(#12332));
#12332 = FILL_AREA_STYLE_COLOUR('',#12038);
#12333 = STYLED_ITEM('color',(#12334),#5098);
#12334 = PRESENTATION_STYLE_ASSIGNMENT((#12335));
#12335 = SURFACE_STYLE_USAGE(.BOTH.,#12336);
#12336 = SURFACE_SIDE_STYLE('',(#12337));
#12337 = SURFACE_STYLE_FILL_AREA(#12338);
#12338 = FILL_AREA_STYLE('',(#12339));
#12339 = FILL_AREA_STYLE_COLOUR('',#12038);
#12340 = STYLED_ITEM('color',(#12341),#5144);
#12341 = PRESENTATION_STYLE_ASSIGNMENT((#12342));
#12342 = SURFACE_STYLE_USAGE(.BOTH.,#12343);
#12343 = SURFACE_SIDE_STYLE('',(#12344));
#12344 = SURFACE_STYLE_FILL_AREA(#12345);
#12345 = FILL_AREA_STYLE('',(#12346));
#12346 = FILL_AREA_STYLE_COLOUR('',#12038);
#12347 = STYLED_ITEM('color',(#12348),#5196);
#12348 = PRESENTATION_STYLE_ASSIGNMENT((#12349));
#12349 = SURFACE_STYLE_USAGE(.BOTH.,#12350);
#12350 = SURFACE_SIDE_STYLE('',(#12351));
#12351 = SURFACE_STYLE_FILL_AREA(#12352);
#12352 = FILL_AREA_STYLE('',(#12353));
#12353 = FILL_AREA_STYLE_COLOUR('',#12038);
#12354 = STYLED_ITEM('color',(#12355),#5386);
#12355 = PRESENTATION_STYLE_ASSIGNMENT((#12356));
#12356 = SURFACE_STYLE_USAGE(.BOTH.,#12357);
#12357 = SURFACE_SIDE_STYLE('',(#12358));
#12358 = SURFACE_STYLE_FILL_AREA(#12359);
#12359 = FILL_AREA_STYLE('',(#12360));
#12360 = FILL_AREA_STYLE_COLOUR('',#12038);
#12361 = STYLED_ITEM('color',(#12362),#5433);
#12362 = PRESENTATION_STYLE_ASSIGNMENT((#12363));
#12363 = SURFACE_STYLE_USAGE(.BOTH.,#12364);
#12364 = SURFACE_SIDE_STYLE('',(#12365));
#12365 = SURFACE_STYLE_FILL_AREA(#12366);
#12366 = FILL_AREA_STYLE('',(#12367));
#12367 = FILL_AREA_STYLE_COLOUR('',#12002);
#12368 = STYLED_ITEM('color',(#12369),#5462);
#12369 = PRESENTATION_STYLE_ASSIGNMENT((#12370));
#12370 = SURFACE_STYLE_USAGE(.BOTH.,#12371);
#12371 = SURFACE_SIDE_STYLE('',(#12372));
#12372 = SURFACE_STYLE_FILL_AREA(#12373);
#12373 = FILL_AREA_STYLE('',(#12374));
#12374 = FILL_AREA_STYLE_COLOUR('',#12002);
#12375 = STYLED_ITEM('color',(#12376),#5491);
#12376 = PRESENTATION_STYLE_ASSIGNMENT((#12377));
#12377 = SURFACE_STYLE_USAGE(.BOTH.,#12378);
#12378 = SURFACE_SIDE_STYLE('',(#12379));
#12379 = SURFACE_STYLE_FILL_AREA(#12380);
#12380 = FILL_AREA_STYLE('',(#12381));
#12381 = FILL_AREA_STYLE_COLOUR('',#12002);
#12382 = STYLED_ITEM('color',(#12383),#5520);
#12383 = PRESENTATION_STYLE_ASSIGNMENT((#12384));
#12384 = SURFACE_STYLE_USAGE(.BOTH.,#12385);
#12385 = SURFACE_SIDE_STYLE('',(#12386));
#12386 = SURFACE_STYLE_FILL_AREA(#12387);
#12387 = FILL_AREA_STYLE('',(#12388));
#12388 = FILL_AREA_STYLE_COLOUR('',#12002);
#12389 = STYLED_ITEM('color',(#12390),#5547);
#12390 = PRESENTATION_STYLE_ASSIGNMENT((#12391));
#12391 = SURFACE_STYLE_USAGE(.BOTH.,#12392);
#12392 = SURFACE_SIDE_STYLE('',(#12393));
#12393 = SURFACE_STYLE_FILL_AREA(#12394);
#12394 = FILL_AREA_STYLE('',(#12395));
#12395 = FILL_AREA_STYLE_COLOUR('',#12002);
#12396 = STYLED_ITEM('color',(#12397),#5574);
#12397 = PRESENTATION_STYLE_ASSIGNMENT((#12398));
#12398 = SURFACE_STYLE_USAGE(.BOTH.,#12399);
#12399 = SURFACE_SIDE_STYLE('',(#12400));
#12400 = SURFACE_STYLE_FILL_AREA(#12401);
#12401 = FILL_AREA_STYLE('',(#12402));
#12402 = FILL_AREA_STYLE_COLOUR('',#12002);
#12403 = STYLED_ITEM('color',(#12404),#5601);
#12404 = PRESENTATION_STYLE_ASSIGNMENT((#12405));
#12405 = SURFACE_STYLE_USAGE(.BOTH.,#12406);
#12406 = SURFACE_SIDE_STYLE('',(#12407));
#12407 = SURFACE_STYLE_FILL_AREA(#12408);
#12408 = FILL_AREA_STYLE('',(#12409));
#12409 = FILL_AREA_STYLE_COLOUR('',#12002);
#12410 = STYLED_ITEM('color',(#12411),#5628);
#12411 = PRESENTATION_STYLE_ASSIGNMENT((#12412));
#12412 = SURFACE_STYLE_USAGE(.BOTH.,#12413);
#12413 = SURFACE_SIDE_STYLE('',(#12414));
#12414 = SURFACE_STYLE_FILL_AREA(#12415);
#12415 = FILL_AREA_STYLE('',(#12416));
#12416 = FILL_AREA_STYLE_COLOUR('',#12002);
#12417 = STYLED_ITEM('color',(#12418),#5655);
#12418 = PRESENTATION_STYLE_ASSIGNMENT((#12419));
#12419 = SURFACE_STYLE_USAGE(.BOTH.,#12420);
#12420 = SURFACE_SIDE_STYLE('',(#12421));
#12421 = SURFACE_STYLE_FILL_AREA(#12422);
#12422 = FILL_AREA_STYLE('',(#12423));
#12423 = FILL_AREA_STYLE_COLOUR('',#12002);
#12424 = STYLED_ITEM('color',(#12425),#5682);
#12425 = PRESENTATION_STYLE_ASSIGNMENT((#12426));
#12426 = SURFACE_STYLE_USAGE(.BOTH.,#12427);
#12427 = SURFACE_SIDE_STYLE('',(#12428));
#12428 = SURFACE_STYLE_FILL_AREA(#12429);
#12429 = FILL_AREA_STYLE('',(#12430));
#12430 = FILL_AREA_STYLE_COLOUR('',#12002);
#12431 = STYLED_ITEM('color',(#12432),#5709);
#12432 = PRESENTATION_STYLE_ASSIGNMENT((#12433));
#12433 = SURFACE_STYLE_USAGE(.BOTH.,#12434);
#12434 = SURFACE_SIDE_STYLE('',(#12435));
#12435 = SURFACE_STYLE_FILL_AREA(#12436);
#12436 = FILL_AREA_STYLE('',(#12437));
#12437 = FILL_AREA_STYLE_COLOUR('',#12002);
#12438 = STYLED_ITEM('color',(#12439),#5716);
#12439 = PRESENTATION_STYLE_ASSIGNMENT((#12440));
#12440 = SURFACE_STYLE_USAGE(.BOTH.,#12441);
#12441 = SURFACE_SIDE_STYLE('',(#12442));
#12442 = SURFACE_STYLE_FILL_AREA(#12443);
#12443 = FILL_AREA_STYLE('',(#12444));
#12444 = FILL_AREA_STYLE_COLOUR('',#12038);
#12445 = STYLED_ITEM('color',(#12446),#5767);
#12446 = PRESENTATION_STYLE_ASSIGNMENT((#12447));
#12447 = SURFACE_STYLE_USAGE(.BOTH.,#12448);
#12448 = SURFACE_SIDE_STYLE('',(#12449));
#12449 = SURFACE_STYLE_FILL_AREA(#12450);
#12450 = FILL_AREA_STYLE('',(#12451));
#12451 = FILL_AREA_STYLE_COLOUR('',#12038);
#12452 = STYLED_ITEM('color',(#12453),#5818);
#12453 = PRESENTATION_STYLE_ASSIGNMENT((#12454));
#12454 = SURFACE_STYLE_USAGE(.BOTH.,#12455);
#12455 = SURFACE_SIDE_STYLE('',(#12456));
#12456 = SURFACE_STYLE_FILL_AREA(#12457);
#12457 = FILL_AREA_STYLE('',(#12458));
#12458 = FILL_AREA_STYLE_COLOUR('',#12038);
#12459 = STYLED_ITEM('color',(#12460),#5877);
#12460 = PRESENTATION_STYLE_ASSIGNMENT((#12461));
#12461 = SURFACE_STYLE_USAGE(.BOTH.,#12462);
#12462 = SURFACE_SIDE_STYLE('',(#12463));
#12463 = SURFACE_STYLE_FILL_AREA(#12464);
#12464 = FILL_AREA_STYLE('',(#12465));
#12465 = FILL_AREA_STYLE_COLOUR('',#12038);
#12466 = STYLED_ITEM('color',(#12467),#5955);
#12467 = PRESENTATION_STYLE_ASSIGNMENT((#12468));
#12468 = SURFACE_STYLE_USAGE(.BOTH.,#12469);
#12469 = SURFACE_SIDE_STYLE('',(#12470));
#12470 = SURFACE_STYLE_FILL_AREA(#12471);
#12471 = FILL_AREA_STYLE('',(#12472));
#12472 = FILL_AREA_STYLE_COLOUR('',#12002);
#12473 = STYLED_ITEM('color',(#12474),#6036);
#12474 = PRESENTATION_STYLE_ASSIGNMENT((#12475));
#12475 = SURFACE_STYLE_USAGE(.BOTH.,#12476);
#12476 = SURFACE_SIDE_STYLE('',(#12477));
#12477 = SURFACE_STYLE_FILL_AREA(#12478);
#12478 = FILL_AREA_STYLE('',(#12479));
#12479 = FILL_AREA_STYLE_COLOUR('',#12002);
#12480 = STYLED_ITEM('color',(#12481),#6117);
#12481 = PRESENTATION_STYLE_ASSIGNMENT((#12482));
#12482 = SURFACE_STYLE_USAGE(.BOTH.,#12483);
#12483 = SURFACE_SIDE_STYLE('',(#12484));
#12484 = SURFACE_STYLE_FILL_AREA(#12485);
#12485 = FILL_AREA_STYLE('',(#12486));
#12486 = FILL_AREA_STYLE_COLOUR('',#12038);
#12487 = STYLED_ITEM('color',(#12488),#6198);
#12488 = PRESENTATION_STYLE_ASSIGNMENT((#12489));
#12489 = SURFACE_STYLE_USAGE(.BOTH.,#12490);
#12490 = SURFACE_SIDE_STYLE('',(#12491));
#12491 = SURFACE_STYLE_FILL_AREA(#12492);
#12492 = FILL_AREA_STYLE('',(#12493));
#12493 = FILL_AREA_STYLE_COLOUR('',#12038);
#12494 = STYLED_ITEM('color',(#12495),#6279);
#12495 = PRESENTATION_STYLE_ASSIGNMENT((#12496));
#12496 = SURFACE_STYLE_USAGE(.BOTH.,#12497);
#12497 = SURFACE_SIDE_STYLE('',(#12498));
#12498 = SURFACE_STYLE_FILL_AREA(#12499);
#12499 = FILL_AREA_STYLE('',(#12500));
#12500 = FILL_AREA_STYLE_COLOUR('',#12002);
#12501 = STYLED_ITEM('color',(#12502),#6360);
#12502 = PRESENTATION_STYLE_ASSIGNMENT((#12503));
#12503 = SURFACE_STYLE_USAGE(.BOTH.,#12504);
#12504 = SURFACE_SIDE_STYLE('',(#12505));
#12505 = SURFACE_STYLE_FILL_AREA(#12506);
#12506 = FILL_AREA_STYLE('',(#12507));
#12507 = FILL_AREA_STYLE_COLOUR('',#12002);
#12508 = STYLED_ITEM('color',(#12509),#6441);
#12509 = PRESENTATION_STYLE_ASSIGNMENT((#12510));
#12510 = SURFACE_STYLE_USAGE(.BOTH.,#12511);
#12511 = SURFACE_SIDE_STYLE('',(#12512));
#12512 = SURFACE_STYLE_FILL_AREA(#12513);
#12513 = FILL_AREA_STYLE('',(#12514));
#12514 = FILL_AREA_STYLE_COLOUR('',#12038);
#12515 = STYLED_ITEM('color',(#12516),#6517);
#12516 = PRESENTATION_STYLE_ASSIGNMENT((#12517));
#12517 = SURFACE_STYLE_USAGE(.BOTH.,#12518);
#12518 = SURFACE_SIDE_STYLE('',(#12519));
#12519 = SURFACE_STYLE_FILL_AREA(#12520);
#12520 = FILL_AREA_STYLE('',(#12521));
#12521 = FILL_AREA_STYLE_COLOUR('',#12038);
#12522 = STYLED_ITEM('color',(#12523),#6549);
#12523 = PRESENTATION_STYLE_ASSIGNMENT((#12524));
#12524 = SURFACE_STYLE_USAGE(.BOTH.,#12525);
#12525 = SURFACE_SIDE_STYLE('',(#12526));
#12526 = SURFACE_STYLE_FILL_AREA(#12527);
#12527 = FILL_AREA_STYLE('',(#12528));
#12528 = FILL_AREA_STYLE_COLOUR('',#12038);
#12529 = STYLED_ITEM('color',(#12530),#6575);
#12530 = PRESENTATION_STYLE_ASSIGNMENT((#12531));
#12531 = SURFACE_STYLE_USAGE(.BOTH.,#12532);
#12532 = SURFACE_SIDE_STYLE('',(#12533));
#12533 = SURFACE_STYLE_FILL_AREA(#12534);
#12534 = FILL_AREA_STYLE('',(#12535));
#12535 = FILL_AREA_STYLE_COLOUR('',#12002);
#12536 = STYLED_ITEM('color',(#12537),#6602);
#12537 = PRESENTATION_STYLE_ASSIGNMENT((#12538));
#12538 = SURFACE_STYLE_USAGE(.BOTH.,#12539);
#12539 = SURFACE_SIDE_STYLE('',(#12540));
#12540 = SURFACE_STYLE_FILL_AREA(#12541);
#12541 = FILL_AREA_STYLE('',(#12542));
#12542 = FILL_AREA_STYLE_COLOUR('',#12002);
#12543 = STYLED_ITEM('color',(#12544),#6629);
#12544 = PRESENTATION_STYLE_ASSIGNMENT((#12545));
#12545 = SURFACE_STYLE_USAGE(.BOTH.,#12546);
#12546 = SURFACE_SIDE_STYLE('',(#12547));
#12547 = SURFACE_STYLE_FILL_AREA(#12548);
#12548 = FILL_AREA_STYLE('',(#12549));
#12549 = FILL_AREA_STYLE_COLOUR('',#12002);
#12550 = STYLED_ITEM('color',(#12551),#6656);
#12551 = PRESENTATION_STYLE_ASSIGNMENT((#12552));
#12552 = SURFACE_STYLE_USAGE(.BOTH.,#12553);
#12553 = SURFACE_SIDE_STYLE('',(#12554));
#12554 = SURFACE_STYLE_FILL_AREA(#12555);
#12555 = FILL_AREA_STYLE('',(#12556));
#12556 = FILL_AREA_STYLE_COLOUR('',#12002);
#12557 = STYLED_ITEM('color',(#12558),#6683);
#12558 = PRESENTATION_STYLE_ASSIGNMENT((#12559));
#12559 = SURFACE_STYLE_USAGE(.BOTH.,#12560);
#12560 = SURFACE_SIDE_STYLE('',(#12561));
#12561 = SURFACE_STYLE_FILL_AREA(#12562);
#12562 = FILL_AREA_STYLE('',(#12563));
#12563 = FILL_AREA_STYLE_COLOUR('',#12002);
#12564 = STYLED_ITEM('color',(#12565),#6710);
#12565 = PRESENTATION_STYLE_ASSIGNMENT((#12566));
#12566 = SURFACE_STYLE_USAGE(.BOTH.,#12567);
#12567 = SURFACE_SIDE_STYLE('',(#12568));
#12568 = SURFACE_STYLE_FILL_AREA(#12569);
#12569 = FILL_AREA_STYLE('',(#12570));
#12570 = FILL_AREA_STYLE_COLOUR('',#12002);
#12571 = STYLED_ITEM('color',(#12572),#6737);
#12572 = PRESENTATION_STYLE_ASSIGNMENT((#12573));
#12573 = SURFACE_STYLE_USAGE(.BOTH.,#12574);
#12574 = SURFACE_SIDE_STYLE('',(#12575));
#12575 = SURFACE_STYLE_FILL_AREA(#12576);
#12576 = FILL_AREA_STYLE('',(#12577));
#12577 = FILL_AREA_STYLE_COLOUR('',#12002);
#12578 = STYLED_ITEM('color',(#12579),#6764);
#12579 = PRESENTATION_STYLE_ASSIGNMENT((#12580));
#12580 = SURFACE_STYLE_USAGE(.BOTH.,#12581);
#12581 = SURFACE_SIDE_STYLE('',(#12582));
#12582 = SURFACE_STYLE_FILL_AREA(#12583);
#12583 = FILL_AREA_STYLE('',(#12584));
#12584 = FILL_AREA_STYLE_COLOUR('',#12002);
#12585 = STYLED_ITEM('color',(#12586),#6771);
#12586 = PRESENTATION_STYLE_ASSIGNMENT((#12587));
#12587 = SURFACE_STYLE_USAGE(.BOTH.,#12588);
#12588 = SURFACE_SIDE_STYLE('',(#12589));
#12589 = SURFACE_STYLE_FILL_AREA(#12590);
#12590 = FILL_AREA_STYLE('',(#12591));
#12591 = FILL_AREA_STYLE_COLOUR('',#12002);
#12592 = STYLED_ITEM('color',(#12593),#6798);
#12593 = PRESENTATION_STYLE_ASSIGNMENT((#12594));
#12594 = SURFACE_STYLE_USAGE(.BOTH.,#12595);
#12595 = SURFACE_SIDE_STYLE('',(#12596));
#12596 = SURFACE_STYLE_FILL_AREA(#12597);
#12597 = FILL_AREA_STYLE('',(#12598));
#12598 = FILL_AREA_STYLE_COLOUR('',#12002);
#12599 = STYLED_ITEM('color',(#12600),#6825);
#12600 = PRESENTATION_STYLE_ASSIGNMENT((#12601));
#12601 = SURFACE_STYLE_USAGE(.BOTH.,#12602);
#12602 = SURFACE_SIDE_STYLE('',(#12603));
#12603 = SURFACE_STYLE_FILL_AREA(#12604);
#12604 = FILL_AREA_STYLE('',(#12605));
#12605 = FILL_AREA_STYLE_COLOUR('',#12002);
#12606 = STYLED_ITEM('color',(#12607),#6852);
#12607 = PRESENTATION_STYLE_ASSIGNMENT((#12608));
#12608 = SURFACE_STYLE_USAGE(.BOTH.,#12609);
#12609 = SURFACE_SIDE_STYLE('',(#12610));
#12610 = SURFACE_STYLE_FILL_AREA(#12611);
#12611 = FILL_AREA_STYLE('',(#12612));
#12612 = FILL_AREA_STYLE_COLOUR('',#12002);
#12613 = STYLED_ITEM('color',(#12614),#6879);
#12614 = PRESENTATION_STYLE_ASSIGNMENT((#12615));
#12615 = SURFACE_STYLE_USAGE(.BOTH.,#12616);
#12616 = SURFACE_SIDE_STYLE('',(#12617));
#12617 = SURFACE_STYLE_FILL_AREA(#12618);
#12618 = FILL_AREA_STYLE('',(#12619));
#12619 = FILL_AREA_STYLE_COLOUR('',#12002);
#12620 = STYLED_ITEM('color',(#12621),#6906);
#12621 = PRESENTATION_STYLE_ASSIGNMENT((#12622));
#12622 = SURFACE_STYLE_USAGE(.BOTH.,#12623);
#12623 = SURFACE_SIDE_STYLE('',(#12624));
#12624 = SURFACE_STYLE_FILL_AREA(#12625);
#12625 = FILL_AREA_STYLE('',(#12626));
#12626 = FILL_AREA_STYLE_COLOUR('',#12002);
#12627 = STYLED_ITEM('color',(#12628),#6933);
#12628 = PRESENTATION_STYLE_ASSIGNMENT((#12629));
#12629 = SURFACE_STYLE_USAGE(.BOTH.,#12630);
#12630 = SURFACE_SIDE_STYLE('',(#12631));
#12631 = SURFACE_STYLE_FILL_AREA(#12632);
#12632 = FILL_AREA_STYLE('',(#12633));
#12633 = FILL_AREA_STYLE_COLOUR('',#12002);
#12634 = STYLED_ITEM('color',(#12635),#6960);
#12635 = PRESENTATION_STYLE_ASSIGNMENT((#12636));
#12636 = SURFACE_STYLE_USAGE(.BOTH.,#12637);
#12637 = SURFACE_SIDE_STYLE('',(#12638));
#12638 = SURFACE_STYLE_FILL_AREA(#12639);
#12639 = FILL_AREA_STYLE('',(#12640));
#12640 = FILL_AREA_STYLE_COLOUR('',#12002);
#12641 = STYLED_ITEM('color',(#12642),#6967);
#12642 = PRESENTATION_STYLE_ASSIGNMENT((#12643));
#12643 = SURFACE_STYLE_USAGE(.BOTH.,#12644);
#12644 = SURFACE_SIDE_STYLE('',(#12645));
#12645 = SURFACE_STYLE_FILL_AREA(#12646);
#12646 = FILL_AREA_STYLE('',(#12647));
#12647 = FILL_AREA_STYLE_COLOUR('',#12038);
#12648 = STYLED_ITEM('color',(#12649),#7014);
#12649 = PRESENTATION_STYLE_ASSIGNMENT((#12650));
#12650 = SURFACE_STYLE_USAGE(.BOTH.,#12651);
#12651 = SURFACE_SIDE_STYLE('',(#12652));
#12652 = SURFACE_STYLE_FILL_AREA(#12653);
#12653 = FILL_AREA_STYLE('',(#12654));
#12654 = FILL_AREA_STYLE_COLOUR('',#12038);
#12655 = STYLED_ITEM('color',(#12656),#7040);
#12656 = PRESENTATION_STYLE_ASSIGNMENT((#12657));
#12657 = SURFACE_STYLE_USAGE(.BOTH.,#12658);
#12658 = SURFACE_SIDE_STYLE('',(#12659));
#12659 = SURFACE_STYLE_FILL_AREA(#12660);
#12660 = FILL_AREA_STYLE('',(#12661));
#12661 = FILL_AREA_STYLE_COLOUR('',#12038);
#12662 = STYLED_ITEM('color',(#12663),#7087);
#12663 = PRESENTATION_STYLE_ASSIGNMENT((#12664));
#12664 = SURFACE_STYLE_USAGE(.BOTH.,#12665);
#12665 = SURFACE_SIDE_STYLE('',(#12666));
#12666 = SURFACE_STYLE_FILL_AREA(#12667);
#12667 = FILL_AREA_STYLE('',(#12668));
#12668 = FILL_AREA_STYLE_COLOUR('',#12038);
#12669 = STYLED_ITEM('color',(#12670),#7334);
#12670 = PRESENTATION_STYLE_ASSIGNMENT((#12671));
#12671 = SURFACE_STYLE_USAGE(.BOTH.,#12672);
#12672 = SURFACE_SIDE_STYLE('',(#12673));
#12673 = SURFACE_STYLE_FILL_AREA(#12674);
#12674 = FILL_AREA_STYLE('',(#12675));
#12675 = FILL_AREA_STYLE_COLOUR('',#12038);
#12676 = STYLED_ITEM('color',(#12677),#7381);
#12677 = PRESENTATION_STYLE_ASSIGNMENT((#12678));
#12678 = SURFACE_STYLE_USAGE(.BOTH.,#12679);
#12679 = SURFACE_SIDE_STYLE('',(#12680));
#12680 = SURFACE_STYLE_FILL_AREA(#12681);
#12681 = FILL_AREA_STYLE('',(#12682));
#12682 = FILL_AREA_STYLE_COLOUR('',#12038);
#12683 = STYLED_ITEM('color',(#12684),#7407);
#12684 = PRESENTATION_STYLE_ASSIGNMENT((#12685));
#12685 = SURFACE_STYLE_USAGE(.BOTH.,#12686);
#12686 = SURFACE_SIDE_STYLE('',(#12687));
#12687 = SURFACE_STYLE_FILL_AREA(#12688);
#12688 = FILL_AREA_STYLE('',(#12689));
#12689 = FILL_AREA_STYLE_COLOUR('',#12690);
#12690 = COLOUR_RGB('',0.690196096897,0.662745118141,0.596078455448);
#12691 = STYLED_ITEM('color',(#12692),#7462);
#12692 = PRESENTATION_STYLE_ASSIGNMENT((#12693));
#12693 = SURFACE_STYLE_USAGE(.BOTH.,#12694);
#12694 = SURFACE_SIDE_STYLE('',(#12695));
#12695 = SURFACE_STYLE_FILL_AREA(#12696);
#12696 = FILL_AREA_STYLE('',(#12697));
#12697 = FILL_AREA_STYLE_COLOUR('',#12038);
#12698 = STYLED_ITEM('color',(#12699),#7488);
#12699 = PRESENTATION_STYLE_ASSIGNMENT((#12700));
#12700 = SURFACE_STYLE_USAGE(.BOTH.,#12701);
#12701 = SURFACE_SIDE_STYLE('',(#12702));
#12702 = SURFACE_STYLE_FILL_AREA(#12703);
#12703 = FILL_AREA_STYLE('',(#12704));
#12704 = FILL_AREA_STYLE_COLOUR('',#12038);
#12705 = STYLED_ITEM('color',(#12706),#7514);
#12706 = PRESENTATION_STYLE_ASSIGNMENT((#12707));
#12707 = SURFACE_STYLE_USAGE(.BOTH.,#12708);
#12708 = SURFACE_SIDE_STYLE('',(#12709));
#12709 = SURFACE_STYLE_FILL_AREA(#12710);
#12710 = FILL_AREA_STYLE('',(#12711));
#12711 = FILL_AREA_STYLE_COLOUR('',#12038);
#12712 = STYLED_ITEM('color',(#12713),#7563);
#12713 = PRESENTATION_STYLE_ASSIGNMENT((#12714));
#12714 = SURFACE_STYLE_USAGE(.BOTH.,#12715);
#12715 = SURFACE_SIDE_STYLE('',(#12716));
#12716 = SURFACE_STYLE_FILL_AREA(#12717);
#12717 = FILL_AREA_STYLE('',(#12718));
#12718 = FILL_AREA_STYLE_COLOUR('',#12002);
#12719 = STYLED_ITEM('color',(#12720),#7848);
#12720 = PRESENTATION_STYLE_ASSIGNMENT((#12721));
#12721 = SURFACE_STYLE_USAGE(.BOTH.,#12722);
#12722 = SURFACE_SIDE_STYLE('',(#12723));
#12723 = SURFACE_STYLE_FILL_AREA(#12724);
#12724 = FILL_AREA_STYLE('',(#12725));
#12725 = FILL_AREA_STYLE_COLOUR('',#12002);
#12726 = STYLED_ITEM('color',(#12727),#8133);
#12727 = PRESENTATION_STYLE_ASSIGNMENT((#12728));
#12728 = SURFACE_STYLE_USAGE(.BOTH.,#12729);
#12729 = SURFACE_SIDE_STYLE('',(#12730));
#12730 = SURFACE_STYLE_FILL_AREA(#12731);
#12731 = FILL_AREA_STYLE('',(#12732));
#12732 = FILL_AREA_STYLE_COLOUR('',#12038);
#12733 = STYLED_ITEM('color',(#12734),#8201);
#12734 = PRESENTATION_STYLE_ASSIGNMENT((#12735));
#12735 = SURFACE_STYLE_USAGE(.BOTH.,#12736);
#12736 = SURFACE_SIDE_STYLE('',(#12737));
#12737 = SURFACE_STYLE_FILL_AREA(#12738);
#12738 = FILL_AREA_STYLE('',(#12739));
#12739 = FILL_AREA_STYLE_COLOUR('',#12002);
#12740 = STYLED_ITEM('color',(#12741),#8255);
#12741 = PRESENTATION_STYLE_ASSIGNMENT((#12742));
#12742 = SURFACE_STYLE_USAGE(.BOTH.,#12743);
#12743 = SURFACE_SIDE_STYLE('',(#12744));
#12744 = SURFACE_STYLE_FILL_AREA(#12745);
#12745 = FILL_AREA_STYLE('',(#12746));
#12746 = FILL_AREA_STYLE_COLOUR('',#12002);
#12747 = STYLED_ITEM('color',(#12748),#8473);
#12748 = PRESENTATION_STYLE_ASSIGNMENT((#12749));
#12749 = SURFACE_STYLE_USAGE(.BOTH.,#12750);
#12750 = SURFACE_SIDE_STYLE('',(#12751));
#12751 = SURFACE_STYLE_FILL_AREA(#12752);
#12752 = FILL_AREA_STYLE('',(#12753));
#12753 = FILL_AREA_STYLE_COLOUR('',#12002);
#12754 = STYLED_ITEM('color',(#12755),#8718);
#12755 = PRESENTATION_STYLE_ASSIGNMENT((#12756));
#12756 = SURFACE_STYLE_USAGE(.BOTH.,#12757);
#12757 = SURFACE_SIDE_STYLE('',(#12758));
#12758 = SURFACE_STYLE_FILL_AREA(#12759);
#12759 = FILL_AREA_STYLE('',(#12760));
#12760 = FILL_AREA_STYLE_COLOUR('',#12002);
#12761 = STYLED_ITEM('color',(#12762),#8745);
#12762 = PRESENTATION_STYLE_ASSIGNMENT((#12763));
#12763 = SURFACE_STYLE_USAGE(.BOTH.,#12764);
#12764 = SURFACE_SIDE_STYLE('',(#12765));
#12765 = SURFACE_STYLE_FILL_AREA(#12766);
#12766 = FILL_AREA_STYLE('',(#12767));
#12767 = FILL_AREA_STYLE_COLOUR('',#12038);
#12768 = STYLED_ITEM('color',(#12769),#8813);
#12769 = PRESENTATION_STYLE_ASSIGNMENT((#12770));
#12770 = SURFACE_STYLE_USAGE(.BOTH.,#12771);
#12771 = SURFACE_SIDE_STYLE('',(#12772));
#12772 = SURFACE_STYLE_FILL_AREA(#12773);
#12773 = FILL_AREA_STYLE('',(#12774));
#12774 = FILL_AREA_STYLE_COLOUR('',#12002);
#12775 = STYLED_ITEM('color',(#12776),#9098);
#12776 = PRESENTATION_STYLE_ASSIGNMENT((#12777));
#12777 = SURFACE_STYLE_USAGE(.BOTH.,#12778);
#12778 = SURFACE_SIDE_STYLE('',(#12779));
#12779 = SURFACE_STYLE_FILL_AREA(#12780);
#12780 = FILL_AREA_STYLE('',(#12781));
#12781 = FILL_AREA_STYLE_COLOUR('',#12002);
#12782 = STYLED_ITEM('color',(#12783),#9383);
#12783 = PRESENTATION_STYLE_ASSIGNMENT((#12784));
#12784 = SURFACE_STYLE_USAGE(.BOTH.,#12785);
#12785 = SURFACE_SIDE_STYLE('',(#12786));
#12786 = SURFACE_STYLE_FILL_AREA(#12787);
#12787 = FILL_AREA_STYLE('',(#12788));
#12788 = FILL_AREA_STYLE_COLOUR('',#12038);
#12789 = STYLED_ITEM('color',(#12790),#9451);
#12790 = PRESENTATION_STYLE_ASSIGNMENT((#12791));
#12791 = SURFACE_STYLE_USAGE(.BOTH.,#12792);
#12792 = SURFACE_SIDE_STYLE('',(#12793));
#12793 = SURFACE_STYLE_FILL_AREA(#12794);
#12794 = FILL_AREA_STYLE('',(#12795));
#12795 = FILL_AREA_STYLE_COLOUR('',#12002);
#12796 = STYLED_ITEM('color',(#12797),#9505);
#12797 = PRESENTATION_STYLE_ASSIGNMENT((#12798));
#12798 = SURFACE_STYLE_USAGE(.BOTH.,#12799);
#12799 = SURFACE_SIDE_STYLE('',(#12800));
#12800 = SURFACE_STYLE_FILL_AREA(#12801);
#12801 = FILL_AREA_STYLE('',(#12802));
#12802 = FILL_AREA_STYLE_COLOUR('',#12002);
#12803 = STYLED_ITEM('color',(#12804),#9723);
#12804 = PRESENTATION_STYLE_ASSIGNMENT((#12805));
#12805 = SURFACE_STYLE_USAGE(.BOTH.,#12806);
#12806 = SURFACE_SIDE_STYLE('',(#12807));
#12807 = SURFACE_STYLE_FILL_AREA(#12808);
#12808 = FILL_AREA_STYLE('',(#12809));
#12809 = FILL_AREA_STYLE_COLOUR('',#12002);
#12810 = STYLED_ITEM('color',(#12811),#9968);
#12811 = PRESENTATION_STYLE_ASSIGNMENT((#12812));
#12812 = SURFACE_STYLE_USAGE(.BOTH.,#12813);
#12813 = SURFACE_SIDE_STYLE('',(#12814));
#12814 = SURFACE_STYLE_FILL_AREA(#12815);
#12815 = FILL_AREA_STYLE('',(#12816));
#12816 = FILL_AREA_STYLE_COLOUR('',#12002);
#12817 = STYLED_ITEM('color',(#12818),#9995);
#12818 = PRESENTATION_STYLE_ASSIGNMENT((#12819));
#12819 = SURFACE_STYLE_USAGE(.BOTH.,#12820);
#12820 = SURFACE_SIDE_STYLE('',(#12821));
#12821 = SURFACE_STYLE_FILL_AREA(#12822);
#12822 = FILL_AREA_STYLE('',(#12823));
#12823 = FILL_AREA_STYLE_COLOUR('',#12038);
#12824 = STYLED_ITEM('color',(#12825),#10040);
#12825 = PRESENTATION_STYLE_ASSIGNMENT((#12826));
#12826 = SURFACE_STYLE_USAGE(.BOTH.,#12827);
#12827 = SURFACE_SIDE_STYLE('',(#12828));
#12828 = SURFACE_STYLE_FILL_AREA(#12829);
#12829 = FILL_AREA_STYLE('',(#12830));
#12830 = FILL_AREA_STYLE_COLOUR('',#12038);
#12831 = STYLED_ITEM('color',(#12832),#10047);
#12832 = PRESENTATION_STYLE_ASSIGNMENT((#12833));
#12833 = SURFACE_STYLE_USAGE(.BOTH.,#12834);
#12834 = SURFACE_SIDE_STYLE('',(#12835));
#12835 = SURFACE_STYLE_FILL_AREA(#12836);
#12836 = FILL_AREA_STYLE('',(#12837));
#12837 = FILL_AREA_STYLE_COLOUR('',#12002);
#12838 = STYLED_ITEM('color',(#12839),#10076);
#12839 = PRESENTATION_STYLE_ASSIGNMENT((#12840));
#12840 = SURFACE_STYLE_USAGE(.BOTH.,#12841);
#12841 = SURFACE_SIDE_STYLE('',(#12842));
#12842 = SURFACE_STYLE_FILL_AREA(#12843);
#12843 = FILL_AREA_STYLE('',(#12844));
#12844 = FILL_AREA_STYLE_COLOUR('',#12002);
#12845 = STYLED_ITEM('color',(#12846),#10105);
#12846 = PRESENTATION_STYLE_ASSIGNMENT((#12847));
#12847 = SURFACE_STYLE_USAGE(.BOTH.,#12848);
#12848 = SURFACE_SIDE_STYLE('',(#12849));
#12849 = SURFACE_STYLE_FILL_AREA(#12850);
#12850 = FILL_AREA_STYLE('',(#12851));
#12851 = FILL_AREA_STYLE_COLOUR('',#12002);
#12852 = STYLED_ITEM('color',(#12853),#10134);
#12853 = PRESENTATION_STYLE_ASSIGNMENT((#12854));
#12854 = SURFACE_STYLE_USAGE(.BOTH.,#12855);
#12855 = SURFACE_SIDE_STYLE('',(#12856));
#12856 = SURFACE_STYLE_FILL_AREA(#12857);
#12857 = FILL_AREA_STYLE('',(#12858));
#12858 = FILL_AREA_STYLE_COLOUR('',#12002);
#12859 = STYLED_ITEM('color',(#12860),#10163);
#12860 = PRESENTATION_STYLE_ASSIGNMENT((#12861));
#12861 = SURFACE_STYLE_USAGE(.BOTH.,#12862);
#12862 = SURFACE_SIDE_STYLE('',(#12863));
#12863 = SURFACE_STYLE_FILL_AREA(#12864);
#12864 = FILL_AREA_STYLE('',(#12865));
#12865 = FILL_AREA_STYLE_COLOUR('',#12690);
#12866 = STYLED_ITEM('color',(#12867),#10167);
#12867 = PRESENTATION_STYLE_ASSIGNMENT((#12868));
#12868 = SURFACE_STYLE_USAGE(.BOTH.,#12869);
#12869 = SURFACE_SIDE_STYLE('',(#12870));
#12870 = SURFACE_STYLE_FILL_AREA(#12871);
#12871 = FILL_AREA_STYLE('',(#12872));
#12872 = FILL_AREA_STYLE_COLOUR('',#12002);
#12873 = STYLED_ITEM('color',(#12874),#10194);
#12874 = PRESENTATION_STYLE_ASSIGNMENT((#12875));
#12875 = SURFACE_STYLE_USAGE(.BOTH.,#12876);
#12876 = SURFACE_SIDE_STYLE('',(#12877));
#12877 = SURFACE_STYLE_FILL_AREA(#12878);
#12878 = FILL_AREA_STYLE('',(#12879));
#12879 = FILL_AREA_STYLE_COLOUR('',#12002);
#12880 = STYLED_ITEM('color',(#12881),#10221);
#12881 = PRESENTATION_STYLE_ASSIGNMENT((#12882));
#12882 = SURFACE_STYLE_USAGE(.BOTH.,#12883);
#12883 = SURFACE_SIDE_STYLE('',(#12884));
#12884 = SURFACE_STYLE_FILL_AREA(#12885);
#12885 = FILL_AREA_STYLE('',(#12886));
#12886 = FILL_AREA_STYLE_COLOUR('',#12002);
#12887 = STYLED_ITEM('color',(#12888),#10248);
#12888 = PRESENTATION_STYLE_ASSIGNMENT((#12889));
#12889 = SURFACE_STYLE_USAGE(.BOTH.,#12890);
#12890 = SURFACE_SIDE_STYLE('',(#12891));
#12891 = SURFACE_STYLE_FILL_AREA(#12892);
#12892 = FILL_AREA_STYLE('',(#12893));
#12893 = FILL_AREA_STYLE_COLOUR('',#12002);
#12894 = STYLED_ITEM('color',(#12895),#10275);
#12895 = PRESENTATION_STYLE_ASSIGNMENT((#12896));
#12896 = SURFACE_STYLE_USAGE(.BOTH.,#12897);
#12897 = SURFACE_SIDE_STYLE('',(#12898));
#12898 = SURFACE_STYLE_FILL_AREA(#12899);
#12899 = FILL_AREA_STYLE('',(#12900));
#12900 = FILL_AREA_STYLE_COLOUR('',#12002);
#12901 = STYLED_ITEM('color',(#12902),#10302);
#12902 = PRESENTATION_STYLE_ASSIGNMENT((#12903));
#12903 = SURFACE_STYLE_USAGE(.BOTH.,#12904);
#12904 = SURFACE_SIDE_STYLE('',(#12905));
#12905 = SURFACE_STYLE_FILL_AREA(#12906);
#12906 = FILL_AREA_STYLE('',(#12907));
#12907 = FILL_AREA_STYLE_COLOUR('',#12002);
#12908 = STYLED_ITEM('color',(#12909),#10329);
#12909 = PRESENTATION_STYLE_ASSIGNMENT((#12910));
#12910 = SURFACE_STYLE_USAGE(.BOTH.,#12911);
#12911 = SURFACE_SIDE_STYLE('',(#12912));
#12912 = SURFACE_STYLE_FILL_AREA(#12913);
#12913 = FILL_AREA_STYLE('',(#12914));
#12914 = FILL_AREA_STYLE_COLOUR('',#12002);
#12915 = STYLED_ITEM('color',(#12916),#10356);
#12916 = PRESENTATION_STYLE_ASSIGNMENT((#12917));
#12917 = SURFACE_STYLE_USAGE(.BOTH.,#12918);
#12918 = SURFACE_SIDE_STYLE('',(#12919));
#12919 = SURFACE_STYLE_FILL_AREA(#12920);
#12920 = FILL_AREA_STYLE('',(#12921));
#12921 = FILL_AREA_STYLE_COLOUR('',#12002);
#12922 = STYLED_ITEM('color',(#12923),#10363);
#12923 = PRESENTATION_STYLE_ASSIGNMENT((#12924));
#12924 = SURFACE_STYLE_USAGE(.BOTH.,#12925);
#12925 = SURFACE_SIDE_STYLE('',(#12926));
#12926 = SURFACE_STYLE_FILL_AREA(#12927);
#12927 = FILL_AREA_STYLE('',(#12928));
#12928 = FILL_AREA_STYLE_COLOUR('',#12002);
#12929 = STYLED_ITEM('color',(#12930),#10390);
#12930 = PRESENTATION_STYLE_ASSIGNMENT((#12931));
#12931 = SURFACE_STYLE_USAGE(.BOTH.,#12932);
#12932 = SURFACE_SIDE_STYLE('',(#12933));
#12933 = SURFACE_STYLE_FILL_AREA(#12934);
#12934 = FILL_AREA_STYLE('',(#12935));
#12935 = FILL_AREA_STYLE_COLOUR('',#12002);
#12936 = STYLED_ITEM('color',(#12937),#10417);
#12937 = PRESENTATION_STYLE_ASSIGNMENT((#12938));
#12938 = SURFACE_STYLE_USAGE(.BOTH.,#12939);
#12939 = SURFACE_SIDE_STYLE('',(#12940));
#12940 = SURFACE_STYLE_FILL_AREA(#12941);
#12941 = FILL_AREA_STYLE('',(#12942));
#12942 = FILL_AREA_STYLE_COLOUR('',#12002);
#12943 = STYLED_ITEM('color',(#12944),#10444);
#12944 = PRESENTATION_STYLE_ASSIGNMENT((#12945));
#12945 = SURFACE_STYLE_USAGE(.BOTH.,#12946);
#12946 = SURFACE_SIDE_STYLE('',(#12947));
#12947 = SURFACE_STYLE_FILL_AREA(#12948);
#12948 = FILL_AREA_STYLE('',(#12949));
#12949 = FILL_AREA_STYLE_COLOUR('',#12002);
#12950 = STYLED_ITEM('color',(#12951),#10471);
#12951 = PRESENTATION_STYLE_ASSIGNMENT((#12952));
#12952 = SURFACE_STYLE_USAGE(.BOTH.,#12953);
#12953 = SURFACE_SIDE_STYLE('',(#12954));
#12954 = SURFACE_STYLE_FILL_AREA(#12955);
#12955 = FILL_AREA_STYLE('',(#12956));
#12956 = FILL_AREA_STYLE_COLOUR('',#12002);
#12957 = STYLED_ITEM('color',(#12958),#10498);
#12958 = PRESENTATION_STYLE_ASSIGNMENT((#12959));
#12959 = SURFACE_STYLE_USAGE(.BOTH.,#12960);
#12960 = SURFACE_SIDE_STYLE('',(#12961));
#12961 = SURFACE_STYLE_FILL_AREA(#12962);
#12962 = FILL_AREA_STYLE('',(#12963));
#12963 = FILL_AREA_STYLE_COLOUR('',#12002);
#12964 = STYLED_ITEM('color',(#12965),#10525);
#12965 = PRESENTATION_STYLE_ASSIGNMENT((#12966));
#12966 = SURFACE_STYLE_USAGE(.BOTH.,#12967);
#12967 = SURFACE_SIDE_STYLE('',(#12968));
#12968 = SURFACE_STYLE_FILL_AREA(#12969);
#12969 = FILL_AREA_STYLE('',(#12970));
#12970 = FILL_AREA_STYLE_COLOUR('',#12002);
#12971 = STYLED_ITEM('color',(#12972),#10552);
#12972 = PRESENTATION_STYLE_ASSIGNMENT((#12973));
#12973 = SURFACE_STYLE_USAGE(.BOTH.,#12974);
#12974 = SURFACE_SIDE_STYLE('',(#12975));
#12975 = SURFACE_STYLE_FILL_AREA(#12976);
#12976 = FILL_AREA_STYLE('',(#12977));
#12977 = FILL_AREA_STYLE_COLOUR('',#12002);
#12978 = STYLED_ITEM('color',(#12979),#10559);
#12979 = PRESENTATION_STYLE_ASSIGNMENT((#12980));
#12980 = SURFACE_STYLE_USAGE(.BOTH.,#12981);
#12981 = SURFACE_SIDE_STYLE('',(#12982));
#12982 = SURFACE_STYLE_FILL_AREA(#12983);
#12983 = FILL_AREA_STYLE('',(#12984));
#12984 = FILL_AREA_STYLE_COLOUR('',#12002);
#12985 = STYLED_ITEM('color',(#12986),#10586);
#12986 = PRESENTATION_STYLE_ASSIGNMENT((#12987));
#12987 = SURFACE_STYLE_USAGE(.BOTH.,#12988);
#12988 = SURFACE_SIDE_STYLE('',(#12989));
#12989 = SURFACE_STYLE_FILL_AREA(#12990);
#12990 = FILL_AREA_STYLE('',(#12991));
#12991 = FILL_AREA_STYLE_COLOUR('',#12002);
#12992 = STYLED_ITEM('color',(#12993),#10613);
#12993 = PRESENTATION_STYLE_ASSIGNMENT((#12994));
#12994 = SURFACE_STYLE_USAGE(.BOTH.,#12995);
#12995 = SURFACE_SIDE_STYLE('',(#12996));
#12996 = SURFACE_STYLE_FILL_AREA(#12997);
#12997 = FILL_AREA_STYLE('',(#12998));
#12998 = FILL_AREA_STYLE_COLOUR('',#12002);
#12999 = STYLED_ITEM('color',(#13000),#10640);
#13000 = PRESENTATION_STYLE_ASSIGNMENT((#13001));
#13001 = SURFACE_STYLE_USAGE(.BOTH.,#13002);
#13002 = SURFACE_SIDE_STYLE('',(#13003));
#13003 = SURFACE_STYLE_FILL_AREA(#13004);
#13004 = FILL_AREA_STYLE('',(#13005));
#13005 = FILL_AREA_STYLE_COLOUR('',#12002);
#13006 = STYLED_ITEM('color',(#13007),#10667);
#13007 = PRESENTATION_STYLE_ASSIGNMENT((#13008));
#13008 = SURFACE_STYLE_USAGE(.BOTH.,#13009);
#13009 = SURFACE_SIDE_STYLE('',(#13010));
#13010 = SURFACE_STYLE_FILL_AREA(#13011);
#13011 = FILL_AREA_STYLE('',(#13012));
#13012 = FILL_AREA_STYLE_COLOUR('',#12002);
#13013 = STYLED_ITEM('color',(#13014),#10694);
#13014 = PRESENTATION_STYLE_ASSIGNMENT((#13015));
#13015 = SURFACE_STYLE_USAGE(.BOTH.,#13016);
#13016 = SURFACE_SIDE_STYLE('',(#13017));
#13017 = SURFACE_STYLE_FILL_AREA(#13018);
#13018 = FILL_AREA_STYLE('',(#13019));
#13019 = FILL_AREA_STYLE_COLOUR('',#12002);
#13020 = STYLED_ITEM('color',(#13021),#10721);
#13021 = PRESENTATION_STYLE_ASSIGNMENT((#13022));
#13022 = SURFACE_STYLE_USAGE(.BOTH.,#13023);
#13023 = SURFACE_SIDE_STYLE('',(#13024));
#13024 = SURFACE_STYLE_FILL_AREA(#13025);
#13025 = FILL_AREA_STYLE('',(#13026));
#13026 = FILL_AREA_STYLE_COLOUR('',#12002);
#13027 = STYLED_ITEM('color',(#13028),#10748);
#13028 = PRESENTATION_STYLE_ASSIGNMENT((#13029));
#13029 = SURFACE_STYLE_USAGE(.BOTH.,#13030);
#13030 = SURFACE_SIDE_STYLE('',(#13031));
#13031 = SURFACE_STYLE_FILL_AREA(#13032);
#13032 = FILL_AREA_STYLE('',(#13033));
#13033 = FILL_AREA_STYLE_COLOUR('',#12002);
#13034 = STYLED_ITEM('color',(#13035),#10755);
#13035 = PRESENTATION_STYLE_ASSIGNMENT((#13036));
#13036 = SURFACE_STYLE_USAGE(.BOTH.,#13037);
#13037 = SURFACE_SIDE_STYLE('',(#13038));
#13038 = SURFACE_STYLE_FILL_AREA(#13039);
#13039 = FILL_AREA_STYLE('',(#13040));
#13040 = FILL_AREA_STYLE_COLOUR('',#12002);
#13041 = STYLED_ITEM('color',(#13042),#10782);
#13042 = PRESENTATION_STYLE_ASSIGNMENT((#13043));
#13043 = SURFACE_STYLE_USAGE(.BOTH.,#13044);
#13044 = SURFACE_SIDE_STYLE('',(#13045));
#13045 = SURFACE_STYLE_FILL_AREA(#13046);
#13046 = FILL_AREA_STYLE('',(#13047));
#13047 = FILL_AREA_STYLE_COLOUR('',#12002);
#13048 = STYLED_ITEM('color',(#13049),#10809);
#13049 = PRESENTATION_STYLE_ASSIGNMENT((#13050));
#13050 = SURFACE_STYLE_USAGE(.BOTH.,#13051);
#13051 = SURFACE_SIDE_STYLE('',(#13052));
#13052 = SURFACE_STYLE_FILL_AREA(#13053);
#13053 = FILL_AREA_STYLE('',(#13054));
#13054 = FILL_AREA_STYLE_COLOUR('',#12002);
#13055 = STYLED_ITEM('color',(#13056),#10836);
#13056 = PRESENTATION_STYLE_ASSIGNMENT((#13057));
#13057 = SURFACE_STYLE_USAGE(.BOTH.,#13058);
#13058 = SURFACE_SIDE_STYLE('',(#13059));
#13059 = SURFACE_STYLE_FILL_AREA(#13060);
#13060 = FILL_AREA_STYLE('',(#13061));
#13061 = FILL_AREA_STYLE_COLOUR('',#12002);
#13062 = STYLED_ITEM('color',(#13063),#10863);
#13063 = PRESENTATION_STYLE_ASSIGNMENT((#13064));
#13064 = SURFACE_STYLE_USAGE(.BOTH.,#13065);
#13065 = SURFACE_SIDE_STYLE('',(#13066));
#13066 = SURFACE_STYLE_FILL_AREA(#13067);
#13067 = FILL_AREA_STYLE('',(#13068));
#13068 = FILL_AREA_STYLE_COLOUR('',#12002);
#13069 = STYLED_ITEM('color',(#13070),#10890);
#13070 = PRESENTATION_STYLE_ASSIGNMENT((#13071));
#13071 = SURFACE_STYLE_USAGE(.BOTH.,#13072);
#13072 = SURFACE_SIDE_STYLE('',(#13073));
#13073 = SURFACE_STYLE_FILL_AREA(#13074);
#13074 = FILL_AREA_STYLE('',(#13075));
#13075 = FILL_AREA_STYLE_COLOUR('',#12002);
#13076 = STYLED_ITEM('color',(#13077),#10917);
#13077 = PRESENTATION_STYLE_ASSIGNMENT((#13078));
#13078 = SURFACE_STYLE_USAGE(.BOTH.,#13079);
#13079 = SURFACE_SIDE_STYLE('',(#13080));
#13080 = SURFACE_STYLE_FILL_AREA(#13081);
#13081 = FILL_AREA_STYLE('',(#13082));
#13082 = FILL_AREA_STYLE_COLOUR('',#12002);
#13083 = STYLED_ITEM('color',(#13084),#10944);
#13084 = PRESENTATION_STYLE_ASSIGNMENT((#13085));
#13085 = SURFACE_STYLE_USAGE(.BOTH.,#13086);
#13086 = SURFACE_SIDE_STYLE('',(#13087));
#13087 = SURFACE_STYLE_FILL_AREA(#13088);
#13088 = FILL_AREA_STYLE('',(#13089));
#13089 = FILL_AREA_STYLE_COLOUR('',#12002);
#13090 = MECHANICAL_DESIGN_GEOMETRIC_PRESENTATION_REPRESENTATION('',(
    #13091,#13099),#11974);
#13091 = STYLED_ITEM('color',(#13092),#10976);
#13092 = PRESENTATION_STYLE_ASSIGNMENT((#13093));
#13093 = SURFACE_STYLE_USAGE(.BOTH.,#13094);
#13094 = SURFACE_SIDE_STYLE('',(#13095));
#13095 = SURFACE_STYLE_FILL_AREA(#13096);
#13096 = FILL_AREA_STYLE('',(#13097));
#13097 = FILL_AREA_STYLE_COLOUR('',#13098);
#13098 = COLOUR_RGB('',5.99999986589E-02,0.40000000596,5.99999986589E-02
  );
#13099 = OVER_RIDING_STYLED_ITEM('overriding color',(#13100),#10976,
  #13091);
#13100 = PRESENTATION_STYLE_BY_CONTEXT((#13101),#11993);
#13101 = SURFACE_STYLE_USAGE(.BOTH.,#13102);
#13102 = SURFACE_SIDE_STYLE('',(#13103));
#13103 = SURFACE_STYLE_FILL_AREA(#13104);
#13104 = FILL_AREA_STYLE('',(#13105));
#13105 = FILL_AREA_STYLE_COLOUR('',#13106);
#13106 = COLOUR_RGB('',5.99999986589E-02,0.40000000596,5.99999986589E-02
  );
ENDSEC;
END-ISO-10303-21;
