#VRML V2.0 utf8
WorldInfo {
  title "/home/atait/.config/kicad/scripting/plugins/kicad-sandwiches/examples/sandwich-example/kisandwich-out/sandwich-example-sandwich_LOW.wrl - Generated by Pcbnew"
}
Transform {
  scale 2.54 2.54 2.54
  children [
Transform {
  children [
    Group {
      children [
        Shape {
          appearance Appearance {
            material Material {
              diffuseColor 0.43 0.45 0.3
              specularColor 0.487 0.505 0.37
              emissiveColor 0 0 0
              ambientIntensity 0.7
              transparency 0.1
              shininess 0.01
            }
          }
          geometry IndexedFaceSet {
            solid TRUE
            coord Coordinate {
              point [
74.022047 -40.341732 0.310039, 73.94524 -40.334167 0.310039,
73.871385 -40.311764 0.310039, 73.803319 -40.275382 0.310039,
73.743659 -40.22642 0.310039, 73.694697 -40.16676 0.310039,
73.658315 -40.098694 0.310039, 73.635911 -40.024839 0.310039,
73.628346 -39.948031 0.310039, 73.628346 -36.011024 0.310039,
73.635911 -35.934217 0.310039, 73.658315 -35.860361 0.310039,
73.694697 -35.792295 0.310039, 73.743659 -35.732635 0.310039,
73.803319 -35.683673 0.310039, 73.871385 -35.647291 0.310039,
73.94524 -35.624888 0.310039, 74.022047 -35.617323 0.310039,
77.959055 -35.617323 0.310039, 78.035862 -35.624888 0.310039,
78.109718 -35.647291 0.310039, 78.177783 -35.683673 0.310039,
78.237444 -35.732635 0.310039, 78.286406 -35.792295 0.310039,
78.322787 -35.860361 0.310039, 78.345191 -35.934217 0.310039,
78.352756 -36.011024 0.310039, 78.352756 -39.948031 0.310039,
78.345191 -40.024839 0.310039, 78.322787 -40.098694 0.310039,
78.286406 -40.16676 0.310039, 78.237444 -40.22642 0.310039,
78.177783 -40.275382 0.310039, 78.109718 -40.311764 0.310039,
78.035862 -40.334167 0.310039, 77.959055 -40.341732 0.310039,
74.52126 -41.000002 0.310039, 74.522773 -40.98464 0.310039,
74.527254 -40.969869 0.310039, 74.53453 -40.956256 0.310039,
74.544322 -40.944324 0.310039, 74.556254 -40.934532 0.310039,
74.569867 -40.927255 0.310039, 74.584639 -40.922774 0.310039,
74.6 -40.921261 0.310039, 74.615361 -40.922774 0.310039,
74.630133 -40.927255 0.310039, 74.643746 -40.934532 0.310039,
74.655678 -40.944324 0.310039, 74.66547 -40.956256 0.310039,
74.672746 -40.969869 0.310039, 74.677227 -40.98464 0.310039,
74.67874 -41.000002 0.310039, 74.677227 -41.015363 0.310039,
74.672746 -41.030134 0.310039, 74.66547 -41.043747 0.310039,
74.655678 -41.055679 0.310039, 74.643746 -41.065472 0.310039,
74.630133 -41.072748 0.310039, 74.615361 -41.077229 0.310039,
74.6 -41.078742 0.310039, 74.584639 -41.077229 0.310039,
74.569867 -41.072748 0.310039, 74.556254 -41.065472 0.310039,
74.544322 -41.055679 0.310039, 74.53453 -41.043747 0.310039,
74.527254 -41.030134 0.310039, 74.522773 -41.015363 0.310039,
69.514173 -34.731496 0.310039, 69.515686 -34.716135 0.310039,
69.520167 -34.701364 0.310039, 69.527443 -34.68775 0.310039,
69.537236 -34.675818 0.310039, 69.549168 -34.666026 0.310039,
69.562781 -34.65875 0.310039, 69.577552 -34.654269 0.310039,
69.592913 -34.652756 0.310039, 69.608275 -34.654269 0.310039,
69.623046 -34.65875 0.310039, 69.636659 -34.666026 0.310039,
69.648591 -34.675818 0.310039, 69.658383 -34.68775 0.310039,
69.66566 -34.701364 0.310039, 69.670141 -34.716135 0.310039,
69.671654 -34.731496 0.310039, 69.670141 -34.746858 0.310039,
69.66566 -34.761629 0.310039, 69.658383 -34.775242 0.310039,
69.648591 -34.787174 0.310039, 69.636659 -34.796966 0.310039,
69.623046 -34.804242 0.310039, 69.608275 -34.808723 0.310039,
69.592913 -34.810236 0.310039, 69.577552 -34.808723 0.310039,
69.562781 -34.804242 0.310039, 69.549168 -34.796966 0.310039,
69.537236 -34.787174 0.310039, 69.527443 -34.775242 0.310039,
69.520167 -34.761629 0.310039, 69.515686 -34.746858 0.310039,
68.155906 -34.731496 0.310039, 68.154393 -34.746858 0.310039,
68.149912 -34.761629 0.310039, 68.142635 -34.775242 0.310039,
68.132843 -34.787174 0.310039, 68.120911 -34.796966 0.310039,
68.107298 -34.804242 0.310039, 68.092527 -34.808723 0.310039,
68.077165 -34.810236 0.310039, 68.061804 -34.808723 0.310039,
68.047033 -34.804242 0.310039, 68.03342 -34.796966 0.310039,
68.021488 -34.787174 0.310039, 68.011695 -34.775242 0.310039,
68.004419 -34.761629 0.310039, 67.999938 -34.746858 0.310039,
67.998425 -34.731496 0.310039, 67.999938 -34.716135 0.310039,
68.004419 -34.701364 0.310039, 68.011695 -34.68775 0.310039,
68.021488 -34.675818 0.310039, 68.03342 -34.666026 0.310039,
68.047033 -34.65875 0.310039, 68.061804 -34.654269 0.310039,
68.077165 -34.652756 0.310039, 68.092527 -34.654269 0.310039,
68.107298 -34.65875 0.310039, 68.120911 -34.666026 0.310039,
68.132843 -34.675818 0.310039, 68.142635 -34.68775 0.310039,
68.149912 -34.701364 0.310039, 68.154393 -34.716135 0.310039,
68.608661 -40.046457 0.310039, 68.61016 -40.038924 0.310039,
68.614427 -40.032537 0.310039, 68.620813 -40.02827 0.310039,
68.628346 -40.026772 0.310039, 68.63588 -40.02827 0.310039,
68.642266 -40.032537 0.310039, 68.646533 -40.038924 0.310039,
68.648031 -40.046457 0.310039, 68.646533 -40.05399 0.310039,
68.642266 -40.060376 0.310039, 68.63588 -40.064643 0.310039,
68.628346 -40.066142 0.310039, 68.620813 -40.064643 0.310039,
68.614427 -40.060376 0.310039, 68.61016 -40.05399 0.310039,
69.789764 -39.27874 0.310039, 69.791277 -39.263379 0.310039,
69.795758 -39.248608 0.310039, 69.803034 -39.234994 0.310039,
69.812826 -39.223062 0.310039, 69.824758 -39.21327 0.310039,
69.838371 -39.205994 0.310039, 69.853142 -39.201513 0.310039,
69.868504 -39.2 0.310039, 69.883865 -39.201513 0.310039,
69.898636 -39.205994 0.310039, 69.91225 -39.21327 0.310039,
69.924182 -39.223062 0.310039, 69.933974 -39.234994 0.310039,
69.94125 -39.248608 0.310039, 69.945731 -39.263379 0.310039,
69.947244 -39.27874 0.310039, 69.945731 -39.294102 0.310039,
69.94125 -39.308873 0.310039, 69.933974 -39.322486 0.310039,
69.924182 -39.334418 0.310039, 69.91225 -39.34421 0.310039,
69.898636 -39.351487 0.310039, 69.883865 -39.355967 0.310039,
69.868504 -39.35748 0.310039, 69.853142 -39.355967 0.310039,
69.838371 -39.351487 0.310039, 69.824758 -39.34421 0.310039,
69.812826 -39.334418 0.310039, 69.803034 -39.322486 0.310039,
69.795758 -39.308873 0.310039, 69.791277 -39.294102 0.310039,
65.872441 -32.959843 0.310039, 65.873954 -32.944481 0.310039,
65.878435 -32.92971 0.310039, 65.885711 -32.916097 0.310039,
65.895503 -32.904165 0.310039, 65.907435 -32.894372 0.310039,
65.921049 -32.887096 0.310039, 65.93582 -32.882615 0.310039,
65.951181 -32.881102 0.310039, 65.966543 -32.882615 0.310039,
65.981314 -32.887096 0.310039, 65.994927 -32.894372 0.310039,
66.006859 -32.904165 0.310039, 66.016651 -32.916097 0.310039,
66.023928 -32.92971 0.310039, 66.028408 -32.944481 0.310039,
66.029921 -32.959843 0.310039, 66.028408 -32.975204 0.310039,
66.023928 -32.989975 0.310039, 66.016651 -33.003588 0.310039,
66.006859 -33.01552 0.310039, 65.994927 -33.025313 0.310039,
65.981314 -33.032589 0.310039, 65.966543 -33.03707 0.310039,
65.951181 -33.038583 0.310039, 65.93582 -33.03707 0.310039,
65.921049 -33.032589 0.310039, 65.907435 -33.025313 0.310039,
65.895503 -33.01552 0.310039, 65.885711 -33.003588 0.310039,
65.878435 -32.989975 0.310039, 65.873954 -32.975204 0.310039,
50.4 -24.2 0.310039, 50.4 -55.696063 0.310039,
89.770079 -55.696063 0.310039, 89.770079 -24.2 0.310039,
64.848819 -41.54252 0.310039, 64.850317 -41.534987 0.310039,
64.854585 -41.5286 0.310039, 64.860971 -41.524333 0.310039,
64.868504 -41.522835 0.310039, 64.876037 -41.524333 0.310039,
64.882423 -41.5286 0.310039, 64.886691 -41.534987 0.310039,
64.888189 -41.54252 0.310039, 64.886691 -41.550053 0.310039,
64.882423 -41.556439 0.310039, 64.876037 -41.560706 0.310039,
64.868504 -41.562205 0.310039, 64.860971 -41.560706 0.310039,
64.854585 -41.556439 0.310039, 64.850317 -41.550053 0.310039,
65.970866 -35.381102 0.310039, 65.972365 -35.373569 0.310039,
65.976632 -35.367183 0.310039, 65.983018 -35.362916 0.310039,
65.990551 -35.361417 0.310039, 65.998084 -35.362916 0.310039,
66.004471 -35.367183 0.310039, 66.008738 -35.373569 0.310039,
66.010236 -35.381102 0.310039, 66.008738 -35.388636 0.310039,
66.004471 -35.395022 0.310039, 65.998084 -35.399289 0.310039,
65.990551 -35.400787 0.310039, 65.983018 -35.399289 0.310039,
65.976632 -35.395022 0.310039, 65.972365 -35.388636 0.310039,
66.915748 -35.125197 0.310039, 66.917246 -35.117664 0.310039,
66.921514 -35.111277 0.310039, 66.9279 -35.10701 0.310039,
66.935433 -35.105512 0.310039, 66.942966 -35.10701 0.310039,
66.949352 -35.111277 0.310039, 66.95362 -35.117664 0.310039,
66.955118 -35.125197 0.310039, 66.95362 -35.13273 0.310039,
66.949352 -35.139116 0.310039, 66.942966 -35.143383 0.310039,
66.935433 -35.144882 0.310039, 66.9279 -35.143383 0.310039,
66.921514 -35.139116 0.310039, 66.917246 -35.13273 0.310039,
74.022047 -40.341732 -0.310039, 73.94524 -40.334167 -0.310039,
73.871385 -40.311764 -0.310039, 73.803319 -40.275382 -0.310039,
73.743659 -40.22642 -0.310039, 73.694697 -40.16676 -0.310039,
73.658315 -40.098694 -0.310039, 73.635911 -40.024839 -0.310039,
73.628346 -39.948031 -0.310039, 73.628346 -36.011024 -0.310039,
73.635911 -35.934217 -0.310039, 73.658315 -35.860361 -0.310039,
73.694697 -35.792295 -0.310039, 73.743659 -35.732635 -0.310039,
73.803319 -35.683673 -0.310039, 73.871385 -35.647291 -0.310039,
73.94524 -35.624888 -0.310039, 74.022047 -35.617323 -0.310039,
77.959055 -35.617323 -0.310039, 78.035862 -35.624888 -0.310039,
78.109718 -35.647291 -0.310039, 78.177783 -35.683673 -0.310039,
78.237444 -35.732635 -0.310039, 78.286406 -35.792295 -0.310039,
78.322787 -35.860361 -0.310039, 78.345191 -35.934217 -0.310039,
78.352756 -36.011024 -0.310039, 78.352756 -39.948031 -0.310039,
78.345191 -40.024839 -0.310039, 78.322787 -40.098694 -0.310039,
78.286406 -40.16676 -0.310039, 78.237444 -40.22642 -0.310039,
78.177783 -40.275382 -0.310039, 78.109718 -40.311764 -0.310039,
78.035862 -40.334167 -0.310039, 77.959055 -40.341732 -0.310039,
74.52126 -41.000002 -0.310039, 74.522773 -40.98464 -0.310039,
74.527254 -40.969869 -0.310039, 74.53453 -40.956256 -0.310039,
74.544322 -40.944324 -0.310039, 74.556254 -40.934532 -0.310039,
74.569867 -40.927255 -0.310039, 74.584639 -40.922774 -0.310039,
74.6 -40.921261 -0.310039, 74.615361 -40.922774 -0.310039,
74.630133 -40.927255 -0.310039, 74.643746 -40.934532 -0.310039,
74.655678 -40.944324 -0.310039, 74.66547 -40.956256 -0.310039,
74.672746 -40.969869 -0.310039, 74.677227 -40.98464 -0.310039,
74.67874 -41.000002 -0.310039, 74.677227 -41.015363 -0.310039,
74.672746 -41.030134 -0.310039, 74.66547 -41.043747 -0.310039,
74.655678 -41.055679 -0.310039, 74.643746 -41.065472 -0.310039,
74.630133 -41.072748 -0.310039, 74.615361 -41.077229 -0.310039,
74.6 -41.078742 -0.310039, 74.584639 -41.077229 -0.310039,
74.569867 -41.072748 -0.310039, 74.556254 -41.065472 -0.310039,
74.544322 -41.055679 -0.310039, 74.53453 -41.043747 -0.310039,
74.527254 -41.030134 -0.310039, 74.522773 -41.015363 -0.310039,
69.514173 -34.731496 -0.310039, 69.515686 -34.716135 -0.310039,
69.520167 -34.701364 -0.310039, 69.527443 -34.68775 -0.310039,
69.537236 -34.675818 -0.310039, 69.549168 -34.666026 -0.310039,
69.562781 -34.65875 -0.310039, 69.577552 -34.654269 -0.310039,
69.592913 -34.652756 -0.310039, 69.608275 -34.654269 -0.310039,
69.623046 -34.65875 -0.310039, 69.636659 -34.666026 -0.310039,
69.648591 -34.675818 -0.310039, 69.658383 -34.68775 -0.310039,
69.66566 -34.701364 -0.310039, 69.670141 -34.716135 -0.310039,
69.671654 -34.731496 -0.310039, 69.670141 -34.746858 -0.310039,
69.66566 -34.761629 -0.310039, 69.658383 -34.775242 -0.310039,
69.648591 -34.787174 -0.310039, 69.636659 -34.796966 -0.310039,
69.623046 -34.804242 -0.310039, 69.608275 -34.808723 -0.310039,
69.592913 -34.810236 -0.310039, 69.577552 -34.808723 -0.310039,
69.562781 -34.804242 -0.310039, 69.549168 -34.796966 -0.310039,
69.537236 -34.787174 -0.310039, 69.527443 -34.775242 -0.310039,
69.520167 -34.761629 -0.310039, 69.515686 -34.746858 -0.310039,
68.155906 -34.731496 -0.310039, 68.154393 -34.746858 -0.310039,
68.149912 -34.761629 -0.310039, 68.142635 -34.775242 -0.310039,
68.132843 -34.787174 -0.310039, 68.120911 -34.796966 -0.310039,
68.107298 -34.804242 -0.310039, 68.092527 -34.808723 -0.310039,
68.077165 -34.810236 -0.310039, 68.061804 -34.808723 -0.310039,
68.047033 -34.804242 -0.310039, 68.03342 -34.796966 -0.310039,
68.021488 -34.787174 -0.310039, 68.011695 -34.775242 -0.310039,
68.004419 -34.761629 -0.310039, 67.999938 -34.746858 -0.310039,
67.998425 -34.731496 -0.310039, 67.999938 -34.716135 -0.310039,
68.004419 -34.701364 -0.310039, 68.011695 -34.68775 -0.310039,
68.021488 -34.675818 -0.310039, 68.03342 -34.666026 -0.310039,
68.047033 -34.65875 -0.310039, 68.061804 -34.654269 -0.310039,
68.077165 -34.652756 -0.310039, 68.092527 -34.654269 -0.310039,
68.107298 -34.65875 -0.310039, 68.120911 -34.666026 -0.310039,
68.132843 -34.675818 -0.310039, 68.142635 -34.68775 -0.310039,
68.149912 -34.701364 -0.310039, 68.154393 -34.716135 -0.310039,
68.608661 -40.046457 -0.310039, 68.61016 -40.038924 -0.310039,
68.614427 -40.032537 -0.310039, 68.620813 -40.02827 -0.310039,
68.628346 -40.026772 -0.310039, 68.63588 -40.02827 -0.310039,
68.642266 -40.032537 -0.310039, 68.646533 -40.038924 -0.310039,
68.648031 -40.046457 -0.310039, 68.646533 -40.05399 -0.310039,
68.642266 -40.060376 -0.310039, 68.63588 -40.064643 -0.310039,
68.628346 -40.066142 -0.310039, 68.620813 -40.064643 -0.310039,
68.614427 -40.060376 -0.310039, 68.61016 -40.05399 -0.310039,
69.789764 -39.27874 -0.310039, 69.791277 -39.263379 -0.310039,
69.795758 -39.248608 -0.310039, 69.803034 -39.234994 -0.310039,
69.812826 -39.223062 -0.310039, 69.824758 -39.21327 -0.310039,
69.838371 -39.205994 -0.310039, 69.853142 -39.201513 -0.310039,
69.868504 -39.2 -0.310039, 69.883865 -39.201513 -0.310039,
69.898636 -39.205994 -0.310039, 69.91225 -39.21327 -0.310039,
69.924182 -39.223062 -0.310039, 69.933974 -39.234994 -0.310039,
69.94125 -39.248608 -0.310039, 69.945731 -39.263379 -0.310039,
69.947244 -39.27874 -0.310039, 69.945731 -39.294102 -0.310039,
69.94125 -39.308873 -0.310039, 69.933974 -39.322486 -0.310039,
69.924182 -39.334418 -0.310039, 69.91225 -39.34421 -0.310039,
69.898636 -39.351487 -0.310039, 69.883865 -39.355967 -0.310039,
69.868504 -39.35748 -0.310039, 69.853142 -39.355967 -0.310039,
69.838371 -39.351487 -0.310039, 69.824758 -39.34421 -0.310039,
69.812826 -39.334418 -0.310039, 69.803034 -39.322486 -0.310039,
69.795758 -39.308873 -0.310039, 69.791277 -39.294102 -0.310039,
65.872441 -32.959843 -0.310039, 65.873954 -32.944481 -0.310039,
65.878435 -32.92971 -0.310039, 65.885711 -32.916097 -0.310039,
65.895503 -32.904165 -0.310039, 65.907435 -32.894372 -0.310039,
65.921049 -32.887096 -0.310039, 65.93582 -32.882615 -0.310039,
65.951181 -32.881102 -0.310039, 65.966543 -32.882615 -0.310039,
65.981314 -32.887096 -0.310039, 65.994927 -32.894372 -0.310039,
66.006859 -32.904165 -0.310039, 66.016651 -32.916097 -0.310039,
66.023928 -32.92971 -0.310039, 66.028408 -32.944481 -0.310039,
66.029921 -32.959843 -0.310039, 66.028408 -32.975204 -0.310039,
66.023928 -32.989975 -0.310039, 66.016651 -33.003588 -0.310039,
66.006859 -33.01552 -0.310039, 65.994927 -33.025313 -0.310039,
65.981314 -33.032589 -0.310039, 65.966543 -33.03707 -0.310039,
65.951181 -33.038583 -0.310039, 65.93582 -33.03707 -0.310039,
65.921049 -33.032589 -0.310039, 65.907435 -33.025313 -0.310039,
65.895503 -33.01552 -0.310039, 65.885711 -33.003588 -0.310039,
65.878435 -32.989975 -0.310039, 65.873954 -32.975204 -0.310039,
50.4 -24.2 -0.310039, 50.4 -55.696063 -0.310039,
89.770079 -55.696063 -0.310039, 89.770079 -24.2 -0.310039,
64.848819 -41.54252 -0.310039, 64.850317 -41.534987 -0.310039,
64.854585 -41.5286 -0.310039, 64.860971 -41.524333 -0.310039,
64.868504 -41.522835 -0.310039, 64.876037 -41.524333 -0.310039,
64.882423 -41.5286 -0.310039, 64.886691 -41.534987 -0.310039,
64.888189 -41.54252 -0.310039, 64.886691 -41.550053 -0.310039,
64.882423 -41.556439 -0.310039, 64.876037 -41.560706 -0.310039,
64.868504 -41.562205 -0.310039, 64.860971 -41.560706 -0.310039,
64.854585 -41.556439 -0.310039, 64.850317 -41.550053 -0.310039,
65.970866 -35.381102 -0.310039, 65.972365 -35.373569 -0.310039,
65.976632 -35.367183 -0.310039, 65.983018 -35.362916 -0.310039,
65.990551 -35.361417 -0.310039, 65.998084 -35.362916 -0.310039,
66.004471 -35.367183 -0.310039, 66.008738 -35.373569 -0.310039,
66.010236 -35.381102 -0.310039, 66.008738 -35.388636 -0.310039,
66.004471 -35.395022 -0.310039, 65.998084 -35.399289 -0.310039,
65.990551 -35.400787 -0.310039, 65.983018 -35.399289 -0.310039,
65.976632 -35.395022 -0.310039, 65.972365 -35.388636 -0.310039,
66.915748 -35.125197 -0.310039, 66.917246 -35.117664 -0.310039,
66.921514 -35.111277 -0.310039, 66.9279 -35.10701 -0.310039,
66.935433 -35.105512 -0.310039, 66.942966 -35.10701 -0.310039,
66.949352 -35.111277 -0.310039, 66.95362 -35.117664 -0.310039,
66.955118 -35.125197 -0.310039, 66.95362 -35.13273 -0.310039,
66.949352 -35.139116 -0.310039, 66.942966 -35.143383 -0.310039,
66.935433 -35.144882 -0.310039, 66.9279 -35.143383 -0.310039,
66.921514 -35.139116 -0.310039, 66.917246 -35.13273 -0.310039
              ]
            }
            coordIndex [
35, 0, 43, -1, 35, 43, 44, -1, 35, 44, 45, -1, 35, 45, 46, -1,
35, 46, 47, -1, 35, 47, 48, -1, 35, 48, 49, -1, 35, 49, 50, -1,
35, 50, 51, -1, 35, 51, 52, -1, 35, 52, 214, -1, 35, 214, 34, -1,
0, 1, 65, -1, 0, 65, 66, -1, 0, 66, 67, -1, 0, 67, 36, -1,
0, 36, 37, -1, 0, 37, 38, -1, 0, 38, 39, -1, 0, 39, 40, -1,
0, 40, 41, -1, 0, 41, 42, -1, 0, 42, 43, -1, 215, 212, 186, -1,
215, 186, 187, -1, 215, 187, 188, -1, 215, 188, 189, -1, 215, 189, 190, -1,
215, 190, 191, -1, 215, 191, 192, -1, 215, 192, 193, -1, 215, 193, 194, -1,
215, 194, 195, -1, 215, 195, 196, -1, 215, 196, 251, -1, 215, 251, 252, -1,
215, 252, 253, -1, 215, 253, 254, -1, 215, 254, 255, -1, 215, 255, 256, -1,
215, 256, 122, -1, 215, 122, 123, -1, 215, 123, 124, -1, 215, 124, 125, -1,
215, 125, 126, -1, 215, 126, 127, -1, 215, 127, 128, -1, 215, 128, 129, -1,
215, 129, 130, -1, 215, 130, 131, -1, 215, 131, 100, -1, 215, 100, 74, -1,
215, 74, 75, -1, 215, 75, 76, -1, 215, 76, 77, -1, 215, 77, 78, -1,
215, 78, 79, -1, 215, 79, 80, -1, 215, 80, 81, -1, 215, 81, 82, -1,
215, 82, 83, -1, 215, 83, 84, -1, 215, 84, 14, -1, 215, 14, 15, -1,
215, 15, 16, -1, 215, 16, 17, -1, 215, 17, 18, -1, 215, 18, 19, -1,
215, 19, 20, -1, 215, 20, 21, -1, 215, 21, 22, -1, 215, 22, 23, -1,
215, 23, 24, -1, 215, 24, 25, -1, 215, 25, 26, -1, 215, 26, 214, -1,
164, 165, 214, -1, 164, 214, 64, -1, 164, 64, 4, -1, 164, 4, 5, -1,
164, 5, 6, -1, 164, 6, 7, -1, 164, 7, 8, -1, 164, 8, 9, -1,
164, 9, 10, -1, 164, 10, 11, -1, 164, 11, 12, -1, 164, 12, 13, -1,
164, 13, 163, -1, 13, 14, 84, -1, 13, 84, 152, -1, 13, 152, 153, -1,
13, 153, 154, -1, 13, 154, 155, -1, 13, 155, 156, -1, 13, 156, 157, -1,
13, 157, 158, -1, 13, 158, 159, -1, 13, 159, 160, -1, 13, 160, 161, -1,
13, 161, 162, -1, 13, 162, 163, -1, 148, 149, 84, -1, 148, 84, 85, -1,
148, 85, 86, -1, 148, 86, 87, -1, 148, 87, 88, -1, 148, 88, 89, -1,
148, 89, 90, -1, 148, 90, 91, -1, 148, 91, 92, -1, 148, 92, 93, -1,
148, 93, 94, -1, 148, 94, 95, -1, 148, 95, 96, -1, 148, 96, 97, -1,
148, 97, 98, -1, 148, 98, 99, -1, 148, 99, 68, -1, 148, 68, 140, -1,
148, 140, 179, -1, 84, 149, 150, -1, 84, 150, 151, -1, 84, 151, 152, -1,
69, 70, 100, -1, 69, 100, 132, -1, 69, 132, 133, -1, 69, 133, 134, -1,
69, 134, 135, -1, 69, 135, 136, -1, 69, 136, 137, -1, 69, 137, 138, -1,
69, 138, 139, -1, 69, 139, 140, -1, 69, 140, 68, -1, 100, 70, 71, -1,
100, 71, 72, -1, 100, 72, 73, -1, 100, 73, 74, -1, 256, 257, 147, -1,
256, 147, 132, -1, 256, 132, 115, -1, 256, 115, 116, -1, 256, 116, 117, -1,
256, 117, 118, -1, 256, 118, 119, -1, 256, 119, 120, -1, 256, 120, 121, -1,
256, 121, 122, -1, 196, 197, 147, -1, 196, 147, 263, -1, 196, 263, 248, -1,
196, 248, 249, -1, 196, 249, 250, -1, 196, 250, 251, -1, 181, 182, 212, -1,
181, 212, 216, -1, 181, 216, 217, -1, 181, 217, 218, -1, 181, 218, 219, -1,
181, 219, 220, -1, 181, 220, 221, -1, 181, 221, 222, -1, 181, 222, 223, -1,
181, 223, 224, -1, 181, 224, 180, -1, 212, 182, 183, -1, 212, 183, 184, -1,
212, 184, 185, -1, 212, 185, 186, -1, 214, 26, 27, -1, 214, 27, 28, -1,
214, 28, 29, -1, 214, 29, 30, -1, 214, 30, 31, -1, 214, 31, 32, -1,
214, 32, 33, -1, 214, 33, 34, -1, 214, 52, 53, -1, 214, 53, 54, -1,
214, 54, 55, -1, 214, 55, 56, -1, 214, 56, 57, -1, 214, 57, 58, -1,
214, 58, 59, -1, 214, 59, 60, -1, 214, 60, 61, -1, 214, 61, 62, -1,
214, 62, 63, -1, 214, 63, 64, -1, 64, 65, 1, -1, 64, 1, 2, -1,
64, 2, 3, -1, 64, 3, 4, -1, 214, 165, 166, -1, 214, 166, 167, -1,
214, 167, 168, -1, 214, 168, 169, -1, 214, 169, 170, -1, 214, 170, 171, -1,
214, 171, 172, -1, 214, 172, 173, -1, 214, 173, 174, -1, 214, 174, 175, -1,
214, 175, 140, -1, 214, 140, 141, -1, 214, 141, 142, -1, 214, 142, 143, -1,
214, 143, 144, -1, 214, 144, 145, -1, 214, 145, 146, -1, 214, 146, 224, -1,
214, 224, 225, -1, 214, 225, 226, -1, 214, 226, 227, -1, 214, 227, 228, -1,
214, 228, 229, -1, 214, 229, 213, -1, 140, 175, 176, -1, 140, 176, 177, -1,
140, 177, 178, -1, 140, 178, 179, -1, 132, 100, 101, -1, 132, 101, 102, -1,
132, 102, 103, -1, 132, 103, 104, -1, 132, 104, 105, -1, 132, 105, 106, -1,
132, 106, 107, -1, 132, 107, 108, -1, 132, 108, 109, -1, 132, 109, 110, -1,
132, 110, 111, -1, 132, 111, 112, -1, 132, 112, 113, -1, 132, 113, 114, -1,
132, 114, 115, -1, 147, 257, 258, -1, 147, 258, 259, -1, 147, 259, 260, -1,
147, 260, 261, -1, 147, 261, 262, -1, 147, 262, 263, -1, 147, 197, 198, -1,
147, 198, 199, -1, 147, 199, 240, -1, 147, 240, 241, -1, 147, 241, 242, -1,
147, 242, 243, -1, 147, 243, 244, -1, 147, 244, 245, -1, 147, 245, 246, -1,
147, 246, 247, -1, 147, 247, 224, -1, 147, 224, 146, -1, 232, 233, 202, -1,
232, 202, 203, -1, 232, 203, 204, -1, 232, 204, 205, -1, 232, 205, 206, -1,
232, 206, 207, -1, 232, 207, 208, -1, 232, 208, 209, -1, 232, 209, 210, -1,
232, 210, 211, -1, 232, 211, 180, -1, 232, 180, 224, -1, 232, 224, 247, -1,
212, 213, 230, -1, 212, 230, 231, -1, 212, 231, 216, -1, 237, 238, 200, -1,
200, 238, 239, -1, 200, 239, 199, -1, 199, 239, 240, -1, 201, 202, 235, -1,
201, 235, 236, -1, 201, 236, 237, -1, 201, 237, 200, -1, 202, 233, 234, -1,
202, 234, 235, -1, 230, 213, 229, -1, 264, 299, 307, -1, 307, 299, 308, -1,
308, 299, 309, -1, 309, 299, 310, -1, 310, 299, 311, -1, 311, 299, 312, -1,
312, 299, 313, -1, 313, 299, 314, -1, 314, 299, 315, -1, 315, 299, 316, -1,
316, 299, 478, -1, 478, 299, 298, -1, 265, 264, 329, -1, 329, 264, 330, -1,
330, 264, 331, -1, 331, 264, 300, -1, 300, 264, 301, -1, 301, 264, 302, -1,
302, 264, 303, -1, 303, 264, 304, -1, 304, 264, 305, -1, 305, 264, 306, -1,
306, 264, 307, -1, 476, 479, 450, -1, 450, 479, 451, -1, 451, 479, 452, -1,
452, 479, 453, -1, 453, 479, 454, -1, 454, 479, 455, -1, 455, 479, 456, -1,
456, 479, 457, -1, 457, 479, 458, -1, 458, 479, 459, -1, 459, 479, 460, -1,
460, 479, 515, -1, 515, 479, 516, -1, 516, 479, 517, -1, 517, 479, 518, -1,
518, 479, 519, -1, 519, 479, 520, -1, 520, 479, 386, -1, 386, 479, 387, -1,
387, 479, 388, -1, 388, 479, 389, -1, 389, 479, 390, -1, 390, 479, 391, -1,
391, 479, 392, -1, 392, 479, 393, -1, 393, 479, 394, -1, 394, 479, 395, -1,
395, 479, 364, -1, 364, 479, 338, -1, 338, 479, 339, -1, 339, 479, 340, -1,
340, 479, 341, -1, 341, 479, 342, -1, 342, 479, 343, -1, 343, 479, 344, -1,
344, 479, 345, -1, 345, 479, 346, -1, 346, 479, 347, -1, 347, 479, 348, -1,
348, 479, 278, -1, 278, 479, 279, -1, 279, 479, 280, -1, 280, 479, 281, -1,
281, 479, 282, -1, 282, 479, 283, -1, 283, 479, 284, -1, 284, 479, 285, -1,
285, 479, 286, -1, 286, 479, 287, -1, 287, 479, 288, -1, 288, 479, 289, -1,
289, 479, 290, -1, 290, 479, 478, -1, 429, 428, 478, -1, 478, 428, 328, -1,
328, 428, 268, -1, 268, 428, 269, -1, 269, 428, 270, -1, 270, 428, 271, -1,
271, 428, 272, -1, 272, 428, 273, -1, 273, 428, 274, -1, 274, 428, 275, -1,
275, 428, 276, -1, 276, 428, 277, -1, 277, 428, 427, -1, 278, 277, 348, -1,
348, 277, 416, -1, 416, 277, 417, -1, 417, 277, 418, -1, 418, 277, 419, -1,
419, 277, 420, -1, 420, 277, 421, -1, 421, 277, 422, -1, 422, 277, 423, -1,
423, 277, 424, -1, 424, 277, 425, -1, 425, 277, 426, -1, 426, 277, 427, -1,
413, 412, 348, -1, 348, 412, 349, -1, 349, 412, 350, -1, 350, 412, 351, -1,
351, 412, 352, -1, 352, 412, 353, -1, 353, 412, 354, -1, 354, 412, 355, -1,
355, 412, 356, -1, 356, 412, 357, -1, 357, 412, 358, -1, 358, 412, 359, -1,
359, 412, 360, -1, 360, 412, 361, -1, 361, 412, 362, -1, 362, 412, 363, -1,
363, 412, 332, -1, 332, 412, 404, -1, 404, 412, 443, -1, 413, 348, 414, -1,
414, 348, 415, -1, 415, 348, 416, -1, 334, 333, 364, -1, 364, 333, 396, -1,
396, 333, 397, -1, 397, 333, 398, -1, 398, 333, 399, -1, 399, 333, 400, -1,
400, 333, 401, -1, 401, 333, 402, -1, 402, 333, 403, -1, 403, 333, 404, -1,
404, 333, 332, -1, 334, 364, 335, -1, 335, 364, 336, -1, 336, 364, 337, -1,
337, 364, 338, -1, 521, 520, 411, -1, 411, 520, 396, -1, 396, 520, 379, -1,
379, 520, 380, -1, 380, 520, 381, -1, 381, 520, 382, -1, 382, 520, 383, -1,
383, 520, 384, -1, 384, 520, 385, -1, 385, 520, 386, -1, 461, 460, 411, -1,
411, 460, 527, -1, 527, 460, 512, -1, 512, 460, 513, -1, 513, 460, 514, -1,
514, 460, 515, -1, 446, 445, 476, -1, 476, 445, 480, -1, 480, 445, 481, -1,
481, 445, 482, -1, 482, 445, 483, -1, 483, 445, 484, -1, 484, 445, 485, -1,
485, 445, 486, -1, 486, 445, 487, -1, 487, 445, 488, -1, 488, 445, 444, -1,
446, 476, 447, -1, 447, 476, 448, -1, 448, 476, 449, -1, 449, 476, 450, -1,
290, 478, 291, -1, 291, 478, 292, -1, 292, 478, 293, -1, 293, 478, 294, -1,
294, 478, 295, -1, 295, 478, 296, -1, 296, 478, 297, -1, 297, 478, 298, -1,
316, 478, 317, -1, 317, 478, 318, -1, 318, 478, 319, -1, 319, 478, 320, -1,
320, 478, 321, -1, 321, 478, 322, -1, 322, 478, 323, -1, 323, 478, 324, -1,
324, 478, 325, -1, 325, 478, 326, -1, 326, 478, 327, -1, 327, 478, 328, -1,
329, 328, 265, -1, 265, 328, 266, -1, 266, 328, 267, -1, 267, 328, 268, -1,
429, 478, 430, -1, 430, 478, 431, -1, 431, 478, 432, -1, 432, 478, 433, -1,
433, 478, 434, -1, 434, 478, 435, -1, 435, 478, 436, -1, 436, 478, 437, -1,
437, 478, 438, -1, 438, 478, 439, -1, 439, 478, 404, -1, 404, 478, 405, -1,
405, 478, 406, -1, 406, 478, 407, -1, 407, 478, 408, -1, 408, 478, 409, -1,
409, 478, 410, -1, 410, 478, 488, -1, 488, 478, 489, -1, 489, 478, 490, -1,
490, 478, 491, -1, 491, 478, 492, -1, 492, 478, 493, -1, 493, 478, 477, -1,
439, 404, 440, -1, 440, 404, 441, -1, 441, 404, 442, -1, 442, 404, 443, -1,
364, 396, 365, -1, 365, 396, 366, -1, 366, 396, 367, -1, 367, 396, 368, -1,
368, 396, 369, -1, 369, 396, 370, -1, 370, 396, 371, -1, 371, 396, 372, -1,
372, 396, 373, -1, 373, 396, 374, -1, 374, 396, 375, -1, 375, 396, 376, -1,
376, 396, 377, -1, 377, 396, 378, -1, 378, 396, 379, -1, 521, 411, 522, -1,
522, 411, 523, -1, 523, 411, 524, -1, 524, 411, 525, -1, 525, 411, 526, -1,
526, 411, 527, -1, 461, 411, 462, -1, 462, 411, 463, -1, 463, 411, 504, -1,
504, 411, 505, -1, 505, 411, 506, -1, 506, 411, 507, -1, 507, 411, 508, -1,
508, 411, 509, -1, 509, 411, 510, -1, 510, 411, 511, -1, 511, 411, 488, -1,
488, 411, 410, -1, 497, 496, 466, -1, 466, 496, 467, -1, 467, 496, 468, -1,
468, 496, 469, -1, 469, 496, 470, -1, 470, 496, 471, -1, 471, 496, 472, -1,
472, 496, 473, -1, 473, 496, 474, -1, 474, 496, 475, -1, 475, 496, 444, -1,
444, 496, 488, -1, 488, 496, 511, -1, 477, 476, 494, -1, 494, 476, 495, -1,
495, 476, 480, -1, 502, 501, 464, -1, 502, 464, 503, -1, 503, 464, 463, -1,
503, 463, 504, -1, 466, 465, 499, -1, 499, 465, 500, -1, 500, 465, 501, -1,
501, 465, 464, -1, 497, 466, 498, -1, 498, 466, 499, -1, 477, 494, 493, -1,
1, 0, 265, -1, 265, 0, 264, -1, 2, 1, 266, -1, 266, 1, 265, -1,
3, 2, 267, -1, 267, 2, 266, -1, 4, 3, 268, -1, 268, 3, 267, -1,
5, 4, 269, -1, 269, 4, 268, -1, 6, 5, 270, -1, 270, 5, 269, -1,
7, 6, 271, -1, 271, 6, 270, -1, 8, 7, 272, -1, 272, 7, 271, -1,
9, 8, 273, -1, 273, 8, 272, -1, 10, 9, 274, -1, 274, 9, 273, -1,
11, 10, 275, -1, 275, 10, 274, -1, 12, 11, 276, -1, 276, 11, 275, -1,
13, 12, 277, -1, 277, 12, 276, -1, 14, 13, 278, -1, 278, 13, 277, -1,
15, 14, 279, -1, 279, 14, 278, -1, 16, 15, 280, -1, 280, 15, 279, -1,
17, 16, 281, -1, 281, 16, 280, -1, 18, 17, 282, -1, 282, 17, 281, -1,
19, 18, 283, -1, 283, 18, 282, -1, 20, 19, 284, -1, 284, 19, 283, -1,
21, 20, 285, -1, 285, 20, 284, -1, 22, 21, 286, -1, 286, 21, 285, -1,
23, 22, 287, -1, 287, 22, 286, -1, 24, 23, 288, -1, 288, 23, 287, -1,
25, 24, 289, -1, 289, 24, 288, -1, 26, 25, 290, -1, 290, 25, 289, -1,
27, 26, 291, -1, 291, 26, 290, -1, 28, 27, 292, -1, 292, 27, 291, -1,
29, 28, 293, -1, 293, 28, 292, -1, 30, 29, 294, -1, 294, 29, 293, -1,
31, 30, 295, -1, 295, 30, 294, -1, 32, 31, 296, -1, 296, 31, 295, -1,
33, 32, 297, -1, 297, 32, 296, -1, 34, 33, 298, -1, 298, 33, 297, -1,
35, 34, 299, -1, 299, 34, 298, -1, 0, 35, 264, -1, 264, 35, 299, -1,
213, 212, 477, -1, 477, 212, 476, -1, 214, 213, 478, -1, 478, 213, 477, -1,
215, 214, 479, -1, 479, 214, 478, -1, 212, 215, 476, -1, 476, 215, 479, -1
            ]
          }
        }
      ]
    }
  ]
}
Transform {
  children [
    Group {
      children [
        Shape {
          appearance Appearance {
            material Material {
              diffuseColor 0.75 0.61 0.23
              specularColor 0.9 0.844 0.692
              emissiveColor 0 0 0
              ambientIntensity 0.7
              transparency 0
              shininess 0.9
            }
          }
          geometry IndexedFaceSet {
            solid TRUE
            coord Coordinate {
              point [
64.838976 -41.491376 0.314961, 64.837046 -41.493307 0.314961,
63.392826 -41.493307 0.314961, 62.849759 -40.950241 0.314961,
62.449213 -40.549694 0.314961, 62.449213 -38.637707 0.314961,
62.819072 -38.267848 0.314961, 62.821818 -38.281655 0.314961,
62.83462 -38.300813 0.314961, 62.853778 -38.313615 0.314961,
62.876378 -38.31811 0.314961, 63.525984 -38.31811 0.314961,
63.548584 -38.313615 0.314961, 63.567743 -38.300813 0.314961,
63.580544 -38.281655 0.314961, 63.585039 -38.259055 0.314961,
63.585039 -38.140945 0.314961, 63.580544 -38.118345 0.314961,
63.567743 -38.099187 0.314961, 63.548584 -38.086385 0.314961,
63.525984 -38.08189 0.314961, 62.876378 -38.08189 0.314961,
62.853778 -38.086385 0.314961, 62.83462 -38.099187 0.314961,
62.821818 -38.118345 0.314961, 62.817323 -38.140945 0.314961,
62.817323 -38.150787 0.314961, 62.805639 -38.154218 0.314961,
62.793738 -38.156807 0.314961, 62.791748 -38.158296 0.314961,
62.790717 -38.1586 0.314961, 62.789559 -38.159935 0.314961,
62.782524 -38.165202 0.314961, 62.365202 -38.582524 0.314961,
62.359366 -38.593211 0.314961, 62.352781 -38.603458 0.314961,
62.352427 -38.605918 0.314961, 62.351912 -38.606862 0.314961,
62.352038 -38.608624 0.314961, 62.350787 -38.617323 0.314961,
62.350787 -40.570079 0.314961, 62.354218 -40.581763 0.314961,
62.356807 -40.593664 0.314961, 62.358296 -40.595654 0.314961,
62.3586 -40.596685 0.314961, 62.359935 -40.597842 0.314961,
62.365202 -40.604877 0.314961, 62.780162 -41.019838 0.314961,
63.337642 -41.577318 0.314961, 63.348328 -41.583153 0.314961,
63.358576 -41.589739 0.314961, 63.361037 -41.590093 0.314961,
63.36198 -41.590607 0.314961, 63.363741 -41.590481 0.314961,
63.372441 -41.591732 0.314961, 64.837046 -41.591732 0.314961,
64.838976 -41.593663 0.314961, 64.868504 -41.601575 0.314961,
64.898031 -41.593663 0.314961, 64.919647 -41.572047 0.314961,
64.927559 -41.54252 0.314961, 64.919647 -41.512992 0.314961,
64.898031 -41.491376 0.314961, 64.868504 -41.483465 0.314961,
64.848819 -41.54252 0.314961, 64.850317 -41.534987 0.314961,
64.854585 -41.5286 0.314961, 64.860971 -41.524333 0.314961,
64.868504 -41.522835 0.314961, 64.876037 -41.524333 0.314961,
64.882423 -41.5286 0.314961, 64.886691 -41.534987 0.314961,
64.888189 -41.54252 0.314961, 64.886691 -41.550053 0.314961,
64.882423 -41.556439 0.314961, 64.876037 -41.560706 0.314961,
64.868504 -41.562205 0.314961, 64.860971 -41.560706 0.314961,
64.854585 -41.556439 0.314961, 64.850317 -41.550053 0.314961,
74.507042 -40.872597 0.314961, 74.472202 -40.907437 0.314961,
74.450113 -40.950789 0.314961, 66.137709 -40.950789 0.314961,
63.854724 -38.667804 0.314961, 63.854724 -37.920472 0.314961,
63.851294 -37.908791 0.314961, 63.848705 -37.896887 0.314961,
63.847215 -37.894896 0.314961, 63.846912 -37.893866 0.314961,
63.845578 -37.892709 0.314961, 63.840311 -37.885674 0.314961,
63.619838 -37.665202 0.314961, 63.609151 -37.659366 0.314961,
63.598904 -37.652781 0.314961, 63.596444 -37.652427 0.314961,
63.5955 -37.651912 0.314961, 63.593737 -37.652038 0.314961,
63.585039 -37.650787 0.314961, 63.585039 -37.640945 0.314961,
63.580544 -37.618345 0.314961, 63.567743 -37.599187 0.314961,
63.548584 -37.586385 0.314961, 63.525984 -37.58189 0.314961,
62.876378 -37.58189 0.314961, 62.853778 -37.586385 0.314961,
62.83462 -37.599187 0.314961, 62.821818 -37.618345 0.314961,
62.817323 -37.640945 0.314961, 62.817323 -37.759055 0.314961,
62.821818 -37.781655 0.314961, 62.83462 -37.800813 0.314961,
62.853778 -37.813615 0.314961, 62.876378 -37.81811 0.314961,
63.525984 -37.81811 0.314961, 63.548584 -37.813615 0.314961,
63.567743 -37.800813 0.314961, 63.580544 -37.781655 0.314961,
63.58329 -37.767848 0.314961, 63.756299 -37.940857 0.314961,
63.756299 -38.688189 0.314961, 63.75973 -38.699873 0.314961,
63.762319 -38.711774 0.314961, 63.763808 -38.713764 0.314961,
63.764111 -38.714795 0.314961, 63.765447 -38.715952 0.314961,
63.770713 -38.722987 0.314961, 66.082526 -41.0348 0.314961,
66.093214 -41.040637 0.314961, 66.103459 -41.047221 0.314961,
66.10592 -41.047574 0.314961, 66.106863 -41.04809 0.314961,
66.108626 -41.047963 0.314961, 66.117324 -41.049214 0.314961,
74.450113 -41.049214 0.314961, 74.472202 -41.092566 0.314961,
74.507042 -41.127406 0.314961, 74.550942 -41.149774 0.314961,
74.599606 -41.157482 0.314961, 74.600394 -41.157482 0.314961,
74.649058 -41.149774 0.314961, 74.692958 -41.127406 0.314961,
74.727798 -41.092566 0.314961, 74.750167 -41.048666 0.314961,
74.757874 -41.000002 0.314961, 74.750167 -40.951337 0.314961,
74.727798 -40.907437 0.314961, 74.692958 -40.872597 0.314961,
74.649058 -40.850229 0.314961, 74.600394 -40.842521 0.314961,
74.599606 -40.842521 0.314961, 74.550942 -40.850229 0.314961,
74.52126 -41.000002 0.314961, 74.522773 -40.98464 0.314961,
74.527254 -40.969869 0.314961, 74.53453 -40.956256 0.314961,
74.544322 -40.944324 0.314961, 74.556254 -40.934532 0.314961,
74.569867 -40.927255 0.314961, 74.584639 -40.922774 0.314961,
74.6 -40.921261 0.314961, 74.615361 -40.922774 0.314961,
74.630133 -40.927255 0.314961, 74.643746 -40.934532 0.314961,
74.655678 -40.944324 0.314961, 74.66547 -40.956256 0.314961,
74.672746 -40.969869 0.314961, 74.677227 -40.98464 0.314961,
74.67874 -41.000002 0.314961, 74.677227 -41.015363 0.314961,
74.672746 -41.030134 0.314961, 74.66547 -41.043747 0.314961,
74.655678 -41.055679 0.314961, 74.643746 -41.065472 0.314961,
74.630133 -41.072748 0.314961, 74.615361 -41.077229 0.314961,
74.6 -41.078742 0.314961, 74.584639 -41.077229 0.314961,
74.569867 -41.072748 0.314961, 74.556254 -41.065472 0.314961,
74.544322 -41.055679 0.314961, 74.53453 -41.043747 0.314961,
74.527254 -41.030134 0.314961, 74.522773 -41.015363 0.314961,
65.961024 -35.329959 0.314961, 65.959093 -35.33189 0.314961,
65.655906 -35.33189 0.314961, 65.644221 -35.33532 0.314961,
65.63232 -35.337909 0.314961, 65.63033 -35.339399 0.314961,
65.629299 -35.339702 0.314961, 65.628142 -35.341037 0.314961,
65.621107 -35.346304 0.314961, 64.365202 -36.602209 0.314961,
64.359366 -36.612896 0.314961, 64.352781 -36.623143 0.314961,
64.352427 -36.625603 0.314961, 64.351912 -36.626547 0.314961,
64.352038 -36.628309 0.314961, 64.350787 -36.637008 0.314961,
64.350787 -37.4 0.314961, 64.354218 -37.411684 0.314961,
64.356807 -37.423585 0.314961, 64.358296 -37.425575 0.314961,
64.3586 -37.426606 0.314961, 64.359935 -37.427763 0.314961,
64.365202 -37.434798 0.314961, 64.665202 -37.734799 0.314961,
64.67589 -37.740635 0.314961, 64.686135 -37.747219 0.314961,
64.688595 -37.747573 0.314961, 64.689539 -37.748088 0.314961,
64.691302 -37.747962 0.314961, 64.7 -37.749213 0.314961,
64.766142 -37.749213 0.314961, 64.766142 -37.759055 0.314961,
64.770637 -37.781655 0.314961, 64.783439 -37.800813 0.314961,
64.802597 -37.813615 0.314961, 64.825197 -37.81811 0.314961,
65.474803 -37.81811 0.314961, 65.497403 -37.813615 0.314961,
65.516561 -37.800813 0.314961, 65.529363 -37.781655 0.314961,
65.533858 -37.759055 0.314961, 65.533858 -37.640945 0.314961,
65.529363 -37.618345 0.314961, 65.516561 -37.599187 0.314961,
65.497403 -37.586385 0.314961, 65.474803 -37.58189 0.314961,
64.825197 -37.58189 0.314961, 64.802597 -37.586385 0.314961,
64.783439 -37.599187 0.314961, 64.770637 -37.618345 0.314961,
64.766142 -37.640945 0.314961, 64.766142 -37.650787 0.314961,
64.720385 -37.650787 0.314961, 64.449213 -37.379615 0.314961,
64.449213 -36.657392 0.314961, 65.67629 -35.430315 0.314961,
65.959093 -35.430315 0.314961, 65.961024 -35.432246 0.314961,
65.990551 -35.440157 0.314961, 66.020079 -35.432246 0.314961,
66.022009 -35.430315 0.314961, 66.600787 -35.430315 0.314961,
66.612471 -35.426884 0.314961, 66.624372 -35.424295 0.314961,
66.626362 -35.422806 0.314961, 66.627394 -35.422503 0.314961,
66.628551 -35.421167 0.314961, 66.635586 -35.415901 0.314961,
66.753696 -35.297791 0.314961, 66.75953 -35.287106 0.314961,
66.766117 -35.276857 0.314961, 66.76647 -35.274395 0.314961,
66.766985 -35.273453 0.314961, 66.766859 -35.271692 0.314961,
66.76811 -35.262992 0.314961, 66.76811 -35.085344 0.314961,
66.994006 -34.859449 0.314961, 67.170954 -34.859449 0.314961,
67.333706 -35.0222 0.314961, 67.358043 -35.035489 0.314961,
67.385702 -35.033511 0.314961, 67.407901 -35.016894 0.314961,
67.417591 -34.990912 0.314961, 67.411697 -34.963817 0.314961,
67.403302 -34.952603 0.314961, 67.226137 -34.775438 0.314961,
67.21545 -34.769602 0.314961, 67.205204 -34.763017 0.314961,
67.202743 -34.762663 0.314961, 67.2018 -34.762148 0.314961,
67.200037 -34.762274 0.314961, 67.191339 -34.761024 0.314961,
66.973621 -34.761024 0.314961, 66.961937 -34.764454 0.314961,
66.950036 -34.767043 0.314961, 66.948046 -34.768533 0.314961,
66.947015 -34.768836 0.314961, 66.945858 -34.770171 0.314961,
66.938822 -34.775438 0.314961, 66.684099 -35.030161 0.314961,
66.678264 -35.040848 0.314961, 66.671678 -35.051095 0.314961,
66.671324 -35.053555 0.314961, 66.670809 -35.054499 0.314961,
66.670935 -35.056261 0.314961, 66.669685 -35.06496 0.314961,
66.669685 -35.242608 0.314961, 66.580403 -35.33189 0.314961,
66.022009 -35.33189 0.314961, 66.020079 -35.329959 0.314961,
65.990551 -35.322047 0.314961, 65.970866 -35.381102 0.314961,
65.972365 -35.373569 0.314961, 65.976632 -35.367183 0.314961,
65.983018 -35.362916 0.314961, 65.990551 -35.361417 0.314961,
65.998084 -35.362916 0.314961, 66.004471 -35.367183 0.314961,
66.008738 -35.373569 0.314961, 66.010236 -35.381102 0.314961,
66.008738 -35.388636 0.314961, 66.004471 -35.395022 0.314961,
65.998084 -35.399289 0.314961, 65.990551 -35.400787 0.314961,
65.983018 -35.399289 0.314961, 65.976632 -35.395022 0.314961,
65.972365 -35.388636 0.314961, 63.585039 -38.640945 0.314961,
63.580544 -38.618345 0.314961, 63.567743 -38.599187 0.314961,
63.548584 -38.586385 0.314961, 63.525984 -38.58189 0.314961,
62.876378 -38.58189 0.314961, 62.853778 -38.586385 0.314961,
62.83462 -38.599187 0.314961, 62.821818 -38.618345 0.314961,
62.817323 -38.640945 0.314961, 62.817323 -38.759055 0.314961,
62.821818 -38.781655 0.314961, 62.83462 -38.800813 0.314961,
62.853778 -38.813615 0.314961, 62.876378 -38.81811 0.314961,
63.525984 -38.81811 0.314961, 63.548584 -38.813615 0.314961,
63.567743 -38.800813 0.314961, 63.580544 -38.781655 0.314961,
63.585039 -38.759055 0.314961, 65.533858 -38.640945 0.314961,
65.529363 -38.618345 0.314961, 65.516561 -38.599187 0.314961,
65.497403 -38.586385 0.314961, 65.474803 -38.58189 0.314961,
64.825197 -38.58189 0.314961, 64.802597 -38.586385 0.314961,
64.783439 -38.599187 0.314961, 64.770637 -38.618345 0.314961,
64.766142 -38.640945 0.314961, 64.766142 -38.759055 0.314961,
64.770637 -38.781655 0.314961, 64.783439 -38.800813 0.314961,
64.802597 -38.813615 0.314961, 64.825197 -38.81811 0.314961,
65.474803 -38.81811 0.314961, 65.497403 -38.813615 0.314961,
65.516561 -38.800813 0.314961, 65.529363 -38.781655 0.314961,
65.533858 -38.759055 0.314961, 65.533858 -38.140945 0.314961,
65.529363 -38.118345 0.314961, 65.516561 -38.099187 0.314961,
65.497403 -38.086385 0.314961, 65.474803 -38.08189 0.314961,
64.825197 -38.08189 0.314961, 64.802597 -38.086385 0.314961,
64.783439 -38.099187 0.314961, 64.770637 -38.118345 0.314961,
64.766142 -38.140945 0.314961, 64.766142 -38.259055 0.314961,
64.770637 -38.281655 0.314961, 64.783439 -38.300813 0.314961,
64.802597 -38.313615 0.314961, 64.825197 -38.31811 0.314961,
65.474803 -38.31811 0.314961, 65.497403 -38.313615 0.314961,
65.516561 -38.300813 0.314961, 65.529363 -38.281655 0.314961,
65.533858 -38.259055 0.314961, 63.585039 -37.140945 0.314961,
63.580544 -37.118345 0.314961, 63.567743 -37.099187 0.314961,
63.548584 -37.086385 0.314961, 63.525984 -37.08189 0.314961,
62.876378 -37.08189 0.314961, 62.853778 -37.086385 0.314961,
62.83462 -37.099187 0.314961, 62.821818 -37.118345 0.314961,
62.817323 -37.140945 0.314961, 62.817323 -37.259055 0.314961,
62.821818 -37.281655 0.314961, 62.83462 -37.300813 0.314961,
62.853778 -37.313615 0.314961, 62.876378 -37.31811 0.314961,
63.525984 -37.31811 0.314961, 63.548584 -37.313615 0.314961,
63.567743 -37.300813 0.314961, 63.580544 -37.281655 0.314961,
63.585039 -37.259055 0.314961, 69.499955 -34.604092 0.314961,
69.465115 -34.638931 0.314961, 69.442747 -34.682832 0.314961,
69.435039 -34.731496 0.314961, 69.442747 -34.78016 0.314961,
69.465115 -34.824061 0.314961, 69.499955 -34.8589 0.314961,
69.543856 -34.881269 0.314961, 69.59252 -34.888976 0.314961,
69.593307 -34.888976 0.314961, 69.641971 -34.881269 0.314961,
69.685872 -34.8589 0.314961, 69.720711 -34.824061 0.314961,
69.74308 -34.78016 0.314961, 69.750787 -34.731496 0.314961,
69.74308 -34.682832 0.314961, 69.720711 -34.638931 0.314961,
69.685872 -34.604092 0.314961, 69.641971 -34.581723 0.314961,
69.593307 -34.574016 0.314961, 69.59252 -34.574016 0.314961,
69.543856 -34.581723 0.314961, 69.514173 -34.731496 0.314961,
69.515686 -34.716135 0.314961, 69.520167 -34.701364 0.314961,
69.527443 -34.68775 0.314961, 69.537236 -34.675818 0.314961,
69.549168 -34.666026 0.314961, 69.562781 -34.65875 0.314961,
69.577552 -34.654269 0.314961, 69.592913 -34.652756 0.314961,
69.608275 -34.654269 0.314961, 69.623046 -34.65875 0.314961,
69.636659 -34.666026 0.314961, 69.648591 -34.675818 0.314961,
69.658383 -34.68775 0.314961, 69.66566 -34.701364 0.314961,
69.670141 -34.716135 0.314961, 69.671654 -34.731496 0.314961,
69.670141 -34.746858 0.314961, 69.66566 -34.761629 0.314961,
69.658383 -34.775242 0.314961, 69.648591 -34.787174 0.314961,
69.636659 -34.796966 0.314961, 69.623046 -34.804242 0.314961,
69.608275 -34.808723 0.314961, 69.592913 -34.810236 0.314961,
69.577552 -34.808723 0.314961, 69.562781 -34.804242 0.314961,
69.549168 -34.796966 0.314961, 69.537236 -34.787174 0.314961,
69.527443 -34.775242 0.314961, 69.520167 -34.761629 0.314961,
69.515686 -34.746858 0.314961, 68.16973 -34.8589 0.314961,
68.20457 -34.824061 0.314961, 68.226938 -34.78016 0.314961,
68.234646 -34.731496 0.314961, 68.226938 -34.682832 0.314961,
68.20457 -34.638931 0.314961, 68.16973 -34.604092 0.314961,
68.12583 -34.581723 0.314961, 68.077165 -34.574016 0.314961,
68.028501 -34.581723 0.314961, 67.984601 -34.604092 0.314961,
67.949761 -34.638931 0.314961, 67.927393 -34.682832 0.314961,
67.919685 -34.731496 0.314961, 67.927393 -34.78016 0.314961,
67.933168 -34.791495 0.314961, 67.592117 -35.088061 0.314961,
67.59155 -35.088947 0.314961, 67.589611 -35.090398 0.314961,
67.446545 -35.233464 0.314961, 67.113297 -35.233464 0.314961,
66.99063 -35.110796 0.314961, 66.986576 -35.095669 0.314961,
66.964961 -35.074054 0.314961, 66.935433 -35.066142 0.314961,
66.905906 -35.074054 0.314961, 66.88429 -35.095669 0.314961,
66.876378 -35.125197 0.314961, 66.88429 -35.154724 0.314961,
66.905906 -35.17634 0.314961, 66.921033 -35.180393 0.314961,
67.058115 -35.317475 0.314961, 67.068799 -35.323309 0.314961,
67.079048 -35.329896 0.314961, 67.081509 -35.33025 0.314961,
67.082452 -35.330765 0.314961, 67.084213 -35.330639 0.314961,
67.092913 -35.331889 0.314961, 67.354759 -35.331889 0.314961,
66.910002 -35.789233 0.314961, 65.548449 -37.150787 0.314961,
65.533858 -37.150787 0.314961, 65.533858 -37.140945 0.314961,
65.529363 -37.118345 0.314961, 65.516561 -37.099187 0.314961,
65.497403 -37.086385 0.314961, 65.474803 -37.08189 0.314961,
64.825197 -37.08189 0.314961, 64.802597 -37.086385 0.314961,
64.783439 -37.099187 0.314961, 64.770637 -37.118345 0.314961,
64.766142 -37.140945 0.314961, 64.766142 -37.259055 0.314961,
64.770637 -37.281655 0.314961, 64.783439 -37.300813 0.314961,
64.802597 -37.313615 0.314961, 64.825197 -37.31811 0.314961,
65.474803 -37.31811 0.314961, 65.497403 -37.313615 0.314961,
65.516561 -37.300813 0.314961, 65.529363 -37.281655 0.314961,
65.533858 -37.259055 0.314961, 65.533858 -37.249213 0.314961,
65.568833 -37.249213 0.314961, 65.580517 -37.245781 0.314961,
65.592418 -37.243193 0.314961, 65.594408 -37.241703 0.314961,
65.595439 -37.2414 0.314961, 65.596596 -37.240065 0.314961,
65.603631 -37.234798 0.314961, 66.979845 -35.858585 0.314961,
66.979955 -35.858383 0.314961, 66.980327 -35.858096 0.314961,
67.658254 -35.160983 0.314961, 67.997872 -34.865663 0.314961,
68.028501 -34.881269 0.314961, 68.077165 -34.888976 0.314961,
68.12583 -34.881269 0.314961, 68.155906 -34.731496 0.314961,
68.154393 -34.746858 0.314961, 68.149912 -34.761629 0.314961,
68.142635 -34.775242 0.314961, 68.132843 -34.787174 0.314961,
68.120911 -34.796966 0.314961, 68.107298 -34.804242 0.314961,
68.092527 -34.808723 0.314961, 68.077165 -34.810236 0.314961,
68.061804 -34.808723 0.314961, 68.047033 -34.804242 0.314961,
68.03342 -34.796966 0.314961, 68.021488 -34.787174 0.314961,
68.011695 -34.775242 0.314961, 68.004419 -34.761629 0.314961,
67.999938 -34.746858 0.314961, 67.998425 -34.731496 0.314961,
67.999938 -34.716135 0.314961, 68.004419 -34.701364 0.314961,
68.011695 -34.68775 0.314961, 68.021488 -34.675818 0.314961,
68.03342 -34.666026 0.314961, 68.047033 -34.65875 0.314961,
68.061804 -34.654269 0.314961, 68.077165 -34.652756 0.314961,
68.092527 -34.654269 0.314961, 68.107298 -34.65875 0.314961,
68.120911 -34.666026 0.314961, 68.132843 -34.675818 0.314961,
68.142635 -34.68775 0.314961, 68.149912 -34.701364 0.314961,
68.154393 -34.716135 0.314961, 66.915748 -35.125197 0.314961,
66.917246 -35.117664 0.314961, 66.921514 -35.111277 0.314961,
66.9279 -35.10701 0.314961, 66.935433 -35.105512 0.314961,
66.942966 -35.10701 0.314961, 66.949352 -35.111277 0.314961,
66.95362 -35.117664 0.314961, 66.955118 -35.125197 0.314961,
66.95362 -35.13273 0.314961, 66.949352 -35.139116 0.314961,
66.942966 -35.143383 0.314961, 66.935433 -35.144882 0.314961,
66.9279 -35.143383 0.314961, 66.921514 -35.139116 0.314961,
66.917246 -35.13273 0.314961, 65.858617 -32.832438 0.314961,
65.823777 -32.867278 0.314961, 65.801408 -32.911178 0.314961,
65.793701 -32.959843 0.314961, 65.801408 -33.008507 0.314961,
65.823777 -33.052407 0.314961, 65.858617 -33.087247 0.314961,
65.902517 -33.109615 0.314961, 65.951181 -33.117323 0.314961,
65.999845 -33.109615 0.314961, 66.043746 -33.087247 0.314961,
66.078585 -33.052407 0.314961, 66.100954 -33.008507 0.314961,
66.108661 -32.959843 0.314961, 66.100954 -32.911178 0.314961,
66.090317 -32.890303 0.314961, 66.955817 -32.024803 0.314961,
67.329134 -32.024803 0.314961, 69.592913 -32.024803 0.314961,
69.61952 -32.016991 0.314961, 69.637679 -31.996034 0.314961,
69.641625 -31.968587 0.314961, 69.630106 -31.943363 0.314961,
69.606778 -31.928371 0.314961, 69.592913 -31.926378 0.314961,
67.329134 -31.926378 0.314961, 66.935433 -31.926378 0.314961,
66.923752 -31.929807 0.314961, 66.911848 -31.932397 0.314961,
66.909857 -31.933887 0.314961, 66.908827 -31.93419 0.314961,
66.90767 -31.935525 0.314961, 66.900635 -31.940792 0.314961,
66.02072 -32.820706 0.314961, 65.999845 -32.81007 0.314961,
65.951181 -32.802362 0.314961, 65.902517 -32.81007 0.314961,
65.872441 -32.959843 0.314961, 65.873954 -32.944481 0.314961,
65.878435 -32.92971 0.314961, 65.885711 -32.916097 0.314961,
65.895503 -32.904165 0.314961, 65.907435 -32.894372 0.314961,
65.921049 -32.887096 0.314961, 65.93582 -32.882615 0.314961,
65.951181 -32.881102 0.314961, 65.966543 -32.882615 0.314961,
65.981314 -32.887096 0.314961, 65.994927 -32.894372 0.314961,
66.006859 -32.904165 0.314961, 66.016651 -32.916097 0.314961,
66.023928 -32.92971 0.314961, 66.028408 -32.944481 0.314961,
66.029921 -32.959843 0.314961, 66.028408 -32.975204 0.314961,
66.023928 -32.989975 0.314961, 66.016651 -33.003588 0.314961,
66.006859 -33.01552 0.314961, 65.994927 -33.025313 0.314961,
65.981314 -33.032589 0.314961, 65.966543 -33.03707 0.314961,
65.951181 -33.038583 0.314961, 65.93582 -33.03707 0.314961,
65.921049 -33.032589 0.314961, 65.907435 -33.025313 0.314961,
65.895503 -33.01552 0.314961, 65.885711 -33.003588 0.314961,
65.878435 -32.989975 0.314961, 65.873954 -32.975204 0.314961,
69.789764 -39.27874 0.314961, 69.791277 -39.263379 0.314961,
69.795758 -39.248608 0.314961, 69.803034 -39.234994 0.314961,
69.812826 -39.223062 0.314961, 69.824758 -39.21327 0.314961,
69.838371 -39.205994 0.314961, 69.853142 -39.201513 0.314961,
69.868504 -39.2 0.314961, 69.883865 -39.201513 0.314961,
69.898636 -39.205994 0.314961, 69.91225 -39.21327 0.314961,
69.924182 -39.223062 0.314961, 69.933974 -39.234994 0.314961,
69.94125 -39.248608 0.314961, 69.945731 -39.263379 0.314961,
69.947244 -39.27874 0.314961, 69.945731 -39.294102 0.314961,
69.94125 -39.308873 0.314961, 69.933974 -39.322486 0.314961,
69.924182 -39.334418 0.314961, 69.91225 -39.34421 0.314961,
69.898636 -39.351487 0.314961, 69.883865 -39.355967 0.314961,
69.868504 -39.35748 0.314961, 69.853142 -39.355967 0.314961,
69.838371 -39.351487 0.314961, 69.824758 -39.34421 0.314961,
69.812826 -39.334418 0.314961, 69.803034 -39.322486 0.314961,
69.795758 -39.308873 0.314961, 69.791277 -39.294102 0.314961,
68.598819 -39.995313 0.314961, 68.577203 -40.016929 0.314961,
68.569291 -40.046457 0.314961, 68.577203 -40.075984 0.314961,
68.598819 -40.0976 0.314961, 68.628346 -40.105512 0.314961,
68.657874 -40.0976 0.314961, 68.659805 -40.095669 0.314961,
69.100787 -40.095669 0.314961, 69.112471 -40.092238 0.314961,
69.124372 -40.08965 0.314961, 69.126362 -40.08816 0.314961,
69.127394 -40.087857 0.314961, 69.128551 -40.086521 0.314961,
69.135586 -40.081255 0.314961, 69.745822 -39.471019 0.314961,
69.745823 -39.471018 0.314961, 69.798831 -39.418009 0.314961,
69.819446 -39.428513 0.314961, 69.86811 -39.43622 0.314961,
69.868898 -39.43622 0.314961, 69.917562 -39.428513 0.314961,
69.961462 -39.406144 0.314961, 69.996302 -39.371305 0.314961,
70.01867 -39.327404 0.314961, 70.026378 -39.27874 0.314961,
70.01867 -39.230076 0.314961, 69.996302 -39.186176 0.314961,
69.961462 -39.151336 0.314961, 69.917562 -39.128967 0.314961,
69.868898 -39.12126 0.314961, 69.86811 -39.12126 0.314961,
69.819446 -39.128967 0.314961, 69.775546 -39.151336 0.314961,
69.740706 -39.186176 0.314961, 69.718337 -39.230076 0.314961,
69.71063 -39.27874 0.314961, 69.718337 -39.327404 0.314961,
69.729107 -39.34854 0.314961, 69.676226 -39.40142 0.314961,
69.676225 -39.401422 0.314961, 69.080403 -39.997244 0.314961,
68.659805 -39.997244 0.314961, 68.657874 -39.995313 0.314961,
68.628346 -39.987402 0.314961, 68.608661 -40.046457 0.314961,
68.61016 -40.038924 0.314961, 68.614427 -40.032537 0.314961,
68.620813 -40.02827 0.314961, 68.628346 -40.026772 0.314961,
68.63588 -40.02827 0.314961, 68.642266 -40.032537 0.314961,
68.646533 -40.038924 0.314961, 68.648031 -40.046457 0.314961,
68.646533 -40.05399 0.314961, 68.642266 -40.060376 0.314961,
68.63588 -40.064643 0.314961, 68.628346 -40.066142 0.314961,
68.620813 -40.064643 0.314961, 68.614427 -40.060376 0.314961,
68.61016 -40.05399 0.314961
              ]
            }
            coordIndex [
6, 7, 24, -1, 24, 7, 8, -1, 24, 8, 23, -1, 23, 8, 9, -1,
23, 9, 22, -1, 22, 9, 10, -1, 22, 10, 21, -1, 21, 10, 11, -1,
21, 11, 20, -1, 20, 11, 12, -1, 20, 12, 19, -1, 19, 12, 13, -1,
19, 13, 18, -1, 18, 13, 14, -1, 18, 14, 17, -1, 17, 14, 15, -1,
17, 15, 16, -1, 6, 24, 25, -1, 6, 25, 26, -1, 6, 26, 27, -1,
6, 27, 28, -1, 6, 28, 29, -1, 6, 29, 30, -1, 6, 30, 31, -1,
6, 31, 32, -1, 6, 32, 5, -1, 33, 34, 45, -1, 33, 45, 46, -1,
33, 46, 4, -1, 33, 4, 5, -1, 33, 5, 32, -1, 34, 35, 41, -1,
41, 35, 36, -1, 41, 36, 38, -1, 38, 36, 37, -1, 60, 61, 59, -1,
59, 61, 62, -1, 59, 62, 58, -1, 58, 62, 72, -1, 58, 72, 73, -1,
62, 63, 69, -1, 62, 69, 70, -1, 62, 70, 71, -1, 62, 71, 72, -1,
63, 0, 65, -1, 63, 65, 66, -1, 63, 66, 67, -1, 63, 67, 68, -1,
63, 68, 69, -1, 53, 54, 2, -1, 2, 54, 55, -1, 2, 55, 1, -1,
1, 55, 56, -1, 1, 56, 0, -1, 0, 56, 64, -1, 0, 64, 65, -1,
58, 73, 74, -1, 58, 74, 75, -1, 58, 75, 76, -1, 58, 76, 57, -1,
57, 76, 77, -1, 57, 77, 78, -1, 57, 78, 79, -1, 57, 79, 56, -1,
2, 3, 48, -1, 2, 48, 49, -1, 2, 49, 50, -1, 2, 50, 51, -1,
2, 51, 52, -1, 2, 52, 53, -1, 47, 48, 3, -1, 47, 3, 4, -1,
47, 4, 46, -1, 34, 41, 42, -1, 34, 42, 43, -1, 34, 43, 44, -1,
34, 44, 45, -1, 39, 40, 41, -1, 39, 41, 38, -1, 98, 99, 118, -1,
118, 99, 100, -1, 118, 100, 117, -1, 117, 100, 101, -1, 117, 101, 116, -1,
116, 101, 102, -1, 116, 102, 115, -1, 115, 102, 103, -1, 115, 103, 114, -1,
114, 103, 104, -1, 114, 104, 113, -1, 113, 104, 105, -1, 113, 105, 112, -1,
112, 105, 106, -1, 112, 106, 111, -1, 111, 106, 107, -1, 111, 107, 110, -1,
110, 107, 108, -1, 110, 108, 109, -1, 144, 145, 143, -1, 143, 145, 146, -1,
143, 146, 142, -1, 142, 146, 147, -1, 142, 147, 141, -1, 141, 147, 168, -1,
141, 168, 169, -1, 147, 148, 164, -1, 147, 164, 165, -1, 147, 165, 166, -1,
147, 166, 167, -1, 147, 167, 168, -1, 148, 149, 161, -1, 148, 161, 162, -1,
148, 162, 163, -1, 148, 163, 164, -1, 158, 159, 150, -1, 150, 159, 160, -1,
150, 160, 149, -1, 149, 160, 161, -1, 155, 156, 151, -1, 151, 156, 157, -1,
151, 157, 150, -1, 150, 157, 158, -1, 183, 152, 80, -1, 80, 152, 153, -1,
80, 153, 151, -1, 151, 153, 154, -1, 151, 154, 155, -1, 141, 169, 170, -1,
141, 170, 171, -1, 141, 171, 172, -1, 141, 172, 140, -1, 140, 172, 173, -1,
140, 173, 174, -1, 140, 174, 175, -1, 140, 175, 139, -1, 176, 177, 138, -1,
176, 138, 139, -1, 176, 139, 175, -1, 177, 178, 138, -1, 138, 178, 179, -1,
138, 179, 137, -1, 137, 179, 180, -1, 137, 180, 181, -1, 181, 182, 137, -1,
137, 182, 183, -1, 137, 183, 136, -1, 136, 183, 80, -1, 136, 80, 81, -1,
132, 133, 83, -1, 83, 133, 134, -1, 83, 134, 82, -1, 82, 134, 135, -1,
82, 135, 81, -1, 81, 135, 136, -1, 83, 84, 127, -1, 83, 127, 128, -1,
83, 128, 129, -1, 83, 129, 130, -1, 83, 130, 131, -1, 83, 131, 132, -1,
84, 85, 86, -1, 84, 86, 87, -1, 84, 87, 88, -1, 84, 88, 89, -1,
84, 89, 90, -1, 84, 90, 91, -1, 84, 91, 126, -1, 84, 126, 127, -1,
91, 92, 119, -1, 91, 119, 120, -1, 91, 120, 121, -1, 91, 121, 122, -1,
91, 122, 123, -1, 91, 123, 124, -1, 91, 124, 125, -1, 91, 125, 126, -1,
119, 92, 93, -1, 119, 93, 94, -1, 119, 94, 95, -1, 119, 95, 96, -1,
119, 96, 97, -1, 119, 97, 98, -1, 119, 98, 118, -1, 284, 285, 252, -1,
252, 285, 286, -1, 252, 286, 288, -1, 288, 286, 287, -1, 263, 264, 268, -1,
268, 264, 265, -1, 268, 265, 267, -1, 267, 265, 266, -1, 262, 263, 268, -1,
262, 268, 269, -1, 262, 269, 270, -1, 262, 270, 271, -1, 262, 271, 272, -1,
262, 272, 273, -1, 262, 273, 274, -1, 262, 274, 275, -1, 262, 275, 261, -1,
260, 261, 275, -1, 260, 275, 276, -1, 260, 276, 277, -1, 260, 277, 278, -1,
260, 278, 279, -1, 260, 279, 280, -1, 260, 280, 281, -1, 260, 281, 282, -1,
260, 282, 259, -1, 259, 282, 283, -1, 259, 283, 252, -1, 259, 252, 253, -1,
259, 253, 254, -1, 259, 254, 255, -1, 259, 255, 257, -1, 259, 257, 258, -1,
250, 251, 290, -1, 290, 251, 252, -1, 290, 252, 289, -1, 289, 252, 288, -1,
290, 291, 245, -1, 290, 245, 246, -1, 290, 246, 247, -1, 290, 247, 248, -1,
290, 248, 249, -1, 290, 249, 250, -1, 303, 243, 293, -1, 293, 243, 244, -1,
293, 244, 292, -1, 292, 244, 245, -1, 292, 245, 291, -1, 293, 294, 300, -1,
293, 300, 301, -1, 293, 301, 302, -1, 293, 302, 303, -1, 294, 184, 296, -1,
294, 296, 297, -1, 294, 297, 298, -1, 294, 298, 299, -1, 294, 299, 300, -1,
308, 309, 242, -1, 242, 309, 310, -1, 242, 310, 241, -1, 241, 310, 295, -1,
241, 295, 184, -1, 184, 295, 296, -1, 243, 303, 304, -1, 243, 304, 305, -1,
243, 305, 306, -1, 243, 306, 307, -1, 243, 307, 242, -1, 185, 186, 239, -1,
185, 239, 240, -1, 185, 240, 241, -1, 185, 241, 184, -1, 239, 186, 187, -1,
239, 187, 188, -1, 239, 188, 189, -1, 239, 189, 190, -1, 239, 190, 191, -1,
239, 191, 192, -1, 239, 192, 238, -1, 193, 194, 205, -1, 193, 205, 206, -1,
193, 206, 237, -1, 193, 237, 238, -1, 193, 238, 192, -1, 236, 237, 207, -1,
236, 207, 208, -1, 236, 208, 209, -1, 236, 209, 210, -1, 236, 210, 211, -1,
236, 211, 212, -1, 236, 212, 213, -1, 236, 213, 214, -1, 236, 214, 235, -1,
194, 195, 201, -1, 194, 201, 202, -1, 194, 202, 203, -1, 194, 203, 204, -1,
194, 204, 205, -1, 201, 195, 196, -1, 201, 196, 198, -1, 201, 198, 199, -1,
201, 199, 200, -1, 234, 216, 233, -1, 233, 216, 217, -1, 233, 217, 232, -1,
232, 217, 218, -1, 232, 218, 231, -1, 231, 218, 219, -1, 231, 219, 230, -1,
230, 219, 220, -1, 230, 220, 229, -1, 229, 220, 221, -1, 229, 221, 228, -1,
228, 221, 222, -1, 228, 222, 227, -1, 227, 222, 223, -1, 227, 223, 226, -1,
226, 223, 224, -1, 226, 224, 225, -1, 216, 234, 235, -1, 216, 235, 214, -1,
216, 214, 215, -1, 320, 322, 319, -1, 319, 322, 323, -1, 319, 323, 318, -1,
318, 323, 324, -1, 318, 324, 317, -1, 317, 324, 325, -1, 317, 325, 316, -1,
316, 325, 326, -1, 316, 326, 315, -1, 315, 326, 327, -1, 315, 327, 314, -1,
314, 327, 328, -1, 314, 328, 313, -1, 313, 328, 329, -1, 313, 329, 312, -1,
312, 329, 330, -1, 312, 330, 311, -1, 340, 342, 339, -1, 339, 342, 343, -1,
339, 343, 338, -1, 338, 343, 344, -1, 338, 344, 337, -1, 337, 344, 345, -1,
337, 345, 336, -1, 336, 345, 346, -1, 336, 346, 335, -1, 335, 346, 347, -1,
335, 347, 334, -1, 334, 347, 348, -1, 334, 348, 333, -1, 333, 348, 349, -1,
333, 349, 332, -1, 332, 349, 350, -1, 332, 350, 331, -1, 360, 362, 359, -1,
359, 362, 363, -1, 359, 363, 358, -1, 358, 363, 364, -1, 358, 364, 357, -1,
357, 364, 365, -1, 357, 365, 356, -1, 356, 365, 366, -1, 356, 366, 355, -1,
355, 366, 367, -1, 355, 367, 354, -1, 354, 367, 368, -1, 354, 368, 353, -1,
353, 368, 369, -1, 353, 369, 352, -1, 352, 369, 370, -1, 352, 370, 351, -1,
380, 382, 379, -1, 379, 382, 383, -1, 379, 383, 378, -1, 378, 383, 384, -1,
378, 384, 377, -1, 377, 384, 385, -1, 377, 385, 376, -1, 376, 385, 386, -1,
376, 386, 375, -1, 375, 386, 387, -1, 375, 387, 374, -1, 374, 387, 388, -1,
374, 388, 373, -1, 373, 388, 389, -1, 373, 389, 372, -1, 372, 389, 390, -1,
372, 390, 371, -1, 405, 406, 404, -1, 404, 406, 407, -1, 404, 407, 403, -1,
403, 407, 408, -1, 403, 408, 402, -1, 402, 408, 429, -1, 402, 429, 430, -1,
408, 409, 425, -1, 408, 425, 426, -1, 408, 426, 427, -1, 408, 427, 428, -1,
408, 428, 429, -1, 409, 410, 422, -1, 409, 422, 423, -1, 409, 423, 424, -1,
409, 424, 425, -1, 419, 420, 411, -1, 411, 420, 421, -1, 411, 421, 410, -1,
410, 421, 422, -1, 416, 417, 412, -1, 412, 417, 418, -1, 412, 418, 411, -1,
411, 418, 419, -1, 444, 413, 391, -1, 391, 413, 414, -1, 391, 414, 412, -1,
412, 414, 415, -1, 412, 415, 416, -1, 402, 430, 431, -1, 402, 431, 432, -1,
402, 432, 433, -1, 402, 433, 401, -1, 401, 433, 434, -1, 401, 434, 435, -1,
401, 435, 436, -1, 401, 436, 400, -1, 437, 438, 399, -1, 437, 399, 400, -1,
437, 400, 436, -1, 438, 439, 399, -1, 399, 439, 440, -1, 399, 440, 398, -1,
398, 440, 441, -1, 398, 441, 442, -1, 442, 443, 398, -1, 398, 443, 444, -1,
398, 444, 397, -1, 397, 444, 391, -1, 397, 391, 392, -1, 394, 395, 393, -1,
393, 395, 396, -1, 393, 396, 392, -1, 392, 396, 397, -1, 484, 485, 508, -1,
508, 485, 486, -1, 508, 486, 507, -1, 507, 486, 487, -1, 507, 487, 506, -1,
506, 487, 488, -1, 506, 488, 505, -1, 505, 488, 489, -1, 505, 489, 504, -1,
504, 489, 490, -1, 504, 490, 503, -1, 503, 490, 491, -1, 503, 491, 502, -1,
502, 491, 492, -1, 502, 492, 501, -1, 501, 492, 493, -1, 501, 493, 500, -1,
500, 493, 494, -1, 500, 494, 499, -1, 499, 494, 495, -1, 499, 495, 498, -1,
498, 495, 496, -1, 498, 496, 497, -1, 468, 469, 560, -1, 468, 560, 561, -1,
468, 561, 562, -1, 468, 562, 563, -1, 468, 563, 476, -1, 468, 476, 466, -1,
468, 466, 467, -1, 469, 470, 556, -1, 469, 556, 557, -1, 469, 557, 558, -1,
469, 558, 559, -1, 469, 559, 560, -1, 470, 471, 474, -1, 470, 474, 475, -1,
470, 475, 555, -1, 470, 555, 556, -1, 465, 466, 476, -1, 465, 476, 477, -1,
465, 477, 478, -1, 465, 478, 479, -1, 465, 479, 480, -1, 465, 480, 481, -1,
465, 481, 482, -1, 465, 482, 483, -1, 465, 483, 464, -1, 476, 563, 564, -1,
476, 564, 565, -1, 476, 565, 566, -1, 476, 566, 567, -1, 476, 567, 568, -1,
476, 568, 569, -1, 476, 569, 475, -1, 570, 555, 475, -1, 570, 475, 569, -1,
471, 472, 473, -1, 471, 473, 474, -1, 458, 459, 457, -1, 457, 459, 460, -1,
457, 460, 456, -1, 456, 460, 519, -1, 456, 519, 455, -1, 455, 519, 539, -1,
455, 539, 540, -1, 448, 449, 447, -1, 447, 449, 450, -1, 447, 450, 446, -1,
446, 450, 451, -1, 446, 451, 445, -1, 445, 451, 523, -1, 445, 523, 524, -1,
451, 452, 551, -1, 451, 551, 552, -1, 451, 552, 553, -1, 451, 553, 554, -1,
451, 554, 523, -1, 452, 453, 548, -1, 452, 548, 549, -1, 452, 549, 550, -1,
452, 550, 551, -1, 453, 454, 544, -1, 453, 544, 545, -1, 453, 545, 546, -1,
453, 546, 547, -1, 453, 547, 548, -1, 454, 455, 540, -1, 454, 540, 541, -1,
454, 541, 542, -1, 454, 542, 543, -1, 454, 543, 544, -1, 518, 519, 460, -1,
518, 460, 461, -1, 518, 461, 462, -1, 518, 462, 463, -1, 518, 463, 464, -1,
518, 464, 483, -1, 518, 483, 517, -1, 514, 515, 484, -1, 484, 515, 516, -1,
484, 516, 483, -1, 483, 516, 517, -1, 484, 508, 509, -1, 484, 509, 510, -1,
484, 510, 511, -1, 484, 511, 513, -1, 484, 513, 514, -1, 445, 524, 525, -1,
445, 525, 526, -1, 445, 526, 527, -1, 445, 527, 522, -1, 522, 527, 528, -1,
522, 528, 529, -1, 522, 529, 530, -1, 522, 530, 531, -1, 522, 531, 521, -1,
521, 531, 532, -1, 521, 532, 533, -1, 521, 533, 534, -1, 521, 534, 520, -1,
520, 534, 535, -1, 520, 535, 536, -1, 520, 536, 537, -1, 520, 537, 538, -1,
520, 538, 519, -1, 593, 594, 590, -1, 593, 590, 591, -1, 593, 591, 592, -1,
587, 588, 596, -1, 596, 588, 589, -1, 596, 589, 595, -1, 595, 589, 590, -1,
595, 590, 594, -1, 587, 596, 597, -1, 587, 597, 598, -1, 587, 598, 599, -1,
587, 599, 600, -1, 587, 600, 601, -1, 587, 601, 602, -1, 587, 602, 603, -1,
587, 603, 586, -1, 581, 582, 586, -1, 581, 586, 624, -1, 581, 624, 625, -1,
581, 625, 626, -1, 581, 626, 627, -1, 581, 627, 628, -1, 581, 628, 580, -1,
603, 604, 622, -1, 603, 622, 623, -1, 603, 623, 624, -1, 603, 624, 586, -1,
618, 619, 605, -1, 605, 619, 620, -1, 605, 620, 604, -1, 604, 620, 621, -1,
604, 621, 622, -1, 615, 616, 606, -1, 606, 616, 617, -1, 606, 617, 605, -1,
605, 617, 618, -1, 611, 612, 607, -1, 607, 612, 613, -1, 607, 613, 606, -1,
606, 613, 614, -1, 606, 614, 615, -1, 639, 608, 571, -1, 571, 608, 609, -1,
571, 609, 607, -1, 607, 609, 610, -1, 607, 610, 611, -1, 583, 584, 585, -1,
583, 585, 586, -1, 583, 586, 582, -1, 580, 628, 629, -1, 580, 629, 630, -1,
580, 630, 631, -1, 580, 631, 632, -1, 580, 632, 579, -1, 579, 632, 633, -1,
579, 633, 634, -1, 579, 634, 635, -1, 579, 635, 578, -1, 578, 635, 636, -1,
578, 636, 637, -1, 578, 637, 638, -1, 578, 638, 639, -1, 578, 639, 577, -1,
574, 575, 573, -1, 573, 575, 576, -1, 573, 576, 572, -1, 572, 576, 577, -1,
572, 577, 571, -1, 571, 577, 639, -1, 697, 698, 696, -1, 696, 698, 699, -1,
696, 699, 695, -1, 695, 699, 700, -1, 695, 700, 694, -1, 694, 700, 656, -1,
694, 656, 657, -1, 700, 701, 652, -1, 700, 652, 653, -1, 700, 653, 654, -1,
700, 654, 655, -1, 700, 655, 656, -1, 701, 702, 649, -1, 701, 649, 650, -1,
701, 650, 651, -1, 701, 651, 652, -1, 646, 647, 703, -1, 703, 647, 648, -1,
703, 648, 702, -1, 702, 648, 649, -1, 643, 644, 704, -1, 704, 644, 645, -1,
704, 645, 703, -1, 703, 645, 646, -1, 670, 671, 689, -1, 689, 671, 640, -1,
689, 640, 705, -1, 705, 640, 641, -1, 705, 641, 704, -1, 704, 641, 642, -1,
704, 642, 643, -1, 694, 657, 658, -1, 694, 658, 659, -1, 694, 659, 660, -1,
694, 660, 693, -1, 693, 660, 661, -1, 693, 661, 662, -1, 693, 662, 663, -1,
693, 663, 692, -1, 664, 665, 691, -1, 664, 691, 692, -1, 664, 692, 663, -1,
665, 666, 691, -1, 691, 666, 667, -1, 691, 667, 690, -1, 690, 667, 668, -1,
690, 668, 669, -1, 669, 670, 689, -1, 669, 689, 690, -1, 708, 709, 707, -1,
707, 709, 710, -1, 707, 710, 706, -1, 706, 710, 687, -1, 706, 687, 705, -1,
705, 688, 689, -1, 685, 686, 712, -1, 712, 686, 687, -1, 711, 687, 710, -1,
712, 713, 680, -1, 712, 680, 681, -1, 712, 681, 682, -1, 712, 682, 683, -1,
712, 683, 684, -1, 712, 684, 685, -1, 725, 678, 715, -1, 715, 678, 679, -1,
715, 679, 714, -1, 714, 679, 680, -1, 714, 680, 713, -1, 715, 716, 722, -1,
715, 722, 723, -1, 715, 723, 724, -1, 715, 724, 725, -1, 716, 672, 718, -1,
716, 718, 719, -1, 716, 719, 720, -1, 716, 720, 721, -1, 716, 721, 722, -1,
730, 731, 677, -1, 677, 731, 732, -1, 677, 732, 676, -1, 676, 732, 717, -1,
676, 717, 672, -1, 672, 717, 718, -1, 678, 725, 726, -1, 678, 726, 727, -1,
678, 727, 728, -1, 678, 728, 729, -1, 678, 729, 677, -1, 673, 674, 675, -1,
673, 675, 676, -1, 673, 676, 672, -1, 730, 677, 729, -1, 519, 538, 539, -1,
513, 511, 512, -1, 382, 380, 381, -1, 362, 360, 361, -1, 342, 340, 341, -1,
322, 320, 321, -1, 196, 197, 198, -1, 237, 206, 207, -1, 308, 242, 307, -1,
256, 257, 255, -1, 284, 252, 283, -1, 64, 56, 79, -1
            ]
          }
        }
      ]
    }
  ]
}
Transform {
  children [
    Group {
      children [
        Shape {
          appearance Appearance {
            material Material {
              diffuseColor 0.5 0.5 0.5
              specularColor 0.8 0.8 0.8
              emissiveColor 0 0 0
              ambientIntensity 0.7
              transparency 0
              shininess 0.7
            }
          }
          geometry IndexedFaceSet {
            solid TRUE
            coord Coordinate {
              point [
63.585039 -38.640945 0.319882, 63.580544 -38.618345 0.319882,
63.567743 -38.599187 0.319882, 63.548584 -38.586385 0.319882,
63.525984 -38.58189 0.319882, 62.876378 -38.58189 0.319882,
62.853778 -38.586385 0.319882, 62.83462 -38.599187 0.319882,
62.821818 -38.618345 0.319882, 62.817323 -38.640945 0.319882,
62.817323 -38.759055 0.319882, 62.821818 -38.781655 0.319882,
62.83462 -38.800813 0.319882, 62.853778 -38.813615 0.319882,
62.876378 -38.81811 0.319882, 63.525984 -38.81811 0.319882,
63.548584 -38.813615 0.319882, 63.567743 -38.800813 0.319882,
63.580544 -38.781655 0.319882, 63.585039 -38.759055 0.319882,
65.533858 -38.640945 0.319882, 65.529363 -38.618345 0.319882,
65.516561 -38.599187 0.319882, 65.497403 -38.586385 0.319882,
65.474803 -38.58189 0.319882, 64.825197 -38.58189 0.319882,
64.802597 -38.586385 0.319882, 64.783439 -38.599187 0.319882,
64.770637 -38.618345 0.319882, 64.766142 -38.640945 0.319882,
64.766142 -38.759055 0.319882, 64.770637 -38.781655 0.319882,
64.783439 -38.800813 0.319882, 64.802597 -38.813615 0.319882,
64.825197 -38.81811 0.319882, 65.474803 -38.81811 0.319882,
65.497403 -38.813615 0.319882, 65.516561 -38.800813 0.319882,
65.529363 -38.781655 0.319882, 65.533858 -38.759055 0.319882,
63.585039 -38.140945 0.319882, 63.580544 -38.118345 0.319882,
63.567743 -38.099187 0.319882, 63.548584 -38.086385 0.319882,
63.525984 -38.08189 0.319882, 62.876378 -38.08189 0.319882,
62.853778 -38.086385 0.319882, 62.83462 -38.099187 0.319882,
62.821818 -38.118345 0.319882, 62.817323 -38.140945 0.319882,
62.817323 -38.259055 0.319882, 62.821818 -38.281655 0.319882,
62.83462 -38.300813 0.319882, 62.853778 -38.313615 0.319882,
62.876378 -38.31811 0.319882, 63.525984 -38.31811 0.319882,
63.548584 -38.313615 0.319882, 63.567743 -38.300813 0.319882,
63.580544 -38.281655 0.319882, 63.585039 -38.259055 0.319882,
65.533858 -38.140945 0.319882, 65.529363 -38.118345 0.319882,
65.516561 -38.099187 0.319882, 65.497403 -38.086385 0.319882,
65.474803 -38.08189 0.319882, 64.825197 -38.08189 0.319882,
64.802597 -38.086385 0.319882, 64.783439 -38.099187 0.319882,
64.770637 -38.118345 0.319882, 64.766142 -38.140945 0.319882,
64.766142 -38.259055 0.319882, 64.770637 -38.281655 0.319882,
64.783439 -38.300813 0.319882, 64.802597 -38.313615 0.319882,
64.825197 -38.31811 0.319882, 65.474803 -38.31811 0.319882,
65.497403 -38.313615 0.319882, 65.516561 -38.300813 0.319882,
65.529363 -38.281655 0.319882, 65.533858 -38.259055 0.319882,
63.585039 -37.640945 0.319882, 63.580544 -37.618345 0.319882,
63.567743 -37.599187 0.319882, 63.548584 -37.586385 0.319882,
63.525984 -37.58189 0.319882, 62.876378 -37.58189 0.319882,
62.853778 -37.586385 0.319882, 62.83462 -37.599187 0.319882,
62.821818 -37.618345 0.319882, 62.817323 -37.640945 0.319882,
62.817323 -37.759055 0.319882, 62.821818 -37.781655 0.319882,
62.83462 -37.800813 0.319882, 62.853778 -37.813615 0.319882,
62.876378 -37.81811 0.319882, 63.525984 -37.81811 0.319882,
63.548584 -37.813615 0.319882, 63.567743 -37.800813 0.319882,
63.580544 -37.781655 0.319882, 63.585039 -37.759055 0.319882,
65.533858 -37.640945 0.319882, 65.529363 -37.618345 0.319882,
65.516561 -37.599187 0.319882, 65.497403 -37.586385 0.319882,
65.474803 -37.58189 0.319882, 64.825197 -37.58189 0.319882,
64.802597 -37.586385 0.319882, 64.783439 -37.599187 0.319882,
64.770637 -37.618345 0.319882, 64.766142 -37.640945 0.319882,
64.766142 -37.759055 0.319882, 64.770637 -37.781655 0.319882,
64.783439 -37.800813 0.319882, 64.802597 -37.813615 0.319882,
64.825197 -37.81811 0.319882, 65.474803 -37.81811 0.319882,
65.497403 -37.813615 0.319882, 65.516561 -37.800813 0.319882,
65.529363 -37.781655 0.319882, 65.533858 -37.759055 0.319882,
63.585039 -37.140945 0.319882, 63.580544 -37.118345 0.319882,
63.567743 -37.099187 0.319882, 63.548584 -37.086385 0.319882,
63.525984 -37.08189 0.319882, 62.876378 -37.08189 0.319882,
62.853778 -37.086385 0.319882, 62.83462 -37.099187 0.319882,
62.821818 -37.118345 0.319882, 62.817323 -37.140945 0.319882,
62.817323 -37.259055 0.319882, 62.821818 -37.281655 0.319882,
62.83462 -37.300813 0.319882, 62.853778 -37.313615 0.319882,
62.876378 -37.31811 0.319882, 63.525984 -37.31811 0.319882,
63.548584 -37.313615 0.319882, 63.567743 -37.300813 0.319882,
63.580544 -37.281655 0.319882, 63.585039 -37.259055 0.319882,
65.533858 -37.140945 0.319882, 65.529363 -37.118345 0.319882,
65.516561 -37.099187 0.319882, 65.497403 -37.086385 0.319882,
65.474803 -37.08189 0.319882, 64.825197 -37.08189 0.319882,
64.802597 -37.086385 0.319882, 64.783439 -37.099187 0.319882,
64.770637 -37.118345 0.319882, 64.766142 -37.140945 0.319882,
64.766142 -37.259055 0.319882, 64.770637 -37.281655 0.319882,
64.783439 -37.300813 0.319882, 64.802597 -37.313615 0.319882,
64.825197 -37.31811 0.319882, 65.474803 -37.31811 0.319882,
65.497403 -37.313615 0.319882, 65.516561 -37.300813 0.319882,
65.529363 -37.281655 0.319882, 65.533858 -37.259055 0.319882
              ]
            }
            coordIndex [
9, 11, 8, -1, 8, 11, 12, -1, 8, 12, 7, -1, 7, 12, 13, -1,
7, 13, 6, -1, 6, 13, 14, -1, 6, 14, 5, -1, 5, 14, 15, -1,
5, 15, 4, -1, 4, 15, 16, -1, 4, 16, 3, -1, 3, 16, 17, -1,
3, 17, 2, -1, 2, 17, 18, -1, 2, 18, 1, -1, 1, 18, 19, -1,
1, 19, 0, -1, 29, 31, 28, -1, 28, 31, 32, -1, 28, 32, 27, -1,
27, 32, 33, -1, 27, 33, 26, -1, 26, 33, 34, -1, 26, 34, 25, -1,
25, 34, 35, -1, 25, 35, 24, -1, 24, 35, 36, -1, 24, 36, 23, -1,
23, 36, 37, -1, 23, 37, 22, -1, 22, 37, 38, -1, 22, 38, 21, -1,
21, 38, 39, -1, 21, 39, 20, -1, 49, 51, 48, -1, 48, 51, 52, -1,
48, 52, 47, -1, 47, 52, 53, -1, 47, 53, 46, -1, 46, 53, 54, -1,
46, 54, 45, -1, 45, 54, 55, -1, 45, 55, 44, -1, 44, 55, 56, -1,
44, 56, 43, -1, 43, 56, 57, -1, 43, 57, 42, -1, 42, 57, 58, -1,
42, 58, 41, -1, 41, 58, 59, -1, 41, 59, 40, -1, 69, 71, 68, -1,
68, 71, 72, -1, 68, 72, 67, -1, 67, 72, 73, -1, 67, 73, 66, -1,
66, 73, 74, -1, 66, 74, 65, -1, 65, 74, 75, -1, 65, 75, 64, -1,
64, 75, 76, -1, 64, 76, 63, -1, 63, 76, 77, -1, 63, 77, 62, -1,
62, 77, 78, -1, 62, 78, 61, -1, 61, 78, 79, -1, 61, 79, 60, -1,
89, 91, 88, -1, 88, 91, 92, -1, 88, 92, 87, -1, 87, 92, 93, -1,
87, 93, 86, -1, 86, 93, 94, -1, 86, 94, 85, -1, 85, 94, 95, -1,
85, 95, 84, -1, 84, 95, 96, -1, 84, 96, 83, -1, 83, 96, 97, -1,
83, 97, 82, -1, 82, 97, 98, -1, 82, 98, 81, -1, 81, 98, 99, -1,
81, 99, 80, -1, 109, 111, 108, -1, 108, 111, 112, -1, 108, 112, 107, -1,
107, 112, 113, -1, 107, 113, 106, -1, 106, 113, 114, -1, 106, 114, 105, -1,
105, 114, 115, -1, 105, 115, 104, -1, 104, 115, 116, -1, 104, 116, 103, -1,
103, 116, 117, -1, 103, 117, 102, -1, 102, 117, 118, -1, 102, 118, 101, -1,
101, 118, 119, -1, 101, 119, 100, -1, 129, 131, 128, -1, 128, 131, 132, -1,
128, 132, 127, -1, 127, 132, 133, -1, 127, 133, 126, -1, 126, 133, 134, -1,
126, 134, 125, -1, 125, 134, 135, -1, 125, 135, 124, -1, 124, 135, 136, -1,
124, 136, 123, -1, 123, 136, 137, -1, 123, 137, 122, -1, 122, 137, 138, -1,
122, 138, 121, -1, 121, 138, 139, -1, 121, 139, 120, -1, 149, 151, 148, -1,
148, 151, 152, -1, 148, 152, 147, -1, 147, 152, 153, -1, 147, 153, 146, -1,
146, 153, 154, -1, 146, 154, 145, -1, 145, 154, 155, -1, 145, 155, 144, -1,
144, 155, 156, -1, 144, 156, 143, -1, 143, 156, 157, -1, 143, 157, 142, -1,
142, 157, 158, -1, 142, 158, 141, -1, 141, 158, 159, -1, 141, 159, 140, -1,
151, 149, 150, -1, 131, 129, 130, -1, 111, 109, 110, -1, 91, 89, 90, -1,
71, 69, 70, -1, 51, 49, 50, -1, 31, 29, 30, -1, 11, 9, 10, -1
            ]
          }
        }
      ]
    }
  ]
}
Transform {
  children [
    Group {
      children [
        Shape {
          appearance Appearance {
            material Material {
              diffuseColor 0.08 0.2 0.14
              specularColor 0.356 0.44 0.398
              emissiveColor 0 0 0
              ambientIntensity 0.8
              transparency 0.17
              shininess 0.3
            }
          }
          geometry IndexedFaceSet {
            solid TRUE
            coord Coordinate {
              point [
74.75748 -41.000002 0.319882, 74.749773 -41.048666 0.319882,
74.727404 -41.092566 0.319882, 74.692565 -41.127406 0.319882,
74.648664 -41.149774 0.319882, 74.6 -41.157482 0.319882,
74.551336 -41.149774 0.319882, 74.507435 -41.127406 0.319882,
74.472596 -41.092566 0.319882, 74.450227 -41.048666 0.319882,
74.44252 -41.000002 0.319882, 74.450227 -40.951337 0.319882,
74.472596 -40.907437 0.319882, 74.507435 -40.872597 0.319882,
74.551336 -40.850229 0.319882, 74.6 -40.842521 0.319882,
74.648664 -40.850229 0.319882, 74.692565 -40.872597 0.319882,
74.727404 -40.907437 0.319882, 74.749773 -40.951337 0.319882,
68.687402 -40.046457 0.319882, 68.67949 -40.075984 0.319882,
68.657874 -40.0976 0.319882, 68.628346 -40.105512 0.319882,
68.598819 -40.0976 0.319882, 68.577203 -40.075984 0.319882,
68.569291 -40.046457 0.319882, 68.577203 -40.016929 0.319882,
68.598819 -39.995313 0.319882, 68.628346 -39.987402 0.319882,
68.657874 -39.995313 0.319882, 68.67949 -40.016929 0.319882,
67.919685 -34.731496 0.319882, 67.927393 -34.682832 0.319882,
67.949761 -34.638931 0.319882, 67.984601 -34.604092 0.319882,
68.028501 -34.581723 0.319882, 68.077165 -34.574016 0.319882,
68.12583 -34.581723 0.319882, 68.16973 -34.604092 0.319882,
68.20457 -34.638931 0.319882, 68.226938 -34.682832 0.319882,
68.234646 -34.731496 0.319882, 68.226938 -34.78016 0.319882,
68.20457 -34.824061 0.319882, 68.16973 -34.8589 0.319882,
68.12583 -34.881269 0.319882, 68.077165 -34.888976 0.319882,
68.028501 -34.881269 0.319882, 67.984601 -34.8589 0.319882,
67.949761 -34.824061 0.319882, 67.927393 -34.78016 0.319882,
66.994488 -35.125197 0.319882, 66.986576 -35.154724 0.319882,
66.964961 -35.17634 0.319882, 66.935433 -35.184252 0.319882,
66.905906 -35.17634 0.319882, 66.88429 -35.154724 0.319882,
66.876378 -35.125197 0.319882, 66.88429 -35.095669 0.319882,
66.905906 -35.074054 0.319882, 66.935433 -35.066142 0.319882,
66.964961 -35.074054 0.319882, 66.986576 -35.095669 0.319882,
65.553937 -37.140945 0.319882, 65.553937 -37.259055 0.319882,
65.547913 -37.289338 0.319882, 65.530759 -37.315011 0.319882,
65.505086 -37.332165 0.319882, 65.474803 -37.338189 0.319882,
64.825197 -37.338189 0.319882, 64.794914 -37.332165 0.319882,
64.769241 -37.315011 0.319882, 64.752087 -37.289338 0.319882,
64.746063 -37.259055 0.319882, 64.746063 -37.140945 0.319882,
64.752087 -37.110662 0.319882, 64.769241 -37.084989 0.319882,
64.794914 -37.067835 0.319882, 64.825197 -37.061811 0.319882,
65.474803 -37.061811 0.319882, 65.505086 -37.067835 0.319882,
65.530759 -37.084989 0.319882, 65.547913 -37.110662 0.319882,
64.746063 -37.759055 0.319882, 64.746063 -37.640945 0.319882,
64.752087 -37.610662 0.319882, 64.769241 -37.584989 0.319882,
64.794914 -37.567835 0.319882, 64.825197 -37.561811 0.319882,
65.474803 -37.561811 0.319882, 65.505086 -37.567835 0.319882,
65.530759 -37.584989 0.319882, 65.547913 -37.610662 0.319882,
65.553937 -37.640945 0.319882, 65.553937 -37.759055 0.319882,
65.547913 -37.789338 0.319882, 65.530759 -37.815011 0.319882,
65.505086 -37.832165 0.319882, 65.474803 -37.838189 0.319882,
64.825197 -37.838189 0.319882, 64.794914 -37.832165 0.319882,
64.769241 -37.815011 0.319882, 64.752087 -37.789338 0.319882,
63.605118 -37.140945 0.319882, 63.605118 -37.259055 0.319882,
63.599094 -37.289338 0.319882, 63.58194 -37.315011 0.319882,
63.556267 -37.332165 0.319882, 63.525984 -37.338189 0.319882,
62.876378 -37.338189 0.319882, 62.846095 -37.332165 0.319882,
62.820422 -37.315011 0.319882, 62.803268 -37.289338 0.319882,
62.797244 -37.259055 0.319882, 62.797244 -37.140945 0.319882,
62.803268 -37.110662 0.319882, 62.820422 -37.084989 0.319882,
62.846095 -37.067835 0.319882, 62.876378 -37.061811 0.319882,
63.525984 -37.061811 0.319882, 63.556267 -37.067835 0.319882,
63.58194 -37.084989 0.319882, 63.599094 -37.110662 0.319882,
64.746063 -38.259055 0.319882, 64.746063 -38.140945 0.319882,
64.752087 -38.110662 0.319882, 64.769241 -38.084989 0.319882,
64.794914 -38.067835 0.319882, 64.825197 -38.061811 0.319882,
65.474803 -38.061811 0.319882, 65.505086 -38.067835 0.319882,
65.530759 -38.084989 0.319882, 65.547913 -38.110662 0.319882,
65.553937 -38.140945 0.319882, 65.553937 -38.259055 0.319882,
65.547913 -38.289338 0.319882, 65.530759 -38.315011 0.319882,
65.505086 -38.332165 0.319882, 65.474803 -38.338189 0.319882,
64.825197 -38.338189 0.319882, 64.794914 -38.332165 0.319882,
64.769241 -38.315011 0.319882, 64.752087 -38.289338 0.319882,
64.746063 -38.640945 0.319882, 64.752087 -38.610662 0.319882,
64.769241 -38.584989 0.319882, 64.794914 -38.567835 0.319882,
64.825197 -38.561811 0.319882, 65.474803 -38.561811 0.319882,
65.505086 -38.567835 0.319882, 65.530759 -38.584989 0.319882,
65.547913 -38.610662 0.319882, 65.553937 -38.640945 0.319882,
65.553937 -38.759055 0.319882, 65.547913 -38.789338 0.319882,
65.530759 -38.815011 0.319882, 65.505086 -38.832165 0.319882,
65.474803 -38.838189 0.319882, 64.825197 -38.838189 0.319882,
64.794914 -38.832165 0.319882, 64.769241 -38.815011 0.319882,
64.752087 -38.789338 0.319882, 64.746063 -38.759055 0.319882,
62.797244 -37.759055 0.319882, 62.797244 -37.640945 0.319882,
62.803268 -37.610662 0.319882, 62.820422 -37.584989 0.319882,
62.846095 -37.567835 0.319882, 62.876378 -37.561811 0.319882,
63.525984 -37.561811 0.319882, 63.556267 -37.567835 0.319882,
63.58194 -37.584989 0.319882, 63.599094 -37.610662 0.319882,
63.605118 -37.640945 0.319882, 63.605118 -37.759055 0.319882,
63.599094 -37.789338 0.319882, 63.58194 -37.815011 0.319882,
63.556267 -37.832165 0.319882, 63.525984 -37.838189 0.319882,
62.876378 -37.838189 0.319882, 62.846095 -37.832165 0.319882,
62.820422 -37.815011 0.319882, 62.803268 -37.789338 0.319882,
62.797244 -38.259055 0.319882, 62.797244 -38.140945 0.319882,
62.803268 -38.110662 0.319882, 62.820422 -38.084989 0.319882,
62.846095 -38.067835 0.319882, 62.876378 -38.061811 0.319882,
63.525984 -38.061811 0.319882, 63.556267 -38.067835 0.319882,
63.58194 -38.084989 0.319882, 63.599094 -38.110662 0.319882,
63.605118 -38.140945 0.319882, 63.605118 -38.259055 0.319882,
63.599094 -38.289338 0.319882, 63.58194 -38.315011 0.319882,
63.556267 -38.332165 0.319882, 63.525984 -38.338189 0.319882,
62.876378 -38.338189 0.319882, 62.846095 -38.332165 0.319882,
62.820422 -38.315011 0.319882, 62.803268 -38.289338 0.319882,
62.797244 -38.640945 0.319882, 62.803268 -38.610662 0.319882,
62.820422 -38.584989 0.319882, 62.846095 -38.567835 0.319882,
62.876378 -38.561811 0.319882, 63.525984 -38.561811 0.319882,
63.556267 -38.567835 0.319882, 63.58194 -38.584989 0.319882,
63.599094 -38.610662 0.319882, 63.605118 -38.640945 0.319882,
63.605118 -38.759055 0.319882, 63.599094 -38.789338 0.319882,
63.58194 -38.815011 0.319882, 63.556267 -38.832165 0.319882,
63.525984 -38.838189 0.319882, 62.876378 -38.838189 0.319882,
62.846095 -38.832165 0.319882, 62.820422 -38.815011 0.319882,
62.803268 -38.789338 0.319882, 62.797244 -38.759055 0.319882,
64.927559 -41.54252 0.319882, 64.919647 -41.572047 0.319882,
64.898031 -41.593663 0.319882, 64.868504 -41.601575 0.319882,
64.838976 -41.593663 0.319882, 64.817361 -41.572047 0.319882,
64.809449 -41.54252 0.319882, 64.817361 -41.512992 0.319882,
64.838976 -41.491376 0.319882, 64.868504 -41.483465 0.319882,
64.898031 -41.491376 0.319882, 64.919647 -41.512992 0.319882,
89.770079 -55.696063 0.319882, 89.770079 -24.2 0.319882,
50.4 -24.2 0.319882, 50.4 -32.959843 0.319882,
50.4 -34.731496 0.319882, 50.4 -35.125197 0.319882,
50.4 -35.381102 0.319882, 50.4 -37.259055 0.319882,
50.4 -37.759055 0.319882, 50.4 -38.259055 0.319882,
50.4 -38.759055 0.319882, 50.4 -39.27874 0.319882,
50.4 -39.948031 0.319882, 50.4 -40.046457 0.319882,
50.4 -41.000002 0.319882, 50.4 -41.54252 0.319882,
50.4 -55.696063 0.319882, 78.352756 -36.011024 0.319882,
78.352756 -39.948031 0.319882, 78.345191 -40.024839 0.319882,
78.322787 -40.098694 0.319882, 78.286406 -40.16676 0.319882,
78.237444 -40.22642 0.319882, 78.177783 -40.275382 0.319882,
78.109718 -40.311764 0.319882, 78.035862 -40.334167 0.319882,
77.959055 -40.341732 0.319882, 74.022047 -40.341732 0.319882,
73.94524 -40.334167 0.319882, 73.871385 -40.311764 0.319882,
73.803319 -40.275382 0.319882, 73.743659 -40.22642 0.319882,
73.694697 -40.16676 0.319882, 73.658315 -40.098694 0.319882,
73.635911 -40.024839 0.319882, 73.628346 -39.948031 0.319882,
73.628346 -36.011024 0.319882, 73.635911 -35.934217 0.319882,
73.658315 -35.860361 0.319882, 73.694697 -35.792295 0.319882,
73.743659 -35.732635 0.319882, 73.803319 -35.683673 0.319882,
73.871385 -35.647291 0.319882, 73.94524 -35.624888 0.319882,
74.022047 -35.617323 0.319882, 77.959055 -35.617323 0.319882,
78.035862 -35.624888 0.319882, 78.109718 -35.647291 0.319882,
78.177783 -35.683673 0.319882, 78.237444 -35.732635 0.319882,
78.286406 -35.792295 0.319882, 78.322787 -35.860361 0.319882,
78.345191 -35.934217 0.319882, 69.775939 -39.151336 0.319882,
69.81984 -39.128967 0.319882, 69.868504 -39.12126 0.319882,
69.917168 -39.128967 0.319882, 69.961069 -39.151336 0.319882,
69.995908 -39.186176 0.319882, 70.018277 -39.230076 0.319882,
70.025984 -39.27874 0.319882, 70.018277 -39.327404 0.319882,
69.995908 -39.371305 0.319882, 69.961069 -39.406144 0.319882,
69.917168 -39.428513 0.319882, 69.868504 -39.43622 0.319882,
69.81984 -39.428513 0.319882, 69.775939 -39.406144 0.319882,
69.7411 -39.371305 0.319882, 69.718731 -39.327404 0.319882,
69.711024 -39.27874 0.319882, 69.718731 -39.230076 0.319882,
69.7411 -39.186176 0.319882, 69.750394 -34.731496 0.319882,
69.742686 -34.78016 0.319882, 69.720318 -34.824061 0.319882,
69.685478 -34.8589 0.319882, 69.641578 -34.881269 0.319882,
69.592913 -34.888976 0.319882, 69.544249 -34.881269 0.319882,
69.500349 -34.8589 0.319882, 69.465509 -34.824061 0.319882,
69.443141 -34.78016 0.319882, 69.435433 -34.731496 0.319882,
69.443141 -34.682832 0.319882, 69.465509 -34.638931 0.319882,
69.500349 -34.604092 0.319882, 69.544249 -34.581723 0.319882,
69.592913 -34.574016 0.319882, 69.641578 -34.581723 0.319882,
69.685478 -34.604092 0.319882, 69.720318 -34.638931 0.319882,
69.742686 -34.682832 0.319882, 66.078585 -33.052407 0.319882,
66.043746 -33.087247 0.319882, 65.999845 -33.109615 0.319882,
65.951181 -33.117323 0.319882, 65.902517 -33.109615 0.319882,
65.858617 -33.087247 0.319882, 65.823777 -33.052407 0.319882,
65.801408 -33.008507 0.319882, 65.793701 -32.959843 0.319882,
65.801408 -32.911178 0.319882, 65.823777 -32.867278 0.319882,
65.858617 -32.832438 0.319882, 65.902517 -32.81007 0.319882,
65.951181 -32.802362 0.319882, 65.999845 -32.81007 0.319882,
66.043746 -32.832438 0.319882, 66.078585 -32.867278 0.319882,
66.100954 -32.911178 0.319882, 66.108661 -32.959843 0.319882,
66.100954 -33.008507 0.319882, 66.049606 -35.381102 0.319882,
66.041694 -35.41063 0.319882, 66.020079 -35.432246 0.319882,
65.990551 -35.440157 0.319882, 65.961024 -35.432246 0.319882,
65.939408 -35.41063 0.319882, 65.931496 -35.381102 0.319882,
65.939408 -35.351575 0.319882, 65.961024 -35.329959 0.319882,
65.990551 -35.322047 0.319882, 66.020079 -35.329959 0.319882,
66.041694 -35.351575 0.319882
              ]
            }
            coordIndex [
262, 263, 15, -1, 262, 15, 16, -1, 262, 16, 17, -1, 262, 17, 18, -1,
262, 18, 19, -1, 262, 19, 0, -1, 262, 0, 236, -1, 262, 236, 261, -1,
263, 264, 8, -1, 263, 8, 9, -1, 263, 9, 10, -1, 263, 10, 11, -1,
263, 11, 12, -1, 263, 12, 13, -1, 263, 13, 14, -1, 263, 14, 15, -1,
237, 238, 341, -1, 237, 341, 342, -1, 237, 342, 343, -1, 237, 343, 344, -1,
237, 344, 345, -1, 237, 345, 346, -1, 237, 346, 347, -1, 237, 347, 60, -1,
237, 60, 61, -1, 237, 61, 62, -1, 237, 62, 36, -1, 237, 36, 37, -1,
237, 37, 38, -1, 237, 38, 39, -1, 237, 39, 40, -1, 237, 40, 41, -1,
237, 41, 42, -1, 237, 42, 322, -1, 237, 322, 323, -1, 237, 323, 324, -1,
237, 324, 325, -1, 237, 325, 326, -1, 237, 326, 327, -1, 237, 327, 328, -1,
237, 328, 309, -1, 237, 309, 277, -1, 237, 277, 278, -1, 237, 278, 279, -1,
237, 279, 280, -1, 237, 280, 281, -1, 237, 281, 282, -1, 237, 282, 283, -1,
237, 283, 284, -1, 237, 284, 285, -1, 237, 285, 286, -1, 237, 286, 287, -1,
237, 287, 288, -1, 237, 288, 253, -1, 237, 253, 236, -1, 296, 297, 236, -1,
296, 236, 7, -1, 296, 7, 8, -1, 296, 8, 267, -1, 296, 267, 268, -1,
296, 268, 269, -1, 296, 269, 270, -1, 296, 270, 271, -1, 296, 271, 272, -1,
296, 272, 273, -1, 296, 273, 274, -1, 296, 274, 275, -1, 296, 275, 276, -1,
296, 276, 295, -1, 276, 277, 309, -1, 276, 309, 289, -1, 276, 289, 290, -1,
276, 290, 291, -1, 276, 291, 292, -1, 276, 292, 293, -1, 276, 293, 294, -1,
276, 294, 295, -1, 319, 320, 28, -1, 319, 28, 29, -1, 319, 29, 30, -1,
319, 30, 31, -1, 319, 31, 20, -1, 319, 20, 306, -1, 319, 306, 318, -1,
320, 321, 42, -1, 320, 42, 26, -1, 320, 26, 27, -1, 320, 27, 28, -1,
52, 53, 25, -1, 52, 25, 26, -1, 52, 26, 32, -1, 52, 32, 33, -1,
52, 33, 34, -1, 52, 34, 35, -1, 52, 35, 63, -1, 36, 62, 63, -1,
36, 63, 35, -1, 347, 348, 25, -1, 347, 25, 57, -1, 347, 57, 58, -1,
347, 58, 59, -1, 347, 59, 60, -1, 337, 338, 79, -1, 337, 79, 80, -1,
337, 80, 81, -1, 337, 81, 82, -1, 337, 82, 83, -1, 337, 83, 64, -1,
337, 64, 355, -1, 337, 355, 336, -1, 338, 339, 104, -1, 338, 104, 76, -1,
338, 76, 77, -1, 338, 77, 78, -1, 338, 78, 79, -1, 353, 354, 25, -1,
25, 354, 64, -1, 25, 64, 24, -1, 24, 64, 65, -1, 24, 65, 94, -1,
94, 65, 66, -1, 94, 66, 93, -1, 93, 66, 67, -1, 93, 67, 92, -1,
92, 67, 68, -1, 92, 68, 91, -1, 91, 68, 69, -1, 91, 69, 90, -1,
90, 69, 70, -1, 90, 70, 89, -1, 89, 70, 71, -1, 89, 71, 88, -1,
88, 71, 72, -1, 88, 72, 87, -1, 87, 72, 73, -1, 87, 73, 86, -1,
86, 73, 74, -1, 86, 74, 85, -1, 85, 74, 75, -1, 85, 75, 84, -1,
84, 75, 125, -1, 84, 125, 126, -1, 75, 76, 104, -1, 75, 104, 163, -1,
75, 163, 144, -1, 75, 144, 124, -1, 75, 124, 125, -1, 339, 340, 238, -1,
339, 238, 117, -1, 339, 117, 118, -1, 339, 118, 119, -1, 339, 119, 120, -1,
339, 120, 121, -1, 339, 121, 122, -1, 339, 122, 123, -1, 339, 123, 104, -1,
162, 163, 230, -1, 230, 163, 104, -1, 230, 104, 229, -1, 229, 104, 105, -1,
229, 105, 174, -1, 174, 105, 106, -1, 174, 106, 173, -1, 173, 106, 107, -1,
173, 107, 172, -1, 172, 107, 108, -1, 172, 108, 171, -1, 171, 108, 109, -1,
171, 109, 170, -1, 170, 109, 110, -1, 170, 110, 169, -1, 169, 110, 111, -1,
169, 111, 168, -1, 168, 111, 112, -1, 168, 112, 167, -1, 167, 112, 113, -1,
167, 113, 166, -1, 166, 113, 114, -1, 166, 114, 165, -1, 165, 114, 115, -1,
165, 115, 164, -1, 164, 115, 185, -1, 164, 185, 186, -1, 115, 116, 238, -1,
115, 238, 223, -1, 115, 223, 204, -1, 115, 204, 184, -1, 115, 184, 185, -1,
236, 253, 254, -1, 236, 254, 255, -1, 236, 255, 256, -1, 236, 256, 257, -1,
236, 257, 258, -1, 236, 258, 259, -1, 236, 259, 260, -1, 236, 260, 261, -1,
236, 0, 1, -1, 236, 1, 2, -1, 236, 2, 3, -1, 236, 3, 4, -1,
236, 4, 5, -1, 236, 5, 6, -1, 236, 6, 7, -1, 8, 264, 265, -1,
8, 265, 266, -1, 8, 266, 267, -1, 236, 297, 298, -1, 236, 298, 299, -1,
236, 299, 300, -1, 236, 300, 301, -1, 236, 301, 302, -1, 236, 302, 303, -1,
236, 303, 20, -1, 236, 20, 21, -1, 236, 21, 22, -1, 236, 22, 23, -1,
236, 23, 24, -1, 236, 24, 134, -1, 236, 134, 135, -1, 236, 135, 153, -1,
236, 153, 154, -1, 236, 154, 155, -1, 236, 155, 156, -1, 236, 156, 157, -1,
236, 157, 158, -1, 236, 158, 224, -1, 236, 224, 225, -1, 236, 225, 226, -1,
236, 226, 227, -1, 236, 227, 228, -1, 236, 228, 240, -1, 236, 240, 241, -1,
236, 241, 242, -1, 236, 242, 243, -1, 236, 243, 244, -1, 236, 244, 245, -1,
236, 245, 246, -1, 236, 246, 247, -1, 236, 247, 248, -1, 236, 248, 249, -1,
236, 249, 250, -1, 236, 250, 251, -1, 236, 251, 252, -1, 306, 307, 311, -1,
306, 311, 312, -1, 306, 312, 313, -1, 306, 313, 314, -1, 306, 314, 315, -1,
306, 315, 316, -1, 306, 316, 317, -1, 306, 317, 318, -1, 20, 303, 304, -1,
20, 304, 305, -1, 20, 305, 306, -1, 26, 42, 43, -1, 26, 43, 44, -1,
26, 44, 45, -1, 26, 45, 46, -1, 26, 46, 47, -1, 26, 47, 48, -1,
26, 48, 49, -1, 26, 49, 50, -1, 26, 50, 51, -1, 26, 51, 32, -1,
25, 53, 54, -1, 25, 54, 55, -1, 25, 55, 56, -1, 25, 56, 57, -1,
25, 348, 329, -1, 25, 329, 349, -1, 25, 349, 350, -1, 25, 350, 351, -1,
25, 351, 352, -1, 25, 352, 353, -1, 355, 356, 332, -1, 355, 332, 333, -1,
355, 333, 334, -1, 355, 334, 335, -1, 355, 335, 336, -1, 84, 126, 103, -1,
103, 126, 127, -1, 103, 127, 102, -1, 102, 127, 128, -1, 102, 128, 101, -1,
101, 128, 129, -1, 101, 129, 100, -1, 100, 129, 130, -1, 100, 130, 99, -1,
99, 130, 131, -1, 99, 131, 98, -1, 98, 131, 132, -1, 98, 132, 97, -1,
97, 132, 133, -1, 97, 133, 96, -1, 96, 133, 134, -1, 96, 134, 95, -1,
95, 134, 24, -1, 95, 24, 94, -1, 230, 231, 159, -1, 230, 159, 160, -1,
230, 160, 161, -1, 230, 161, 162, -1, 164, 186, 183, -1, 183, 186, 187, -1,
183, 187, 182, -1, 182, 187, 188, -1, 182, 188, 181, -1, 181, 188, 189, -1,
181, 189, 180, -1, 180, 189, 190, -1, 180, 190, 179, -1, 179, 190, 191, -1,
179, 191, 178, -1, 178, 191, 192, -1, 178, 192, 177, -1, 177, 192, 193, -1,
177, 193, 176, -1, 176, 193, 194, -1, 176, 194, 175, -1, 175, 194, 229, -1,
175, 229, 174, -1, 184, 205, 203, -1, 203, 205, 206, -1, 203, 206, 202, -1,
202, 206, 207, -1, 202, 207, 201, -1, 201, 207, 208, -1, 201, 208, 200, -1,
200, 208, 209, -1, 200, 209, 199, -1, 199, 209, 210, -1, 199, 210, 198, -1,
198, 210, 211, -1, 198, 211, 197, -1, 197, 211, 212, -1, 197, 212, 196, -1,
196, 212, 213, -1, 196, 213, 195, -1, 195, 213, 229, -1, 195, 229, 194, -1,
229, 213, 214, -1, 229, 214, 215, -1, 229, 215, 216, -1, 229, 216, 217, -1,
229, 217, 218, -1, 229, 218, 219, -1, 229, 219, 220, -1, 229, 220, 221, -1,
229, 221, 238, -1, 229, 238, 239, -1, 229, 239, 228, -1, 238, 221, 222, -1,
238, 222, 223, -1, 158, 159, 232, -1, 158, 232, 233, -1, 158, 233, 234, -1,
158, 234, 235, -1, 158, 235, 224, -1, 124, 145, 143, -1, 143, 145, 146, -1,
143, 146, 142, -1, 142, 146, 147, -1, 142, 147, 141, -1, 141, 147, 148, -1,
141, 148, 140, -1, 140, 148, 149, -1, 140, 149, 139, -1, 139, 149, 150, -1,
139, 150, 138, -1, 138, 150, 151, -1, 138, 151, 137, -1, 137, 151, 152, -1,
137, 152, 136, -1, 136, 152, 153, -1, 136, 153, 135, -1, 310, 311, 308, -1,
310, 308, 289, -1, 310, 289, 309, -1, 330, 331, 359, -1, 330, 359, 360, -1,
330, 360, 349, -1, 330, 349, 329, -1, 331, 332, 357, -1, 331, 357, 358, -1,
331, 358, 359, -1, 332, 356, 357, -1, 311, 307, 308, -1, 145, 124, 144, -1,
159, 231, 232, -1, 205, 184, 204, -1, 240, 228, 239, -1, 64, 354, 355, -1,
341, 238, 340, -1, 117, 238, 116, -1, 322, 42, 321, -1
            ]
          }
        }
      ]
    }
  ]
}
Transform {
  children [
    Group {
      children [
        Shape {
          appearance Appearance {
            material Material {
              diffuseColor 0.75 0.61 0.23
              specularColor 0.9 0.844 0.692
              emissiveColor 0 0 0
              ambientIntensity 0.7
              transparency 0
              shininess 0.9
            }
          }
          geometry IndexedFaceSet {
            solid TRUE
            coord Coordinate {
              point [
65.858617 -32.832438 -0.314961, 65.823777 -32.867278 -0.314961,
65.801408 -32.911178 -0.314961, 65.793701 -32.959843 -0.314961,
65.801408 -33.008507 -0.314961, 65.812044 -33.029382 -0.314961,
65.758903 -33.082524 -0.314961, 65.753067 -33.09321 -0.314961,
65.746482 -33.103457 -0.314961, 65.746128 -33.105918 -0.314961,
65.745613 -33.106861 -0.314961, 65.745739 -33.108624 -0.314961,
65.744489 -33.117322 -0.314961, 65.744489 -33.983465 -0.314961,
65.747919 -33.995149 -0.314961, 65.750508 -34.00705 -0.314961,
65.751998 -34.00904 -0.314961, 65.752301 -34.010071 -0.314961,
65.753636 -34.011228 -0.314961, 65.758903 -34.018263 -0.314961,
66.880236 -35.139597 -0.314961, 66.88429 -35.154724 -0.314961,
66.905906 -35.17634 -0.314961, 66.935433 -35.184252 -0.314961,
66.964961 -35.17634 -0.314961, 66.986576 -35.154724 -0.314961,
66.994488 -35.125197 -0.314961, 66.986576 -35.095669 -0.314961,
66.964961 -35.074054 -0.314961, 66.949833 -35.07 -0.314961,
65.842914 -33.963081 -0.314961, 65.842914 -33.137707 -0.314961,
65.881641 -33.098979 -0.314961, 65.902517 -33.109615 -0.314961,
65.951181 -33.117323 -0.314961, 65.999845 -33.109615 -0.314961,
66.043746 -33.087247 -0.314961, 66.078585 -33.052407 -0.314961,
66.100954 -33.008507 -0.314961, 66.108661 -32.959843 -0.314961,
66.100954 -32.911178 -0.314961, 66.078585 -32.867278 -0.314961,
66.043746 -32.832438 -0.314961, 65.999845 -32.81007 -0.314961,
65.951181 -32.802362 -0.314961, 65.902517 -32.81007 -0.314961,
65.872441 -32.959843 -0.314961, 65.873954 -32.944481 -0.314961,
65.878435 -32.92971 -0.314961, 65.885711 -32.916097 -0.314961,
65.895503 -32.904165 -0.314961, 65.907435 -32.894372 -0.314961,
65.921049 -32.887096 -0.314961, 65.93582 -32.882615 -0.314961,
65.951181 -32.881102 -0.314961, 65.966543 -32.882615 -0.314961,
65.981314 -32.887096 -0.314961, 65.994927 -32.894372 -0.314961,
66.006859 -32.904165 -0.314961, 66.016651 -32.916097 -0.314961,
66.023928 -32.92971 -0.314961, 66.028408 -32.944481 -0.314961,
66.029921 -32.959843 -0.314961, 66.028408 -32.975204 -0.314961,
66.023928 -32.989975 -0.314961, 66.016651 -33.003588 -0.314961,
66.006859 -33.01552 -0.314961, 65.994927 -33.025313 -0.314961,
65.981314 -33.032589 -0.314961, 65.966543 -33.03707 -0.314961,
65.951181 -33.038583 -0.314961, 65.93582 -33.03707 -0.314961,
65.921049 -33.032589 -0.314961, 65.907435 -33.025313 -0.314961,
65.895503 -33.01552 -0.314961, 65.885711 -33.003588 -0.314961,
65.878435 -32.989975 -0.314961, 65.873954 -32.975204 -0.314961,
66.955118 -35.125197 -0.314961, 66.95362 -35.13273 -0.314961,
66.949352 -35.139116 -0.314961, 66.942966 -35.143383 -0.314961,
66.935433 -35.144882 -0.314961, 66.9279 -35.143383 -0.314961,
66.921514 -35.139116 -0.314961, 66.917246 -35.13273 -0.314961,
66.915748 -35.125197 -0.314961, 66.917246 -35.117664 -0.314961,
66.921514 -35.111277 -0.314961, 66.9279 -35.10701 -0.314961,
66.935433 -35.105512 -0.314961, 66.942966 -35.10701 -0.314961,
66.949352 -35.111277 -0.314961, 66.95362 -35.117664 -0.314961,
69.514173 -34.731496 -0.314961, 69.515686 -34.716135 -0.314961,
69.520167 -34.701364 -0.314961, 69.527443 -34.68775 -0.314961,
69.537236 -34.675818 -0.314961, 69.549168 -34.666026 -0.314961,
69.562781 -34.65875 -0.314961, 69.577552 -34.654269 -0.314961,
69.592913 -34.652756 -0.314961, 69.608275 -34.654269 -0.314961,
69.623046 -34.65875 -0.314961, 69.636659 -34.666026 -0.314961,
69.648591 -34.675818 -0.314961, 69.658383 -34.68775 -0.314961,
69.66566 -34.701364 -0.314961, 69.670141 -34.716135 -0.314961,
69.671654 -34.731496 -0.314961, 69.670141 -34.746858 -0.314961,
69.66566 -34.761629 -0.314961, 69.658383 -34.775242 -0.314961,
69.648591 -34.787174 -0.314961, 69.636659 -34.796966 -0.314961,
69.623046 -34.804242 -0.314961, 69.608275 -34.808723 -0.314961,
69.592913 -34.810236 -0.314961, 69.577552 -34.808723 -0.314961,
69.562781 -34.804242 -0.314961, 69.549168 -34.796966 -0.314961,
69.537236 -34.787174 -0.314961, 69.527443 -34.775242 -0.314961,
69.520167 -34.761629 -0.314961, 69.515686 -34.746858 -0.314961,
67.984601 -34.604092 -0.314961, 67.949761 -34.638931 -0.314961,
67.927393 -34.682832 -0.314961, 67.919685 -34.731496 -0.314961,
67.927393 -34.78016 -0.314961, 67.949761 -34.824061 -0.314961,
67.984601 -34.8589 -0.314961, 68.028501 -34.881269 -0.314961,
68.077165 -34.888976 -0.314961, 68.12583 -34.881269 -0.314961,
68.16973 -34.8589 -0.314961, 68.20457 -34.824061 -0.314961,
68.226659 -34.780709 -0.314961, 68.903937 -34.780709 -0.314961,
69.529062 -34.780709 -0.314961, 69.541365 -34.796136 -0.314961,
69.574516 -34.8121 -0.314961, 69.611311 -34.8121 -0.314961,
69.644462 -34.796136 -0.314961, 69.667403 -34.767369 -0.314961,
69.675591 -34.731496 -0.314961, 69.667403 -34.695624 -0.314961,
69.644462 -34.666856 -0.314961, 69.611311 -34.650892 -0.314961,
69.574516 -34.650892 -0.314961, 69.541365 -34.666856 -0.314961,
69.529062 -34.682283 -0.314961, 68.903937 -34.682283 -0.314961,
68.226659 -34.682283 -0.314961, 68.20457 -34.638931 -0.314961,
68.16973 -34.604092 -0.314961, 68.12583 -34.581723 -0.314961,
68.077165 -34.574016 -0.314961, 68.028501 -34.581723 -0.314961,
67.998425 -34.731496 -0.314961, 67.999938 -34.716135 -0.314961,
68.004419 -34.701364 -0.314961, 68.011695 -34.68775 -0.314961,
68.021488 -34.675818 -0.314961, 68.03342 -34.666026 -0.314961,
68.047033 -34.65875 -0.314961, 68.061804 -34.654269 -0.314961,
68.077165 -34.652756 -0.314961, 68.092527 -34.654269 -0.314961,
68.107298 -34.65875 -0.314961, 68.120911 -34.666026 -0.314961,
68.132843 -34.675818 -0.314961, 68.142635 -34.68775 -0.314961,
68.149912 -34.701364 -0.314961, 68.154393 -34.716135 -0.314961,
68.155906 -34.731496 -0.314961, 68.154393 -34.746858 -0.314961,
68.149912 -34.761629 -0.314961, 68.142635 -34.775242 -0.314961,
68.132843 -34.787174 -0.314961, 68.120911 -34.796966 -0.314961,
68.107298 -34.804242 -0.314961, 68.092527 -34.808723 -0.314961,
68.077165 -34.810236 -0.314961, 68.061804 -34.808723 -0.314961,
68.047033 -34.804242 -0.314961, 68.03342 -34.796966 -0.314961,
68.021488 -34.787174 -0.314961, 68.011695 -34.775242 -0.314961,
68.004419 -34.761629 -0.314961, 67.999938 -34.746858 -0.314961,
65.961024 -35.329959 -0.314961, 65.939408 -35.351575 -0.314961,
65.931496 -35.381102 -0.314961, 65.939408 -35.41063 -0.314961,
65.961024 -35.432246 -0.314961, 65.990551 -35.440157 -0.314961,
66.020079 -35.432246 -0.314961, 66.022009 -35.430315 -0.314961,
66.074068 -35.430315 -0.314961, 67.101969 -35.430315 -0.314961,
67.113653 -35.426884 -0.314961, 67.125554 -35.424295 -0.314961,
67.127544 -35.422806 -0.314961, 67.128576 -35.422503 -0.314961,
67.129733 -35.421167 -0.314961, 67.136768 -35.415901 -0.314961,
67.255665 -35.297004 -0.314961, 67.261499 -35.286319 -0.314961,
67.268086 -35.27607 -0.314961, 67.268439 -35.273608 -0.314961,
67.268954 -35.272666 -0.314961, 67.268828 -35.270905 -0.314961,
67.270079 -35.262205 -0.314961, 67.270079 -34.988189 -0.314961,
67.266648 -34.976504 -0.314961, 67.264059 -34.964604 -0.314961,
67.26257 -34.962613 -0.314961, 67.262267 -34.961582 -0.314961,
67.260931 -34.960425 -0.314961, 67.255665 -34.95339 -0.314961,
66.782437 -34.480162 -0.314961, 66.7581 -34.466872 -0.314961,
66.730441 -34.468851 -0.314961, 66.708242 -34.485469 -0.314961,
66.698551 -34.51145 -0.314961, 66.704446 -34.538546 -0.314961,
66.71284 -34.549759 -0.314961, 67.171654 -35.008573 -0.314961,
67.171654 -35.241821 -0.314961, 67.081585 -35.33189 -0.314961,
66.074068 -35.33189 -0.314961, 66.022009 -35.33189 -0.314961,
66.020079 -35.329959 -0.314961, 65.990551 -35.322047 -0.314961,
65.970866 -35.381102 -0.314961, 65.972365 -35.373569 -0.314961,
65.976632 -35.367183 -0.314961, 65.983018 -35.362916 -0.314961,
65.990551 -35.361417 -0.314961, 65.998084 -35.362916 -0.314961,
66.004471 -35.367183 -0.314961, 66.008738 -35.373569 -0.314961,
66.010236 -35.381102 -0.314961, 66.008738 -35.388636 -0.314961,
66.004471 -35.395022 -0.314961, 65.998084 -35.399289 -0.314961,
65.990551 -35.400787 -0.314961, 65.983018 -35.399289 -0.314961,
65.976632 -35.395022 -0.314961, 65.972365 -35.388636 -0.314961,
69.785827 -39.27874 -0.314961, 69.794015 -39.314613 -0.314961,
69.816956 -39.34338 -0.314961, 69.850107 -39.359344 -0.314961,
69.886901 -39.359344 -0.314961, 69.920052 -39.34338 -0.314961,
69.942993 -39.314613 -0.314961, 69.951181 -39.27874 -0.314961,
69.942993 -39.242868 -0.314961, 69.920052 -39.2141 -0.314961,
69.886901 -39.198136 -0.314961, 69.850107 -39.198136 -0.314961,
69.816956 -39.2141 -0.314961, 69.794015 -39.242868 -0.314961,
69.789764 -39.27874 -0.314961, 69.791277 -39.263379 -0.314961,
69.795758 -39.248608 -0.314961, 69.803034 -39.234994 -0.314961,
69.812826 -39.223062 -0.314961, 69.824758 -39.21327 -0.314961,
69.838371 -39.205994 -0.314961, 69.853142 -39.201513 -0.314961,
69.868504 -39.2 -0.314961, 69.883865 -39.201513 -0.314961,
69.898636 -39.205994 -0.314961, 69.91225 -39.21327 -0.314961,
69.924182 -39.223062 -0.314961, 69.933974 -39.234994 -0.314961,
69.94125 -39.248608 -0.314961, 69.945731 -39.263379 -0.314961,
69.947244 -39.27874 -0.314961, 69.945731 -39.294102 -0.314961,
69.94125 -39.308873 -0.314961, 69.933974 -39.322486 -0.314961,
69.924182 -39.334418 -0.314961, 69.91225 -39.34421 -0.314961,
69.898636 -39.351487 -0.314961, 69.883865 -39.355967 -0.314961,
69.868504 -39.35748 -0.314961, 69.853142 -39.355967 -0.314961,
69.838371 -39.351487 -0.314961, 69.824758 -39.34421 -0.314961,
69.812826 -39.334418 -0.314961, 69.803034 -39.322486 -0.314961,
69.795758 -39.308873 -0.314961, 69.791277 -39.294102 -0.314961,
68.608661 -40.046457 -0.314961, 68.61016 -40.038924 -0.314961,
68.614427 -40.032537 -0.314961, 68.620813 -40.02827 -0.314961,
68.628346 -40.026772 -0.314961, 68.63588 -40.02827 -0.314961,
68.642266 -40.032537 -0.314961, 68.646533 -40.038924 -0.314961,
68.648031 -40.046457 -0.314961, 68.646533 -40.05399 -0.314961,
68.642266 -40.060376 -0.314961, 68.63588 -40.064643 -0.314961,
68.628346 -40.066142 -0.314961, 68.620813 -40.064643 -0.314961,
68.614427 -40.060376 -0.314961, 68.61016 -40.05399 -0.314961,
64.838976 -41.491376 -0.314961, 64.817361 -41.512992 -0.314961,
64.809449 -41.54252 -0.314961, 64.817361 -41.572047 -0.314961,
64.838976 -41.593663 -0.314961, 64.868504 -41.601575 -0.314961,
64.898031 -41.593663 -0.314961, 64.899962 -41.591732 -0.314961,
65.970866 -41.591732 -0.314961, 65.98255 -41.588301 -0.314961,
65.994451 -41.585713 -0.314961, 65.996441 -41.584223 -0.314961,
65.997472 -41.58392 -0.314961, 65.99863 -41.582584 -0.314961,
66.005665 -41.577318 -0.314961, 67.487314 -40.095669 -0.314961,
68.596888 -40.095669 -0.314961, 68.598819 -40.0976 -0.314961,
68.628346 -40.105512 -0.314961, 68.657874 -40.0976 -0.314961,
68.67949 -40.075984 -0.314961, 68.687402 -40.046457 -0.314961,
68.67949 -40.016929 -0.314961, 68.657874 -39.995313 -0.314961,
68.628346 -39.987402 -0.314961, 68.598819 -39.995313 -0.314961,
68.596888 -39.997244 -0.314961, 67.466929 -39.997244 -0.314961,
67.455247 -40.000674 -0.314961, 67.443344 -40.003263 -0.314961,
67.441353 -40.004754 -0.314961, 67.440323 -40.005056 -0.314961,
67.439166 -40.006391 -0.314961, 67.432131 -40.011658 -0.314961,
65.950482 -41.493307 -0.314961, 64.899962 -41.493307 -0.314961,
64.898031 -41.491376 -0.314961, 64.868504 -41.483465 -0.314961,
64.848819 -41.54252 -0.314961, 64.850317 -41.534987 -0.314961,
64.854585 -41.5286 -0.314961, 64.860971 -41.524333 -0.314961,
64.868504 -41.522835 -0.314961, 64.876037 -41.524333 -0.314961,
64.882423 -41.5286 -0.314961, 64.886691 -41.534987 -0.314961,
64.888189 -41.54252 -0.314961, 64.886691 -41.550053 -0.314961,
64.882423 -41.556439 -0.314961, 64.876037 -41.560706 -0.314961,
64.868504 -41.562205 -0.314961, 64.860971 -41.560706 -0.314961,
64.854585 -41.556439 -0.314961, 64.850317 -41.550053 -0.314961,
74.517323 -41.000002 -0.314961, 74.525511 -41.035874 -0.314961,
74.548452 -41.064641 -0.314961, 74.581603 -41.080606 -0.314961,
74.618397 -41.080606 -0.314961, 74.651548 -41.064641 -0.314961,
74.674489 -41.035874 -0.314961, 74.682677 -41.000002 -0.314961,
74.674489 -40.964129 -0.314961, 74.651548 -40.935362 -0.314961,
74.618397 -40.919397 -0.314961, 74.581603 -40.919397 -0.314961,
74.548452 -40.935362 -0.314961, 74.525511 -40.964129 -0.314961,
74.52126 -41.000002 -0.314961, 74.522773 -40.98464 -0.314961,
74.527254 -40.969869 -0.314961, 74.53453 -40.956256 -0.314961,
74.544322 -40.944324 -0.314961, 74.556254 -40.934532 -0.314961,
74.569867 -40.927255 -0.314961, 74.584639 -40.922774 -0.314961,
74.6 -40.921261 -0.314961, 74.615361 -40.922774 -0.314961,
74.630133 -40.927255 -0.314961, 74.643746 -40.934532 -0.314961,
74.655678 -40.944324 -0.314961, 74.66547 -40.956256 -0.314961,
74.672746 -40.969869 -0.314961, 74.677227 -40.98464 -0.314961,
74.67874 -41.000002 -0.314961, 74.677227 -41.015363 -0.314961,
74.672746 -41.030134 -0.314961, 74.66547 -41.043747 -0.314961,
74.655678 -41.055679 -0.314961, 74.643746 -41.065472 -0.314961,
74.630133 -41.072748 -0.314961, 74.615361 -41.077229 -0.314961,
74.6 -41.078742 -0.314961, 74.584639 -41.077229 -0.314961,
74.569867 -41.072748 -0.314961, 74.556254 -41.065472 -0.314961,
74.544322 -41.055679 -0.314961, 74.53453 -41.043747 -0.314961,
74.527254 -41.030134 -0.314961, 74.522773 -41.015363 -0.314961
              ]
            }
            coordIndex [
27, 26, 25, -1, 27, 25, 28, -1, 28, 25, 24, -1, 28, 24, 78, -1,
78, 24, 79, -1, 92, 91, 29, -1, 92, 29, 93, -1, 93, 29, 28, -1,
93, 28, 78, -1, 30, 29, 20, -1, 20, 29, 21, -1, 21, 29, 88, -1,
88, 29, 89, -1, 89, 29, 90, -1, 90, 29, 91, -1, 84, 83, 23, -1,
84, 23, 85, -1, 85, 23, 22, -1, 85, 22, 86, -1, 86, 22, 21, -1,
86, 21, 87, -1, 87, 21, 88, -1, 46, 77, 32, -1, 46, 32, 0, -1,
0, 32, 31, -1, 0, 31, 1, -1, 1, 31, 30, -1, 1, 30, 5, -1,
5, 30, 6, -1, 17, 16, 7, -1, 17, 7, 18, -1, 18, 7, 6, -1,
18, 6, 19, -1, 19, 6, 30, -1, 19, 30, 20, -1, 8, 7, 14, -1,
14, 7, 15, -1, 15, 7, 16, -1, 8, 14, 9, -1, 9, 14, 11, -1,
11, 14, 12, -1, 12, 14, 13, -1, 79, 24, 80, -1, 80, 24, 81, -1,
81, 24, 82, -1, 82, 24, 23, -1, 3, 2, 4, -1, 4, 2, 5, -1,
5, 2, 1, -1, 40, 39, 38, -1, 40, 38, 41, -1, 41, 38, 37, -1,
41, 37, 42, -1, 42, 37, 36, -1, 42, 36, 62, -1, 62, 36, 63, -1,
43, 42, 58, -1, 58, 42, 59, -1, 59, 42, 60, -1, 60, 42, 61, -1,
61, 42, 62, -1, 44, 43, 55, -1, 55, 43, 56, -1, 56, 43, 57, -1,
57, 43, 58, -1, 45, 44, 51, -1, 51, 44, 52, -1, 52, 44, 53, -1,
53, 44, 54, -1, 54, 44, 55, -1, 0, 45, 47, -1, 47, 45, 48, -1,
48, 45, 49, -1, 49, 45, 50, -1, 50, 45, 51, -1, 63, 36, 64, -1,
64, 36, 65, -1, 65, 36, 66, -1, 66, 36, 35, -1, 66, 35, 67, -1,
67, 35, 68, -1, 68, 35, 69, -1, 69, 35, 70, -1, 70, 35, 34, -1,
70, 34, 71, -1, 71, 34, 72, -1, 72, 34, 73, -1, 73, 34, 33, -1,
74, 73, 33, -1, 74, 33, 75, -1, 75, 33, 32, -1, 75, 32, 76, -1,
76, 32, 77, -1, 110, 109, 146, -1, 110, 146, 111, -1, 111, 146, 145, -1,
111, 145, 112, -1, 112, 145, 113, -1, 148, 147, 106, -1, 106, 147, 107, -1,
107, 147, 108, -1, 108, 147, 109, -1, 109, 147, 146, -1, 103, 102, 149, -1,
103, 149, 104, -1, 104, 149, 148, -1, 104, 148, 105, -1, 105, 148, 106, -1,
100, 99, 150, -1, 100, 150, 101, -1, 101, 150, 149, -1, 101, 149, 102, -1,
97, 96, 152, -1, 97, 152, 98, -1, 98, 152, 151, -1, 98, 151, 99, -1,
99, 151, 150, -1, 154, 153, 139, -1, 139, 153, 140, -1, 140, 153, 124, -1,
124, 153, 125, -1, 125, 153, 94, -1, 94, 153, 95, -1, 95, 153, 96, -1,
96, 153, 152, -1, 115, 114, 144, -1, 144, 114, 145, -1, 145, 114, 113, -1,
117, 116, 143, -1, 143, 116, 144, -1, 144, 116, 115, -1, 118, 117, 143, -1,
118, 143, 119, -1, 119, 143, 142, -1, 119, 142, 120, -1, 120, 142, 121, -1,
121, 142, 141, -1, 121, 141, 122, -1, 122, 141, 140, -1, 122, 140, 123, -1,
123, 140, 124, -1, 154, 139, 138, -1, 154, 138, 155, -1, 155, 138, 137, -1,
155, 137, 156, -1, 156, 137, 136, -1, 156, 136, 176, -1, 176, 136, 177, -1,
157, 156, 172, -1, 172, 156, 173, -1, 173, 156, 174, -1, 174, 156, 175, -1,
175, 156, 176, -1, 158, 157, 169, -1, 169, 157, 170, -1, 170, 157, 171, -1,
171, 157, 172, -1, 159, 158, 165, -1, 165, 158, 166, -1, 166, 158, 167, -1,
167, 158, 168, -1, 168, 158, 169, -1, 126, 159, 161, -1, 161, 159, 162, -1,
162, 159, 163, -1, 163, 159, 164, -1, 164, 159, 165, -1, 127, 126, 132, -1,
132, 126, 191, -1, 191, 126, 160, -1, 160, 126, 161, -1, 177, 136, 178, -1,
178, 136, 179, -1, 179, 136, 180, -1, 180, 136, 135, -1, 180, 135, 181, -1,
181, 135, 182, -1, 182, 135, 183, -1, 183, 135, 184, -1, 184, 135, 134, -1,
184, 134, 185, -1, 185, 134, 186, -1, 186, 134, 187, -1, 187, 134, 133, -1,
187, 133, 188, -1, 188, 133, 189, -1, 189, 133, 190, -1, 190, 133, 191, -1,
191, 133, 132, -1, 130, 129, 128, -1, 130, 128, 131, -1, 131, 128, 127, -1,
131, 127, 132, -1, 216, 215, 210, -1, 210, 215, 211, -1, 211, 215, 213, -1,
213, 215, 214, -1, 216, 210, 217, -1, 217, 210, 218, -1, 218, 210, 219, -1,
219, 210, 209, -1, 220, 219, 209, -1, 220, 209, 221, -1, 221, 209, 208, -1,
221, 208, 229, -1, 229, 208, 230, -1, 221, 229, 222, -1, 222, 229, 223, -1,
223, 229, 224, -1, 224, 229, 228, -1, 226, 225, 227, -1, 227, 225, 228, -1,
228, 225, 224, -1, 231, 230, 201, -1, 201, 230, 202, -1, 202, 230, 203, -1,
203, 230, 204, -1, 204, 230, 205, -1, 205, 230, 206, -1, 206, 230, 207, -1,
207, 230, 208, -1, 198, 244, 234, -1, 198, 234, 199, -1, 199, 234, 233, -1,
199, 233, 200, -1, 200, 233, 232, -1, 200, 232, 201, -1, 201, 232, 231, -1,
235, 234, 241, -1, 241, 234, 242, -1, 242, 234, 243, -1, 243, 234, 244, -1,
192, 235, 237, -1, 237, 235, 238, -1, 238, 235, 239, -1, 239, 235, 240, -1,
240, 235, 241, -1, 250, 249, 197, -1, 250, 197, 251, -1, 251, 197, 196, -1,
251, 196, 236, -1, 236, 196, 192, -1, 236, 192, 237, -1, 244, 198, 245, -1,
245, 198, 246, -1, 246, 198, 247, -1, 247, 198, 248, -1, 248, 198, 197, -1,
194, 193, 195, -1, 195, 193, 196, -1, 196, 193, 192, -1, 282, 281, 259, -1,
282, 259, 283, -1, 283, 259, 258, -1, 283, 258, 284, -1, 284, 258, 285, -1,
261, 260, 278, -1, 278, 260, 279, -1, 279, 260, 280, -1, 280, 260, 281, -1,
281, 260, 259, -1, 275, 274, 262, -1, 275, 262, 276, -1, 276, 262, 261, -1,
276, 261, 277, -1, 277, 261, 278, -1, 272, 271, 263, -1, 272, 263, 273, -1,
273, 263, 262, -1, 273, 262, 274, -1, 265, 264, 269, -1, 269, 264, 270, -1,
270, 264, 271, -1, 271, 264, 263, -1, 266, 297, 252, -1, 266, 252, 267, -1,
267, 252, 265, -1, 267, 265, 268, -1, 268, 265, 269, -1, 287, 286, 257, -1,
257, 286, 258, -1, 258, 286, 285, -1, 289, 288, 256, -1, 256, 288, 257, -1,
257, 288, 287, -1, 290, 289, 256, -1, 290, 256, 291, -1, 291, 256, 255, -1,
291, 255, 292, -1, 292, 255, 293, -1, 255, 254, 293, -1, 293, 254, 294, -1,
294, 254, 295, -1, 295, 254, 253, -1, 295, 253, 296, -1, 296, 253, 297, -1,
297, 253, 252, -1, 336, 335, 334, -1, 336, 334, 337, -1, 337, 334, 333, -1,
337, 333, 306, -1, 306, 333, 307, -1, 338, 337, 303, -1, 303, 337, 304, -1,
304, 337, 305, -1, 305, 337, 306, -1, 339, 338, 299, -1, 299, 338, 300, -1,
300, 338, 301, -1, 301, 338, 302, -1, 302, 338, 303, -1, 312, 311, 332, -1,
312, 332, 313, -1, 313, 332, 331, -1, 313, 331, 298, -1, 298, 331, 339, -1,
298, 339, 299, -1, 307, 333, 308, -1, 308, 333, 309, -1, 309, 333, 310, -1,
310, 333, 332, -1, 341, 340, 329, -1, 329, 340, 330, -1, 330, 340, 331, -1,
331, 340, 339, -1, 341, 329, 342, -1, 342, 329, 343, -1, 343, 329, 344, -1,
344, 329, 345, -1, 345, 329, 346, -1, 346, 329, 347, -1, 347, 329, 328, -1,
348, 347, 322, -1, 322, 347, 323, -1, 323, 347, 324, -1, 324, 347, 325, -1,
325, 347, 327, -1, 327, 347, 328, -1, 320, 360, 350, -1, 320, 350, 321, -1,
321, 350, 349, -1, 321, 349, 322, -1, 322, 349, 348, -1, 351, 350, 357, -1,
357, 350, 358, -1, 358, 350, 359, -1, 359, 350, 360, -1, 314, 351, 353, -1,
353, 351, 354, -1, 354, 351, 355, -1, 355, 351, 356, -1, 356, 351, 357, -1,
366, 365, 319, -1, 366, 319, 367, -1, 367, 319, 318, -1, 367, 318, 352, -1,
352, 318, 314, -1, 352, 314, 353, -1, 360, 320, 361, -1, 361, 320, 362, -1,
362, 320, 363, -1, 363, 320, 364, -1, 364, 320, 319, -1, 316, 315, 317, -1,
317, 315, 318, -1, 318, 315, 314, -1, 398, 397, 375, -1, 398, 375, 399, -1,
399, 375, 374, -1, 399, 374, 400, -1, 400, 374, 401, -1, 377, 376, 394, -1,
394, 376, 395, -1, 395, 376, 396, -1, 396, 376, 397, -1, 397, 376, 375, -1,
391, 390, 378, -1, 391, 378, 392, -1, 392, 378, 377, -1, 392, 377, 393, -1,
393, 377, 394, -1, 388, 387, 379, -1, 388, 379, 389, -1, 389, 379, 378, -1,
389, 378, 390, -1, 381, 380, 385, -1, 385, 380, 386, -1, 386, 380, 387, -1,
387, 380, 379, -1, 382, 413, 368, -1, 382, 368, 383, -1, 383, 368, 381, -1,
383, 381, 384, -1, 384, 381, 385, -1, 403, 402, 373, -1, 373, 402, 374, -1,
374, 402, 401, -1, 405, 404, 372, -1, 372, 404, 373, -1, 373, 404, 403, -1,
406, 405, 372, -1, 406, 372, 407, -1, 407, 372, 371, -1, 407, 371, 408, -1,
408, 371, 409, -1, 371, 370, 409, -1, 409, 370, 410, -1, 410, 370, 411, -1,
411, 370, 369, -1, 411, 369, 412, -1, 412, 369, 413, -1, 413, 369, 368, -1,
319, 365, 364, -1, 325, 327, 326, -1, 332, 311, 310, -1, 197, 249, 248, -1,
213, 212, 211, -1, 0, 47, 46, -1, 10, 9, 11, -1, 23, 83, 82, -1
            ]
          }
        }
      ]
    }
  ]
}
Transform {
  children [
    Group {
      children [
        Shape {
          appearance Appearance {
            material Material {
              diffuseColor 0.5 0.5 0.5
              specularColor 0.8 0.8 0.8
              emissiveColor 0 0 0
              ambientIntensity 0.7
              transparency 0
              shininess 0.7
            }
          }
          geometry IndexedFaceSet {
            solid TRUE
            coord Coordinate {
              point [

              ]
            }
            coordIndex [

            ]
          }
        }
      ]
    }
  ]
}
Transform {
  children [
    Group {
      children [
        Shape {
          appearance Appearance {
            material Material {
              diffuseColor 0.08 0.2 0.14
              specularColor 0.356 0.44 0.398
              emissiveColor 0 0 0
              ambientIntensity 0.8
              transparency 0.17
              shininess 0.3
            }
          }
          geometry IndexedFaceSet {
            solid TRUE
            coord Coordinate {
              point [
69.675591 -34.731496 -0.319882, 69.667403 -34.767369 -0.319882,
69.644462 -34.796136 -0.319882, 69.611311 -34.8121 -0.319882,
69.574516 -34.8121 -0.319882, 69.541365 -34.796136 -0.319882,
69.518424 -34.767369 -0.319882, 69.510236 -34.731496 -0.319882,
69.518424 -34.695624 -0.319882, 69.541365 -34.666856 -0.319882,
69.574516 -34.650892 -0.319882, 69.611311 -34.650892 -0.319882,
69.644462 -34.666856 -0.319882, 69.667403 -34.695624 -0.319882,
89.770079 -55.696063 -0.319882, 89.770079 -24.2 -0.319882,
50.4 -24.2 -0.319882, 50.4 -32.959843 -0.319882,
50.4 -34.731496 -0.319882, 50.4 -35.125197 -0.319882,
50.4 -35.381102 -0.319882, 50.4 -39.27874 -0.319882,
50.4 -39.948031 -0.319882, 50.4 -40.046457 -0.319882,
50.4 -41.000002 -0.319882, 50.4 -41.54252 -0.319882,
50.4 -55.696063 -0.319882, 78.352756 -36.011024 -0.319882,
78.352756 -39.948031 -0.319882, 78.345191 -40.024839 -0.319882,
78.322787 -40.098694 -0.319882, 78.286406 -40.16676 -0.319882,
78.237444 -40.22642 -0.319882, 78.177783 -40.275382 -0.319882,
78.109718 -40.311764 -0.319882, 78.035862 -40.334167 -0.319882,
77.959055 -40.341732 -0.319882, 74.022047 -40.341732 -0.319882,
73.94524 -40.334167 -0.319882, 73.871385 -40.311764 -0.319882,
73.803319 -40.275382 -0.319882, 73.743659 -40.22642 -0.319882,
73.694697 -40.16676 -0.319882, 73.658315 -40.098694 -0.319882,
73.635911 -40.024839 -0.319882, 73.628346 -39.948031 -0.319882,
73.628346 -36.011024 -0.319882, 73.635911 -35.934217 -0.319882,
73.658315 -35.860361 -0.319882, 73.694697 -35.792295 -0.319882,
73.743659 -35.732635 -0.319882, 73.803319 -35.683673 -0.319882,
73.871385 -35.647291 -0.319882, 73.94524 -35.624888 -0.319882,
74.022047 -35.617323 -0.319882, 77.959055 -35.617323 -0.319882,
78.035862 -35.624888 -0.319882, 78.109718 -35.647291 -0.319882,
78.177783 -35.683673 -0.319882, 78.237444 -35.732635 -0.319882,
78.286406 -35.792295 -0.319882, 78.322787 -35.860361 -0.319882,
78.345191 -35.934217 -0.319882, 69.951181 -39.27874 -0.319882,
69.942993 -39.314613 -0.319882, 69.920052 -39.34338 -0.319882,
69.886901 -39.359344 -0.319882, 69.850107 -39.359344 -0.319882,
69.816956 -39.34338 -0.319882, 69.794015 -39.314613 -0.319882,
69.785827 -39.27874 -0.319882, 69.794015 -39.242868 -0.319882,
69.816956 -39.2141 -0.319882, 69.850107 -39.198136 -0.319882,
69.886901 -39.198136 -0.319882, 69.920052 -39.2141 -0.319882,
69.942993 -39.242868 -0.319882, 67.919685 -34.731496 -0.319882,
67.927393 -34.682832 -0.319882, 67.949761 -34.638931 -0.319882,
67.984601 -34.604092 -0.319882, 68.028501 -34.581723 -0.319882,
68.077165 -34.574016 -0.319882, 68.12583 -34.581723 -0.319882,
68.16973 -34.604092 -0.319882, 68.20457 -34.638931 -0.319882,
68.226938 -34.682832 -0.319882, 68.234646 -34.731496 -0.319882,
68.226938 -34.78016 -0.319882, 68.20457 -34.824061 -0.319882,
68.16973 -34.8589 -0.319882, 68.12583 -34.881269 -0.319882,
68.077165 -34.888976 -0.319882, 68.028501 -34.881269 -0.319882,
67.984601 -34.8589 -0.319882, 67.949761 -34.824061 -0.319882,
67.927393 -34.78016 -0.319882, 66.994488 -35.125197 -0.319882,
66.986576 -35.154724 -0.319882, 66.964961 -35.17634 -0.319882,
66.935433 -35.184252 -0.319882, 66.905906 -35.17634 -0.319882,
66.88429 -35.154724 -0.319882, 66.876378 -35.125197 -0.319882,
66.88429 -35.095669 -0.319882, 66.905906 -35.074054 -0.319882,
66.935433 -35.066142 -0.319882, 66.964961 -35.074054 -0.319882,
66.986576 -35.095669 -0.319882, 64.927559 -41.54252 -0.319882,
64.919647 -41.572047 -0.319882, 64.898031 -41.593663 -0.319882,
64.868504 -41.601575 -0.319882, 64.838976 -41.593663 -0.319882,
64.817361 -41.572047 -0.319882, 64.809449 -41.54252 -0.319882,
64.817361 -41.512992 -0.319882, 64.838976 -41.491376 -0.319882,
64.868504 -41.483465 -0.319882, 64.898031 -41.491376 -0.319882,
64.919647 -41.512992 -0.319882, 74.682677 -41.000002 -0.319882,
74.674489 -41.035874 -0.319882, 74.651548 -41.064641 -0.319882,
74.618397 -41.080606 -0.319882, 74.581603 -41.080606 -0.319882,
74.548452 -41.064641 -0.319882, 74.525511 -41.035874 -0.319882,
74.517323 -41.000002 -0.319882, 74.525511 -40.964129 -0.319882,
74.548452 -40.935362 -0.319882, 74.581603 -40.919397 -0.319882,
74.618397 -40.919397 -0.319882, 74.651548 -40.935362 -0.319882,
74.674489 -40.964129 -0.319882, 68.687402 -40.046457 -0.319882,
68.67949 -40.075984 -0.319882, 68.657874 -40.0976 -0.319882,
68.628346 -40.105512 -0.319882, 68.598819 -40.0976 -0.319882,
68.577203 -40.075984 -0.319882, 68.569291 -40.046457 -0.319882,
68.577203 -40.016929 -0.319882, 68.598819 -39.995313 -0.319882,
68.628346 -39.987402 -0.319882, 68.657874 -39.995313 -0.319882,
68.67949 -40.016929 -0.319882, 66.078585 -33.052407 -0.319882,
66.043746 -33.087247 -0.319882, 65.999845 -33.109615 -0.319882,
65.951181 -33.117323 -0.319882, 65.902517 -33.109615 -0.319882,
65.858617 -33.087247 -0.319882, 65.823777 -33.052407 -0.319882,
65.801408 -33.008507 -0.319882, 65.793701 -32.959843 -0.319882,
65.801408 -32.911178 -0.319882, 65.823777 -32.867278 -0.319882,
65.858617 -32.832438 -0.319882, 65.902517 -32.81007 -0.319882,
65.951181 -32.802362 -0.319882, 65.999845 -32.81007 -0.319882,
66.043746 -32.832438 -0.319882, 66.078585 -32.867278 -0.319882,
66.100954 -32.911178 -0.319882, 66.108661 -32.959843 -0.319882,
66.100954 -33.008507 -0.319882, 66.049606 -35.381102 -0.319882,
66.041694 -35.41063 -0.319882, 66.020079 -35.432246 -0.319882,
65.990551 -35.440157 -0.319882, 65.961024 -35.432246 -0.319882,
65.939408 -35.41063 -0.319882, 65.931496 -35.381102 -0.319882,
65.939408 -35.351575 -0.319882, 65.961024 -35.329959 -0.319882,
65.990551 -35.322047 -0.319882, 66.020079 -35.329959 -0.319882,
66.041694 -35.351575 -0.319882
              ]
            }
            coordIndex [
37, 36, 131, -1, 131, 36, 132, -1, 132, 36, 133, -1, 133, 36, 134, -1,
134, 36, 121, -1, 121, 36, 14, -1, 14, 36, 35, -1, 38, 37, 127, -1,
127, 37, 128, -1, 128, 37, 129, -1, 129, 37, 130, -1, 130, 37, 131, -1,
16, 15, 159, -1, 159, 15, 160, -1, 160, 15, 161, -1, 161, 15, 162, -1,
162, 15, 163, -1, 163, 15, 164, -1, 164, 15, 165, -1, 165, 15, 105, -1,
105, 15, 106, -1, 106, 15, 107, -1, 107, 15, 81, -1, 81, 15, 82, -1,
82, 15, 83, -1, 83, 15, 84, -1, 84, 15, 85, -1, 85, 15, 86, -1,
86, 15, 87, -1, 87, 15, 9, -1, 9, 15, 10, -1, 10, 15, 11, -1,
11, 15, 12, -1, 12, 15, 13, -1, 13, 15, 0, -1, 0, 15, 51, -1,
51, 15, 52, -1, 52, 15, 53, -1, 53, 15, 54, -1, 54, 15, 55, -1,
55, 15, 56, -1, 56, 15, 57, -1, 57, 15, 58, -1, 58, 15, 59, -1,
59, 15, 60, -1, 60, 15, 61, -1, 61, 15, 62, -1, 62, 15, 27, -1,
27, 15, 14, -1, 64, 63, 14, -1, 14, 63, 126, -1, 126, 63, 41, -1,
41, 63, 42, -1, 42, 63, 43, -1, 43, 63, 44, -1, 44, 63, 45, -1,
45, 63, 46, -1, 46, 63, 47, -1, 47, 63, 48, -1, 48, 63, 49, -1,
49, 63, 50, -1, 50, 63, 76, -1, 51, 50, 0, -1, 0, 50, 72, -1,
72, 50, 73, -1, 73, 50, 74, -1, 74, 50, 75, -1, 75, 50, 76, -1,
71, 70, 0, -1, 0, 70, 1, -1, 1, 70, 2, -1, 2, 70, 3, -1,
3, 70, 4, -1, 4, 70, 5, -1, 5, 70, 6, -1, 6, 70, 7, -1,
7, 70, 135, -1, 135, 70, 69, -1, 8, 7, 87, -1, 87, 7, 141, -1,
141, 7, 142, -1, 142, 7, 143, -1, 143, 7, 144, -1, 144, 7, 145, -1,
145, 7, 146, -1, 146, 7, 135, -1, 98, 97, 140, -1, 140, 97, 141, -1,
141, 97, 77, -1, 77, 97, 78, -1, 78, 97, 79, -1, 79, 97, 80, -1,
80, 97, 108, -1, 107, 81, 108, -1, 108, 81, 80, -1, 166, 165, 140, -1,
140, 165, 102, -1, 102, 165, 103, -1, 103, 165, 104, -1, 104, 165, 105, -1,
156, 155, 16, -1, 16, 155, 115, -1, 115, 155, 116, -1, 116, 155, 117, -1,
117, 155, 118, -1, 118, 155, 119, -1, 119, 155, 120, -1, 120, 155, 109, -1,
109, 155, 173, -1, 173, 155, 154, -1, 156, 16, 157, -1, 157, 16, 158, -1,
158, 16, 159, -1, 27, 14, 28, -1, 28, 14, 29, -1, 29, 14, 30, -1,
30, 14, 31, -1, 31, 14, 32, -1, 32, 14, 33, -1, 33, 14, 34, -1,
34, 14, 35, -1, 121, 14, 122, -1, 122, 14, 123, -1, 123, 14, 124, -1,
124, 14, 125, -1, 125, 14, 126, -1, 127, 126, 38, -1, 38, 126, 39, -1,
39, 126, 40, -1, 40, 126, 41, -1, 64, 14, 65, -1, 65, 14, 66, -1,
66, 14, 67, -1, 67, 14, 68, -1, 68, 14, 135, -1, 135, 14, 136, -1,
136, 14, 137, -1, 137, 14, 138, -1, 138, 14, 139, -1, 139, 14, 109, -1,
109, 14, 110, -1, 110, 14, 111, -1, 111, 14, 112, -1, 112, 14, 113, -1,
113, 14, 18, -1, 18, 14, 19, -1, 19, 14, 20, -1, 20, 14, 21, -1,
21, 14, 22, -1, 22, 14, 23, -1, 23, 14, 24, -1, 24, 14, 25, -1,
25, 14, 26, -1, 87, 141, 88, -1, 88, 141, 89, -1, 89, 141, 90, -1,
90, 141, 91, -1, 91, 141, 92, -1, 92, 141, 93, -1, 93, 141, 94, -1,
94, 141, 95, -1, 95, 141, 96, -1, 96, 141, 77, -1, 98, 140, 99, -1,
99, 140, 100, -1, 100, 140, 101, -1, 101, 140, 102, -1, 166, 140, 147, -1,
147, 140, 167, -1, 167, 140, 168, -1, 168, 140, 169, -1, 169, 140, 170, -1,
170, 140, 171, -1, 171, 140, 172, -1, 172, 140, 109, -1, 109, 140, 139, -1,
174, 173, 150, -1, 150, 173, 151, -1, 151, 173, 152, -1, 152, 173, 153, -1,
153, 173, 154, -1, 113, 18, 17, -1, 113, 17, 114, -1, 114, 17, 16, -1,
114, 16, 115, -1, 149, 148, 177, -1, 177, 148, 178, -1, 178, 148, 167, -1,
167, 148, 147, -1, 150, 149, 175, -1, 175, 149, 176, -1, 176, 149, 177, -1,
174, 150, 175, -1, 172, 109, 173, -1, 68, 135, 69, -1, 87, 9, 8, -1,
0, 72, 71, -1
            ]
          }
        }
      ]
    }
  ]
}
Transform {
  children [
    Group {
      children [
        Shape {
          appearance Appearance {
            material Material {
              diffuseColor 0.5 0.5 0.5
              specularColor 0.8 0.8 0.8
              emissiveColor 0 0 0
              ambientIntensity 0.7
              transparency 0
              shininess 0.7
            }
          }
          geometry IndexedFaceSet {
            solid TRUE
            coord Coordinate {
              point [
69.671654 -34.731496 0.319882, 69.670141 -34.716135 0.319882,
69.66566 -34.701364 0.319882, 69.658383 -34.68775 0.319882,
69.648591 -34.675818 0.319882, 69.636659 -34.666026 0.319882,
69.623046 -34.65875 0.319882, 69.608275 -34.654269 0.319882,
69.592913 -34.652756 0.319882, 69.577552 -34.654269 0.319882,
69.562781 -34.65875 0.319882, 69.549168 -34.666026 0.319882,
69.537236 -34.675818 0.319882, 69.527443 -34.68775 0.319882,
69.520167 -34.701364 0.319882, 69.515686 -34.716135 0.319882,
69.514173 -34.731496 0.319882, 69.515686 -34.746858 0.319882,
69.520167 -34.761629 0.319882, 69.527443 -34.775242 0.319882,
69.537236 -34.787174 0.319882, 69.549168 -34.796966 0.319882,
69.562781 -34.804242 0.319882, 69.577552 -34.808723 0.319882,
69.592913 -34.810236 0.319882, 69.608275 -34.808723 0.319882,
69.623046 -34.804242 0.319882, 69.636659 -34.796966 0.319882,
69.648591 -34.787174 0.319882, 69.658383 -34.775242 0.319882,
69.66566 -34.761629 0.319882, 69.670141 -34.746858 0.319882,
66.955118 -35.125197 0.319882, 66.95362 -35.117664 0.319882,
66.949352 -35.111277 0.319882, 66.942966 -35.10701 0.319882,
66.935433 -35.105512 0.319882, 66.9279 -35.10701 0.319882,
66.921514 -35.111277 0.319882, 66.917246 -35.117664 0.319882,
66.915748 -35.125197 0.319882, 66.917246 -35.13273 0.319882,
66.921514 -35.139116 0.319882, 66.9279 -35.143383 0.319882,
66.935433 -35.144882 0.319882, 66.942966 -35.143383 0.319882,
66.949352 -35.139116 0.319882, 66.95362 -35.13273 0.319882,
68.155906 -34.731496 0.319882, 68.154393 -34.716135 0.319882,
68.149912 -34.701364 0.319882, 68.142635 -34.68775 0.319882,
68.132843 -34.675818 0.319882, 68.120911 -34.666026 0.319882,
68.107298 -34.65875 0.319882, 68.092527 -34.654269 0.319882,
68.077165 -34.652756 0.319882, 68.061804 -34.654269 0.319882,
68.047033 -34.65875 0.319882, 68.03342 -34.666026 0.319882,
68.021488 -34.675818 0.319882, 68.011695 -34.68775 0.319882,
68.004419 -34.701364 0.319882, 67.999938 -34.716135 0.319882,
67.998425 -34.731496 0.319882, 67.999938 -34.746858 0.319882,
68.004419 -34.761629 0.319882, 68.011695 -34.775242 0.319882,
68.021488 -34.787174 0.319882, 68.03342 -34.796966 0.319882,
68.047033 -34.804242 0.319882, 68.061804 -34.808723 0.319882,
68.077165 -34.810236 0.319882, 68.092527 -34.808723 0.319882,
68.107298 -34.804242 0.319882, 68.120911 -34.796966 0.319882,
68.132843 -34.787174 0.319882, 68.142635 -34.775242 0.319882,
68.149912 -34.761629 0.319882, 68.154393 -34.746858 0.319882,
66.029921 -32.959843 0.319882, 66.028408 -32.944481 0.319882,
66.023928 -32.92971 0.319882, 66.016651 -32.916097 0.319882,
66.006859 -32.904165 0.319882, 65.994927 -32.894372 0.319882,
65.981314 -32.887096 0.319882, 65.966543 -32.882615 0.319882,
65.951181 -32.881102 0.319882, 65.93582 -32.882615 0.319882,
65.921049 -32.887096 0.319882, 65.907435 -32.894372 0.319882,
65.895503 -32.904165 0.319882, 65.885711 -32.916097 0.319882,
65.878435 -32.92971 0.319882, 65.873954 -32.944481 0.319882,
65.872441 -32.959843 0.319882, 65.873954 -32.975204 0.319882,
65.878435 -32.989975 0.319882, 65.885711 -33.003588 0.319882,
65.895503 -33.01552 0.319882, 65.907435 -33.025313 0.319882,
65.921049 -33.032589 0.319882, 65.93582 -33.03707 0.319882,
65.951181 -33.038583 0.319882, 65.966543 -33.03707 0.319882,
65.981314 -33.032589 0.319882, 65.994927 -33.025313 0.319882,
66.006859 -33.01552 0.319882, 66.016651 -33.003588 0.319882,
66.023928 -32.989975 0.319882, 66.028408 -32.975204 0.319882,
66.010236 -35.381102 0.319882, 66.008738 -35.373569 0.319882,
66.004471 -35.367183 0.319882, 65.998084 -35.362916 0.319882,
65.990551 -35.361417 0.319882, 65.983018 -35.362916 0.319882,
65.976632 -35.367183 0.319882, 65.972365 -35.373569 0.319882,
65.970866 -35.381102 0.319882, 65.972365 -35.388636 0.319882,
65.976632 -35.395022 0.319882, 65.983018 -35.399289 0.319882,
65.990551 -35.400787 0.319882, 65.998084 -35.399289 0.319882,
66.004471 -35.395022 0.319882, 66.008738 -35.388636 0.319882,
69.947244 -39.27874 0.319882, 69.945731 -39.263379 0.319882,
69.94125 -39.248608 0.319882, 69.933974 -39.234994 0.319882,
69.924182 -39.223062 0.319882, 69.91225 -39.21327 0.319882,
69.898636 -39.205994 0.319882, 69.883865 -39.201513 0.319882,
69.868504 -39.2 0.319882, 69.853142 -39.201513 0.319882,
69.838371 -39.205994 0.319882, 69.824758 -39.21327 0.319882,
69.812826 -39.223062 0.319882, 69.803034 -39.234994 0.319882,
69.795758 -39.248608 0.319882, 69.791277 -39.263379 0.319882,
69.789764 -39.27874 0.319882, 69.791277 -39.294102 0.319882,
69.795758 -39.308873 0.319882, 69.803034 -39.322486 0.319882,
69.812826 -39.334418 0.319882, 69.824758 -39.34421 0.319882,
69.838371 -39.351487 0.319882, 69.853142 -39.355967 0.319882,
69.868504 -39.35748 0.319882, 69.883865 -39.355967 0.319882,
69.898636 -39.351487 0.319882, 69.91225 -39.34421 0.319882,
69.924182 -39.334418 0.319882, 69.933974 -39.322486 0.319882,
69.94125 -39.308873 0.319882, 69.945731 -39.294102 0.319882,
68.648031 -40.046457 0.319882, 68.646533 -40.038924 0.319882,
68.642266 -40.032537 0.319882, 68.63588 -40.02827 0.319882,
68.628346 -40.026772 0.319882, 68.620813 -40.02827 0.319882,
68.614427 -40.032537 0.319882, 68.61016 -40.038924 0.319882,
68.608661 -40.046457 0.319882, 68.61016 -40.05399 0.319882,
68.614427 -40.060376 0.319882, 68.620813 -40.064643 0.319882,
68.628346 -40.066142 0.319882, 68.63588 -40.064643 0.319882,
68.642266 -40.060376 0.319882, 68.646533 -40.05399 0.319882,
64.888189 -41.54252 0.319882, 64.886691 -41.534987 0.319882,
64.882423 -41.5286 0.319882, 64.876037 -41.524333 0.319882,
64.868504 -41.522835 0.319882, 64.860971 -41.524333 0.319882,
64.854585 -41.5286 0.319882, 64.850317 -41.534987 0.319882,
64.848819 -41.54252 0.319882, 64.850317 -41.550053 0.319882,
64.854585 -41.556439 0.319882, 64.860971 -41.560706 0.319882,
64.868504 -41.562205 0.319882, 64.876037 -41.560706 0.319882,
64.882423 -41.556439 0.319882, 64.886691 -41.550053 0.319882,
74.67874 -41.000002 0.319882, 74.677227 -40.98464 0.319882,
74.672746 -40.969869 0.319882, 74.66547 -40.956256 0.319882,
74.655678 -40.944324 0.319882, 74.643746 -40.934532 0.319882,
74.630133 -40.927255 0.319882, 74.615361 -40.922774 0.319882,
74.6 -40.921261 0.319882, 74.584639 -40.922774 0.319882,
74.569867 -40.927255 0.319882, 74.556254 -40.934532 0.319882,
74.544322 -40.944324 0.319882, 74.53453 -40.956256 0.319882,
74.527254 -40.969869 0.319882, 74.522773 -40.98464 0.319882,
74.52126 -41.000002 0.319882, 74.522773 -41.015363 0.319882,
74.527254 -41.030134 0.319882, 74.53453 -41.043747 0.319882,
74.544322 -41.055679 0.319882, 74.556254 -41.065472 0.319882,
74.569867 -41.072748 0.319882, 74.584639 -41.077229 0.319882,
74.6 -41.078742 0.319882, 74.615361 -41.077229 0.319882,
74.630133 -41.072748 0.319882, 74.643746 -41.065472 0.319882,
74.655678 -41.055679 0.319882, 74.66547 -41.043747 0.319882,
74.672746 -41.030134 0.319882, 74.677227 -41.015363 0.319882,
69.671654 -34.731496 -0.319882, 69.670141 -34.716135 -0.319882,
69.66566 -34.701364 -0.319882, 69.658383 -34.68775 -0.319882,
69.648591 -34.675818 -0.319882, 69.636659 -34.666026 -0.319882,
69.623046 -34.65875 -0.319882, 69.608275 -34.654269 -0.319882,
69.592913 -34.652756 -0.319882, 69.577552 -34.654269 -0.319882,
69.562781 -34.65875 -0.319882, 69.549168 -34.666026 -0.319882,
69.537236 -34.675818 -0.319882, 69.527443 -34.68775 -0.319882,
69.520167 -34.701364 -0.319882, 69.515686 -34.716135 -0.319882,
69.514173 -34.731496 -0.319882, 69.515686 -34.746858 -0.319882,
69.520167 -34.761629 -0.319882, 69.527443 -34.775242 -0.319882,
69.537236 -34.787174 -0.319882, 69.549168 -34.796966 -0.319882,
69.562781 -34.804242 -0.319882, 69.577552 -34.808723 -0.319882,
69.592913 -34.810236 -0.319882, 69.608275 -34.808723 -0.319882,
69.623046 -34.804242 -0.319882, 69.636659 -34.796966 -0.319882,
69.648591 -34.787174 -0.319882, 69.658383 -34.775242 -0.319882,
69.66566 -34.761629 -0.319882, 69.670141 -34.746858 -0.319882,
66.955118 -35.125197 -0.319882, 66.95362 -35.117664 -0.319882,
66.949352 -35.111277 -0.319882, 66.942966 -35.10701 -0.319882,
66.935433 -35.105512 -0.319882, 66.9279 -35.10701 -0.319882,
66.921514 -35.111277 -0.319882, 66.917246 -35.117664 -0.319882,
66.915748 -35.125197 -0.319882, 66.917246 -35.13273 -0.319882,
66.921514 -35.139116 -0.319882, 66.9279 -35.143383 -0.319882,
66.935433 -35.144882 -0.319882, 66.942966 -35.143383 -0.319882,
66.949352 -35.139116 -0.319882, 66.95362 -35.13273 -0.319882,
68.155906 -34.731496 -0.319882, 68.154393 -34.716135 -0.319882,
68.149912 -34.701364 -0.319882, 68.142635 -34.68775 -0.319882,
68.132843 -34.675818 -0.319882, 68.120911 -34.666026 -0.319882,
68.107298 -34.65875 -0.319882, 68.092527 -34.654269 -0.319882,
68.077165 -34.652756 -0.319882, 68.061804 -34.654269 -0.319882,
68.047033 -34.65875 -0.319882, 68.03342 -34.666026 -0.319882,
68.021488 -34.675818 -0.319882, 68.011695 -34.68775 -0.319882,
68.004419 -34.701364 -0.319882, 67.999938 -34.716135 -0.319882,
67.998425 -34.731496 -0.319882, 67.999938 -34.746858 -0.319882,
68.004419 -34.761629 -0.319882, 68.011695 -34.775242 -0.319882,
68.021488 -34.787174 -0.319882, 68.03342 -34.796966 -0.319882,
68.047033 -34.804242 -0.319882, 68.061804 -34.808723 -0.319882,
68.077165 -34.810236 -0.319882, 68.092527 -34.808723 -0.319882,
68.107298 -34.804242 -0.319882, 68.120911 -34.796966 -0.319882,
68.132843 -34.787174 -0.319882, 68.142635 -34.775242 -0.319882,
68.149912 -34.761629 -0.319882, 68.154393 -34.746858 -0.319882,
66.029921 -32.959843 -0.319882, 66.028408 -32.944481 -0.319882,
66.023928 -32.92971 -0.319882, 66.016651 -32.916097 -0.319882,
66.006859 -32.904165 -0.319882, 65.994927 -32.894372 -0.319882,
65.981314 -32.887096 -0.319882, 65.966543 -32.882615 -0.319882,
65.951181 -32.881102 -0.319882, 65.93582 -32.882615 -0.319882,
65.921049 -32.887096 -0.319882, 65.907435 -32.894372 -0.319882,
65.895503 -32.904165 -0.319882, 65.885711 -32.916097 -0.319882,
65.878435 -32.92971 -0.319882, 65.873954 -32.944481 -0.319882,
65.872441 -32.959843 -0.319882, 65.873954 -32.975204 -0.319882,
65.878435 -32.989975 -0.319882, 65.885711 -33.003588 -0.319882,
65.895503 -33.01552 -0.319882, 65.907435 -33.025313 -0.319882,
65.921049 -33.032589 -0.319882, 65.93582 -33.03707 -0.319882,
65.951181 -33.038583 -0.319882, 65.966543 -33.03707 -0.319882,
65.981314 -33.032589 -0.319882, 65.994927 -33.025313 -0.319882,
66.006859 -33.01552 -0.319882, 66.016651 -33.003588 -0.319882,
66.023928 -32.989975 -0.319882, 66.028408 -32.975204 -0.319882,
66.010236 -35.381102 -0.319882, 66.008738 -35.373569 -0.319882,
66.004471 -35.367183 -0.319882, 65.998084 -35.362916 -0.319882,
65.990551 -35.361417 -0.319882, 65.983018 -35.362916 -0.319882,
65.976632 -35.367183 -0.319882, 65.972365 -35.373569 -0.319882,
65.970866 -35.381102 -0.319882, 65.972365 -35.388636 -0.319882,
65.976632 -35.395022 -0.319882, 65.983018 -35.399289 -0.319882,
65.990551 -35.400787 -0.319882, 65.998084 -35.399289 -0.319882,
66.004471 -35.395022 -0.319882, 66.008738 -35.388636 -0.319882,
69.947244 -39.27874 -0.319882, 69.945731 -39.263379 -0.319882,
69.94125 -39.248608 -0.319882, 69.933974 -39.234994 -0.319882,
69.924182 -39.223062 -0.319882, 69.91225 -39.21327 -0.319882,
69.898636 -39.205994 -0.319882, 69.883865 -39.201513 -0.319882,
69.868504 -39.2 -0.319882, 69.853142 -39.201513 -0.319882,
69.838371 -39.205994 -0.319882, 69.824758 -39.21327 -0.319882,
69.812826 -39.223062 -0.319882, 69.803034 -39.234994 -0.319882,
69.795758 -39.248608 -0.319882, 69.791277 -39.263379 -0.319882,
69.789764 -39.27874 -0.319882, 69.791277 -39.294102 -0.319882,
69.795758 -39.308873 -0.319882, 69.803034 -39.322486 -0.319882,
69.812826 -39.334418 -0.319882, 69.824758 -39.34421 -0.319882,
69.838371 -39.351487 -0.319882, 69.853142 -39.355967 -0.319882,
69.868504 -39.35748 -0.319882, 69.883865 -39.355967 -0.319882,
69.898636 -39.351487 -0.319882, 69.91225 -39.34421 -0.319882,
69.924182 -39.334418 -0.319882, 69.933974 -39.322486 -0.319882,
69.94125 -39.308873 -0.319882, 69.945731 -39.294102 -0.319882,
68.648031 -40.046457 -0.319882, 68.646533 -40.038924 -0.319882,
68.642266 -40.032537 -0.319882, 68.63588 -40.02827 -0.319882,
68.628346 -40.026772 -0.319882, 68.620813 -40.02827 -0.319882,
68.614427 -40.032537 -0.319882, 68.61016 -40.038924 -0.319882,
68.608661 -40.046457 -0.319882, 68.61016 -40.05399 -0.319882,
68.614427 -40.060376 -0.319882, 68.620813 -40.064643 -0.319882,
68.628346 -40.066142 -0.319882, 68.63588 -40.064643 -0.319882,
68.642266 -40.060376 -0.319882, 68.646533 -40.05399 -0.319882,
64.888189 -41.54252 -0.319882, 64.886691 -41.534987 -0.319882,
64.882423 -41.5286 -0.319882, 64.876037 -41.524333 -0.319882,
64.868504 -41.522835 -0.319882, 64.860971 -41.524333 -0.319882,
64.854585 -41.5286 -0.319882, 64.850317 -41.534987 -0.319882,
64.848819 -41.54252 -0.319882, 64.850317 -41.550053 -0.319882,
64.854585 -41.556439 -0.319882, 64.860971 -41.560706 -0.319882,
64.868504 -41.562205 -0.319882, 64.876037 -41.560706 -0.319882,
64.882423 -41.556439 -0.319882, 64.886691 -41.550053 -0.319882,
74.67874 -41.000002 -0.319882, 74.677227 -40.98464 -0.319882,
74.672746 -40.969869 -0.319882, 74.66547 -40.956256 -0.319882,
74.655678 -40.944324 -0.319882, 74.643746 -40.934532 -0.319882,
74.630133 -40.927255 -0.319882, 74.615361 -40.922774 -0.319882,
74.6 -40.921261 -0.319882, 74.584639 -40.922774 -0.319882,
74.569867 -40.927255 -0.319882, 74.556254 -40.934532 -0.319882,
74.544322 -40.944324 -0.319882, 74.53453 -40.956256 -0.319882,
74.527254 -40.969869 -0.319882, 74.522773 -40.98464 -0.319882,
74.52126 -41.000002 -0.319882, 74.522773 -41.015363 -0.319882,
74.527254 -41.030134 -0.319882, 74.53453 -41.043747 -0.319882,
74.544322 -41.055679 -0.319882, 74.556254 -41.065472 -0.319882,
74.569867 -41.072748 -0.319882, 74.584639 -41.077229 -0.319882,
74.6 -41.078742 -0.319882, 74.615361 -41.077229 -0.319882,
74.630133 -41.072748 -0.319882, 74.643746 -41.065472 -0.319882,
74.655678 -41.055679 -0.319882, 74.66547 -41.043747 -0.319882,
74.672746 -41.030134 -0.319882, 74.677227 -41.015363 -0.319882
              ]
            }
            coordIndex [
 
1, 225, 0, -1, 225, 224, 0, -1, 2, 226, 1, -1, 226, 225, 1, -1,
3, 227, 2, -1, 227, 226, 2, -1, 4, 228, 3, -1, 228, 227, 3, -1,
5, 229, 4, -1, 229, 228, 4, -1, 6, 230, 5, -1, 230, 229, 5, -1,
7, 231, 6, -1, 231, 230, 6, -1, 8, 232, 7, -1, 232, 231, 7, -1,
9, 233, 8, -1, 233, 232, 8, -1, 10, 234, 9, -1, 234, 233, 9, -1,
11, 235, 10, -1, 235, 234, 10, -1, 12, 236, 11, -1, 236, 235, 11, -1,
13, 237, 12, -1, 237, 236, 12, -1, 14, 238, 13, -1, 238, 237, 13, -1,
15, 239, 14, -1, 239, 238, 14, -1, 16, 240, 15, -1, 240, 239, 15, -1,
17, 241, 16, -1, 241, 240, 16, -1, 18, 242, 17, -1, 242, 241, 17, -1,
19, 243, 18, -1, 243, 242, 18, -1, 20, 244, 19, -1, 244, 243, 19, -1,
21, 245, 20, -1, 245, 244, 20, -1, 22, 246, 21, -1, 246, 245, 21, -1,
23, 247, 22, -1, 247, 246, 22, -1, 24, 248, 23, -1, 248, 247, 23, -1,
25, 249, 24, -1, 249, 248, 24, -1, 26, 250, 25, -1, 250, 249, 25, -1,
27, 251, 26, -1, 251, 250, 26, -1, 28, 252, 27, -1, 252, 251, 27, -1,
29, 253, 28, -1, 253, 252, 28, -1, 30, 254, 29, -1, 254, 253, 29, -1,
31, 255, 30, -1, 255, 254, 30, -1, 0, 224, 31, -1, 224, 255, 31, -1,
33, 257, 32, -1, 257, 256, 32, -1, 34, 258, 33, -1, 258, 257, 33, -1,
35, 259, 34, -1, 259, 258, 34, -1, 36, 260, 35, -1, 260, 259, 35, -1,
37, 261, 36, -1, 261, 260, 36, -1, 38, 262, 37, -1, 262, 261, 37, -1,
39, 263, 38, -1, 263, 262, 38, -1, 40, 264, 39, -1, 264, 263, 39, -1,
41, 265, 40, -1, 265, 264, 40, -1, 42, 266, 41, -1, 266, 265, 41, -1,
43, 267, 42, -1, 267, 266, 42, -1, 44, 268, 43, -1, 268, 267, 43, -1,
45, 269, 44, -1, 269, 268, 44, -1, 46, 270, 45, -1, 270, 269, 45, -1,
47, 271, 46, -1, 271, 270, 46, -1, 32, 256, 47, -1, 256, 271, 47, -1,
49, 273, 48, -1, 273, 272, 48, -1, 50, 274, 49, -1, 274, 273, 49, -1,
51, 275, 50, -1, 275, 274, 50, -1, 52, 276, 51, -1, 276, 275, 51, -1,
53, 277, 52, -1, 277, 276, 52, -1, 54, 278, 53, -1, 278, 277, 53, -1,
55, 279, 54, -1, 279, 278, 54, -1, 56, 280, 55, -1, 280, 279, 55, -1,
57, 281, 56, -1, 281, 280, 56, -1, 58, 282, 57, -1, 282, 281, 57, -1,
59, 283, 58, -1, 283, 282, 58, -1, 60, 284, 59, -1, 284, 283, 59, -1,
61, 285, 60, -1, 285, 284, 60, -1, 62, 286, 61, -1, 286, 285, 61, -1,
63, 287, 62, -1, 287, 286, 62, -1, 64, 288, 63, -1, 288, 287, 63, -1,
65, 289, 64, -1, 289, 288, 64, -1, 66, 290, 65, -1, 290, 289, 65, -1,
67, 291, 66, -1, 291, 290, 66, -1, 68, 292, 67, -1, 292, 291, 67, -1,
69, 293, 68, -1, 293, 292, 68, -1, 70, 294, 69, -1, 294, 293, 69, -1,
71, 295, 70, -1, 295, 294, 70, -1, 72, 296, 71, -1, 296, 295, 71, -1,
73, 297, 72, -1, 297, 296, 72, -1, 74, 298, 73, -1, 298, 297, 73, -1,
75, 299, 74, -1, 299, 298, 74, -1, 76, 300, 75, -1, 300, 299, 75, -1,
77, 301, 76, -1, 301, 300, 76, -1, 78, 302, 77, -1, 302, 301, 77, -1,
79, 303, 78, -1, 303, 302, 78, -1, 48, 272, 79, -1, 272, 303, 79, -1,
81, 305, 80, -1, 305, 304, 80, -1, 82, 306, 81, -1, 306, 305, 81, -1,
83, 307, 82, -1, 307, 306, 82, -1, 84, 308, 83, -1, 308, 307, 83, -1,
85, 309, 84, -1, 309, 308, 84, -1, 86, 310, 85, -1, 310, 309, 85, -1,
87, 311, 86, -1, 311, 310, 86, -1, 88, 312, 87, -1, 312, 311, 87, -1,
89, 313, 88, -1, 313, 312, 88, -1, 90, 314, 89, -1, 314, 313, 89, -1,
91, 315, 90, -1, 315, 314, 90, -1, 92, 316, 91, -1, 316, 315, 91, -1,
93, 317, 92, -1, 317, 316, 92, -1, 94, 318, 93, -1, 318, 317, 93, -1,
95, 319, 94, -1, 319, 318, 94, -1, 96, 320, 95, -1, 320, 319, 95, -1,
97, 321, 96, -1, 321, 320, 96, -1, 98, 322, 97, -1, 322, 321, 97, -1,
99, 323, 98, -1, 323, 322, 98, -1, 100, 324, 99, -1, 324, 323, 99, -1,
101, 325, 100, -1, 325, 324, 100, -1, 102, 326, 101, -1, 326, 325, 101, -1,
103, 327, 102, -1, 327, 326, 102, -1, 104, 328, 103, -1, 328, 327, 103, -1,
105, 329, 104, -1, 329, 328, 104, -1, 106, 330, 105, -1, 330, 329, 105, -1,
107, 331, 106, -1, 331, 330, 106, -1, 108, 332, 107, -1, 332, 331, 107, -1,
109, 333, 108, -1, 333, 332, 108, -1, 110, 334, 109, -1, 334, 333, 109, -1,
111, 335, 110, -1, 335, 334, 110, -1, 80, 304, 111, -1, 304, 335, 111, -1,
113, 337, 112, -1, 337, 336, 112, -1, 114, 338, 113, -1, 338, 337, 113, -1,
115, 339, 114, -1, 339, 338, 114, -1, 116, 340, 115, -1, 340, 339, 115, -1,
117, 341, 116, -1, 341, 340, 116, -1, 118, 342, 117, -1, 342, 341, 117, -1,
119, 343, 118, -1, 343, 342, 118, -1, 120, 344, 119, -1, 344, 343, 119, -1,
121, 345, 120, -1, 345, 344, 120, -1, 122, 346, 121, -1, 346, 345, 121, -1,
123, 347, 122, -1, 347, 346, 122, -1, 124, 348, 123, -1, 348, 347, 123, -1,
125, 349, 124, -1, 349, 348, 124, -1, 126, 350, 125, -1, 350, 349, 125, -1,
127, 351, 126, -1, 351, 350, 126, -1, 112, 336, 127, -1, 336, 351, 127, -1,
129, 353, 128, -1, 353, 352, 128, -1, 130, 354, 129, -1, 354, 353, 129, -1,
131, 355, 130, -1, 355, 354, 130, -1, 132, 356, 131, -1, 356, 355, 131, -1,
133, 357, 132, -1, 357, 356, 132, -1, 134, 358, 133, -1, 358, 357, 133, -1,
135, 359, 134, -1, 359, 358, 134, -1, 136, 360, 135, -1, 360, 359, 135, -1,
137, 361, 136, -1, 361, 360, 136, -1, 138, 362, 137, -1, 362, 361, 137, -1,
139, 363, 138, -1, 363, 362, 138, -1, 140, 364, 139, -1, 364, 363, 139, -1,
141, 365, 140, -1, 365, 364, 140, -1, 142, 366, 141, -1, 366, 365, 141, -1,
143, 367, 142, -1, 367, 366, 142, -1, 144, 368, 143, -1, 368, 367, 143, -1,
145, 369, 144, -1, 369, 368, 144, -1, 146, 370, 145, -1, 370, 369, 145, -1,
147, 371, 146, -1, 371, 370, 146, -1, 148, 372, 147, -1, 372, 371, 147, -1,
149, 373, 148, -1, 373, 372, 148, -1, 150, 374, 149, -1, 374, 373, 149, -1,
151, 375, 150, -1, 375, 374, 150, -1, 152, 376, 151, -1, 376, 375, 151, -1,
153, 377, 152, -1, 377, 376, 152, -1, 154, 378, 153, -1, 378, 377, 153, -1,
155, 379, 154, -1, 379, 378, 154, -1, 156, 380, 155, -1, 380, 379, 155, -1,
157, 381, 156, -1, 381, 380, 156, -1, 158, 382, 157, -1, 382, 381, 157, -1,
159, 383, 158, -1, 383, 382, 158, -1, 128, 352, 159, -1, 352, 383, 159, -1,
161, 385, 160, -1, 385, 384, 160, -1, 162, 386, 161, -1, 386, 385, 161, -1,
163, 387, 162, -1, 387, 386, 162, -1, 164, 388, 163, -1, 388, 387, 163, -1,
165, 389, 164, -1, 389, 388, 164, -1, 166, 390, 165, -1, 390, 389, 165, -1,
167, 391, 166, -1, 391, 390, 166, -1, 168, 392, 167, -1, 392, 391, 167, -1,
169, 393, 168, -1, 393, 392, 168, -1, 170, 394, 169, -1, 394, 393, 169, -1,
171, 395, 170, -1, 395, 394, 170, -1, 172, 396, 171, -1, 396, 395, 171, -1,
173, 397, 172, -1, 397, 396, 172, -1, 174, 398, 173, -1, 398, 397, 173, -1,
175, 399, 174, -1, 399, 398, 174, -1, 160, 384, 175, -1, 384, 399, 175, -1,
177, 401, 176, -1, 401, 400, 176, -1, 178, 402, 177, -1, 402, 401, 177, -1,
179, 403, 178, -1, 403, 402, 178, -1, 180, 404, 179, -1, 404, 403, 179, -1,
181, 405, 180, -1, 405, 404, 180, -1, 182, 406, 181, -1, 406, 405, 181, -1,
183, 407, 182, -1, 407, 406, 182, -1, 184, 408, 183, -1, 408, 407, 183, -1,
185, 409, 184, -1, 409, 408, 184, -1, 186, 410, 185, -1, 410, 409, 185, -1,
187, 411, 186, -1, 411, 410, 186, -1, 188, 412, 187, -1, 412, 411, 187, -1,
189, 413, 188, -1, 413, 412, 188, -1, 190, 414, 189, -1, 414, 413, 189, -1,
191, 415, 190, -1, 415, 414, 190, -1, 176, 400, 191, -1, 400, 415, 191, -1,
193, 417, 192, -1, 417, 416, 192, -1, 194, 418, 193, -1, 418, 417, 193, -1,
195, 419, 194, -1, 419, 418, 194, -1, 196, 420, 195, -1, 420, 419, 195, -1,
197, 421, 196, -1, 421, 420, 196, -1, 198, 422, 197, -1, 422, 421, 197, -1,
199, 423, 198, -1, 423, 422, 198, -1, 200, 424, 199, -1, 424, 423, 199, -1,
201, 425, 200, -1, 425, 424, 200, -1, 202, 426, 201, -1, 426, 425, 201, -1,
203, 427, 202, -1, 427, 426, 202, -1, 204, 428, 203, -1, 428, 427, 203, -1,
205, 429, 204, -1, 429, 428, 204, -1, 206, 430, 205, -1, 430, 429, 205, -1,
207, 431, 206, -1, 431, 430, 206, -1, 208, 432, 207, -1, 432, 431, 207, -1,
209, 433, 208, -1, 433, 432, 208, -1, 210, 434, 209, -1, 434, 433, 209, -1,
211, 435, 210, -1, 435, 434, 210, -1, 212, 436, 211, -1, 436, 435, 211, -1,
213, 437, 212, -1, 437, 436, 212, -1, 214, 438, 213, -1, 438, 437, 213, -1,
215, 439, 214, -1, 439, 438, 214, -1, 216, 440, 215, -1, 440, 439, 215, -1,
217, 441, 216, -1, 441, 440, 216, -1, 218, 442, 217, -1, 442, 441, 217, -1,
219, 443, 218, -1, 443, 442, 218, -1, 220, 444, 219, -1, 444, 443, 219, -1,
221, 445, 220, -1, 445, 444, 220, -1, 222, 446, 221, -1, 446, 445, 221, -1,
223, 447, 222, -1, 447, 446, 222, -1, 192, 416, 223, -1, 416, 447, 223, -1
            ]
          }
        }
      ]
    }
  ]
}
Transform {
  children [
    Group {
      children [
        Shape {
          appearance Appearance {
            material Material {
              diffuseColor 0.94 0.94 0.94
              specularColor 0.946 0.946 0.946
              emissiveColor 0 0 0
              ambientIntensity 0.7
              transparency 0
              shininess 0.02
            }
          }
          geometry IndexedFaceSet {
            solid TRUE
            coord Coordinate {
              point [
64.966929 -38.957874 0.344488, 64.96001 -38.941171 0.344488,
64.943307 -38.934252 0.344488, 64.175591 -38.934252 0.344488,
63.407874 -38.934252 0.344488, 63.391171 -38.941171 0.344488,
63.384252 -38.957874 0.344488, 63.391171 -38.974577 0.344488,
63.407874 -38.981496 0.344488, 64.175591 -38.981496 0.344488,
64.943307 -38.981496 0.344488, 64.96001 -38.974577 0.344488,
64.966929 -36.942126 0.344488, 64.96001 -36.925423 0.344488,
64.943307 -36.918504 0.344488, 64.175591 -36.918504 0.344488,
62.817323 -36.918504 0.344488, 62.80062 -36.925423 0.344488,
62.793701 -36.942126 0.344488, 62.80062 -36.958829 0.344488,
62.817323 -36.965748 0.344488, 64.175591 -36.965748 0.344488,
64.943307 -36.965748 0.344488, 64.96001 -36.958829 0.344488,
63.847881 -36.389751 0.344488, 63.8461 -36.39985 0.344488,
63.8461 -36.71856 0.344488, 63.846704 -36.720219 0.344488,
63.846294 -36.721935 0.344488, 63.849218 -36.731765 0.344488,
63.867965 -36.76926 0.344488, 63.868433 -36.769703 0.344488,
63.873496 -36.776934 0.344488, 63.892244 -36.795682 0.344488,
63.892827 -36.795954 0.344488, 63.899918 -36.801213 0.344488,
63.937413 -36.819961 0.344488, 63.939167 -36.820163 0.344488,
63.940519 -36.821298 0.344488, 63.950619 -36.823078 0.344488,
64.025609 -36.823078 0.344488, 64.027268 -36.822474 0.344488,
64.028985 -36.822885 0.344488, 64.038814 -36.819961 0.344488,
64.076309 -36.801213 0.344488, 64.076752 -36.800746 0.344488,
64.083984 -36.795682 0.344488, 64.102731 -36.776934 0.344488,
64.103003 -36.776351 0.344488, 64.108262 -36.76926 0.344488,
64.12701 -36.731765 0.344488, 64.127211 -36.730011 0.344488,
64.128346 -36.728659 0.344488, 64.130127 -36.71856 0.344488,
64.130127 -36.39985 0.344488, 64.123219 -36.38087 0.344488,
64.105727 -36.370771 0.344488, 64.085836 -36.374278 0.344488,
64.072853 -36.389751 0.344488, 64.071072 -36.39985 0.344488,
64.071072 -36.711589 0.344488, 64.057584 -36.738564 0.344488,
64.045613 -36.750536 0.344488, 64.018639 -36.764023 0.344488,
63.957589 -36.764023 0.344488, 63.930614 -36.750536 0.344488,
63.918643 -36.738564 0.344488, 63.905156 -36.711589 0.344488,
63.905156 -36.39985 0.344488, 63.898247 -36.38087 0.344488,
63.880756 -36.370771 0.344488, 63.860864 -36.374278 0.344488,
64.357246 -36.383471 0.344488, 64.321372 -36.437282 0.344488,
64.289333 -36.469321 0.344488, 64.256124 -36.485926 0.344488,
64.242237 -36.500593 0.344488, 64.241026 -36.520754 0.344488,
64.253059 -36.536977 0.344488, 64.272704 -36.54167 0.344488,
64.282534 -36.538746 0.344488, 64.320029 -36.519998 0.344488,
64.320472 -36.51953 0.344488, 64.327703 -36.514467 0.344488,
64.352287 -36.489883 0.344488, 64.352287 -36.764023 0.344488,
64.269329 -36.764023 0.344488, 64.250349 -36.770931 0.344488,
64.24025 -36.788423 0.344488, 64.243757 -36.808315 0.344488,
64.25923 -36.821298 0.344488, 64.269329 -36.823078 0.344488,
64.4943 -36.823078 0.344488, 64.51328 -36.81617 0.344488,
64.52338 -36.798678 0.344488, 64.519872 -36.778787 0.344488,
64.5044 -36.765804 0.344488, 64.4943 -36.764023 0.344488,
64.411342 -36.764023 0.344488, 64.411342 -36.39985 0.344488,
64.410761 -36.398254 0.344488, 64.411163 -36.396605 0.344488,
64.407365 -36.388922 0.344488, 64.404434 -36.38087 0.344488,
64.402963 -36.380021 0.344488, 64.402211 -36.378499 0.344488,
64.394363 -36.375055 0.344488, 64.386942 -36.370771 0.344488,
64.38527 -36.371065 0.344488, 64.383715 -36.370383 0.344488,
64.375489 -36.37279 0.344488, 64.367051 -36.374278 0.344488,
64.365959 -36.375578 0.344488, 64.36433 -36.376056 0.344488
              ]
            }
            coordIndex [
6, 7, 5, -1, 5, 7, 8, -1, 5, 8, 4, -1, 4, 8, 9, -1,
4, 9, 3, -1, 3, 9, 10, -1, 3, 10, 2, -1, 2, 10, 11, -1,
2, 11, 1, -1, 1, 11, 0, -1, 18, 19, 17, -1, 17, 19, 20, -1,
17, 20, 16, -1, 16, 20, 21, -1, 16, 21, 15, -1, 15, 21, 22, -1,
15, 22, 14, -1, 14, 22, 23, -1, 14, 23, 13, -1, 13, 23, 12, -1,
25, 27, 24, -1, 24, 27, 29, -1, 24, 29, 71, -1, 71, 29, 30, -1,
71, 30, 70, -1, 70, 30, 31, -1, 70, 31, 32, -1, 65, 66, 36, -1,
36, 66, 67, -1, 36, 67, 35, -1, 35, 67, 68, -1, 35, 68, 69, -1,
69, 70, 33, -1, 69, 33, 34, -1, 69, 34, 35, -1, 54, 55, 50, -1,
54, 50, 51, -1, 54, 51, 52, -1, 54, 52, 53, -1, 47, 48, 56, -1,
56, 48, 49, -1, 56, 49, 55, -1, 55, 49, 50, -1, 57, 58, 44, -1,
57, 44, 45, -1, 57, 45, 46, -1, 57, 46, 47, -1, 57, 47, 56, -1,
44, 58, 59, -1, 44, 59, 60, -1, 44, 60, 61, -1, 44, 61, 62, -1,
44, 62, 43, -1, 62, 63, 40, -1, 62, 40, 41, -1, 62, 41, 42, -1,
62, 42, 43, -1, 64, 65, 36, -1, 64, 36, 37, -1, 64, 37, 38, -1,
64, 38, 39, -1, 64, 39, 40, -1, 64, 40, 63, -1, 102, 103, 98, -1,
102, 98, 100, -1, 102, 100, 101, -1, 93, 94, 95, -1, 93, 95, 96, -1,
93, 96, 97, -1, 93, 97, 92, -1, 98, 103, 104, -1, 98, 104, 105, -1,
98, 105, 106, -1, 98, 106, 107, -1, 98, 107, 108, -1, 98, 108, 109, -1,
98, 109, 110, -1, 98, 110, 111, -1, 98, 111, 112, -1, 98, 112, 113, -1,
98, 113, 72, -1, 98, 72, 84, -1, 98, 84, 85, -1, 98, 85, 92, -1,
98, 92, 97, -1, 86, 87, 90, -1, 86, 90, 91, -1, 86, 91, 92, -1,
86, 92, 85, -1, 87, 88, 89, -1, 87, 89, 90, -1, 81, 82, 73, -1,
73, 82, 83, -1, 73, 83, 72, -1, 72, 83, 84, -1, 74, 75, 79, -1,
74, 79, 80, -1, 74, 80, 81, -1, 74, 81, 73, -1, 78, 79, 75, -1,
78, 75, 76, -1, 78, 76, 77, -1, 99, 100, 98, -1, 29, 27, 28, -1,
70, 32, 33, -1, 27, 25, 26, -1
            ]
          }
        }
      ]
    }
  ]
}
Transform {
  children [
    Group {
      children [
        Shape {
          appearance Appearance {
            material Material {
              diffuseColor 0.94 0.94 0.94
              specularColor 0.946 0.946 0.946
              emissiveColor 0 0 0
              ambientIntensity 0.7
              transparency 0
              shininess 0.02
            }
          }
          geometry IndexedFaceSet {
            solid TRUE
            coord Coordinate {
              point [
71.253768 -39.438638 -0.344488, 71.246849 -39.421935 -0.344488,
71.2356 -39.410687 -0.344488, 71.228681 -39.407821 -0.344488,
71.218897 -39.403768 -0.344488, 71.213547 -39.405984 -0.344488,
71.202194 -39.410687 -0.344488, 71.202194 -39.410687 -0.344488,
71.190946 -39.421935 -0.344488, 71.190946 -39.421935 -0.344488,
71.184027 -39.438638 -0.344488, 71.190945 -39.455342 -0.344488,
71.202194 -39.466591 -0.344488, 71.209113 -39.469456 -0.344488,
71.218897 -39.473509 -0.344488, 71.228681 -39.469456 -0.344488,
71.2356 -39.466591 -0.344488, 71.2356 -39.46659 -0.344488,
71.246849 -39.455342 -0.344488, 71.24685 -39.455342 -0.344488,
71.094479 -39.684739 -0.344488, 71.116976 -39.67349 -0.344488,
71.121882 -39.667833 -0.344488, 71.127539 -39.662926 -0.344488,
71.138788 -39.640429 -0.344488, 71.139178 -39.634945 -0.344488,
71.141282 -39.629865 -0.344488, 71.141282 -39.607368 -0.344488,
71.139178 -39.602287 -0.344488, 71.138788 -39.596804 -0.344488,
71.127539 -39.574306 -0.344488, 71.121882 -39.5694 -0.344488,
71.116976 -39.563743 -0.344488, 71.094479 -39.552494 -0.344488,
71.088994 -39.552104 -0.344488, 71.083915 -39.55 -0.344488,
71.033248 -39.55 -0.344488, 71.028796 -39.547774 -0.344488,
71.028796 -39.545452 -0.344488, 71.03403 -39.534985 -0.344488,
71.044497 -39.529752 -0.344488, 71.078338 -39.529752 -0.344488,
71.095847 -39.538507 -0.344488, 71.113881 -39.539789 -0.344488,
71.12754 -39.527943 -0.344488, 71.128821 -39.509909 -0.344488,
71.116976 -39.496251 -0.344488, 71.094479 -39.485002 -0.344488,
71.088994 -39.484612 -0.344488, 71.083915 -39.482508 -0.344488,
71.03892 -39.482508 -0.344488, 71.033841 -39.484612 -0.344488,
71.028356 -39.485002 -0.344488, 71.005859 -39.49625 -0.344488,
71.000954 -39.501906 -0.344488, 70.995294 -39.506815 -0.344488,
70.984046 -39.529312 -0.344488, 70.983656 -39.534796 -0.344488,
70.981552 -39.539876 -0.344488, 70.981552 -39.597244 -0.344488,
70.981552 -39.663611 -0.344488, 70.988471 -39.680314 -0.344488,
71.005174 -39.687233 -0.344488, 71.014428 -39.683399 -0.344488,
71.017107 -39.684739 -0.344488, 71.022592 -39.685128 -0.344488,
71.027671 -39.687233 -0.344488, 71.083915 -39.687233 -0.344488,
71.088994 -39.685128 -0.344488, 71.094038 -39.612944 -0.344488,
71.094038 -39.624289 -0.344488, 71.088805 -39.634755 -0.344488,
71.078338 -39.639989 -0.344488, 71.033247 -39.639989 -0.344488,
71.028796 -39.637763 -0.344488, 71.028796 -39.597244 -0.344488,
71.078338 -39.597244 -0.344488, 71.088805 -39.602478 -0.344488,
71.242519 -39.50613 -0.344488, 71.2356 -39.489427 -0.344488,
71.218897 -39.482508 -0.344488, 71.202194 -39.489427 -0.344488,
71.195275 -39.50613 -0.344488, 71.195275 -39.663611 -0.344488,
71.202194 -39.680314 -0.344488, 71.218897 -39.687233 -0.344488,
71.2356 -39.680314 -0.344488, 71.242519 -39.663611 -0.344488,
71.740604 -39.493104 -0.344488, 71.7244 -39.485002 -0.344488,
71.718915 -39.484612 -0.344488, 71.713836 -39.482508 -0.344488,
71.691339 -39.482508 -0.344488, 71.674635 -39.489427 -0.344488,
71.667717 -39.50613 -0.344488, 71.674635 -39.522833 -0.344488,
71.691339 -39.529752 -0.344488, 71.708259 -39.529752 -0.344488,
71.72234 -39.536792 -0.344488, 71.728167 -39.54262 -0.344488,
71.735208 -39.556701 -0.344488, 71.735208 -39.663611 -0.344488,
71.742127 -39.680314 -0.344488, 71.75883 -39.687233 -0.344488,
71.775533 -39.680314 -0.344488, 71.782452 -39.663611 -0.344488,
71.782452 -39.50613 -0.344488, 71.775533 -39.489427 -0.344488,
71.75883 -39.482508 -0.344488, 71.742127 -39.489427 -0.344488,
71.611914 -39.673491 -0.344488, 71.614461 -39.670553 -0.344488,
71.618053 -39.669065 -0.344488, 71.629302 -39.657817 -0.344488,
71.630789 -39.654224 -0.344488, 71.633726 -39.651678 -0.344488,
71.644975 -39.62918 -0.344488, 71.645365 -39.623696 -0.344488,
71.647469 -39.618616 -0.344488, 71.647469 -39.551125 -0.344488,
71.645365 -39.546044 -0.344488, 71.644975 -39.540561 -0.344488,
71.633726 -39.518063 -0.344488, 71.630789 -39.515516 -0.344488,
71.629302 -39.511924 -0.344488, 71.618053 -39.500676 -0.344488,
71.614461 -39.499188 -0.344488, 71.611914 -39.49625 -0.344488,
71.589416 -39.485002 -0.344488, 71.583932 -39.484612 -0.344488,
71.578852 -39.482508 -0.344488, 71.545107 -39.482508 -0.344488,
71.540027 -39.484612 -0.344488, 71.534543 -39.485002 -0.344488,
71.512046 -39.49625 -0.344488, 71.509498 -39.499187 -0.344488,
71.505906 -39.500676 -0.344488, 71.494657 -39.511924 -0.344488,
71.49317 -39.515516 -0.344488, 71.490233 -39.518063 -0.344488,
71.478984 -39.540561 -0.344488, 71.478594 -39.546044 -0.344488,
71.47649 -39.551125 -0.344488, 71.47649 -39.61304 -0.344488,
71.47649 -39.618616 -0.344488, 71.478594 -39.623696 -0.344488,
71.478984 -39.62918 -0.344488, 71.490233 -39.651678 -0.344488,
71.49317 -39.654224 -0.344488, 71.494657 -39.657817 -0.344488,
71.505906 -39.669065 -0.344488, 71.509498 -39.670553 -0.344488,
71.512046 -39.673491 -0.344488, 71.534543 -39.684739 -0.344488,
71.540027 -39.685128 -0.344488, 71.545107 -39.687233 -0.344488,
71.578852 -39.687233 -0.344488, 71.583932 -39.685128 -0.344488,
71.589416 -39.684739 -0.344488, 71.600225 -39.556701 -0.344488,
71.600225 -39.61304 -0.344488, 71.593184 -39.62712 -0.344488,
71.587356 -39.632948 -0.344488, 71.573276 -39.639989 -0.344488,
71.550683 -39.639989 -0.344488, 71.536602 -39.632948 -0.344488,
71.530774 -39.62712 -0.344488, 71.523734 -39.61304 -0.344488,
71.523734 -39.556701 -0.344488, 71.530774 -39.54262 -0.344488,
71.536602 -39.536793 -0.344488, 71.550683 -39.529752 -0.344488,
71.573276 -39.529752 -0.344488, 71.587356 -39.536792 -0.344488,
71.593184 -39.54262 -0.344488, 72.108661 -39.438638 -0.344488,
72.101743 -39.421935 -0.344488, 72.090494 -39.410687 -0.344488,
72.083575 -39.407821 -0.344488, 72.073791 -39.403768 -0.344488,
72.068441 -39.405984 -0.344488, 72.057088 -39.410687 -0.344488,
72.057087 -39.410687 -0.344488, 72.045839 -39.421935 -0.344488,
72.045839 -39.421935 -0.344488, 72.03892 -39.438638 -0.344488,
72.045839 -39.455342 -0.344488, 72.057087 -39.466591 -0.344488,
72.064006 -39.469456 -0.344488, 72.073791 -39.473509 -0.344488,
72.083575 -39.469456 -0.344488, 72.090494 -39.466591 -0.344488,
72.090494 -39.46659 -0.344488, 72.101742 -39.455342 -0.344488,
72.101743 -39.455342 -0.344488, 71.96062 -39.673491 -0.344488,
71.963168 -39.670553 -0.344488, 71.96676 -39.669065 -0.344488,
71.978008 -39.657817 -0.344488, 71.979496 -39.654224 -0.344488,
71.982433 -39.651678 -0.344488, 71.993681 -39.62918 -0.344488,
71.994071 -39.623696 -0.344488, 71.996176 -39.618616 -0.344488,
71.996176 -39.551125 -0.344488, 71.994071 -39.546044 -0.344488,
71.993681 -39.540561 -0.344488, 71.982433 -39.518063 -0.344488,
71.979496 -39.515516 -0.344488, 71.978008 -39.511924 -0.344488,
71.96676 -39.500676 -0.344488, 71.963168 -39.499188 -0.344488,
71.96062 -39.49625 -0.344488, 71.938123 -39.485002 -0.344488,
71.932639 -39.484612 -0.344488, 71.927559 -39.482508 -0.344488,
71.882565 -39.482508 -0.344488, 71.877485 -39.484612 -0.344488,
71.872 -39.485002 -0.344488, 71.849504 -39.49625 -0.344488,
71.837658 -39.509909 -0.344488, 71.838939 -39.527943 -0.344488,
71.852598 -39.539788 -0.344488, 71.870632 -39.538507 -0.344488,
71.888141 -39.529752 -0.344488, 71.921983 -39.529752 -0.344488,
71.936063 -39.536792 -0.344488, 71.941891 -39.54262 -0.344488,
71.948931 -39.556701 -0.344488, 71.948931 -39.61304 -0.344488,
71.941891 -39.62712 -0.344488, 71.936063 -39.632948 -0.344488,
71.921983 -39.639989 -0.344488, 71.888141 -39.639989 -0.344488,
71.870632 -39.631234 -0.344488, 71.852598 -39.629953 -0.344488,
71.838939 -39.641798 -0.344488, 71.837658 -39.659832 -0.344488,
71.849504 -39.673491 -0.344488, 71.872 -39.684739 -0.344488,
71.877485 -39.685128 -0.344488, 71.882565 -39.687233 -0.344488,
71.927559 -39.687233 -0.344488, 71.932639 -39.685128 -0.344488,
71.938123 -39.684739 -0.344488, 72.097413 -39.50613 -0.344488,
72.090494 -39.489427 -0.344488, 72.073791 -39.482508 -0.344488,
72.057087 -39.489427 -0.344488, 72.050169 -39.50613 -0.344488,
72.050169 -39.663611 -0.344488, 72.057087 -39.680314 -0.344488,
72.073791 -39.687233 -0.344488, 72.090494 -39.680314 -0.344488,
72.097413 -39.663611 -0.344488, 72.167585 -39.415487 -0.344488,
72.164077 -39.419318 -0.344488, 72.164261 -39.423511 -0.344488,
72.162654 -39.42739 -0.344488, 72.162654 -39.663611 -0.344488,
72.169573 -39.680314 -0.344488, 72.186276 -39.687233 -0.344488,
72.20298 -39.680314 -0.344488, 72.209898 -39.663611 -0.344488,
72.209898 -39.533868 -0.344488, 72.243611 -39.606108 -0.344488,
72.24957 -39.611565 -0.344488, 72.255027 -39.617525 -0.344488,
72.25613 -39.617573 -0.344488, 72.256944 -39.618319 -0.344488,
72.265017 -39.617963 -0.344488, 72.273089 -39.618319 -0.344488,
72.273902 -39.617573 -0.344488, 72.275006 -39.617525 -0.344488,
72.280463 -39.611565 -0.344488, 72.286422 -39.606108 -0.344488,
72.320135 -39.533868 -0.344488, 72.320135 -39.663611 -0.344488,
72.327054 -39.680314 -0.344488, 72.343757 -39.687233 -0.344488,
72.36046 -39.680314 -0.344488, 72.367379 -39.663611 -0.344488,
72.367379 -39.42739 -0.344488, 72.365772 -39.423511 -0.344488,
72.365956 -39.419318 -0.344488, 72.362448 -39.415487 -0.344488,
72.36046 -39.410687 -0.344488, 72.356581 -39.40908 -0.344488,
72.353746 -39.405984 -0.344488, 72.348556 -39.405756 -0.344488,
72.343757 -39.403768 -0.344488, 72.339878 -39.405375 -0.344488,
72.335684 -39.405191 -0.344488, 72.331853 -39.408699 -0.344488,
72.327054 -39.410687 -0.344488, 72.325447 -39.414565 -0.344488,
72.322351 -39.417401 -0.344488, 72.265017 -39.540259 -0.344488,
72.207682 -39.417401 -0.344488, 72.204586 -39.414565 -0.344488,
72.20298 -39.410687 -0.344488, 72.19818 -39.408699 -0.344488,
72.194349 -39.405191 -0.344488, 72.190155 -39.405375 -0.344488,
72.186276 -39.403768 -0.344488, 72.181477 -39.405756 -0.344488,
72.176287 -39.405984 -0.344488, 72.173452 -39.40908 -0.344488,
72.169573 -39.410687 -0.344488, 71.443618 -39.514075 -0.344488,
71.44272 -39.496018 -0.344488, 71.429317 -39.483884 -0.344488,
71.41126 -39.484782 -0.344488, 71.399126 -39.498185 -0.344488,
71.365129 -39.593377 -0.344488, 71.331132 -39.498185 -0.344488,
71.318998 -39.484782 -0.344488, 71.300941 -39.483884 -0.344488,
71.287538 -39.496018 -0.344488, 71.28664 -39.514075 -0.344488,
71.342883 -39.671556 -0.344488, 71.343719 -39.672478 -0.344488,
71.343781 -39.673723 -0.344488, 71.349679 -39.679062 -0.344488,
71.355017 -39.684959 -0.344488, 71.35626 -39.68502 -0.344488,
71.357184 -39.685857 -0.344488, 71.365129 -39.685461 -0.344488,
71.373074 -39.685857 -0.344488, 71.373998 -39.68502 -0.344488,
71.375241 -39.684959 -0.344488, 71.38058 -39.679061 -0.344488,
71.386477 -39.673723 -0.344488, 71.386539 -39.672479 -0.344488,
71.387375 -39.671556 -0.344488, 70.880756 -39.605999 -0.344488,
70.903252 -39.59475 -0.344488, 70.908159 -39.589093 -0.344488,
70.913816 -39.584186 -0.344488, 70.925065 -39.561689 -0.344488,
70.925455 -39.556205 -0.344488, 70.927559 -39.551125 -0.344488,
70.927559 -39.539876 -0.344488, 70.925455 -39.534796 -0.344488,
70.925065 -39.529312 -0.344488, 70.913816 -39.506815 -0.344488,
70.908159 -39.501908 -0.344488, 70.903252 -39.496251 -0.344488,
70.880756 -39.485002 -0.344488, 70.875271 -39.484612 -0.344488,
70.870191 -39.482508 -0.344488, 70.836445 -39.482508 -0.344488,
70.831366 -39.484612 -0.344488, 70.825881 -39.485002 -0.344488,
70.803384 -39.49625 -0.344488, 70.791539 -39.509909 -0.344488,
70.79282 -39.527943 -0.344488, 70.806478 -39.539788 -0.344488,
70.824512 -39.538507 -0.344488, 70.842022 -39.529752 -0.344488,
70.864615 -39.529752 -0.344488, 70.875081 -39.534986 -0.344488,
70.880315 -39.545452 -0.344488, 70.880315 -39.545548 -0.344488,
70.875081 -39.556015 -0.344488, 70.864615 -39.561248 -0.344488,
70.836445 -39.561248 -0.344488, 70.831366 -39.563352 -0.344488,
70.825881 -39.563742 -0.344488, 70.803384 -39.574991 -0.344488,
70.798479 -39.580646 -0.344488, 70.79282 -39.585555 -0.344488,
70.781571 -39.608052 -0.344488, 70.781181 -39.613536 -0.344488,
70.779078 -39.618616 -0.344488, 70.779078 -39.629865 -0.344488,
70.781181 -39.634944 -0.344488, 70.781571 -39.640429 -0.344488,
70.79282 -39.662926 -0.344488, 70.798479 -39.667834 -0.344488,
70.803384 -39.673491 -0.344488, 70.825881 -39.684739 -0.344488,
70.831366 -39.685128 -0.344488, 70.836445 -39.687233 -0.344488,
70.88144 -39.687233 -0.344488, 70.886519 -39.685128 -0.344488,
70.892004 -39.684739 -0.344488, 70.914501 -39.673491 -0.344488,
70.926347 -39.659832 -0.344488, 70.925065 -39.641798 -0.344488,
70.911407 -39.629952 -0.344488, 70.893373 -39.631234 -0.344488,
70.875863 -39.639989 -0.344488, 70.842022 -39.639989 -0.344488,
70.831555 -39.634755 -0.344488, 70.826322 -39.624289 -0.344488,
70.826322 -39.624192 -0.344488, 70.831555 -39.613726 -0.344488,
70.842022 -39.608493 -0.344488, 70.870191 -39.608493 -0.344488,
70.875271 -39.606388 -0.344488
              ]
            }
            coordIndex [
17, 2, 18, -1, 18, 2, 1, -1, 19, 1, 0, -1, 13, 6, 5, -1,
13, 5, 14, -1, 14, 5, 4, -1, 14, 4, 15, -1, 15, 4, 3, -1,
15, 3, 16, -1, 16, 3, 2, -1, 8, 7, 12, -1, 12, 7, 13, -1,
10, 9, 11, -1, 11, 9, 12, -1, 47, 46, 42, -1, 42, 46, 43, -1,
43, 46, 44, -1, 44, 46, 45, -1, 41, 40, 49, -1, 41, 49, 42, -1,
42, 49, 48, -1, 42, 48, 47, -1, 74, 66, 52, -1, 74, 52, 38, -1,
38, 52, 51, -1, 38, 51, 39, -1, 39, 51, 50, -1, 39, 50, 40, -1,
40, 50, 49, -1, 36, 35, 76, -1, 36, 76, 37, -1, 37, 76, 75, -1,
37, 75, 38, -1, 38, 75, 74, -1, 20, 69, 33, -1, 20, 33, 21, -1,
21, 33, 32, -1, 21, 32, 22, -1, 22, 32, 31, -1, 22, 31, 23, -1,
23, 31, 30, -1, 23, 30, 24, -1, 24, 30, 29, -1, 24, 29, 25, -1,
25, 29, 28, -1, 25, 28, 26, -1, 26, 28, 27, -1, 35, 34, 77, -1,
77, 34, 69, -1, 69, 34, 33, -1, 67, 72, 71, -1, 67, 71, 68, -1,
68, 71, 70, -1, 68, 70, 20, -1, 20, 70, 69, -1, 72, 67, 73, -1,
73, 67, 74, -1, 74, 67, 66, -1, 53, 52, 63, -1, 63, 52, 64, -1,
64, 52, 65, -1, 65, 52, 66, -1, 63, 62, 53, -1, 53, 62, 54, -1,
54, 62, 55, -1, 55, 62, 61, -1, 55, 61, 56, -1, 56, 61, 57, -1,
57, 61, 58, -1, 58, 61, 59, -1, 59, 61, 60, -1, 84, 82, 81, -1,
84, 81, 85, -1, 85, 81, 80, -1, 85, 80, 86, -1, 86, 80, 79, -1,
86, 79, 87, -1, 87, 79, 78, -1, 100, 99, 88, -1, 100, 88, 102, -1,
102, 88, 109, -1, 102, 109, 103, -1, 103, 109, 108, -1, 103, 108, 104, -1,
104, 108, 107, -1, 104, 107, 105, -1, 105, 107, 106, -1, 90, 89, 98, -1,
98, 89, 99, -1, 99, 89, 88, -1, 95, 94, 93, -1, 95, 93, 96, -1,
96, 93, 92, -1, 96, 92, 97, -1, 97, 92, 91, -1, 97, 91, 98, -1,
98, 91, 90, -1, 110, 159, 127, -1, 110, 127, 111, -1, 111, 127, 126, -1,
111, 126, 112, -1, 112, 126, 125, -1, 112, 125, 113, -1, 113, 125, 124, -1,
113, 124, 114, -1, 114, 124, 123, -1, 114, 123, 115, -1, 115, 123, 122, -1,
115, 122, 116, -1, 116, 122, 121, -1, 116, 121, 117, -1, 117, 121, 120, -1,
117, 120, 118, -1, 118, 120, 119, -1, 127, 159, 174, -1, 127, 174, 128, -1,
128, 174, 173, -1, 128, 173, 129, -1, 129, 173, 130, -1, 131, 130, 171, -1,
171, 130, 172, -1, 172, 130, 173, -1, 169, 168, 133, -1, 169, 133, 170, -1,
170, 133, 132, -1, 170, 132, 171, -1, 171, 132, 131, -1, 145, 142, 141, -1,
145, 141, 146, -1, 146, 141, 140, -1, 146, 140, 147, -1, 147, 140, 139, -1,
147, 139, 148, -1, 148, 139, 138, -1, 148, 138, 149, -1, 149, 138, 137, -1,
149, 137, 150, -1, 150, 137, 136, -1, 150, 136, 151, -1, 151, 136, 135, -1,
151, 135, 152, -1, 152, 135, 134, -1, 152, 134, 167, -1, 167, 134, 168, -1,
157, 156, 162, -1, 157, 162, 158, -1, 158, 162, 161, -1, 158, 161, 110, -1,
110, 161, 160, -1, 110, 160, 159, -1, 155, 154, 164, -1, 155, 164, 156, -1,
156, 164, 163, -1, 156, 163, 162, -1, 166, 165, 153, -1, 153, 165, 154, -1,
154, 165, 164, -1, 152, 167, 153, -1, 153, 167, 166, -1, 144, 143, 145, -1,
145, 143, 142, -1, 192, 177, 193, -1, 193, 177, 176, -1, 194, 176, 175, -1,
188, 181, 180, -1, 188, 180, 189, -1, 189, 180, 179, -1, 189, 179, 190, -1,
190, 179, 178, -1, 190, 178, 191, -1, 191, 178, 177, -1, 183, 182, 187, -1,
187, 182, 188, -1, 185, 184, 186, -1, 186, 184, 187, -1, 195, 228, 212, -1,
195, 212, 196, -1, 196, 212, 211, -1, 196, 211, 197, -1, 197, 211, 210, -1,
197, 210, 198, -1, 198, 210, 209, -1, 198, 209, 199, -1, 199, 209, 208, -1,
199, 208, 200, -1, 200, 208, 207, -1, 200, 207, 201, -1, 201, 207, 206, -1,
201, 206, 202, -1, 202, 206, 205, -1, 202, 205, 203, -1, 203, 205, 204, -1,
212, 228, 227, -1, 212, 227, 213, -1, 213, 227, 226, -1, 213, 226, 214, -1,
214, 226, 215, -1, 216, 215, 224, -1, 224, 215, 225, -1, 225, 215, 226, -1,
223, 222, 218, -1, 223, 218, 224, -1, 224, 218, 217, -1, 224, 217, 216, -1,
220, 219, 221, -1, 221, 219, 222, -1, 222, 219, 218, -1, 243, 242, 231, -1,
243, 231, 244, -1, 244, 231, 230, -1, 244, 230, 195, -1, 195, 230, 229, -1,
195, 229, 228, -1, 241, 240, 233, -1, 241, 233, 242, -1, 242, 233, 232, -1,
242, 232, 231, -1, 240, 239, 233, -1, 233, 239, 234, -1, 234, 239, 235, -1,
235, 239, 238, -1, 237, 236, 238, -1, 238, 236, 235, -1, 251, 249, 248, -1,
251, 248, 252, -1, 252, 248, 247, -1, 252, 247, 253, -1, 253, 247, 246, -1,
253, 246, 254, -1, 254, 246, 245, -1, 280, 287, 286, -1, 280, 286, 281, -1,
281, 286, 285, -1, 281, 285, 283, -1, 283, 285, 284, -1, 287, 280, 288, -1,
288, 280, 289, -1, 289, 280, 290, -1, 290, 280, 279, -1, 290, 279, 291, -1,
291, 279, 292, -1, 292, 279, 293, -1, 293, 279, 294, -1, 294, 279, 278, -1,
294, 278, 295, -1, 295, 278, 296, -1, 296, 278, 276, -1, 276, 278, 277, -1,
307, 306, 261, -1, 307, 261, 308, -1, 308, 261, 260, -1, 308, 260, 255, -1,
255, 260, 257, -1, 255, 257, 256, -1, 297, 296, 271, -1, 271, 296, 272, -1,
272, 296, 273, -1, 273, 296, 274, -1, 274, 296, 275, -1, 275, 296, 276, -1,
298, 297, 264, -1, 264, 297, 265, -1, 265, 297, 266, -1, 266, 297, 267, -1,
267, 297, 268, -1, 268, 297, 269, -1, 269, 297, 270, -1, 270, 297, 271, -1,
264, 263, 298, -1, 298, 263, 299, -1, 299, 263, 300, -1, 300, 263, 262, -1,
300, 262, 301, -1, 301, 262, 302, -1, 302, 262, 303, -1, 303, 262, 304, -1,
304, 262, 261, -1, 306, 305, 261, -1, 261, 305, 304, -1, 259, 258, 260, -1,
260, 258, 257, -1, 310, 309, 311, -1, 311, 309, 312, -1, 312, 309, 313, -1,
313, 309, 334, -1, 314, 313, 328, -1, 328, 313, 329, -1, 329, 313, 330, -1,
330, 313, 331, -1, 331, 313, 333, -1, 333, 313, 334, -1, 315, 314, 320, -1,
320, 314, 321, -1, 321, 314, 322, -1, 322, 314, 323, -1, 323, 314, 324, -1,
324, 314, 325, -1, 325, 314, 326, -1, 326, 314, 327, -1, 327, 314, 328, -1,
315, 320, 316, -1, 316, 320, 317, -1, 317, 320, 318, -1, 318, 320, 319, -1,
335, 362, 348, -1, 335, 348, 336, -1, 336, 348, 347, -1, 336, 347, 337, -1,
337, 347, 346, -1, 337, 346, 338, -1, 338, 346, 345, -1, 338, 345, 339, -1,
339, 345, 344, -1, 339, 344, 340, -1, 340, 344, 343, -1, 340, 343, 341, -1,
341, 343, 342, -1, 360, 359, 350, -1, 360, 350, 361, -1, 361, 350, 349, -1,
361, 349, 362, -1, 362, 349, 348, -1, 350, 359, 351, -1, 351, 359, 352, -1,
352, 359, 353, -1, 353, 359, 358, -1, 356, 355, 354, -1, 356, 354, 357, -1,
357, 354, 353, -1, 357, 353, 358, -1, 395, 381, 368, -1, 395, 368, 396, -1,
396, 368, 367, -1, 396, 367, 397, -1, 397, 367, 366, -1, 397, 366, 398, -1,
398, 366, 365, -1, 398, 365, 399, -1, 399, 365, 364, -1, 399, 364, 400, -1,
400, 364, 363, -1, 400, 363, 335, -1, 335, 363, 362, -1, 388, 387, 389, -1,
389, 387, 390, -1, 390, 387, 391, -1, 391, 387, 386, -1, 392, 391, 384, -1,
384, 391, 385, -1, 385, 391, 386, -1, 382, 395, 394, -1, 382, 394, 383, -1,
383, 394, 393, -1, 383, 393, 384, -1, 384, 393, 392, -1, 376, 374, 373, -1,
376, 373, 377, -1, 377, 373, 372, -1, 377, 372, 378, -1, 378, 372, 371, -1,
378, 371, 379, -1, 379, 371, 370, -1, 379, 370, 380, -1, 380, 370, 369, -1,
380, 369, 381, -1, 381, 369, 368, -1, 374, 376, 375, -1, 381, 395, 382, -1,
331, 333, 332, -1, 281, 283, 282, -1, 249, 251, 250, -1, 168, 134, 133, -1,
100, 102, 101, -1, 82, 84, 83, -1, 76, 35, 77, -1
            ]
          }
        }
      ]
    }
  ]
}
]
}
